wflat,family,cfg,n,avgR,t,SR,net%,DD%,yrs_pos,n_yrs,R2019,R2020,R2021,R2022,R2023,R2024,R2025,R2026
False,donchian,"{""n"": 168, ""sl"": 2.0, ""trail"": 5.0, ""hold"": 120, ""filt"": null, ""both"": false}",259,0.233,1.6,0.62,31.95,18.57,6,8,0.395,0.616,-0.683,-0.376,0.166,0.368,0.546,0.518
False,donchian,"{""n"": 168, ""sl"": 2.0, ""trail"": 5.0, ""hold"": 120, ""filt"": ""ema200"", ""both"": false}",259,0.233,1.6,0.62,31.95,18.57,6,8,0.395,0.616,-0.683,-0.376,0.166,0.368,0.546,0.518
False,donchian,"{""n"": 168, ""sl"": 3.0, ""trail"": 5.0, ""hold"": 120, ""filt"": null, ""both"": false}",227,0.173,1.52,0.577,20.4,14.73,6,8,0.452,0.354,-0.576,-0.26,0.062,0.727,0.267,0.249
False,donchian,"{""n"": 168, ""sl"": 3.0, ""trail"": 5.0, ""hold"": 120, ""filt"": ""ema200"", ""both"": false}",227,0.173,1.52,0.577,20.4,14.73,6,8,0.452,0.354,-0.576,-0.26,0.062,0.727,0.267,0.249
True,donchian,"{""n"": 168, ""sl"": 2.0, ""trail"": 5.0, ""hold"": 120, ""filt"": null, ""both"": false}",301,0.147,1.37,0.502,23.11,16.15,6,8,0.171,0.359,-0.412,-0.386,0.1,0.325,0.543,0.131
True,donchian,"{""n"": 168, ""sl"": 2.0, ""trail"": 5.0, ""hold"": 120, ""filt"": ""ema200"", ""both"": false}",301,0.147,1.37,0.502,23.11,16.15,6,8,0.171,0.359,-0.412,-0.386,0.1,0.325,0.543,0.131
False,donchian,"{""n"": 168, ""sl"": 2.0, ""trail"": 5.0, ""hold"": 120, ""filt"": null, ""both"": true}",407,0.143,1.33,0.493,29.79,18.48,6,8,0.268,0.428,-0.266,-0.239,0.137,0.035,0.322,0.748
False,donchian,"{""n"": 168, ""sl"": 2.0, ""trail"": 5.0, ""hold"": 120, ""filt"": ""ema200"", ""both"": true}",407,0.143,1.33,0.493,29.79,18.48,6,8,0.268,0.428,-0.266,-0.239,0.137,0.035,0.322,0.748
False,donchian,"{""n"": 72, ""sl"": 2.0, ""trail"": 5.0, ""hold"": 120, ""filt"": null, ""both"": false}",364,0.152,1.3,0.494,28.26,22.86,6,8,0.002,0.566,-0.647,-0.31,0.076,0.446,0.616,0.413
False,ema_state,"{""fast"": 10, ""slow"": 200, ""sl"": 3.0, ""trail"": 0.0, ""hold"": 48, ""both"": true}",1367,0.049,1.29,0.485,35.69,17.98,6,8,-0.142,0.002,-0.009,0.055,0.161,0.065,0.154,0.152
False,donchian,"{""n"": 72, ""sl"": 2.0, ""trail"": 5.0, ""hold"": 120, ""filt"": ""ema200"", ""both"": false}",360,0.146,1.24,0.47,26.37,24.08,6,8,0.015,0.44,-0.684,-0.292,0.1,0.432,0.647,0.405
False,donchian,"{""n"": 72, ""sl"": 2.0, ""trail"": 5.0, ""hold"": 120, ""filt"": ""ema200"", ""both"": true}",601,0.104,1.2,0.449,31.66,23.96,6,8,0.083,0.284,-0.231,-0.161,0.08,0.126,0.295,0.493
True,donchian,"{""n"": 24, ""sl"": 2.0, ""trail"": 5.0, ""hold"": 120, ""filt"": ""ema200"", ""both"": false}",594,0.082,1.13,0.405,24.89,28.93,6,8,0.049,0.148,-0.396,-0.218,0.008,0.319,0.564,0.166
False,donchian,"{""n"": 168, ""sl"": 2.0, ""trail"": 3.0, ""hold"": 12, ""filt"": null, ""both"": true}",698,0.048,1.08,0.383,16.14,18.72,6,8,0.007,0.037,0.056,-0.184,0.034,-0.049,0.19,0.38
False,donchian,"{""n"": 168, ""sl"": 2.0, ""trail"": 3.0, ""hold"": 12, ""filt"": ""ema200"", ""both"": true}",698,0.048,1.08,0.383,16.14,18.72,6,8,0.007,0.037,0.056,-0.184,0.034,-0.049,0.19,0.38
False,donchian,"{""n"": 72, ""sl"": 2.0, ""trail"": 5.0, ""hold"": 120, ""filt"": null, ""both"": true}",617,0.091,1.06,0.393,27.09,23.54,6,8,0.022,0.279,-0.222,-0.153,0.089,0.12,0.265,0.44
False,donchian,"{""n"": 168, ""sl"": 2.0, ""trail"": 5.0, ""hold"": 12, ""filt"": null, ""both"": false}",461,0.059,1.05,0.374,13.25,14.6,6,8,0.061,0.079,-0.198,-0.229,0.033,0.049,0.18,0.473
False,donchian,"{""n"": 168, ""sl"": 2.0, ""trail"": 5.0, ""hold"": 12, ""filt"": ""ema200"", ""both"": false}",461,0.059,1.05,0.374,13.25,14.6,6,8,0.061,0.079,-0.198,-0.229,0.033,0.049,0.18,0.473
False,donchian,"{""n"": 168, ""sl"": 3.0, ""trail"": 5.0, ""hold"": 120, ""filt"": null, ""both"": true}",363,0.084,1.01,0.384,15.51,16.34,6,8,0.387,0.222,-0.303,-0.157,0.053,0.182,0.117,0.402
False,donchian,"{""n"": 168, ""sl"": 3.0, ""trail"": 5.0, ""hold"": 120, ""filt"": ""ema200"", ""both"": true}",363,0.084,1.01,0.384,15.51,16.34,6,8,0.387,0.222,-0.303,-0.157,0.053,0.182,0.117,0.402
False,donchian,"{""n"": 168, ""sl"": 3.0, ""trail"": 5.0, ""hold"": 12, ""filt"": null, ""both"": false}",451,0.041,0.99,0.349,8.78,11.34,6,8,0.016,0.057,-0.196,-0.147,0.036,0.135,0.094,0.295
False,donchian,"{""n"": 168, ""sl"": 3.0, ""trail"": 5.0, ""hold"": 12, ""filt"": ""ema200"", ""both"": false}",451,0.041,0.99,0.349,8.78,11.34,6,8,0.016,0.057,-0.196,-0.147,0.036,0.135,0.094,0.295
True,donchian,"{""n"": 168, ""sl"": 3.0, ""trail"": 3.0, ""hold"": 12, ""filt"": null, ""both"": false}",476,0.031,0.91,0.305,6.83,9.69,6,8,0.049,0.058,-0.136,-0.142,0.005,0.03,0.129,0.168
True,donchian,"{""n"": 168, ""sl"": 3.0, ""trail"": 3.0, ""hold"": 12, ""filt"": ""ema200"", ""both"": false}",476,0.031,0.91,0.305,6.83,9.69,6,8,0.049,0.058,-0.136,-0.142,0.005,0.03,0.129,0.168
True,donchian,"{""n"": 168, ""sl"": 2.0, ""trail"": 5.0, ""hold"": 120, ""filt"": null, ""both"": true}",468,0.072,0.89,0.311,15.67,21.96,6,8,0.028,0.312,-0.241,-0.306,0.069,0.104,0.39,0.316
True,donchian,"{""n"": 168, ""sl"": 2.0, ""trail"": 5.0, ""hold"": 120, ""filt"": ""ema200"", ""both"": true}",468,0.072,0.89,0.311,15.67,21.96,6,8,0.028,0.312,-0.241,-0.306,0.069,0.104,0.39,0.316
True,donchian,"{""n"": 168, ""sl"": 3.0, ""trail"": 5.0, ""hold"": 12, ""filt"": null, ""both"": false}",465,0.034,0.87,0.308,7.46,10.25,6,8,0.018,0.061,-0.176,-0.121,0.012,0.116,0.099,0.164
True,donchian,"{""n"": 168, ""sl"": 3.0, ""trail"": 5.0, ""hold"": 12, ""filt"": ""ema200"", ""both"": false}",465,0.034,0.87,0.308,7.46,10.25,6,8,0.018,0.061,-0.176,-0.121,0.012,0.116,0.099,0.164
False,donchian,"{""n"": 72, ""sl"": 3.0, ""trail"": 5.0, ""hold"": 12, ""filt"": null, ""both"": false}",637,0.027,0.8,0.272,7.63,16.53,6,8,0.021,0.035,-0.217,-0.136,0.028,0.136,0.103,0.217
False,ema_state,"{""fast"": 20, ""slow"": 100, ""sl"": 3.0, ""trail"": 4.0, ""hold"": 48, ""both"": true}",1662,0.024,0.8,0.286,17.69,22.85,6,8,-0.138,0.036,-0.04,0.006,0.119,0.015,0.103,0.132
False,donchian,"{""n"": 168, ""sl"": 3.0, ""trail"": 3.0, ""hold"": 12, ""filt"": null, ""both"": false}",465,0.028,0.76,0.261,5.88,10.77,6,8,0.047,0.053,-0.15,-0.171,0.018,0.008,0.13,0.228
False,donchian,"{""n"": 168, ""sl"": 3.0, ""trail"": 3.0, ""hold"": 12, ""filt"": ""ema200"", ""both"": false}",465,0.028,0.76,0.261,5.88,10.77,6,8,0.047,0.053,-0.15,-0.171,0.018,0.008,0.13,0.228
False,donchian,"{""n"": 72, ""sl"": 3.0, ""trail"": 3.0, ""hold"": 12, ""filt"": null, ""both"": false}",651,0.018,0.6,0.203,5.13,14.21,6,8,0.038,0.062,-0.167,-0.14,0.012,0.03,0.109,0.165
True,donchian,"{""n"": 168, ""sl"": 3.0, ""trail"": 5.0, ""hold"": 120, ""filt"": null, ""both"": true}",427,0.037,0.59,0.197,6.75,18.42,6,8,0.092,0.185,-0.301,-0.233,0.041,0.229,0.236,0.113
True,donchian,"{""n"": 168, ""sl"": 3.0, ""trail"": 5.0, ""hold"": 120, ""filt"": ""ema200"", ""both"": true}",427,0.037,0.59,0.197,6.75,18.42,6,8,0.092,0.185,-0.301,-0.233,0.041,0.229,0.236,0.113
False,ema_state,"{""fast"": 20, ""slow"": 100, ""sl"": 2.0, ""trail"": 4.0, ""hold"": 48, ""both"": true}",2008,0.02,0.56,0.195,14.06,35.88,6,8,-0.197,0.017,-0.052,0.024,0.132,0.011,0.133,0.165
False,donchian,"{""n"": 72, ""sl"": 3.0, ""trail"": 3.0, ""hold"": 12, ""filt"": ""ema200"", ""both"": false}",642,0.017,0.55,0.184,4.54,13.9,6,8,0.012,0.053,-0.162,-0.135,0.024,0.019,0.113,0.162
False,donchian,"{""n"": 72, ""sl"": 3.0, ""trail"": 5.0, ""hold"": 12, ""filt"": ""ema200"", ""both"": true}",998,0.012,0.44,0.15,4.72,20.56,6,8,0.007,0.013,-0.057,-0.121,0.03,0.044,0.039,0.185
False,donchian,"{""n"": 72, ""sl"": 3.0, ""trail"": 5.0, ""hold"": 12, ""filt"": null, ""both"": true}",1021,0.011,0.42,0.147,4.68,20.85,6,8,0.001,0.01,-0.063,-0.107,0.026,0.051,0.038,0.177
False,donchian,"{""n"": 72, ""sl"": 2.0, ""trail"": 5.0, ""hold"": 12, ""filt"": null, ""both"": false}",653,0.017,0.36,0.125,4.13,24.28,6,8,0.036,0.022,-0.259,-0.224,0.016,0.075,0.162,0.264
False,donchian,"{""n"": 72, ""sl"": 2.0, ""trail"": 5.0, ""hold"": 12, ""filt"": ""ema200"", ""both"": false}",644,0.012,0.26,0.084,2.4,24.66,6,8,0.0,0.008,-0.265,-0.223,0.029,0.059,0.172,0.255
False,ema_state,"{""fast"": 50, ""slow"": 100, ""sl"": 2.0, ""trail"": 0.0, ""hold"": 48, ""both"": true}",1766,0.011,0.25,0.085,2.08,40.96,6,8,-0.227,0.002,-0.092,0.03,0.097,0.058,0.103,0.211
False,donchian,"{""n"": 24, ""sl"": 3.0, ""trail"": 5.0, ""hold"": 12, ""filt"": ""ema200"", ""both"": true}",1499,0.005,0.21,0.068,1.81,20.04,6,8,0.007,0.002,-0.075,-0.054,0.02,0.021,0.045,0.091
False,ema_state,"{""fast"": 20, ""slow"": 200, ""sl"": 2.0, ""trail"": 0.0, ""hold"": 48, ""both"": true}",1784,0.007,0.17,0.055,-1.07,39.22,6,8,-0.216,0.004,-0.087,0.009,0.101,0.039,0.116,0.178
True,bollinger_mr,"{""sl"": 3.0, ""tp"": 1.0, ""hold"": 12, ""both"": false}",404,-0.001,-0.05,-0.017,-0.36,3.03,6,8,-0.077,0.014,0.027,0.008,0.036,-0.064,0.015,0.074
True,donchian,"{""n"": 24, ""sl"": 3.0, ""trail"": 5.0, ""hold"": 12, ""filt"": null, ""both"": true}",1832,-0.002,-0.09,-0.035,-3.05,20.32,6,8,0.005,0.047,-0.084,-0.059,0.012,0.027,0.026,0.015
False,bollinger_mr,"{""sl"": 3.0, ""tp"": 1.0, ""hold"": 12, ""both"": false}",404,-0.005,-0.18,-0.065,-1.06,3.43,6,8,-0.076,0.017,0.02,0.007,0.006,-0.066,0.02,0.074
True,bollinger_mr,"{""sl"": 2.0, ""tp"": 1.0, ""hold"": 12, ""both"": false}",435,-0.018,-0.56,-0.191,-3.98,7.54,6,8,-0.134,0.088,0.001,0.015,0.005,-0.152,0.001,0.134
True,bollinger_mr,"{""sl"": 3.0, ""tp"": 1.0, ""hold"": 6, ""both"": false}",414,-0.016,-0.69,-0.261,-3.45,4.9,6,8,-0.106,0.031,0.008,0.009,0.009,-0.09,0.013,0.017
False,donchian,"{""n"": 24, ""sl"": 2.0, ""trail"": 5.0, ""hold"": 120, ""filt"": null, ""both"": false}",553,0.172,1.8,0.68,54.43,28.47,5,8,0.145,0.774,-0.363,-0.237,-0.04,0.434,0.567,0.177
True,donchian,"{""n"": 168, ""sl"": 3.0, ""trail"": 3.0, ""hold"": 120, ""filt"": null, ""both"": false}",332,0.089,1.6,0.557,14.93,11.07,5,8,0.225,0.124,-0.124,-0.216,-0.054,0.097,0.343,0.187
True,donchian,"{""n"": 168, ""sl"": 3.0, ""trail"": 3.0, ""hold"": 120, ""filt"": ""ema200"", ""both"": false}",332,0.089,1.6,0.557,14.93,11.07,5,8,0.225,0.124,-0.124,-0.216,-0.054,0.097,0.343,0.187
False,ema_state,"{""fast"": 20, ""slow"": 100, ""sl"": 3.0, ""trail"": 0.0, ""hold"": 48, ""both"": false}",896,0.077,1.58,0.581,37.66,19.79,5,8,-0.1,0.191,-0.185,-0.063,0.179,0.117,0.342,0.126
False,ema_state,"{""fast"": 20, ""slow"": 100, ""sl"": 3.0, ""trail"": 4.0, ""hold"": 48, ""both"": false}",1067,0.061,1.56,0.565,34.22,18.31,5,8,-0.064,0.114,-0.098,-0.038,0.108,0.106,0.222,0.121
True,donchian,"{""n"": 168, ""sl"": 2.0, ""trail"": 3.0, ""hold"": 120, ""filt"": null, ""both"": false}",351,0.117,1.54,0.546,21.37,16.25,5,8,0.28,0.234,-0.157,-0.294,-0.114,0.051,0.487,0.327
True,donchian,"{""n"": 168, ""sl"": 2.0, ""trail"": 3.0, ""hold"": 120, ""filt"": ""ema200"", ""both"": false}",351,0.117,1.54,0.546,21.37,16.25,5,8,0.28,0.234,-0.157,-0.294,-0.114,0.051,0.487,0.327
False,ema_state,"{""fast"": 10, ""slow"": 100, ""sl"": 3.0, ""trail"": 0.0, ""hold"": 48, ""both"": false}",865,0.075,1.52,0.549,34.66,20.71,5,8,-0.054,0.142,-0.254,-0.032,0.103,0.119,0.438,0.117
False,donchian,"{""n"": 24, ""sl"": 2.0, ""trail"": 5.0, ""hold"": 120, ""filt"": ""ema200"", ""both"": false}",494,0.149,1.5,0.556,39.34,27.42,5,8,0.091,0.417,-0.486,-0.13,-0.046,0.293,0.665,0.454
True,donchian,"{""n"": 168, ""sl"": 3.0, ""trail"": 5.0, ""hold"": 120, ""filt"": null, ""both"": false}",268,0.128,1.48,0.528,17.63,13.77,5,8,0.239,0.273,-0.429,-0.319,0.076,0.595,0.35,-0.003
True,donchian,"{""n"": 168, ""sl"": 3.0, ""trail"": 5.0, ""hold"": 120, ""filt"": ""ema200"", ""both"": false}",268,0.128,1.48,0.528,17.63,13.77,5,8,0.239,0.273,-0.429,-0.319,0.076,0.595,0.35,-0.003
True,donchian,"{""n"": 24, ""sl"": 2.0, ""trail"": 5.0, ""hold"": 120, ""filt"": null, ""both"": false}",670,0.099,1.45,0.523,35.6,29.01,5,8,0.167,0.367,-0.301,-0.273,-0.025,0.327,0.495,0.029
False,donchian,"{""n"": 72, ""sl"": 3.0, ""trail"": 3.0, ""hold"": 120, ""filt"": null, ""both"": false}",425,0.076,1.43,0.498,15.93,16.58,5,8,0.12,0.214,-0.235,-0.209,-0.059,0.108,0.358,0.288
True,ema_state,"{""fast"": 20, ""slow"": 100, ""sl"": 3.0, ""trail"": 4.0, ""hold"": 48, ""both"": false}",1215,0.046,1.42,0.507,29.47,18.36,5,8,-0.054,0.07,-0.074,-0.064,0.078,0.099,0.218,0.059
False,donchian,"{""n"": 72, ""sl"": 3.0, ""trail"": 3.0, ""hold"": 120, ""filt"": ""ema200"", ""both"": false}",420,0.074,1.4,0.483,15.25,16.65,5,8,0.11,0.171,-0.237,-0.204,-0.042,0.102,0.379,0.278
True,donchian,"{""n"": 72, ""sl"": 3.0, ""trail"": 5.0, ""hold"": 120, ""filt"": null, ""both"": false}",380,0.096,1.37,0.489,18.32,21.16,5,8,0.096,0.261,-0.437,-0.332,-0.087,0.542,0.524,0.16
False,donchian,"{""n"": 168, ""sl"": 3.0, ""trail"": 3.0, ""hold"": 120, ""filt"": null, ""both"": false}",307,0.087,1.36,0.489,13.55,12.77,5,8,0.269,0.166,-0.165,-0.283,-0.045,0.078,0.346,0.237
False,donchian,"{""n"": 168, ""sl"": 3.0, ""trail"": 3.0, ""hold"": 120, ""filt"": ""ema200"", ""both"": false}",307,0.087,1.36,0.489,13.55,12.77,5,8,0.269,0.166,-0.165,-0.283,-0.045,0.078,0.346,0.237
True,donchian,"{""n"": 72, ""sl"": 3.0, ""trail"": 5.0, ""hold"": 120, ""filt"": ""ema200"", ""both"": false}",374,0.095,1.35,0.486,18.06,20.46,5,8,0.066,0.237,-0.446,-0.323,-0.067,0.533,0.543,0.148
False,donchian,"{""n"": 72, ""sl"": 3.0, ""trail"": 5.0, ""hold"": 120, ""filt"": ""ema200"", ""both"": false}",308,0.127,1.35,0.502,19.62,20.5,5,8,0.085,0.375,-0.523,-0.319,-0.074,0.647,0.461,0.382
False,donchian,"{""n"": 168, ""sl"": 2.0, ""trail"": 3.0, ""hold"": 120, ""filt"": null, ""both"": false}",326,0.116,1.34,0.478,19.15,18.28,5,8,0.274,0.3,-0.195,-0.377,-0.104,0.026,0.502,0.412
False,donchian,"{""n"": 168, ""sl"": 2.0, ""trail"": 3.0, ""hold"": 120, ""filt"": ""ema200"", ""both"": false}",326,0.116,1.34,0.478,19.15,18.28,5,8,0.274,0.3,-0.195,-0.377,-0.104,0.026,0.502,0.412
False,donchian,"{""n"": 72, ""sl"": 3.0, ""trail"": 5.0, ""hold"": 120, ""filt"": null, ""both"": false}",314,0.122,1.31,0.491,19.3,20.53,5,8,0.07,0.432,-0.499,-0.337,-0.096,0.659,0.43,0.396
False,donchian,"{""n"": 168, ""sl"": 2.0, ""trail"": 3.0, ""hold"": 120, ""filt"": null, ""both"": true}",501,0.09,1.28,0.457,22.42,21.12,5,8,0.095,0.175,0.065,-0.264,-0.052,-0.073,0.389,0.65
False,donchian,"{""n"": 168, ""sl"": 2.0, ""trail"": 3.0, ""hold"": 120, ""filt"": ""ema200"", ""both"": true}",501,0.09,1.28,0.457,22.42,21.12,5,8,0.095,0.175,0.065,-0.264,-0.052,-0.073,0.389,0.65
False,ema_state,"{""fast"": 20, ""slow"": 100, ""sl"": 3.0, ""trail"": 0.0, ""hold"": 48, ""both"": true}",1365,0.048,1.24,0.455,33.19,18.05,5,8,-0.144,0.087,-0.003,-0.041,0.131,0.057,0.16,0.207
True,donchian,"{""n"": 24, ""sl"": 3.0, ""trail"": 5.0, ""hold"": 120, ""filt"": null, ""both"": false}",600,0.064,1.16,0.419,19.39,27.46,5,8,0.202,0.247,-0.358,-0.254,-0.073,0.325,0.451,0.034
True,ema_state,"{""fast"": 50, ""slow"": 100, ""sl"": 3.0, ""trail"": 4.0, ""hold"": 48, ""both"": false}",1205,0.037,1.15,0.411,22.76,21.16,5,8,-0.028,0.027,-0.139,-0.059,0.045,0.126,0.265,0.018
False,ema_state,"{""fast"": 20, ""slow"": 100, ""sl"": 2.0, ""trail"": 4.0, ""hold"": 48, ""both"": false}",1253,0.055,1.14,0.416,34.41,25.92,5,8,-0.124,0.093,-0.125,-0.097,0.178,0.101,0.303,0.089
False,donchian,"{""n"": 24, ""sl"": 3.0, ""trail"": 5.0, ""hold"": 120, ""filt"": null, ""both"": false}",490,0.084,1.12,0.429,21.01,25.03,5,8,0.1,0.539,-0.371,-0.235,-0.107,0.315,0.446,0.119
False,donchian,"{""n"": 168, ""sl"": 2.0, ""trail"": 5.0, ""hold"": 12, ""filt"": null, ""both"": true}",687,0.052,1.12,0.4,17.81,18.87,5,8,0.01,-0.002,0.09,-0.194,0.079,-0.013,0.13,0.443
False,donchian,"{""n"": 168, ""sl"": 2.0, ""trail"": 5.0, ""hold"": 12, ""filt"": ""ema200"", ""both"": true}",687,0.052,1.12,0.4,17.81,18.87,5,8,0.01,-0.002,0.09,-0.194,0.079,-0.013,0.13,0.443
False,ema_state,"{""fast"": 20, ""slow"": 100, ""sl"": 2.0, ""trail"": 0.0, ""hold"": 48, ""both"": false}",1106,0.065,1.1,0.413,35.8,28.35,5,8,-0.13,0.124,-0.193,-0.088,0.17,0.094,0.379,0.165
True,donchian,"{""n"": 72, ""sl"": 3.0, ""trail"": 3.0, ""hold"": 120, ""filt"": null, ""both"": false}",473,0.049,1.08,0.372,11.12,16.84,5,8,0.048,0.128,-0.207,-0.222,-0.076,0.101,0.335,0.235
False,ema_state,"{""fast"": 20, ""slow"": 50, ""sl"": 3.0, ""trail"": 4.0, ""hold"": 48, ""both"": false}",1080,0.041,1.08,0.392,22.12,23.81,5,8,-0.004,0.135,-0.186,-0.06,0.041,0.087,0.263,0.01
True,ema_state,"{""fast"": 20, ""slow"": 100, ""sl"": 2.0, ""trail"": 0.0, ""hold"": 48, ""both"": false}",1268,0.051,1.05,0.374,30.67,32.51,5,8,-0.105,0.022,-0.193,-0.122,0.213,0.144,0.352,0.064
False,ema_state,"{""fast"": 10, ""slow"": 100, ""sl"": 3.0, ""trail"": 4.0, ""hold"": 48, ""both"": false}",1060,0.041,1.05,0.39,21.87,20.6,5,8,-0.039,0.105,-0.166,-0.034,0.052,0.104,0.221,0.035
False,ema_state,"{""fast"": 10, ""slow"": 200, ""sl"": 3.0, ""trail"": 0.0, ""hold"": 48, ""both"": false}",883,0.051,1.04,0.379,21.76,20.59,5,8,-0.108,0.096,-0.162,-0.06,0.077,0.109,0.327,0.069
False,ema_state,"{""fast"": 50, ""slow"": 100, ""sl"": 2.0, ""trail"": 4.0, ""hold"": 48, ""both"": false}",1242,0.049,1.03,0.366,28.96,30.0,5,8,-0.109,0.09,-0.192,-0.077,0.101,0.111,0.374,0.083
True,ema_state,"{""fast"": 20, ""slow"": 100, ""sl"": 2.0, ""trail"": 4.0, ""hold"": 48, ""both"": false}",1424,0.041,1.02,0.359,27.97,29.03,5,8,-0.106,0.02,-0.128,-0.096,0.153,0.112,0.283,0.065
False,ema_state,"{""fast"": 20, ""slow"": 50, ""sl"": 3.0, ""trail"": 0.0, ""hold"": 48, ""both"": false}",895,0.049,1.02,0.37,21.59,24.97,5,8,-0.052,0.195,-0.273,-0.086,0.087,0.084,0.402,0.017
True,ema_state,"{""fast"": 50, ""slow"": 100, ""sl"": 2.0, ""trail"": 0.0, ""hold"": 48, ""both"": false}",1267,0.048,1.01,0.36,29.02,28.94,5,8,-0.116,0.053,-0.191,-0.075,0.134,0.154,0.374,0.036
True,ema_state,"{""fast"": 50, ""slow"": 100, ""sl"": 2.0, ""trail"": 4.0, ""hold"": 48, ""both"": false}",1415,0.041,1.01,0.351,27.19,28.71,5,8,-0.086,0.025,-0.165,-0.048,0.082,0.122,0.344,0.023
True,donchian,"{""n"": 72, ""sl"": 3.0, ""trail"": 3.0, ""hold"": 120, ""filt"": ""ema200"", ""both"": false}",468,0.045,1.0,0.343,10.04,16.9,5,8,0.026,0.092,-0.207,-0.218,-0.061,0.096,0.353,0.226
True,donchian,"{""n"": 24, ""sl"": 3.0, ""trail"": 5.0, ""hold"": 120, ""filt"": ""ema200"", ""both"": false}",530,0.058,0.98,0.346,14.79,25.83,5,8,0.134,0.156,-0.42,-0.205,-0.071,0.304,0.502,0.059
True,donchian,"{""n"": 168, ""sl"": 2.0, ""trail"": 3.0, ""hold"": 12, ""filt"": null, ""both"": false}",485,0.046,0.96,0.332,10.68,15.3,5,8,0.093,0.084,-0.195,-0.168,-0.083,0.018,0.223,0.296
True,donchian,"{""n"": 168, ""sl"": 2.0, ""trail"": 3.0, ""hold"": 12, ""filt"": ""ema200"", ""both"": false}",485,0.046,0.96,0.332,10.68,15.3,5,8,0.093,0.084,-0.195,-0.168,-0.083,0.018,0.223,0.296
False,ema_state,"{""fast"": 50, ""slow"": 100, ""sl"": 2.0, ""trail"": 0.0, ""hold"": 48, ""both"": false}",1099,0.055,0.96,0.35,28.68,29.13,5,8,-0.163,0.152,-0.219,-0.066,0.135,0.105,0.369,0.18
True,ema_state,"{""fast"": 20, ""slow"": 100, ""sl"": 3.0, ""trail"": 4.0, ""hold"": 48, ""both"": true}",1917,0.024,0.95,0.337,21.77,28.48,5,8,-0.097,0.008,-0.043,-0.072,0.104,0.071,0.136,0.135
False,donchian,"{""n"": 72, ""sl"": 2.0, ""trail"": 3.0, ""hold"": 120, ""filt"": null, ""both"": false}",456,0.068,0.95,0.331,14.55,24.41,5,8,0.031,0.266,-0.318,-0.314,-0.105,0.105,0.492,0.368
True,donchian,"{""n"": 24, ""sl"": 2.0, ""trail"": 3.0, ""hold"": 120, ""filt"": null, ""both"": false}",788,0.046,0.92,0.318,16.82,28.38,5,8,0.054,0.097,-0.188,-0.212,-0.059,0.106,0.402,0.186
False,donchian,"{""n"": 24, ""sl"": 2.0, ""trail"": 5.0, ""hold"": 120, ""filt"": ""ema200"", ""both"": true}",876,0.063,0.92,0.318,24.45,27.97,5,8,-0.103,0.286,-0.257,-0.047,0.092,0.138,0.272,0.286
False,donchian,"{""n"": 24, ""sl"": 3.0, ""trail"": 5.0, ""hold"": 120, ""filt"": ""ema200"", ""both"": false}",435,0.069,0.89,0.323,14.18,24.85,5,8,0.077,0.314,-0.473,-0.157,-0.127,0.259,0.466,0.266
False,donchian,"{""n"": 72, ""sl"": 3.0, ""trail"": 3.0, ""hold"": 120, ""filt"": ""ema200"", ""both"": true}",704,0.036,0.89,0.296,11.01,19.6,5,8,0.023,0.089,-0.038,-0.138,-0.057,0.059,0.163,0.265
False,donchian,"{""n"": 72, ""sl"": 2.0, ""trail"": 3.0, ""hold"": 120, ""filt"": ""ema200"", ""both"": false}",451,0.063,0.87,0.308,13.26,24.93,5,8,0.021,0.21,-0.338,-0.307,-0.09,0.097,0.515,0.353
False,donchian,"{""n"": 72, ""sl"": 3.0, ""trail"": 5.0, ""hold"": 120, ""filt"": ""ema200"", ""both"": true}",532,0.059,0.86,0.317,14.55,23.76,5,8,0.104,0.185,-0.235,-0.202,-0.024,0.197,0.229,0.346
False,ema_state,"{""fast"": 10, ""slow"": 100, ""sl"": 2.0, ""trail"": 4.0, ""hold"": 48, ""both"": false}",1238,0.041,0.85,0.307,23.21,24.51,5,8,-0.128,0.11,-0.147,-0.095,0.121,0.078,0.326,0.008
False,ema_state,"{""fast"": 10, ""slow"": 100, ""sl"": 2.0, ""trail"": 0.0, ""hold"": 48, ""both"": false}",1084,0.05,0.84,0.312,24.77,30.87,5,8,-0.149,0.14,-0.298,-0.06,0.142,0.089,0.415,0.117
True,donchian,"{""n"": 168, ""sl"": 3.0, ""trail"": 3.0, ""hold"": 120, ""filt"": null, ""both"": true}",516,0.036,0.83,0.277,8.26,15.31,5,8,0.05,0.066,-0.069,-0.17,-0.05,0.005,0.253,0.304
True,donchian,"{""n"": 168, ""sl"": 3.0, ""trail"": 3.0, ""hold"": 120, ""filt"": ""ema200"", ""both"": true}",516,0.036,0.83,0.277,8.26,15.31,5,8,0.05,0.066,-0.069,-0.17,-0.05,0.005,0.253,0.304
False,donchian,"{""n"": 24, ""sl"": 2.0, ""trail"": 3.0, ""hold"": 120, ""filt"": ""ema200"", ""both"": false}",636,0.051,0.83,0.292,14.92,27.16,5,8,0.039,0.047,-0.29,-0.18,-0.041,0.055,0.484,0.4
False,donchian,"{""n"": 72, ""sl"": 3.0, ""trail"": 3.0, ""hold"": 120, ""filt"": null, ""both"": true}",720,0.033,0.83,0.273,10.18,18.88,5,8,0.001,0.112,-0.042,-0.13,-0.062,0.058,0.147,0.246
False,ema_state,"{""fast"": 10, ""slow"": 50, ""sl"": 3.0, ""trail"": 4.0, ""hold"": 48, ""both"": true}",1653,0.025,0.83,0.302,18.89,24.44,5,8,-0.069,0.163,-0.101,-0.043,0.048,0.01,0.195,0.024
True,donchian,"{""n"": 24, ""sl"": 3.0, ""trail"": 3.0, ""hold"": 120, ""filt"": null, ""both"": false}",752,0.03,0.82,0.292,10.72,20.19,5,8,0.029,0.073,-0.159,-0.155,-0.041,0.102,0.257,0.134
False,ema_state,"{""fast"": 20, ""slow"": 200, ""sl"": 3.0, ""trail"": 4.0, ""hold"": 48, ""both"": false}",1057,0.032,0.81,0.302,16.18,20.36,5,8,-0.033,0.052,-0.137,-0.036,0.021,0.115,0.202,0.004
False,donchian,"{""n"": 24, ""sl"": 3.0, ""trail"": 3.0, ""hold"": 120, ""filt"": null, ""both"": false}",677,0.033,0.8,0.282,10.51,22.81,5,8,0.049,0.109,-0.173,-0.159,-0.066,0.078,0.292,0.167
False,donchian,"{""n"": 24, ""sl"": 3.0, ""trail"": 3.0, ""hold"": 120, ""filt"": ""ema200"", ""both"": false}",602,0.036,0.8,0.278,9.86,18.23,5,8,0.037,0.023,-0.215,-0.123,-0.01,0.053,0.32,0.248
False,ema_state,"{""fast"": 10, ""slow"": 200, ""sl"": 2.0, ""trail"": 4.0, ""hold"": 48, ""both"": false}",1234,0.039,0.8,0.292,21.78,30.02,5,8,-0.123,0.065,-0.158,-0.108,0.077,0.141,0.316,0.041
True,donchian,"{""n"": 72, ""sl"": 2.0, ""trail"": 3.0, ""hold"": 120, ""filt"": null, ""both"": false}",499,0.049,0.79,0.269,11.08,24.98,5,8,0.023,0.185,-0.283,-0.325,-0.127,0.11,0.454,0.295
True,ema_state,"{""fast"": 10, ""slow"": 100, ""sl"": 3.0, ""trail"": 4.0, ""hold"": 48, ""both"": true}",1918,0.02,0.79,0.284,17.65,28.09,5,8,-0.104,0.031,-0.084,-0.044,0.112,0.052,0.124,0.116
False,donchian,"{""n"": 24, ""sl"": 2.0, ""trail"": 3.0, ""hold"": 120, ""filt"": null, ""both"": false}",718,0.045,0.79,0.278,14.63,32.5,5,8,0.064,0.149,-0.221,-0.228,-0.091,0.072,0.444,0.222
False,ema_state,"{""fast"": 50, ""slow"": 100, ""sl"": 3.0, ""trail"": 0.0, ""hold"": 48, ""both"": false}",889,0.038,0.79,0.291,15.89,24.4,5,8,-0.128,0.121,-0.242,-0.09,0.133,0.117,0.327,0.059
False,ema_state,"{""fast"": 50, ""slow"": 100, ""sl"": 3.0, ""trail"": 0.0, ""hold"": 48, ""both"": true}",1381,0.029,0.78,0.285,18.13,22.72,5,8,-0.166,-0.0,-0.048,0.038,0.111,0.104,0.134,0.097
False,ema_state,"{""fast"": 20, ""slow"": 200, ""sl"": 3.0, ""trail"": 0.0, ""hold"": 48, ""both"": false}",889,0.037,0.77,0.286,15.75,21.6,5,8,-0.116,0.108,-0.192,-0.073,0.079,0.103,0.31,0.016
False,ema_state,"{""fast"": 50, ""slow"": 200, ""sl"": 2.0, ""trail"": 0.0, ""hold"": 48, ""both"": false}",1123,0.044,0.77,0.282,21.77,30.59,5,8,-0.174,0.107,-0.212,-0.061,0.094,0.114,0.369,0.121
False,donchian,"{""n"": 72, ""sl"": 3.0, ""trail"": 5.0, ""hold"": 120, ""filt"": null, ""both"": true}",546,0.051,0.76,0.257,11.47,23.76,5,8,0.041,0.2,-0.231,-0.2,-0.018,0.186,0.196,0.37
False,ema_state,"{""fast"": 20, ""slow"": 200, ""sl"": 2.0, ""trail"": 0.0, ""hold"": 48, ""both"": false}",1107,0.045,0.76,0.278,21.52,31.34,5,8,-0.162,0.116,-0.238,-0.103,0.12,0.145,0.352,0.126
False,donchian,"{""n"": 168, ""sl"": 3.0, ""trail"": 5.0, ""hold"": 12, ""filt"": null, ""both"": true}",673,0.026,0.75,0.252,7.52,13.92,5,8,-0.01,0.01,-0.01,-0.132,0.036,0.043,0.064,0.278
False,donchian,"{""n"": 168, ""sl"": 3.0, ""trail"": 5.0, ""hold"": 12, ""filt"": ""ema200"", ""both"": true}",673,0.026,0.75,0.252,7.52,13.92,5,8,-0.01,0.01,-0.01,-0.132,0.036,0.043,0.064,0.278
True,donchian,"{""n"": 72, ""sl"": 2.0, ""trail"": 5.0, ""hold"": 120, ""filt"": null, ""both"": false}",431,0.063,0.73,0.258,11.97,25.81,5,8,-0.05,0.245,-0.502,-0.386,0.011,0.401,0.508,0.185
False,donchian,"{""n"": 72, ""sl"": 3.0, ""trail"": 5.0, ""hold"": 12, ""filt"": ""ema200"", ""both"": false}",628,0.025,0.73,0.245,6.73,16.5,5,8,-0.007,0.026,-0.214,-0.134,0.042,0.124,0.108,0.213
False,ema_state,"{""fast"": 50, ""slow"": 200, ""sl"": 2.0, ""trail"": 4.0, ""hold"": 48, ""both"": false}",1263,0.034,0.7,0.248,17.53,27.98,5,8,-0.127,0.059,-0.175,-0.072,0.085,0.115,0.305,0.016
True,donchian,"{""n"": 168, ""sl"": 2.0, ""trail"": 5.0, ""hold"": 12, ""filt"": null, ""both"": false}",477,0.036,0.69,0.243,7.85,14.68,5,8,0.06,0.059,-0.195,-0.18,-0.033,0.028,0.175,0.282
True,donchian,"{""n"": 168, ""sl"": 2.0, ""trail"": 5.0, ""hold"": 12, ""filt"": ""ema200"", ""both"": false}",477,0.036,0.69,0.243,7.85,14.68,5,8,0.06,0.059,-0.195,-0.18,-0.033,0.028,0.175,0.282
False,ema_state,"{""fast"": 10, ""slow"": 200, ""sl"": 2.0, ""trail"": 0.0, ""hold"": 48, ""both"": false}",1093,0.038,0.65,0.242,17.44,33.93,5,8,-0.174,0.122,-0.221,-0.137,0.085,0.134,0.338,0.158
False,ema_state,"{""fast"": 20, ""slow"": 100, ""sl"": 2.0, ""trail"": 0.0, ""hold"": 48, ""both"": true}",1766,0.029,0.65,0.235,19.24,35.01,5,8,-0.202,0.01,-0.062,0.012,0.149,-0.027,0.187,0.276
False,ema_state,"{""fast"": 50, ""slow"": 200, ""sl"": 3.0, ""trail"": 0.0, ""hold"": 48, ""both"": false}",891,0.031,0.65,0.221,11.06,22.87,5,8,-0.149,0.056,-0.173,-0.107,0.078,0.108,0.333,0.055
True,donchian,"{""n"": 72, ""sl"": 2.0, ""trail"": 5.0, ""hold"": 120, ""filt"": ""ema200"", ""both"": false}",427,0.053,0.62,0.221,9.86,26.65,5,8,-0.075,0.16,-0.517,-0.38,0.031,0.39,0.533,0.179
False,ema_state,"{""fast"": 10, ""slow"": 200, ""sl"": 3.0, ""trail"": 4.0, ""hold"": 48, ""both"": false}",1054,0.024,0.62,0.217,10.64,22.66,5,8,-0.079,0.037,-0.126,-0.071,0.009,0.116,0.222,0.025
False,donchian,"{""n"": 72, ""sl"": 2.0, ""trail"": 3.0, ""hold"": 12, ""filt"": null, ""both"": false}",663,0.025,0.59,0.204,7.31,21.54,5,8,0.052,0.063,-0.234,-0.193,-0.024,0.032,0.19,0.265
True,ema_state,"{""fast"": 10, ""slow"": 100, ""sl"": 2.0, ""trail"": 0.0, ""hold"": 48, ""both"": false}",1264,0.027,0.57,0.204,13.56,36.96,5,8,-0.108,0.014,-0.257,-0.113,0.133,0.142,0.353,0.007
False,donchian,"{""n"": 72, ""sl"": 2.0, ""trail"": 3.0, ""hold"": 12, ""filt"": ""ema200"", ""both"": false}",654,0.022,0.5,0.171,5.87,21.62,5,8,0.017,0.05,-0.24,-0.185,-0.012,0.016,0.201,0.257
False,donchian,"{""n"": 24, ""sl"": 2.0, ""trail"": 5.0, ""hold"": 120, ""filt"": null, ""both"": true}",1005,0.032,0.49,0.178,11.34,29.08,5,8,-0.158,0.444,-0.213,-0.077,0.05,0.043,0.173,0.121
True,donchian,"{""n"": 72, ""sl"": 3.0, ""trail"": 5.0, ""hold"": 12, ""filt"": null, ""both"": false}",658,0.015,0.48,0.162,4.16,17.09,5,8,0.011,0.017,-0.22,-0.117,-0.001,0.114,0.112,0.148
True,ema_state,"{""fast"": 50, ""slow"": 100, ""sl"": 2.0, ""trail"": 4.0, ""hold"": 48, ""both"": true}",2292,0.015,0.47,0.157,9.88,39.49,5,8,-0.15,-0.056,-0.039,0.011,0.122,0.033,0.133,0.104
False,ema_state,"{""fast"": 10, ""slow"": 100, ""sl"": 3.0, ""trail"": 0.0, ""hold"": 48, ""both"": true}",1376,0.017,0.44,0.163,8.66,32.73,5,8,-0.123,0.036,-0.094,-0.12,0.09,0.005,0.233,0.193
True,donchian,"{""n"": 72, ""sl"": 3.0, ""trail"": 5.0, ""hold"": 12, ""filt"": ""ema200"", ""both"": false}",649,0.013,0.41,0.137,3.41,17.03,5,8,-0.016,0.008,-0.216,-0.115,0.012,0.103,0.116,0.145
True,donchian,"{""n"": 24, ""sl"": 2.0, ""trail"": 5.0, ""hold"": 120, ""filt"": ""ema200"", ""both"": true}",1037,0.021,0.39,0.14,7.32,27.71,5,8,-0.083,0.132,-0.245,-0.107,0.124,0.117,0.177,0.125
True,donchian,"{""n"": 72, ""sl"": 3.0, ""trail"": 5.0, ""hold"": 120, ""filt"": ""ema200"", ""both"": true}",637,0.02,0.39,0.135,4.94,26.41,5,8,0.026,0.117,-0.269,-0.22,-0.045,0.227,0.259,0.13
False,ema_state,"{""fast"": 20, ""slow"": 200, ""sl"": 3.0, ""trail"": 0.0, ""hold"": 48, ""both"": true}",1392,0.012,0.31,0.127,6.0,23.87,5,8,-0.186,0.021,0.019,-0.045,0.138,-0.011,0.119,0.081
False,ema_state,"{""fast"": 50, ""slow"": 100, ""sl"": 2.0, ""trail"": 4.0, ""hold"": 48, ""both"": true}",2021,0.011,0.29,0.097,3.46,38.01,5,8,-0.223,-0.011,-0.047,0.062,0.133,0.005,0.087,0.143
True,donchian,"{""n"": 72, ""sl"": 3.0, ""trail"": 3.0, ""hold"": 12, ""filt"": null, ""both"": false}",672,0.008,0.28,0.091,1.99,15.59,5,8,0.02,0.039,-0.17,-0.139,-0.009,0.038,0.112,0.108
True,donchian,"{""n"": 72, ""sl"": 3.0, ""trail"": 5.0, ""hold"": 120, ""filt"": null, ""both"": true}",657,0.013,0.26,0.088,2.72,26.87,5,8,0.001,0.107,-0.269,-0.217,-0.051,0.217,0.239,0.149
False,ema_state,"{""fast"": 10, ""slow"": 100, ""sl"": 3.0, ""trail"": 4.0, ""hold"": 6, ""both"": false}",3777,0.003,0.26,0.094,3.25,24.76,5,8,-0.023,0.001,-0.039,-0.023,0.01,0.017,0.062,0.001
True,donchian,"{""n"": 168, ""sl"": 3.0, ""trail"": 5.0, ""hold"": 12, ""filt"": null, ""both"": true}",690,0.008,0.25,0.091,2.18,15.12,5,8,-0.012,0.003,-0.073,-0.12,0.019,0.033,0.069,0.156
True,donchian,"{""n"": 168, ""sl"": 3.0, ""trail"": 5.0, ""hold"": 12, ""filt"": ""ema200"", ""both"": true}",690,0.008,0.25,0.091,2.18,15.12,5,8,-0.012,0.003,-0.073,-0.12,0.019,0.033,0.069,0.156
True,ema_state,"{""fast"": 20, ""slow"": 50, ""sl"": 3.0, ""trail"": 4.0, ""hold"": 48, ""both"": true}",1924,0.006,0.25,0.083,2.79,33.3,5,8,-0.078,0.018,-0.12,-0.076,0.093,0.047,0.136,0.063
False,donchian,"{""n"": 24, ""sl"": 3.0, ""trail"": 5.0, ""hold"": 12, ""filt"": null, ""both"": true}",1786,0.005,0.24,0.085,2.65,19.85,5,8,-0.002,0.054,-0.073,-0.058,0.025,0.026,0.024,0.053
True,donchian,"{""n"": 72, ""sl"": 2.0, ""trail"": 3.0, ""hold"": 12, ""filt"": null, ""both"": false}",684,0.009,0.22,0.072,1.84,23.43,5,8,0.028,0.034,-0.236,-0.186,-0.071,0.056,0.188,0.17
True,donchian,"{""n"": 72, ""sl"": 3.0, ""trail"": 3.0, ""hold"": 12, ""filt"": ""ema200"", ""both"": false}",663,0.006,0.21,0.071,1.42,15.41,5,8,-0.006,0.031,-0.165,-0.134,0.003,0.028,0.117,0.105
True,donchian,"{""n"": 72, ""sl"": 2.0, ""trail"": 5.0, ""hold"": 120, ""filt"": ""ema200"", ""both"": true}",704,0.013,0.2,0.076,2.31,31.14,5,8,-0.041,0.142,-0.256,-0.255,0.017,0.119,0.217,0.231
False,donchian,"{""n"": 24, ""sl"": 2.0, ""trail"": 3.0, ""hold"": 120, ""filt"": ""ema200"", ""both"": true}",1124,0.009,0.19,0.056,0.83,33.99,5,8,-0.053,0.001,-0.088,-0.152,0.015,0.024,0.164,0.267
False,ema_state,"{""fast"": 10, ""slow"": 200, ""sl"": 2.0, ""trail"": 4.0, ""hold"": 48, ""both"": true}",2036,0.006,0.18,0.059,-0.37,40.71,5,8,-0.19,-0.028,-0.087,0.015,0.137,0.035,0.142,0.079
True,donchian,"{""n"": 24, ""sl"": 3.0, ""trail"": 5.0, ""hold"": 120, ""filt"": ""ema200"", ""both"": true}",927,0.006,0.14,0.053,1.04,27.68,5,8,-0.026,0.099,-0.267,-0.113,0.026,0.112,0.245,0.056
True,donchian,"{""n"": 72, ""sl"": 2.0, ""trail"": 5.0, ""hold"": 120, ""filt"": null, ""both"": true}",723,0.008,0.13,0.048,0.53,30.79,5,8,-0.066,0.178,-0.254,-0.248,0.013,0.114,0.195,0.195
False,donchian,"{""n"": 24, ""sl"": 3.0, ""trail"": 5.0, ""hold"": 12, ""filt"": null, ""both"": false}",1024,0.002,0.09,0.01,-0.47,24.0,5,8,0.037,0.052,-0.204,-0.144,-0.01,0.057,0.109,0.114
True,donchian,"{""n"": 24, ""sl"": 2.0, ""trail"": 5.0, ""hold"": 120, ""filt"": null, ""both"": true}",1205,0.004,0.08,0.036,-1.39,32.7,5,8,-0.065,0.274,-0.218,-0.118,0.037,0.05,0.076,0.031
False,donchian,"{""n"": 24, ""sl"": 3.0, ""trail"": 5.0, ""hold"": 12, ""filt"": ""ema200"", ""both"": false}",898,0.002,0.06,0.004,-0.59,21.58,5,8,0.021,-0.003,-0.202,-0.122,0.006,0.04,0.114,0.137
True,ema_state,"{""fast"": 50, ""slow"": 200, ""sl"": 3.0, ""trail"": 4.0, ""hold"": 48, ""both"": true}",1926,0.001,0.04,0.032,-0.67,28.05,5,8,-0.12,-0.026,-0.034,0.007,0.092,0.022,0.064,0.006
True,donchian,"{""n"": 24, ""sl"": 3.0, ""trail"": 5.0, ""hold"": 12, ""filt"": ""ema200"", ""both"": true}",1537,0.0,0.0,0.01,-0.77,18.12,5,8,0.014,-0.001,-0.085,-0.044,0.013,0.019,0.052,0.034
True,ema_state,"{""fast"": 10, ""slow"": 50, ""sl"": 2.0, ""trail"": 0.0, ""hold"": 48, ""both"": true}",2051,-0.0,-0.0,0.0,-6.42,47.93,5,8,-0.031,0.107,-0.219,-0.091,0.03,0.014,0.208,0.03
True,donchian,"{""n"": 24, ""sl"": 3.0, ""trail"": 5.0, ""hold"": 12, ""filt"": null, ""both"": false}",1056,-0.0,-0.01,-0.025,-1.67,24.48,5,8,0.039,0.049,-0.197,-0.129,-0.035,0.055,0.123,0.065
True,donchian,"{""n"": 72, ""sl"": 3.0, ""trail"": 5.0, ""hold"": 12, ""filt"": ""ema200"", ""both"": true}",1025,-0.001,-0.05,-0.034,-1.98,21.97,5,8,0.008,-0.005,-0.083,-0.112,0.017,0.034,0.038,0.111
False,ema_state,"{""fast"": 20, ""slow"": 50, ""sl"": 2.0, ""trail"": 0.0, ""hold"": 48, ""both"": true}",1779,-0.003,-0.07,-0.039,-10.16,54.63,5,8,-0.173,0.046,-0.166,-0.131,0.053,0.027,0.274,0.14
False,ema_state,"{""fast"": 20, ""slow"": 200, ""sl"": 2.0, ""trail"": 4.0, ""hold"": 48, ""both"": true}",2040,-0.004,-0.12,-0.043,-10.05,41.12,5,8,-0.212,-0.017,-0.059,0.021,0.082,0.005,0.103,0.098
True,donchian,"{""n"": 72, ""sl"": 3.0, ""trail"": 5.0, ""hold"": 12, ""filt"": null, ""both"": true}",1049,-0.003,-0.13,-0.06,-2.93,22.94,5,8,0.003,-0.007,-0.088,-0.109,0.013,0.041,0.035,0.105
False,donchian,"{""n"": 24, ""sl"": 2.0, ""trail"": 5.0, ""hold"": 12, ""filt"": null, ""both"": false}",1046,-0.005,-0.13,-0.048,-3.97,32.03,5,8,0.036,0.043,-0.21,-0.205,-0.044,0.029,0.171,0.129
True,donchian,"{""n"": 24, ""sl"": 3.0, ""trail"": 5.0, ""hold"": 120, ""filt"": null, ""both"": true}",1065,-0.006,-0.14,-0.051,-5.08,31.83,5,8,0.002,0.174,-0.237,-0.14,-0.01,0.045,0.117,0.075
True,donchian,"{""n"": 24, ""sl"": 3.0, ""trail"": 3.0, ""hold"": 120, ""filt"": null, ""both"": true}",1379,-0.005,-0.18,-0.066,-4.76,23.45,5,8,-0.037,0.032,-0.071,-0.087,0.0,0.014,0.014,0.145
False,ema_state,"{""fast"": 50, ""slow"": 100, ""sl"": 3.0, ""trail"": 4.0, ""hold"": 48, ""both"": true}",1679,-0.006,-0.19,-0.062,-6.73,29.18,5,8,-0.161,0.002,-0.088,0.04,0.075,-0.003,0.071,0.04
True,ema_state,"{""fast"": 10, ""slow"": 50, ""sl"": 3.0, ""trail"": 4.0, ""hold"": 48, ""both"": true}",1932,-0.005,-0.21,-0.079,-7.65,37.72,5,8,-0.069,0.044,-0.127,-0.087,0.012,0.007,0.167,0.043
False,ema_state,"{""fast"": 50, ""slow"": 200, ""sl"": 2.0, ""trail"": 0.0, ""hold"": 48, ""both"": true}",1779,-0.01,-0.23,-0.092,-15.09,46.78,5,8,-0.26,-0.082,-0.069,0.016,0.117,0.007,0.118,0.166
True,donchian,"{""n"": 24, ""sl"": 2.0, ""trail"": 3.0, ""hold"": 12, ""filt"": null, ""both"": false}",1095,-0.009,-0.3,-0.108,-6.37,32.71,5,8,0.053,0.038,-0.183,-0.178,-0.127,0.011,0.178,0.115
True,donchian,"{""n"": 24, ""sl"": 3.0, ""trail"": 3.0, ""hold"": 12, ""filt"": null, ""both"": false}",1078,-0.007,-0.31,-0.131,-4.9,23.42,5,8,0.038,0.04,-0.15,-0.137,-0.047,0.003,0.117,0.061
True,ema_state,"{""fast"": 20, ""slow"": 50, ""sl"": 2.0, ""trail"": 4.0, ""hold"": 48, ""both"": true}",2317,-0.009,-0.31,-0.111,-15.78,53.3,5,8,-0.131,0.011,-0.118,-0.097,0.045,0.048,0.173,0.034
True,donchian,"{""n"": 24, ""sl"": 2.0, ""trail"": 5.0, ""hold"": 12, ""filt"": null, ""both"": false}",1080,-0.011,-0.34,-0.124,-7.42,32.5,5,8,0.039,0.028,-0.202,-0.181,-0.088,0.03,0.163,0.101
True,ema_state,"{""fast"": 20, ""slow"": 50, ""sl"": 3.0, ""trail"": 0.0, ""hold"": 48, ""both"": true}",1639,-0.011,-0.34,-0.115,-10.47,41.08,5,8,-0.097,0.005,-0.162,-0.118,0.086,0.057,0.142,0.028
True,ema_state,"{""fast"": 10, ""slow"": 50, ""sl"": 3.0, ""trail"": 0.0, ""hold"": 48, ""both"": true}",1642,-0.012,-0.38,-0.134,-11.53,41.77,5,8,-0.108,0.031,-0.172,-0.18,0.116,0.061,0.185,0.006
False,bollinger_mr,"{""sl"": 3.0, ""tp"": 1.0, ""hold"": 6, ""both"": false}",414,-0.015,-0.66,-0.249,-3.31,4.76,5,8,-0.106,0.036,0.013,0.006,-0.007,-0.079,0.013,0.017
True,ema_state,"{""fast"": 20, ""slow"": 50, ""sl"": 2.0, ""trail"": 0.0, ""hold"": 48, ""both"": true}",2078,-0.024,-0.68,-0.242,-27.29,57.88,5,8,-0.142,0.016,-0.184,-0.152,0.076,0.048,0.175,0.023
True,ema_state,"{""fast"": 20, ""slow"": 50, ""sl"": 3.0, ""trail"": 4.0, ""hold"": 48, ""both"": false}",1226,0.037,1.15,0.411,22.97,22.89,4,8,-0.023,0.131,-0.164,-0.07,0.025,0.128,0.243,-0.028
True,donchian,"{""n"": 168, ""sl"": 2.0, ""trail"": 3.0, ""hold"": 120, ""filt"": null, ""both"": true}",538,0.068,1.14,0.396,17.82,20.92,4,8,0.042,0.165,-0.04,-0.236,-0.066,-0.019,0.382,0.494
True,donchian,"{""n"": 168, ""sl"": 2.0, ""trail"": 3.0, ""hold"": 120, ""filt"": ""ema200"", ""both"": true}",538,0.068,1.14,0.396,17.82,20.92,4,8,0.042,0.165,-0.04,-0.236,-0.066,-0.019,0.382,0.494
True,ema_state,"{""fast"": 10, ""slow"": 100, ""sl"": 3.0, ""trail"": 4.0, ""hold"": 48, ""both"": false}",1206,0.037,1.13,0.395,21.89,18.8,4,8,-0.031,0.082,-0.134,-0.038,0.034,0.123,0.215,-0.012
True,ema_state,"{""fast"": 10, ""slow"": 100, ""sl"": 3.0, ""trail"": 0.0, ""hold"": 48, ""both"": false}",1029,0.043,1.06,0.381,21.71,21.22,4,8,-0.052,0.08,-0.202,-0.084,0.108,0.151,0.286,-0.035
False,donchian,"{""n"": 168, ""sl"": 3.0, ""trail"": 3.0, ""hold"": 120, ""filt"": null, ""both"": true}",478,0.054,1.06,0.368,11.96,14.55,4,8,0.117,0.095,-0.017,-0.184,-0.033,-0.039,0.25,0.409
False,donchian,"{""n"": 168, ""sl"": 3.0, ""trail"": 3.0, ""hold"": 120, ""filt"": ""ema200"", ""both"": true}",478,0.054,1.06,0.368,11.96,14.55,4,8,0.117,0.095,-0.017,-0.184,-0.033,-0.039,0.25,0.409
True,ema_state,"{""fast"": 20, ""slow"": 100, ""sl"": 3.0, ""trail"": 0.0, ""hold"": 48, ""both"": false}",1047,0.042,1.05,0.377,21.72,22.33,4,8,-0.098,0.083,-0.141,-0.116,0.164,0.1,0.275,-0.003
False,donchian,"{""n"": 168, ""sl"": 2.0, ""trail"": 3.0, ""hold"": 12, ""filt"": null, ""both"": false}",472,0.054,1.05,0.371,12.44,15.64,4,8,0.095,0.101,-0.19,-0.222,-0.032,-0.019,0.234,0.398
False,donchian,"{""n"": 168, ""sl"": 2.0, ""trail"": 3.0, ""hold"": 12, ""filt"": ""ema200"", ""both"": false}",472,0.054,1.05,0.371,12.44,15.64,4,8,0.095,0.101,-0.19,-0.222,-0.032,-0.019,0.234,0.398
True,ema_state,"{""fast"": 20, ""slow"": 200, ""sl"": 3.0, ""trail"": 4.0, ""hold"": 48, ""both"": false}",1215,0.033,1.02,0.372,20.47,19.17,4,8,-0.017,0.031,-0.112,-0.02,0.004,0.123,0.204,-0.012
True,ema_state,"{""fast"": 50, ""slow"": 100, ""sl"": 3.0, ""trail"": 0.0, ""hold"": 48, ""both"": false}",1037,0.039,0.98,0.35,19.54,22.98,4,8,-0.062,0.059,-0.184,-0.1,0.125,0.125,0.29,-0.006
False,ema_state,"{""fast"": 20, ""slow"": 200, ""sl"": 2.0, ""trail"": 4.0, ""hold"": 48, ""both"": false}",1256,0.047,0.97,0.355,28.47,25.34,4,8,-0.093,0.088,-0.155,-0.068,0.092,0.133,0.304,-0.001
False,ema_state,"{""fast"": 10, ""slow"": 50, ""sl"": 3.0, ""trail"": 0.0, ""hold"": 48, ""both"": false}",869,0.042,0.85,0.31,16.93,25.32,4,8,-0.054,0.234,-0.283,-0.079,0.044,0.064,0.411,-0.047
True,donchian,"{""n"": 24, ""sl"": 2.0, ""trail"": 3.0, ""hold"": 120, ""filt"": ""ema200"", ""both"": false}",697,0.045,0.84,0.293,14.7,26.74,4,8,0.019,-0.009,-0.236,-0.152,-0.034,0.092,0.433,0.295
False,donchian,"{""n"": 72, ""sl"": 2.0, ""trail"": 3.0, ""hold"": 120, ""filt"": ""ema200"", ""both"": true}",741,0.044,0.81,0.277,14.45,27.7,4,8,-0.023,0.125,-0.01,-0.223,-0.074,0.065,0.245,0.375
True,donchian,"{""n"": 24, ""sl"": 3.0, ""trail"": 3.0, ""hold"": 120, ""filt"": ""ema200"", ""both"": false}",666,0.031,0.78,0.277,9.65,17.96,4,8,0.009,-0.002,-0.182,-0.108,-0.005,0.081,0.278,0.184
True,ema_state,"{""fast"": 50, ""slow"": 200, ""sl"": 3.0, ""trail"": 4.0, ""hold"": 48, ""both"": false}",1202,0.026,0.78,0.295,15.36,20.14,4,8,-0.044,0.001,-0.088,-0.056,0.027,0.109,0.215,-0.048
False,donchian,"{""n"": 72, ""sl"": 2.0, ""trail"": 3.0, ""hold"": 120, ""filt"": null, ""both"": true}",758,0.042,0.78,0.263,13.79,27.66,4,8,-0.046,0.144,-0.006,-0.21,-0.077,0.063,0.23,0.35
False,ema_state,"{""fast"": 10, ""slow"": 50, ""sl"": 2.0, ""trail"": 4.0, ""hold"": 48, ""both"": false}",1254,0.038,0.78,0.29,21.37,33.21,4,8,-0.107,0.239,-0.248,-0.143,0.078,0.158,0.295,-0.015
True,ema_state,"{""fast"": 10, ""slow"": 50, ""sl"": 2.0, ""trail"": 0.0, ""hold"": 48, ""both"": false}",1277,0.036,0.76,0.28,20.96,34.23,4,8,-0.067,0.177,-0.266,-0.159,0.085,0.162,0.363,-0.07
True,ema_state,"{""fast"": 10, ""slow"": 100, ""sl"": 2.0, ""trail"": 4.0, ""hold"": 48, ""both"": false}",1404,0.031,0.76,0.27,19.37,30.17,4,8,-0.084,0.029,-0.159,-0.096,0.092,0.133,0.299,-0.02
True,ema_state,"{""fast"": 20, ""slow"": 50, ""sl"": 3.0, ""trail"": 0.0, ""hold"": 48, ""both"": false}",1051,0.03,0.76,0.275,14.82,27.1,4,8,-0.071,0.127,-0.226,-0.152,0.08,0.152,0.302,-0.05
False,ema_state,"{""fast"": 10, ""slow"": 50, ""sl"": 3.0, ""trail"": 4.0, ""hold"": 48, ""both"": false}",1068,0.029,0.76,0.275,14.15,23.52,4,8,-0.046,0.189,-0.222,-0.057,0.008,0.109,0.248,-0.044
False,ema_state,"{""fast"": 10, ""slow"": 100, ""sl"": 2.0, ""trail"": 0.0, ""hold"": 48, ""both"": true}",1761,0.032,0.72,0.258,22.18,38.78,4,8,-0.208,0.088,-0.152,-0.033,0.192,-0.042,0.273,0.268
False,ema_state,"{""fast"": 10, ""slow"": 50, ""sl"": 2.0, ""trail"": 0.0, ""hold"": 48, ""both"": false}",1104,0.042,0.71,0.256,18.81,32.46,4,8,-0.143,0.3,-0.312,-0.092,0.078,0.12,0.407,-0.033
True,donchian,"{""n"": 168, ""sl"": 2.0, ""trail"": 3.0, ""hold"": 12, ""filt"": null, ""both"": true}",714,0.028,0.7,0.242,8.94,18.97,4,8,-0.005,0.046,-0.047,-0.166,0.0,-0.02,0.181,0.269
True,donchian,"{""n"": 168, ""sl"": 2.0, ""trail"": 3.0, ""hold"": 12, ""filt"": ""ema200"", ""both"": true}",714,0.028,0.7,0.242,8.94,18.97,4,8,-0.005,0.046,-0.047,-0.166,0.0,-0.02,0.181,0.269
False,donchian,"{""n"": 168, ""sl"": 3.0, ""trail"": 3.0, ""hold"": 12, ""filt"": null, ""both"": true}",687,0.022,0.7,0.244,6.74,11.93,4,8,-0.004,0.024,-0.001,-0.126,0.04,-0.033,0.1,0.225
False,donchian,"{""n"": 168, ""sl"": 3.0, ""trail"": 3.0, ""hold"": 12, ""filt"": ""ema200"", ""both"": true}",687,0.022,0.7,0.244,6.74,11.93,4,8,-0.004,0.024,-0.001,-0.126,0.04,-0.033,0.1,0.225
False,ema_state,"{""fast"": 50, ""slow"": 100, ""sl"": 3.0, ""trail"": 4.0, ""hold"": 48, ""both"": false}",1059,0.026,0.7,0.25,12.55,23.9,4,8,-0.089,0.049,-0.187,-0.068,0.064,0.125,0.279,-0.004
False,ema_state,"{""fast"": 50, ""slow"": 200, ""sl"": 3.0, ""trail"": 4.0, ""hold"": 48, ""both"": false}",1048,0.028,0.7,0.272,14.13,21.99,4,8,-0.073,0.04,-0.134,-0.076,0.051,0.125,0.225,-0.02
True,ema_state,"{""fast"": 10, ""slow"": 50, ""sl"": 3.0, ""trail"": 0.0, ""hold"": 48, ""both"": false}",1043,0.028,0.69,0.25,12.84,27.48,4,8,-0.062,0.122,-0.229,-0.166,0.086,0.143,0.316,-0.063
True,donchian,"{""n"": 72, ""sl"": 2.0, ""trail"": 3.0, ""hold"": 120, ""filt"": ""ema200"", ""both"": false}",494,0.042,0.67,0.228,9.0,25.33,4,8,-0.003,0.136,-0.3,-0.32,-0.113,0.103,0.474,0.282
False,ema_state,"{""fast"": 20, ""slow"": 200, ""sl"": 3.0, ""trail"": 4.0, ""hold"": 6, ""both"": false}",3718,0.006,0.65,0.231,10.66,17.8,4,8,-0.005,-0.012,-0.035,-0.001,0.001,0.024,0.062,0.003
True,ema_state,"{""fast"": 10, ""slow"": 200, ""sl"": 2.0, ""trail"": 4.0, ""hold"": 48, ""both"": false}",1415,0.026,0.63,0.227,15.36,35.09,4,8,-0.093,-0.013,-0.167,-0.106,0.041,0.17,0.306,0.021
False,ema_state,"{""fast"": 20, ""slow"": 200, ""sl"": 3.0, ""trail"": 0.0, ""hold"": 6, ""both"": false}",3716,0.006,0.63,0.221,10.32,19.22,4,8,-0.014,-0.013,-0.027,-0.005,0.003,0.028,0.062,0.003
True,ema_state,"{""fast"": 10, ""slow"": 50, ""sl"": 3.0, ""trail"": 4.0, ""hold"": 48, ""both"": false}",1223,0.02,0.62,0.227,10.99,24.99,4,8,-0.041,0.111,-0.181,-0.081,0.002,0.111,0.24,-0.054
True,ema_state,"{""fast"": 20, ""slow"": 200, ""sl"": 3.0, ""trail"": 0.0, ""hold"": 48, ""both"": false}",1043,0.024,0.61,0.224,11.33,20.99,4,8,-0.07,0.034,-0.142,-0.09,0.053,0.118,0.243,-0.062
False,donchian,"{""n"": 72, ""sl"": 2.0, ""trail"": 3.0, ""hold"": 12, ""filt"": null, ""both"": true}",1055,0.021,0.59,0.202,8.91,24.69,4,8,-0.01,0.042,-0.018,-0.13,-0.009,0.012,0.104,0.23
True,ema_state,"{""fast"": 10, ""slow"": 50, ""sl"": 2.0, ""trail"": 4.0, ""hold"": 48, ""both"": false}",1425,0.022,0.56,0.202,12.86,34.56,4,8,-0.052,0.158,-0.227,-0.139,0.03,0.154,0.269,-0.072
True,ema_state,"{""fast"": 10, ""slow"": 200, ""sl"": 3.0, ""trail"": 0.0, ""hold"": 48, ""both"": false}",1028,0.022,0.56,0.202,9.91,22.92,4,8,-0.079,0.005,-0.119,-0.126,0.064,0.122,0.262,-0.052
False,ema_state,"{""fast"": 20, ""slow"": 50, ""sl"": 2.0, ""trail"": 0.0, ""hold"": 48, ""both"": false}",1117,0.032,0.56,0.198,13.21,34.15,4,8,-0.179,0.187,-0.262,-0.103,0.068,0.075,0.465,-0.019
False,donchian,"{""n"": 72, ""sl"": 2.0, ""trail"": 3.0, ""hold"": 12, ""filt"": ""ema200"", ""both"": true}",1032,0.019,0.54,0.187,7.99,25.13,4,8,-0.015,0.044,-0.015,-0.146,-0.007,0.001,0.109,0.242
True,ema_state,"{""fast"": 20, ""slow"": 50, ""sl"": 2.0, ""trail"": 4.0, ""hold"": 48, ""both"": false}",1432,0.021,0.53,0.188,11.7,36.71,4,8,-0.062,0.097,-0.203,-0.143,0.03,0.137,0.318,-0.064
False,ema_state,"{""fast"": 20, ""slow"": 50, ""sl"": 2.0, ""trail"": 4.0, ""hold"": 48, ""both"": false}",1268,0.024,0.52,0.18,11.05,35.99,4,8,-0.106,0.163,-0.218,-0.142,0.045,0.076,0.368,-0.043
False,ema_state,"{""fast"": 10, ""slow"": 100, ""sl"": 3.0, ""trail"": 4.0, ""hold"": 48, ""both"": true}",1673,0.015,0.51,0.186,10.16,23.55,4,8,-0.148,0.038,-0.063,-0.022,0.122,-0.006,0.131,0.123
True,ema_state,"{""fast"": 50, ""slow"": 100, ""sl"": 3.0, ""trail"": 4.0, ""hold"": 48, ""both"": true}",1923,0.013,0.5,0.183,9.91,25.43,4,8,-0.087,-0.012,-0.04,-0.033,0.076,0.056,0.093,0.064
True,ema_state,"{""fast"": 10, ""slow"": 200, ""sl"": 2.0, ""trail"": 0.0, ""hold"": 48, ""both"": false}",1275,0.023,0.49,0.179,11.17,38.82,4,8,-0.106,-0.006,-0.246,-0.145,0.082,0.19,0.335,0.037
True,ema_state,"{""fast"": 20, ""slow"": 50, ""sl"": 2.0, ""trail"": 0.0, ""hold"": 48, ""both"": false}",1288,0.022,0.47,0.169,10.33,37.63,4,8,-0.133,0.108,-0.235,-0.176,0.081,0.143,0.398,-0.066
True,donchian,"{""n"": 168, ""sl"": 2.0, ""trail"": 5.0, ""hold"": 12, ""filt"": null, ""both"": true}",706,0.019,0.46,0.164,5.9,18.8,4,8,-0.001,0.012,-0.028,-0.178,0.033,-0.025,0.126,0.261
True,donchian,"{""n"": 168, ""sl"": 2.0, ""trail"": 5.0, ""hold"": 12, ""filt"": ""ema200"", ""both"": true}",706,0.019,0.46,0.164,5.9,18.8,4,8,-0.001,0.012,-0.028,-0.178,0.033,-0.025,0.126,0.261
False,donchian,"{""n"": 72, ""sl"": 2.0, ""trail"": 5.0, ""hold"": 12, ""filt"": null, ""both"": true}",1043,0.017,0.46,0.157,6.67,27.29,4,8,-0.006,-0.005,-0.025,-0.153,0.046,0.032,0.065,0.255
False,ema_state,"{""fast"": 10, ""slow"": 50, ""sl"": 2.0, ""trail"": 0.0, ""hold"": 48, ""both"": true}",1740,0.021,0.46,0.166,10.99,39.52,4,8,-0.086,0.168,-0.181,-0.01,0.02,-0.018,0.196,0.156
True,donchian,"{""n"": 168, ""sl"": 3.0, ""trail"": 3.0, ""hold"": 12, ""filt"": null, ""both"": true}",701,0.013,0.45,0.16,4.0,12.15,4,8,-0.011,0.016,-0.055,-0.113,0.031,-0.014,0.099,0.156
True,donchian,"{""n"": 168, ""sl"": 3.0, ""trail"": 3.0, ""hold"": 12, ""filt"": ""ema200"", ""both"": true}",701,0.013,0.45,0.16,4.0,12.15,4,8,-0.011,0.016,-0.055,-0.113,0.031,-0.014,0.099,0.156
False,ema_state,"{""fast"": 10, ""slow"": 50, ""sl"": 2.0, ""trail"": 4.0, ""hold"": 48, ""both"": true}",2006,0.017,0.45,0.156,9.65,34.39,4,8,-0.065,0.148,-0.114,-0.047,0.034,-0.057,0.23,0.054
True,ema_state,"{""fast"": 50, ""slow"": 100, ""sl"": 3.0, ""trail"": 0.0, ""hold"": 48, ""both"": true}",1639,0.014,0.44,0.171,9.28,26.58,4,8,-0.114,-0.021,-0.021,-0.07,0.13,0.09,0.106,0.014
False,donchian,"{""n"": 72, ""sl"": 2.0, ""trail"": 5.0, ""hold"": 12, ""filt"": ""ema200"", ""both"": true}",1020,0.015,0.41,0.145,5.97,28.18,4,8,-0.01,-0.008,-0.023,-0.171,0.049,0.021,0.074,0.267
False,ema_state,"{""fast"": 10, ""slow"": 200, ""sl"": 2.0, ""trail"": 0.0, ""hold"": 48, ""both"": true}",1754,0.018,0.4,0.136,7.59,39.49,4,8,-0.179,-0.029,-0.105,-0.023,0.154,0.049,0.176,0.193
False,donchian,"{""n"": 72, ""sl"": 3.0, ""trail"": 3.0, ""hold"": 12, ""filt"": ""ema200"", ""both"": true}",1014,0.009,0.38,0.134,3.87,16.85,4,8,-0.001,0.046,-0.027,-0.098,0.004,-0.01,0.054,0.145
True,ema_state,"{""fast"": 20, ""slow"": 100, ""sl"": 3.0, ""trail"": 0.0, ""hold"": 48, ""both"": true}",1628,0.011,0.36,0.134,6.46,33.44,4,8,-0.159,-0.007,-0.046,-0.104,0.113,0.092,0.151,0.092
True,donchian,"{""n"": 72, ""sl"": 2.0, ""trail"": 3.0, ""hold"": 120, ""filt"": ""ema200"", ""both"": true}",804,0.016,0.33,0.117,4.59,31.81,4,8,-0.059,0.095,-0.07,-0.246,-0.089,0.047,0.222,0.337
True,donchian,"{""n"": 72, ""sl"": 2.0, ""trail"": 3.0, ""hold"": 120, ""filt"": null, ""both"": true}",824,0.014,0.3,0.1,3.68,31.47,4,8,-0.068,0.11,-0.066,-0.239,-0.092,0.046,0.209,0.314
True,rsi2,"{""lo"": 5, ""hi"": 90, ""sl"": 3.0, ""tp"": 1.0, ""hold"": 6, ""both"": false}",609,0.005,0.29,0.12,1.66,7.37,4,8,0.051,0.038,-0.063,0.033,-0.026,-0.071,0.068,-0.022
True,rsi2,"{""lo"": 5, ""hi"": 95, ""sl"": 3.0, ""tp"": 1.0, ""hold"": 6, ""both"": false}",609,0.005,0.29,0.12,1.66,7.37,4,8,0.051,0.038,-0.063,0.033,-0.026,-0.071,0.068,-0.022
False,rsi2,"{""lo"": 5, ""hi"": 90, ""sl"": 3.0, ""tp"": 1.0, ""hold"": 6, ""both"": false}",609,0.005,0.27,0.113,1.57,7.57,4,8,0.048,0.045,-0.062,0.028,-0.035,-0.069,0.07,-0.022
False,rsi2,"{""lo"": 5, ""hi"": 95, ""sl"": 3.0, ""tp"": 1.0, ""hold"": 6, ""both"": false}",609,0.005,0.27,0.113,1.57,7.57,4,8,0.048,0.045,-0.062,0.028,-0.035,-0.069,0.07,-0.022
False,donchian,"{""n"": 24, ""sl"": 3.0, ""trail"": 3.0, ""hold"": 120, ""filt"": ""ema200"", ""both"": true}",1068,0.008,0.24,0.072,2.01,23.17,4,8,-0.023,-0.023,-0.083,-0.074,0.017,0.006,0.107,0.218
True,ema_state,"{""fast"": 20, ""slow"": 100, ""sl"": 2.0, ""trail"": 4.0, ""hold"": 48, ""both"": true}",2312,0.007,0.22,0.074,1.21,49.41,4,8,-0.177,-0.029,-0.095,-0.037,0.127,0.028,0.168,0.144
False,ema_state,"{""fast"": 10, ""slow"": 50, ""sl"": 3.0, ""trail"": 0.0, ""hold"": 48, ""both"": true}",1365,0.008,0.21,0.065,1.48,28.86,4,8,-0.109,0.181,-0.118,-0.106,0.056,-0.014,0.109,0.118
True,donchian,"{""n"": 72, ""sl"": 3.0, ""trail"": 3.0, ""hold"": 120, ""filt"": ""ema200"", ""both"": true}",772,0.006,0.18,0.058,1.31,24.42,4,8,-0.035,0.038,-0.072,-0.165,-0.073,0.039,0.15,0.238
False,ema_state,"{""fast"": 10, ""slow"": 200, ""sl"": 3.0, ""trail"": 4.0, ""hold"": 6, ""both"": false}",3773,0.002,0.17,0.062,1.56,23.67,4,8,-0.014,-0.013,-0.037,-0.021,0.001,0.021,0.062,0.001
False,ema_state,"{""fast"": 50, ""slow"": 200, ""sl"": 2.0, ""trail"": 0.0, ""hold"": 6, ""both"": false}",3695,0.002,0.17,0.072,1.93,26.81,4,8,-0.019,-0.01,-0.064,-0.01,0.011,0.001,0.078,0.018
False,ema_state,"{""fast"": 10, ""slow"": 100, ""sl"": 3.0, ""trail"": 0.0, ""hold"": 6, ""both"": false}",3776,0.001,0.13,0.052,1.02,28.31,4,8,-0.029,-0.002,-0.038,-0.032,0.01,0.022,0.063,0.001
True,donchian,"{""n"": 72, ""sl"": 2.0, ""trail"": 3.0, ""hold"": 12, ""filt"": ""ema200"", ""both"": false}",675,0.005,0.12,0.029,0.21,23.53,4,8,-0.006,0.021,-0.241,-0.178,-0.06,0.041,0.198,0.163
True,ema_state,"{""fast"": 50, ""slow"": 200, ""sl"": 2.0, ""trail"": 0.0, ""hold"": 6, ""both"": false}",3696,0.002,0.11,0.037,-0.58,27.97,4,8,-0.022,-0.009,-0.064,-0.008,0.008,0.001,0.077,0.016
True,ema_state,"{""fast"": 10, ""slow"": 200, ""sl"": 2.0, ""trail"": 4.0, ""hold"": 48, ""both"": true}",2320,0.003,0.09,0.04,-2.16,46.29,4,8,-0.141,-0.045,-0.112,-0.042,0.113,0.071,0.147,0.085
True,donchian,"{""n"": 72, ""sl"": 3.0, ""trail"": 3.0, ""hold"": 120, ""filt"": null, ""both"": true}",792,0.002,0.06,0.002,-0.81,24.76,4,8,-0.045,0.044,-0.075,-0.16,-0.078,0.038,0.136,0.221
True,ema_state,"{""fast"": 10, ""slow"": 200, ""sl"": 3.0, ""trail"": 4.0, ""hold"": 48, ""both"": true}",1934,0.001,0.05,0.025,-1.09,32.24,4,8,-0.114,-0.033,-0.067,-0.028,0.082,0.032,0.115,0.043
False,donchian,"{""n"": 24, ""sl"": 3.0, ""trail"": 5.0, ""hold"": 120, ""filt"": ""ema200"", ""both"": true}",772,0.002,0.04,0.01,-1.49,26.83,4,8,-0.102,0.162,-0.271,-0.095,-0.019,0.102,0.253,0.132
True,ema_state,"{""fast"": 50, ""slow"": 100, ""sl"": 2.0, ""trail"": 0.0, ""hold"": 48, ""both"": true}",2054,0.001,0.03,0.011,-5.41,46.42,4,8,-0.175,-0.061,-0.057,-0.035,0.102,0.062,0.14,0.073
False,ema_state,"{""fast"": 50, ""slow"": 200, ""sl"": 3.0, ""trail"": 0.0, ""hold"": 48, ""both"": true}",1396,0.001,0.03,0.014,-2.03,30.96,4,8,-0.24,-0.026,-0.046,-0.01,0.157,0.028,0.121,0.075
True,donchian,"{""n"": 24, ""sl"": 3.0, ""trail"": 3.0, ""hold"": 120, ""filt"": ""ema200"", ""both"": true}",1162,-0.0,-0.0,-0.014,-2.02,24.67,4,8,-0.042,-0.025,-0.1,-0.075,0.019,0.02,0.083,0.189
True,ema_state,"{""fast"": 10, ""slow"": 100, ""sl"": 2.0, ""trail"": 4.0, ""hold"": 48, ""both"": true}",2319,-0.0,-0.0,-0.015,-7.35,49.54,4,8,-0.171,-0.035,-0.115,-0.052,0.138,0.021,0.187,0.095
True,donchian,"{""n"": 24, ""sl"": 3.0, ""trail"": 5.0, ""hold"": 12, ""filt"": ""ema200"", ""both"": false}",926,-0.0,-0.01,-0.016,-1.24,21.72,4,8,0.021,-0.002,-0.193,-0.106,-0.015,0.043,0.129,0.067
False,donchian,"{""n"": 24, ""sl"": 3.0, ""trail"": 3.0, ""hold"": 12, ""filt"": ""ema200"", ""both"": true}",1526,-0.0,-0.01,-0.022,-1.98,19.15,4,8,0.014,0.001,-0.042,-0.05,-0.01,-0.023,0.045,0.086
True,donchian,"{""n"": 24, ""sl"": 2.0, ""trail"": 3.0, ""hold"": 120, ""filt"": ""ema200"", ""both"": true}",1214,-0.001,-0.02,-0.014,-3.8,34.62,4,8,-0.061,-0.019,-0.105,-0.146,0.019,0.027,0.142,0.227
False,ema_state,"{""fast"": 10, ""slow"": 100, ""sl"": 2.0, ""trail"": 4.0, ""hold"": 48, ""both"": true}",2028,-0.001,-0.02,-0.024,-8.19,44.29,4,8,-0.191,0.014,-0.097,-0.047,0.12,-0.047,0.212,0.099
True,ema_state,"{""fast"": 10, ""slow"": 100, ""sl"": 3.0, ""trail"": 0.0, ""hold"": 48, ""both"": true}",1640,-0.001,-0.03,-0.006,-3.41,35.0,4,8,-0.149,-0.012,-0.105,-0.078,0.121,0.049,0.139,0.064
False,ema_state,"{""fast"": 20, ""slow"": 50, ""sl"": 3.0, ""trail"": 4.0, ""hold"": 6, ""both"": false}",3741,-0.0,-0.03,0.001,-1.61,26.82,4,8,-0.024,0.023,-0.047,-0.034,0.005,0.009,0.066,-0.018
True,ema_state,"{""fast"": 20, ""slow"": 200, ""sl"": 3.0, ""trail"": 4.0, ""hold"": 48, ""both"": true}",1930,-0.001,-0.04,-0.016,-3.84,28.7,4,8,-0.099,-0.017,-0.07,-0.039,0.095,0.019,0.068,0.054
False,donchian,"{""n"": 24, ""sl"": 2.0, ""trail"": 3.0, ""hold"": 12, ""filt"": null, ""both"": false}",1061,-0.001,-0.04,-0.026,-2.72,32.18,4,8,0.071,0.052,-0.19,-0.2,-0.086,-0.015,0.19,0.162
True,donchian,"{""n"": 72, ""sl"": 2.0, ""trail"": 5.0, ""hold"": 12, ""filt"": null, ""both"": false}",675,-0.002,-0.05,-0.022,-1.86,25.45,4,8,0.02,-0.008,-0.255,-0.197,-0.042,0.059,0.164,0.166
True,donchian,"{""n"": 72, ""sl"": 2.0, ""trail"": 3.0, ""hold"": 12, ""filt"": null, ""both"": true}",1083,-0.003,-0.08,-0.043,-3.45,30.11,4,8,-0.02,0.032,-0.086,-0.149,-0.034,0.031,0.09,0.138
True,donchian,"{""n"": 72, ""sl"": 2.0, ""trail"": 3.0, ""hold"": 12, ""filt"": ""ema200"", ""both"": true}",1059,-0.003,-0.08,-0.041,-3.29,29.79,4,8,-0.025,0.033,-0.086,-0.15,-0.031,0.021,0.095,0.147
False,ema_state,"{""fast"": 20, ""slow"": 50, ""sl"": 3.0, ""trail"": 0.0, ""hold"": 48, ""both"": true}",1387,-0.003,-0.08,-0.042,-5.85,34.92,4,8,-0.11,0.077,-0.143,-0.098,0.054,-0.046,0.184,0.118
False,ema_state,"{""fast"": 20, ""slow"": 50, ""sl"": 2.0, ""trail"": 4.0, ""hold"": 48, ""both"": true}",2016,-0.003,-0.09,-0.044,-10.01,46.12,4,8,-0.17,0.061,-0.084,-0.072,0.036,-0.044,0.248,0.059
True,ema_state,"{""fast"": 10, ""slow"": 50, ""sl"": 3.0, ""trail"": 4.0, ""hold"": 6, ""both"": false}",3860,-0.001,-0.1,-0.027,-3.01,26.95,4,8,-0.037,0.025,-0.045,-0.033,0.005,0.021,0.061,-0.023
True,ema_state,"{""fast"": 20, ""slow"": 50, ""sl"": 3.0, ""trail"": 4.0, ""hold"": 6, ""both"": false}",3745,-0.001,-0.11,-0.026,-2.94,26.96,4,8,-0.027,0.021,-0.05,-0.034,0.003,0.011,0.065,-0.017
False,ema_state,"{""fast"": 10, ""slow"": 100, ""sl"": 2.0, ""trail"": 4.0, ""hold"": 6, ""both"": false}",3813,-0.002,-0.11,-0.04,-5.99,34.75,4,8,-0.031,0.005,-0.079,-0.025,0.009,-0.005,0.088,0.013
True,ema_state,"{""fast"": 10, ""slow"": 200, ""sl"": 3.0, ""trail"": 0.0, ""hold"": 48, ""both"": true}",1643,-0.004,-0.12,-0.041,-5.66,34.33,4,8,-0.138,-0.065,-0.057,-0.085,0.112,0.043,0.136,0.057
False,donchian,"{""n"": 24, ""sl"": 3.0, ""trail"": 3.0, ""hold"": 12, ""filt"": null, ""both"": false}",1045,-0.003,-0.13,-0.065,-2.87,22.73,4,8,0.054,0.045,-0.157,-0.148,-0.024,-0.008,0.104,0.109
False,ema_state,"{""fast"": 10, ""slow"": 50, ""sl"": 3.0, ""trail"": 4.0, ""hold"": 6, ""both"": false}",3853,-0.001,-0.15,-0.05,-4.15,27.94,4,8,-0.038,0.025,-0.048,-0.035,0.009,0.019,0.061,-0.024
True,ema_state,"{""fast"": 20, ""slow"": 100, ""sl"": 2.0, ""trail"": 0.0, ""hold"": 48, ""both"": true}",2048,-0.006,-0.16,-0.062,-12.15,53.6,4,8,-0.186,-0.064,-0.148,-0.056,0.127,0.04,0.195,0.139
False,donchian,"{""n"": 24, ""sl"": 3.0, ""trail"": 5.0, ""hold"": 120, ""filt"": null, ""both"": true}",873,-0.009,-0.17,-0.084,-7.09,27.94,4,8,-0.085,0.294,-0.211,-0.107,-0.045,0.04,0.058,0.101
False,ema_state,"{""fast"": 20, ""slow"": 50, ""sl"": 3.0, ""trail"": 0.0, ""hold"": 6, ""both"": false}",3738,-0.002,-0.17,-0.059,-4.72,28.89,4,8,-0.03,0.021,-0.051,-0.042,0.008,0.012,0.067,-0.018
True,ema_state,"{""fast"": 10, ""slow"": 200, ""sl"": 2.0, ""trail"": 0.0, ""hold"": 48, ""both"": true}",2059,-0.007,-0.18,-0.065,-12.42,51.96,4,8,-0.141,-0.076,-0.174,-0.054,0.093,0.085,0.195,0.084
True,ema_state,"{""fast"": 50, ""slow"": 100, ""sl"": 2.0, ""trail"": 4.0, ""hold"": 6, ""both"": false}",3665,-0.003,-0.18,-0.07,-7.66,36.28,4,8,-0.042,-0.006,-0.086,-0.021,0.007,0.002,0.099,0.01
True,donchian,"{""n"": 72, ""sl"": 3.0, ""trail"": 3.0, ""hold"": 12, ""filt"": null, ""both"": true}",1065,-0.004,-0.2,-0.091,-3.69,20.48,4,8,-0.006,0.017,-0.058,-0.099,-0.009,0.004,0.047,0.08
False,donchian,"{""n"": 24, ""sl"": 2.0, ""trail"": 3.0, ""hold"": 120, ""filt"": null, ""both"": true}",1335,-0.008,-0.2,-0.068,-8.26,33.75,4,8,-0.057,0.066,-0.024,-0.138,-0.028,0.006,0.018,0.142
True,ema_state,"{""fast"": 10, ""slow"": 100, ""sl"": 2.0, ""trail"": 4.0, ""hold"": 6, ""both"": false}",3816,-0.003,-0.21,-0.08,-8.66,35.57,4,8,-0.03,0.001,-0.081,-0.024,0.008,-0.007,0.087,0.01
False,ema_state,"{""fast"": 50, ""slow"": 200, ""sl"": 2.0, ""trail"": 4.0, ""hold"": 48, ""both"": true}",2038,-0.007,-0.21,-0.08,-13.29,45.12,4,8,-0.191,-0.069,-0.085,0.032,0.128,-0.0,0.072,0.112
True,ema_state,"{""fast"": 50, ""slow"": 100, ""sl"": 2.0, ""trail"": 0.0, ""hold"": 6, ""both"": false}",3661,-0.003,-0.22,-0.079,-8.41,38.27,4,8,-0.047,-0.007,-0.09,-0.022,0.01,0.005,0.1,0.01
True,ema_state,"{""fast"": 20, ""slow"": 50, ""sl"": 3.0, ""trail"": 0.0, ""hold"": 6, ""both"": false}",3742,-0.002,-0.24,-0.089,-6.22,29.31,4,8,-0.033,0.019,-0.054,-0.041,0.006,0.015,0.066,-0.017
True,ema_state,"{""fast"": 20, ""slow"": 200, ""sl"": 3.0, ""trail"": 0.0, ""hold"": 48, ""both"": true}",1649,-0.007,-0.24,-0.076,-7.95,31.43,4,8,-0.136,-0.042,-0.062,-0.061,0.136,0.02,0.071,0.033
False,ema_state,"{""fast"": 50, ""slow"": 100, ""sl"": 2.0, ""trail"": 0.0, ""hold"": 6, ""both"": false}",3661,-0.003,-0.24,-0.083,-8.72,38.8,4,8,-0.046,-0.004,-0.094,-0.027,0.012,0.003,0.102,0.011
True,ema_state,"{""fast"": 10, ""slow"": 50, ""sl"": 3.0, ""trail"": 0.0, ""hold"": 6, ""both"": false}",3856,-0.002,-0.25,-0.087,-6.1,30.11,4,8,-0.045,0.019,-0.046,-0.036,0.009,0.022,0.061,-0.023
True,ema_state,"{""fast"": 10, ""slow"": 100, ""sl"": 2.0, ""trail"": 0.0, ""hold"": 48, ""both"": true}",2057,-0.01,-0.26,-0.094,-15.21,55.27,4,8,-0.177,-0.089,-0.182,-0.05,0.153,0.03,0.199,0.124
False,ema_state,"{""fast"": 10, ""slow"": 100, ""sl"": 2.0, ""trail"": 0.0, ""hold"": 6, ""both"": false}",3812,-0.004,-0.26,-0.094,-9.81,38.21,4,8,-0.034,0.002,-0.083,-0.033,0.009,-0.006,0.089,0.013
True,donchian,"{""n"": 72, ""sl"": 2.0, ""trail"": 5.0, ""hold"": 12, ""filt"": null, ""both"": true}",1072,-0.009,-0.27,-0.097,-6.2,31.7,4,8,-0.014,-0.008,-0.092,-0.16,0.013,0.025,0.05,0.149
True,donchian,"{""n"": 72, ""sl"": 2.0, ""trail"": 5.0, ""hold"": 12, ""filt"": ""ema200"", ""both"": true}",1048,-0.009,-0.27,-0.095,-6.0,31.53,4,8,-0.018,-0.011,-0.091,-0.165,0.015,0.014,0.058,0.158
False,ema_state,"{""fast"": 50, ""slow"": 200, ""sl"": 3.0, ""trail"": 4.0, ""hold"": 48, ""both"": true}",1685,-0.009,-0.29,-0.107,-9.53,29.62,4,8,-0.18,-0.012,-0.051,0.04,0.09,-0.018,0.059,0.026
False,ema_state,"{""fast"": 10, ""slow"": 50, ""sl"": 3.0, ""trail"": 0.0, ""hold"": 6, ""both"": false}",3849,-0.003,-0.3,-0.102,-6.84,30.89,4,8,-0.046,0.02,-0.048,-0.039,0.013,0.021,0.062,-0.025
False,ema_state,"{""fast"": 10, ""slow"": 200, ""sl"": 3.0, ""trail"": 4.0, ""hold"": 48, ""both"": true}",1688,-0.009,-0.3,-0.116,-10.03,33.33,4,8,-0.167,-0.026,-0.068,-0.025,0.082,0.004,0.092,0.069
True,donchian,"{""n"": 24, ""sl"": 2.0, ""trail"": 3.0, ""hold"": 120, ""filt"": null, ""both"": true}",1445,-0.011,-0.31,-0.109,-10.6,33.16,4,8,-0.048,0.042,-0.053,-0.15,-0.001,0.015,0.019,0.138
True,donchian,"{""n"": 24, ""sl"": 2.0, ""trail"": 3.0, ""hold"": 12, ""filt"": ""ema200"", ""both"": false}",963,-0.012,-0.36,-0.137,-7.19,29.72,4,8,0.031,-0.027,-0.182,-0.149,-0.117,0.002,0.183,0.109
True,ema_state,"{""fast"": 10, ""slow"": 50, ""sl"": 2.0, ""trail"": 4.0, ""hold"": 6, ""both"": false}",3915,-0.005,-0.37,-0.134,-12.28,36.8,4,8,-0.045,0.038,-0.079,-0.047,0.006,0.003,0.086,-0.024
False,ema_state,"{""fast"": 20, ""slow"": 50, ""sl"": 3.0, ""trail"": 4.0, ""hold"": 48, ""both"": true}",1680,-0.011,-0.37,-0.133,-11.07,30.63,4,8,-0.138,0.058,-0.073,-0.081,0.079,-0.055,0.137,0.018
False,ema_state,"{""fast"": 10, ""slow"": 50, ""sl"": 2.0, ""trail"": 4.0, ""hold"": 6, ""both"": false}",3908,-0.005,-0.41,-0.144,-12.92,38.01,4,8,-0.047,0.039,-0.083,-0.051,0.014,0.001,0.087,-0.027
False,donchian,"{""n"": 24, ""sl"": 3.0, ""trail"": 3.0, ""hold"": 12, ""filt"": null, ""both"": true}",1821,-0.008,-0.45,-0.16,-8.15,21.33,4,8,0.006,0.034,-0.053,-0.056,-0.007,-0.026,0.004,0.048
True,ema_state,"{""fast"": 10, ""slow"": 50, ""sl"": 2.0, ""trail"": 0.0, ""hold"": 6, ""both"": false}",3913,-0.007,-0.49,-0.173,-14.95,40.14,4,8,-0.05,0.033,-0.085,-0.05,0.009,0.004,0.087,-0.024
False,ema_state,"{""fast"": 10, ""slow"": 50, ""sl"": 2.0, ""trail"": 0.0, ""hold"": 6, ""both"": false}",3907,-0.007,-0.53,-0.185,-15.78,41.15,4,8,-0.052,0.034,-0.089,-0.054,0.017,0.002,0.088,-0.027
True,rsi2,"{""lo"": 5, ""hi"": 90, ""sl"": 2.0, ""tp"": 1.0, ""hold"": 6, ""both"": false}",641,-0.014,-0.6,-0.21,-4.7,14.33,4,8,0.032,0.085,-0.155,0.062,-0.058,-0.127,0.059,-0.024
True,rsi2,"{""lo"": 5, ""hi"": 95, ""sl"": 2.0, ""tp"": 1.0, ""hold"": 6, ""both"": false}",641,-0.014,-0.6,-0.21,-4.7,14.33,4,8,0.032,0.085,-0.155,0.062,-0.058,-0.127,0.059,-0.024
False,bollinger_mr,"{""sl"": 2.0, ""tp"": 1.0, ""hold"": 12, ""both"": false}",435,-0.019,-0.6,-0.201,-4.21,7.89,4,8,-0.133,0.093,-0.001,0.001,-0.026,-0.137,0.011,0.134
True,ema_state,"{""fast"": 50, ""slow"": 200, ""sl"": 2.0, ""trail"": 0.0, ""hold"": 48, ""both"": true}",2085,-0.022,-0.62,-0.222,-25.7,48.97,4,8,-0.179,-0.069,-0.124,-0.04,0.093,0.019,0.14,0.016
True,rsi2,"{""lo"": 5, ""hi"": 90, ""sl"": 3.0, ""tp"": 2.0, ""hold"": 6, ""both"": false}",601,-0.013,-0.62,-0.224,-4.17,11.35,4,8,0.016,0.02,-0.106,-0.038,-0.04,-0.087,0.093,0.002
True,rsi2,"{""lo"": 5, ""hi"": 95, ""sl"": 3.0, ""tp"": 2.0, ""hold"": 6, ""both"": false}",601,-0.013,-0.62,-0.224,-4.17,11.35,4,8,0.016,0.02,-0.106,-0.038,-0.04,-0.087,0.093,0.002
False,rsi2,"{""lo"": 5, ""hi"": 90, ""sl"": 3.0, ""tp"": 2.0, ""hold"": 6, ""both"": false}",601,-0.013,-0.62,-0.228,-4.24,11.58,4,8,0.012,0.023,-0.107,-0.042,-0.046,-0.081,0.096,0.002
False,rsi2,"{""lo"": 5, ""hi"": 95, ""sl"": 3.0, ""tp"": 2.0, ""hold"": 6, ""both"": false}",601,-0.013,-0.62,-0.228,-4.24,11.58,4,8,0.012,0.023,-0.107,-0.042,-0.046,-0.081,0.096,0.002
True,ema_state,"{""fast"": 20, ""slow"": 200, ""sl"": 2.0, ""trail"": 0.0, ""hold"": 48, ""both"": true}",2095,-0.023,-0.65,-0.226,-25.96,55.77,4,8,-0.192,-0.075,-0.143,-0.059,0.096,0.009,0.177,0.053
False,rsi2,"{""lo"": 5, ""hi"": 90, ""sl"": 2.0, ""tp"": 1.0, ""hold"": 6, ""both"": false}",641,-0.016,-0.65,-0.232,-5.18,14.89,4,8,0.027,0.096,-0.154,0.055,-0.077,-0.124,0.062,-0.024
False,rsi2,"{""lo"": 5, ""hi"": 95, ""sl"": 2.0, ""tp"": 1.0, ""hold"": 6, ""both"": false}",641,-0.016,-0.65,-0.232,-5.18,14.89,4,8,0.027,0.096,-0.154,0.055,-0.077,-0.124,0.062,-0.024
False,ema_state,"{""fast"": 20, ""slow"": 100, ""sl"": 3.0, ""trail"": 0.0, ""hold"": 6, ""both"": true}",5991,-0.006,-0.81,-0.298,-19.91,43.97,4,8,-0.056,-0.015,-0.023,-0.025,0.02,0.004,0.035,0.012
False,ema_state,"{""fast"": 20, ""slow"": 100, ""sl"": 3.0, ""trail"": 4.0, ""hold"": 6, ""both"": true}",5991,-0.006,-0.81,-0.295,-19.41,41.43,4,8,-0.048,-0.014,-0.029,-0.019,0.019,0.0,0.034,0.011
True,ema_state,"{""fast"": 20, ""slow"": 100, ""sl"": 3.0, ""trail"": 0.0, ""hold"": 6, ""both"": true}",5991,-0.006,-0.82,-0.299,-19.98,43.97,4,8,-0.056,-0.015,-0.023,-0.025,0.02,0.004,0.035,0.012
True,ema_state,"{""fast"": 20, ""slow"": 100, ""sl"": 3.0, ""trail"": 4.0, ""hold"": 6, ""both"": true}",5991,-0.006,-0.82,-0.296,-19.47,41.43,4,8,-0.048,-0.014,-0.029,-0.019,0.019,0.0,0.034,0.011
True,donchian,"{""n"": 24, ""sl"": 3.0, ""trail"": 3.0, ""hold"": 12, ""filt"": null, ""both"": true}",1869,-0.015,-0.85,-0.301,-13.53,22.47,4,8,0.002,0.027,-0.065,-0.063,-0.019,-0.016,0.007,0.019
True,rsi2,"{""lo"": 10, ""hi"": 90, ""sl"": 2.0, ""tp"": 2.0, ""hold"": 6, ""both"": false}",1241,-0.018,-0.87,-0.303,-10.84,18.86,4,8,-0.066,-0.011,-0.121,-0.007,0.006,0.006,0.039,0.007
True,rsi2,"{""lo"": 10, ""hi"": 95, ""sl"": 2.0, ""tp"": 2.0, ""hold"": 6, ""both"": false}",1241,-0.018,-0.87,-0.303,-10.84,18.86,4,8,-0.066,-0.011,-0.121,-0.007,0.006,0.006,0.039,0.007
False,bollinger_mr,"{""sl"": 3.0, ""tp"": 2.0, ""hold"": 12, ""both"": true}",636,-0.022,-0.88,-0.31,-7.16,11.92,4,8,-0.049,-0.106,-0.042,0.01,0.037,-0.125,0.07,0.024
False,ema_state,"{""fast"": 10, ""slow"": 200, ""sl"": 3.0, ""trail"": 0.0, ""hold"": 6, ""both"": true}",5991,-0.007,-0.89,-0.302,-20.25,43.1,4,8,-0.047,-0.023,-0.024,-0.018,0.005,0.005,0.035,0.017
True,ema_state,"{""fast"": 10, ""slow"": 200, ""sl"": 3.0, ""trail"": 0.0, ""hold"": 6, ""both"": true}",5991,-0.007,-0.9,-0.303,-20.31,43.1,4,8,-0.047,-0.023,-0.024,-0.018,0.005,0.005,0.035,0.017
True,rsi2,"{""lo"": 5, ""hi"": 90, ""sl"": 2.0, ""tp"": 2.0, ""hold"": 6, ""both"": false}",637,-0.029,-1.0,-0.345,-8.98,18.92,4,8,0.02,0.057,-0.226,-0.018,-0.071,-0.136,0.105,0.03
True,rsi2,"{""lo"": 5, ""hi"": 95, ""sl"": 2.0, ""tp"": 2.0, ""hold"": 6, ""both"": false}",637,-0.029,-1.0,-0.345,-8.98,18.92,4,8,0.02,0.057,-0.226,-0.018,-0.071,-0.136,0.105,0.03
True,ema_state,"{""fast"": 50, ""slow"": 100, ""sl"": 3.0, ""trail"": 0.0, ""hold"": 6, ""both"": true}",5991,-0.008,-1.01,-0.351,-22.59,43.86,4,8,-0.047,-0.024,-0.025,-0.024,0.016,0.002,0.04,0.001
False,ema_state,"{""fast"": 50, ""slow"": 100, ""sl"": 3.0, ""trail"": 0.0, ""hold"": 6, ""both"": true}",5991,-0.008,-1.01,-0.35,-22.54,43.86,4,8,-0.047,-0.024,-0.025,-0.024,0.016,0.002,0.04,0.001
False,rsi2,"{""lo"": 5, ""hi"": 90, ""sl"": 2.0, ""tp"": 2.0, ""hold"": 6, ""both"": false}",637,-0.029,-1.02,-0.355,-9.21,19.4,4,8,0.015,0.061,-0.222,-0.024,-0.09,-0.127,0.109,0.03
False,rsi2,"{""lo"": 5, ""hi"": 95, ""sl"": 2.0, ""tp"": 2.0, ""hold"": 6, ""both"": false}",637,-0.029,-1.02,-0.355,-9.21,19.4,4,8,0.015,0.061,-0.222,-0.024,-0.09,-0.127,0.109,0.03
True,rsi2,"{""lo"": 10, ""hi"": 90, ""sl"": 2.0, ""tp"": 1.0, ""hold"": 6, ""both"": false}",1258,-0.017,-1.03,-0.357,-10.61,13.97,4,8,-0.048,0.003,-0.082,0.016,0.011,-0.038,0.012,-0.019
True,rsi2,"{""lo"": 10, ""hi"": 95, ""sl"": 2.0, ""tp"": 1.0, ""hold"": 6, ""both"": false}",1258,-0.017,-1.03,-0.357,-10.61,13.97,4,8,-0.048,0.003,-0.082,0.016,0.011,-0.038,0.012,-0.019
True,ema_state,"{""fast"": 20, ""slow"": 50, ""sl"": 3.0, ""trail"": 4.0, ""hold"": 6, ""both"": true}",5991,-0.008,-1.05,-0.372,-23.31,39.15,4,8,-0.055,0.012,-0.024,-0.017,0.011,-0.026,0.031,0.006
False,ema_state,"{""fast"": 20, ""slow"": 50, ""sl"": 3.0, ""trail"": 4.0, ""hold"": 6, ""both"": true}",5991,-0.008,-1.05,-0.374,-23.37,39.15,4,8,-0.055,0.012,-0.024,-0.017,0.011,-0.026,0.031,0.006
True,ema_state,"{""fast"": 20, ""slow"": 50, ""sl"": 3.0, ""trail"": 0.0, ""hold"": 6, ""both"": true}",5991,-0.009,-1.09,-0.38,-24.1,42.47,4,8,-0.063,0.01,-0.019,-0.024,0.012,-0.021,0.033,0.007
False,ema_state,"{""fast"": 20, ""slow"": 50, ""sl"": 3.0, ""trail"": 0.0, ""hold"": 6, ""both"": true}",5991,-0.009,-1.09,-0.381,-24.12,42.47,4,8,-0.063,0.01,-0.019,-0.024,0.012,-0.021,0.033,0.007
True,ema_state,"{""fast"": 20, ""slow"": 50, ""sl"": 2.0, ""trail"": 4.0, ""hold"": 6, ""both"": true}",5991,-0.012,-1.13,-0.395,-33.46,52.61,4,8,-0.068,0.013,-0.051,-0.026,0.023,-0.057,0.048,0.032
False,ema_state,"{""fast"": 10, ""slow"": 50, ""sl"": 2.0, ""trail"": 4.0, ""hold"": 6, ""both"": true}",5991,-0.013,-1.14,-0.407,-34.29,50.95,4,8,-0.077,0.018,-0.044,-0.039,0.022,-0.038,0.049,0.016
False,ema_state,"{""fast"": 20, ""slow"": 50, ""sl"": 2.0, ""trail"": 4.0, ""hold"": 6, ""both"": true}",5991,-0.012,-1.14,-0.397,-33.59,52.61,4,8,-0.068,0.013,-0.051,-0.026,0.023,-0.057,0.047,0.032
True,ema_state,"{""fast"": 10, ""slow"": 50, ""sl"": 2.0, ""trail"": 4.0, ""hold"": 6, ""both"": true}",5991,-0.013,-1.15,-0.408,-34.32,50.95,4,8,-0.077,0.018,-0.044,-0.039,0.022,-0.038,0.049,0.016
True,bollinger_mr,"{""sl"": 2.0, ""tp"": 2.0, ""hold"": 6, ""both"": false}",419,-0.043,-1.15,-0.39,-8.81,13.44,4,8,-0.151,0.007,-0.063,-0.097,0.023,-0.17,0.061,0.116
True,ema_state,"{""fast"": 10, ""slow"": 50, ""sl"": 2.0, ""trail"": 0.0, ""hold"": 6, ""both"": true}",5991,-0.014,-1.26,-0.443,-36.77,54.35,4,8,-0.082,0.017,-0.046,-0.047,0.022,-0.036,0.049,0.019
False,ema_state,"{""fast"": 10, ""slow"": 50, ""sl"": 2.0, ""trail"": 0.0, ""hold"": 6, ""both"": true}",5991,-0.014,-1.26,-0.442,-36.74,54.35,4,8,-0.082,0.017,-0.046,-0.047,0.022,-0.036,0.049,0.019
True,ema_state,"{""fast"": 20, ""slow"": 50, ""sl"": 2.0, ""trail"": 0.0, ""hold"": 6, ""both"": true}",5991,-0.014,-1.27,-0.455,-37.33,55.46,4,8,-0.073,0.011,-0.052,-0.033,0.022,-0.057,0.048,0.035
False,ema_state,"{""fast"": 20, ""slow"": 50, ""sl"": 2.0, ""trail"": 0.0, ""hold"": 6, ""both"": true}",5991,-0.014,-1.27,-0.459,-37.57,55.46,4,8,-0.073,0.011,-0.052,-0.033,0.022,-0.057,0.048,0.035
True,rsi2,"{""lo"": 5, ""hi"": 90, ""sl"": 2.0, ""tp"": 1.0, ""hold"": 12, ""both"": false}",627,-0.041,-1.53,-0.522,-12.06,16.54,4,8,0.027,0.012,-0.144,0.054,-0.055,-0.137,0.015,-0.146
True,rsi2,"{""lo"": 5, ""hi"": 95, ""sl"": 2.0, ""tp"": 1.0, ""hold"": 12, ""both"": false}",627,-0.041,-1.53,-0.522,-12.06,16.54,4,8,0.027,0.012,-0.144,0.054,-0.055,-0.137,0.015,-0.146
True,rsi2,"{""lo"": 5, ""hi"": 95, ""sl"": 2.0, ""tp"": 1.0, ""hold"": 6, ""both"": true}",1088,-0.029,-1.63,-0.57,-15.06,20.49,4,8,0.007,0.013,-0.097,0.059,-0.062,-0.124,0.019,-0.043
False,rsi2,"{""lo"": 5, ""hi"": 95, ""sl"": 2.0, ""tp"": 1.0, ""hold"": 6, ""both"": true}",1088,-0.031,-1.7,-0.598,-15.82,21.24,4,8,0.004,0.019,-0.104,0.056,-0.07,-0.122,0.021,-0.043
True,ema_state,"{""fast"": 10, ""slow"": 200, ""sl"": 3.0, ""trail"": 4.0, ""hold"": 48, ""both"": false}",1209,0.025,0.78,0.294,15.3,21.14,3,8,-0.046,0.018,-0.093,-0.054,-0.002,0.116,0.218,-0.026
True,ema_state,"{""fast"": 20, ""slow"": 200, ""sl"": 2.0, ""trail"": 4.0, ""hold"": 48, ""both"": false}",1437,0.03,0.74,0.256,18.25,28.62,3,8,-0.087,-0.001,-0.155,-0.058,0.075,0.142,0.278,-0.012
True,ema_state,"{""fast"": 50, ""slow"": 200, ""sl"": 3.0, ""trail"": 0.0, ""hold"": 48, ""both"": false}",1033,0.029,0.74,0.265,13.83,21.96,3,8,-0.074,-0.008,-0.129,-0.087,0.101,0.136,0.25,-0.061
True,ema_state,"{""fast"": 20, ""slow"": 200, ""sl"": 3.0, ""trail"": 4.0, ""hold"": 6, ""both"": false}",3722,0.006,0.58,0.211,9.54,19.21,3,8,-0.005,-0.014,-0.035,-0.0,-0.004,0.024,0.062,0.004
True,ema_state,"{""fast"": 20, ""slow"": 200, ""sl"": 3.0, ""trail"": 0.0, ""hold"": 6, ""both"": false}",3720,0.006,0.56,0.202,9.21,20.56,3,8,-0.014,-0.016,-0.027,-0.005,-0.002,0.029,0.063,0.003
True,ema_state,"{""fast"": 50, ""slow"": 200, ""sl"": 2.0, ""trail"": 0.0, ""hold"": 48, ""both"": false}",1289,0.023,0.49,0.178,11.07,34.23,3,8,-0.13,-0.011,-0.193,-0.101,0.091,0.137,0.344,-0.016
True,ema_state,"{""fast"": 50, ""slow"": 200, ""sl"": 2.0, ""trail"": 4.0, ""hold"": 48, ""both"": false}",1435,0.016,0.39,0.137,7.26,31.66,3,8,-0.114,-0.017,-0.142,-0.078,0.048,0.095,0.293,-0.031
True,ema_state,"{""fast"": 50, ""slow"": 200, ""sl"": 3.0, ""trail"": 0.0, ""hold"": 48, ""both"": true}",1629,0.012,0.38,0.156,8.1,30.19,3,8,-0.141,-0.02,-0.051,-0.034,0.136,0.126,0.094,-0.016
False,ema_state,"{""fast"": 50, ""slow"": 100, ""sl"": 3.0, ""trail"": 0.0, ""hold"": 6, ""both"": false}",3643,0.004,0.38,0.138,5.56,25.96,3,8,-0.028,-0.005,-0.048,-0.019,0.015,0.03,0.075,-0.007
False,donchian,"{""n"": 72, ""sl"": 3.0, ""trail"": 3.0, ""hold"": 12, ""filt"": null, ""both"": true}",1037,0.009,0.37,0.13,3.79,17.13,3,8,-0.0,0.041,-0.033,-0.087,-0.0,-0.003,0.052,0.137
True,ema_state,"{""fast"": 50, ""slow"": 100, ""sl"": 3.0, ""trail"": 0.0, ""hold"": 6, ""both"": false}",3643,0.004,0.36,0.135,5.41,25.72,3,8,-0.029,-0.006,-0.047,-0.017,0.014,0.031,0.073,-0.008
False,ema_state,"{""fast"": 50, ""slow"": 100, ""sl"": 3.0, ""trail"": 4.0, ""hold"": 6, ""both"": false}",3648,0.004,0.36,0.124,4.73,24.19,3,8,-0.021,-0.003,-0.053,-0.017,0.013,0.023,0.074,-0.007
True,ema_state,"{""fast"": 50, ""slow"": 100, ""sl"": 3.0, ""trail"": 4.0, ""hold"": 6, ""both"": false}",3648,0.003,0.34,0.117,4.37,23.96,3,8,-0.021,-0.003,-0.052,-0.015,0.012,0.023,0.072,-0.007
True,ema_state,"{""fast"": 20, ""slow"": 200, ""sl"": 2.0, ""trail"": 0.0, ""hold"": 48, ""both"": false}",1299,0.015,0.32,0.118,5.62,37.81,3,8,-0.127,-0.014,-0.227,-0.113,0.096,0.144,0.316,-0.002
False,ema_state,"{""fast"": 50, ""slow"": 200, ""sl"": 3.0, ""trail"": 0.0, ""hold"": 6, ""both"": false}",3682,0.003,0.3,0.111,4.13,22.49,3,8,-0.023,-0.016,-0.033,-0.009,0.013,0.018,0.061,-0.003
False,ema_state,"{""fast"": 50, ""slow"": 200, ""sl"": 3.0, ""trail"": 4.0, ""hold"": 6, ""both"": false}",3682,0.003,0.29,0.109,3.97,21.35,3,8,-0.016,-0.013,-0.041,-0.005,0.011,0.013,0.06,-0.002
True,ema_state,"{""fast"": 10, ""slow"": 100, ""sl"": 3.0, ""trail"": 4.0, ""hold"": 6, ""both"": false}",3780,0.003,0.27,0.101,3.6,24.11,3,8,-0.021,-0.001,-0.039,-0.022,0.011,0.018,0.061,-0.0
False,ema_state,"{""fast"": 50, ""slow"": 200, ""sl"": 2.0, ""trail"": 4.0, ""hold"": 6, ""both"": false}",3695,0.004,0.25,0.099,3.94,24.63,3,8,-0.016,-0.009,-0.058,-0.008,0.011,-0.002,0.077,0.018
True,ema_state,"{""fast"": 50, ""slow"": 200, ""sl"": 3.0, ""trail"": 0.0, ""hold"": 6, ""both"": false}",3682,0.002,0.23,0.091,3.09,22.51,3,8,-0.025,-0.015,-0.032,-0.007,0.011,0.016,0.059,-0.005
True,ema_state,"{""fast"": 50, ""slow"": 200, ""sl"": 3.0, ""trail"": 4.0, ""hold"": 6, ""both"": false}",3682,0.002,0.22,0.088,2.87,21.44,3,8,-0.018,-0.012,-0.041,-0.002,0.009,0.011,0.059,-0.004
True,ema_state,"{""fast"": 10, ""slow"": 200, ""sl"": 3.0, ""trail"": 4.0, ""hold"": 6, ""both"": false}",3776,0.002,0.21,0.094,3.2,23.35,3,8,-0.013,-0.014,-0.037,-0.02,-0.001,0.022,0.062,0.001
True,ema_state,"{""fast"": 10, ""slow"": 200, ""sl"": 3.0, ""trail"": 0.0, ""hold"": 6, ""both"": false}",3774,0.002,0.19,0.068,1.85,25.7,3,8,-0.02,-0.015,-0.032,-0.023,0.001,0.026,0.063,-0.0
True,ema_state,"{""fast"": 50, ""slow"": 200, ""sl"": 2.0, ""trail"": 4.0, ""hold"": 6, ""both"": false}",3696,0.003,0.19,0.08,2.52,24.84,3,8,-0.019,-0.008,-0.058,-0.006,0.008,-0.001,0.076,0.016
False,ema_state,"{""fast"": 10, ""slow"": 200, ""sl"": 3.0, ""trail"": 0.0, ""hold"": 6, ""both"": false}",3771,0.002,0.16,0.053,1.07,25.83,3,8,-0.022,-0.015,-0.032,-0.024,0.003,0.025,0.063,-0.0
True,ema_state,"{""fast"": 10, ""slow"": 100, ""sl"": 3.0, ""trail"": 0.0, ""hold"": 6, ""both"": false}",3779,0.001,0.15,0.058,1.32,27.9,3,8,-0.027,-0.003,-0.038,-0.03,0.011,0.023,0.062,-0.001
False,ema_state,"{""fast"": 20, ""slow"": 100, ""sl"": 3.0, ""trail"": 4.0, ""hold"": 6, ""both"": false}",3696,0.001,0.15,0.055,1.2,26.14,3,8,-0.03,-0.004,-0.039,-0.034,0.018,0.021,0.067,-0.003
True,ema_state,"{""fast"": 20, ""slow"": 100, ""sl"": 3.0, ""trail"": 4.0, ""hold"": 6, ""both"": false}",3699,0.001,0.14,0.057,1.27,26.27,3,8,-0.031,-0.005,-0.039,-0.029,0.017,0.022,0.067,-0.004
False,ema_state,"{""fast"": 20, ""slow"": 200, ""sl"": 2.0, ""trail"": 4.0, ""hold"": 6, ""both"": false}",3738,0.001,0.06,0.016,-2.08,32.73,3,8,-0.016,-0.031,-0.065,-0.01,-0.005,0.01,0.086,0.03
True,ema_state,"{""fast"": 20, ""slow"": 200, ""sl"": 2.0, ""trail"": 4.0, ""hold"": 6, ""both"": false}",3738,0.001,0.04,0.008,-2.58,33.41,3,8,-0.015,-0.031,-0.066,-0.007,-0.012,0.011,0.087,0.031
False,ema_state,"{""fast"": 20, ""slow"": 100, ""sl"": 2.0, ""trail"": 4.0, ""hold"": 6, ""both"": false}",3725,0.0,0.03,0.008,-2.59,33.31,3,8,-0.047,-0.001,-0.055,-0.044,0.028,-0.006,0.097,0.018
True,ema_state,"{""fast"": 20, ""slow"": 100, ""sl"": 2.0, ""trail"": 4.0, ""hold"": 6, ""both"": false}",3726,0.0,0.02,0.007,-2.65,33.75,3,8,-0.048,-0.005,-0.055,-0.037,0.026,-0.003,0.096,0.017
False,donchian,"{""n"": 24, ""sl"": 3.0, ""trail"": 3.0, ""hold"": 120, ""filt"": null, ""both"": true}",1261,-0.0,-0.0,-0.009,-2.09,23.47,3,8,-0.032,0.051,-0.045,-0.074,-0.019,-0.003,0.018,0.156
False,donchian,"{""n"": 24, ""sl"": 3.0, ""trail"": 3.0, ""hold"": 12, ""filt"": ""ema200"", ""both"": false}",917,-0.001,-0.03,-0.03,-1.59,19.27,3,8,0.051,-0.003,-0.147,-0.116,-0.013,-0.022,0.105,0.131
False,ema_state,"{""fast"": 20, ""slow"": 200, ""sl"": 2.0, ""trail"": 0.0, ""hold"": 6, ""both"": false}",3736,-0.001,-0.08,-0.028,-5.2,36.49,3,8,-0.023,-0.032,-0.074,-0.013,-0.005,0.013,0.087,0.03
False,ema_state,"{""fast"": 20, ""slow"": 100, ""sl"": 3.0, ""trail"": 0.0, ""hold"": 6, ""both"": false}",3696,-0.001,-0.09,-0.025,-2.93,31.09,3,8,-0.039,-0.009,-0.043,-0.044,0.022,0.025,0.069,-0.003
True,ema_state,"{""fast"": 20, ""slow"": 100, ""sl"": 3.0, ""trail"": 0.0, ""hold"": 6, ""both"": false}",3698,-0.001,-0.1,-0.029,-3.13,31.11,3,8,-0.04,-0.01,-0.043,-0.039,0.02,0.026,0.068,-0.005
True,ema_state,"{""fast"": 20, ""slow"": 200, ""sl"": 2.0, ""trail"": 0.0, ""hold"": 6, ""both"": false}",3736,-0.001,-0.11,-0.037,-5.85,37.24,3,8,-0.022,-0.032,-0.075,-0.011,-0.012,0.014,0.087,0.031
False,donchian,"{""n"": 24, ""sl"": 2.0, ""trail"": 3.0, ""hold"": 12, ""filt"": ""ema200"", ""both"": false}",933,-0.004,-0.11,-0.051,-3.64,28.68,3,8,0.05,-0.018,-0.192,-0.172,-0.08,-0.032,0.195,0.199
False,ema_state,"{""fast"": 20, ""slow"": 100, ""sl"": 2.0, ""trail"": 0.0, ""hold"": 6, ""both"": false}",3725,-0.002,-0.12,-0.048,-6.54,37.13,3,8,-0.053,-0.005,-0.058,-0.049,0.031,-0.006,0.097,0.018
True,donchian,"{""n"": 72, ""sl"": 3.0, ""trail"": 3.0, ""hold"": 12, ""filt"": ""ema200"", ""both"": true}",1041,-0.003,-0.13,-0.064,-2.76,19.62,3,8,-0.007,0.021,-0.053,-0.1,-0.004,-0.003,0.048,0.086
True,ema_state,"{""fast"": 20, ""slow"": 100, ""sl"": 2.0, ""trail"": 0.0, ""hold"": 6, ""both"": false}",3725,-0.002,-0.13,-0.052,-6.83,37.44,3,8,-0.054,-0.009,-0.058,-0.043,0.027,-0.003,0.097,0.017
True,donchian,"{""n"": 72, ""sl"": 2.0, ""trail"": 5.0, ""hold"": 12, ""filt"": ""ema200"", ""both"": false}",666,-0.007,-0.16,-0.06,-3.3,25.66,3,8,-0.015,-0.021,-0.261,-0.195,-0.03,0.044,0.174,0.159
True,ema_state,"{""fast"": 10, ""slow"": 200, ""sl"": 2.0, ""trail"": 4.0, ""hold"": 6, ""both"": false}",3803,-0.002,-0.18,-0.063,-7.44,37.1,3,8,-0.023,-0.022,-0.066,-0.023,-0.017,0.011,0.088,0.02
True,ema_state,"{""fast"": 20, ""slow"": 200, ""sl"": 2.0, ""trail"": 4.0, ""hold"": 48, ""both"": true}",2325,-0.006,-0.18,-0.06,-11.56,46.95,3,8,-0.164,-0.073,-0.079,-0.017,0.129,-0.006,0.137,0.074
True,donchian,"{""n"": 24, ""sl"": 3.0, ""trail"": 3.0, ""hold"": 12, ""filt"": ""ema200"", ""both"": false}",946,-0.004,-0.19,-0.078,-3.02,19.89,3,8,0.033,-0.004,-0.139,-0.106,-0.031,-0.006,0.119,0.056
False,ema_state,"{""fast"": 50, ""slow"": 100, ""sl"": 2.0, ""trail"": 4.0, ""hold"": 6, ""both"": false}",3665,-0.003,-0.19,-0.069,-7.68,36.64,3,8,-0.041,-0.003,-0.089,-0.026,0.009,-0.0,0.101,0.011
False,ema_state,"{""fast"": 10, ""slow"": 200, ""sl"": 2.0, ""trail"": 4.0, ""hold"": 6, ""both"": false}",3800,-0.003,-0.21,-0.07,-7.92,36.72,3,8,-0.025,-0.019,-0.066,-0.025,-0.014,0.009,0.086,0.018
False,ema_state,"{""fast"": 20, ""slow"": 50, ""sl"": 2.0, ""trail"": 4.0, ""hold"": 6, ""both"": false}",3787,-0.003,-0.21,-0.083,-8.89,34.82,3,8,-0.036,0.039,-0.087,-0.04,0.007,-0.012,0.093,-0.008
False,donchian,"{""n"": 24, ""sl"": 2.0, ""trail"": 5.0, ""hold"": 12, ""filt"": ""ema200"", ""both"": true}",1534,-0.007,-0.22,-0.08,-7.3,33.21,3,8,-0.029,-0.033,-0.059,-0.096,-0.004,0.009,0.073,0.12
True,ema_state,"{""fast"": 20, ""slow"": 50, ""sl"": 2.0, ""trail"": 4.0, ""hold"": 6, ""both"": false}",3792,-0.003,-0.23,-0.09,-9.29,34.37,3,8,-0.033,0.033,-0.084,-0.036,0.0,-0.012,0.092,-0.005
True,ema_state,"{""fast"": 10, ""slow"": 50, ""sl"": 2.0, ""trail"": 4.0, ""hold"": 48, ""both"": true}",2320,-0.008,-0.26,-0.095,-14.27,46.19,3,8,-0.074,0.082,-0.141,-0.081,-0.004,-0.007,0.163,0.038
False,ema_state,"{""fast"": 20, ""slow"": 50, ""sl"": 2.0, ""trail"": 0.0, ""hold"": 6, ""both"": false}",3785,-0.004,-0.3,-0.108,-10.69,36.27,3,8,-0.04,0.034,-0.09,-0.043,0.013,-0.015,0.094,-0.008
True,ema_state,"{""fast"": 10, ""slow"": 200, ""sl"": 2.0, ""trail"": 0.0, ""hold"": 6, ""both"": false}",3803,-0.004,-0.31,-0.109,-10.69,40.63,3,8,-0.03,-0.023,-0.071,-0.028,-0.017,0.014,0.088,0.02
True,ema_state,"{""fast"": 20, ""slow"": 50, ""sl"": 2.0, ""trail"": 0.0, ""hold"": 6, ""both"": false}",3790,-0.004,-0.31,-0.111,-10.84,36.05,3,8,-0.036,0.029,-0.087,-0.039,0.006,-0.014,0.093,-0.005
False,donchian,"{""n"": 24, ""sl"": 2.0, ""trail"": 5.0, ""hold"": 12, ""filt"": ""ema200"", ""both"": false}",920,-0.012,-0.32,-0.125,-7.17,31.04,3,8,-0.0,-0.041,-0.224,-0.191,-0.032,0.006,0.186,0.17
False,ema_state,"{""fast"": 10, ""slow"": 200, ""sl"": 2.0, ""trail"": 0.0, ""hold"": 6, ""both"": false}",3800,-0.005,-0.34,-0.118,-11.31,40.34,3,8,-0.032,-0.02,-0.071,-0.031,-0.014,0.012,0.087,0.018
True,ema_state,"{""fast"": 10, ""slow"": 100, ""sl"": 2.0, ""trail"": 0.0, ""hold"": 6, ""both"": false}",3815,-0.005,-0.35,-0.125,-11.81,38.73,3,8,-0.032,-0.001,-0.084,-0.032,0.008,-0.008,0.088,0.01
False,donchian,"{""n"": 24, ""sl"": 2.0, ""trail"": 5.0, ""hold"": 12, ""filt"": null, ""both"": true}",1832,-0.01,-0.35,-0.131,-11.31,28.79,3,8,-0.025,0.04,-0.047,-0.085,-0.015,0.011,-0.001,0.068
True,donchian,"{""n"": 24, ""sl"": 3.0, ""trail"": 3.0, ""hold"": 12, ""filt"": ""ema200"", ""both"": true}",1566,-0.007,-0.39,-0.148,-6.84,20.02,3,8,0.01,-0.007,-0.055,-0.052,-0.018,-0.016,0.049,0.038
True,rsi2,"{""lo"": 10, ""hi"": 90, ""sl"": 3.0, ""tp"": 2.0, ""hold"": 6, ""both"": false}",1166,-0.008,-0.54,-0.195,-4.94,12.66,3,8,-0.064,-0.011,-0.049,-0.014,-0.014,0.023,0.048,0.012
True,rsi2,"{""lo"": 10, ""hi"": 95, ""sl"": 3.0, ""tp"": 2.0, ""hold"": 6, ""both"": false}",1166,-0.008,-0.54,-0.195,-4.94,12.66,3,8,-0.064,-0.011,-0.049,-0.014,-0.014,0.023,0.048,0.012
True,donchian,"{""n"": 24, ""sl"": 2.0, ""trail"": 5.0, ""hold"": 12, ""filt"": ""ema200"", ""both"": false}",950,-0.02,-0.55,-0.203,-10.32,31.33,3,8,-0.001,-0.05,-0.209,-0.164,-0.073,0.012,0.176,0.101
True,ema_state,"{""fast"": 50, ""slow"": 200, ""sl"": 2.0, ""trail"": 4.0, ""hold"": 48, ""both"": true}",2339,-0.017,-0.57,-0.207,-23.56,47.38,3,8,-0.145,-0.097,-0.086,-0.011,0.093,-0.022,0.097,0.074
False,ema_state,"{""fast"": 20, ""slow"": 200, ""sl"": 3.0, ""trail"": 4.0, ""hold"": 48, ""both"": true}",1692,-0.017,-0.57,-0.204,-15.25,28.64,3,8,-0.138,-0.01,-0.059,-0.015,0.093,-0.046,0.04,0.017
True,donchian,"{""n"": 24, ""sl"": 2.0, ""trail"": 5.0, ""hold"": 12, ""filt"": ""ema200"", ""both"": true}",1573,-0.018,-0.64,-0.225,-14.92,32.75,3,8,-0.024,-0.028,-0.095,-0.079,-0.024,0.004,0.053,0.064
True,rsi2,"{""lo"": 5, ""hi"": 90, ""sl"": 3.0, ""tp"": 1.0, ""hold"": 12, ""both"": false}",589,-0.014,-0.65,-0.231,-4.09,10.07,3,8,0.06,-0.045,-0.084,0.038,-0.019,-0.054,0.023,-0.071
True,rsi2,"{""lo"": 5, ""hi"": 95, ""sl"": 3.0, ""tp"": 1.0, ""hold"": 12, ""both"": false}",589,-0.014,-0.65,-0.231,-4.09,10.07,3,8,0.06,-0.045,-0.084,0.038,-0.019,-0.054,0.023,-0.071
False,donchian,"{""n"": 24, ""sl"": 2.0, ""trail"": 3.0, ""hold"": 12, ""filt"": null, ""both"": true}",1856,-0.017,-0.67,-0.247,-17.18,32.02,3,8,-0.008,0.033,-0.037,-0.099,-0.045,-0.035,0.002,0.08
False,rsi2,"{""lo"": 10, ""hi"": 90, ""sl"": 3.0, ""tp"": 2.0, ""hold"": 6, ""both"": false}",1162,-0.011,-0.7,-0.242,-6.07,12.91,3,8,-0.064,-0.005,-0.043,-0.018,-0.025,0.021,0.039,0.012
False,rsi2,"{""lo"": 10, ""hi"": 95, ""sl"": 3.0, ""tp"": 2.0, ""hold"": 6, ""both"": false}",1162,-0.011,-0.7,-0.242,-6.07,12.91,3,8,-0.064,-0.005,-0.043,-0.018,-0.025,0.021,0.039,0.012
True,rsi2,"{""lo"": 10, ""hi"": 90, ""sl"": 3.0, ""tp"": 1.0, ""hold"": 6, ""both"": false}",1189,-0.009,-0.74,-0.257,-5.56,9.09,3,8,-0.045,0.001,-0.033,0.004,-0.013,-0.011,0.025,-0.01
True,rsi2,"{""lo"": 10, ""hi"": 95, ""sl"": 3.0, ""tp"": 1.0, ""hold"": 6, ""both"": false}",1189,-0.009,-0.74,-0.257,-5.56,9.09,3,8,-0.045,0.001,-0.033,0.004,-0.013,-0.011,0.025,-0.01
False,bollinger_mr,"{""sl"": 3.0, ""tp"": 1.0, ""hold"": 12, ""both"": true}",683,-0.015,-0.75,-0.257,-4.94,6.81,3,8,-0.049,-0.047,-0.009,0.049,-0.025,-0.068,0.012,0.008
True,donchian,"{""n"": 24, ""sl"": 2.0, ""trail"": 5.0, ""hold"": 12, ""filt"": null, ""both"": true}",1879,-0.019,-0.76,-0.272,-18.88,31.26,3,8,-0.018,0.039,-0.079,-0.083,-0.043,0.017,-0.014,0.042
False,ema_state,"{""fast"": 20, ""slow"": 200, ""sl"": 3.0, ""trail"": 0.0, ""hold"": 6, ""both"": true}",5991,-0.006,-0.8,-0.274,-18.64,43.76,3,8,-0.046,-0.03,-0.03,-0.006,-0.001,0.013,0.04,0.014
False,rsi2,"{""lo"": 5, ""hi"": 90, ""sl"": 3.0, ""tp"": 1.0, ""hold"": 12, ""both"": false}",587,-0.017,-0.8,-0.286,-5.09,10.28,3,8,0.034,-0.034,-0.086,0.048,-0.04,-0.051,0.025,-0.071
False,rsi2,"{""lo"": 5, ""hi"": 95, ""sl"": 3.0, ""tp"": 1.0, ""hold"": 12, ""both"": false}",587,-0.017,-0.8,-0.286,-5.09,10.28,3,8,0.034,-0.034,-0.086,0.048,-0.04,-0.051,0.025,-0.071
True,ema_state,"{""fast"": 20, ""slow"": 200, ""sl"": 3.0, ""trail"": 0.0, ""hold"": 6, ""both"": true}",5991,-0.006,-0.81,-0.277,-18.8,43.76,3,8,-0.046,-0.03,-0.03,-0.006,-0.001,0.013,0.039,0.014
True,ema_state,"{""fast"": 20, ""slow"": 200, ""sl"": 3.0, ""trail"": 4.0, ""hold"": 6, ""both"": true}",5991,-0.007,-0.87,-0.291,-19.22,42.0,3,8,-0.038,-0.03,-0.036,-0.002,-0.002,0.008,0.038,0.013
False,ema_state,"{""fast"": 20, ""slow"": 200, ""sl"": 3.0, ""trail"": 4.0, ""hold"": 6, ""both"": true}",5991,-0.007,-0.87,-0.291,-19.21,42.0,3,8,-0.038,-0.03,-0.036,-0.002,-0.002,0.008,0.038,0.013
True,ema_state,"{""fast"": 20, ""slow"": 100, ""sl"": 2.0, ""trail"": 4.0, ""hold"": 6, ""both"": true}",5991,-0.01,-0.91,-0.335,-29.72,53.67,3,8,-0.06,-0.02,-0.058,-0.028,0.027,-0.019,0.057,0.034
False,ema_state,"{""fast"": 20, ""slow"": 100, ""sl"": 2.0, ""trail"": 4.0, ""hold"": 6, ""both"": true}",5991,-0.01,-0.91,-0.336,-29.79,53.67,3,8,-0.06,-0.02,-0.058,-0.028,0.027,-0.019,0.058,0.034
True,rsi2,"{""lo"": 5, ""hi"": 95, ""sl"": 3.0, ""tp"": 1.0, ""hold"": 6, ""both"": true}",1040,-0.012,-0.92,-0.319,-6.27,11.46,3,8,0.011,-0.009,-0.051,0.037,-0.037,-0.064,0.037,-0.027
False,ema_state,"{""fast"": 10, ""slow"": 200, ""sl"": 3.0, ""trail"": 4.0, ""hold"": 6, ""both"": true}",5991,-0.007,-0.95,-0.317,-20.69,41.37,3,8,-0.04,-0.023,-0.029,-0.015,0.004,-0.0,0.034,0.016
True,ema_state,"{""fast"": 10, ""slow"": 200, ""sl"": 3.0, ""trail"": 4.0, ""hold"": 6, ""both"": true}",5991,-0.007,-0.96,-0.318,-20.72,41.37,3,8,-0.04,-0.023,-0.029,-0.015,0.004,-0.0,0.033,0.016
False,rsi2,"{""lo"": 5, ""hi"": 95, ""sl"": 3.0, ""tp"": 1.0, ""hold"": 6, ""both"": true}",1040,-0.013,-0.96,-0.331,-6.51,11.81,3,8,0.009,-0.005,-0.055,0.035,-0.04,-0.063,0.039,-0.027
True,ema_state,"{""fast"": 10, ""slow"": 50, ""sl"": 3.0, ""trail"": 4.0, ""hold"": 6, ""both"": true}",5991,-0.008,-0.97,-0.334,-21.44,35.17,3,8,-0.051,0.016,-0.018,-0.025,0.016,-0.026,0.033,-0.005
False,ema_state,"{""fast"": 10, ""slow"": 50, ""sl"": 3.0, ""trail"": 4.0, ""hold"": 6, ""both"": true}",5991,-0.008,-0.97,-0.334,-21.42,35.17,3,8,-0.051,0.016,-0.018,-0.025,0.016,-0.026,0.033,-0.005
True,ema_state,"{""fast"": 10, ""slow"": 50, ""sl"": 3.0, ""trail"": 0.0, ""hold"": 6, ""both"": true}",5991,-0.008,-0.98,-0.341,-22.14,38.48,3,8,-0.059,0.014,-0.014,-0.028,0.015,-0.021,0.035,-0.003
False,ema_state,"{""fast"": 10, ""slow"": 50, ""sl"": 3.0, ""trail"": 0.0, ""hold"": 6, ""both"": true}",5991,-0.008,-0.98,-0.341,-22.17,38.48,3,8,-0.059,0.014,-0.014,-0.028,0.015,-0.021,0.035,-0.003
True,bollinger_mr,"{""sl"": 3.0, ""tp"": 2.0, ""hold"": 12, ""both"": true}",638,-0.025,-1.0,-0.352,-7.94,11.76,3,8,-0.067,-0.104,-0.039,0.012,0.053,-0.12,0.066,-0.018
True,ema_state,"{""fast"": 20, ""slow"": 100, ""sl"": 2.0, ""trail"": 0.0, ""hold"": 6, ""both"": true}",5991,-0.011,-1.03,-0.363,-31.82,56.15,3,8,-0.065,-0.021,-0.057,-0.033,0.026,-0.021,0.057,0.037
False,ema_state,"{""fast"": 20, ""slow"": 100, ""sl"": 2.0, ""trail"": 0.0, ""hold"": 6, ""both"": true}",5991,-0.011,-1.03,-0.36,-31.62,56.15,3,8,-0.065,-0.021,-0.057,-0.033,0.026,-0.021,0.058,0.037
True,ema_state,"{""fast"": 50, ""slow"": 100, ""sl"": 3.0, ""trail"": 4.0, ""hold"": 6, ""both"": true}",5991,-0.008,-1.05,-0.373,-23.3,41.82,3,8,-0.039,-0.025,-0.032,-0.017,0.014,-0.003,0.038,0.0
False,ema_state,"{""fast"": 50, ""slow"": 100, ""sl"": 3.0, ""trail"": 4.0, ""hold"": 6, ""both"": true}",5991,-0.008,-1.05,-0.373,-23.3,41.82,3,8,-0.039,-0.025,-0.032,-0.017,0.014,-0.003,0.038,0.0
True,ema_state,"{""fast"": 10, ""slow"": 100, ""sl"": 3.0, ""trail"": 0.0, ""hold"": 6, ""both"": true}",5991,-0.009,-1.14,-0.382,-24.51,43.15,3,8,-0.052,-0.01,-0.026,-0.027,0.026,-0.016,0.025,0.014
True,rsi2,"{""lo"": 10, ""hi"": 90, ""sl"": 2.0, ""tp"": 2.0, ""hold"": 12, ""both"": false}",1132,-0.029,-1.14,-0.386,-15.21,22.98,3,8,-0.091,-0.073,-0.111,-0.033,0.042,0.043,0.047,-0.136
True,rsi2,"{""lo"": 10, ""hi"": 95, ""sl"": 2.0, ""tp"": 2.0, ""hold"": 12, ""both"": false}",1132,-0.029,-1.14,-0.386,-15.21,22.98,3,8,-0.091,-0.073,-0.111,-0.033,0.042,0.043,0.047,-0.136
False,ema_state,"{""fast"": 10, ""slow"": 100, ""sl"": 3.0, ""trail"": 0.0, ""hold"": 6, ""both"": true}",5991,-0.009,-1.14,-0.381,-24.46,43.15,3,8,-0.052,-0.01,-0.026,-0.027,0.026,-0.016,0.025,0.014
True,ema_state,"{""fast"": 10, ""slow"": 100, ""sl"": 3.0, ""trail"": 4.0, ""hold"": 6, ""both"": true}",5991,-0.009,-1.16,-0.388,-24.44,40.78,3,8,-0.045,-0.009,-0.031,-0.024,0.025,-0.02,0.023,0.013
False,ema_state,"{""fast"": 10, ""slow"": 100, ""sl"": 3.0, ""trail"": 4.0, ""hold"": 6, ""both"": true}",5991,-0.009,-1.16,-0.383,-24.21,40.78,3,8,-0.045,-0.009,-0.031,-0.024,0.025,-0.02,0.023,0.013
False,bollinger_mr,"{""sl"": 2.0, ""tp"": 2.0, ""hold"": 6, ""both"": false}",419,-0.044,-1.17,-0.398,-8.99,13.65,3,8,-0.151,0.021,-0.056,-0.102,-0.011,-0.165,0.061,0.116
False,rsi2,"{""lo"": 10, ""hi"": 90, ""sl"": 2.0, ""tp"": 2.0, ""hold"": 12, ""both"": false}",1124,-0.032,-1.22,-0.429,-16.89,22.99,3,8,-0.089,-0.061,-0.118,-0.04,0.027,0.034,0.048,-0.131
False,rsi2,"{""lo"": 10, ""hi"": 95, ""sl"": 2.0, ""tp"": 2.0, ""hold"": 12, ""both"": false}",1124,-0.032,-1.22,-0.429,-16.89,22.99,3,8,-0.089,-0.061,-0.118,-0.04,0.027,0.034,0.048,-0.131
True,bollinger_mr,"{""sl"": 3.0, ""tp"": 2.0, ""hold"": 6, ""both"": false}",395,-0.035,-1.23,-0.429,-6.82,9.93,3,8,-0.132,-0.025,-0.022,-0.084,0.007,-0.118,0.067,0.024
False,rsi2,"{""lo"": 10, ""hi"": 90, ""sl"": 2.0, ""tp"": 1.0, ""hold"": 6, ""both"": false}",1256,-0.021,-1.25,-0.429,-12.61,16.21,3,8,-0.053,0.006,-0.075,0.005,-0.012,-0.034,0.007,-0.019
False,rsi2,"{""lo"": 10, ""hi"": 95, ""sl"": 2.0, ""tp"": 1.0, ""hold"": 6, ""both"": false}",1256,-0.021,-1.25,-0.429,-12.61,16.21,3,8,-0.053,0.006,-0.075,0.005,-0.012,-0.034,0.007,-0.019
True,rsi2,"{""lo"": 5, ""hi"": 95, ""sl"": 3.0, ""tp"": 1.0, ""hold"": 12, ""both"": true}",1002,-0.021,-1.26,-0.43,-9.53,12.65,3,8,0.021,-0.036,-0.035,0.029,-0.024,-0.081,0.013,-0.068
False,bollinger_mr,"{""sl"": 2.0, ""tp"": 1.0, ""hold"": 12, ""both"": true}",735,-0.031,-1.26,-0.441,-11.19,13.35,3,8,-0.085,-0.004,-0.021,0.043,-0.051,-0.149,0.009,0.025
True,ema_state,"{""fast"": 10, ""slow"": 100, ""sl"": 2.0, ""trail"": 4.0, ""hold"": 6, ""both"": true}",5991,-0.014,-1.27,-0.447,-36.82,51.98,3,8,-0.051,-0.017,-0.054,-0.029,0.035,-0.053,0.036,0.037
False,ema_state,"{""fast"": 10, ""slow"": 100, ""sl"": 2.0, ""trail"": 4.0, ""hold"": 6, ""both"": true}",5991,-0.014,-1.27,-0.447,-36.83,51.98,3,8,-0.051,-0.017,-0.054,-0.029,0.035,-0.053,0.036,0.037
False,rsi2,"{""lo"": 5, ""hi"": 95, ""sl"": 3.0, ""tp"": 1.0, ""hold"": 12, ""both"": true}",998,-0.021,-1.29,-0.433,-9.77,13.04,3,8,0.007,-0.029,-0.039,0.034,-0.032,-0.084,0.017,-0.055
True,bollinger_mr,"{""sl"": 3.0, ""tp"": 2.0, ""hold"": 12, ""both"": false}",369,-0.044,-1.3,-0.452,-7.96,11.34,3,8,-0.12,-0.079,-0.04,-0.132,0.025,-0.129,0.077,0.029
False,ema_state,"{""fast"": 10, ""slow"": 100, ""sl"": 2.0, ""trail"": 0.0, ""hold"": 6, ""both"": true}",5991,-0.016,-1.44,-0.511,-40.83,55.33,3,8,-0.057,-0.018,-0.057,-0.036,0.034,-0.055,0.036,0.039
True,ema_state,"{""fast"": 10, ""slow"": 100, ""sl"": 2.0, ""trail"": 0.0, ""hold"": 6, ""both"": true}",5991,-0.016,-1.45,-0.514,-40.99,55.33,3,8,-0.057,-0.018,-0.057,-0.036,0.034,-0.055,0.036,0.039
True,ema_state,"{""fast"": 50, ""slow"": 100, ""sl"": 2.0, ""trail"": 4.0, ""hold"": 6, ""both"": true}",5991,-0.016,-1.46,-0.518,-40.48,57.46,3,8,-0.056,-0.037,-0.066,-0.025,0.016,-0.025,0.049,0.029
False,ema_state,"{""fast"": 50, ""slow"": 100, ""sl"": 2.0, ""trail"": 4.0, ""hold"": 6, ""both"": true}",5991,-0.016,-1.46,-0.518,-40.46,57.46,3,8,-0.056,-0.037,-0.066,-0.025,0.016,-0.025,0.049,0.029
False,rsi2,"{""lo"": 10, ""hi"": 90, ""sl"": 2.0, ""tp"": 1.0, ""hold"": 12, ""both"": false}",1200,-0.03,-1.52,-0.527,-16.3,18.19,3,8,-0.077,-0.037,-0.078,0.026,0.019,-0.017,0.001,-0.121
False,rsi2,"{""lo"": 10, ""hi"": 95, ""sl"": 2.0, ""tp"": 1.0, ""hold"": 12, ""both"": false}",1200,-0.03,-1.52,-0.527,-16.3,18.19,3,8,-0.077,-0.037,-0.078,0.026,0.019,-0.017,0.001,-0.121
True,ema_state,"{""fast"": 50, ""slow"": 100, ""sl"": 2.0, ""trail"": 0.0, ""hold"": 6, ""both"": true}",5991,-0.017,-1.56,-0.561,-43.13,59.59,3,8,-0.061,-0.034,-0.067,-0.032,0.015,-0.026,0.05,0.031
False,ema_state,"{""fast"": 50, ""slow"": 100, ""sl"": 2.0, ""trail"": 0.0, ""hold"": 6, ""both"": true}",5991,-0.017,-1.56,-0.56,-43.12,59.59,3,8,-0.061,-0.034,-0.067,-0.032,0.015,-0.026,0.05,0.031
True,bollinger_mr,"{""sl"": 2.0, ""tp"": 2.0, ""hold"": 6, ""both"": true}",708,-0.044,-1.57,-0.55,-14.93,19.04,3,8,-0.102,-0.079,-0.069,-0.014,0.053,-0.207,0.033,0.07
True,rsi2,"{""lo"": 5, ""hi"": 95, ""sl"": 3.0, ""tp"": 2.0, ""hold"": 12, ""both"": true}",969,-0.032,-1.58,-0.544,-14.44,18.9,3,8,0.029,-0.085,-0.066,-0.048,0.002,-0.084,0.051,-0.072
False,bollinger_mr,"{""sl"": 2.0, ""tp"": 2.0, ""hold"": 12, ""both"": true}",691,-0.051,-1.58,-0.553,-16.79,23.13,3,8,-0.119,-0.102,-0.095,-0.022,0.048,-0.242,0.108,0.044
True,bollinger_mr,"{""sl"": 3.0, ""tp"": 2.0, ""hold"": 6, ""both"": true}",667,-0.035,-1.6,-0.557,-10.94,13.65,3,8,-0.095,-0.089,-0.037,-0.018,0.028,-0.117,0.047,0.007
False,bollinger_mr,"{""sl"": 3.0, ""tp"": 2.0, ""hold"": 6, ""both"": true}",667,-0.035,-1.6,-0.553,-10.92,13.85,3,8,-0.087,-0.082,-0.036,-0.017,0.008,-0.119,0.047,0.016
False,rsi2,"{""lo"": 5, ""hi"": 90, ""sl"": 2.0, ""tp"": 1.0, ""hold"": 12, ""both"": false}",625,-0.044,-1.61,-0.542,-12.81,16.4,3,8,-0.01,0.028,-0.147,0.069,-0.079,-0.134,0.024,-0.146
False,rsi2,"{""lo"": 5, ""hi"": 95, ""sl"": 2.0, ""tp"": 1.0, ""hold"": 12, ""both"": false}",625,-0.044,-1.61,-0.542,-12.81,16.4,3,8,-0.01,0.028,-0.147,0.069,-0.079,-0.134,0.024,-0.146
False,bollinger_mr,"{""sl"": 2.0, ""tp"": 2.0, ""hold"": 6, ""both"": true}",708,-0.048,-1.67,-0.583,-15.86,20.21,3,8,-0.102,-0.069,-0.07,-0.013,0.021,-0.212,0.033,0.082
True,bollinger_mr,"{""sl"": 2.0, ""tp"": 2.0, ""hold"": 12, ""both"": false}",406,-0.071,-1.68,-0.571,-13.76,19.45,3,8,-0.236,-0.061,-0.071,-0.181,0.019,-0.204,0.103,0.108
True,rsi2,"{""lo"": 5, ""hi"": 90, ""sl"": 3.0, ""tp"": 1.0, ""hold"": 12, ""both"": true}",1369,-0.023,-1.71,-0.591,-14.61,17.58,3,8,0.012,-0.069,-0.039,0.03,-0.016,-0.08,0.016,-0.052
True,rsi2,"{""lo"": 10, ""hi"": 90, ""sl"": 2.0, ""tp"": 2.0, ""hold"": 6, ""both"": true}",2136,-0.027,-1.76,-0.634,-26.0,35.59,3,8,-0.066,-0.037,-0.067,-0.029,0.008,-0.056,0.024,0.022
True,rsi2,"{""lo"": 10, ""hi"": 95, ""sl"": 2.0, ""tp"": 2.0, ""hold"": 6, ""both"": true}",1685,-0.031,-1.8,-0.617,-23.14,29.73,3,8,-0.077,-0.039,-0.107,0.001,0.0,-0.022,0.022,-0.033
False,rsi2,"{""lo"": 5, ""hi"": 90, ""sl"": 3.0, ""tp"": 1.0, ""hold"": 12, ""both"": true}",1361,-0.025,-1.8,-0.625,-15.68,18.55,3,8,0.0,-0.061,-0.046,0.036,-0.023,-0.082,0.016,-0.051
False,ema_state,"{""fast"": 50, ""slow"": 200, ""sl"": 2.0, ""trail"": 4.0, ""hold"": 6, ""both"": true}",5991,-0.021,-1.97,-0.692,-48.6,58.43,3,8,-0.055,-0.047,-0.052,-0.016,0.006,-0.039,0.023,0.021
True,ema_state,"{""fast"": 50, ""slow"": 200, ""sl"": 2.0, ""trail"": 4.0, ""hold"": 6, ""both"": true}",5991,-0.021,-1.98,-0.692,-48.57,58.44,3,8,-0.055,-0.047,-0.052,-0.016,0.006,-0.039,0.023,0.021
True,ema_state,"{""fast"": 50, ""slow"": 200, ""sl"": 2.0, ""trail"": 0.0, ""hold"": 6, ""both"": true}",5991,-0.023,-2.15,-0.738,-51.18,60.93,3,8,-0.062,-0.046,-0.055,-0.025,0.006,-0.039,0.024,0.023
False,ema_state,"{""fast"": 50, ""slow"": 200, ""sl"": 2.0, ""trail"": 0.0, ""hold"": 6, ""both"": true}",5991,-0.023,-2.15,-0.738,-51.15,60.9,3,8,-0.062,-0.046,-0.055,-0.025,0.006,-0.039,0.024,0.023
False,donchian,"{""n"": 24, ""sl"": 2.0, ""trail"": 3.0, ""hold"": 12, ""filt"": ""ema200"", ""both"": true}",1555,-0.008,-0.27,-0.107,-8.38,32.96,2,8,-0.004,-0.011,-0.041,-0.107,-0.05,-0.028,0.088,0.133
True,donchian,"{""n"": 24, ""sl"": 2.0, ""trail"": 3.0, ""hold"": 12, ""filt"": ""ema200"", ""both"": true}",1595,-0.02,-0.76,-0.277,-16.74,34.32,2,8,-0.008,-0.011,-0.082,-0.102,-0.067,-0.014,0.069,0.073
True,bollinger_mr,"{""sl"": 3.0, ""tp"": 1.0, ""hold"": 12, ""both"": true}",685,-0.015,-0.76,-0.261,-4.91,6.24,2,8,-0.06,-0.047,-0.005,0.048,-0.006,-0.06,0.008,-0.013
False,rsi2,"{""lo"": 10, ""hi"": 90, ""sl"": 3.0, ""tp"": 1.0, ""hold"": 6, ""both"": false}",1185,-0.012,-0.94,-0.317,-6.83,9.94,2,8,-0.048,0.003,-0.028,-0.004,-0.026,-0.007,0.019,-0.01
False,rsi2,"{""lo"": 10, ""hi"": 95, ""sl"": 3.0, ""tp"": 1.0, ""hold"": 6, ""both"": false}",1185,-0.012,-0.94,-0.317,-6.83,9.94,2,8,-0.048,0.003,-0.028,-0.004,-0.026,-0.007,0.019,-0.01
True,bollinger_mr,"{""sl"": 2.0, ""tp"": 1.0, ""hold"": 6, ""both"": false}",439,-0.031,-1.03,-0.355,-6.7,8.54,2,8,-0.103,0.092,-0.037,-0.014,-0.031,-0.135,-0.024,0.085
False,bollinger_mr,"{""sl"": 2.0, ""tp"": 1.0, ""hold"": 6, ""both"": false}",439,-0.032,-1.06,-0.366,-6.94,8.87,2,8,-0.103,0.099,-0.035,-0.018,-0.064,-0.12,-0.024,0.085
False,rsi2,"{""lo"": 10, ""hi"": 90, ""sl"": 2.0, ""tp"": 2.0, ""hold"": 6, ""both"": false}",1239,-0.022,-1.08,-0.372,-13.08,20.94,2,8,-0.066,-0.003,-0.116,-0.013,-0.015,-0.003,0.031,0.007
False,rsi2,"{""lo"": 10, ""hi"": 95, ""sl"": 2.0, ""tp"": 2.0, ""hold"": 6, ""both"": false}",1239,-0.022,-1.08,-0.372,-13.08,20.94,2,8,-0.066,-0.003,-0.116,-0.013,-0.015,-0.003,0.031,0.007
True,ema_state,"{""fast"": 10, ""slow"": 200, ""sl"": 2.0, ""trail"": 4.0, ""hold"": 6, ""both"": true}",5991,-0.012,-1.11,-0.391,-33.24,55.72,2,8,-0.058,-0.038,-0.049,-0.016,-0.001,-0.011,0.041,0.052
False,ema_state,"{""fast"": 10, ""slow"": 200, ""sl"": 2.0, ""trail"": 4.0, ""hold"": 6, ""both"": true}",5991,-0.012,-1.11,-0.391,-33.23,55.72,2,8,-0.058,-0.038,-0.049,-0.016,-0.001,-0.011,0.041,0.052
True,donchian,"{""n"": 24, ""sl"": 2.0, ""trail"": 3.0, ""hold"": 12, ""filt"": null, ""both"": true}",1904,-0.027,-1.13,-0.409,-24.69,34.83,2,8,-0.011,0.033,-0.072,-0.102,-0.068,-0.014,-0.01,0.05
True,rsi2,"{""lo"": 5, ""hi"": 90, ""sl"": 3.0, ""tp"": 2.0, ""hold"": 12, ""both"": false}",567,-0.032,-1.18,-0.408,-8.66,14.11,2,8,0.047,-0.1,-0.124,-0.093,-0.008,-0.03,0.062,-0.08
True,rsi2,"{""lo"": 5, ""hi"": 95, ""sl"": 3.0, ""tp"": 2.0, ""hold"": 12, ""both"": false}",567,-0.032,-1.18,-0.408,-8.66,14.11,2,8,0.047,-0.1,-0.124,-0.093,-0.008,-0.03,0.062,-0.08
False,bollinger_mr,"{""sl"": 3.0, ""tp"": 2.0, ""hold"": 6, ""both"": false}",395,-0.035,-1.21,-0.423,-6.73,9.86,2,8,-0.132,-0.016,-0.013,-0.087,-0.01,-0.114,0.067,0.024
True,bollinger_mr,"{""sl"": 2.0, ""tp"": 1.0, ""hold"": 12, ""both"": true}",736,-0.031,-1.28,-0.445,-11.13,12.33,2,8,-0.086,-0.007,-0.014,0.046,-0.03,-0.154,0.002,-0.006
True,ema_state,"{""fast"": 10, ""slow"": 200, ""sl"": 2.0, ""trail"": 0.0, ""hold"": 6, ""both"": true}",5991,-0.014,-1.31,-0.47,-38.22,59.27,2,8,-0.063,-0.038,-0.054,-0.024,-0.002,-0.011,0.041,0.055
False,ema_state,"{""fast"": 10, ""slow"": 200, ""sl"": 2.0, ""trail"": 0.0, ""hold"": 6, ""both"": true}",5991,-0.014,-1.31,-0.47,-38.2,59.27,2,8,-0.063,-0.038,-0.054,-0.024,-0.002,-0.011,0.042,0.055
False,rsi2,"{""lo"": 5, ""hi"": 90, ""sl"": 3.0, ""tp"": 2.0, ""hold"": 12, ""both"": false}",564,-0.037,-1.33,-0.46,-9.86,14.86,2,8,0.019,-0.085,-0.126,-0.092,-0.038,-0.032,0.069,-0.08
False,rsi2,"{""lo"": 5, ""hi"": 95, ""sl"": 3.0, ""tp"": 2.0, ""hold"": 12, ""both"": false}",564,-0.037,-1.33,-0.46,-9.86,14.86,2,8,0.019,-0.085,-0.126,-0.092,-0.038,-0.032,0.069,-0.08
False,bollinger_mr,"{""sl"": 3.0, ""tp"": 2.0, ""hold"": 12, ""both"": false}",369,-0.045,-1.33,-0.458,-8.12,11.72,2,8,-0.121,-0.065,-0.033,-0.149,-0.005,-0.128,0.082,0.038
True,rsi2,"{""lo"": 10, ""hi"": 90, ""sl"": 3.0, ""tp"": 2.0, ""hold"": 12, ""both"": false}",1018,-0.027,-1.35,-0.461,-12.76,16.33,2,8,-0.102,-0.033,-0.034,-0.056,-0.009,0.058,0.011,-0.103
True,rsi2,"{""lo"": 10, ""hi"": 95, ""sl"": 3.0, ""tp"": 2.0, ""hold"": 12, ""both"": false}",1018,-0.027,-1.35,-0.461,-12.76,16.33,2,8,-0.102,-0.033,-0.034,-0.056,-0.009,0.058,0.011,-0.103
True,ema_state,"{""fast"": 20, ""slow"": 200, ""sl"": 2.0, ""trail"": 4.0, ""hold"": 6, ""both"": true}",5991,-0.015,-1.37,-0.484,-38.48,58.42,2,8,-0.049,-0.048,-0.068,-0.011,-0.005,-0.011,0.049,0.041
False,ema_state,"{""fast"": 20, ""slow"": 200, ""sl"": 2.0, ""trail"": 4.0, ""hold"": 6, ""both"": true}",5991,-0.015,-1.37,-0.484,-38.46,58.42,2,8,-0.049,-0.048,-0.068,-0.011,-0.005,-0.011,0.049,0.041
True,rsi2,"{""lo"": 10, ""hi"": 95, ""sl"": 3.0, ""tp"": 2.0, ""hold"": 6, ""both"": true}",1593,-0.018,-1.42,-0.475,-13.0,19.41,2,8,-0.075,-0.034,-0.049,-0.001,-0.014,0.007,0.034,-0.014
True,rsi2,"{""lo"": 10, ""hi"": 90, ""sl"": 3.0, ""tp"": 1.0, ""hold"": 12, ""both"": false}",1104,-0.023,-1.47,-0.493,-11.37,13.24,2,8,-0.063,-0.035,-0.021,0.002,-0.007,0.007,-0.018,-0.071
True,rsi2,"{""lo"": 10, ""hi"": 95, ""sl"": 3.0, ""tp"": 1.0, ""hold"": 12, ""both"": false}",1104,-0.023,-1.47,-0.493,-11.37,13.24,2,8,-0.063,-0.035,-0.021,0.002,-0.007,0.007,-0.018,-0.071
True,rsi2,"{""lo"": 10, ""hi"": 90, ""sl"": 2.0, ""tp"": 1.0, ""hold"": 12, ""both"": false}",1205,-0.028,-1.48,-0.516,-15.87,17.79,2,8,-0.072,-0.042,-0.082,0.029,0.035,-0.017,-0.004,-0.121
True,rsi2,"{""lo"": 10, ""hi"": 95, ""sl"": 2.0, ""tp"": 1.0, ""hold"": 12, ""both"": false}",1205,-0.028,-1.48,-0.516,-15.87,17.79,2,8,-0.072,-0.042,-0.082,0.029,0.035,-0.017,-0.004,-0.121
True,rsi2,"{""lo"": 10, ""hi"": 95, ""sl"": 3.0, ""tp"": 1.0, ""hold"": 6, ""both"": true}",1620,-0.017,-1.55,-0.525,-12.48,14.82,2,8,-0.048,-0.02,-0.033,0.016,-0.023,-0.022,0.013,-0.018
False,rsi2,"{""lo"": 10, ""hi"": 95, ""sl"": 3.0, ""tp"": 2.0, ""hold"": 6, ""both"": true}",1589,-0.02,-1.55,-0.53,-14.44,19.88,2,8,-0.076,-0.029,-0.047,-0.004,-0.022,0.005,0.026,-0.01
True,ema_state,"{""fast"": 20, ""slow"": 200, ""sl"": 2.0, ""trail"": 0.0, ""hold"": 6, ""both"": true}",5991,-0.017,-1.56,-0.553,-42.63,61.87,2,8,-0.055,-0.048,-0.073,-0.019,-0.006,-0.012,0.05,0.043
False,ema_state,"{""fast"": 20, ""slow"": 200, ""sl"": 2.0, ""trail"": 0.0, ""hold"": 6, ""both"": true}",5991,-0.017,-1.56,-0.551,-42.57,61.87,2,8,-0.055,-0.048,-0.073,-0.019,-0.006,-0.012,0.05,0.043
True,rsi2,"{""lo"": 5, ""hi"": 90, ""sl"": 3.0, ""tp"": 1.0, ""hold"": 6, ""both"": true}",1479,-0.018,-1.59,-0.556,-12.57,18.12,2,8,-0.002,-0.039,-0.036,0.011,-0.031,-0.069,0.036,-0.011
True,rsi2,"{""lo"": 10, ""hi"": 95, ""sl"": 3.0, ""tp"": 2.0, ""hold"": 12, ""both"": true}",1416,-0.027,-1.59,-0.546,-17.27,20.04,2,8,-0.074,-0.041,-0.022,-0.034,-0.002,0.003,0.017,-0.088
True,bollinger_mr,"{""sl"": 2.0, ""tp"": 2.0, ""hold"": 12, ""both"": true}",692,-0.052,-1.62,-0.557,-16.7,21.58,2,8,-0.124,-0.094,-0.088,-0.014,0.071,-0.239,0.095,-0.016
False,rsi2,"{""lo"": 5, ""hi"": 95, ""sl"": 3.0, ""tp"": 2.0, ""hold"": 12, ""both"": true}",963,-0.035,-1.68,-0.578,-15.49,20.11,2,8,0.015,-0.076,-0.074,-0.049,-0.012,-0.089,0.061,-0.066
False,bollinger_mr,"{""sl"": 2.0, ""tp"": 2.0, ""hold"": 12, ""both"": false}",406,-0.072,-1.68,-0.576,-13.97,20.24,2,8,-0.238,-0.056,-0.057,-0.217,-0.014,-0.193,0.119,0.121
True,rsi2,"{""lo"": 10, ""hi"": 95, ""sl"": 2.0, ""tp"": 2.0, ""hold"": 12, ""both"": true}",1559,-0.036,-1.69,-0.587,-25.16,29.65,2,8,-0.059,-0.079,-0.091,-0.026,0.038,-0.035,0.031,-0.103
False,rsi2,"{""lo"": 10, ""hi"": 95, ""sl"": 2.0, ""tp"": 2.0, ""hold"": 12, ""both"": true}",1548,-0.038,-1.72,-0.589,-25.55,31.46,2,8,-0.055,-0.07,-0.106,-0.03,0.03,-0.044,0.035,-0.09
True,bollinger_mr,"{""sl"": 3.0, ""tp"": 1.0, ""hold"": 6, ""both"": true}",696,-0.031,-1.73,-0.611,-10.0,10.51,2,8,-0.072,-0.043,-0.031,0.024,-0.024,-0.086,0.0,-0.028
False,bollinger_mr,"{""sl"": 3.0, ""tp"": 1.0, ""hold"": 6, ""both"": true}",696,-0.031,-1.73,-0.605,-10.01,10.59,2,8,-0.065,-0.04,-0.031,0.025,-0.042,-0.084,0.0,-0.022
False,rsi2,"{""lo"": 5, ""hi"": 90, ""sl"": 3.0, ""tp"": 1.0, ""hold"": 6, ""both"": true}",1478,-0.02,-1.74,-0.605,-13.71,18.64,2,8,-0.004,-0.037,-0.036,0.013,-0.039,-0.068,0.035,-0.018
False,rsi2,"{""lo"": 10, ""hi"": 95, ""sl"": 3.0, ""tp"": 1.0, ""hold"": 6, ""both"": true}",1616,-0.019,-1.74,-0.584,-13.84,16.24,2,8,-0.05,-0.018,-0.033,0.011,-0.032,-0.02,0.008,-0.018
True,rsi2,"{""lo"": 10, ""hi"": 90, ""sl"": 3.0, ""tp"": 2.0, ""hold"": 6, ""both"": true}",2026,-0.02,-1.77,-0.626,-18.45,26.06,2,8,-0.068,-0.038,-0.034,-0.017,-0.012,-0.023,0.027,0.014
True,ema_state,"{""fast"": 50, ""slow"": 200, ""sl"": 3.0, ""trail"": 0.0, ""hold"": 6, ""both"": true}",5991,-0.014,-1.78,-0.605,-34.45,43.34,2,8,-0.058,-0.036,-0.021,-0.012,0.013,-0.012,0.018,-0.002
False,ema_state,"{""fast"": 50, ""slow"": 200, ""sl"": 3.0, ""trail"": 0.0, ""hold"": 6, ""both"": true}",5991,-0.014,-1.78,-0.601,-34.29,43.34,2,8,-0.058,-0.036,-0.021,-0.012,0.013,-0.012,0.018,-0.002
False,ema_state,"{""fast"": 50, ""slow"": 200, ""sl"": 3.0, ""trail"": 4.0, ""hold"": 6, ""both"": true}",5991,-0.014,-1.82,-0.615,-34.35,41.67,2,8,-0.049,-0.036,-0.027,-0.008,0.012,-0.017,0.018,-0.003
True,ema_state,"{""fast"": 50, ""slow"": 200, ""sl"": 3.0, ""trail"": 4.0, ""hold"": 6, ""both"": true}",5991,-0.014,-1.83,-0.616,-34.36,41.67,2,8,-0.049,-0.036,-0.027,-0.008,0.012,-0.017,0.018,-0.003
True,rsi2,"{""lo"": 5, ""hi"": 90, ""sl"": 2.0, ""tp"": 1.0, ""hold"": 6, ""both"": true}",1545,-0.029,-1.88,-0.662,-20.24,27.13,2,8,-0.009,-0.029,-0.064,0.011,-0.036,-0.125,0.042,-0.004
True,bollinger_mr,"{""sl"": 2.0, ""tp"": 1.0, ""hold"": 6, ""both"": true}",741,-0.043,-1.89,-0.665,-14.89,15.67,2,8,-0.063,-0.016,-0.037,0.009,-0.052,-0.145,-0.039,0.023
False,rsi2,"{""lo"": 10, ""hi"": 95, ""sl"": 2.0, ""tp"": 1.0, ""hold"": 12, ""both"": true}",1633,-0.032,-1.9,-0.655,-22.76,25.08,2,8,-0.06,-0.043,-0.047,0.031,0.012,-0.072,-0.008,-0.086
True,rsi2,"{""lo"": 10, ""hi"": 95, ""sl"": 2.0, ""tp"": 1.0, ""hold"": 12, ""both"": true}",1640,-0.032,-1.92,-0.661,-22.73,25.05,2,8,-0.056,-0.047,-0.043,0.03,0.02,-0.071,-0.015,-0.093
True,rsi2,"{""lo"": 5, ""hi"": 90, ""sl"": 2.0, ""tp"": 2.0, ""hold"": 12, ""both"": false}",617,-0.067,-1.93,-0.68,-18.99,23.15,2,8,0.037,-0.073,-0.256,-0.065,-0.066,-0.1,0.071,-0.178
True,rsi2,"{""lo"": 5, ""hi"": 95, ""sl"": 2.0, ""tp"": 2.0, ""hold"": 12, ""both"": false}",617,-0.067,-1.93,-0.68,-18.99,23.15,2,8,0.037,-0.073,-0.256,-0.065,-0.066,-0.1,0.071,-0.178
True,rsi2,"{""lo"": 5, ""hi"": 90, ""sl"": 2.0, ""tp"": 2.0, ""hold"": 6, ""both"": true}",1532,-0.035,-1.94,-0.692,-24.24,34.58,2,8,-0.026,-0.018,-0.09,-0.041,-0.02,-0.143,0.054,0.032
False,rsi2,"{""lo"": 5, ""hi"": 95, ""sl"": 2.0, ""tp"": 1.0, ""hold"": 12, ""both"": true}",1058,-0.041,-1.97,-0.667,-19.51,22.83,2,8,-0.01,-0.007,-0.071,0.055,-0.048,-0.17,0.004,-0.085
True,rsi2,"{""lo"": 5, ""hi"": 95, ""sl"": 2.0, ""tp"": 1.0, ""hold"": 12, ""both"": true}",1062,-0.041,-1.98,-0.68,-19.46,22.79,2,8,0.014,-0.016,-0.06,0.043,-0.041,-0.168,-0.008,-0.094
True,rsi2,"{""lo"": 5, ""hi"": 90, ""sl"": 3.0, ""tp"": 2.0, ""hold"": 6, ""both"": true}",1461,-0.027,-1.99,-0.689,-17.5,25.6,2,8,-0.032,-0.035,-0.051,-0.026,-0.021,-0.089,0.042,0.011
False,rsi2,"{""lo"": 10, ""hi"": 90, ""sl"": 3.0, ""tp"": 2.0, ""hold"": 6, ""both"": true}",2021,-0.023,-2.0,-0.687,-20.2,27.78,2,8,-0.069,-0.035,-0.033,-0.019,-0.022,-0.024,0.018,0.01
False,bollinger_mr,"{""sl"": 2.0, ""tp"": 1.0, ""hold"": 6, ""both"": true}",741,-0.047,-2.01,-0.705,-15.89,16.97,2,8,-0.063,-0.012,-0.04,0.01,-0.083,-0.144,-0.039,0.032
False,rsi2,"{""lo"": 5, ""hi"": 90, ""sl"": 2.0, ""tp"": 1.0, ""hold"": 6, ""both"": true}",1545,-0.031,-2.02,-0.701,-21.46,27.75,2,8,-0.012,-0.024,-0.066,0.013,-0.049,-0.124,0.039,-0.011
False,rsi2,"{""lo"": 10, ""hi"": 90, ""sl"": 2.0, ""tp"": 2.0, ""hold"": 6, ""both"": true}",2134,-0.031,-2.03,-0.719,-29.03,38.05,2,8,-0.067,-0.031,-0.067,-0.031,-0.009,-0.061,0.015,0.017
True,rsi2,"{""lo"": 10, ""hi"": 90, ""sl"": 2.0, ""tp"": 1.0, ""hold"": 6, ""both"": true}",2162,-0.026,-2.06,-0.726,-25.31,29.7,2,8,-0.048,-0.045,-0.048,0.002,-0.004,-0.072,0.014,-0.006
True,rsi2,"{""lo"": 10, ""hi"": 90, ""sl"": 3.0, ""tp"": 1.0, ""hold"": 6, ""both"": true}",2059,-0.02,-2.07,-0.712,-18.37,21.87,2,8,-0.047,-0.038,-0.026,0.003,-0.022,-0.034,0.016,-0.008
True,rsi2,"{""lo"": 5, ""hi"": 95, ""sl"": 2.0, ""tp"": 2.0, ""hold"": 6, ""both"": true}",1081,-0.045,-2.08,-0.716,-21.75,28.85,2,8,-0.03,-0.015,-0.161,0.001,-0.046,-0.12,0.061,-0.038
False,rsi2,"{""lo"": 5, ""hi"": 90, ""sl"": 2.0, ""tp"": 2.0, ""hold"": 6, ""both"": true}",1532,-0.038,-2.08,-0.744,-25.98,35.83,2,8,-0.029,-0.015,-0.093,-0.042,-0.035,-0.139,0.052,0.025
False,rsi2,"{""lo"": 5, ""hi"": 90, ""sl"": 3.0, ""tp"": 2.0, ""hold"": 6, ""both"": true}",1460,-0.029,-2.12,-0.733,-18.61,26.49,2,8,-0.034,-0.035,-0.053,-0.027,-0.029,-0.086,0.042,0.007
True,rsi2,"{""lo"": 10, ""hi"": 90, ""sl"": 2.0, ""tp"": 2.0, ""hold"": 12, ""both"": true}",1929,-0.043,-2.24,-0.787,-34.32,38.59,2,8,-0.07,-0.083,-0.078,-0.029,0.026,-0.074,0.027,-0.078
False,rsi2,"{""lo"": 10, ""hi"": 90, ""sl"": 2.0, ""tp"": 2.0, ""hold"": 12, ""both"": true}",1916,-0.044,-2.24,-0.779,-34.34,39.94,2,8,-0.066,-0.075,-0.081,-0.034,0.016,-0.083,0.028,-0.067
False,rsi2,"{""lo"": 10, ""hi"": 90, ""sl"": 3.0, ""tp"": 1.0, ""hold"": 6, ""both"": true}",2054,-0.023,-2.34,-0.787,-20.29,23.72,2,8,-0.049,-0.038,-0.025,0.001,-0.033,-0.032,0.01,-0.014
False,rsi2,"{""lo"": 5, ""hi"": 95, ""sl"": 2.0, ""tp"": 2.0, ""hold"": 12, ""both"": true}",1038,-0.064,-2.36,-0.828,-28.6,33.41,2,8,0.013,-0.076,-0.179,-0.033,-0.042,-0.159,0.062,-0.097
True,rsi2,"{""lo"": 5, ""hi"": 95, ""sl"": 2.0, ""tp"": 2.0, ""hold"": 12, ""both"": true}",1044,-0.063,-2.37,-0.823,-28.03,32.28,2,8,0.035,-0.082,-0.166,-0.038,-0.024,-0.158,0.039,-0.112
True,rsi2,"{""lo"": 10, ""hi"": 90, ""sl"": 2.0, ""tp"": 1.0, ""hold"": 12, ""both"": true}",2045,-0.035,-2.37,-0.829,-30.28,32.81,2,8,-0.056,-0.069,-0.04,0.017,0.007,-0.083,-0.0,-0.069
True,rsi2,"{""lo"": 5, ""hi"": 90, ""sl"": 3.0, ""tp"": 2.0, ""hold"": 12, ""both"": true}",1297,-0.042,-2.41,-0.822,-23.29,26.73,2,8,-0.005,-0.104,-0.086,-0.043,0.019,-0.096,0.032,-0.057
True,rsi2,"{""lo"": 10, ""hi"": 90, ""sl"": 3.0, ""tp"": 2.0, ""hold"": 12, ""both"": true}",1746,-0.036,-2.41,-0.843,-27.16,29.58,2,8,-0.083,-0.061,-0.047,-0.036,0.011,-0.022,0.004,-0.071
False,rsi2,"{""lo"": 10, ""hi"": 90, ""sl"": 2.0, ""tp"": 1.0, ""hold"": 12, ""both"": true}",2035,-0.036,-2.42,-0.842,-30.89,33.38,2,8,-0.061,-0.065,-0.044,0.018,-0.001,-0.084,0.003,-0.071
False,rsi2,"{""lo"": 5, ""hi"": 90, ""sl"": 3.0, ""tp"": 2.0, ""hold"": 12, ""both"": true}",1291,-0.043,-2.45,-0.85,-24.27,28.83,2,8,-0.015,-0.097,-0.091,-0.045,0.009,-0.101,0.034,-0.039
True,rsi2,"{""lo"": 5, ""hi"": 90, ""sl"": 2.0, ""tp"": 1.0, ""hold"": 12, ""both"": true}",1467,-0.043,-2.46,-0.856,-27.37,30.49,2,8,-0.002,-0.057,-0.05,0.02,-0.04,-0.165,0.013,-0.064
False,rsi2,"{""lo"": 5, ""hi"": 90, ""sl"": 2.0, ""tp"": 1.0, ""hold"": 12, ""both"": true}",1460,-0.045,-2.53,-0.863,-27.92,31.04,2,8,-0.021,-0.048,-0.059,0.028,-0.047,-0.165,0.018,-0.066
False,rsi2,"{""lo"": 5, ""hi"": 95, ""sl"": 3.0, ""tp"": 2.0, ""hold"": 6, ""both"": true}",1028,-0.026,-1.65,-0.562,-12.59,18.85,1,8,-0.034,-0.026,-0.084,-0.008,-0.033,-0.063,0.061,-0.024
True,rsi2,"{""lo"": 5, ""hi"": 95, ""sl"": 3.0, ""tp"": 2.0, ""hold"": 6, ""both"": true}",1028,-0.026,-1.66,-0.564,-12.6,18.64,1,8,-0.031,-0.028,-0.081,-0.005,-0.029,-0.067,0.059,-0.029
False,rsi2,"{""lo"": 10, ""hi"": 90, ""sl"": 3.0, ""tp"": 1.0, ""hold"": 12, ""both"": false}",1096,-0.026,-1.66,-0.567,-13.16,14.98,1,8,-0.067,-0.037,-0.018,-0.002,-0.023,0.0,-0.015,-0.071
False,rsi2,"{""lo"": 10, ""hi"": 95, ""sl"": 3.0, ""tp"": 1.0, ""hold"": 12, ""both"": false}",1096,-0.026,-1.66,-0.567,-13.16,14.98,1,8,-0.067,-0.037,-0.018,-0.002,-0.023,0.0,-0.015,-0.071
False,rsi2,"{""lo"": 10, ""hi"": 90, ""sl"": 3.0, ""tp"": 2.0, ""hold"": 12, ""both"": false}",1006,-0.035,-1.68,-0.569,-15.69,19.5,1,8,-0.099,-0.028,-0.04,-0.062,-0.029,0.041,-0.004,-0.1
False,rsi2,"{""lo"": 10, ""hi"": 95, ""sl"": 3.0, ""tp"": 2.0, ""hold"": 12, ""both"": false}",1006,-0.035,-1.68,-0.569,-15.69,19.5,1,8,-0.099,-0.028,-0.04,-0.062,-0.029,0.041,-0.004,-0.1
True,rsi2,"{""lo"": 10, ""hi"": 95, ""sl"": 3.0, ""tp"": 1.0, ""hold"": 12, ""both"": true}",1514,-0.024,-1.82,-0.624,-16.34,18.41,1,8,-0.058,-0.031,-0.007,0.012,-0.013,-0.024,-0.02,-0.069
True,rsi2,"{""lo"": 10, ""hi"": 95, ""sl"": 2.0, ""tp"": 1.0, ""hold"": 6, ""both"": true}",1705,-0.026,-1.83,-0.619,-19.89,23.38,1,8,-0.045,-0.023,-0.064,0.029,-0.01,-0.06,-0.005,-0.035
False,rsi2,"{""lo"": 10, ""hi"": 95, ""sl"": 3.0, ""tp"": 2.0, ""hold"": 12, ""both"": true}",1401,-0.032,-1.83,-0.622,-19.67,23.23,1,8,-0.069,-0.037,-0.03,-0.039,-0.014,-0.009,0.008,-0.081
False,rsi2,"{""lo"": 10, ""hi"": 95, ""sl"": 3.0, ""tp"": 1.0, ""hold"": 12, ""both"": true}",1504,-0.025,-1.88,-0.641,-16.99,19.04,1,8,-0.059,-0.033,-0.006,0.009,-0.022,-0.028,-0.015,-0.06
False,rsi2,"{""lo"": 10, ""hi"": 95, ""sl"": 2.0, ""tp"": 2.0, ""hold"": 6, ""both"": true}",1683,-0.034,-1.97,-0.681,-25.24,31.95,1,8,-0.078,-0.033,-0.107,-0.003,-0.015,-0.029,0.016,-0.028
False,rsi2,"{""lo"": 5, ""hi"": 90, ""sl"": 2.0, ""tp"": 2.0, ""hold"": 12, ""both"": false}",614,-0.07,-1.98,-0.69,-19.63,23.93,1,8,-0.004,-0.061,-0.253,-0.058,-0.104,-0.097,0.092,-0.178
False,rsi2,"{""lo"": 5, ""hi"": 95, ""sl"": 2.0, ""tp"": 2.0, ""hold"": 12, ""both"": false}",614,-0.07,-1.98,-0.69,-19.63,23.93,1,8,-0.004,-0.061,-0.253,-0.058,-0.104,-0.097,0.092,-0.178
False,rsi2,"{""lo"": 10, ""hi"": 95, ""sl"": 2.0, ""tp"": 1.0, ""hold"": 6, ""both"": true}",1703,-0.029,-2.04,-0.705,-22.42,25.68,1,8,-0.049,-0.02,-0.064,0.021,-0.025,-0.057,-0.009,-0.035
False,rsi2,"{""lo"": 5, ""hi"": 95, ""sl"": 2.0, ""tp"": 2.0, ""hold"": 6, ""both"": true}",1081,-0.045,-2.09,-0.72,-21.94,29.39,1,8,-0.033,-0.013,-0.163,-0.003,-0.056,-0.115,0.064,-0.031
True,rsi2,"{""lo"": 10, ""hi"": 90, ""sl"": 3.0, ""tp"": 1.0, ""hold"": 12, ""both"": true}",1882,-0.026,-2.2,-0.756,-21.15,23.2,1,8,-0.052,-0.055,-0.017,0.013,-0.01,-0.034,-0.012,-0.056
False,rsi2,"{""lo"": 10, ""hi"": 90, ""sl"": 2.0, ""tp"": 1.0, ""hold"": 6, ""both"": true}",2160,-0.03,-2.31,-0.806,-27.88,32.02,1,8,-0.051,-0.042,-0.046,-0.001,-0.021,-0.07,0.008,-0.011
False,rsi2,"{""lo"": 10, ""hi"": 90, ""sl"": 3.0, ""tp"": 1.0, ""hold"": 12, ""both"": true}",1868,-0.028,-2.32,-0.792,-22.43,24.42,1,8,-0.054,-0.055,-0.019,0.013,-0.018,-0.037,-0.01,-0.055
False,rsi2,"{""lo"": 10, ""hi"": 90, ""sl"": 3.0, ""tp"": 2.0, ""hold"": 12, ""both"": true}",1731,-0.04,-2.59,-0.891,-28.84,32.17,1,8,-0.078,-0.057,-0.053,-0.041,0.002,-0.032,-0.008,-0.055
False,rsi2,"{""lo"": 5, ""hi"": 90, ""sl"": 2.0, ""tp"": 2.0, ""hold"": 12, ""both"": true}",1406,-0.065,-2.86,-1.007,-36.88,41.33,1,8,-0.017,-0.082,-0.124,-0.037,-0.04,-0.188,0.046,-0.067
True,rsi2,"{""lo"": 5, ""hi"": 90, ""sl"": 2.0, ""tp"": 2.0, ""hold"": 12, ""both"": true}",1414,-0.065,-2.9,-1.017,-36.85,40.58,1,8,-0.002,-0.088,-0.126,-0.038,-0.024,-0.187,0.033,-0.078
