entry_time,exit_time,dir,entry,exit,lots,pnl,risk_usd,reason,leg,R
2019-01-02 01:15:00,2019-01-02 09:10:00,1,1281.6200000000001,1286.26,0.62,283.33999999999213,495.9402829874593,TIME,drift,0.5713187851835719
2019-01-02 01:07:00,2019-01-02 16:35:00,1,1281.64,1284.32,0.22,57.419999999996406,243.49705501651252,NEWS,season,0.23581394032097236
2019-01-02 01:10:00,2019-01-02 16:35:00,1,1281.96,1284.32,0.22,50.3799999999978,485.4541100330251,NEWS,tom,0.10377911930042262
2019-01-02 07:30:00,2019-01-02 16:35:00,1,1284.94,1284.32,0.67,-46.23000000000793,494.4599999999964,NEWS,nr7,-0.09349593495936631
2019-01-02 08:00:00,2019-01-02 16:35:00,1,1286.44,1284.32,0.54,-118.2600000000064,493.9973695987417,NEWS,trendH4,-0.23939398725152164
2019-01-02 10:15:00,2019-01-02 16:35:00,1,1285.78,1284.32,0.45,-68.85000000000164,498.0621579883211,NEWS,lw,-0.13823575811920263
2019-01-02 12:00:00,2019-01-02 16:35:00,1,1287.25,1284.32,0.55,-165.00000000000352,500.6206955839686,NEWS,trendH4,-0.329590848831235
2019-01-02 18:15:00,2019-01-02 23:45:00,1,1287.17,1284.46,0.45,-125.10000000000166,498.0621579883211,TIME,tday,-0.2511734690009015
2019-01-03 01:15:00,2019-01-03 09:10:00,1,1289.3700000000001,1291.58,0.45,96.2999999999914,493.57048535611045,TIME,drift,0.19510891120345472
2019-01-03 01:07:00,2019-01-03 15:05:00,1,1288.45,1288.66,0.22,3.0800000000008003,241.9601225153331,NEWS,season,0.012729370311033876
2019-01-03 10:30:00,2019-01-03 15:05:00,1,1289.81,1288.66,0.45,-54.89999999999387,494.9184324177268,NEWS,lw,-0.11092736985325398
2019-01-04 01:15:00,2019-01-04 09:10:00,1,1293.47,1293.69,0.47000000000000003,7.050000000001282,495.5449641498502,TIME,drift,0.014226761464716246
2019-01-04 01:05:00,2019-01-04 15:20:00,1,1294.02,1290.12,0.3,-119.10000000000272,494.19568724503273,NEWS,friday,-0.240997651484867
2019-01-04 01:07:00,2019-01-04 15:20:00,1,1293.88,1290.12,0.22,-84.26000000000481,242.12011376423825,NEWS,season,-0.3480090880927474
2019-01-04 04:00:00,2019-01-04 15:20:00,1,1297.18,1290.12,0.51,-363.6300000000088,491.2093413971914,NEWS,trendH4,-0.7402750097661069
2019-01-04 23:05:00,2019-01-04 23:55:00,1,1285.09,1284.64,0.9,-46.799999999983626,493.3311646045291,TIME,fri_close,-0.09486528189943176
2019-01-07 01:07:00,2019-01-07 16:50:00,1,1285.77,1291.62,0.21,121.37999999999809,247.5764644728476,NEWS,season,0.4902727739425739
2019-01-07 15:15:00,2019-01-07 16:50:00,1,1293.18,1291.62,0.42,-68.46000000000724,495.1529289456952,NEWS,tday900,-0.1382603151429918
2019-01-07 15:30:00,2019-01-07 16:50:00,1,1294.21,1291.62,0.42,-111.72000000000611,495.1529289456952,NEWS,lw,-0.22562726274867448
2019-01-08 01:15:00,2019-01-08 09:10:00,1,1289.51,1282.93,0.5700000000000001,-379.0499999999959,492.89855803757456,TIME,drift,-0.7690223349590328
2019-01-08 01:07:00,2019-01-08 16:50:00,1,1289.47,1281.82,0.2,-154.40000000000182,236.74517266306236,NEWS,season,-0.652178028650853
2019-01-09 01:15:00,2019-01-09 09:10:00,1,1285.11,1282.28,0.59,-171.09999999999567,490.1432244407765,TIME,drift,-0.3490816387295985
2019-01-09 01:07:00,2019-01-09 17:20:00,1,1285.2,1290.96,0.2,113.79999999999981,235.37766032998672,NEWS,season,0.4834783379206777
2019-01-09 16:45:00,2019-01-09 17:20:00,1,1289.32,1290.96,0.41000000000000003,64.3700000000041,482.5242036764728,NEWS,lw,0.13340263454051204
2019-01-09 18:15:00,2019-01-09 19:50:00,1,1289.75,1289.31,0.41000000000000003,-20.91000000000224,482.5242036764728,NEWS,tday,-0.043334613767938915
2019-01-10 01:15:00,2019-01-10 09:15:00,1,1293.1100000000001,1295.68,0.53,132.49999999999662,488.14410050639503,TIME,drift,0.27143624159862356
2019-01-10 01:05:00,2019-01-10 15:20:00,1,1293.27,1293.43,0.41000000000000003,3.690000000003356,488.5603319852962,NEWS,strong_close,0.007552803120566102
2019-01-10 01:07:00,2019-01-10 15:20:00,1,1293.21,1293.43,0.2,3.0000000000005453,238.32211316355912,NEWS,season,0.012588005200934343
2019-01-11 01:15:00,2019-01-11 09:10:00,1,1287.91,1293.6,0.6,337.19999999998964,486.1056623898014,TIME,drift,0.6936763467066829
2019-01-11 01:05:00,2019-01-11 15:20:00,1,1287.05,1292.46,0.27,144.18000000000222,478.92033064504983,NEWS,friday,0.3010521599820341
2019-01-11 01:07:00,2019-01-11 15:20:00,1,1287.35,1292.46,0.2,100.80000000000256,236.97053365187645,NEWS,season,0.42536934211442357
2019-01-11 10:15:00,2019-01-11 15:20:00,1,1295.25,1292.46,0.41000000000000003,-117.25999999999853,485.78959398634674,NEWS,lw,-0.24138022191412803
2019-01-11 23:05:00,2019-01-11 23:55:00,1,1288.49,1287.57,1.44,-142.5600000000105,493.58960542258876,TIME,fri_close,-0.288822937991081
2019-01-14 15:15:00,2019-01-14 23:45:00,1,1295.05,1291.83,0.42,-138.18000000000114,488.34254062115855,TIME,tday900,-0.2829571223187722
2019-01-14 01:07:00,2019-01-14 23:47:00,1,1288.28,1291.72,0.21,70.77000000000115,244.17127031057927,TIME,season,0.28983753866695133
2019-01-15 01:15:00,2019-01-15 09:10:00,1,1292.62,1290.26,0.6,-145.799999999994,493.3133631262799,TIME,drift,-0.2955525045500777
2019-01-14 10:15:00,2019-01-15 11:16:00,1,1293.29,1288.39,0.42,-242.12159999999423,488.34254062115855,TIME,lw,-0.4958028020496066
2019-01-14 13:00:00,2019-01-15 14:01:00,1,1295.31,1291.12,0.56,-283.0688000000031,490.56000000000313,TIME,inside,-0.5770319634703223
2019-01-15 01:07:00,2019-01-15 15:20:00,1,1292.66,1289.55,0.21,-66.78000000000267,239.67546528839497,NEWS,season,-0.27862676690602484
2019-01-16 01:15:00,2019-01-16 09:10:00,1,1289.45,1291.83,0.58,133.9799999999931,488.05503730730135,TIME,drift,0.2745182197876452
2019-01-16 01:07:00,2019-01-16 17:20:00,1,1289.98,1293.16,0.22,68.4200000000014,245.78796963428906,NEWS,season,0.27837001176991844
2019-01-16 17:00:00,2019-01-16 17:20:00,1,1292.67,1293.16,0.44,18.480000000000402,491.5759392685781,NEWS,lw,0.0375933777952945
2019-01-16 18:15:00,2019-01-16 23:45:00,1,1294.6200000000001,1293.38,0.44,-57.6400000000004,491.5759392685781,TIME,tday,-0.11725553550436921
2019-01-17 01:15:00,2019-01-17 09:10:00,1,1293.88,1291.97,0.71,-140.5800000000058,491.9044746947045,TIME,drift,-0.285787194937097
2019-01-17 01:07:00,2019-01-17 15:20:00,1,1293.87,1292.43,0.22,-33.2199999999962,239.53025751755433,NEWS,season,-0.13868811541507076
2019-01-18 01:15:00,2019-01-18 09:10:00,1,1292.28,1291.86,0.68,-33.320000000004946,488.07501685347825,TIME,drift,-0.0682681941288704
2019-01-18 01:07:00,2019-01-18 15:13:00,1,1292.6000000000001,1282.0349566632203,0.23,-244.6059967459356,243.4559967459374,SL,season,-1.0047236462250644
2019-01-18 01:05:00,2019-01-18 23:00:00,1,1292.48,1280.68,0.31,-367.9699999999986,491.1195151602647,TIME,friday,-0.7492473596369321
2019-01-18 23:05:00,2019-01-18 23:55:00,1,1281.1,1281.31,1.35,18.900000000004916,485.3018323064264,TIME,fri_close,0.03894483544432857
2019-01-21 01:07:00,2019-01-22 04:47:00,1,1283.0900000000001,1278.13,0.22,-128.1456000000008,234.95302816564643,TIME,season,-0.5454094420509263
2019-01-22 01:15:00,2019-01-22 09:10:00,1,1280.16,1279.0,0.74,-91.02000000000606,484.86694466469635,TIME,drift,-0.18772160280579614
2019-01-22 01:07:00,2019-01-22 16:50:00,1,1280.38,1282.34,0.23,43.46999999999561,239.34108903093602,NEWS,season,0.1816236408716971
2019-01-22 10:15:00,2019-01-22 16:50:00,1,1283.52,1282.34,0.46,-57.50000000000293,478.68217806187204,NEWS,lw,-0.12012145560299253
2019-01-23 01:15:00,2019-01-23 09:10:00,1,1284.98,1283.83,0.6900000000000001,-84.18000000000627,483.52526142221166,TIME,drift,-0.17409638485568338
2019-01-23 01:05:00,2019-01-23 23:45:00,1,1285.13,1282.34,0.47000000000000003,-134.42000000000897,481.4470043413101,TIME,strong_close,-0.2791999924974405
2019-01-23 01:07:00,2019-01-23 23:47:00,1,1285.13,1282.38,0.23,-64.86000000000001,235.60172552872623,TIME,season,-0.27529509749745795
2019-01-24 01:15:00,2019-01-24 09:10:00,1,1283.18,1280.97,0.7000000000000001,-159.60000000000258,481.7796433981704,TIME,drift,-0.33127177992470713
2019-01-24 01:07:00,2019-01-24 15:20:00,1,1282.96,1279.71,0.24,-79.68,241.86204461168487,NEWS,season,-0.32944400237717375
2019-01-25 01:15:00,2019-01-25 09:10:00,1,1281.31,1284.2,0.6900000000000001,194.58000000000692,484.7178851991497,TIME,drift,0.40142937973097975
2019-01-25 01:05:00,2019-01-25 23:00:00,1,1280.96,1299.59,0.32,593.9199999999962,475.9266542788432,TIME,friday,1.2479233820176443
2019-01-25 15:15:00,2019-01-25 23:45:00,1,1284.41,1302.97,0.48,887.5199999999973,477.04665427884316,TIME,tday900,1.8604469647558295
2019-01-25 18:15:00,2019-01-25 23:45:00,1,1298.79,1302.97,0.48,197.280000000003,477.04665427884316,TIME,tday,0.41354445782296373
2019-01-25 01:07:00,2019-01-25 23:47:00,1,1280.93,1303.07,0.24,529.679999999997,238.52332713942158,TIME,season,2.2206633051466222
2019-01-25 23:05:00,2019-01-25 23:55:00,1,1302.99,1302.86,1.01,-20.200000000011023,485.78434723056256,TIME,fri_close,-0.041582237293503646
2019-01-25 10:15:00,2019-01-25 23:59:00,1,1284.77,1303.04,0.48,873.5999999999991,477.04665427884316,EOD,lw,1.8312674288023887
2019-01-28 01:05:00,2019-01-28 23:45:00,1,1302.66,1303.52,0.45,35.5499999999955,493.1040070730997,TIME,strong_close,0.07209432389529422
2019-01-28 01:07:00,2019-01-28 23:47:00,1,1302.48,1303.52,0.22,21.3399999999992,241.0730701246265,TIME,season,0.08852087870688814
2019-01-29 01:15:00,2019-01-29 09:10:00,1,1303.68,1305.45,0.66,112.19999999999881,499.3248359073666,TIME,drift,0.22470342336589452
2019-01-29 01:05:00,2019-01-29 16:50:00,1,1303.3899999999999,1307.01,0.47000000000000003,166.8500000000056,501.12833066930784,NEWS,strong_close,0.33294864765909454
2019-01-29 01:07:00,2019-01-29 16:50:00,1,1303.41,1307.01,0.23,81.18999999999791,245.2330128807251,NEWS,season,0.3310728806300096
2019-01-29 08:15:00,2019-01-29 16:50:00,1,1305.48,1307.01,0.65,94.89999999999823,501.14999999999173,NEWS,nr7,0.18936446173800217
2019-01-29 10:15:00,2019-01-29 16:50:00,1,1308.25,1307.01,0.47000000000000003,-61.570000000000434,501.12833066930784,NEWS,lw,-0.12286274040377529
2019-01-29 12:00:00,2019-01-29 16:50:00,1,1308.52,1307.01,0.63,-99.53999999999942,500.9035288939984,NEWS,trendH4,-0.19872089985028665
2019-01-29 15:15:00,2019-01-29 16:50:00,1,1310.88,1307.01,0.47000000000000003,-185.18000000000555,501.12833066930784,NEWS,tday900,-0.369526104725867
2019-01-29 18:15:00,2019-01-29 23:45:00,1,1310.74,1311.76,0.47000000000000003,44.64999999999915,501.12833066930784,TIME,tday,0.08909893388059809
2019-01-30 01:15:00,2019-01-30 09:10:00,1,1311.3,1314.12,0.64,175.99999999999594,496.2676291946686,TIME,drift,0.35464735083689536
2019-01-30 01:05:00,2019-01-30 15:05:00,1,1311.78,1311.72,0.47000000000000003,-6.109999999997435,498.7034499072148,NEWS,strong_close,-0.012251770067229769
2019-01-30 01:07:00,2019-01-30 15:05:00,1,1311.75,1311.72,0.23,-2.2999999999993728,244.04636910353065,NEWS,season,-0.009424438513255055
2019-01-30 04:00:00,2019-01-30 15:05:00,1,1314.0,1311.72,0.62,-145.6999999999983,495.27933106127944,NEWS,trendH4,-0.2941774284983665
2019-01-30 08:00:00,2019-01-30 15:05:00,1,1315.34,1311.72,0.63,-232.46999999999312,495.14582200028383,NEWS,trendH4,-0.46949805425170255
2019-01-31 01:15:00,2019-01-31 09:10:00,1,1320.49,1319.96,0.47000000000000003,-28.199999999998717,498.140543610052,TIME,drift,-0.05661052962208569
2019-01-31 01:07:00,2019-01-31 15:20:00,1,1320.27,1323.5,0.23,72.68000000000042,250.23877131042127,NEWS,season,0.29044260255674315
2019-01-31 16:00:00,2019-01-31 16:35:00,1,1325.51,1324.45,0.58,-65.53999999999682,498.2768379231618,NEWS,trendH4,-0.13153330641089042
2019-02-01 01:15:00,2019-02-01 09:10:00,1,1320.78,1318.23,0.55,-144.09999999999752,500.26582124637434,TIME,drift,-0.28804686204822727
2019-02-01 01:05:00,2019-02-01 15:20:00,1,1321.23,1320.9,0.31,-12.399999999997744,498.0901933451852,NEWS,friday,-0.024895089615635795
2019-02-01 01:10:00,2019-02-01 15:20:00,1,1321.14,1320.9,0.23,-7.1300000000002095,492.19771814792523,NEWS,tom,-0.01448604846611125
2019-02-01 17:45:00,2019-02-01 23:59:00,-1,1317.3,1317.77,0.46,-24.840000000001254,493.8077181479252,EOD,lw,-0.05030298046609344
2019-02-04 10:15:00,2019-02-05 11:16:00,-1,1313.42,1312.29,0.47000000000000003,65.99270000000513,493.5817636465566,TIME,lw,0.133701657679681
2019-02-05 15:45:00,2019-02-05 16:35:00,1,1316.69,1315.05,0.47000000000000003,-80.37000000000472,493.54235195751716,NEWS,lw,-0.16284316772661236
2019-02-06 01:15:00,2019-02-06 09:10:00,1,1314.8799999999999,1313.66,0.72,-92.87999999998559,499.6886324198374,TIME,drift,-0.1858757513657985
2019-02-06 13:15:00,2019-02-06 17:20:00,-1,1312.47,1313.5,0.48,-52.79999999999869,489.36587784421033,NEWS,lw,-0.10789473150967746
2019-02-07 01:15:00,2019-02-07 01:50:00,1,1307.75,1307.08,0.71,-52.540000000005165,496.03519994891633,NEWS,drift,-0.10591990246945367
2019-02-07 18:15:00,2019-02-07 19:50:00,1,1310.6000000000001,1310.63,0.48,-1.9200000000013095,489.3483151410521,NEWS,tday,-0.003923585594542978
2019-02-08 01:15:00,2019-02-08 09:10:00,1,1310.68,1308.11,0.67,-176.880000000011,495.26424595097865,TIME,drift,-0.35714267978375047
2019-02-08 01:05:00,2019-02-08 23:00:00,1,1310.27,1314.34,0.32,127.99999999999797,484.95486405954864,TIME,friday,0.26394208922560797
2019-02-08 18:15:00,2019-02-08 23:45:00,1,1314.3700000000001,1313.88,0.49,-27.440000000000445,496.2014237274559,TIME,tday,-0.05530012347379351
2019-02-08 23:05:00,2019-02-08 23:55:00,1,1314.49,1314.11,1.56,-70.20000000001703,497.6838944054137,TIME,fri_close,-0.14105338908723467
2019-02-08 15:15:00,2019-02-08 23:59:00,1,1314.15,1314.05,0.49,-8.330000000006685,496.2014237274559,EOD,lw,-0.016787537483129087
2019-02-11 01:05:00,2019-02-11 16:19:00,1,1313.73,1303.7810517369433,0.49,-490.9284648897814,488.47846488978024,SL,strong_close,-1.0050155742291607
2019-02-12 01:15:00,2019-02-12 09:10:00,1,1308.14,1312.02,0.7000000000000001,266.6999999999918,491.45270366498903,TIME,drift,0.5426768395230857
2019-02-12 10:30:00,2019-02-12 16:50:00,1,1312.6100000000001,1310.41,0.49,-111.23000000000224,492.9621459690811,NEWS,lw,-0.2256359862709999
2019-02-12 15:15:00,2019-02-12 16:50:00,1,1314.77,1310.41,0.49,-217.06999999999508,492.9621459690811,NEWS,tday900,-0.44033807012356246
2019-02-13 01:15:00,2019-02-13 09:10:00,1,1311.6299999999999,1313.09,0.71,98.69000000000257,491.60784018987755,TIME,drift,0.2007494428117435
2019-02-13 11:45:00,2019-02-13 15:20:00,1,1313.47,1309.1,0.49,-217.5600000000058,486.94056411414664,NEWS,lw,-0.44678964135139554
2019-02-14 01:15:00,2019-02-14 09:10:00,1,1307.33,1308.24,0.54,45.360000000004426,487.0597792298648,TIME,drift,0.09313025204365533
2019-02-14 18:15:00,2019-02-14 23:45:00,1,1310.74,1312.35,0.48,73.9199999999952,488.22278718254773,TIME,tday,0.15140628815499413
2019-02-15 01:15:00,2019-02-15 09:10:00,1,1312.03,1314.53,0.49,119.07000000000002,487.0197993558813,TIME,drift,0.24448698011349573
2019-02-15 01:05:00,2019-02-15 23:00:00,1,1312.79,1320.93,0.32,258.2400000000032,493.78401666950845,TIME,friday,0.5229816909461535
2019-02-15 15:15:00,2019-02-15 23:45:00,1,1317.64,1321.23,0.48,168.95999999999603,494.90401666950845,TIME,tday900,0.3413995326548859
2019-02-15 23:05:00,2019-02-15 23:55:00,1,1321.57,1321.53,1.19,-13.08999999999567,493.48637526219034,TIME,fri_close,-0.026525555022752
2019-02-15 13:15:00,2019-02-15 23:59:00,1,1318.83,1321.01,0.48,101.28000000000304,494.90401666950845,EOD,lw,0.2046457425857522
2019-02-18 01:05:00,2019-02-19 04:43:00,1,1321.22,1324.78,0.48,129.36959999999738,498.19372976454366,TIME,strong_close,0.2596772947366079
2019-02-18 15:15:00,2019-02-19 04:43:00,1,1325.39,1324.78,0.48,-70.79040000000612,498.19372976454366,TIME,tday900,-0.1420941207619435
2019-02-18 18:15:00,2019-02-19 04:43:00,1,1326.36,1324.78,0.48,-117.35039999999651,498.19372976454366,TIME,tday,-0.23555174019443934
2019-02-18 14:30:00,2019-02-19 19:28:00,1,1326.06,1338.98,0.48,578.6496000000035,498.19372976454366,TIME,lw,1.1614951482297557
2019-02-19 01:05:00,2019-02-19 23:45:00,1,1326.55,1341.03,0.08,115.28000000000014,81.1242677016556,TIME,strong_close,1.4210297764900193
2019-02-19 10:30:00,2019-02-20 11:31:00,1,1328.8600000000001,1344.4,0.61,895.1871999999977,494.71000000001163,TIME,nr7,1.8095191122071044
2019-02-19 11:30:00,2019-02-20 12:31:00,1,1329.7,1345.14,0.49,714.1848000000027,496.8861396726405,TIME,lw,1.437320832636876
2019-02-20 18:15:00,2019-02-20 23:45:00,1,1345.54,1338.21,0.17,-125.79999999999878,183.19556394701692,TIME,tday,-0.6866978505897782
2019-02-21 01:15:00,2019-02-21 09:10:00,1,1339.8400000000001,1338.16,0.03,-5.250000000000191,31.277589069275976,TIME,drift,-0.16785181199139398
2019-02-19 20:00:00,2019-02-21 11:50:00,1,1340.75,1332.520657242406,0.6,-688.7125654556364,494.96056545563897,SL,trendH4,-1.391449366924086
2019-02-18 16:00:00,2019-02-21 15:20:00,1,1327.08,1335.4,0.6,256.5600000000097,491.2738956529609,NEWS,trendH4,0.522234139184235
2019-02-19 12:00:00,2019-02-21 15:20:00,1,1329.25,1335.4,0.64,185.6512000000058,490.8830321174675,NEWS,trendH4,0.3781984461739956
2019-02-22 01:15:00,2019-02-22 09:10:00,1,1324.59,1325.97,0.44,57.640000000004804,503.47770933492274,TIME,drift,0.11448371781174846
2019-02-22 01:05:00,2019-02-22 23:00:00,1,1324.53,1328.35,0.29,108.74999999999815,495.67053672163746,TIME,friday,0.21939976646437395
2019-02-22 18:15:00,2019-02-22 23:45:00,1,1330.22,1327.71,0.44,-113.5199999999996,502.3945658793575,TIME,tday,-0.22595785804590035
2019-02-22 23:05:00,2019-02-22 23:55:00,1,1328.32,1327.73,1.09,-71.93999999999109,505.0661715796911,TIME,fri_close,-0.1424367816497885
2019-02-22 18:45:00,2019-02-22 23:59:00,1,1331.56,1327.86,0.44,-165.880000000002,502.3945658793575,EOD,lw,-0.3301787305554487
2019-02-26 01:15:00,2019-02-26 09:10:00,1,1327.57,1327.73,0.58,5.220000000004748,504.26395908545027,TIME,drift,0.010351721367261526
2019-02-26 14:45:00,2019-02-26 16:35:00,-1,1324.23,1326.7,0.45,-114.30000000000125,501.8744055557182,NEWS,lw,-0.22774622243076637
2019-02-27 01:15:00,2019-02-27 09:17:00,1,1328.95,1327.06,0.62,-121.52000000000622,500.1526752573303,TIME,drift,-0.24296581026480316
2019-02-27 01:05:00,2019-02-27 16:50:00,1,1329.32,1322.71,0.46,-307.2799999999954,498.4623722576503,NEWS,strong_close,-0.616455758953788
2019-02-28 01:15:00,2019-02-28 09:10:00,1,1320.25,1319.31,0.61,-61.61000000000334,498.1155640082834,TIME,drift,-0.12368615729296666
2019-02-28 10:45:00,2019-02-28 15:20:00,1,1324.15,1324.66,0.45,19.799999999999592,494.6779313210017,NEWS,lw,0.040026042696356234
2019-03-01 01:05:00,2019-03-01 03:05:00,1,1314.38,1313.47,0.29,-28.420000000002375,488.7544764476613,NEWS,friday,-0.05814780502178327
2019-03-01 01:10:00,2019-03-01 03:05:00,1,1314.54,1313.47,0.22,-25.0799999999986,493.8590106597034,NEWS,tom,-0.050783724623139716
2019-03-01 01:15:00,2019-03-01 03:05:00,1,1314.56,1313.47,0.51,-59.15999999999583,496.2338877826267,NEWS,drift,-0.11921797655606833
2019-03-01 10:15:00,2019-03-01 16:35:00,-1,1307.06,1307.0700000000002,0.44,-3.5200000000096043,495.39901065970344,NEWS,lw,-0.007105383588316332
2019-03-01 23:05:00,2019-03-01 23:55:00,1,1291.61,1293.49,0.65,117.65000000000711,501.08444584982254,TIME,fri_close,0.23479076426025683
2019-03-05 01:15:00,2019-03-05 09:10:00,1,1287.25,1286.54,0.47000000000000003,-36.66000000000171,502.56018760283143,TIME,drift,-0.07294648661858141
2019-03-06 01:15:00,2019-03-06 09:10:00,1,1287.71,1290.68,0.56,162.40000000000154,499.34995015272835,TIME,drift,0.325222822091663
2019-03-07 01:15:00,2019-03-07 09:10:00,1,1287.28,1284.23,0.62,-193.43999999999718,496.98413913189046,TIME,drift,-0.3892277132583939
2019-03-08 01:15:00,2019-03-08 09:10:00,1,1286.06,1292.38,0.59,368.75000000000966,500.79836956435,TIME,drift,0.7363242822072071
2019-03-08 01:05:00,2019-03-08 15:20:00,1,1285.97,1292.74,0.29,194.29999999999944,500.3094014374257,NEWS,friday,0.38835968191235515
2019-03-08 10:15:00,2019-03-08 15:20:00,1,1293.45,1292.74,0.43,-33.54000000000156,495.56205199561623,NEWS,lw,-0.06768072709550056
2019-03-08 23:05:00,2019-03-08 23:55:00,1,1300.29,1298.31,1.18,-241.9000000000021,503.7143614219513,TIME,fri_close,-0.4802324859611604
2019-03-11 01:05:00,2019-03-11 01:50:00,1,1297.98,1296.5,0.42,-65.10000000000076,496.2032564611403,NEWS,strong_close,-0.13119623692977317
2019-03-11 20:00:00,2019-03-12 01:50:00,-1,1291.17,1293.53,0.42,-87.60779999999579,496.2032564611403,NEWS,lw,-0.1765562778140629
2019-03-12 13:15:00,2019-03-12 15:20:00,1,1297.66,1296.71,0.43,-43.86000000000195,498.4827897309136,NEWS,lw,-0.08798698952812002
2019-03-13 01:15:00,2019-03-13 09:10:00,1,1301.22,1304.34,0.65,198.2499999999929,504.08793393679787,TIME,drift,0.39328455742177976
2019-03-13 01:05:00,2019-03-13 15:20:00,1,1301.06,1306.8,0.43,243.8100000000004,494.0211618929911,NEWS,strong_close,0.4935213687319969
2019-03-13 11:30:00,2019-03-13 15:20:00,1,1306.29,1306.8,0.43,18.91999999999961,494.0211618929911,NEWS,lw,0.03829795454004829
2019-03-13 18:15:00,2019-03-13 19:50:00,1,1307.69,1307.77,0.44,0.4399999999967985,505.51002612306064,NEWS,tday,0.000870408057722055
2019-03-14 01:15:00,2019-03-14 09:10:00,1,1309.29,1303.62,0.68,-390.32000000000494,501.9317394915703,TIME,drift,-0.7776356211212664
2019-03-14 10:15:00,2019-03-14 15:20:00,-1,1302.0800000000002,1297.98,0.44,177.320000000006,502.9993099714139,NEWS,lw,0.35252533449813944
2019-03-15 01:15:00,2019-03-15 09:10:00,1,1296.62,1299.83,0.64,200.96000000000234,504.9479309358272,TIME,drift,0.3979816287741992
2019-03-15 01:05:00,2019-03-15 16:50:00,1,1296.79,1303.84,0.28,195.43999999999875,497.6302974746623,NEWS,friday,0.3927413603870249
2019-03-15 10:45:00,2019-03-15 16:50:00,1,1303.21,1303.84,0.42,23.51999999999503,498.6102974746623,NEWS,lw,0.04717110761474042
2019-03-15 23:05:00,2019-03-15 23:55:00,1,1302.29,1302.06,1.52,-45.600000000002765,507.4678648748564,TIME,fri_close,-0.08985790659128319
2019-03-19 01:15:00,2019-03-19 09:10:00,1,1303.84,1306.16,0.67,150.75000000001097,504.12855109770015,TIME,drift,0.29903087153418456
2019-03-19 15:15:00,2019-03-19 23:45:00,1,1308.75,1306.5,0.43,-99.76,501.99272008605044,TIME,tday900,-0.19872798151913312
2019-03-19 05:30:00,2019-03-20 06:31:00,1,1307.44,1304.81,0.55,-192.214000000006,501.5999999999975,TIME,nr7,-0.38320175438597875
2019-03-20 01:15:00,2019-03-20 09:10:00,1,1306.58,1306.45,0.7000000000000001,-13.999999999991724,501.34091386003143,TIME,drift,-0.027925109666793246
2019-03-19 13:15:00,2019-03-20 14:16:00,1,1307.02,1304.36,0.43,-151.5664000000035,501.99272008605044,TIME,lw,-0.30192947812873133
2019-03-20 16:30:00,2019-03-20 17:20:00,1,1309.23,1306.3,0.44,-132.0000000000028,504.0679001482073,NEWS,lw,-0.2618694821891889
2019-03-21 01:15:00,2019-03-21 09:10:00,1,1313.97,1318.03,0.41000000000000003,163.58999999999776,502.87293020222023,TIME,drift,0.32531080950054986
2019-03-21 19:30:00,2019-03-22 16:35:00,-1,1304.14,1311.53,0.42,-298.86779999999465,501.777456949548,NEWS,lw,-0.5956182284810072
2019-03-22 23:05:00,2019-03-22 23:55:00,1,1313.4,1312.97,1.19,-59.500000000007574,504.2485412032964,TIME,fri_close,-0.11799736665181375
2019-03-25 15:15:00,2019-03-25 23:45:00,1,1318.72,1321.94,0.41000000000000003,129.15000000000114,492.9448638488121,TIME,tday900,0.26199684685144
2019-03-25 18:15:00,2019-03-25 23:45:00,1,1321.44,1321.94,0.41000000000000003,17.63,492.9448638488121,TIME,tday,0.03576464893527561
2019-03-25 04:15:00,2019-03-26 05:16:00,1,1315.37,1320.88,0.59,274.06680000001285,497.3700000000075,TIME,inside,0.5510320284697684
2019-03-26 01:15:00,2019-03-26 09:10:00,1,1321.69,1318.56,0.58,-185.60000000000633,499.7031569821589,TIME,drift,-0.3714205071684846
2019-03-25 10:15:00,2019-03-26 11:16:00,1,1317.07,1317.47,0.41000000000000003,-19.056799999996272,492.9448638488121,TIME,lw,-0.038659090290960124
2019-03-26 01:05:00,2019-03-26 16:50:00,1,1321.9,1315.81,0.41000000000000003,-252.560000000006,497.53380214532535,NEWS,strong_close,-0.5076238014602984
2019-03-27 01:15:00,2019-03-27 09:10:00,1,1315.92,1315.86,0.55,-7.150000000009505,498.0373614966161,TIME,drift,-0.014356352661020363
2019-03-28 01:15:00,2019-03-28 09:10:00,1,1310.1799999999998,1311.66,0.49,69.09000000001203,499.6781955475611,TIME,drift,0.13826899115399924
2019-03-28 14:45:00,2019-03-28 15:20:00,-1,1304.55,1303.97,0.42,21.419999999996943,502.70144196459944,NEWS,lw,0.04260978428127396
2019-03-29 01:05:00,2019-03-29 16:35:00,1,1290.79,1297.28,0.26,166.92000000000024,499.1203249592717,NEWS,friday,0.3344283765915983
2019-03-29 23:05:00,2019-03-29 23:55:00,1,1292.3,1292.2,1.09,-18.52999999999009,504.4147033686891,TIME,fri_close,-0.0367356460393385
2019-04-01 01:10:00,2019-04-01 15:20:00,1,1292.96,1291.9,0.19,-21.46999999999896,486.68981782029346,NEWS,tom,-0.044114339798920134
2019-04-03 01:15:00,2019-04-03 09:10:00,1,1292.6299999999999,1292.88,0.61,10.98000000001387,502.4827456618803,TIME,drift,0.02185149658333202
2019-04-03 01:05:00,2019-04-03 15:05:00,1,1292.46,1292.0,0.4,-21.200000000001456,493.6926380860877,NEWS,strong_close,-0.04294169765663936
2019-04-04 01:15:00,2019-04-04 09:10:00,1,1290.81,1292.27,0.73,101.47000000000266,502.2509373274603,TIME,drift,0.2020304840841854
2019-04-04 10:15:00,2019-04-04 15:20:00,1,1292.55,1287.06,0.42,-233.52000000000035,500.13032213393564,NEWS,lw,-0.4669183004214317
2019-04-05 01:15:00,2019-04-05 09:10:00,1,1292.85,1287.42,0.56,-307.99999999999085,502.9383424972899,TIME,drift,-0.6124011115769137
2019-04-05 01:05:00,2019-04-05 15:20:00,1,1293.03,1288.06,0.28,-141.12000000000077,504.2267276957974,NEWS,friday,-0.27987409680737746
2019-04-05 23:05:00,2019-04-05 23:55:00,1,1291.89,1291.55,1.35,-55.35000000001965,501.6432894776262,TIME,fri_close,-0.11033736752993746
2019-04-09 01:15:00,2019-04-09 09:10:00,1,1298.3799999999999,1298.15,0.72,-21.599999999984934,496.33368259002873,TIME,drift,-0.04351910973937773
2019-04-08 10:15:00,2019-04-09 11:16:00,1,1297.48,1301.02,0.42,112.35839999999848,497.0505328603832,TIME,lw,0.22605025560159472
2019-04-09 13:15:00,2019-04-09 16:50:00,1,1302.76,1304.31,0.42,62.15999999999809,498.6269233703564,NEWS,lw,0.12466234189650564
2019-04-10 01:15:00,2019-04-10 09:10:00,1,1304.46,1302.88,0.7000000000000001,-115.49999999999493,502.3126492846526,TIME,drift,-0.2299364751504454
2019-04-10 18:15:00,2019-04-10 19:50:00,1,1308.16,1309.62,0.42,58.37999999999198,491.99071455818785,NEWS,tday,0.11866077605228333
2019-04-11 01:15:00,2019-04-11 09:10:00,1,1308.6,1308.04,0.64,-40.31999999999651,500.90184122910193,TIME,drift,-0.0804948129179565
2019-04-11 11:30:00,2019-04-11 15:20:00,-1,1303.69,1299.3,0.43,185.7600000000043,497.641580676917,NEWS,lw,0.3732807048545346
2019-04-12 01:15:00,2019-04-12 09:10:00,1,1292.9499999999998,1293.31,0.53,15.370000000006748,502.39238953382613,TIME,drift,0.030593616305113005
2019-04-12 01:05:00,2019-04-12 23:00:00,1,1292.9299999999998,1290.25,0.27,-74.24999999999558,491.1004355920217,TIME,friday,-0.15119106931861542
2019-04-12 23:05:00,2019-04-12 23:55:00,1,1290.82,1290.54,1.5,-52.49999999999591,500.90537798832855,TIME,fri_close,-0.10481021427807308
2019-04-15 10:15:00,2019-04-16 11:16:00,-1,1287.23,1285.26,0.42,94.25220000000115,491.16153057009495,TIME,lw,0.19189654346626436
2019-04-16 18:15:00,2019-04-16 23:45:00,-1,1276.0,1277.09,0.43,-49.87999999999648,496.0854346746314,TIME,tday,-0.10054719714299086
2019-04-16 12:15:00,2019-04-17 13:16:00,-1,1283.27,1276.15,0.43,317.9462999999953,496.0854346746314,TIME,lw,0.6409103710301984
2019-04-18 01:15:00,2019-04-18 09:10:00,1,1274.59,1272.01,0.73,-193.4499999999947,498.58538897037386,TIME,drift,-0.38799773174157254
2019-04-18 12:15:00,2019-04-18 15:20:00,1,1277.76,1275.87,0.43,-84.2800000000043,493.78065540822814,NEWS,lw,-0.17068307370268823
2019-04-22 11:00:00,2019-04-22 16:50:00,1,1278.81,1275.28,0.45,-161.99999999999878,501.01882626879313,NEWS,lw,-0.3233411430992553
2019-04-23 01:15:00,2019-04-23 09:10:00,1,1275.5,1272.21,0.79,-265.4399999999971,497.41665682567304,TIME,drift,-0.5336371357041717
2019-04-23 14:15:00,2019-04-23 16:50:00,-1,1272.1000000000001,1269.57,0.46,113.1600000000092,495.4816795376799,NEWS,lw,0.22838382259783174
2019-04-23 18:15:00,2019-04-23 23:45:00,-1,1268.66,1272.28,0.46,-169.73999999999498,495.4816795376799,TIME,tday,-0.34257573389670964
2019-04-24 01:15:00,2019-04-24 09:10:00,1,1272.1399999999999,1270.03,0.64,-139.5199999999936,500.2244022179847,TIME,drift,-0.2789148217907099
2019-04-25 01:15:00,2019-04-25 09:10:00,1,1275.25,1276.22,0.6,54.000000000001634,494.3447862639663,TIME,drift,0.10923550020241772
2019-04-24 18:45:00,2019-04-25 15:20:00,1,1278.57,1276.33,0.46,-215.94240000000042,493.86727385641717,NEWS,lw,-0.4372478425504697
2019-04-26 01:15:00,2019-04-26 09:10:00,1,1277.8899999999999,1280.33,0.63,149.31000000000344,492.7626952710049,TIME,drift,0.3030058919494451
2019-04-25 16:45:00,2019-04-26 15:20:00,1,1282.68,1278.72,0.46,-221.94080000000167,491.0538971523873,NEWS,lw,-0.45196830996970466
2019-04-26 01:05:00,2019-04-26 15:20:00,1,1277.62,1278.72,0.31,31.930000000004227,490.63955097611523,NEWS,friday,0.06507832468149027
2019-04-26 10:15:00,2019-04-26 15:20:00,1,1282.45,1278.72,0.47000000000000003,-178.60000000000088,497.01191173929925,NEWS,lw,-0.3593475242373729
2019-04-26 23:05:00,2019-04-26 23:55:00,1,1285.99,1286.02,1.3900000000000001,-5.560000000003792,495.48941890220885,TIME,fri_close,-0.01122122852254314
2019-04-29 01:05:00,2019-04-29 23:45:00,1,1286.3,1279.55,0.45,-306.9,489.6365780660943,TIME,strong_close,-0.6267914076439213
2019-04-30 01:15:00,2019-04-30 09:10:00,1,1280.4399999999998,1282.9,0.75,179.25000000001978,491.8031475148624,TIME,drift,0.3644750972127579
2019-04-30 10:45:00,2019-04-30 16:35:00,1,1283.97,1281.31,0.46,-125.58000000000378,495.02757727543576,NEWS,lw,-0.25368283660312213
2019-05-01 01:15:00,2019-05-01 09:10:00,1,1283.47,1279.97,0.6900000000000001,-246.33,490.8856335389055,TIME,drift,-0.5018073114589876
2019-05-01 01:10:00,2019-05-01 15:05:00,1,1283.55,1281.49,0.23,-48.989999999998744,479.90846461290516,NEWS,tom,-0.10208196690073834
2019-05-02 01:15:00,2019-05-02 09:10:00,1,1277.78,1272.14,0.45,-256.9499999999943,494.56521446250497,TIME,drift,-0.5195472558239834
2019-05-02 11:30:00,2019-05-02 15:20:00,-1,1270.48,1272.91,0.45,-112.50000000000288,483.56133819650614,NEWS,lw,-0.2326488722601019
2019-05-02 18:15:00,2019-05-02 23:45:00,-1,1268.47,1271.04,0.45,-118.79999999999715,483.56133819650614,TIME,tday,-0.24567720910665541
2019-05-03 01:15:00,2019-05-03 09:10:00,1,1270.94,1272.19,0.59,69.62,486.5381064080473,TIME,drift,0.14309259456362386
2019-05-03 01:05:00,2019-05-03 15:20:00,1,1270.85,1270.99,0.3,2.1000000000030012,485.96409975389855,NEWS,friday,0.004321306864162355
2019-05-03 16:00:00,2019-05-03 16:35:00,1,1276.1299999999999,1276.13,0.45,-3.149999999989768,487.01409975389856,NEWS,lw,-0.006467985221745219
2019-05-03 23:05:00,2019-05-03 23:55:00,1,1278.6399999999999,1279.06,1.02,35.70000000000742,491.16418017720406,TIME,fri_close,0.0726844534695658
2019-05-07 01:15:00,2019-05-07 09:10:00,1,1281.74,1282.94,0.65,73.45000000000296,488.5324523794844,TIME,drift,0.1503482514667176
2019-05-08 01:15:00,2019-05-08 09:10:00,1,1284.3799999999999,1287.76,0.71,235.01000000000772,487.46530251410707,TIME,drift,0.48210610845108637
2019-05-07 19:15:00,2019-05-08 17:20:00,1,1285.03,1284.01,0.45,-84.81599999999918,491.60858601229023,NEWS,lw,-0.17252749934249273
2019-05-08 12:00:00,2019-05-08 17:20:00,1,1287.3799999999999,1284.01,0.46,-158.23999999999498,492.6937054529355,NEWS,lw,-0.32117317158441117
2019-05-09 01:15:00,2019-05-09 09:10:00,1,1281.43,1282.28,0.66,51.479999999994,490.119324298416,TIME,drift,0.1050356463167114
2019-05-09 17:00:00,2019-05-09 19:50:00,1,1286.17,1283.63,0.45,-117.44999999999837,486.7377603881483,NEWS,lw,-0.24130036655947557
2019-05-10 01:15:00,2019-05-10 09:10:00,1,1284.43,1285.18,0.58,39.43999999999999,491.0334942422036,TIME,drift,0.08032038641450823
2019-05-10 01:05:00,2019-05-10 15:20:00,1,1284.69,1285.11,0.3,10.499999999995362,478.7564917889953,NEWS,friday,0.02193181748984634
2019-05-10 23:05:00,2019-05-10 23:55:00,1,1285.98,1285.71,1.2,-40.799999999997816,491.1271478835721,TIME,fri_close,-0.08307421036653827
2019-05-13 07:15:00,2019-05-13 15:40:00,-1,1282.89,1289.34,0.76,-495.51999999998617,491.7199999999896,SL,nr7,-1.0077279752704722
2019-05-13 10:15:00,2019-05-13 16:01:00,-1,1282.75,1293.0800545924712,0.47000000000000003,-488.80256584614847,486.4525658461527,SL,lw,-1.0048308923931937
2019-05-14 01:15:00,2019-05-14 09:10:00,1,1300.68,1298.49,0.53,-119.78000000000289,484.0692096266053,TIME,drift,-0.2474439555707275
2019-05-14 01:05:00,2019-05-14 23:45:00,1,1300.83,1296.73,0.44,-183.479999999996,483.6250876352572,TIME,strong_close,-0.37938478522101376
2019-05-15 01:15:00,2019-05-15 09:10:00,1,1297.32,1295.27,0.65,-137.79999999999706,484.5599900529127,TIME,drift,-0.2843817129535388
2019-05-16 01:15:00,2019-05-16 09:10:00,1,1296.87,1296.23,0.65,-46.14999999999172,481.37371661461253,TIME,drift,-0.09587145788630454
2019-05-17 01:15:00,2019-05-17 09:10:00,1,1286.86,1287.36,0.6,25.8,479.6487050921313,TIME,drift,0.05378936652199304
2019-05-17 01:05:00,2019-05-17 23:00:00,1,1286.78,1277.91,0.29,-259.2599999999968,476.11928300389036,TIME,friday,-0.544527409947138
2019-05-17 23:05:00,2019-05-17 23:55:00,1,1278.0,1277.53,1.17,-63.18000000000319,483.4221098112507,TIME,fri_close,-0.13069323623752221
2019-05-21 01:15:00,2019-05-21 01:50:00,1,1277.95,1277.61,0.71,-29.11000000001033,481.5894084524553,NEWS,drift,-0.06044568150606286
2019-05-21 14:15:00,2019-05-21 16:50:00,-1,1274.95,1270.46,0.44,194.4800000000004,474.55663715891757,NEWS,lw,0.4098140975633931
2019-05-21 14:30:00,2019-05-21 16:50:00,-1,1272.78,1270.46,0.77,173.2499999999951,478.940000000007,NEWS,nr7,0.3617363344051292
2019-05-21 15:15:00,2019-05-21 16:50:00,-1,1272.1100000000001,1270.46,0.44,69.520000000004,474.55663715891757,NEWS,tday900,0.14649463216067807
2019-05-22 01:15:00,2019-05-22 09:10:00,1,1274.77,1273.2,0.75,-122.99999999999523,482.3544213583036,TIME,drift,-0.2549992174916296
2019-05-23 01:15:00,2019-05-23 09:10:00,1,1273.89,1274.42,0.87,40.01999999999762,484.22858600521243,TIME,drift,0.08264691750264994
2019-05-23 11:15:00,2019-05-23 15:20:00,1,1275.5,1278.47,0.47000000000000003,136.30000000000132,479.9320835984789,NEWS,lw,0.2839985169944019
2019-05-24 01:15:00,2019-05-24 09:10:00,1,1283.44,1283.37,0.62,-8.68000000001015,481.8401062656272,TIME,drift,-0.018014274625834215
2019-05-24 01:05:00,2019-05-24 15:20:00,1,1283.74,1283.65,0.3,-4.799999999997544,477.16233876156576,NEWS,friday,-0.010059469513992943
2019-05-24 23:05:00,2019-05-24 23:55:00,1,1285.2,1284.81,1.98,-91.08000000001981,486.41808520439184,TIME,fri_close,-0.18724632732713503
2019-05-27 01:05:00,2019-05-28 04:45:00,1,1285.72,1282.91,0.47000000000000003,-172.71559999999744,479.16577616399474,TIME,strong_close,-0.3604506177020569
2019-05-28 01:15:00,2019-05-28 09:10:00,1,1285.63,1283.32,1.1300000000000001,-268.94000000001955,484.90059880549984,TIME,drift,-0.554629135667236
2019-05-27 10:15:00,2019-05-28 15:15:00,1,1286.39,1280.6,0.47000000000000003,-312.775600000009,479.16577616399474,TIME,lw,-0.652750291358374
2019-05-28 15:15:00,2019-05-28 16:50:00,-1,1280.56,1277.6000000000001,0.49,141.60999999999063,476.7882513928029,NEWS,tday900,0.2970081573661197
2019-05-28 18:15:00,2019-05-28 23:45:00,-1,1278.6200000000001,1280.18,0.49,-79.86999999999733,476.7882513928029,TIME,tday,-0.1675167115940453
2019-05-29 01:15:00,2019-05-29 09:10:00,1,1279.89,1281.69,0.71,122.82999999999676,476.7995492496324,TIME,drift,0.25761349857251664
2019-05-30 01:15:00,2019-05-30 09:10:00,1,1279.83,1276.59,0.56,-185.36000000000053,475.50637509962195,TIME,drift,-0.3898160144775478
2019-05-29 10:15:00,2019-05-30 10:17:00,1,1284.71,1274.9382255566961,0.49,-599.0825477218916,479.79694772188844,SL,lw,-1.248616837948595
2019-05-31 01:15:00,2019-05-31 09:11:00,1,1288.27,1292.3,0.59,233.6399999999984,472.83884562666,TIME,drift,0.49412183910218294
2019-05-31 01:05:00,2019-05-31 16:35:00,1,1288.62,1298.66,0.32,319.0400000000061,473.6758892044935,NEWS,friday,0.6735407211370039
2019-05-31 10:15:00,2019-05-31 16:35:00,1,1295.79,1298.66,0.48,134.40000000000566,474.7958892044935,NEWS,lw,0.28306900513647854
2019-05-31 23:05:00,2019-05-31 23:55:00,1,1305.79,1305.2,0.78,-51.479999999993616,478.36622498478295,TIME,fri_close,-0.10761629335689663
2019-05-31 20:00:00,2019-05-31 23:59:00,1,1304.77,1305.37,0.6,31.799999999994544,477.96590722566197,EOD,trendH4,0.06653194196334346
2019-06-03 01:05:00,2019-06-03 16:35:00,1,1306.88,1313.2,0.45,281.24999999999716,474.43034997712624,NEWS,strong_close,0.5928162058214806
2019-06-03 01:10:00,2019-06-03 16:35:00,1,1306.88,1313.2,0.22,137.4999999999986,462.34745331096786,NEWS,tom,0.297395387419855
2019-06-03 04:00:00,2019-06-03 16:35:00,1,1308.78,1313.2,0.6,261.0000000000044,478.97873127116105,NEWS,trendH4,0.5449093727133495
2019-06-03 08:00:00,2019-06-03 16:35:00,1,1312.78,1313.2,0.6,21.000000000004363,481.1597947076026,NEWS,trendH4,0.04364454435093837
2019-06-03 12:00:00,2019-06-03 16:35:00,1,1314.42,1313.2,0.58,-74.82000000000158,479.1300781398143,NEWS,trendH4,-0.15615801097373072
2019-06-03 13:30:00,2019-06-03 16:35:00,1,1317.33,1313.2,0.45,-188.99999999999469,474.43034997712624,NEWS,lw,-0.3983724903120278
2019-06-04 01:15:00,2019-06-04 09:10:00,1,1324.8,1325.78,0.43,39.130000000000784,477.8933915030136,TIME,drift,0.08188018645106966
2019-06-03 20:00:00,2019-06-04 16:45:00,1,1320.77,1322.87,0.54,66.7007999999951,476.89852858868744,NEWS,trendH4,0.13986371523809585
2019-06-04 01:05:00,2019-06-04 16:45:00,1,1325.18,1322.87,0.42,-99.96000000000726,479.03296998017663,NEWS,strong_close,-0.20867039695439712
2019-06-05 01:15:00,2019-06-05 09:10:00,1,1325.39,1328.74,0.41000000000000003,134.4799999999963,476.8558302898187,TIME,drift,0.28201395779991484
2019-06-05 10:15:00,2019-06-05 15:05:00,1,1335.32,1335.3,0.43,-3.8699999999992176,483.5107656784331,NEWS,lw,-0.008003958287400421
2019-06-05 12:00:00,2019-06-05 15:05:00,1,1332.85,1335.3,0.47000000000000003,111.86000000000215,475.6645391126586,NEWS,trendH4,0.23516573299467403
2019-06-05 16:00:00,2019-06-05 16:35:00,1,1340.99,1338.47,0.45,-116.5499999999992,484.1098201503441,NEWS,trendH4,-0.2407511584123695
2019-06-06 01:15:00,2019-06-06 09:10:00,1,1332.46,1332.43,0.34,-3.3999999999990727,471.7544638222559,TIME,drift,-0.007207139011365241
2019-06-07 01:15:00,2019-06-07 09:10:00,1,1335.83,1332.02,0.41000000000000003,-159.0799999999978,482.3933756845723,TIME,drift,-0.32977235596207094
2019-06-06 19:30:00,2019-06-07 15:20:00,1,1339.07,1336.96,0.41000000000000003,-121.96679999999591,485.4917576521674,NEWS,lw,-0.25122321456048186
2019-06-07 01:05:00,2019-06-07 15:20:00,1,1336.1200000000001,1336.96,0.27,20.78999999999779,480.8499745711952,NEWS,friday,0.043235938649133894
2019-06-07 18:15:00,2019-06-07 23:45:00,1,1345.96,1340.66,0.4,-214.7999999999982,475.846888465378,TIME,tday,-0.45140570466423624
2019-06-07 23:05:00,2019-06-07 23:55:00,1,1341.27,1340.29,0.78,-81.90000000000141,484.0428472292946,TIME,fri_close,-0.16919989721737339
2019-06-10 10:15:00,2019-06-10 16:50:00,-1,1327.8,1328.79,0.39,-41.34000000000035,481.0099508070478,NEWS,lw,-0.08594416795461154
2019-06-11 11:30:00,2019-06-11 15:20:00,-1,1322.46,1320.99,0.38,53.20000000000104,477.16233644447203,NEWS,lw,0.1114924543215535
2019-06-12 01:15:00,2019-06-12 09:10:00,1,1327.1299999999999,1336.15,0.6,537.0000000000125,479.30943655513994,TIME,drift,1.1203618352676348
2019-06-12 10:15:00,2019-06-12 15:20:00,1,1335.41,1332.87,0.39,-101.79000000000745,482.7357228897507,NEWS,lw,-0.2108607156534274
2019-06-13 01:15:00,2019-06-13 09:10:00,1,1333.32,1336.5,0.55,171.05000000000354,484.09344629983974,TIME,drift,0.35334087108061757
2019-06-13 18:15:00,2019-06-13 19:50:00,1,1338.3899999999999,1339.44,0.39,38.2200000000071,483.1038855404822,NEWS,tday,0.0791134187572259
2019-06-13 18:30:00,2019-06-13 19:50:00,1,1339.27,1339.44,0.39,3.9000000000028376,483.1038855404822,NEWS,lw,0.008072797832374363
2019-06-14 01:15:00,2019-06-14 09:10:00,1,1344.07,1346.78,0.53,139.92000000000195,478.1689429306634,TIME,drift,0.292616243837256
2019-06-14 01:05:00,2019-06-14 15:20:00,1,1342.58,1354.73,0.26,314.08000000000237,477.7721794304479,NEWS,friday,0.6573844470693481
2019-06-14 10:15:00,2019-06-14 15:20:00,1,1356.45,1354.73,0.39,-69.81000000000107,478.6821794304479,NEWS,lw,-0.14583789202903552
2019-06-14 12:00:00,2019-06-14 15:20:00,1,1354.1399999999999,1354.73,0.44,22.880000000006405,478.593146503228,NEWS,trendH4,0.04780678571595902
2019-06-14 23:05:00,2019-06-14 23:55:00,1,1341.21,1341.02,0.6900000000000001,-17.940000000003764,485.4495479205607,TIME,fri_close,-0.03695543661921275
2019-06-17 12:30:00,2019-06-18 09:05:00,-1,1333.47,1346.3036233197724,0.37,-464.70236283157925,475.58406283158484,SL,lw,-0.9771192921494952
2019-06-18 15:15:00,2019-06-18 23:45:00,1,1350.35,1346.39,0.38,-153.13999999999274,482.29356571197474,TIME,tday900,-0.31752445167690213
2019-06-18 10:15:00,2019-06-19 11:16:00,1,1346.48,1342.82,0.38,-171.94240000000312,482.29356571197474,TIME,lw,-0.3565098359671814
2019-06-20 01:05:00,2019-06-20 15:20:00,1,1359.67,1385.04,0.35000000000000003,885.4999999999962,473.5994953257695,NEWS,strong_close,1.8697232761848646
2019-06-20 04:00:00,2019-06-20 15:20:00,1,1371.54,1385.04,0.35000000000000003,470.05000000000007,477.5754016302035,NEWS,trendH4,0.9842424848421517
2019-06-20 08:00:00,2019-06-20 15:20:00,1,1378.76,1385.04,0.31,192.50999999999917,473.7810879431285,NEWS,trendH4,0.4063268984326947
2019-06-20 10:15:00,2019-06-20 15:20:00,1,1382.8600000000001,1385.04,0.35000000000000003,73.84999999999427,473.5994953257695,NEWS,lw,0.1559334431916907
2019-06-21 08:00:00,2019-06-21 10:45:00,1,1404.07,1387.211706261425,0.29,-490.9205184186737,489.47051841867756,SL,trendH4,-1.0029623847513445
2019-06-21 01:05:00,2019-06-21 16:35:00,1,1388.47,1397.84,0.21,195.29999999999768,476.73386395082167,NEWS,friday,0.4096625282321967
2019-06-21 23:05:00,2019-06-21 23:55:00,1,1399.29,1398.83,0.5700000000000001,-30.210000000002076,487.25627801966846,TIME,fri_close,-0.062000227319354576
2019-06-24 15:15:00,2019-06-24 23:45:00,1,1408.79,1418.34,0.3,284.3999999999986,485.1656619973252,TIME,tday900,0.586191526476098
2019-06-24 18:15:00,2019-06-24 23:45:00,1,1410.29,1418.34,0.3,239.39999999999864,485.1656619973252,TIME,tday,0.4934397026665884
2019-06-24 18:30:00,2019-06-25 16:50:00,1,1417.4,1431.93,0.3,409.95599999999916,485.1656619973252,NEWS,lw,0.8449814818144722
2019-06-24 20:00:00,2019-06-25 16:50:00,1,1415.21,1431.93,0.26,412.2352000000007,486.64440990075997,NEWS,trendH4,0.8470973705093349
2019-06-25 01:05:00,2019-06-25 16:50:00,1,1419.08,1431.93,0.29,370.6200000000039,481.4796537452183,NEWS,strong_close,0.7697521528004644
2019-06-25 04:00:00,2019-06-25 16:50:00,1,1424.82,1431.93,0.26,183.04000000000332,485.6189299354362,NEWS,trendH4,0.3769210562371174
2019-06-25 08:00:00,2019-06-25 16:50:00,1,1436.21,1431.93,0.25,-108.74999999999932,484.0317148448692,NEWS,trendH4,-0.22467536044586126
2019-06-25 10:15:00,2019-06-25 16:50:00,1,1431.03,1431.93,0.19,15.770000000001728,315.45218693652237,NEWS,lw,0.04999172823352493
2019-06-26 10:15:00,2019-06-26 15:20:00,-1,1407.19,1407.13,0.28,-0.2800000000015279,486.1314137026093,NEWS,lw,-0.0005759759441771393
2019-06-28 01:05:00,2019-06-28 16:35:00,1,1409.8600000000001,1406.31,0.19,-68.78000000000345,496.6309646681156,NEWS,friday,-0.13849317681181475
2019-06-28 03:15:00,2019-06-28 16:35:00,1,1414.5,1406.31,0.31,-256.0600000000017,490.42,NEWS,nr7,-0.5221238938053132
2019-06-28 12:00:00,2019-06-28 16:35:00,1,1415.32,1406.31,0.28,-254.23999999999975,488.57147405990304,NEWS,lw,-0.520374220556372
2019-06-28 23:05:00,2019-06-28 23:55:00,1,1410.89,1409.91,0.8300000000000001,-87.15000000000153,492.0669289324941,TIME,fri_close,-0.17711005327886503
2019-07-01 01:07:00,2019-07-01 16:35:00,1,1392.6599999999999,1393.15,0.14,5.88000000000331,245.90675581352644,NEWS,season,0.023911502473979093
2019-07-01 01:10:00,2019-07-01 16:35:00,1,1392.51,1393.15,0.14,7.980000000001402,490.83351162705287,NEWS,tom,0.01625805861044141
2019-07-01 18:00:00,2019-07-02 19:01:00,1,1395.0,1404.11,0.28,230.86559999999722,491.8135116270529,TIME,lw,0.4694169528531882
2019-07-02 15:15:00,2019-07-02 23:45:00,1,1393.39,1419.32,0.27,698.2199999999957,493.6024045436111,TIME,tday900,1.4145393004022655
2019-07-02 18:15:00,2019-07-02 23:45:00,1,1397.13,1419.32,0.27,597.2399999999953,493.6024045436111,TIME,tday,1.2099616908313249
2019-07-02 01:07:00,2019-07-02 23:47:00,1,1385.2,1419.23,0.13,441.4799999999996,237.6604170024794,TIME,season,1.8576084548206186
2019-07-02 10:15:00,2019-07-03 11:16:00,1,1392.94,1424.54,0.27,829.8503999999975,493.6024045436111,TIME,lw,1.6812122314665061
2019-07-03 01:05:00,2019-07-03 15:05:00,1,1423.48,1417.48,0.25,-151.75,492.143601790142,NEWS,strong_close,-0.3083449616088043
2019-07-03 01:07:00,2019-07-03 15:05:00,1,1423.34,1417.48,0.12,-71.1599999999988,236.22892885926814,NEWS,season,-0.30123321620101795
2019-07-04 01:07:00,2019-07-05 04:47:00,1,1420.45,1418.56,0.12,-33.0576000000012,241.2897196550347,TIME,season,-0.13700376479885984
2019-07-05 01:45:00,2019-07-05 14:54:00,1,1423.08,1410.39,0.4,-510.39999999999316,508.3999999999949,SL,nr7,-1.0039339103068416
2019-07-05 01:05:00,2019-07-05 15:20:00,1,1416.84,1411.19,0.17,-97.23999999999769,496.4859646764526,NEWS,friday,-0.195856493271399
2019-07-05 01:07:00,2019-07-05 15:20:00,1,1416.4,1411.19,0.13,-68.64000000000047,253.41382512917193,NEWS,season,-0.27086130744845033
2019-07-05 23:05:00,2019-07-05 23:55:00,1,1400.56,1398.27,0.55,-129.79999999999802,504.28563449883245,TIME,fri_close,-0.2573938084296124
2019-07-08 01:07:00,2019-07-08 23:47:00,1,1399.34,1395.19,0.12,-50.639999999998366,249.34613582500455,TIME,season,-0.2030911761774339
2019-07-09 01:07:00,2019-07-09 15:35:00,1,1395.96,1393.58,0.12,-29.400000000001306,245.19855469464702,NEWS,season,-0.11990282747226627
2019-07-10 01:05:00,2019-07-10 16:50:00,1,1396.98,1408.5,0.25,286.24999999999955,499.9495849747635,NEWS,strong_close,0.572557731024917
2019-07-10 01:07:00,2019-07-10 16:50:00,1,1397.07,1408.5,0.12,136.32000000000073,239.97580078788647,NEWS,season,0.5680572772439392
2019-07-10 18:15:00,2019-07-10 19:50:00,1,1406.33,1410.66,0.25,106.50000000000387,499.9495849747635,NEWS,tday,0.21302147896648374
2019-07-11 01:05:00,2019-07-11 15:20:00,1,1419.69,1420.16,0.24,9.600000000000655,495.5379157489324,NEWS,strong_close,0.019372886907133378
2019-07-11 01:07:00,2019-07-11 15:20:00,1,1420.18,1420.16,0.12,-1.0799999999997816,247.7689578744662,NEWS,season,-0.004358899554103831
2019-07-12 01:05:00,2019-07-12 15:20:00,1,1404.92,1406.51,0.16,24.31999999999869,504.83949319543706,NEWS,friday,0.04817372715050991
2019-07-12 01:07:00,2019-07-12 15:20:00,1,1405.59,1406.51,0.12,10.200000000000873,252.6997465977185,NEWS,season,0.04036410854118745
2019-07-12 23:05:00,2019-07-12 23:55:00,1,1414.71,1414.96,0.8200000000000001,14.76,501.42996594259023,TIME,fri_close,0.02943581557247798
2019-07-15 01:05:00,2019-07-15 23:45:00,1,1416.84,1414.26,0.24,-63.59999999999825,493.31667225290556,TIME,strong_close,-0.1289232729750371
2019-07-15 01:07:00,2019-07-15 23:47:00,1,1417.31,1414.26,0.12,-37.43999999999946,246.65833612645278,TIME,season,-0.15178891006872489
2019-07-15 01:30:00,2019-07-16 02:31:00,1,1418.84,1416.19,0.32,-112.47359999999563,505.9200000000003,TIME,inside,-0.2223149905123252
2019-07-16 01:07:00,2019-07-16 15:20:00,1,1415.54,1413.58,0.12,-24.360000000000436,239.36845497456335,NEWS,season,-0.10176779560443362
2019-07-16 16:15:00,2019-07-16 19:50:00,-1,1408.8500000000001,1407.8,0.25,24.500000000004547,498.684281197007,NEWS,lw,0.04912928063663136
2019-07-17 01:07:00,2019-07-17 17:20:00,1,1406.83,1415.89,0.12,107.88000000000206,237.1335653335231,NEWS,season,0.4549334880039914
2019-07-17 18:15:00,2019-07-17 23:45:00,1,1422.1499999999999,1426.03,0.25,95.25000000000273,494.0282611115065,TIME,tday,0.192802735183006
2019-07-18 01:05:00,2019-07-18 15:20:00,1,1426.66,1420.48,0.25,-156.2500000000016,506.45481388925623,NEWS,strong_close,-0.3085171583227718
2019-07-18 01:07:00,2019-07-18 15:20:00,1,1426.6599999999999,1420.48,0.12,-74.99999999999802,243.098310666843,NEWS,season,-0.30851715832276055
2019-07-19 01:07:00,2019-07-19 17:43:00,1,1449.02,1427.8273926269705,0.11,-233.88868110332376,233.33868110332472,SL,season,-1.0023570888349862
2019-07-19 01:05:00,2019-07-19 23:00:00,1,1448.38,1425.44,0.15,-345.15000000000083,476.75866589316405,TIME,friday,-0.7239511826248478
2019-07-19 23:05:00,2019-07-19 23:55:00,1,1425.08,1424.85,0.47000000000000003,-14.100000000000854,496.2143579550276,TIME,fri_close,-0.028415139090511264
2019-07-22 01:07:00,2019-07-22 23:47:00,1,1425.8,1424.39,0.11,-16.2799999999984,242.4587753102301,TIME,season,-0.06714543525664461
2019-07-23 01:07:00,2019-07-23 16:50:00,1,1424.84,1423.51,0.11,-15.3999999999992,231.27671993092795,NEWS,season,-0.06658690076804312
2019-07-24 01:07:00,2019-07-24 16:35:00,1,1417.91,1426.31,0.12,99.95999999999836,247.9860279819788,NEWS,season,0.40308722557249266
2019-07-24 12:00:00,2019-07-24 16:35:00,1,1425.44,1426.31,0.24,19.19999999999738,495.9720559639576,NEWS,lw,0.038711858398313974
2019-07-24 15:15:00,2019-07-24 16:35:00,1,1426.68,1426.31,0.24,-10.560000000002837,495.9720559639576,NEWS,tday900,-0.02129152211908131
2019-07-25 01:07:00,2019-07-25 15:20:00,1,1425.34,1432.24,0.12,81.96000000000107,241.62131169755182,NEWS,season,0.33920848878841475
2019-07-25 14:45:00,2019-07-25 15:20:00,1,1430.03,1432.24,0.37,79.18000000000134,501.7200000000003,NEWS,inside,0.15781710914454536
2019-07-25 15:00:00,2019-07-25 15:20:00,1,1431.74,1432.24,0.25,10.75,503.377732703233,NEWS,lw,0.02135573209063198
2019-07-26 01:05:00,2019-07-26 15:20:00,1,1415.22,1419.94,0.16,74.40000000000043,487.28529315259624,NEWS,friday,0.15268262975607932
2019-07-26 01:07:00,2019-07-26 15:20:00,1,1415.75,1419.94,0.12,49.44000000000065,243.92264657629812,NEWS,season,0.2026872071697369
2019-07-26 23:05:00,2019-07-26 23:55:00,1,1417.1599999999999,1418.49,0.9,113.40000000001393,500.85966742813497,TIME,fri_close,0.22641072415016317
2019-07-29 01:07:00,2019-07-29 23:47:00,1,1420.44,1426.87,0.12,76.31999999999803,236.25388610656245,TIME,season,0.32304230528328265
2019-07-30 01:05:00,2019-07-30 16:50:00,1,1426.22,1427.65,0.26,35.360000000001655,500.20603276201257,NEWS,strong_close,0.07069087072931245
2019-07-30 01:07:00,2019-07-30 16:50:00,1,1425.9499999999998,1427.65,0.13,21.190000000003547,250.10301638100628,NEWS,season,0.08472508771234792
2019-07-31 01:07:00,2019-07-31 15:05:00,1,1431.57,1430.43,0.13,-15.729999999998345,242.46208663950583,NEWS,season,-0.0648761223579908
2019-07-31 19:30:00,2019-07-31 20:50:00,-1,1424.43,1426.68,0.27,-62.64000000000001,503.57510302051213,NEWS,lw,-0.12439058171120206
2019-08-01 01:07:00,2019-08-01 15:20:00,1,1415.52,1405.45,0.13,-131.81999999999917,247.38265187954102,NEWS,season,-0.5328587069403184
2019-08-01 01:10:00,2019-08-01 15:20:00,1,1415.75,1405.45,0.13,-134.8099999999994,493.855303759082,NEWS,tom,-0.272974693141625
2019-08-02 01:05:00,2019-08-02 15:20:00,1,1445.83,1436.97,0.16,-142.8799999999984,501.6788317934989,NEWS,friday,-0.2848037249034472
2019-08-02 01:07:00,2019-08-02 15:20:00,1,1443.93,1436.97,0.12,-84.36000000000044,251.11941589674944,NEWS,season,-0.33593579253420214
2019-08-02 23:05:00,2019-08-02 23:55:00,1,1440.57,1440.5,0.56,-7.839999999996436,498.0626072554527,TIME,fri_close,-0.015740992971141392
2019-08-05 01:07:00,2019-08-05 16:35:00,1,1440.35,1462.74,0.12,267.8400000000012,249.36517190412448,NEWS,season,1.0740874435463663
2019-08-05 08:00:00,2019-08-05 16:35:00,1,1453.27,1462.74,0.26,244.40000000000074,495.1454004731807,NEWS,trendH4,0.49359238673416406
2019-08-05 10:15:00,2019-08-05 16:35:00,1,1456.66,1462.74,0.24,144.23999999999825,498.73034380824896,NEWS,lw,0.2892144057219334
2019-08-05 12:00:00,2019-08-05 16:35:00,1,1457.47,1462.74,0.26,135.19999999999956,494.0871304495215,NEWS,trendH4,0.2736359473216684
2019-08-05 15:15:00,2019-08-05 16:35:00,1,1460.93,1462.74,0.24,41.75999999999869,498.73034380824896,NEWS,tday900,0.08373262328721372
2019-08-05 16:00:00,2019-08-05 16:35:00,1,1462.8700000000001,1462.74,0.26,-5.200000000002838,489.4677739270456,NEWS,trendH4,-0.010623784193763674
2019-08-05 20:00:00,2019-08-06 16:50:00,1,1465.99,1466.45,0.25,-10.119999999999092,489.0724857987435,NEWS,trendH4,-0.020692229258146278
2019-08-06 01:05:00,2019-08-06 16:50:00,1,1468.13,1466.45,0.23,-40.250000000001464,498.0906333293644,NEWS,strong_close,-0.08080858644331501
2019-08-06 01:07:00,2019-08-06 16:50:00,1,1472.28,1466.45,0.11,-64.8999999999992,238.21725941839165,NEWS,season,-0.27244037715173447
2019-08-06 04:00:00,2019-08-06 16:50:00,1,1470.38,1466.45,0.25,-100.00000000000159,493.1122934333658,NEWS,trendH4,-0.2027935651405831
2019-08-07 01:05:00,2019-08-07 17:20:00,1,1474.79,1497.75,0.23,526.4700000000008,492.9877309486955,NEWS,strong_close,1.0679170432636786
2019-08-07 01:07:00,2019-08-07 17:20:00,1,1474.71,1497.75,0.11,252.66999999999962,235.77674088850654,NEWS,season,1.0716493876700142
2019-08-07 04:00:00,2019-08-07 17:20:00,1,1477.85,1497.75,0.26,515.5800000000023,493.5935646484892,NEWS,trendH4,1.044543602117606
2019-08-07 08:00:00,2019-08-07 17:20:00,1,1485.01,1497.75,0.25,316.7500000000002,490.26623693852383,NEWS,trendH4,0.6460775312164084
2019-08-07 10:15:00,2019-08-07 17:20:00,1,1489.7,1497.75,0.23,183.53999999999897,492.9877309486955,NEWS,lw,0.37230135453228896
2019-08-07 15:15:00,2019-08-07 17:20:00,1,1498.15,1497.75,0.23,-10.810000000002091,492.9877309486955,NEWS,tday900,-0.021927523387244442
2019-08-07 18:15:00,2019-08-07 19:50:00,1,1502.61,1507.65,0.24,119.28000000000456,514.421980120378,NEWS,tday,0.23187189624380417
2019-08-08 01:07:00,2019-08-08 15:20:00,1,1498.75,1498.55,0.11,-2.9700000000005002,248.9969736821845,NEWS,season,-0.011927855813184934
2019-08-09 01:05:00,2019-08-09 15:20:00,1,1506.66,1497.7,0.15,-135.45000000000056,503.8272065067466,NEWS,friday,-0.2688421709878162
2019-08-09 01:07:00,2019-08-09 15:20:00,1,1507.91,1497.7,0.11,-113.0800000000004,246.5721898477428,NEWS,season,-0.4586080858097857
2019-08-09 23:05:00,2019-08-09 23:55:00,1,1498.22,1496.94,0.58,-78.2999999999984,509.3009546199033,TIME,fri_close,-0.15374013987159033
2019-08-12 18:15:00,2019-08-12 23:45:00,1,1505.6,1511.53,0.23,134.78000000000145,502.47360236672125,TIME,tday,0.2682329964502985
2019-08-12 01:07:00,2019-08-12 23:47:00,1,1495.9499999999998,1511.05,0.11,165.3300000000015,240.3134620014754,TIME,season,0.6879764397010204
2019-08-13 01:07:00,2019-08-13 15:20:00,1,1510.4199999999998,1524.14,0.11,150.1500000000028,248.71535757279855,NEWS,season,0.6037021656616204
2019-08-13 10:45:00,2019-08-13 15:20:00,1,1524.74,1524.14,0.22,-14.739999999997998,497.4307151455971,NEWS,lw,-0.029632267472031005
2019-08-13 12:00:00,2019-08-13 15:20:00,1,1523.56,1524.14,0.26,13.26000000000402,503.8722049332329,NEWS,trendH4,0.02631619658750789
2019-08-14 01:07:00,2019-08-14 17:20:00,1,1502.25,1509.84,0.1,75.19999999999919,249.35452262638853,NEWS,season,0.30157864877659524
2019-08-14 15:15:00,2019-08-14 17:20:00,1,1514.53,1509.84,0.2,-95.2000000000011,498.70904525277706,NEWS,tday900,-0.19089286810859377
2019-08-14 18:15:00,2019-08-14 23:45:00,1,1519.7,1514.22,0.2,-111.00000000000037,498.70904525277706,TIME,tday,-0.22257466764762326
2019-08-15 01:07:00,2019-08-15 15:20:00,1,1519.76,1513.47,0.1,-63.599999999999646,252.92919958164657,NEWS,season,-0.25145376692448396
2019-08-16 01:05:00,2019-08-16 23:00:00,1,1522.3,1513.96,0.13,-109.32999999999893,484.21465781391026,TIME,friday,-0.22578829086585772
2019-08-16 01:07:00,2019-08-16 23:47:00,1,1521.96,1512.05,0.1,-99.80000000000082,248.54854246867194,TIME,season,-0.4015312220653236
2019-08-16 23:05:00,2019-08-16 23:55:00,1,1514.07,1512.48,0.58,-96.27999999999525,510.71190514227624,TIME,fri_close,-0.18852115846638268
2019-08-19 01:07:00,2019-08-19 23:47:00,1,1510.87,1496.19,0.1,-147.49999999999835,248.18793229233822,TIME,season,-0.5943077031894504
2019-08-20 01:07:00,2019-08-20 23:47:00,1,1496.99,1507.23,0.1,101.70000000000009,244.88879427145685,TIME,season,0.41529054158054546
2019-08-20 13:00:00,2019-08-21 14:01:00,1,1504.54,1501.48,0.2,-78.4959999999989,489.7775885429137,TIME,lw,-0.16026866446364804
2019-08-21 01:05:00,2019-08-21 16:50:00,1,1506.99,1501.46,0.21,-117.59999999999943,501.15814882934086,NEWS,strong_close,-0.2346564657777234
2019-08-21 01:07:00,2019-08-21 16:50:00,1,1506.5,1501.46,0.1,-51.09999999999964,238.6467375377814,NEWS,season,-0.2141240250221721
2019-08-22 01:07:00,2019-08-22 15:20:00,1,1502.3,1494.51,0.11,-86.4599999999996,252.85916762787673,NEWS,season,-0.3419294653664268
2019-08-23 01:05:00,2019-08-23 16:50:00,1,1498.97,1506.77,0.15,115.9499999999993,499.2217956568437,NEWS,friday,0.23226149380645492
2019-08-23 01:07:00,2019-08-23 16:50:00,1,1498.8899999999999,1506.77,0.11,85.9100000000012,244.32065565445697,NEWS,season,0.3516280675077421
2019-08-23 15:45:00,2019-08-23 16:50:00,1,1504.0,1506.77,0.23,62.09999999999959,510.85228000477366,NEWS,lw,0.1215615598298187
2019-08-23 18:15:00,2019-08-23 23:45:00,1,1525.06,1525.85,0.23,16.559999999999164,510.85228000477366,TIME,tday,0.032416415954616896
2019-08-23 23:05:00,2019-08-23 23:55:00,1,1526.54,1526.48,0.53,-6.889999999997109,508.6544544769083,TIME,fri_close,-0.013545541456198724
2019-08-26 04:00:00,2019-08-26 10:02:00,1,1545.16,1527.3404745077512,0.28,-500.90671378296884,499.5067137829673,SL,trendH4,-1.0028027651308202
2019-08-26 01:07:00,2019-08-26 11:39:00,1,1549.43,1526.201957639559,0.11,-256.2784659648524,255.72846596485294,SL,season,-1.0021507187239571
2019-08-26 01:05:00,2019-08-26 15:20:00,1,1546.4499999999998,1531.73,0.22,-325.3799999999956,511.4569319297059,NEWS,strong_close,-0.6361825985471549
2019-08-27 01:07:00,2019-08-27 16:50:00,1,1527.77,1532.66,0.1,48.200000000001,237.31753620409668,NEWS,season,0.20310340639365254
2019-08-27 18:15:00,2019-08-27 23:45:00,1,1539.1200000000001,1542.72,0.21,74.12999999999809,498.366826028603,TIME,tday,0.14874585571982576
2019-08-27 18:30:00,2019-08-28 17:20:00,1,1542.07,1538.23,0.21,-98.80079999999828,498.366826028603,NEWS,lw,-0.19824915070556434
2019-08-28 01:05:00,2019-08-28 17:20:00,1,1541.42,1538.23,0.21,-68.46000000000114,491.3291955979883,NEWS,strong_close,-0.13933631588222567
2019-08-28 01:07:00,2019-08-28 17:20:00,1,1541.3,1538.23,0.1,-31.399999999999366,233.96628361808968,NEWS,season,-0.1342073717393167
2019-08-28 14:30:00,2019-08-28 17:20:00,1,1545.27,1538.23,0.26,-184.85999999999908,502.32,NEWS,inside,-0.3680124223602466
2019-08-29 01:07:00,2019-08-29 15:20:00,1,1539.4099999999999,1537.68,0.11,-19.7999999999977,250.8205611241916,NEWS,season,-0.07894089667630519
2019-08-29 10:30:00,2019-08-29 15:20:00,1,1547.06,1537.68,0.22,-207.8999999999974,501.6411222483832,NEWS,lw,-0.4144397075506452
2019-08-30 01:05:00,2019-08-30 16:35:00,1,1528.03,1526.76,0.14,-18.759999999999746,490.1964492656122,NEWS,friday,-0.03827037104839302
2019-08-30 01:07:00,2019-08-30 16:35:00,1,1527.86,1526.76,0.1,-11.69999999999909,233.66021393600582,NEWS,season,-0.05007270943954306
2019-08-30 23:05:00,2019-08-30 23:55:00,1,1523.72,1520.69,0.53,-164.29999999999856,499.57509021138355,TIME,fri_close,-0.3288794882276433
2019-09-02 01:10:00,2019-09-03 16:35:00,1,1532.48,1536.45,0.11,34.157200000000294,502.1315798978406,NEWS,tom,0.06802440110807137
2019-09-03 15:30:00,2019-09-03 16:35:00,1,1534.24,1536.45,0.34,72.76000000000124,500.82000000000284,NEWS,nr7,0.14528173794976404
2019-09-03 16:15:00,2019-09-03 16:35:00,1,1537.24,1536.45,0.22,-18.9199999999992,490.09575276228065,NEWS,lw,-0.038604701006613874
2019-09-03 18:15:00,2019-09-03 23:45:00,1,1549.2,1547.12,0.22,-47.3000000000034,490.09575276228065,TIME,tday,-0.0965117525165457
2019-09-04 01:05:00,2019-09-04 23:45:00,1,1546.9199999999998,1552.59,0.22,123.2000000000016,499.3246275649752,TIME,strong_close,0.24673327370372905
2019-09-05 01:05:00,2019-09-05 15:05:00,1,1551.8,1544.32,0.22,-166.1000000000004,500.1628684531914,NEWS,strong_close,-0.33209182543614824
2019-09-06 01:05:00,2019-09-06 15:20:00,1,1518.96,1504.23,0.13,-192.40000000000023,476.2932375093638,NEWS,friday,-0.4039528274768287
2019-09-06 23:05:00,2019-09-06 23:55:00,1,1505.69,1506.48,0.36,25.91999999999869,496.00756540646904,TIME,fri_close,0.05225726744461595
2019-09-10 15:15:00,2019-09-10 16:50:00,-1,1489.89,1497.9,0.2,-161.59999999999982,480.9089855524986,NEWS,lw,-0.33603031936353517
2019-09-11 10:15:00,2019-09-11 15:20:00,1,1493.04,1491.65,0.21,-30.65999999999732,493.72626091368625,NEWS,lw,-0.06209918820857968
2019-09-11 18:15:00,2019-09-11 19:50:00,1,1495.67,1493.67,0.21,-43.47,493.72626091368625,NEWS,tday,-0.08804473944641861
2019-09-12 01:05:00,2019-09-12 15:20:00,1,1497.03,1516.3,0.22,422.3999999999996,501.0029612969875,NEWS,strong_close,0.8431087890309031
2019-09-12 10:00:00,2019-09-12 15:20:00,1,1501.3,1516.3,0.31,462.83000000000004,496.93000000000114,NEWS,inside,0.9313786650031171
2019-09-12 11:00:00,2019-09-12 15:20:00,1,1503.12,1516.3,0.22,288.4200000000014,501.0029612969875,NEWS,lw,0.5756852200101669
2019-09-13 01:05:00,2019-09-13 15:20:00,1,1497.97,1506.29,0.14,115.49999999999912,496.0658066041478,NEWS,friday,0.23283201233050554
2019-09-13 23:05:00,2019-09-13 23:55:00,1,1487.18,1488.52,0.51,64.76999999999583,503.4494935110828,TIME,fri_close,0.128652428564952
2019-09-17 19:30:00,2019-09-18 17:20:00,1,1506.18,1505.23,0.21,-38.11080000000095,496.1412822250048,NEWS,lw,-0.07681441026049782
2019-09-20 01:05:00,2019-09-20 23:00:00,1,1499.49,1516.43,0.14,236.1800000000008,477.3575645219887,TIME,friday,0.49476538668975373
2019-09-20 23:05:00,2019-09-20 23:55:00,1,1516.53,1516.48,0.62,-7.43999999999718,504.5025747223971,TIME,fri_close,-0.014747199266705518
2019-09-20 07:45:00,2019-09-20 23:59:00,1,1504.93,1516.63,0.32,372.16000000000145,508.48000000000525,EOD,inside,0.7319068596601589
2019-09-20 10:30:00,2019-09-20 23:59:00,1,1506.18,1516.63,0.22,228.360000000001,500.6022104516072,EOD,lw,0.456170578619681
2019-09-23 01:05:00,2019-09-23 16:35:00,1,1512.88,1518.56,0.22,123.4199999999964,494.9691954193493,NEWS,strong_close,0.24934885068035828
2019-09-23 18:15:00,2019-09-23 23:45:00,1,1525.21,1523.27,0.22,-44.2200000000012,494.9691954193493,TIME,tday,-0.08933889302451842
2019-09-24 18:45:00,2019-09-25 16:50:00,1,1529.07,1529.02,0.23,-21.040399999998954,506.6436669817709,NEWS,lw,-0.041528990434920386
2019-09-25 01:05:00,2019-09-25 16:50:00,1,1533.62,1529.02,0.23,-107.40999999999792,503.4926907687876,NEWS,strong_close,-0.21332980988461342
2019-09-27 01:05:00,2019-09-27 15:20:00,1,1504.46,1494.01,0.15,-157.8000000000007,495.584700898029,NEWS,friday,-0.3184117663722421
2019-09-27 23:05:00,2019-09-27 23:55:00,1,1497.47,1496.76,0.48,-37.44000000000174,504.16186864221004,TIME,fri_close,-0.0742618637558484
2019-09-30 12:15:00,2019-09-30 16:35:00,-1,1486.25,1483.23,0.23,67.84999999999958,504.85190656670085,NEWS,lw,0.1343958478069752
2019-10-01 01:10:00,2019-10-01 16:35:00,1,1473.46,1463.76,0.11,-107.4700000000005,504.3516934101752,NEWS,tom,-0.21308543503312508
2019-10-02 16:00:00,2019-10-02 17:20:00,1,1492.56,1491.32,0.21,-27.51000000000019,490.0965009772009,NEWS,lw,-0.05613180250246256
2019-10-03 01:05:00,2019-10-03 15:20:00,1,1499.42,1500.94,0.21,30.449999999999616,501.0646080502579,NEWS,strong_close,0.06077060624674056
2019-10-04 01:05:00,2019-10-04 15:20:00,1,1506.57,1507.17,0.14,7.4200000000019095,500.63427890381087,NEWS,friday,0.01482119845298797
2019-10-04 23:05:00,2019-10-04 23:55:00,1,1505.02,1504.62,0.51,-23.97000000000464,505.5664895948579,TIME,fri_close,-0.04741216139387185
2019-10-07 10:30:00,2019-10-07 19:50:00,-1,1501.91,1498.22,0.21,76.02000000000115,495.07468755353864,NEWS,lw,0.1535525889551365
2019-10-08 14:15:00,2019-10-08 15:20:00,1,1503.77,1504.1,0.21,5.459999999998472,497.21220987114305,NEWS,lw,0.010981226710851449
2019-10-09 01:05:00,2019-10-09 16:50:00,1,1506.9,1506.45,0.21,-10.920000000000956,496.0770520232045,NEWS,strong_close,-0.02201270942782929
2019-10-10 01:30:00,2019-10-10 15:20:00,1,1514.75,1508.43,0.34,-217.25999999999786,502.860000000001,NEWS,nr7,-0.43204868154157705
2019-10-10 16:45:00,2019-10-10 19:50:00,-1,1495.92,1496.07,0.22,-4.839999999996998,502.2212138729134,NEWS,lw,-0.009637187490892719
2019-10-11 01:05:00,2019-10-11 23:00:00,1,1494.92,1485.85,0.14,-127.96000000000232,483.72062138735515,TIME,friday,-0.2645328612061262
2019-10-11 23:05:00,2019-10-11 23:55:00,1,1486.61,1488.07,0.45,62.55000000000164,508.81416993729925,TIME,fri_close,0.12293289710801415
2019-10-15 17:00:00,2019-10-16 15:20:00,-1,1487.56,1479.15,0.22,191.0501999999968,502.63855935815997,NEWS,lw,0.38009459569507903
2019-10-16 16:00:00,2019-10-17 15:20:00,1,1490.82,1489.76,0.22,-77.3167999999988,500.14437654686253,NEWS,lw,-0.1545889619589762
2019-10-17 01:05:00,2019-10-17 15:20:00,1,1490.42,1489.76,0.23,-16.790000000001886,509.51548242698664,NEWS,strong_close,-0.03295287499415268
2019-10-17 19:00:00,2019-10-18 20:01:00,1,1496.53,1491.43,0.23,-137.1903999999979,509.51548242698664,TIME,lw,-0.2692565873494477
2019-10-18 01:05:00,2019-10-18 23:00:00,1,1492.43,1490.64,0.15,-27.89999999999945,484.7469832605389,TIME,friday,-0.05755579913532732
2019-10-18 23:05:00,2019-10-18 23:55:00,1,1490.6599999999999,1490.08,1.0,-64.99999999999272,508.92617824434865,TIME,fri_close,-0.1277198988352777
2019-10-21 16:15:00,2019-10-21 18:14:00,1,1494.8,1485.04,0.52,-511.1599999999995,508.56000000000193,SL,inside,-1.005112474437623
2019-10-21 18:15:00,2019-10-22 16:50:00,-1,1484.98,1487.5,0.24,-53.90159999999956,496.5074881818673,NEWS,lw,-0.10856150467615057
2019-10-23 01:05:00,2019-10-23 17:20:00,1,1488.44,1494.87,0.26,165.35999999999575,502.7445202106987,NEWS,strong_close,0.32891457460479906
2019-10-23 10:15:00,2019-10-23 17:20:00,1,1491.74,1494.87,0.26,79.55999999999693,502.7445202106987,NEWS,lw,0.15825135193249562
2019-10-24 18:15:00,2019-10-24 23:45:00,1,1502.22,1502.64,0.27,9.450000000001964,501.85721591745937,TIME,tday,0.018830057036693496
2019-10-25 01:05:00,2019-10-25 23:00:00,1,1503.4,1505.56,0.18,37.61999999999738,496.4109862090693,TIME,friday,0.07578397949507362
2019-10-25 23:05:00,2019-10-25 23:55:00,1,1505.17,1504.26,0.77,-75.4600000000063,503.17337295036424,TIME,fri_close,-0.1499681900048596
2019-10-25 15:15:00,2019-10-25 23:59:00,1,1510.18,1504.37,0.27,-158.76000000000468,497.04098620906933,EOD,lw,-0.3194102788401152
2019-10-28 16:45:00,2019-10-29 16:50:00,-1,1493.82,1485.3500000000001,0.27,236.0906999999946,495.11448719413613,NEWS,lw,0.47684062192957527
2019-10-30 14:00:00,2019-10-30 15:05:00,1,1493.28,1494.41,0.28,29.68000000000306,499.30856262332816,NEWS,lw,0.05944220111921706
2019-10-31 01:05:00,2019-10-31 15:20:00,1,1495.3400000000001,1505.58,0.28,284.7599999999939,494.6836652930901,NEWS,strong_close,0.5756405961601326
2019-10-31 12:15:00,2019-10-31 15:20:00,1,1503.6100000000001,1505.58,0.28,53.199999999994404,494.6836652930901,NEWS,lw,0.10754347420886533
2019-10-31 18:15:00,2019-10-31 23:45:00,1,1510.26,1512.26,0.28,54.040000000000006,494.6836652930901,TIME,tday,0.10924152906480629
2019-11-01 01:05:00,2019-11-01 15:20:00,1,1512.39,1510.92,0.19,-29.260000000000524,508.618923446658,NEWS,friday,-0.05752833536298655
2019-11-01 01:10:00,2019-11-01 15:20:00,1,1512.1200000000001,1510.92,0.14,-17.78000000000064,499.36911777215533,NEWS,tom,-0.03560492502885017
2019-11-01 23:05:00,2019-11-01 23:55:00,1,1512.82,1513.97,0.67,72.36000000000611,504.6699485067053,TIME,fri_close,0.1433808377418072
2019-11-04 01:05:00,2019-11-04 23:45:00,1,1513.08,1509.5,0.29,-105.84999999999789,507.80024846964926,TIME,strong_close,-0.20844810596094943
2019-11-05 10:45:00,2019-11-05 16:35:00,-1,1504.66,1493.97,0.3,318.6000000000016,510.1812731605007,NEWS,lw,0.6244839173071166
2019-11-07 11:30:00,2019-11-07 15:20:00,-1,1484.99,1484.3600000000001,0.29,16.23999999999657,508.1807856734041,NEWS,lw,0.0319571311191479
2019-11-08 01:05:00,2019-11-08 23:00:00,1,1468.62,1458.48,0.18,-183.7799999999977,499.80570387035704,TIME,friday,-0.3677028864954046
2019-11-08 23:05:00,2019-11-08 23:55:00,1,1458.58,1458.76,0.77,8.470000000004902,506.3157372834164,TIME,fri_close,0.01672869195306824
2019-11-11 17:45:00,2019-11-12 18:46:00,-1,1452.26,1453.96,0.27,-38.49930000000123,497.09029645104584,TIME,lw,-0.07744930905886772
2019-11-12 17:45:00,2019-11-13 11:30:00,-1,1446.25,1464.6349837403798,0.27,-488.99386099025367,496.93456099025695,SL,lw,-0.9840206324466956
2019-11-14 10:30:00,2019-11-14 15:20:00,1,1468.64,1467.46,0.28,-35.00000000000178,494.74317887488564,NEWS,lw,-0.0707437747390406
2019-11-15 01:05:00,2019-11-15 15:20:00,1,1471.49,1465.64,0.19,-112.47999999999828,494.6083871763906,NEWS,friday,-0.22741223747159167
2019-11-15 23:05:00,2019-11-15 23:55:00,1,1467.02,1467.37,1.24,34.71999999998872,505.4414677206354,TIME,fri_close,0.06869242477583766
2019-11-18 15:15:00,2019-11-18 23:45:00,-1,1458.5,1471.16,0.3,-381.9000000000025,503.387521300231,TIME,tday900,-0.7586600458699675
2019-11-18 10:15:00,2019-11-19 11:16:00,-1,1461.56,1468.0800000000002,0.3,-187.37700000000623,503.387521300231,TIME,lw,-0.3722321115867523
2019-11-20 10:15:00,2019-11-20 17:20:00,1,1478.3,1471.83,0.3,-196.2000000000008,491.8361790803016,NEWS,lw,-0.3989133137112458
2019-11-21 12:15:00,2019-11-21 15:20:00,-1,1469.27,1468.18,0.31,31.61999999999746,500.75852421276574,NEWS,lw,0.0631442071799112
2019-11-22 01:05:00,2019-11-22 16:35:00,1,1464.87,1469.35,0.21,92.61000000000037,501.79239784591596,NEWS,friday,0.18455839585763886
2019-11-22 11:15:00,2019-11-22 16:35:00,1,1470.3600000000001,1469.35,0.31,-33.48000000000677,494.55077248328246,NEWS,lw,-0.06769780144492345
2019-11-22 23:05:00,2019-11-22 23:55:00,1,1462.31,1462.01,1.02,-37.73999999999536,501.67248918848156,TIME,fri_close,-0.07522836275324678
2019-11-25 15:45:00,2019-11-26 01:50:00,-1,1455.23,1454.4,0.32,35.33119999999768,501.2623072650821,NEWS,lw,0.07048445392346948
2019-11-26 11:15:00,2019-11-26 16:50:00,1,1459.13,1454.06,0.33,-169.62000000000543,499.1905576266075,NEWS,lw,-0.339790080979217
2019-11-27 01:05:00,2019-11-27 15:20:00,1,1461.71,1456.41,0.33,-177.2099999999985,494.01194636756446,NEWS,strong_close,-0.3587160215517283
2019-11-27 18:15:00,2019-11-27 23:45:00,-1,1454.22,1454.6100000000001,0.33,-15.180000000003302,494.01194636756446,TIME,tday,-0.03072800184615127
2019-11-29 01:15:00,2019-11-29 09:10:00,1,1456.23,1457.61,0.79,103.48999999999066,501.8160659676963,TIME,drift,0.20623094200944272
2019-11-29 01:05:00,2019-11-29 20:45:00,1,1455.82,1463.91,0.24,192.48000000000349,497.54142265000974,EOD,friday,0.3868622615878186
2019-11-29 10:15:00,2019-11-29 20:45:00,1,1457.8700000000001,1463.91,0.36,214.91999999999868,498.3814226500097,EOD,lw,0.431235977571594
2019-12-02 01:05:00,2019-12-02 16:35:00,1,1462.8600000000001,1458.81,0.36,-148.32000000000656,497.62560674643765,NEWS,strong_close,-0.2980554014688842
2019-12-02 01:10:00,2019-12-02 16:35:00,1,1462.3600000000001,1458.81,0.18,-65.16000000000328,496.36560674643766,NEWS,tom,-0.13127420416396712
2019-12-03 01:15:00,2019-12-03 09:10:00,1,1461.92,1461.49,0.5,-25.000000000003183,498.2132985860286,TIME,drift,-0.05017931089145009
2019-12-04 01:15:00,2019-12-04 09:10:00,1,1476.98,1482.37,0.47000000000000003,250.03999999999402,504.18714417038115,TIME,drift,0.4959269646024481
2019-12-03 12:15:00,2019-12-04 13:16:00,1,1469.0,1476.26,0.36,230.2271999999997,490.8809205502633,TIME,lw,0.46900824693272186
2019-12-05 01:15:00,2019-12-05 09:10:00,1,1475.15,1477.49,0.47000000000000003,106.68999999999616,500.2783506590198,TIME,drift,0.21326127716590726
2019-12-06 01:15:00,2019-12-06 09:10:00,1,1476.38,1472.96,0.49,-171.01000000000357,505.23344848753567,TIME,drift,-0.3384771940811485
2019-12-05 19:30:00,2019-12-06 15:20:00,1,1480.21,1476.36,0.35000000000000003,-165.01800000000478,494.2041447073139,NEWS,lw,-0.3339065480677718
2019-12-06 01:05:00,2019-12-06 15:20:00,1,1476.28,1476.36,0.24,0.23999999999825383,490.4868157612714,NEWS,friday,0.0004893097883288796
2019-12-06 18:15:00,2019-12-06 23:45:00,-1,1459.3300000000002,1459.93,0.37,-24.789999999996635,504.97478286575114,TIME,tday,-0.049091560293986244
2019-12-10 01:15:00,2019-12-10 09:10:00,1,1462.13,1462.62,0.67,28.139999999985374,502.2123794112025,TIME,drift,0.05603207159683502
2019-12-10 11:15:00,2019-12-10 19:50:00,1,1464.72,1463.84,0.37,-35.15000000000404,504.9039709403668,NEWS,lw,-0.06961719856260655
2019-12-11 01:15:00,2019-12-11 09:10:00,1,1464.47,1463.42,0.62,-69.43999999999718,503.7535748008819,TIME,drift,-0.13784517564454932
2019-12-12 01:15:00,2019-12-12 09:10:00,1,1474.92,1473.56,0.47000000000000003,-67.21000000000599,501.2107058839894,TIME,drift,-0.13409530006241022
2019-12-12 18:15:00,2019-12-12 19:50:00,-1,1466.01,1468.4,0.37,-91.0200000000037,500.6747504536831,NEWS,tday,-0.18179466793068064
2019-12-13 01:15:00,2019-12-13 09:10:00,1,1464.57,1466.3,0.35000000000000003,58.10000000000065,497.4541875511165,TIME,drift,0.11679467467349547
2019-12-13 01:05:00,2019-12-13 15:20:00,1,1466.79,1471.83,0.23,114.30999999999918,489.12642003567,NEWS,friday,0.23370236265639263
2019-12-13 23:05:00,2019-12-13 23:55:00,1,1476.18,1475.55,0.78,-54.600000000008514,502.10161360893284,TIME,fri_close,-0.10874292876209377
2019-12-13 18:30:00,2019-12-13 23:59:00,1,1476.4,1475.51,0.35000000000000003,-33.600000000003504,497.03187539850586,EOD,lw,-0.06760129815228448
2019-12-16 01:05:00,2019-12-16 16:35:00,1,1475.23,1477.24,0.35000000000000003,67.8999999999997,502.5045985843268,NEWS,strong_close,0.13512314154196778
2019-12-17 01:15:00,2019-12-17 09:10:00,1,1475.6000000000001,1477.19,0.58,88.15999999999525,498.08536153796206,TIME,drift,0.17699777348962714
2019-12-17 10:30:00,2019-12-17 16:50:00,1,1479.1,1477.02,0.36,-77.39999999999738,497.40316762747943,NEWS,lw,-0.15560817670136878
2019-12-18 01:15:00,2019-12-18 09:10:00,1,1476.14,1477.59,0.65,89.69999999998818,498.87043180237237,TIME,drift,0.17980620674572842
2019-12-18 11:15:00,2019-12-18 17:20:00,1,1479.04,1474.77,0.38,-164.9199999999993,504.87834287296585,NEWS,lw,-0.32665294982061727
2019-12-19 01:15:00,2019-12-19 09:10:00,1,1475.68,1476.66,0.64,58.24000000000116,502.6277404718289,TIME,drift,0.11587104194712743
2019-12-20 01:15:00,2019-12-20 09:10:00,1,1479.28,1479.34,0.7000000000000001,-0.7000000000038202,500.6281027115478,TIME,drift,-0.0013982435189163695
2019-12-19 20:00:00,2019-12-20 15:20:00,1,1479.98,1478.94,0.38,-72.38239999999861,492.972746953468,NEWS,lw,-0.14682840065158984
2019-12-20 01:05:00,2019-12-20 15:20:00,1,1479.3,1478.94,0.26,-11.1799999999974,492.5195915515197,NEWS,friday,-0.02269960462847481
2019-12-20 23:05:00,2019-12-20 23:55:00,1,1477.79,1477.93,1.7,11.900000000017007,504.27211803975376,TIME,fri_close,0.02359836995603807
2019-12-23 10:15:00,2019-12-23 15:20:00,1,1484.8,1481.31,0.41000000000000003,-145.96000000000038,496.7926965145791,NEWS,lw,-0.2938046413001504
2019-12-24 01:15:00,2019-12-24 09:10:00,1,1485.98,1490.43,0.77,337.2600000000035,503.6464642547369,TIME,drift,0.6696363896827089
2019-12-24 01:05:00,2019-12-26 04:00:00,1,1485.44,1501.26,0.42,628.1183999999972,498.59890644069685,TIME,strong_close,1.2597669025868699
2019-12-24 10:15:00,2019-12-26 14:30:00,1,1491.39,1507.04,0.42,620.9783999999942,498.59890644069685,TIME,lw,1.2454467749095497
2019-12-24 04:00:00,2019-12-26 15:20:00,1,1487.78,1505.06,0.67,1099.818399999998,498.0228857456558,NEWS,trendH4,2.2083691964342456
2019-12-24 08:00:00,2019-12-26 15:20:00,1,1490.43,1505.06,0.67,922.268399999992,497.6772414583721,NEWS,trendH4,1.853145619633753
2019-12-24 12:00:00,2019-12-26 15:20:00,1,1491.2,1505.06,0.68,883.6735999999933,504.3639969882226,NEWS,trendH4,1.7520552721383638
2019-12-24 20:00:00,2019-12-26 15:20:00,1,1499.79,1505.06,0.62,273.1223999999989,501.42336546288334,NEWS,trendH4,0.5446942021695957
2019-12-27 01:15:00,2019-12-27 09:10:00,1,1510.75,1509.19,0.52,-84.75999999999716,518.230669891074,TIME,drift,-0.1635565104971744
2019-12-26 16:00:00,2019-12-27 17:50:00,1,1508.05,1512.47,0.67,238.19840000000494,522.9302470589306,NEWS,trendH4,0.45550702285760425
2019-12-26 20:00:00,2019-12-27 17:50:00,1,1508.78,1512.47,0.65,183.63800000000353,520.9218694908803,NEWS,trendH4,0.35252503447298333
2019-12-27 01:05:00,2019-12-27 17:50:00,1,1511.12,1512.47,0.28,35.840000000003826,519.875077492234,NEWS,friday,0.06893963867798454
2019-12-27 23:05:00,2019-12-27 23:55:00,1,1511.0,1510.71,1.24,-44.63999999999549,527.5656716010697,TIME,fri_close,-0.08461505818701373
2019-12-27 20:00:00,2019-12-27 23:59:00,1,1514.34,1510.78,0.64,-232.31999999999653,526.4095890771617,EOD,trendH4,-0.4413293466163337
2019-12-31 01:15:00,2019-12-31 09:10:00,1,1515.29,1523.84,0.74,627.5199999999967,522.1337841895012,TIME,drift,1.2018375730543556
2019-12-31 04:00:00,2019-12-31 16:50:00,1,1521.49,1518.92,0.66,-174.2399999999958,525.3764452579434,NEWS,trendH4,-0.3316479099371298
2019-12-31 08:00:00,2019-12-31 16:50:00,1,1523.5,1518.92,0.66,-306.8999999999952,520.8546229950462,NEWS,trendH4,-0.5892239147945781
2019-12-31 10:15:00,2019-12-31 16:50:00,1,1524.3600000000001,1518.92,0.45,-247.9500000000025,522.5353212255148,NEWS,lw,-0.47451337723635467
2020-01-02 01:15:00,2020-01-02 09:10:00,1,1520.0,1520.14,0.55,3.850000000005502,524.2479755852945,TIME,drift,0.007343852869831658
2020-01-02 01:07:00,2020-01-02 15:20:00,1,1521.21,1524.51,0.22,71.059999999999,254.1387331277735,NEWS,season,0.2796110578086187
2020-01-02 01:10:00,2020-01-02 15:20:00,1,1521.1000000000001,1524.51,0.22,73.47999999999679,506.73746625554696,NEWS,tom,0.14500605321916524
2020-01-02 14:45:00,2020-01-02 15:20:00,1,1523.26,1524.51,0.45,53.1,519.829226852264,NEWS,lw,0.1021489313356578
2020-01-02 16:00:00,2020-01-02 16:35:00,1,1528.27,1528.53,0.6,11.399999999999451,522.3361005265302,NEWS,trendH4,0.021825027962853637
2020-01-03 01:15:00,2020-01-03 09:10:00,1,1528.62,1542.26,0.51,692.070000000005,524.6832697218192,TIME,drift,1.3190243332266574
2020-01-03 01:05:00,2020-01-03 16:50:00,1,1528.61,1545.43,0.3,502.5000000000049,527.9664249342449,NEWS,friday,0.951765067376374
2020-01-03 01:07:00,2020-01-03 16:50:00,1,1528.51,1545.43,0.22,370.7000000000016,258.6302521900753,NEWS,season,1.4333203361204736
2020-01-03 04:00:00,2020-01-03 16:50:00,1,1535.13,1545.43,0.56,572.8799999999975,527.3595032430039,NEWS,trendH4,1.086317770850937
2020-01-03 08:00:00,2020-01-03 16:50:00,1,1541.59,1545.43,0.52,196.0400000000076,523.7324189322215,NEWS,trendH4,0.37431328081559523
2020-01-03 10:15:00,2020-01-03 16:50:00,1,1543.82,1545.43,0.45,69.30000000000572,529.0164249342448,NEWS,lw,0.13099782300449275
2020-01-03 12:00:00,2020-01-03 16:50:00,1,1547.06,1545.43,0.5,-84.99999999999409,529.7344211400101,NEWS,trendH4,-0.16045776262201467
2020-01-03 23:05:00,2020-01-03 23:55:00,1,1549.02,1551.54,0.77,188.6499999999986,533.8835606089822,TIME,fri_close,0.3533542028992468
2020-01-06 01:07:00,2020-01-06 01:46:00,1,1580.22,1567.4909309140553,0.21,-268.78045080483935,267.73045080483934,SL,season,-1.0039218549733269
2020-01-06 01:05:00,2020-01-06 16:35:00,1,1576.72,1573.92,0.42,-120.53999999999809,535.4609016096787,NEWS,strong_close,-0.2251144754689579
2020-01-06 04:00:00,2020-01-06 16:35:00,1,1577.98,1573.92,0.37,-152.80999999999798,538.4939299879163,NEWS,trendH4,-0.28377292944309884
2020-01-06 10:15:00,2020-01-06 16:35:00,1,1572.77,1573.92,0.42,45.36000000000382,535.4609016096787,NEWS,lw,0.08471206742386721
2020-01-07 01:15:00,2020-01-07 09:10:00,1,1564.6,1565.44,0.28,21.560000000004077,528.2934755114942,TIME,drift,0.04081064976077864
2020-01-07 01:07:00,2020-01-07 16:50:00,1,1564.82,1569.95,0.18,91.08000000000196,260.59872615079064,NEWS,season,0.3495028596083781
2020-01-07 18:15:00,2020-01-07 23:45:00,1,1569.86,1575.14,0.37,192.7700000000074,535.6751593099585,TIME,tday,0.35986361631614244
2020-01-08 01:15:00,2020-01-08 09:10:00,1,1576.66,1588.89,0.32,389.1200000000006,532.1830881885595,TIME,drift,0.7311769363518936
2020-01-08 04:00:00,2020-01-08 13:34:00,1,1593.68,1575.4273442978447,0.29,-531.357015362506,529.9070153625105,SL,trendH4,-1.0027363291255986
2020-01-08 10:15:00,2020-01-08 15:00:00,1,1587.34,1572.3407006350783,0.36,-542.4947771371784,540.6947771371827,SL,lw,-1.0033290500964818
2020-01-08 01:05:00,2020-01-08 15:05:00,1,1576.32,1573.15,0.35000000000000003,-113.3999999999946,525.6754777722609,NEWS,strong_close,-0.21572244625252052
2020-01-08 01:07:00,2020-01-08 15:05:00,1,1577.53,1573.15,0.17,-75.64999999999799,255.3280892036696,NEWS,season,-0.296285458587573
2020-01-09 01:07:00,2020-01-09 15:20:00,1,1555.76,1551.58,0.14,-59.50000000000089,254.46089174398253,NEWS,season,-0.23382768012879895
2020-01-10 01:05:00,2020-01-10 15:20:00,1,1553.24,1549.18,0.19,-78.46999999999896,523.378981587477,NEWS,friday,-0.149929597405668
2020-01-10 01:07:00,2020-01-10 15:20:00,1,1553.68,1549.18,0.14,-63.98000000000001,257.4251137622694,NEWS,season,-0.24853829941038763
2020-01-10 18:15:00,2020-01-10 23:45:00,1,1559.8600000000001,1562.69,0.29,80.03999999999789,533.2377356504152,TIME,tday,0.1501019051143658
2020-01-10 23:05:00,2020-01-10 23:55:00,1,1561.02,1561.96,0.98,85.26000000000535,530.0387235988899,TIME,fri_close,0.160856171830431
2020-01-13 01:05:00,2020-01-13 23:45:00,1,1560.0,1548.07,0.29,-348.0000000000018,531.3993259610994,TIME,strong_close,-0.6548747486094418
2020-01-13 01:07:00,2020-01-13 23:47:00,1,1560.66,1548.22,0.14,-175.14000000000078,256.53760563639287,TIME,season,-0.6827069254253425
2020-01-14 01:07:00,2020-01-14 15:20:00,1,1548.91,1543.19,0.14,-81.06000000000039,253.73349094807912,NEWS,season,-0.3194690606159969
2020-01-14 17:45:00,2020-01-15 15:20:00,-1,1541.67,1548.8500000000001,0.29,-200.27110000000184,525.5908026781639,NEWS,lw,-0.3810399629892958
2020-01-16 01:05:00,2020-01-16 15:20:00,1,1555.67,1555.76,0.3,0.5999999999975443,521.016690636574,NEWS,strong_close,0.001151594585702176
2020-01-16 01:07:00,2020-01-16 15:20:00,1,1555.5900000000001,1555.76,0.15,1.4999999999976807,260.508345318287,NEWS,season,0.005757972928525544
2020-01-16 17:30:00,2020-01-17 16:50:00,-1,1551.38,1557.6000000000001,0.3,-178.3770000000008,521.016690636574,NEWS,lw,-0.3423633123577312
2020-01-17 23:05:00,2020-01-17 23:55:00,1,1557.38,1556.93,0.96,-49.920000000004364,525.8902174940017,TIME,fri_close,-0.09492475490014939
2020-01-20 01:07:00,2020-01-21 04:34:00,1,1558.26,1566.99,0.16,125.84320000000028,263.9812808641662,TIME,season,0.4767125895746902
2020-01-21 03:30:00,2020-01-21 10:41:00,1,1565.5,1556.5,0.58,-526.06,523.1600000000026,SL,nr7,-1.0055432372505493
2020-01-21 01:07:00,2020-01-21 23:47:00,1,1560.85,1557.93,0.16,-47.839999999997524,252.54261794529728,TIME,season,-0.189433373223208
2020-01-22 01:07:00,2020-01-22 16:50:00,1,1558.02,1557.5,0.16,-9.43999999999971,260.0124309492046,NEWS,season,-0.036305956471149974
2020-01-23 01:05:00,2020-01-23 15:20:00,1,1559.01,1556.2,0.33,-95.0399999999982,519.5852360589681,NEWS,strong_close,-0.18291512807575624
2020-01-23 01:07:00,2020-01-23 15:20:00,1,1558.7,1556.2,0.16,-41.12,251.92011445283302,NEWS,season,-0.16322634692871613
2020-01-23 01:30:00,2020-01-23 15:20:00,1,1561.49,1556.2,0.47000000000000003,-251.9199999999983,527.8100000000039,NEWS,inside,-0.4772929652715872
2020-01-24 01:05:00,2020-01-24 16:35:00,1,1562.29,1561.95,0.22,-9.019999999998198,519.6520049118989,NEWS,friday,-0.017357770035982902
2020-01-24 01:07:00,2020-01-24 16:35:00,1,1562.5,1561.95,0.16,-9.919999999999273,252.3258205633449,NEWS,season,-0.03931424845008645
2020-01-24 18:15:00,2020-01-24 23:45:00,1,1571.56,1570.62,0.33,-33.3300000000018,520.4220049118989,TIME,tday,-0.06404417892676188
2020-01-24 23:05:00,2020-01-24 23:55:00,1,1571.82,1571.0,0.58,-51.61999999999631,524.862383945708,TIME,fri_close,-0.09834958949036803
2020-01-24 17:30:00,2020-01-24 23:59:00,1,1575.03,1571.31,0.33,-125.07000000000092,520.4220049118989,EOD,lw,-0.2403241961707091
2020-01-27 01:07:00,2020-01-27 16:50:00,1,1585.2,1579.75,0.16,-88.32000000000073,256.45111909453453,NEWS,season,-0.344393115974057
2020-01-28 01:07:00,2020-01-28 15:20:00,1,1580.78,1573.12,0.16,-123.68000000000131,257.79032487349644,NEWS,season,-0.47976975109788894
2020-01-29 01:07:00,2020-01-29 17:20:00,1,1569.55,1572.24,0.16,41.920000000000876,259.45673023967527,NEWS,season,0.16156836618297368
2020-01-30 01:05:00,2020-01-30 15:20:00,1,1575.6,1579.73,0.32,129.92000000000348,515.4710704451114,NEWS,strong_close,0.25204130250765966
2020-01-30 01:07:00,2020-01-30 15:20:00,1,1575.47,1579.73,0.16,67.03999999999985,257.7355352225557,NEWS,season,0.26011159051898114
2020-01-30 18:15:00,2020-01-30 23:45:00,1,1582.6000000000001,1573.67,0.32,-288.00000000000205,515.4710704451114,TIME,tday,-0.5587122469381508
2020-01-30 17:45:00,2020-01-31 16:35:00,1,1583.53,1581.81,0.32,-82.71360000000088,515.4710704451114,NEWS,lw,-0.16046215732063748
2020-01-31 01:05:00,2020-01-31 16:35:00,1,1575.29,1581.81,0.21,135.44999999999962,501.30777532873486,NEWS,friday,0.27019329574766254
2020-01-31 01:07:00,2020-01-31 16:35:00,1,1575.91,1581.81,0.16,93.27999999999781,255.0058541352304,NEWS,season,0.36579552385699793
2020-01-31 12:30:00,2020-01-31 16:35:00,1,1580.89,1581.81,0.32,27.19999999999505,510.0117082704608,NEWS,lw,0.053332108967135326
2020-01-31 15:15:00,2020-01-31 16:35:00,1,1581.3,1581.81,0.32,14.079999999999709,510.0117082704608,NEWS,tday900,0.027607209347698034
2020-01-31 18:15:00,2020-01-31 23:45:00,1,1587.01,1589.77,0.32,86.07999999999971,510.0117082704608,TIME,tday,0.16878043896661138
2020-01-31 23:05:00,2020-01-31 23:55:00,1,1586.5900000000001,1588.95,0.51,116.7899999999949,515.4129721643346,TIME,fri_close,0.22659499529002444
2020-02-03 01:05:00,2020-02-03 16:35:00,1,1588.82,1578.15,0.32,-343.67999999999506,518.222300536856,NEWS,strong_close,-0.6631902942886815
2020-02-03 01:10:00,2020-02-03 16:35:00,1,1590.57,1578.15,0.16,-199.83999999999753,517.102300536856,NEWS,tom,-0.3864612472087699
2020-02-04 11:15:00,2020-02-05 12:16:00,-1,1566.5800000000002,1550.28,0.31,513.7971000000057,520.1751498132877,TIME,lw,0.9877386495383884
2020-02-06 11:30:00,2020-02-06 15:20:00,1,1563.17,1566.38,0.29,91.06000000000105,509.6045061281962,NEWS,lw,0.17868758793332568
2020-02-07 01:05:00,2020-02-07 15:20:00,1,1566.19,1565.7,0.2,-11.200000000000182,522.7001413546712,NEWS,friday,-0.021427199103052415
2020-02-07 23:05:00,2020-02-07 23:55:00,1,1570.15,1570.04,0.87,-15.660000000011078,521.3815093661306,TIME,fri_close,-0.030035587604650037
2020-02-07 16:45:00,2020-02-07 23:59:00,1,1573.3500000000001,1570.08,0.3,-100.20000000000627,523.4001413546713,EOD,lw,-0.19144052911538634
2020-02-10 01:45:00,2020-02-11 02:46:00,1,1574.31,1571.16,0.38,-152.56239999999482,522.1200000000027,TIME,nr7,-0.29219796215428256
2020-02-11 10:15:00,2020-02-11 16:50:00,-1,1566.51,1572.02,0.31,-172.9799999999997,514.455670162776,NEWS,lw,-0.33623888321663964
2020-02-12 10:45:00,2020-02-12 16:50:00,-1,1562.21,1565.16,0.32,-96.64000000000145,520.4559419071772,NEWS,lw,-0.18568334458027397
2020-02-13 02:30:00,2020-02-13 15:20:00,1,1570.89,1572.59,0.58,94.53999999998943,520.8400000000047,NEWS,nr7,0.1815144766146774
2020-02-13 10:15:00,2020-02-13 15:20:00,1,1574.88,1572.59,0.33,-77.8800000000063,518.9844622280784,NEWS,lw,-0.1500622960187589
2020-02-13 18:15:00,2020-02-13 19:50:00,1,1576.1000000000001,1575.62,0.33,-18.150000000008102,518.9844622280784,NEWS,tday,-0.03497214525862185
2020-02-14 01:15:00,2020-02-14 09:10:00,1,1576.88,1574.74,0.54,-119.34000000000542,522.21999191279,TIME,drift,-0.22852438023846286
2020-02-14 01:05:00,2020-02-14 15:20:00,1,1576.25,1575.03,0.22,-28.380000000000603,511.22128635464446,NEWS,friday,-0.055514120318364106
2020-02-14 18:15:00,2020-02-14 23:45:00,1,1581.67,1584.43,0.33,88.7699999999997,511.9912863546444,TIME,tday,0.17338185700783743
2020-02-14 23:05:00,2020-02-14 23:55:00,1,1582.86,1583.89,1.3,124.80000000002602,522.0375355133096,TIME,fri_close,0.2390632694204882
2020-02-14 16:45:00,2020-02-14 23:59:00,1,1581.47,1583.88,0.33,77.22000000000271,511.9912863546444,EOD,lw,0.15082287933024358
2020-02-17 01:05:00,2020-02-18 04:45:00,1,1581.65,1586.56,0.34,137.53679999999508,518.9214471185128,TIME,strong_close,0.26504358369405384
2020-02-18 01:15:00,2020-02-18 09:10:00,1,1585.04,1586.3,0.81,96.38999999999926,520.1592982399077,TIME,drift,0.18530861666062595
2020-02-18 18:15:00,2020-02-18 23:45:00,1,1602.52,1602.03,0.36,-20.160000000000327,523.3400782593786,TIME,tday,-0.03852179650955109
2020-02-18 01:30:00,2020-02-19 02:31:00,1,1584.83,1600.35,0.89,1304.3127999999983,520.6499999999976,TIME,inside,2.5051623931624016
2020-02-18 10:15:00,2020-02-19 11:16:00,1,1587.24,1608.4,0.36,730.6272000000029,523.3400782593786,TIME,lw,1.3960849366439851
2020-02-19 01:05:00,2020-02-19 15:20:00,1,1601.45,1607.09,0.06,33.419999999999234,91.30025020680861,NEWS,strong_close,0.36604499904762555
2020-02-19 12:00:00,2020-02-19 15:20:00,1,1609.1200000000001,1607.09,0.52,-109.2000000000104,528.2497194620457,NEWS,trendH4,-0.20672041267000868
2020-02-19 12:45:00,2020-02-19 15:20:00,1,1610.33,1607.09,0.35000000000000003,-115.85000000000032,532.5847928730503,NEWS,lw,-0.21752404790802002
2020-02-20 01:15:00,2020-02-20 09:10:00,1,1612.15,1607.69,0.41000000000000003,-185.73000000000152,527.8730302984145,TIME,drift,-0.3518459730647834
2020-02-20 01:05:00,2020-02-20 15:20:00,1,1611.44,1617.2,0.35000000000000003,199.1499999999997,528.2680219535468,NEWS,strong_close,0.3769866653361651
2020-02-20 14:30:00,2020-02-20 15:20:00,1,1618.8,1617.2,0.35000000000000003,-58.44999999999682,528.2680219535468,NEWS,lw,-0.11064459246245385
2020-02-20 16:00:00,2020-02-20 17:50:00,1,1615.91,1617.83,0.46,85.09999999999289,524.4068623658105,NEWS,trendH4,0.16227857815603808
2020-02-21 01:15:00,2020-02-21 09:10:00,1,1620.75,1631.86,0.38,419.5199999999962,523.6894223044721,TIME,drift,0.8010854948223262
2020-02-21 01:05:00,2020-02-21 16:35:00,1,1620.06,1641.76,0.23,497.49000000000103,531.687311930951,NEWS,friday,0.9356815346848242
2020-02-21 08:00:00,2020-02-21 16:35:00,1,1628.43,1641.76,0.45,596.6999999999967,528.6327726177802,NEWS,trendH4,1.128760892074755
2020-02-21 10:15:00,2020-02-21 16:35:00,1,1636.08,1641.76,0.34,190.74000000000217,524.7750320478938,NEWS,lw,0.36347003639951037
2020-02-21 12:00:00,2020-02-21 16:35:00,1,1635.16,1641.76,0.44,287.319999999996,530.223108787182,NEWS,trendH4,0.5418850956104195
2020-02-21 15:15:00,2020-02-21 16:35:00,1,1640.13,1641.76,0.34,53.03999999999598,524.7750320478938,NEWS,tday900,0.10107188177953418
2020-02-21 16:00:00,2020-02-21 16:35:00,1,1643.24,1641.76,0.42,-65.10000000000076,533.7149554683762,NEWS,trendH4,-0.12197522166653635
2020-02-21 18:15:00,2020-02-21 23:45:00,1,1642.58,1643.46,0.35000000000000003,28.350000000003824,540.2095918140083,TIME,tday,0.05247963092399996
2020-02-24 12:00:00,2020-02-24 21:24:00,1,1682.79,1664.8251115102657,0.3,-541.0466546920267,539.5466546920303,SL,trendH4,-1.0027801117604047
2020-02-24 10:15:00,2020-02-24 21:25:00,1,1679.42,1662.9393373600367,0.33,-546.1718671187916,544.521867118795,SL,lw,-1.0030301813382212
2020-02-24 01:05:00,2020-02-24 23:45:00,1,1659.73,1660.61,0.33,26.729999999996103,544.521867118795,TIME,strong_close,0.04908893767927337
2020-02-24 04:00:00,2020-02-25 02:12:00,1,1661.92,1645.6964393465548,0.33,-563.9159015636931,536.0375015636934,SL,trendH4,-1.052008301506284
2020-02-26 11:00:00,2020-02-26 15:47:00,1,1651.64,1631.6046327237052,0.26,-522.7395491836672,521.4395491836713,SL,lw,-1.0024930981971567
2020-02-27 15:00:00,2020-02-27 15:20:00,1,1653.95,1653.68,0.25,-8.499999999999545,519.499597485421,NEWS,lw,-0.016361899106645768
2020-02-28 01:05:00,2020-02-28 16:35:00,1,1642.49,1620.77,0.16,-348.64000000000044,505.685355472718,NEWS,friday,-0.6894405705581279
2020-02-28 23:05:00,2020-02-28 23:55:00,1,1580.95,1585.04,0.15,60.299999999998775,499.99830497446,TIME,fri_close,0.1206004088415438
2020-03-02 01:10:00,2020-03-02 16:35:00,1,1587.23,1597.68,0.1,103.80000000000045,514.8660488776986,NEWS,tom,0.201605835588233
2020-03-02 15:15:00,2020-03-02 16:35:00,1,1602.57,1597.68,0.2,-99.19999999999746,515.5660488776987,NEWS,tday900,-0.19240987690314232
2020-03-03 13:15:00,2020-03-03 16:50:00,1,1602.8,1604.04,0.2,23.400000000000183,529.668473957863,NEWS,lw,0.04417857801720277
2020-03-03 15:15:00,2020-03-03 16:50:00,1,1602.77,1604.04,0.2,23.99999999999964,529.668473957863,NEWS,tday900,0.04531136206892489
2020-03-04 01:05:00,2020-03-04 15:05:00,1,1642.72,1646.34,0.18,63.89999999999804,525.5029389504998,NEWS,strong_close,0.12159779758342541
2020-03-05 12:15:00,2020-03-05 15:20:00,1,1647.48,1653.93,0.18,114.84000000000081,514.7998718826072,NEWS,lw,0.2230769785937096
2020-03-05 18:15:00,2020-03-05 23:45:00,1,1659.77,1669.9,0.18,181.08000000000197,514.7998718826072,TIME,tday,0.3517483392872613
2020-03-06 01:05:00,2020-03-06 15:20:00,1,1672.0,1687.94,0.12,190.44000000000065,528.6770238909924,NEWS,friday,0.36021992898119093
2020-03-06 23:05:00,2020-03-06 23:55:00,1,1672.84,1674.38,0.17,24.99000000000325,522.1733843610507,TIME,fri_close,0.04785766710530808
2020-03-09 04:00:00,2020-03-09 07:36:00,1,1700.22,1666.3086565108633,0.15,-509.7201523370505,508.9701523370507,SL,trendH4,-1.0014735638161805
2020-03-09 12:15:00,2020-03-10 13:16:00,-1,1665.16,1660.5,0.17,83.8797000000014,524.505405872656,TIME,lw,0.15992151665328394
2020-03-10 12:45:00,2020-03-11 13:46:00,-1,1658.8300000000002,1663.13,0.16,-64.41439999999928,510.8369933676993,TIME,lw,-0.1260958012757583
2020-03-11 14:00:00,2020-03-11 15:20:00,1,1665.13,1670.32,0.16,81.91999999999723,518.6572081271494,NEWS,lw,0.15794632508011813
2020-03-13 01:05:00,2020-03-13 19:25:00,1,1577.05,1521.7515043813034,0.09,-498.31646056826855,497.86646056826896,SL,friday,-1.000903856828367
2020-03-13 23:05:00,2020-03-13 23:55:00,1,1519.27,1530.12,0.12,129.3599999999989,512.6321865382965,TIME,fri_close,0.25234467011043793
2020-03-16 12:45:00,2020-03-17 13:46:00,-1,1524.7,1471.0500000000002,0.12,647.0891999999983,491.2373960246031,TIME,lw,1.317263720630075
2020-03-18 12:30:00,2020-03-18 17:20:00,-1,1491.07,1509.45,0.1,-184.50000000000108,498.6852037761817,NEWS,lw,-0.3699728778855203
2020-03-20 01:05:00,2020-03-20 16:50:00,1,1470.73,1489.32,0.07,129.63999999999942,530.0462469902219,NEWS,friday,0.2445824316956082
2020-03-20 10:15:00,2020-03-20 16:50:00,1,1498.74,1489.32,0.1,-94.90000000000073,505.03928284783035,NEWS,lw,-0.18790617526794315
2020-03-20 23:05:00,2020-03-20 23:55:00,1,1487.6299999999999,1498.76,0.24,265.4400000000026,520.1282585833578,TIME,fri_close,0.5103356635976012
2020-03-23 17:00:00,2020-03-24 16:35:00,1,1528.39,1608.36,0.1,791.051999999998,512.4150483586997,NEWS,lw,1.5437719921258977
2020-03-24 01:05:00,2020-03-24 16:35:00,1,1558.49,1608.36,0.1,497.999999999999,532.0354020473638,NEWS,strong_close,0.9360279373959124
2020-03-24 11:30:00,2020-03-24 16:35:00,1,1591.4,1608.36,0.1,168.89999999999813,532.0354020473638,NEWS,lw,0.3174600775625867
2020-03-25 01:05:00,2020-03-25 15:20:00,1,1624.08,1608.58,0.09,-140.13,495.32530028243974,NEWS,strong_close,-0.2829049917702495
2020-03-26 20:00:00,2020-03-27 21:01:00,1,1639.03,1623.43,0.09,-148.18319999999918,490.782778833694,TIME,lw,-0.30193235457883155
2020-03-27 01:05:00,2020-03-27 23:00:00,1,1637.05,1619.2,0.06,-107.51999999999944,486.76615177414453,TIME,friday,-0.22088635293993866
2020-03-27 23:05:00,2020-03-27 23:56:00,1,1622.7599999999998,1620.01,0.27,-76.13999999999386,530.7846293318636,TIME,fri_close,-0.1434480122301897
2020-03-31 11:45:00,2020-03-31 16:35:00,-1,1611.79,1609.3500000000001,0.1,23.699999999998273,496.78367148429953,NEWS,lw,0.04770688201000441
2020-04-01 01:10:00,2020-04-01 15:05:00,1,1572.31,1582.72,0.05,51.70000000000041,496.1062663782783,NEWS,tom,0.10421154398517402
2020-04-01 10:30:00,2020-04-01 15:05:00,1,1595.07,1582.72,0.1,-124.19999999999911,496.4562663782783,NEWS,lw,-0.2501730936061225
2020-04-02 18:15:00,2020-04-02 23:45:00,1,1607.01,1614.27,0.11,79.0899999999999,533.2824720863844,TIME,tday,0.1483078933582284
2020-04-03 01:05:00,2020-04-03 15:20:00,1,1616.27,1613.65,0.07,-18.829999999999234,500.91469116747686,NEWS,friday,-0.037591231265572074
2020-04-03 23:05:00,2020-04-03 23:55:00,1,1622.3400000000001,1614.88,0.35000000000000003,-263.5500000000013,528.4049450609468,TIME,fri_close,-0.49876520358756893
2020-04-06 15:15:00,2020-04-06 23:45:00,1,1640.34,1656.52,0.11,177.2100000000007,503.3312641969333,TIME,tday900,0.3520742950127285
2020-04-06 18:15:00,2020-04-06 23:45:00,1,1649.34,1656.52,0.11,78.2100000000007,503.3312641969333,TIME,tday,0.1553847447262888
2020-04-06 09:45:00,2020-04-07 10:46:00,1,1628.6,1654.32,0.23,571.6696000000006,519.7999999999994,TIME,nr7,1.0997876106194715
2020-04-06 10:15:00,2020-04-07 11:16:00,1,1625.5,1650.96,0.11,270.54720000000043,503.3312641969333,TIME,lw,0.5375132030227834
2020-04-07 01:05:00,2020-04-07 16:50:00,1,1666.59,1649.25,0.11,-191.5099999999991,514.5218881828665,NEWS,strong_close,-0.37220962683697223
2020-04-09 10:15:00,2020-04-09 15:20:00,1,1655.52,1661.97,0.12,76.56000000000054,524.3104402759059,NEWS,lw,0.1460203614479099
2020-04-09 10:45:00,2020-04-09 15:20:00,1,1657.1,1661.97,0.34,163.20000000000405,537.5400000000003,NEWS,nr7,0.3036053130929865
2020-04-09 18:15:00,2020-04-09 23:45:00,1,1681.0900000000001,1681.78,0.12,7.4399999999979265,524.3104402759059,TIME,tday,0.014190066472990322
2020-04-13 01:05:00,2020-04-13 23:45:00,1,1681.6699999999998,1716.12,0.12,412.56000000000057,527.6596945419126,TIME,strong_close,0.781867564014273
2020-04-13 18:15:00,2020-04-13 23:45:00,1,1702.1599999999999,1716.12,0.12,166.68000000000043,527.6596945419126,TIME,tday,0.3158854119883149
2020-04-13 18:30:00,2020-04-14 19:31:00,1,1710.17,1738.58,0.12,330.5423999999983,527.6596945419126,TIME,lw,0.6264310187401341
2020-04-14 01:05:00,2020-04-14 23:45:00,1,1716.81,1726.21,0.12,111.96000000000107,531.8840020746331,TIME,strong_close,0.21049702484620136
2020-04-14 15:15:00,2020-04-14 23:45:00,1,1724.1499999999999,1726.21,0.12,23.880000000002074,531.8840020746331,TIME,tday900,0.04489700744308393
2020-04-13 20:00:00,2020-04-15 15:20:00,1,1714.69,1719.72,0.19,64.03759999999949,537.4851446822809,NEWS,trendH4,0.11914301378106645
2020-04-14 15:30:00,2020-04-15 15:20:00,1,1729.58,1719.72,0.12,-128.6975999999988,531.8840020746331,NEWS,lw,-0.24196554041484436
2020-04-14 16:00:00,2020-04-15 15:20:00,1,1730.41,1719.72,0.19,-219.54120000000108,543.3266119664532,NEWS,trendH4,-0.40406855685831244
2020-04-14 20:00:00,2020-04-15 15:20:00,1,1734.4299999999998,1719.72,0.18,-280.34639999999655,530.3309507698079,NEWS,trendH4,-0.5286253792901519
2020-04-16 13:45:00,2020-04-16 15:20:00,1,1726.79,1737.04,0.12,122.16,509.92528750312755,NEWS,lw,0.23956450678914554
2020-04-17 01:05:00,2020-04-17 23:00:00,1,1713.12,1683.72,0.08,-235.7599999999989,499.92205268147546,TIME,friday,-0.47159351890046153
2020-04-17 23:05:00,2020-04-17 23:55:00,1,1684.6299999999999,1681.57,0.31,-97.02999999999831,546.3768354544344,TIME,fri_close,-0.17758805590521823
2020-04-21 12:45:00,2020-04-21 16:50:00,-1,1678.02,1678.14,0.13,-2.470000000001537,531.9482099239804,NEWS,lw,-0.004643309167925426
2020-04-22 12:30:00,2020-04-22 17:20:00,1,1707.1000000000001,1707.83,0.13,8.57999999999728,529.7111949294105,NEWS,lw,0.016197505512679705
2020-04-22 18:15:00,2020-04-22 23:45:00,1,1710.4,1713.39,0.13,37.96000000000012,529.7111949294105,TIME,tday,0.07166169105612104
2020-04-23 01:05:00,2020-04-23 15:20:00,1,1714.11,1728.45,0.13,185.5100000000019,527.5503952915952,NEWS,strong_close,0.3516441304104495
2020-04-23 18:15:00,2020-04-23 23:45:00,1,1737.34,1730.9,0.13,-84.62999999999775,527.5503952915952,TIME,tday,-0.1604206929903253
2020-04-24 01:05:00,2020-04-24 15:20:00,1,1730.4399999999998,1733.38,0.09,25.83000000000254,539.0778811740383,NEWS,friday,0.04791515456681011
2020-04-24 18:30:00,2020-04-24 23:59:00,-1,1715.82,1729.75,0.13,-182.00000000000082,519.4153670564814,EOD,lw,-0.3503939458537623
2020-04-27 15:00:00,2020-04-28 16:01:00,-1,1714.74,1711.64,0.14,47.23739999999873,545.4253670564815,TIME,lw,0.08660653290646649
2020-04-28 10:15:00,2020-04-28 16:50:00,-1,1702.25,1704.0900000000001,0.14,-26.74000000000204,528.1864122667329,NEWS,lw,-0.05062606568246668
2020-04-30 09:15:00,2020-04-30 15:20:00,1,1717.99,1714.46,0.27,-97.19999999999928,528.9299999999995,NEWS,nr7,-0.18376722817764046
2020-04-30 10:30:00,2020-04-30 15:20:00,1,1720.62,1714.46,0.15,-93.44999999999781,533.733256230382,NEWS,lw,-0.17508745971725773
2020-05-01 01:05:00,2020-05-01 16:35:00,1,1687.31,1682.13,0.1,-52.49999999999837,538.5665950710693,NEWS,friday,-0.09748098096034061
2020-05-01 01:10:00,2020-05-01 16:35:00,1,1688.1399999999999,1682.13,0.07,-42.55999999999835,502.49882206633134,NEWS,tom,-0.08469671595445113
2020-05-01 23:05:00,2020-05-01 23:55:00,1,1699.32,1699.45,0.3,1.8000000000032736,543.3394909240216,TIME,fri_close,0.003312845891142815
2020-05-04 01:05:00,2020-05-04 23:45:00,1,1698.8799999999999,1703.19,0.15,63.600000000002595,538.1582668517073,TIME,strong_close,0.11818084737798511
2020-05-06 16:15:00,2020-05-06 17:20:00,-1,1689.25,1691.79,0.16,-41.759999999999415,543.4522291044273,NEWS,lw,-0.07684208061639031
2020-05-07 12:15:00,2020-05-07 15:20:00,1,1694.54,1695.89,0.16,20.480000000002182,534.6913555969682,NEWS,lw,0.038302470734984724
2020-05-07 18:15:00,2020-05-07 23:45:00,1,1698.78,1717.86,0.16,304.15999999999883,534.6913555969682,TIME,tday,0.5688515380249838
2020-05-08 01:05:00,2020-05-08 15:20:00,1,1715.51,1719.53,0.1,39.499999999999815,508.62863545271784,NEWS,friday,0.07765980372859235
2020-05-08 23:05:00,2020-05-08 23:55:00,1,1706.84,1701.67,0.41000000000000003,-214.8399999999937,544.515739406324,TIME,fri_close,-0.3945524150215199
2020-05-12 10:45:00,2020-05-12 15:20:00,1,1704.9699999999998,1702.66,0.16,-38.079999999995486,515.2998062122954,NEWS,lw,-0.07389872757745057
2020-05-12 18:15:00,2020-05-12 19:50:00,1,1709.32,1702.21,0.16,-114.8799999999984,515.2998062122954,NEWS,tday,-0.22293817815384478
2020-05-13 15:00:00,2020-05-13 15:20:00,1,1708.31,1708.5,0.17,2.040000000000928,529.4177552362379,NEWS,lw,0.0038532897316423307
2020-05-13 18:15:00,2020-05-13 19:50:00,1,1715.3799999999999,1711.55,0.17,-66.29999999999876,529.4177552362379,NEWS,tday,-0.12523191627831642
2020-05-14 01:05:00,2020-05-14 15:20:00,1,1715.87,1714.5,0.18,-25.919999999998034,544.781406408738,NEWS,strong_close,-0.047578716334806044
2020-05-14 18:15:00,2020-05-14 23:45:00,1,1730.48,1730.89,0.17,5.780000000001391,514.5157727193638,TIME,tday,0.011233863579054981
2020-05-14 16:45:00,2020-05-15 15:20:00,1,1726.54,1733.57,0.17,104.80839999999954,514.5157727193638,NEWS,lw,0.2037029874634494
2020-05-15 01:05:00,2020-05-15 15:20:00,1,1729.9099999999999,1733.57,0.12,43.08000000000098,538.1698773795423,NEWS,friday,0.08004907337022688
2020-05-15 18:15:00,2020-05-15 23:45:00,1,1744.19,1744.43,0.18,3.060000000000164,538.5898773795423,TIME,tday,0.005681502992385045
2020-05-15 23:05:00,2020-05-15 23:55:00,1,1743.64,1742.24,0.42,-61.74000000000381,545.4553038706308,TIME,fri_close,-0.11318984261751186
2020-05-15 20:00:00,2020-05-15 23:59:00,1,1749.26,1742.08,0.27,-195.75000000000173,542.411397666328,EOD,trendH4,-0.3608884342073138
2020-05-18 04:00:00,2020-05-18 16:57:00,1,1754.82,1733.3681218002273,0.25,-538.0469549943159,536.7969549943158,SL,trendH4,-1.0023286272181133
2020-05-18 10:15:00,2020-05-18 18:25:00,1,1760.64,1731.2156015637538,0.18,-530.8991718524333,529.9991718524323,SL,lw,-1.0016981158609275
2020-05-20 01:05:00,2020-05-20 17:20:00,1,1746.7,1748.88,0.18,37.98000000000115,530.2747961380668,NEWS,strong_close,0.07162324190515054
2020-05-21 10:15:00,2020-05-21 15:20:00,-1,1736.8500000000001,1738.76,0.19,-37.61999999999723,535.3198993892955,NEWS,lw,-0.07027573614004437
2020-05-22 01:05:00,2020-05-22 23:00:00,1,1726.77,1735.2,0.12,100.32000000000076,511.7719415680271,TIME,friday,0.19602481467160654
2020-05-22 18:15:00,2020-05-22 23:45:00,1,1736.14,1735.8,0.18,-7.380000000002619,512.1919415680271,TIME,tday,-0.014408660896556569
2020-05-22 23:05:00,2020-05-22 23:55:00,1,1735.3400000000001,1735.43,0.67,1.3399999999945154,538.8664101847581,TIME,fri_close,0.0024867016660679907
2020-05-22 11:00:00,2020-05-22 23:59:00,1,1736.37,1734.04,0.18,-43.19999999999869,512.1919415680271,EOD,lw,-0.08434338085785961
2020-05-25 16:45:00,2020-05-26 16:50:00,-1,1724.82,1722.47,0.19,49.857899999998274,525.2229744734234,NEWS,lw,0.09492711176616878
2020-05-27 16:15:00,2020-05-28 11:17:00,-1,1695.3300000000002,1721.9537252110658,0.2,-513.2285042213135,532.8745042213133,SL,lw,-0.963132032318363
2020-05-29 01:05:00,2020-05-29 16:35:00,1,1720.2,1729.89,0.13,125.06000000000071,506.14600220952497,NEWS,friday,0.2470828564368087
2020-05-29 12:00:00,2020-05-29 16:35:00,1,1726.52,1729.89,0.2,66.00000000000236,519.5907714969486,NEWS,lw,0.1270230412481257
2020-05-29 15:15:00,2020-05-29 16:35:00,1,1727.51,1729.89,0.2,46.200000000002184,519.5907714969486,NEWS,tday900,0.08891612887368902
2020-05-29 18:15:00,2020-05-29 23:45:00,1,1731.3300000000002,1731.35,0.2,-1.0000000000049114,519.5907714969486,TIME,tday,-0.0019245915340718944
2020-05-29 23:05:00,2020-05-29 23:55:00,1,1731.51,1730.21,0.5,-68.49999999999773,531.8781174796957,TIME,fri_close,-0.12878890435384888
2020-06-01 01:10:00,2020-06-01 16:35:00,1,1736.51,1733.68,0.1,-28.999999999999275,517.7914306757383,NEWS,tom,-0.056007106881149286
2020-06-02 19:00:00,2020-06-03 15:05:00,-1,1729.51,1725.49,0.21,90.17609999999962,532.0191449088446,NEWS,lw,0.16949784770518034
2020-06-03 15:45:00,2020-06-03 16:35:00,-1,1711.76,1709.7800000000002,0.21,40.10999999999561,529.3727774153557,NEWS,lw,0.07576891315762646
2020-06-04 16:00:00,2020-06-05 15:20:00,1,1717.1499999999999,1702.0,0.2,-320.29599999999726,529.6099392108589,NEWS,lw,-0.60477716954718
2020-06-05 01:05:00,2020-06-05 15:20:00,1,1715.4499999999998,1702.0,0.13,-175.75999999999763,514.0336413926883,NEWS,friday,-0.3419231463602368
2020-06-05 23:05:00,2020-06-05 23:55:00,1,1682.18,1684.34,0.44,91.9599999999936,534.0990401225461,TIME,fri_close,0.17217780428681145
2020-06-08 19:45:00,2020-06-09 16:50:00,1,1697.14,1717.81,0.19,376.2987999999971,527.0361517362417,NEWS,lw,0.7139904895714213
2020-06-09 01:05:00,2020-06-09 16:50:00,1,1701.01,1717.81,0.19,317.86999999999915,521.1207123265102,NEWS,strong_close,0.6099738361595508
2020-06-09 04:15:00,2020-06-09 16:50:00,1,1700.9,1717.81,0.22,370.4799999999968,516.5600000000018,NEWS,inside,0.7172061328790373
2020-06-09 11:45:00,2020-06-09 16:50:00,1,1706.53,1717.81,0.19,212.98999999999947,521.1207123265102,NEWS,lw,0.4087152841212532
2020-06-09 15:15:00,2020-06-09 16:50:00,1,1707.19,1717.81,0.19,200.4499999999979,521.1207123265102,NEWS,tday900,0.3846517615949319
2020-06-09 18:15:00,2020-06-09 19:50:00,1,1718.79,1714.85,0.19,-76.19000000000104,521.1207123265102,NEWS,tday,-0.14620412928869328
2020-06-10 14:30:00,2020-06-10 15:20:00,1,1721.97,1722.21,0.19,3.2300000000001727,522.7935185889022,NEWS,lw,0.006178347445313448
2020-06-11 01:05:00,2020-06-11 15:20:00,1,1738.53,1727.67,0.19,-207.6699999999981,528.7982672611236,NEWS,strong_close,-0.39272065144163854
2020-06-12 01:05:00,2020-06-12 23:00:00,1,1729.77,1731.14,0.13,16.900000000001537,535.7662246266722,TIME,friday,0.03154360843066889
2020-06-12 15:15:00,2020-06-12 23:45:00,1,1735.8899999999999,1731.59,0.19,-83.02999999999913,522.4719624567575,TIME,tday900,-0.1589176184872717
2020-06-12 23:05:00,2020-06-12 23:55:00,1,1732.27,1730.33,0.53,-106.53000000000289,537.8278811025922,TIME,fri_close,-0.19807452113045435
2020-06-12 13:30:00,2020-06-12 23:59:00,1,1737.06,1729.88,0.19,-137.7499999999969,522.4719624567575,EOD,lw,-0.2636505112202988
2020-06-15 10:30:00,2020-06-16 11:31:00,-1,1716.71,1730.46,0.2,-269.518,540.5154520254022,TIME,lw,-0.49863144335665294
2020-06-17 12:15:00,2020-06-17 17:20:00,-1,1718.27,1724.25,0.2,-121.00000000000038,529.3179152668008,NEWS,lw,-0.22859607904828003
2020-06-18 12:00:00,2020-06-18 15:20:00,1,1733.22,1719.87,0.2,-268.4000000000027,516.8523498906009,NEWS,lw,-0.5192972423494125
2020-06-19 01:05:00,2020-06-19 19:50:00,1,1723.9599999999998,1742.13,0.14,253.40000000000424,533.4860411433359,NEWS,friday,0.47498899775696524
2020-06-19 10:15:00,2020-06-19 19:50:00,1,1731.05,1742.13,0.21,231.21000000000325,533.9760411433359,NEWS,lw,0.4329969552658997
2020-06-19 15:15:00,2020-06-19 19:50:00,1,1732.37,1742.13,0.21,203.49000000000456,533.9760411433359,NEWS,tday900,0.38108451376263425
2020-06-19 18:15:00,2020-06-19 19:50:00,1,1742.2,1742.13,0.21,-2.939999999998663,533.9760411433359,NEWS,tday,-0.005505865007919849
2020-06-19 23:05:00,2020-06-19 23:55:00,1,1742.66,1742.23,0.6,-30.00000000000382,539.5618513841845,TIME,fri_close,-0.05560066917822718
2020-06-22 01:05:00,2020-06-22 16:50:00,1,1747.9599999999998,1759.09,0.21,232.2600000000023,532.2698953473833,NEWS,strong_close,0.43635757353592003
2020-06-23 15:45:00,2020-06-23 16:35:00,1,1760.97,1761.46,0.21,8.82000000000019,524.8806171082845,NEWS,lw,0.016803821121442932
2020-06-23 18:15:00,2020-06-23 23:45:00,1,1767.07,1770.45,0.21,69.5100000000023,524.8806171082845,TIME,tday,0.13243011407613509
2020-06-23 20:00:00,2020-06-24 17:20:00,1,1765.6699999999998,1769.26,0.28,76.30560000000409,528.396676645623,NEWS,trendH4,0.14440968948633182
2020-06-24 01:05:00,2020-06-24 17:20:00,1,1769.96,1769.26,0.21,-16.170000000000954,522.9241444576929,NEWS,strong_close,-0.030922266970040784
2020-06-24 12:00:00,2020-06-24 17:20:00,1,1775.21,1769.26,0.29,-174.58000000000132,528.5639950126994,NEWS,trendH4,-0.3302911315323452
2020-06-24 13:00:00,2020-06-24 17:20:00,1,1778.77,1769.26,0.21,-201.1799999999998,522.9241444576929,NEWS,lw,-0.3847211916532116
2020-06-25 10:45:00,2020-06-25 15:20:00,1,1767.84,1756.68,0.22,-247.0599999999968,538.0334874656471,NEWS,lw,-0.45919074882076244
2020-06-26 01:05:00,2020-06-26 23:00:00,1,1764.1200000000001,1771.04,0.15,102.74999999999767,535.4553411808499,TIME,friday,0.19189275388195984
2020-06-26 23:05:00,2020-06-26 23:55:00,1,1770.7499999999998,1769.55,0.53,-67.30999999999037,530.1102846855116,TIME,fri_close,-0.12697357879016077
2020-06-26 10:30:00,2020-06-26 23:59:00,1,1764.33,1770.77,0.22,140.1400000000012,524.0696669323866,EOD,lw,0.267407195727055
2020-06-29 01:05:00,2020-06-29 23:45:00,1,1771.0,1772.91,0.22,40.4800000000018,525.1046907229306,TIME,strong_close,0.07708938944017339
2020-06-30 10:15:00,2020-06-30 16:35:00,1,1773.29,1768.83,0.23,-104.19000000000085,526.057865344663,NEWS,lw,-0.1980580595097415
2020-06-30 17:45:00,2020-06-30 19:20:00,1,1777.7,1781.96,0.44,184.3599999999996,529.3200000000016,NEWS,nr7,0.34829592684954097
2020-06-30 18:15:00,2020-06-30 19:20:00,1,1783.72,1781.96,0.23,-42.08999999999979,526.057865344663,NEWS,tday,-0.08001020947082167
2020-06-30 20:00:00,2020-07-01 15:05:00,1,1783.78,1780.48,0.31,-129.10879999999858,535.4556820057489,NEWS,trendH4,-0.24111948820184972
2020-07-01 01:07:00,2020-07-01 15:05:00,1,1782.03,1780.48,0.11,-17.8199999999995,250.6641141126919,NEWS,season,-0.07109114945742932
2020-07-01 01:10:00,2020-07-01 15:05:00,1,1782.1899999999998,1780.48,0.11,-19.5799999999979,500.55822822538374,NEWS,tom,-0.039116328322909344
2020-07-02 01:07:00,2020-07-02 15:20:00,1,1771.6599999999999,1767.87,0.11,-42.4599999999996,256.3938202474996,NEWS,season,-0.16560461542720697
2020-07-02 18:15:00,2020-07-02 23:45:00,1,1776.3600000000001,1775.54,0.23,-20.470000000003765,536.0961696084082,TIME,tday,-0.038183447598508474
2020-07-03 01:05:00,2020-07-03 20:00:00,1,1777.03,1774.85,0.15,-33.75000000000095,522.0228404051534,EOD,friday,-0.06465234351394823
2020-07-03 01:07:00,2020-07-03 20:00:00,1,1776.64,1774.85,0.11,-20.4600000000021,255.46783308696388,EOD,season,-0.0800883608428201
2020-07-06 01:07:00,2020-07-06 16:35:00,1,1774.1,1784.34,0.12,122.04000000000009,262.72845429588546,NEWS,season,0.4645100216764429
2020-07-06 10:15:00,2020-07-06 16:35:00,1,1776.97,1784.34,0.24,175.19999999999737,525.4569085917709,NEWS,lw,0.33342410602143363
2020-07-06 15:15:00,2020-07-06 16:35:00,1,1780.97,1784.34,0.24,79.19999999999737,525.4569085917709,NEWS,tday900,0.1507259657357138
2020-07-06 18:15:00,2020-07-06 23:45:00,1,1783.3600000000001,1785.03,0.24,38.39999999999628,525.4569085917709,TIME,tday,0.07307925611428084
2020-07-07 01:05:00,2020-07-07 16:50:00,1,1785.78,1784.93,0.25,-22.999999999997726,538.7187359890642,NEWS,strong_close,-0.042693892867436155
2020-07-07 01:07:00,2020-07-07 16:50:00,1,1785.84,1784.93,0.12,-11.759999999998254,258.5849932747508,NEWS,season,-0.04547827718487538
2020-07-07 18:15:00,2020-07-07 23:45:00,1,1794.13,1794.78,0.25,14.49999999999659,538.7187359890642,TIME,tday,0.026915715068597384
2020-07-07 20:00:00,2020-07-08 17:20:00,1,1796.16,1813.15,0.34,548.2568000000005,540.3037545124558,NEWS,trendH4,1.0147195821260229
2020-07-08 01:05:00,2020-07-08 17:20:00,1,1795.36,1813.15,0.24,425.2800000000046,521.2349875102514,NEWS,strong_close,0.8159083910146006
2020-07-08 01:07:00,2020-07-08 17:20:00,1,1795.1899999999998,1813.15,0.12,214.68000000000316,260.6174937551257,NEWS,season,0.8237359545852856
2020-07-08 12:00:00,2020-07-08 17:20:00,1,1799.81,1813.15,0.36,477.7200000000052,531.4949211958516,NEWS,trendH4,0.89882326424709
2020-07-08 15:00:00,2020-07-08 17:20:00,1,1804.77,1813.15,0.24,199.4400000000026,521.2349875102514,NEWS,lw,0.3826297251315658
2020-07-08 15:15:00,2020-07-08 17:20:00,1,1803.01,1813.15,0.24,241.68000000000237,521.2349875102514,NEWS,tday900,0.46366803033391757
2020-07-08 18:15:00,2020-07-08 19:50:00,1,1812.06,1812.46,0.25,8.250000000002274,542.9531119898452,NEWS,tday,0.01519468222544523
2020-07-09 01:07:00,2020-07-09 15:20:00,1,1809.65,1807.82,0.12,-22.800000000001855,264.7676727726167,NEWS,season,-0.08611323188077634
2020-07-10 01:05:00,2020-07-10 15:20:00,1,1802.4499999999998,1807.37,0.16,77.60000000000116,526.3628208634311,NEWS,friday,0.14742682599182869
2020-07-10 01:07:00,2020-07-10 15:20:00,1,1802.6499999999999,1807.37,0.12,55.80000000000032,263.46141043171554,NEWS,season,0.2117957233606425
2020-07-10 23:05:00,2020-07-10 23:55:00,1,1799.4699999999998,1798.39,0.58,-66.69999999998258,548.0182519987442,TIME,fri_close,-0.12171127468239037
2020-07-13 01:07:00,2020-07-13 23:47:00,1,1799.32,1802.28,0.12,34.68000000000043,258.85416682945015,TIME,season,0.13397505021756076
2020-07-13 10:15:00,2020-07-14 11:16:00,1,1807.79,1800.82,0.25,-195.8700000000007,539.2795142280212,TIME,lw,-0.36320682472129256
2020-07-14 01:07:00,2020-07-14 15:20:00,1,1803.18,1799.07,0.13,-54.34000000000165,275.3078225843874,NEWS,season,-0.19737906278832795
2020-07-14 18:15:00,2020-07-14 23:45:00,1,1809.08,1808.98,0.26,-4.419999999997636,550.6156451687748,TIME,tday,-0.008027378151673871
2020-07-15 01:05:00,2020-07-15 17:20:00,1,1809.73,1809.43,0.26,-9.619999999998818,549.3945276567196,NEWS,strong_close,-0.01751018533262443
2020-07-15 01:07:00,2020-07-15 17:20:00,1,1810.31,1809.43,0.13,-12.349999999998465,274.6972638283598,NEWS,season,-0.04495858396214374
2020-07-16 01:07:00,2020-07-16 15:20:00,1,1811.39,1805.52,0.13,-77.22000000000153,266.84103069776256,NEWS,season,-0.2893857807327418
2020-07-16 16:15:00,2020-07-17 17:16:00,-1,1803.8500000000001,1807.2900000000002,0.26,-82.31340000000141,533.6820613955251,TIME,lw,-0.1542367749531624
2020-07-17 18:15:00,2020-07-17 23:45:00,1,1810.14,1809.97,0.26,-6.240000000001892,529.7333427244166,TIME,tday,-0.011779511495179055
2020-07-17 23:05:00,2020-07-17 23:55:00,1,1810.88,1809.54,0.99,-139.5900000000144,546.8085549876397,TIME,fri_close,-0.2552813022524305
2020-07-20 01:05:00,2020-07-20 23:45:00,1,1808.28,1817.89,0.27,257.58000000000345,542.1342947699733,TIME,strong_close,0.4751221283820354
2020-07-20 15:15:00,2020-07-20 23:45:00,1,1814.2,1817.89,0.27,97.74000000000149,542.1342947699733,TIME,tday900,0.18028743236299488
2020-07-20 18:15:00,2020-07-20 23:45:00,1,1817.14,1817.89,0.27,18.36,542.1342947699733,TIME,tday,0.033866147515700176
2020-07-20 01:07:00,2020-07-20 23:47:00,1,1808.1799999999998,1817.77,0.13,123.76000000000191,261.0276234077649,TIME,season,0.4741260652198099
2020-07-20 14:15:00,2020-07-21 15:16:00,1,1812.95,1834.59,0.32,664.806399999996,543.6800000000023,TIME,inside,1.2227898763978684
2020-07-20 14:30:00,2020-07-21 15:31:00,1,1813.21,1839.59,0.27,688.9103999999968,542.1342947699733,TIME,lw,1.270737539842043
2020-07-21 15:15:00,2020-07-21 23:45:00,1,1833.6599999999999,1841.84,0.27,218.97000000000176,532.2039880006893,TIME,tday900,0.4114399834217668
2020-07-21 18:15:00,2020-07-21 23:45:00,1,1838.45,1841.84,0.28,92.95999999999644,551.9152468155296,TIME,tday,0.1684316578249325
2020-07-21 01:07:00,2020-07-21 23:47:00,1,1818.26,1841.82,0.13,305.36999999999927,256.24636459292446,TIME,season,1.1917047115384958
2020-07-21 11:45:00,2020-07-22 12:46:00,1,1824.27,1854.24,0.27,785.8404000000007,532.2039880006893,TIME,lw,1.4765774359416919
2020-07-21 12:00:00,2020-07-22 16:50:00,1,1824.11,1853.68,0.45,1291.7340000000072,544.823689881796,NEWS,trendH4,2.3709211328168562
2020-07-21 16:00:00,2020-07-22 16:50:00,1,1839.38,1853.68,0.41000000000000003,550.8431999999981,550.1106715754661,NEWS,trendH4,1.0013316019164546
2020-07-22 01:05:00,2020-07-22 16:50:00,1,1841.97,1853.68,0.16,186.24000000000058,324.5215595347709,NEWS,strong_close,0.5738909928418665
2020-07-23 01:05:00,2020-07-23 15:20:00,1,1875.38,1874.95,0.27,-13.500000000001721,571.1151223067171,NEWS,strong_close,-0.023637966274602604
2020-07-23 01:07:00,2020-07-23 15:20:00,1,1875.04,1874.95,0.13,-2.079999999998936,274.98135518471565,NEWS,season,-0.007564149207868
2020-07-23 04:00:00,2020-07-23 15:20:00,1,1873.1299999999999,1874.95,0.31,54.25000000000507,562.7338832178456,NEWS,trendH4,0.09640436024536274
2020-07-23 11:45:00,2020-07-23 15:20:00,1,1887.8,1874.95,0.27,-348.83999999999753,571.1151223067171,NEWS,lw,-0.6108050485356491
2020-07-23 12:00:00,2020-07-23 15:20:00,1,1882.58,1874.95,0.29,-223.29999999999657,560.6756204360983,NEWS,trendH4,-0.39826950175988024
2020-07-23 18:15:00,2020-07-23 23:45:00,1,1887.84,1886.27,0.27,-44.27999999999828,571.1151223067171,TIME,tday,-0.07753252938068365
2020-07-23 20:00:00,2020-07-24 16:35:00,1,1893.8899999999999,1904.08,0.26,242.4552000000014,559.0425615011393,NEWS,trendH4,0.43369721144122103
2020-07-24 01:05:00,2020-07-24 16:35:00,1,1890.1699999999998,1904.08,0.17,235.28000000000142,563.5403255150175,NEWS,friday,0.41750339655814317
2020-07-24 01:07:00,2020-07-24 16:35:00,1,1890.6599999999999,1904.08,0.12,160.20000000000087,265.47544730118466,NEWS,season,0.6034456354762341
2020-07-24 15:15:00,2020-07-24 16:35:00,1,1894.4099999999999,1904.08,0.25,240.00000000000182,553.0738485441348,NEWS,tday900,0.4339384344997647
2020-07-24 16:15:00,2020-07-24 16:35:00,1,1902.6000000000001,1904.08,0.25,35.24999999999477,553.0738485441348,NEWS,lw,0.063734707567143
2020-07-24 18:15:00,2020-07-24 23:45:00,1,1902.6100000000001,1901.59,0.26,-28.34000000000544,575.1968024859002,TIME,tday,-0.04927009308383653
2020-07-24 23:05:00,2020-07-24 23:55:00,1,1902.07,1901.52,0.72,-44.639999999996725,569.7327350135162,TIME,fri_close,-0.07835252787245532
2020-07-24 20:00:00,2020-07-24 23:59:00,1,1900.6499999999999,1900.83,0.26,2.860000000001656,568.9351455102787,EOD,trendH4,0.005026935007568425
2020-07-27 01:07:00,2020-07-27 15:20:00,1,1904.88,1936.53,0.12,378.9599999999984,268.1472010653859,NEWS,season,1.4132536103093298
2020-07-27 04:00:00,2020-07-27 15:20:00,1,1915.4099999999999,1936.53,0.26,547.300000000003,570.922018823026,NEWS,trendH4,0.9586247892983345
2020-07-27 08:00:00,2020-07-27 15:20:00,1,1932.11,1936.53,0.24,104.40000000000174,575.4986934294229,NEWS,trendH4,0.1814078836180798
2020-07-27 10:15:00,2020-07-27 15:20:00,1,1934.99,1936.53,0.25,36.74999999999909,558.6400022195539,NEWS,lw,0.06578476273447348
2020-07-27 18:15:00,2020-07-27 23:45:00,1,1941.43,1941.18,0.26,-8.32,580.9856023083361,TIME,tday,-0.014320492568049003
2020-07-28 04:00:00,2020-07-28 06:07:00,1,1964.03,1938.3543422517982,0.22,-566.404470460438,565.3044704604396,SL,trendH4,-1.0019458540617987
2020-07-28 01:05:00,2020-07-28 10:37:00,1,1943.63,1919.6047999175596,0.24,-578.2848019785721,577.0848019785736,SL,strong_close,-1.002079417090667
2020-07-28 01:07:00,2020-07-28 10:37:00,1,1944.4,1920.3747999175596,0.12,-289.14240098928605,288.5424009892868,SL,season,-1.002079417090667
2020-07-28 10:45:00,2020-07-28 15:43:00,-1,1914.0900000000001,1938.1152000824407,0.23,-554.1896018961316,553.0396018961331,SL,lw,-1.002079417090667
2020-07-29 01:07:00,2020-07-29 17:20:00,1,1962.29,1947.53,0.1,-148.2999999999999,276.5554293369482,NEWS,season,-0.5362396983330054
2020-07-30 01:07:00,2020-07-30 15:20:00,1,1970.33,1951.3,0.1,-190.99999999999972,285.03718438430883,NEWS,season,-0.6700880111925291
2020-07-31 01:05:00,2020-07-31 16:35:00,1,1956.1599999999999,1960.71,0.13,58.24000000000237,560.4462588673019,NEWS,friday,0.10391718934427213
2020-07-31 01:07:00,2020-07-31 16:35:00,1,1956.01,1960.71,0.09,41.67000000000041,258.8775040926009,NEWS,season,0.1609641600418667
2020-07-31 10:15:00,2020-07-31 16:35:00,1,1975.96,1960.71,0.19,-291.08,546.5191753066019,NEWS,lw,-0.5326071127087199
2020-07-31 15:15:00,2020-07-31 16:35:00,1,1977.21,1960.71,0.19,-314.83,546.5191753066019,NEWS,tday900,-0.5760639593722904
2020-07-31 23:05:00,2020-07-31 23:55:00,1,1975.01,1974.81,0.43,-11.610000000001955,563.9355900772417,TIME,fri_close,-0.020587457511613595
2020-08-03 01:07:00,2020-08-03 16:35:00,1,1982.38,1969.88,0.09,-113.13,258.77839665741504,NEWS,season,-0.43716941391273734
2020-08-03 01:10:00,2020-08-03 16:35:00,1,1982.47,1969.88,0.09,-113.93999999999926,516.9267933148301,NEWS,tom,-0.22041805817290075
2020-08-04 18:15:00,2020-08-04 23:45:00,1,1994.27,2016.51,0.19,421.2300000000002,544.8399521776311,TIME,tday,0.7731261232154814
2020-08-04 01:07:00,2020-08-04 23:47:00,1,1977.4099999999999,2016.65,0.09,352.5300000000021,258.08208261045684,TIME,season,1.3659607688926734
2020-08-04 17:45:00,2020-08-05 15:05:00,1,1987.69,2040.06,0.19,978.5987999999979,544.8399521776311,NEWS,lw,1.7961215877960266
2020-08-04 20:00:00,2020-08-05 15:05:00,1,1999.8,2040.06,0.21,827.2991999999997,558.539157440025,NEWS,trendH4,1.481183886536789
2020-08-05 01:05:00,2020-08-05 15:05:00,1,2021.78,2040.06,0.18,327.7799999999995,547.88815341942,NEWS,strong_close,0.5982607909192682
2020-08-05 01:07:00,2020-08-05 15:05:00,1,2021.76,2040.06,0.09,164.0699999999996,273.94407670971,NEWS,season,0.5989178593332372
2020-08-05 04:00:00,2020-08-05 15:05:00,1,2020.82,2040.06,0.17,325.89000000000016,473.4943737154087,NEWS,trendH4,0.6882658339587254
2020-08-05 18:15:00,2020-08-05 23:45:00,1,2047.66,2038.08,0.19,-183.35000000000295,578.3263841649433,TIME,tday,-0.31703550974030964
2020-08-06 01:07:00,2020-08-06 15:20:00,1,2041.1899999999998,2063.99,0.09,204.5699999999996,284.0380712304449,NEWS,season,0.7202203532569
2020-08-06 15:00:00,2020-08-06 15:20:00,1,2059.5,2063.99,0.18,79.55999999999607,568.0761424608899,NEWS,lw,0.14005164810362283
2020-08-07 01:05:00,2020-08-07 15:20:00,1,2066.87,2052.92,0.12,-168.23999999999782,572.3749894279694,NEWS,friday,-0.2939331786109952
2020-08-07 01:07:00,2020-08-07 15:20:00,1,2066.86,2052.92,0.09,-126.09000000000047,286.39749471398466,NEWS,season,-0.44026223108523427
2020-08-07 23:05:00,2020-08-07 23:55:00,1,2031.23,2033.2,0.24,45.600000000000655,570.5486559742649,TIME,fri_close,0.07992306970232786
2020-08-10 01:07:00,2020-08-10 16:50:00,1,2029.47,2044.16,0.08,116.96000000000045,270.57444008138407,NEWS,season,0.43226551615452263
2020-08-11 01:07:00,2020-08-11 09:28:00,1,2028.19,1994.590466776268,0.08,-269.356265789857,268.9562657898567,SL,season,-1.001487230642594
2020-08-11 10:15:00,2020-08-11 15:20:00,-1,2002.1100000000001,1979.57,0.17,381.99000000000325,571.5320648034455,NEWS,lw,0.6683614507811959
2020-08-12 01:07:00,2020-08-12 05:06:00,1,1917.93,1877.5347191493918,0.07,-283.256965954258,282.9069659542586,SL,season,-1.001237155821946
2020-08-12 18:15:00,2020-08-12 19:50:00,1,1944.25,1947.72,0.14,47.600000000000385,565.8139319085172,NEWS,tday,0.08412659589247533
2020-08-13 01:07:00,2020-08-13 15:20:00,1,1920.69,1926.71,0.06,35.69999999999989,262.3579933105323,NEWS,season,0.13607361281249256
2020-08-13 18:15:00,2020-08-13 19:50:00,1,1947.8500000000001,1951.6,0.13,47.83999999999705,568.4423188394868,NEWS,tday,0.08415981431091482
2020-08-14 01:05:00,2020-08-14 15:20:00,1,1951.85,1950.73,0.08,-9.519999999999127,533.2077018624174,NEWS,friday,-0.017854205718985574
2020-08-14 01:07:00,2020-08-14 15:20:00,1,1951.8899999999999,1950.73,0.06,-7.379999999999127,266.74385093120867,NEWS,season,-0.027666992038374583
2020-08-14 23:05:00,2020-08-14 23:55:00,1,1943.6,1943.52,0.36,-5.39999999999738,569.9424311663419,TIME,fri_close,-0.009474641129888698
2020-08-17 18:15:00,2020-08-17 23:45:00,1,1983.85,1984.36,0.13,5.719999999999882,564.6039381830269,TIME,tday,0.010130995576133648
2020-08-17 01:07:00,2020-08-17 23:47:00,1,1945.75,1984.39,0.06,231.42000000000058,260.5864330075509,TIME,season,0.8880738622079178
2020-08-17 15:45:00,2020-08-18 16:46:00,1,1961.3,2013.53,0.13,667.7476000000003,564.6039381830269,TIME,lw,1.1826832135618888
2020-08-17 16:30:00,2020-08-18 17:31:00,1,1966.1000000000001,1977.7,0.17,182.49839999999847,576.4700000000025,TIME,inside,0.3165791801828329
2020-08-18 01:05:00,2020-08-18 23:45:00,1,1983.46,2002.05,0.13,240.75999999999894,581.2615140270967,TIME,strong_close,0.4142025477172318
2020-08-18 15:15:00,2020-08-18 23:45:00,1,2008.24,2002.05,0.06,-37.56000000000033,268.27454493558304,TIME,tday900,-0.1400058287640338
2020-08-18 01:07:00,2020-08-18 23:47:00,1,1983.2,2002.16,0.06,113.34000000000022,268.27454493558304,TIME,season,0.4224776526122333
2020-08-18 12:30:00,2020-08-19 13:31:00,1,2009.4,1987.75,0.13,-292.6924000000012,581.2615140270967,TIME,lw,-0.5035468424051841
2020-08-19 01:07:00,2020-08-19 17:20:00,1,2005.52,1988.25,0.06,-104.03999999999989,266.1520774401843,NEWS,season,-0.39090433184156564
2020-08-20 01:07:00,2020-08-20 15:20:00,1,1931.03,1935.09,0.06,23.93999999999967,282.26692905159973,NEWS,season,0.08481333637077734
2020-08-21 01:05:00,2020-08-21 16:35:00,1,1948.21,1936.72,0.08,-92.48000000000008,550.4328682386852,NEWS,friday,-0.1680132225677661
2020-08-21 01:07:00,2020-08-21 16:35:00,1,1948.6499999999999,1936.72,0.06,-71.99999999999902,275.3564341193425,NEWS,season,-0.26147927223953454
2020-08-21 23:05:00,2020-08-21 23:55:00,1,1939.06,1939.0,0.35000000000000003,-4.54999999999809,573.8546822028878,TIME,fri_close,-0.00792883658722057
2020-08-24 01:07:00,2020-08-24 23:47:00,1,1934.81,1926.42,0.06,-50.75999999999923,274.78526025367523,TIME,season,-0.18472606555802448
2020-08-24 15:15:00,2020-08-25 16:16:00,1,1958.81,1929.58,0.12,-361.1376000000002,549.5705205073505,TIME,lw,-0.6571269500893289
2020-08-25 01:07:00,2020-08-25 16:50:00,1,1929.9499999999998,1925.69,0.06,-25.97999999999858,271.53345594984125,NEWS,season,-0.09567881758481249
2020-08-26 01:07:00,2020-08-26 15:20:00,1,1928.72,1910.08,0.06,-112.2600000000006,262.0767805248526,NEWS,season,-0.42834775280427806
2020-08-27 01:05:00,2020-08-27 15:20:00,1,1952.29,1940.48,0.13,-154.4399999999993,575.865665579763,NEWS,strong_close,-0.26818754656003685
2020-08-27 01:07:00,2020-08-27 15:20:00,1,1952.46,1940.48,0.06,-72.30000000000011,265.784153344506,NEWS,season,-0.27202524714212656
2020-08-27 17:15:00,2020-08-28 16:35:00,-1,1923.4,1960.1200000000001,0.13,-473.7967000000004,575.865665579763,NEWS,lw,-0.8227555979101431
2020-08-28 18:15:00,2020-08-28 23:45:00,1,1966.44,1964.08,0.12,-29.160000000001528,550.9505704969398,TIME,tday,-0.052926708059672464
2020-08-28 23:05:00,2020-08-28 23:55:00,1,1964.3799999999999,1964.31,0.38,-5.319999999997581,575.5594493667832,TIME,fri_close,-0.009243180710264629
2020-08-31 01:05:00,2020-08-31 23:45:00,1,1969.52,1968.74,0.12,-10.199999999999672,555.2083868900154,TIME,strong_close,-0.018371480404204076
2020-08-31 01:07:00,2020-08-31 23:47:00,1,1969.5,1968.94,0.06,-3.779999999999672,277.6041934450077,TIME,season,-0.01361650900546816
2020-08-31 01:45:00,2020-09-01 02:46:00,1,1974.9099999999999,1967.63,0.11,-89.5927999999972,568.369999999999,TIME,inside,-0.1576311205728616
2020-09-01 01:10:00,2020-09-01 16:35:00,1,1968.4999999999998,1985.22,0.06,99.90000000000151,534.4335021121569,NEWS,tom,0.1869269041053425
2020-09-01 05:15:00,2020-09-01 16:35:00,1,1980.89,1985.22,0.21,89.45999999999847,557.97,NEWS,nr7,0.16033120060218017
2020-09-01 10:15:00,2020-09-01 16:35:00,1,1987.18,1985.22,0.13,-26.390000000000473,579.4246272881701,NEWS,lw,-0.04554518181857623
2020-09-01 15:15:00,2020-09-01 16:35:00,1,1989.92,1985.22,0.13,-62.010000000000595,579.4246272881701,NEWS,tday900,-0.10701995924857478
2020-09-02 16:30:00,2020-09-02 17:20:00,-1,1956.01,1941.46,0.13,188.2399999999994,565.1235824818722,NEWS,lw,0.33309528364273794
2020-09-03 18:30:00,2020-09-04 15:20:00,-1,1924.63,1937.3500000000001,0.13,-161.79670000000036,562.6433265903099,NEWS,lw,-0.2875653053249719
2020-09-04 23:05:00,2020-09-04 23:55:00,1,1934.1899999999998,1932.99,0.35000000000000003,-44.449999999993636,580.8771999598707,TIME,fri_close,-0.0765221978123163
2020-09-08 10:15:00,2020-09-09 11:16:00,1,1931.24,1931.7,0.14,-5.667199999999492,556.1103683355225,TIME,lw,-0.010190782842193396
2020-09-09 18:15:00,2020-09-09 19:50:00,1,1946.01,1948.21,0.14,29.820000000000636,550.8781991686994,NEWS,tday,0.05413174826123159
2020-09-10 01:05:00,2020-09-10 15:20:00,1,1946.46,1949.69,0.15,47.400000000000276,581.1533103974305,NEWS,strong_close,0.08156195474062614
2020-09-10 16:15:00,2020-09-10 17:50:00,1,1959.14,1954.44,0.15,-71.55000000000068,581.1533103974305,NEWS,lw,-0.12311725446607219
2020-09-11 01:05:00,2020-09-11 15:20:00,1,1946.56,1945.54,0.1,-10.899999999999817,566.4209310833284,NEWS,friday,-0.019243639141570276
2020-09-11 23:05:00,2020-09-11 23:55:00,1,1942.58,1940.31,0.54,-126.35999999999902,573.651646706521,TIME,fri_close,-0.22027305373472508
2020-09-14 18:15:00,2020-09-14 23:45:00,1,1959.51,1958.31,0.15,-19.050000000000683,545.155150291662,TIME,tday,-0.03494418055081896
2020-09-14 15:15:00,2020-09-15 16:16:00,1,1947.98,1968.32,0.15,292.12799999999874,545.155150291662,TIME,lw,0.5358621299710882
2020-09-15 15:15:00,2020-09-15 23:45:00,1,1970.43,1954.28,0.16,-259.52000000000146,569.1631964793605,TIME,tday900,-0.4559676409249564
2020-09-15 14:00:00,2020-09-16 15:01:00,1,1970.8400000000001,1964.26,0.16,-119.1168000000025,569.1631964793605,TIME,lw,-0.20928408712442462
2020-09-16 10:15:00,2020-09-16 15:20:00,1,1964.22,1966.78,0.16,39.83999999999913,555.8229681594062,NEWS,lw,0.07167749856024894
2020-09-17 10:15:00,2020-09-17 15:20:00,-1,1944.23,1942.3200000000002,0.17,31.279999999997525,577.2181962644141,NEWS,lw,0.054190945819851934
2020-09-18 01:05:00,2020-09-18 23:00:00,1,1944.68,1950.67,0.11,65.1200000000001,553.0393197425078,TIME,friday,0.11774931306931238
2020-09-18 18:15:00,2020-09-18 23:45:00,1,1954.78,1950.92,0.17,-66.8099999999983,570.194753674099,TIME,tday,-0.11717049230899144
2020-09-18 23:05:00,2020-09-18 23:55:00,1,1950.74,1950.38,0.62,-26.659999999993797,579.5745431546229,TIME,fri_close,-0.045999259827533966
2020-09-18 11:45:00,2020-09-18 23:59:00,1,1955.31,1949.57,0.17,-98.77000000000017,570.194753674099,EOD,lw,-0.17322151661965873
2020-09-21 11:45:00,2020-09-22 12:46:00,-1,1937.66,1904.2900000000002,0.17,571.9496999999981,549.9029855545206,TIME,lw,1.040092007180586
2020-09-23 10:15:00,2020-09-23 16:35:00,-1,1882.64,1884.1000000000001,0.16,-24.480000000000583,553.1079690694547,NEWS,lw,-0.04425898986989028
2020-09-25 01:05:00,2020-09-25 15:20:00,1,1870.08,1857.37,0.11,-140.5800000000004,579.0960879305404,NEWS,friday,-0.2427576406229535
2020-09-25 23:05:00,2020-09-25 23:55:00,1,1862.7499999999998,1859.9,0.5,-145.99999999998408,581.1971713179479,TIME,fri_close,-0.2512056272898028
2020-09-28 15:30:00,2020-09-29 16:31:00,1,1868.42,1888.01,0.16,299.6031999999987,547.9666938941664,TIME,lw,0.5467543982844032
2020-09-29 01:05:00,2020-09-29 16:50:00,1,1881.5,1887.91,0.16,101.4400000000013,548.1862157588689,NEWS,strong_close,0.1850466084039986
2020-09-29 20:00:00,2020-09-30 15:05:00,1,1895.8,1882.18,0.17,-246.2415999999982,582.4478542437982,NEWS,lw,-0.4227702071624897
2020-09-30 01:05:00,2020-09-30 15:05:00,1,1897.99,1882.18,0.17,-269.9599999999991,569.5744360835268,NEWS,strong_close,-0.473967901116282
2020-10-01 01:10:00,2020-10-01 15:20:00,1,1887.59,1900.59,0.08,103.44,521.1850533839228,NEWS,tom,0.19847077219193113
2020-10-01 10:15:00,2020-10-01 15:20:00,1,1898.14,1900.59,0.17,40.45999999999692,554.3541192204179,NEWS,lw,0.07298583810813089
2020-10-02 01:05:00,2020-10-02 15:20:00,1,1905.09,1908.44,0.12,39.360000000001634,580.0772432671336,NEWS,friday,0.06785303243119263
2020-10-02 23:05:00,2020-10-02 23:55:00,1,1901.87,1900.45,0.49,-73.00999999999243,574.0995651601296,TIME,fri_close,-0.12717306270668965
2020-10-05 10:15:00,2020-10-05 16:35:00,-1,1887.78,1910.17,0.18,-404.28000000000173,574.3645830337667,NEWS,lw,-0.7038734837454875
2020-10-06 01:05:00,2020-10-06 16:50:00,1,1912.3,1916.85,0.18,80.63999999999916,574.3913985313546,NEWS,strong_close,0.14039207447427893
2020-10-09 01:05:00,2020-10-09 23:00:00,1,1894.36,1928.74,0.12,411.72000000000133,565.5540607045872,TIME,friday,0.7279940656549544
2020-10-09 23:05:00,2020-10-09 23:55:00,1,1928.6499999999999,1930.27,0.55,85.25000000000651,574.3842251464781,TIME,fri_close,0.1484198142424024
2020-10-09 10:15:00,2020-10-09 23:59:00,1,1909.96,1929.83,0.18,356.399999999998,565.9740607045871,EOD,lw,0.6297108379071504
2020-10-12 01:05:00,2020-10-12 23:45:00,1,1927.1,1922.61,0.18,-82.08000000000017,573.3630563685454,TIME,strong_close,-0.1431553691649797
2020-10-13 10:15:00,2020-10-13 15:20:00,-1,1915.42,1921.77,0.19,-121.97999999999828,582.5068052501222,NEWS,lw,-0.2094052788750191
2020-10-16 01:05:00,2020-10-16 15:20:00,1,1909.21,1913.41,0.12,49.56000000000054,546.285797921232,NEWS,friday,0.09072174343281485
2020-10-16 11:00:00,2020-10-16 15:20:00,1,1909.45,1913.41,0.29,112.81000000000105,573.620000000001,NEWS,inside,0.19666329625884882
2020-10-16 18:30:00,2020-10-16 23:59:00,-1,1898.88,1899.0600000000002,0.19,-4.75000000000121,577.0783422501893,EOD,lw,-0.008231118120773059
2020-10-19 10:15:00,2020-10-19 14:50:00,1,1909.04,1911.59,0.19,47.11999999999914,557.871317803747,NEWS,lw,0.08446392294463763
2020-10-21 10:15:00,2020-10-21 17:20:00,1,1919.77,1927.92,0.2,161.6000000000018,562.9233228186534,NEWS,lw,0.2870728453581261
2020-10-22 15:00:00,2020-10-22 15:20:00,-1,1914.14,1906.8700000000001,0.2,143.99999999999963,557.628799760178,NEWS,lw,0.2582363035444553
2020-10-23 01:05:00,2020-10-23 16:35:00,1,1905.1599999999999,1905.61,0.13,4.940000000000591,548.4264312114468,NEWS,friday,0.009007589202235157
2020-10-23 23:05:00,2020-10-23 23:55:00,1,1903.22,1901.42,0.66,-123.419999999997,582.7696255142071,TIME,fri_close,-0.2117817995251508
2020-10-27 18:45:00,2020-10-28 15:25:00,1,1909.47,1882.6474367151402,0.21,-581.4346289820563,563.6938289820578,SL,lw,-1.0314724041454129
2020-10-30 01:05:00,2020-10-30 16:35:00,1,1869.4899999999998,1886.93,0.14,243.180000000004,564.168710741101,NEWS,friday,0.4310412743034949
2020-10-30 15:00:00,2020-10-30 16:35:00,1,1879.46,1886.93,0.21,155.40000000000057,564.658710741101,NEWS,lw,0.2752104891750307
2020-10-30 23:05:00,2020-10-30 23:55:00,1,1878.15,1878.21,0.55,-0.5500000000030014,576.4737540088873,TIME,fri_close,-0.0009540763932064845
2020-11-02 01:10:00,2020-11-02 16:35:00,1,1879.26,1890.03,0.1,106.99999999999982,535.0866149411098,NEWS,tom,0.1999676258240471
2020-11-02 11:45:00,2020-11-02 16:35:00,1,1889.07,1890.03,0.21,18.690000000000765,562.5759456881653,NEWS,lw,0.033222181188600965
2020-11-03 01:05:00,2020-11-03 23:45:00,1,1895.24,1907.87,0.22,276.3199999999974,582.8920424041339,TIME,strong_close,0.4740500468325448
2020-11-04 01:05:00,2020-11-04 03:00:00,1,1909.56,1883.285270937488,0.22,-579.5840393752651,578.484039375267,SL,strong_close,-1.0019015217795568
2020-11-03 15:30:00,2020-11-04 15:05:00,1,1905.88,1910.05,0.22,72.71439999999659,582.8920424041339,NEWS,lw,0.12474762856615194
2020-11-05 11:00:00,2020-11-05 15:20:00,1,1918.13,1926.33,0.21,170.72999999999618,564.9622167189867,NEWS,lw,0.30219720000305367
2020-11-05 20:00:00,2020-11-05 20:50:00,1,1947.9,1947.05,0.22,-20.240000000003,561.8632910328281,NEWS,trendH4,-0.03602299762776357
2020-11-06 01:05:00,2020-11-06 15:20:00,1,1946.61,1954.49,0.13,101.53000000000142,557.201146048514,NEWS,friday,0.1822142698736687
2020-11-06 23:05:00,2020-11-06 23:55:00,1,1952.29,1951.78,0.52,-30.159999999999528,577.5182477783402,TIME,fri_close,-0.052223458074307234
2020-11-06 16:00:00,2020-11-06 23:59:00,1,1958.79,1950.89,0.23,-183.30999999999688,574.3515580998754,EOD,trendH4,-0.3191599246399548
2020-11-09 08:00:00,2020-11-09 13:59:00,1,1961.99,1937.6152872899092,0.23,-562.2283923320875,561.0783923320869,SL,trendH4,-1.002049624465524
2020-11-09 14:00:00,2020-11-10 15:01:00,-1,1938.28,1882.44,0.2,1122.2819999999986,566.5582343319181,TIME,lw,1.9808766901488712
2020-11-11 15:45:00,2020-11-12 15:20:00,-1,1863.71,1869.16,0.17,-76.29090000000078,581.5706140907146,NEWS,lw,-0.1311808027289714
2020-11-11 16:00:00,2020-11-12 15:20:00,-1,1858.48,1869.16,0.18,-174.91860000000113,573.6599999999992,NEWS,inside,-0.30491684970191646
2020-11-12 16:00:00,2020-11-12 17:50:00,1,1877.14,1879.52,0.17,39.26999999999799,574.1391416556635,NEWS,lw,0.0683980539747801
2020-11-13 01:05:00,2020-11-13 15:20:00,1,1877.38,1887.55,0.11,111.0999999999983,542.108575147646,NEWS,friday,0.20494049548974513
2020-11-13 14:30:00,2020-11-13 15:20:00,1,1886.14,1887.55,0.17,22.779999999997525,558.9327743945445,NEWS,lw,0.040756243046712756
2020-11-13 23:05:00,2020-11-13 23:55:00,1,1888.26,1889.24,0.77,70.0700000000014,583.2975793162245,TIME,fri_close,0.12012736291849786
2020-11-16 14:00:00,2020-11-17 15:01:00,-1,1869.3400000000001,1888.7900000000002,0.18,-345.16620000000074,578.9303748248881,TIME,lw,-0.59621366404277
2020-11-18 05:15:00,2020-11-18 17:20:00,-1,1876.48,1879.19,0.34,-94.52000000000123,575.2800000000046,NEWS,inside,-0.16430260047281406
2020-11-18 14:00:00,2020-11-18 17:20:00,-1,1871.68,1879.19,0.18,-136.43999999999983,561.907925231664,NEWS,lw,-0.24281558218590388
2020-11-19 10:15:00,2020-11-19 15:20:00,-1,1858.17,1863.16,0.19,-96.14000000000017,579.6661013183374,NEWS,lw,-0.1658541008027699
2020-11-20 01:05:00,2020-11-20 23:00:00,1,1861.77,1872.87,0.13,143.38999999999882,581.8061529481147,TIME,friday,0.24645665789785193
2020-11-20 23:05:00,2020-11-20 23:55:00,1,1872.51,1870.89,0.9,-152.0999999999902,579.039331799983,TIME,fri_close,-0.26267645675670603
2020-11-20 16:15:00,2020-11-20 23:59:00,1,1877.64,1870.73,0.19,-132.62000000000157,567.3313797955989,EOD,lw,-0.2337610869467199
2020-11-23 18:15:00,2020-11-23 23:45:00,-1,1833.14,1836.67,0.2,-71.99999999999947,581.5915742362998,TIME,tday,-0.12379821715014389
2020-11-24 12:30:00,2020-11-24 16:50:00,-1,1817.8700000000001,1802.67,0.19,287.4700000000009,574.4439958441643,NEWS,lw,0.5004317254244328
2020-11-24 15:15:00,2020-11-24 16:50:00,-1,1806.82,1802.67,0.19,77.51999999999741,574.4439958441643,NEWS,tday900,0.13494788101332528
2020-11-24 18:15:00,2020-11-24 23:45:00,-1,1805.31,1807.01,0.19,-33.63000000000086,574.4439958441643,TIME,tday,-0.0585435660278431
2020-11-26 10:15:00,2020-11-27 15:15:00,1,1816.95,1793.7,0.19,-458.18120000000005,566.3927311105298,TIME,lw,-0.8089461160662166
2020-11-27 01:05:00,2020-11-27 20:45:00,1,1810.76,1786.66,0.13,-314.20999999999884,556.7740313402982,EOD,friday,-0.5643402571122339
2020-11-30 12:45:00,2020-11-30 16:35:00,-1,1771.49,1770.01,0.19,26.790000000000347,557.8617426412221,NEWS,lw,0.048022651406712094
2020-11-30 15:15:00,2020-11-30 16:35:00,-1,1770.3600000000001,1770.01,0.19,5.320000000002593,557.8617426412221,NEWS,tday900,0.009536413045309054
2020-12-01 01:10:00,2020-12-01 16:35:00,1,1777.26,1808.39,0.09,279.540000000001,523.253412699421,NEWS,tom,0.5342344516357328
2020-12-01 10:15:00,2020-12-01 16:35:00,1,1792.45,1808.39,0.19,301.53000000000105,552.9880467382778,NEWS,lw,0.5452739924100228
2020-12-02 01:05:00,2020-12-02 15:05:00,1,1813.38,1821.62,0.19,155.22999999999584,569.9867576855436,NEWS,strong_close,0.27233966036389007
2020-12-03 01:05:00,2020-12-03 15:20:00,1,1829.79,1839.02,0.19,174.04000000000033,563.229132136576,NEWS,strong_close,0.30900390279847567
2020-12-03 10:15:00,2020-12-03 15:20:00,1,1840.74,1839.02,0.19,-34.01000000000052,563.229132136576,NEWS,lw,-0.060383950437694185
2020-12-04 01:05:00,2020-12-04 15:20:00,1,1841.49,1840.08,0.13,-19.240000000001064,564.5258834459476,NEWS,friday,-0.03408169680822662
2020-12-04 18:00:00,2020-12-04 23:57:00,-1,1831.93,1838.92,0.2,-141.2000000000002,579.4675727650745,EOD,lw,-0.24367196135968242
2020-12-07 10:45:00,2020-12-07 16:55:00,-1,1828.74,1856.990994449807,0.2,-566.4198889961393,565.4198889961407,SL,lw,-1.001768597142513
2020-12-08 01:05:00,2020-12-08 23:45:00,1,1863.2599999999998,1870.66,0.19,139.27000000000604,562.1325449358815,TIME,strong_close,0.24775295658409457
2020-12-09 10:15:00,2020-12-09 16:50:00,-1,1859.71,1850.78,0.2,177.2000000000013,571.0671491854481,NEWS,lw,0.3102962589474
2020-12-11 01:05:00,2020-12-11 15:20:00,1,1837.52,1834.19,0.13,-44.19999999999905,568.1249464644502,NEWS,friday,-0.07779978730922497
2020-12-11 23:05:00,2020-12-11 23:55:00,1,1839.1699999999998,1839.7,0.7000000000000001,32.200000000014015,578.0396524352915,TIME,fri_close,0.055705521004233594
2020-12-14 10:30:00,2020-12-15 11:32:00,-1,1829.65,1845.8100000000002,0.2,-317.7180000000016,575.4618537756669,TIME,lw,-0.5521095758396838
2020-12-16 01:05:00,2020-12-16 15:20:00,1,1854.3,1854.08,0.2,-5.800000000000546,568.8625167759576,NEWS,strong_close,-0.010195785148355686
2020-12-17 01:05:00,2020-12-17 15:20:00,1,1863.8899999999999,1880.74,0.2,335.6000000000028,558.3580512919606,NEWS,strong_close,0.6010480178865022
2020-12-17 10:15:00,2020-12-17 15:20:00,1,1874.99,1880.74,0.2,113.60000000000001,558.3580512919606,NEWS,lw,0.20345367947528628
2020-12-18 01:05:00,2020-12-18 23:00:00,1,1884.88,1881.12,0.13,-49.790000000002834,552.8055928661145,TIME,friday,-0.09006782970819474
2020-12-18 23:05:00,2020-12-18 23:55:00,1,1881.6299999999999,1880.51,0.6900000000000001,-82.10999999999248,581.3612064393095,TIME,fri_close,-0.1412374941611524
2020-12-21 10:15:00,2020-12-21 12:06:00,1,1896.38,1869.1749717682803,0.21,-572.7755928661154,571.7255928661144,SL,lw,-1.0018365453866378
2020-12-23 11:15:00,2020-12-23 15:20:00,1,1871.4099999999999,1863.74,0.2,-154.7999999999969,574.6540582816979,NEWS,lw,-0.26937946016229697
2020-12-28 13:30:00,2020-12-29 14:32:00,-1,1876.16,1878.69,0.21,-47.37389999999942,571.5928706228941,TIME,lw,-0.08288049490255826
2020-12-31 01:05:00,2020-12-31 15:20:00,1,1894.04,1896.75,0.22,58.08000000000081,573.1046641796291,NEWS,strong_close,0.101342745278717
2021-01-04 01:05:00,2021-01-04 16:35:00,1,1909.05,1938.71,0.22,650.9800000000018,556.7457595953698,NEWS,strong_close,1.1692590177482796
2021-01-04 01:07:00,2021-01-04 16:35:00,1,1908.77,1938.71,0.11,328.5700000000006,278.3728797976849,NEWS,season,1.1803233139621856
2021-01-04 01:10:00,2021-01-04 16:35:00,1,1908.55,1938.71,0.11,330.9900000000009,555.9757595953698,NEWS,tom,0.5953317105783354
2021-01-04 04:00:00,2021-01-04 16:35:00,1,1916.8,1938.71,0.28,611.5200000000023,575.782181765954,NEWS,trendH4,1.0620682948618496
2021-01-04 08:00:00,2021-01-04 16:35:00,1,1921.95,1938.71,0.28,467.3199999999999,574.4750726776562,NEWS,trendH4,0.8134730682426283
2021-01-04 10:15:00,2021-01-04 16:35:00,1,1927.8400000000001,1938.71,0.22,237.5999999999976,556.7457595953698,NEWS,lw,0.4267657111078491
2021-01-05 01:05:00,2021-01-05 16:50:00,1,1941.84,1943.31,0.22,30.8000000000006,590.1910624814147,NEWS,strong_close,0.05218649003342117
2021-01-05 01:07:00,2021-01-05 16:50:00,1,1941.8999999999999,1943.31,0.11,14.7400000000009,295.0955312407074,NEWS,season,0.04994992617484805
2021-01-05 12:00:00,2021-01-05 16:50:00,1,1945.83,1943.31,0.27,-69.92999999999951,572.2120803738476,NEWS,trendH4,-0.12220993299252197
2021-01-05 16:00:00,2021-01-05 16:50:00,1,1949.6200000000001,1943.31,0.28,-178.64000000000487,587.4088643683087,NEWS,trendH4,-0.30411526082792745
2021-01-06 12:00:00,2021-01-06 14:43:00,1,1957.8600000000001,1936.9956059560996,0.28,-586.1630332292161,584.7630332292194,SL,trendH4,-1.002394132187641
2021-01-06 01:05:00,2021-01-06 15:05:00,1,1950.0,1932.7,0.22,-382.139999999999,577.7188437327422,NEWS,strong_close,-0.6614636239505809
2021-01-06 01:07:00,2021-01-06 15:05:00,1,1949.28,1932.7,0.11,-183.1499999999992,288.8594218663711,NEWS,season,-0.6340454426469287
2021-01-07 01:07:00,2021-01-07 15:20:00,1,1920.83,1918.62,0.1,-22.800000000000363,285.6495119651185,NEWS,season,-0.0798180954105202
2021-01-08 01:07:00,2021-01-08 10:00:00,1,1915.68,1887.6775453175248,0.1,-280.72454682475217,280.22454682475285,SL,season,-1.001784283374404
2021-01-08 01:05:00,2021-01-08 15:20:00,1,1916.33,1884.16,0.13,-419.119999999998,545.9828663082681,NEWS,friday,-0.7676431365583516
2021-01-08 23:05:00,2021-01-08 23:55:00,1,1848.14,1848.91,0.25,17.499999999999545,570.1569608036566,TIME,fri_close,0.030693302376476595
2021-01-11 01:07:00,2021-01-11 03:15:00,1,1853.8700000000001,1821.4955777948446,0.08,-259.555377641244,259.15537764124497,SL,season,-1.0015434755922863
2021-01-12 01:07:00,2021-01-12 16:50:00,1,1846.6599999999999,1839.57,0.08,-57.27999999999935,263.5528506668703,NEWS,season,-0.21733781234034544
2021-01-12 12:00:00,2021-01-12 16:50:00,1,1862.8600000000001,1839.57,0.17,-397.12000000000324,560.0498076670995,NEWS,lw,-0.709079789981923
2021-01-13 01:07:00,2021-01-13 15:20:00,1,1855.4599999999998,1851.27,0.08,-34.07999999999862,260.27050419066524,NEWS,season,-0.13094069228464236
2021-01-14 01:07:00,2021-01-14 15:20:00,1,1847.87,1841.71,0.09,-56.06999999999869,285.4990088420343,NEWS,season,-0.19639297602963676
2021-01-14 20:00:00,2021-01-15 15:20:00,1,1855.48,1848.27,0.18,-145.34640000000064,570.9980176840686,NEWS,lw,-0.2545479940359799
2021-01-15 01:05:00,2021-01-15 15:20:00,1,1848.18,1848.27,0.12,0.23999999999901778,567.2453021352064,NEWS,friday,0.0004230973779696677
2021-01-15 01:07:00,2021-01-15 15:20:00,1,1847.97,1848.27,0.09,2.069999999999591,283.8326510676032,NEWS,season,0.007293029861834179
2021-01-15 18:15:00,2021-01-15 23:45:00,-1,1825.48,1827.22,0.18,-32.58000000000016,567.6653021352064,TIME,tday,-0.057392974130097994
2021-01-15 17:30:00,2021-01-15 23:57:00,-1,1832.93,1827.83,0.18,90.54000000000245,567.6653021352064,EOD,lw,0.15949539219580072
2021-01-18 01:07:00,2021-01-19 04:47:00,1,1826.92,1841.21,0.09,120.82679999999968,285.29389027706014,TIME,season,0.42351695608574025
2021-01-19 01:05:00,2021-01-19 23:45:00,1,1838.7499999999998,1840.06,0.17,21.08000000000294,547.3164265970659,TIME,strong_close,0.03851519701513002
2021-01-19 01:07:00,2021-01-19 23:47:00,1,1838.8,1839.84,0.08,7.7599999999997085,257.56067133979565,TIME,season,0.030128823471507672
2021-01-20 01:07:00,2021-01-20 23:47:00,1,1840.82,1871.22,0.09,272.9700000000008,277.1396298817508,TIME,season,0.9849547685275863
2021-01-20 10:15:00,2021-01-21 11:17:00,1,1854.74,1870.82,0.18,245.2607999999987,554.2792597635016,TIME,lw,0.44248597738375767
2021-01-21 01:05:00,2021-01-21 15:20:00,1,1871.76,1868.99,0.18,-51.11999999999967,565.3964554946803,NEWS,strong_close,-0.09041443309946723
2021-01-21 01:07:00,2021-01-21 15:20:00,1,1871.68,1868.99,0.09,-24.84000000000049,282.6982277473401,NEWS,season,-0.08786754766004792
2021-01-22 01:07:00,2021-01-22 15:00:00,1,1869.96,1839.6070082482904,0.09,-273.8069257653866,273.35692576538725,SL,season,-1.0016461993737287
2021-01-22 01:05:00,2021-01-22 16:35:00,1,1870.09,1839.96,0.12,-362.3999999999985,546.2938515307744,NEWS,friday,-0.6633792399173348
2021-01-22 23:05:00,2021-01-22 23:55:00,1,1853.55,1854.64,0.59,60.18000000000858,568.7330646425867,TIME,fri_close,0.10581413978072116
2021-01-25 01:07:00,2021-01-25 23:47:00,1,1857.27,1855.6,0.09,-15.660000000000656,275.43785963928815,TIME,season,-0.05685492916808496
2021-01-26 01:07:00,2021-01-26 16:50:00,1,1855.33,1854.56,0.09,-7.559999999999836,269.19944109362467,NEWS,season,-0.02808326781544301
2021-01-27 01:07:00,2021-01-27 15:20:00,1,1852.44,1840.25,0.1,-122.60000000000056,287.34545509659705,NEWS,season,-0.42666413484349724
2021-01-28 01:07:00,2021-01-28 15:20:00,1,1843.24,1839.33,0.1,-39.80000000000083,282.542208303983,NEWS,season,-0.14086390928600867
2021-01-28 16:00:00,2021-01-28 16:50:00,1,1857.18,1859.78,0.2,50.59999999999818,565.084416607966,NEWS,lw,0.08954414334009592
2021-01-29 01:05:00,2021-01-29 16:35:00,1,1843.4399999999998,1862.97,0.13,252.9800000000026,553.0871414647121,NEWS,friday,0.4573962781525688
2021-01-29 01:07:00,2021-01-29 16:35:00,1,1842.81,1862.97,0.1,200.90000000000086,283.86776485369853,NEWS,season,0.7077238942700729
2021-01-29 12:45:00,2021-01-29 16:35:00,1,1855.96,1862.97,0.2,138.79999999999984,567.7355297073971,NEWS,lw,0.24448003117144249
2021-01-29 23:05:00,2021-01-29 23:55:00,1,1843.45,1847.38,0.36,138.96000000000228,565.6861052040412,TIME,fri_close,0.24564860038391761
2021-02-01 01:10:00,2021-02-01 16:35:00,1,1853.16,1864.88,0.1,116.50000000000028,578.1115632997256,NEWS,tom,0.20151819717122682
2021-02-02 15:15:00,2021-02-02 23:45:00,-1,1844.13,1837.3,0.2,135.2000000000031,570.7964516354596,TIME,tday900,0.23686201904833998
2021-02-02 18:15:00,2021-02-02 23:45:00,-1,1837.8,1837.3,0.2,8.6,570.7964516354596,TIME,tday,0.01506666689212779
2021-02-02 09:30:00,2021-02-03 10:32:00,-1,1847.39,1835.9,0.23,270.5743000000002,562.3499999999973,TIME,inside,0.48114928425358144
2021-02-02 10:15:00,2021-02-03 11:17:00,-1,1847.48,1836.39,0.2,227.28199999999836,570.7964516354596,TIME,lw,0.39818397495076324
2021-02-04 04:00:00,2021-02-04 15:20:00,-1,1826.8700000000001,1819.23,0.32,242.24000000000322,576.6399999999942,NEWS,inside,0.4200887902330842
2021-02-04 10:15:00,2021-02-04 15:20:00,-1,1824.23,1819.23,0.2,98.6,559.9306139101662,NEWS,lw,0.17609324718190728
2021-02-04 18:15:00,2021-02-04 23:45:00,-1,1789.74,1793.32,0.2,-72.99999999999856,559.9306139101662,TIME,tday,-0.1303732965951215
2021-02-05 01:05:00,2021-02-05 15:20:00,1,1795.52,1795.44,0.13,-1.9499999999990543,575.8046808079542,NEWS,friday,-0.0033865650367115195
2021-02-05 23:05:00,2021-02-05 23:55:00,1,1810.6899999999998,1813.34,0.6,154.80000000000547,584.4054418579259,TIME,fri_close,0.2648845970836095
2021-02-05 19:15:00,2021-02-05 23:57:00,1,1814.52,1813.67,0.19,-17.47999999999827,561.4837915564682,EOD,lw,-0.03113179803737988
2021-02-08 01:05:00,2021-02-08 23:45:00,1,1817.81,1831.1,0.2,264.3999999999993,582.0187436266232,TIME,strong_close,0.4542809022824482
2021-02-08 15:00:00,2021-02-09 16:02:00,1,1825.52,1846.4,0.2,400.30400000000225,582.0187436266232,TIME,lw,0.6877854096341705
2021-02-09 11:00:00,2021-02-09 16:50:00,1,1844.31,1839.95,0.2,-88.599999999998,585.3316905104357,NEWS,lw,-0.15136716743071746
2021-02-11 19:00:00,2021-02-11 19:50:00,-1,1829.93,1825.5600000000002,0.2,85.99999999999781,561.5359984503247,NEWS,lw,0.15315135670256705
2021-02-12 01:05:00,2021-02-12 23:00:00,1,1826.31,1821.35,0.14,-70.42000000000051,586.7275984890667,TIME,friday,-0.12002162533575236
2021-02-12 23:05:00,2021-02-12 23:56:00,1,1821.6499999999999,1824.16,0.6,146.4000000000131,584.3865516952957,TIME,fri_close,0.2505191120078125
2021-02-15 12:15:00,2021-02-16 17:15:00,-1,1816.6200000000001,1806.52,0.21,217.85610000000284,575.6484843112763,TIME,lw,0.3784533546729522
2021-02-16 15:00:00,2021-02-17 15:20:00,-1,1807.27,1784.15,0.29,678.4288999999967,571.3000000000031,NEWS,inside,1.1875177664974497
2021-02-17 18:15:00,2021-02-17 23:45:00,-1,1770.04,1776.45,0.21,-136.08000000000172,567.2131829010493,TIME,tday,-0.23990979776600319
2021-02-18 11:00:00,2021-02-18 15:20:00,1,1787.89,1785.29,0.22,-58.740000000003,592.0702391486399,NEWS,lw,-0.0992112018406253
2021-02-19 01:05:00,2021-02-19 16:35:00,1,1776.73,1781.17,0.14,61.180000000000774,556.3245301544765,NEWS,friday,0.10997178208735954
2021-02-19 23:05:00,2021-02-19 23:55:00,1,1781.6999999999998,1782.96,0.53,63.07000000001157,588.5004754173036,TIME,fri_close,0.10717068657470302
2021-02-22 10:15:00,2021-02-23 11:17:00,1,1795.03,1808.05,0.22,267.4143999999996,590.5345429393886,TIME,lw,0.45283447547190564
2021-02-23 01:05:00,2021-02-23 16:50:00,1,1809.7399999999998,1796.85,0.21,-272.15999999999735,571.5333448780946,NEWS,strong_close,-0.47619268838644546
2021-02-24 16:00:00,2021-02-24 16:50:00,-1,1790.47,1786.5900000000001,0.22,83.81999999999739,588.1485599834527,NEWS,lw,0.1425150135577236
2021-02-25 10:15:00,2021-02-25 15:20:00,-1,1792.1200000000001,1785.44,0.21,138.81000000000134,566.7634963489694,NEWS,lw,0.24491697311877123
2021-02-25 18:15:00,2021-02-25 23:45:00,-1,1777.4,1771.5,0.22,128.260000000002,593.7522342703489,TIME,tday,0.21601602924091448
2021-02-26 01:05:00,2021-02-26 16:35:00,1,1772.4199999999998,1758.67,0.14,-193.4799999999968,586.1053894669002,NEWS,friday,-0.3301112794338559
2021-02-26 18:15:00,2021-02-26 23:46:00,-1,1727.23,1735.3700000000001,0.21,-172.4100000000021,586.5953894669,TIME,tday,-0.29391639125682345
2021-03-01 01:10:00,2021-03-01 16:35:00,1,1738.8600000000001,1742.49,0.09,32.03999999999893,541.6977589634512,NEWS,tom,0.05914737410268795
2021-03-02 03:30:00,2021-03-03 04:32:00,-1,1718.93,1731.8500000000001,0.14,-177.04260000000104,572.1799999999994,TIME,inside,-0.30941766576951524
2021-03-03 12:45:00,2021-03-03 15:05:00,-1,1724.3,1719.4,0.19,91.76999999999741,587.7150833423021,NEWS,lw,0.1561470899778625
2021-03-05 01:05:00,2021-03-05 15:20:00,1,1697.98,1696.49,0.12,-18.72000000000011,567.9098881652213,NEWS,friday,-0.03296297597578354
2021-03-05 23:05:00,2021-03-05 23:55:00,1,1698.79,1700.72,0.51,94.86000000000325,583.1793259040754,TIME,fri_close,0.1626600871917849
2021-03-08 15:15:00,2021-03-08 23:45:00,-1,1689.38,1681.96,0.19,139.65000000000137,584.8749300667051,TIME,tday900,0.23876899627767298
2021-03-08 18:15:00,2021-03-08 23:45:00,-1,1681.63,1681.96,0.19,-7.599999999998617,584.8749300667051,TIME,tday,-0.012994231089938895
2021-03-08 11:15:00,2021-03-09 12:17:00,-1,1692.57,1702.3100000000002,0.19,-179.8521000000045,584.8749300667051,TIME,lw,-0.30750523018569514
2021-03-10 01:05:00,2021-03-10 15:20:00,1,1715.6,1713.82,0.18,-33.29999999999951,574.8307887386994,NEWS,strong_close,-0.05793009117181556
2021-03-11 01:05:00,2021-03-11 15:20:00,1,1726.79,1734.68,0.19,148.5800000000019,588.7497016605508,NEWS,strong_close,0.25236530834909376
2021-03-11 10:15:00,2021-03-11 15:20:00,1,1737.0800000000002,1734.68,0.19,-46.930000000001726,588.7497016605508,NEWS,lw,-0.07971129304632694
2021-03-12 01:05:00,2021-03-12 15:20:00,1,1721.8999999999999,1703.38,0.13,-241.6699999999968,589.4182495148483,NEWS,friday,-0.4100144510267811
2021-03-12 23:05:00,2021-03-12 23:55:00,1,1724.61,1726.87,0.5700000000000001,124.82999999999949,589.8465172525878,TIME,fri_close,0.21163132501220483
2021-03-15 01:05:00,2021-03-15 23:45:00,1,1728.74,1731.52,0.19,51.48999999999948,574.5584162277198,TIME,strong_close,0.08961664914432652
2021-03-16 01:05:00,2021-03-16 15:20:00,1,1732.02,1734.85,0.2,55.19999999999855,580.0984519519068,NEWS,strong_close,0.09515626151778617
2021-03-16 17:30:00,2021-03-17 17:20:00,1,1739.89,1730.13,0.2,-212.4959999999998,580.0984519519068,NEWS,lw,-0.3663102345558696
2021-03-18 14:30:00,2021-03-18 15:20:00,-1,1732.64,1729.66,0.21,61.11000000000038,587.8191341778871,NEWS,lw,0.10396054916699451
2021-03-18 18:15:00,2021-03-18 18:45:00,-1,1727.0,1730.8600000000001,0.21,-82.53000000000267,587.8191341778871,NEWS,tday,-0.14040032928738802
2021-03-19 01:05:00,2021-03-19 23:00:00,1,1735.93,1742.54,0.13,85.01999999999872,557.0333350819536,TIME,friday,0.15263000370972438
2021-03-19 23:05:00,2021-03-19 23:55:00,1,1742.88,1745.1,0.76,163.3999999999848,585.8974851812334,TIME,fri_close,0.27888837916660614
2021-03-22 01:05:00,2021-03-22 15:50:00,1,1743.87,1733.02,0.21,-229.31999999999806,585.0733350819539,NEWS,strong_close,-0.39195086538660345
2021-03-23 18:15:00,2021-03-23 18:50:00,-1,1727.0,1728.63,0.21,-35.70000000000229,572.7873825760998,NEWS,tday,-0.06232679190564962
2021-03-24 13:00:00,2021-03-24 15:20:00,1,1734.8500000000001,1729.84,0.22,-111.76000000000481,585.3927599209682,NEWS,lw,-0.19091455797146029
2021-03-25 15:00:00,2021-03-25 15:20:00,-1,1728.3,1726.48,0.22,38.4999999999986,566.8204199266133,NEWS,lw,0.06792274704038224
2021-03-26 01:05:00,2021-03-26 23:00:00,1,1728.0,1731.69,0.15,54.30000000000082,576.0364377549818,TIME,friday,0.09426487013847105
2021-03-26 23:05:00,2021-03-26 23:55:00,1,1732.04,1732.66,0.87,47.8500000000103,587.6736997732858,TIME,fri_close,0.08142273513085577
2021-03-29 18:15:00,2021-03-29 23:45:00,-1,1710.89,1711.76,0.23,-21.61999999999749,572.3622059959987,TIME,tday,-0.03777328372402812
2021-03-29 11:15:00,2021-03-30 12:17:00,-1,1725.0900000000001,1699.66,0.23,591.1943000000015,572.3622059959987,TIME,lw,1.032902406564794
2021-03-30 10:30:00,2021-03-30 16:50:00,-1,1701.1200000000001,1685.71,0.23,352.82000000000187,576.6249055677129,NEWS,lw,0.6118709001177028
2021-03-30 15:15:00,2021-03-30 16:50:00,-1,1689.3500000000001,1685.71,0.23,82.1100000000023,576.6249055677129,NEWS,tday900,0.1423975953989732
2021-03-30 18:15:00,2021-03-30 23:45:00,-1,1685.57,1684.43,0.23,24.609999999997076,576.6249055677129,TIME,tday,0.042679391338061326
2021-03-31 18:00:00,2021-04-01 15:20:00,1,1704.2,1716.09,0.23,217.01879999999704,594.169555170019,NEWS,lw,0.36524725663181795
2021-04-01 01:10:00,2021-04-01 15:20:00,1,1707.76,1716.09,0.11,90.8599999999992,585.6949465174702,NEWS,tom,0.15513195143692268
2021-04-01 16:15:00,2021-04-01 16:35:00,1,1723.46,1723.23,0.22,-6.6000000000004,586.4649465174701,NEWS,lw,-0.01125386954359734
2021-04-05 01:05:00,2021-04-05 16:35:00,1,1728.8500000000001,1723.22,0.22,-125.40000000000242,583.640307480508,NEWS,strong_close,-0.21485836120766974
2021-04-06 11:00:00,2021-04-06 16:50:00,1,1733.63,1738.36,0.23,107.17999999999519,586.8751686255581,NEWS,lw,0.1826282755343136
2021-04-07 01:05:00,2021-04-07 17:20:00,1,1743.4,1738.71,0.23,-109.48000000000127,575.1512280094466,NEWS,strong_close,-0.19034993697032165
2021-04-08 10:15:00,2021-04-08 15:20:00,1,1744.32,1747.12,0.24,65.5199999999989,580.9979600588426,NEWS,lw,0.11277148028775029
2021-04-09 01:05:00,2021-04-09 15:20:00,1,1755.96,1744.2,0.16,-189.27999999999986,582.8238200546397,NEWS,friday,-0.32476366525694655
2021-04-09 23:05:00,2021-04-09 23:55:00,1,1742.86,1743.43,0.85,42.50000000001391,594.7856719400673,TIME,fri_close,0.07145431035920509
2021-04-12 17:45:00,2021-04-12 19:50:00,-1,1731.46,1733.0700000000002,0.24,-40.320000000003056,586.6964043364512,NEWS,lw,-0.06872378917270619
2021-04-13 10:15:00,2021-04-13 15:20:00,-1,1724.93,1733.77,0.24,-213.83999999999804,575.2523754552761,NEWS,lw,-0.37173249363943456
2021-04-14 01:05:00,2021-04-14 17:20:00,1,1745.83,1735.22,0.24,-256.31999999999755,577.4829200656133,NEWS,strong_close,-0.4438572832091287
2021-04-14 18:15:00,2021-04-14 18:50:00,-1,1734.93,1735.45,0.24,-14.159999999999563,577.4829200656133,NEWS,tday,-0.024520205720353967
2021-04-15 10:15:00,2021-04-15 15:20:00,1,1747.14,1750.44,0.25,80.74999999999886,588.7200863729889,NEWS,lw,0.1371619584062212
2021-04-16 01:05:00,2021-04-16 23:00:00,1,1764.13,1775.94,0.16,187.83999999999912,584.91047699535,TIME,friday,0.32114316188166425
2021-04-16 23:05:00,2021-04-16 23:55:00,1,1775.75,1776.66,0.8,67.20000000000655,589.5935812721767,TIME,fri_close,0.11397681747994594
2021-04-15 20:00:00,2021-04-16 23:57:00,1,1767.6200000000001,1776.76,0.35000000000000003,289.6319999999956,582.2961559614882,EOD,trendH4,0.4973963798915259
2021-04-16 14:00:00,2021-04-16 23:57:00,1,1778.38,1776.76,0.24,-40.56000000000284,585.4704769953499,EOD,lw,-0.069277617905104
2021-04-16 16:00:00,2021-04-16 23:57:00,1,1780.89,1776.76,0.36,-151.20000000000394,593.1816749132419,EOD,trendH4,-0.2548966132881942
2021-04-19 12:00:00,2021-04-19 16:18:00,1,1787.16,1769.9836751129255,0.34,-586.3750461605345,584.6750461605387,SL,trendH4,-1.0029075980087732
2021-04-19 11:00:00,2021-04-20 13:32:00,1,1787.17,1768.7,0.24,-464.03520000000066,585.0168714956822,TIME,lw,-0.7931996880938255
2021-04-20 19:30:00,2021-04-21 17:20:00,1,1780.24,1793.45,0.24,296.28480000000087,583.3613806745618,NEWS,lw,0.5078923799470512
2021-04-21 01:05:00,2021-04-21 17:20:00,1,1778.53,1793.45,0.24,356.40000000000174,570.6127106263788,NEWS,strong_close,0.6245917648921117
2021-04-21 10:15:00,2021-04-21 17:20:00,1,1788.14,1793.45,0.24,125.75999999999868,570.6127106263788,NEWS,lw,0.2203946699013209
2021-04-21 20:00:00,2021-04-22 15:20:00,1,1790.95,1785.15,0.33,-272.3951999999985,587.2852347657312,NEWS,trendH4,-0.4638209576453209
2021-04-22 01:05:00,2021-04-22 15:20:00,1,1794.1399999999999,1785.15,0.25,-226.49999999999454,590.3247945046817,NEWS,strong_close,-0.38368708566619125
2021-04-23 01:05:00,2021-04-23 16:35:00,1,1784.4399999999998,1787.09,0.16,41.28000000000146,560.8838168156019,NEWS,friday,0.07359812988430867
2021-04-23 15:15:00,2021-04-23 16:35:00,1,1792.48,1787.09,0.25,-136.5000000000025,584.8373091829186,NEWS,lw,-0.23339824230897283
2021-04-23 23:05:00,2021-04-23 23:55:00,1,1776.49,1776.38,0.8200000000000001,-14.759999999991797,588.089191119628,TIME,fri_close,-0.025098233776225526
2021-04-27 01:05:00,2021-04-27 16:50:00,1,1781.55,1781.24,0.25,-9.499999999998636,574.4400778158839,NEWS,strong_close,-0.016537843313647622
2021-04-28 10:15:00,2021-04-28 17:20:00,-1,1767.01,1773.3300000000002,0.26,-166.14000000000425,576.8635608621963,NEWS,lw,-0.2880057110067531
2021-04-29 01:05:00,2021-04-29 15:20:00,1,1782.25,1778.01,0.26,-112.06000000000024,572.9133065148966,NEWS,strong_close,-0.19559678353724277
2021-04-30 01:05:00,2021-04-30 16:35:00,1,1772.83,1768.79,0.17,-69.86999999999938,583.0210470046381,NEWS,friday,-0.11984129965627731
2021-04-30 23:05:00,2021-04-30 23:55:00,1,1768.1599999999999,1768.91,0.76,51.68000000001728,584.5705011651896,TIME,fri_close,0.08840678737125224
2021-05-03 01:10:00,2021-05-03 16:35:00,1,1766.79,1787.88,0.13,273.26000000000187,569.1952489847833,NEWS,tom,0.4800813086324744
2021-05-03 10:15:00,2021-05-03 16:35:00,1,1780.32,1787.88,0.26,194.74000000000453,570.1052489847834,NEWS,lw,0.34158604985095004
2021-05-04 01:30:00,2021-05-05 01:12:00,1,1792.83,1777.79,0.26,-413.52479999999906,588.7005883430129,TIME,strong_close,-0.7024365325741008
2021-05-06 01:05:00,2021-05-06 15:20:00,1,1787.07,1794.49,0.26,191.1000000000019,589.5199970916794,NEWS,strong_close,0.32416203172541896
2021-05-06 10:15:00,2021-05-06 15:20:00,1,1795.22,1794.49,0.26,-20.800000000000473,589.5199970916794,NEWS,lw,-0.035282942228617484
2021-05-06 18:15:00,2021-05-06 23:45:00,1,1814.89,1815.32,0.26,9.359999999995743,589.5199970916794,TIME,tday,0.015877324002870286
2021-05-06 20:00:00,2021-05-07 15:20:00,1,1815.97,1817.55,0.34,24.31679999999752,592.5364306699688,NEWS,trendH4,0.041038489350778
2021-05-07 01:05:00,2021-05-07 15:20:00,1,1814.82,1817.55,0.16,42.560000000000294,566.7828546500108,NEWS,friday,0.07509048597858725
2021-05-07 08:00:00,2021-05-07 15:20:00,1,1819.3799999999999,1817.55,0.36,-68.39999999999738,591.3368150248214,NEWS,trendH4,-0.11567011940077887
2021-05-07 23:05:00,2021-05-07 23:55:00,1,1831.9099999999999,1830.81,0.58,-67.85999999999471,584.4577532836541,TIME,fri_close,-0.11610762218267691
2021-05-07 16:00:00,2021-05-07 23:57:00,1,1839.05,1831.28,0.32,-250.87999999999946,575.5059338310232,EOD,trendH4,-0.43592947570486984
2021-05-10 15:15:00,2021-05-10 23:45:00,1,1841.78,1835.84,0.24,-144.24000000000132,579.2240793178671,TIME,tday900,-0.24902279644497508
2021-05-10 16:30:00,2021-05-11 16:23:00,1,1844.71,1820.5956633617557,0.24,-599.4992793178648,579.2240793178671,SL,lw,-1.035004069623409
2021-05-12 01:05:00,2021-05-12 15:20:00,1,1837.1499999999999,1833.43,0.24,-90.9599999999952,565.1183132893852,NEWS,strong_close,-0.16095744530122225
2021-05-14 01:05:00,2021-05-14 15:20:00,1,1827.28,1837.03,0.16,154.88,569.7491578872763,NEWS,friday,0.2718389274576913
2021-05-14 11:30:00,2021-05-14 15:20:00,1,1834.67,1837.03,0.24,54.95999999999759,570.3091578872762,NEWS,lw,0.09636878391291877
2021-05-14 18:15:00,2021-05-14 23:46:00,1,1837.28,1843.71,0.24,152.64000000000152,570.3091578872762,TIME,tday,0.267644308159911
2021-05-14 23:05:00,2021-05-14 23:56:00,1,1842.72,1843.21,0.84,35.28000000000076,582.1896787222474,TIME,fri_close,0.0605988070373062
2021-05-17 01:05:00,2021-05-17 23:46:00,1,1843.84,1866.4,0.24,539.7600000000042,574.9156466096134,TIME,strong_close,0.9388507743406729
2021-05-17 18:15:00,2021-05-17 23:46:00,1,1863.3600000000001,1866.4,0.24,71.27999999999912,574.9156466096134,TIME,tday,0.12398340594894364
2021-05-17 10:15:00,2021-05-18 11:19:00,1,1854.3300000000002,1869.27,0.24,337.80479999999585,574.9156466096134,TIME,lw,0.5875728065362193
2021-05-18 01:05:00,2021-05-18 23:46:00,1,1866.98,1869.73,0.24,64.31999999999998,578.6788147089271,TIME,strong_close,0.11114974034837037
2021-05-17 08:00:00,2021-05-19 17:20:00,1,1852.93,1884.27,0.32,949.7727999999973,579.2738013970778,NEWS,trendH4,1.6395921888912626
2021-05-17 20:00:00,2021-05-19 17:20:00,1,1868.16,1884.27,0.3,433.511999999997,570.6737582557679,NEWS,trendH4,0.7596494384549973
2021-05-18 04:00:00,2021-05-19 17:20:00,1,1869.3300000000002,1884.27,0.28,394.1055999999952,502.60542903744204,NEWS,trendH4,0.7841252346890903
2021-05-19 20:00:00,2021-05-19 22:00:00,1,1882.19,1862.4424107203722,0.3,-594.5276783888354,593.0276783888398,SL,trendH4,-1.0025293929013075
2021-05-19 18:15:00,2021-05-19 23:45:00,1,1883.45,1869.86,0.25,-341.50000000000364,580.9125439892896,TIME,tday,-0.587868180044499
2021-05-20 18:15:00,2021-05-20 23:45:00,1,1879.31,1877.34,0.24,-48.960000000000655,582.8991820704526,TIME,tday,-0.08399394184444585
2021-05-21 01:05:00,2021-05-21 16:35:00,1,1878.1399999999999,1884.59,0.16,102.08000000000074,575.1606690654203,NEWS,friday,0.17748084229380762
2021-05-21 15:30:00,2021-05-21 16:35:00,1,1885.49,1884.59,0.27,-26.19000000000246,582.9299999999995,NEWS,inside,-0.04492820750347809
2021-05-21 15:45:00,2021-05-21 16:35:00,1,1887.14,1884.59,0.24,-62.880000000004365,575.7206690654202,NEWS,lw,-0.10921963267721276
2021-05-21 23:05:00,2021-05-21 23:55:00,1,1880.1,1881.67,0.67,100.50000000001097,592.9792815792138,TIME,fri_close,0.1694831558572516
2021-05-25 10:15:00,2021-05-25 16:50:00,1,1885.74,1885.58,0.26,-5.9800000000021285,593.4238732724191,NEWS,lw,-0.010077113964130881
2021-05-25 18:15:00,2021-05-25 23:45:00,1,1892.08,1899.72,0.26,196.8200000000026,593.4238732724191,TIME,tday,0.3316684900367158
2021-05-25 20:00:00,2021-05-26 17:20:00,1,1895.48,1904.84,0.31,263.3511999999969,590.67095263502,NEWS,trendH4,0.44585094090909794
2021-05-26 01:05:00,2021-05-26 17:20:00,1,1899.06,1904.84,0.25,142.74999999999932,579.1463154218027,NEWS,strong_close,0.24648348128750835
2021-05-26 08:00:00,2021-05-26 17:20:00,1,1906.67,1904.84,0.33,-62.70000000000511,597.3632022019309,NEWS,trendH4,-0.10496126940676569
2021-05-26 15:30:00,2021-05-26 17:20:00,1,1910.44,1904.84,0.25,-141.7500000000034,579.1463154218027,NEWS,lw,-0.24475680190896895
2021-05-28 01:05:00,2021-05-28 16:35:00,1,1897.7699999999998,1898.72,0.17,14.960000000004639,574.383045165359,NEWS,friday,0.02604533703758231
2021-05-28 23:05:00,2021-05-28 23:55:00,1,1904.04,1903.15,0.75,-71.99999999999045,593.7901978252914,TIME,fri_close,-0.12125494874062358
2021-05-31 01:05:00,2021-06-01 04:45:00,1,1903.99,1912.34,0.26,194.61519999999763,588.3541155907318,TIME,strong_close,0.33077902379351243
2021-06-01 01:15:00,2021-06-01 09:10:00,1,1907.4699999999998,1913.65,0.5,305.50000000001455,598.3381341026914,TIME,drift,0.5105808615360329
2021-06-01 01:10:00,2021-06-01 16:35:00,1,1907.7199999999998,1907.69,0.13,-1.2999999999966896,561.5202501913936,NEWS,tom,-0.0023151435759504414
2021-06-01 04:45:00,2021-06-01 16:35:00,1,1912.55,1907.69,0.5700000000000001,-281.0099999999943,594.5099999999943,NEWS,nr7,-0.47267497603067565
2021-06-01 10:15:00,2021-06-01 16:35:00,1,1913.07,1907.69,0.27,-147.1499999999968,584.0621828910627,NEWS,lw,-0.25194235187701364
2021-06-03 01:15:00,2021-06-03 09:12:00,1,1908.75,1898.33,0.43,-451.0700000000031,600.0576590625442,TIME,drift,-0.7517110950715954
2021-06-03 01:05:00,2021-06-03 15:05:00,1,1908.6,1891.41,0.28,-483.2799999999952,596.9452323205801,NEWS,strong_close,-0.8095885080131727
2021-06-04 01:05:00,2021-06-04 13:50:00,1,1871.54,1870.35,0.17,-21.42000000000093,585.0728686588577,NEWS,friday,-0.03661082430484472
2021-06-04 18:15:00,2021-06-04 23:45:00,1,1894.3400000000001,1891.61,0.25,-70.00000000000614,574.1841849596644,TIME,tday,-0.12191210039148594
2021-06-04 23:05:00,2021-06-04 23:55:00,1,1892.18,1891.47,0.9500000000000001,-74.10000000000346,592.9361339527866,TIME,fri_close,-0.12497130088196612
2021-06-04 16:45:00,2021-06-04 23:57:00,1,1888.99,1891.44,0.25,59.50000000000114,574.1841849596644,EOD,lw,0.10362528533275593
2021-06-07 01:05:00,2021-06-07 23:45:00,1,1890.3500000000001,1899.69,0.24,222.479999999998,581.9584734497583,TIME,strong_close,0.3822953185665835
2021-06-08 01:05:00,2021-06-08 16:50:00,1,1899.35,1892.53,0.25,-172.2499999999984,596.2098329499149,NEWS,strong_close,-0.2889083515240655
2021-06-10 10:15:00,2021-06-10 15:20:00,-1,1883.06,1875.8200000000002,0.26,186.41999999999433,590.9811236697811,NEWS,lw,0.31544154717225636
2021-06-11 01:05:00,2021-06-11 23:00:00,1,1898.31,1876.52,0.17,-371.61999999999944,592.2810233421218,TIME,friday,-0.6274386403653844
2021-06-11 23:05:00,2021-06-11 23:55:00,1,1876.96,1876.13,0.73,-65.6999999999947,589.52801072258,TIME,fri_close,-0.11144508624699055
2021-06-14 10:15:00,2021-06-15 11:17:00,-1,1859.5900000000001,1863.75,0.25,-97.14749999999637,590.8580744711192,TIME,lw,-0.16441765662076077
2021-06-15 20:00:00,2021-06-16 17:20:00,-1,1852.26,1856.8600000000001,0.24,-103.82160000000329,583.4677692428265,NEWS,lw,-0.17793887764311966
2021-06-18 01:05:00,2021-06-18 23:00:00,1,1775.5800000000002,1761.86,0.13,-179.2700000000033,559.0189886421366,TIME,friday,-0.32068678102590426
2021-06-18 23:05:00,2021-06-18 23:55:00,1,1764.3700000000001,1764.5,0.41000000000000003,2.4599999999951523,583.855369206563,TIME,fri_close,0.00421337223178781
2021-06-21 11:15:00,2021-06-22 12:17:00,1,1784.46,1779.44,0.2,-117.69599999999966,584.8180844210825,TIME,lw,-0.2012523263819862
2021-06-22 01:05:00,2021-06-22 16:50:00,1,1784.31,1776.16,0.2,-164.39999999999728,575.0596498195765,NEWS,strong_close,-0.2858833862740628
2021-06-24 15:00:00,2021-06-24 15:20:00,1,1787.7,1786.53,0.21,-26.040000000001527,577.9804329616525,NEWS,lw,-0.04505342830823689
2021-06-25 01:05:00,2021-06-25 23:00:00,1,1776.6399999999999,1779.37,0.14,37.240000000000265,559.1711163215346,TIME,friday,0.06659857584379685
2021-06-25 23:05:00,2021-06-25 23:55:00,1,1779.59,1781.07,0.9400000000000001,132.5400000000017,589.3147871337547,TIME,fri_close,0.2249052677680724
2021-06-25 10:30:00,2021-06-25 23:57:00,1,1783.49,1781.2,0.22,-51.9199999999992,586.311645670179,EOD,lw,-0.08855358815302473
2021-06-28 15:00:00,2021-06-29 16:02:00,-1,1774.53,1754.48,0.22,447.130199999999,570.8479566937376,TIME,lw,0.7832737154560514
2021-06-29 11:15:00,2021-06-29 16:50:00,-1,1769.73,1756.51,0.23,302.4500000000006,579.2209060111285,NEWS,lw,0.5221669260573784
2021-07-01 01:07:00,2021-07-01 15:20:00,1,1770.2,1777.79,0.11,82.7199999999991,276.0895883484223,NEWS,season,0.2996128919414639
2021-07-01 01:10:00,2021-07-01 15:20:00,1,1769.78,1777.79,0.11,87.3399999999999,551.4091766968446,NEWS,tom,0.15839417204334622
2021-07-01 16:15:00,2021-07-01 16:35:00,1,1779.3300000000002,1779.74,0.23,7.819999999996653,577.2782301830648,NEWS,lw,0.013546327561177558
2021-07-02 01:05:00,2021-07-02 15:20:00,1,1776.6299999999999,1784.75,0.16,128.8000000000019,588.2589062643359,NEWS,friday,0.21895121115620683
2021-07-02 01:07:00,2021-07-02 15:20:00,1,1776.6399999999999,1784.75,0.12,96.48000000000152,294.4094531321679,NEWS,season,0.32770686869449533
2021-07-02 13:45:00,2021-07-02 15:20:00,1,1787.04,1784.75,0.24,-56.63999999999912,588.8189062643359,NEWS,lw,-0.09619256344763491
2021-07-02 23:05:00,2021-07-02 23:55:00,1,1787.94,1787.46,0.6,-33.000000000001094,588.494123777943,TIME,fri_close,-0.05607532627199693
2021-07-05 01:07:00,2021-07-06 04:47:00,1,1787.6499999999999,1794.66,0.12,73.74240000000262,291.3716350512989,TIME,season,0.253087092664389
2021-07-06 01:07:00,2021-07-06 16:35:00,1,1792.38,1809.94,0.12,209.87999999999934,279.14794683334884,NEWS,season,0.7518593719956592
2021-07-06 10:15:00,2021-07-06 16:35:00,1,1805.3400000000001,1809.94,0.25,113.24999999999773,581.5582225694768,NEWS,lw,0.19473544626302336
2021-07-07 01:07:00,2021-07-07 16:50:00,1,1796.7299999999998,1806.15,0.12,112.2000000000036,280.628807773824,NEWS,season,0.3998164012100727
2021-07-07 11:15:00,2021-07-07 16:50:00,1,1807.5,1806.15,0.25,-35.499999999997726,584.6433495288001,NEWS,lw,-0.060720779649010556
2021-07-08 01:07:00,2021-07-08 15:20:00,1,1803.77,1814.7,0.13,141.18000000000083,297.3977887724777,NEWS,season,0.47471771926323797
2021-07-08 11:30:00,2021-07-08 15:20:00,1,1811.1000000000001,1814.7,0.26,91.77999999999764,594.7955775449554,NEWS,lw,0.15430511500913233
2021-07-09 01:05:00,2021-07-09 23:00:00,1,1803.19,1808.07,0.17,81.76999999999799,586.8663295498706,TIME,friday,0.13933326190772607
2021-07-09 01:07:00,2021-07-09 23:47:00,1,1803.2,1808.13,0.13,63.180000000000845,299.4900895744438,TIME,season,0.2109585665748592
2021-07-09 23:05:00,2021-07-09 23:55:00,1,1808.69,1807.88,0.8200000000000001,-72.15999999999552,594.6701275877268,TIME,fri_close,-0.12134458526227274
2021-07-12 01:07:00,2021-07-12 19:50:00,1,1808.33,1805.04,0.13,-43.679999999999524,292.7507974619836,NEWS,season,-0.14920540056145115
2021-07-13 01:07:00,2021-07-13 15:20:00,1,1806.52,1813.15,0.13,85.28000000000142,290.1885976432705,NEWS,season,0.293877845968422
2021-07-13 17:30:00,2021-07-13 19:50:00,1,1814.22,1811.55,0.26,-71.24000000000188,580.377195286541,NEWS,lw,-0.12274775883437257
2021-07-14 01:07:00,2021-07-14 15:20:00,1,1808.37,1825.04,0.13,215.80000000000095,286.61155495446553,NEWS,season,0.7529354496342112
2021-07-14 13:45:00,2021-07-14 15:20:00,1,1816.16,1825.04,0.27,237.86999999999682,595.2701525977361,NEWS,lw,0.3996000789926074
2021-07-15 01:05:00,2021-07-15 15:20:00,1,1827.75,1825.45,0.27,-63.98999999999878,601.4665702693267,NEWS,strong_close,-0.10638995276386704
2021-07-15 01:07:00,2021-07-15 15:20:00,1,1827.4599999999998,1825.45,0.13,-27.03999999999693,289.595015314861,NEWS,season,-0.09337177288979855
2021-07-16 01:05:00,2021-07-16 15:20:00,1,1829.92,1818.47,0.18,-207.36000000000078,584.6625295358031,NEWS,friday,-0.35466613563321003
2021-07-16 01:07:00,2021-07-16 15:20:00,1,1829.6000000000001,1818.47,0.13,-145.60000000000142,281.80751422094227,NEWS,season,-0.5166647184781892
2021-07-16 23:05:00,2021-07-16 23:55:00,1,1811.57,1811.46,0.64,-11.519999999993598,593.2079681817767,TIME,fri_close,-0.01941983354556614
2021-07-19 01:07:00,2021-07-19 23:47:00,1,1811.62,1811.99,0.13,3.900000000001537,283.72269177658933,TIME,season,0.013745816295414605
2021-07-20 01:05:00,2021-07-20 23:45:00,1,1812.87,1810.07,0.27,-77.48999999999877,590.3794769977079,TIME,strong_close,-0.1312545625638332
2021-07-20 01:07:00,2021-07-20 23:47:00,1,1812.25,1809.96,0.13,-30.67999999999953,284.2567852211186,TIME,season,-0.10793058106294304
2021-07-20 15:45:00,2021-07-21 14:56:00,1,1822.52,1800.6740934445293,0.27,-613.1890769977094,590.3794769977079,SL,lw,-1.038635489356772
2021-07-21 01:07:00,2021-07-21 17:20:00,1,1810.73,1804.48,0.13,-82.16,282.48701484818145,NEWS,season,-0.29084522714842553
2021-07-22 01:07:00,2021-07-22 15:20:00,1,1804.08,1796.25,0.13,-102.69999999999905,280.07294235902555,NEWS,season,-0.36669018840223383
2021-07-23 01:15:00,2021-07-23 09:10:00,1,1807.33,1803.47,0.4,-157.199999999996,590.9893751034014,TIME,drift,-0.26599462972154414
2021-07-23 01:05:00,2021-07-23 16:35:00,1,1807.32,1799.89,0.18,-134.99999999999704,569.2106745495493,NEWS,friday,-0.2371705346299605
2021-07-23 01:07:00,2021-07-23 16:35:00,1,1807.29,1799.89,0.14,-104.5799999999981,295.4729423590255,NEWS,season,-0.3539410382725476
2021-07-23 23:05:00,2021-07-23 23:55:00,1,1802.02,1801.89,0.85,-16.99999999998995,591.2755756997034,TIME,fri_close,-0.028751399006922446
2021-07-26 01:07:00,2021-07-26 16:50:00,1,1802.46,1803.1,0.14,7.979999999998217,294.8177321905238,NEWS,season,0.027067571345543082
2021-07-26 10:45:00,2021-07-26 16:50:00,1,1811.21,1803.1,0.28,-229.0400000000036,589.6354643810477,NEWS,lw,-0.3884433922922726
2021-07-27 01:15:00,2021-07-27 09:10:00,1,1798.14,1797.01,0.43,-51.60000000000469,581.011752890196,TIME,drift,-0.08881059590158832
2021-07-27 01:07:00,2021-07-27 15:20:00,1,1798.1100000000001,1803.38,0.14,72.79999999999976,288.90932274834375,NEWS,season,0.251982176647905
2021-07-28 01:15:00,2021-07-28 09:10:00,1,1800.33,1806.11,0.39,222.68999999999895,585.0612009406794,TIME,drift,0.38062684663066204
2021-07-28 01:07:00,2021-07-28 17:20:00,1,1800.52,1797.23,0.14,-47.039999999999495,279.9729425520336,NEWS,season,-0.16801623603772714
2021-07-28 10:15:00,2021-07-28 17:20:00,1,1804.89,1797.23,0.29,-224.17000000000235,579.9439524292125,NEWS,lw,-0.3865373525510888
2021-07-29 01:15:00,2021-07-29 09:10:00,1,1807.8,1816.95,0.33,299.640000000003,589.4456128663818,TIME,drift,0.5083420649157104
2021-07-29 01:05:00,2021-07-29 15:20:00,1,1807.6299999999999,1826.62,0.29,548.6800000000003,574.2722415414117,NEWS,strong_close,0.9554353498390955
2021-07-29 01:07:00,2021-07-29 15:20:00,1,1807.6299999999999,1826.62,0.14,264.88000000000017,277.23487522688845,NEWS,season,0.9554353498390955
2021-07-29 10:15:00,2021-07-29 15:20:00,1,1819.19,1826.62,0.3,220.7999999999951,594.0747326290466,NEWS,lw,0.3716704109310562
2021-07-30 01:15:00,2021-07-30 09:10:00,1,1829.43,1827.64,0.44,-81.8399999999984,596.028962658374,TIME,drift,-0.13730876371339465
2021-07-30 01:05:00,2021-07-30 16:35:00,1,1829.1399999999999,1825.04,0.19,-79.22999999999827,576.6073534263375,NEWS,friday,-0.13740719664637444
2021-07-30 01:07:00,2021-07-30 16:35:00,1,1829.1299999999999,1825.04,0.14,-58.23999999999885,283.57238413925353,NEWS,season,-0.2053796605645457
2021-07-30 20:00:00,2021-07-30 23:57:00,-1,1814.29,1814.27,0.29,-1.4500000000005273,587.3999385741679,EOD,lw,-0.002468505535632506
2021-08-02 01:07:00,2021-08-02 16:35:00,1,1814.68,1812.41,0.14,-32.75999999999975,284.4672138435925,NEWS,season,-0.11516265638265101
2021-08-02 01:10:00,2021-08-02 16:35:00,1,1814.76,1812.41,0.14,-33.879999999998724,567.954427687185,NEWS,tom,-0.05965267343361389
2021-08-03 01:15:00,2021-08-03 09:10:00,1,1813.5,1810.73,0.39,-110.7599999999993,597.1747246896615,TIME,drift,-0.18547335548663554
2021-08-03 01:07:00,2021-08-03 23:47:00,1,1813.71,1810.16,0.15,-54.299999999999315,297.8337076505129,TIME,season,-0.18231650281746006
2021-08-04 01:15:00,2021-08-04 09:10:00,1,1810.58,1812.72,0.52,107.6400000000052,589.5350233953947,TIME,drift,0.1825845721261114
2021-08-04 01:07:00,2021-08-04 15:05:00,1,1810.6799999999998,1819.59,0.15,132.60000000000122,285.0884428183335,NEWS,season,0.46511881958153506
2021-08-04 10:45:00,2021-08-04 15:05:00,1,1814.44,1819.59,0.31,157.47999999999578,589.182781824556,NEWS,lw,0.26728547550612136
2021-08-05 01:15:00,2021-08-05 09:10:00,1,1812.07,1809.68,0.38,-93.47999999999516,591.6554558389652,TIME,drift,-0.1579973599118441
2021-08-05 01:07:00,2021-08-05 15:20:00,1,1812.17,1811.26,0.15,-14.700000000001229,291.83212547416684,NEWS,season,-0.05037142492834457
2021-08-05 16:45:00,2021-08-06 15:20:00,-1,1800.72,1800.5900000000001,0.3,12.122999999996452,583.6642509483337,NEWS,lw,0.02077050287095549
2021-08-06 13:45:00,2021-08-06 15:20:00,-1,1797.42,1800.5900000000001,0.31,-100.44000000000226,597.9483169813772,NEWS,lw,-0.1679743836508372
2021-08-06 18:15:00,2021-08-06 23:45:00,-1,1764.16,1762.1000000000001,0.31,61.68999999999831,597.9483169813772,TIME,tday,0.10316945168677448
2021-08-09 01:07:00,2021-08-09 01:48:00,1,1762.31,1741.1169628553964,0.14,-297.6825200244494,296.98252002444866,SL,season,-1.0023570410808795
2021-08-09 12:30:00,2021-08-09 16:50:00,-1,1740.98,1740.3400000000001,0.28,15.959999999996434,593.9650400488973,NEWS,lw,0.026870268321991728
2021-08-10 01:07:00,2021-08-10 23:47:00,1,1729.1,1728.55,0.11,-6.819999999999499,285.48102226273545,TIME,season,-0.023889503918487723
2021-08-11 01:07:00,2021-08-11 15:20:00,1,1729.78,1738.37,0.11,93.7199999999991,281.3066635296829,NEWS,season,0.33315954490395483
2021-08-11 14:00:00,2021-08-11 15:20:00,1,1737.53,1738.37,0.23,17.70999999999812,588.1866601075188,NEWS,lw,0.03010948938685686
2021-08-12 01:05:00,2021-08-12 15:20:00,1,1751.62,1750.79,0.23,-20.699999999998326,596.231184385553,NEWS,strong_close,-0.0347180767160489
2021-08-12 01:07:00,2021-08-12 15:20:00,1,1752.04,1750.79,0.11,-14.520000000000001,285.154044706134,NEWS,season,-0.05091984585020918
2021-08-13 01:05:00,2021-08-13 23:00:00,1,1753.3600000000001,1778.72,0.15,379.3499999999985,567.8575199775596,TIME,friday,0.6680372921978553
2021-08-13 01:07:00,2021-08-13 23:47:00,1,1753.48,1778.92,0.11,279.0700000000006,277.87589865569583,TIME,season,1.0042972469007985
2021-08-13 23:05:00,2021-08-13 23:55:00,1,1778.71,1779.73,0.9,85.49999999999837,594.7478770310314,TIME,fri_close,0.14375839461052392
2021-08-13 10:15:00,2021-08-13 23:57:00,1,1759.5,1779.32,0.23,454.2499999999986,581.0132426437276,EOD,lw,0.7818238323330968
2021-08-16 01:05:00,2021-08-16 23:45:00,1,1779.34,1787.36,0.23,182.84999999999957,586.0051538834614,TIME,strong_close,0.31202797243036345
2021-08-16 01:07:00,2021-08-16 23:47:00,1,1778.97,1787.21,0.11,89.8700000000001,280.2633344660033,TIME,season,0.32066270877434944
2021-08-17 01:05:00,2021-08-17 15:20:00,1,1787.49,1792.42,0.24,116.6400000000015,599.5890932038509,NEWS,strong_close,0.19453322504041237
2021-08-17 01:07:00,2021-08-17 15:20:00,1,1787.33,1792.42,0.12,60.24000000000174,299.79454660192545,NEWS,season,0.20093761104997648
2021-08-17 10:30:00,2021-08-17 15:20:00,1,1794.98,1792.42,0.24,-63.11999999999868,599.5890932038509,NEWS,lw,-0.10527209503215375
2021-08-18 01:07:00,2021-08-18 17:20:00,1,1786.23,1783.81,0.12,-29.88000000000087,291.2977932732165,NEWS,season,-0.1025754423480152
2021-08-18 10:15:00,2021-08-18 17:20:00,1,1792.82,1783.81,0.24,-217.91999999999976,582.595586546433,NEWS,lw,-0.37405020743773093
2021-08-18 18:15:00,2021-08-19 15:20:00,-1,1779.72,1784.16,0.38,-132.15260000000208,600.020000000001,NEWS,nr7,-0.2202469917669442
2021-08-19 10:30:00,2021-08-19 15:20:00,-1,1779.8500000000001,1784.16,0.25,-109.49999999999864,592.9868024630678,NEWS,lw,-0.18465840984179152
2021-08-20 01:05:00,2021-08-20 23:00:00,1,1780.26,1782.4,0.17,35.19000000000171,593.7975000471625,TIME,friday,0.05926262740615569
2021-08-20 01:07:00,2021-08-20 23:47:00,1,1780.2,1781.19,0.12,11.04000000000011,279.7141176692529,TIME,season,0.03946886947284628
2021-08-20 23:05:00,2021-08-20 23:55:00,1,1782.1200000000001,1780.96,0.99,-121.77000000000811,597.7392493646549,TIME,fri_close,-0.2037175911226159
2021-08-20 10:30:00,2021-08-20 23:57:00,1,1787.66,1780.89,0.25,-170.99999999999955,582.7377451442769,EOD,lw,-0.2934424643415926
2021-08-23 01:07:00,2021-08-23 16:35:00,1,1781.81,1805.16,0.13,302.64000000000175,290.785511226808,NEWS,season,1.0407671232420772
2021-08-23 10:15:00,2021-08-23 16:35:00,1,1786.28,1805.16,0.26,489.0600000000029,581.571022453616,NEWS,lw,0.8409291060216271
2021-08-24 01:05:00,2021-08-24 16:50:00,1,1805.78,1806.31,0.26,11.95999999999929,595.9116637069292,NEWS,strong_close,0.02007008878732276
2021-08-24 01:07:00,2021-08-24 16:50:00,1,1805.7,1806.31,0.13,7.019999999998699,297.9558318534646,NEWS,season,0.02356053901120201
2021-08-25 01:07:00,2021-08-25 15:20:00,1,1802.8899999999999,1792.86,0.13,-131.29999999999964,284.96541529250294,NEWS,season,-0.4607576672601714
2021-08-26 01:07:00,2021-08-26 15:20:00,1,1791.04,1789.17,0.13,-25.21999999999858,284.9278856287526,NEWS,season,-0.08851362492774412
2021-08-27 01:05:00,2021-08-27 16:50:00,1,1792.53,1792.36,0.18,-4.3200000000013095,584.0509222840229,NEWS,friday,-0.007396615320984804
2021-08-27 01:07:00,2021-08-27 16:50:00,1,1793.1200000000001,1792.36,0.13,-10.790000000002838,281.51303665527035,NEWS,season,-0.038328597951276556
2021-08-27 10:15:00,2021-08-27 16:50:00,1,1803.91,1792.36,0.27,-313.7400000000049,584.680922284023,NEWS,lw,-0.5366003713177391
2021-08-27 23:05:00,2021-08-27 23:55:00,1,1818.66,1817.81,0.65,-59.800000000008865,594.7842471658163,TIME,fri_close,-0.10054065870937161
2021-08-30 01:05:00,2021-08-30 23:45:00,1,1818.09,1810.01,0.26,-211.89999999999813,587.5313537883592,TIME,strong_close,-0.3606616032211429
2021-08-30 01:07:00,2021-08-30 23:47:00,1,1818.32,1810.01,0.13,-108.93999999999929,293.7656768941796,TIME,season,-0.37083978343474655
2021-08-31 01:07:00,2021-08-31 16:35:00,1,1809.92,1810.59,0.13,7.79999999999799,287.1381285445952,NEWS,season,0.027164626444887405
2021-08-31 10:15:00,2021-08-31 16:35:00,1,1816.31,1810.59,0.27,-156.33000000000075,596.3638054387746,NEWS,lw,-0.26213864519323227
2021-09-01 01:10:00,2021-09-01 15:05:00,1,1814.74,1812.86,0.13,-25.35000000000142,565.1250958685343,NEWS,tom,-0.04485732483892136
2021-09-02 01:15:00,2021-09-02 09:10:00,1,1814.09,1814.56,0.42,16.800000000001145,596.3304546779905,TIME,drift,0.028172299214657574
2021-09-02 17:15:00,2021-09-03 15:20:00,-1,1805.8500000000001,1814.8300000000002,0.28,-243.76520000000056,588.8750958685342,NEWS,lw,-0.4139506012569105
2021-09-03 23:05:00,2021-09-03 23:55:00,1,1828.82,1827.6,0.84,-108.36000000000227,595.5573894146024,TIME,fri_close,-0.18194720093476419
2021-09-07 01:15:00,2021-09-07 09:10:00,1,1822.92,1816.87,0.61,-373.3200000000111,598.2982357709058,TIME,drift,-0.623969748998155
2021-09-07 10:15:00,2021-09-08 11:17:00,-1,1819.07,1799.51,0.29,575.1888999999984,577.1495005085374,TIME,lw,0.996602959013546
2021-09-09 01:15:00,2021-09-09 09:10:00,1,1790.08,1788.09,0.37,-76.22000000000034,591.1456103540692,TIME,drift,-0.12893608387677624
2021-09-09 14:30:00,2021-09-09 15:20:00,1,1799.8700000000001,1799.88,0.28,-1.6800000000002548,585.206924068684,NEWS,lw,-0.0028707794301543127
2021-09-10 01:15:00,2021-09-10 09:10:00,1,1794.3999999999999,1802.49,0.34,272.68000000000495,589.0361286256381,TIME,drift,0.46292576422473863
2021-09-10 01:05:00,2021-09-10 15:20:00,1,1794.24,1799.1,0.19,91.0099999999981,587.5204728761411,NEWS,friday,0.15490524024544844
2021-09-10 10:15:00,2021-09-10 15:20:00,1,1802.46,1799.1,0.29,-99.4700000000037,598.5045162599329,NEWS,lw,-0.16619757628830237
2021-09-10 23:05:00,2021-09-10 23:55:00,1,1788.6,1787.78,0.74,-65.8599999999953,600.1901633005174,TIME,fri_close,-0.10973188836988479
2021-09-14 01:15:00,2021-09-14 09:10:00,1,1793.5,1792.32,0.45,-56.25000000000286,592.4915199408566,TIME,drift,-0.09493806764629782
2021-09-13 17:15:00,2021-09-14 15:20:00,1,1796.55,1785.71,0.29,-339.4391999999976,591.382765098509,NEWS,lw,-0.5739754690745101
2021-09-15 01:15:00,2021-09-15 09:10:00,1,1804.22,1802.46,0.34,-62.21999999999969,597.0246424443905,TIME,drift,-0.10421680375746825
2021-09-15 01:05:00,2021-09-15 17:20:00,1,1804.14,1797.21,0.29,-203.00000000000182,596.1148331716736,NEWS,strong_close,-0.3405384142513702
2021-09-15 18:30:00,2021-09-16 15:20:00,-1,1792.5800000000002,1769.02,0.29,711.146700000005,596.1148331716736,NEWS,lw,1.1929693079709085
2021-09-16 07:15:00,2021-09-16 15:20:00,-1,1790.49,1769.02,0.36,770.400000000001,590.7600000000052,NEWS,inside,1.3040828762949324
2021-09-16 10:15:00,2021-09-16 15:20:00,-1,1783.63,1769.02,0.29,421.6600000000037,587.2166308022685,NEWS,lw,0.7180654938602853
2021-09-16 18:15:00,2021-09-16 23:45:00,-1,1756.92,1752.05,0.29,139.2000000000034,587.2166308022685,TIME,tday,0.2370505069139906
2021-09-17 01:05:00,2021-09-17 23:00:00,1,1753.86,1751.49,0.18,-43.91999999999803,605.3561512600893,TIME,friday,-0.07255233123273898
2021-09-17 23:05:00,2021-09-17 23:55:00,1,1752.28,1753.93,0.68,107.44000000000618,598.823441250316,TIME,fri_close,0.17941849399829166
2021-09-20 05:30:00,2021-09-21 06:37:00,-1,1744.57,1763.26,0.26,-478.8134000000014,594.6200000000048,TIME,inside,-0.8052426759947489
2021-09-21 17:45:00,2021-09-22 16:50:00,1,1777.6000000000001,1775.19,0.26,-85.14480000000212,585.8084445647834,NEWS,lw,-0.1453458050835355
2021-09-23 16:15:00,2021-09-23 16:35:00,-1,1758.56,1755.1200000000001,0.26,87.61999999999551,589.6779955686148,NEWS,lw,0.1485895703391565
2021-09-23 18:15:00,2021-09-23 23:45:00,-1,1748.22,1739.01,0.26,237.64000000000095,589.6779955686148,TIME,tday,0.40299960620177017
2021-09-24 01:05:00,2021-09-24 16:50:00,1,1744.9599999999998,1742.67,0.16,-37.75999999999578,571.5982819159553,NEWS,friday,-0.06606038050609081
2021-09-24 23:05:00,2021-09-24 23:56:00,1,1746.71,1749.91,0.88,275.440000000004,600.3076422371597,TIME,fri_close,0.4588314067992285
2021-09-27 10:15:00,2021-09-27 15:20:00,1,1758.65,1749.0,0.26,-252.7200000000024,607.6182716892642,NEWS,lw,-0.415919026426584
2021-09-28 09:30:00,2021-09-28 16:50:00,-1,1743.24,1731.15,0.34,408.6799999999972,596.7000000000006,NEWS,nr7,0.6849002849002795
2021-09-28 10:15:00,2021-09-28 16:50:00,-1,1740.6100000000001,1731.15,0.26,244.14000000000095,594.0612522828882,NEWS,lw,0.41096772270840354
2021-09-28 15:15:00,2021-09-28 16:50:00,-1,1735.26,1731.15,0.26,105.0399999999974,594.0612522828882,NEWS,tday900,0.17681678378508017
2021-09-29 13:45:00,2021-09-29 17:20:00,1,1745.48,1727.98,0.26,-456.82,604.0740199769677,NEWS,lw,-0.756231827380058
2021-09-30 16:00:00,2021-09-30 16:35:00,1,1737.3,1742.13,0.26,123.76000000000403,605.478732835756,NEWS,lw,0.20440024279692667
2021-10-01 01:05:00,2021-10-01 16:35:00,1,1755.99,1757.95,0.16,30.24000000000058,590.5417710020765,NEWS,friday,0.05120721595813118
2021-10-01 01:10:00,2021-10-01 16:35:00,1,1756.24,1757.95,0.12,19.680000000000437,590.2617710020764,NEWS,tom,0.0333411394178384
2021-10-01 23:05:00,2021-10-01 23:55:00,1,1760.17,1760.13,0.77,-8.4699999999972,602.4997739351746,TIME,fri_close,-0.014058096561059491
2021-10-04 10:45:00,2021-10-05 11:48:00,-1,1754.1100000000001,1755.92,0.25,-38.39749999999864,597.8216534990323,TIME,lw,-0.06422902177473702
2021-10-05 10:15:00,2021-10-05 16:35:00,-1,1756.31,1754.42,0.25,45.49999999999682,596.1558211062439,NEWS,lw,0.07632232780276423
2021-10-06 10:15:00,2021-10-06 15:05:00,-1,1748.31,1755.8400000000001,0.25,-190.000000000005,592.0554053129408,NEWS,lw,-0.3209159114079489
2021-10-07 01:05:00,2021-10-07 15:20:00,1,1763.18,1761.95,0.26,-33.80000000000047,607.6363628450687,NEWS,strong_close,-0.055625374099967394
2021-10-08 01:05:00,2021-10-08 15:20:00,1,1756.17,1763.8,0.17,128.519999999998,580.3281161624735,NEWS,friday,0.2214609225723202
2021-10-08 14:30:00,2021-10-08 15:20:00,1,1762.57,1763.8,0.26,30.160000000000473,592.3137654989927,NEWS,lw,0.05091895842500349
2021-10-08 23:05:00,2021-10-08 23:55:00,1,1756.3,1757.06,0.74,51.05999999999933,604.8546807157851,TIME,fri_close,0.08441697093188552
2021-10-12 10:15:00,2021-10-12 16:50:00,1,1758.75,1766.29,0.27,201.68999999999903,601.7472747197614,NEWS,lw,0.33517393177048904
2021-10-13 11:15:00,2021-10-13 15:20:00,1,1767.94,1775.91,0.27,213.30000000000075,594.8874693826353,NEWS,lw,0.3585552074602614
2021-10-14 01:05:00,2021-10-14 15:20:00,1,1793.31,1793.94,0.26,14.560000000002841,603.2135572786527,NEWS,strong_close,0.024137388532328514
2021-10-15 01:05:00,2021-10-15 15:20:00,1,1796.3999999999999,1773.2,0.18,-418.8599999999967,607.9823588044148,NEWS,friday,-0.6889344632033018
2021-10-15 23:05:00,2021-10-15 23:55:00,1,1768.24,1767.38,0.87,-80.9099999999913,602.787111040079,TIME,fri_close,-0.13422649309867482
2021-10-19 10:15:00,2021-10-20 11:17:00,1,1778.8600000000001,1776.45,0.27,-88.41960000000222,604.429788969113,TIME,lw,-0.1462859733482139
2021-10-20 11:45:00,2021-10-20 17:20:00,1,1779.0800000000002,1778.68,0.27,-12.690000000002456,604.3983754713191,NEWS,lw,-0.020996085553847823
2021-10-22 01:05:00,2021-10-22 16:35:00,1,1783.54,1806.08,0.18,404.45999999999935,586.9142625237396,NEWS,friday,0.689129615390186
2021-10-22 10:15:00,2021-10-22 16:35:00,1,1791.96,1806.08,0.27,379.3499999999971,587.5442625237398,NEWS,lw,0.6456534838252623
2021-10-22 23:05:00,2021-10-22 23:55:00,1,1794.22,1792.63,0.52,-86.31999999999574,610.7722520685625,TIME,fri_close,-0.14132927569588716
2021-10-25 16:45:00,2021-10-26 16:50:00,1,1805.8700000000001,1792.21,0.27,-392.1696000000022,605.6518152006154,NEWS,lw,-0.6475165931271921
2021-10-26 01:05:00,2021-10-26 16:50:00,1,1807.62,1792.21,0.27,-417.9599999999961,596.835256972,NEWS,strong_close,-0.7002937496026719
2021-10-28 01:05:00,2021-10-28 15:20:00,1,1796.98,1805.02,0.27,215.18999999999906,593.2928491238164,NEWS,strong_close,0.3627045232683907
2021-10-29 01:05:00,2021-10-29 16:35:00,1,1799.67,1776.79,0.18,-413.10000000000196,585.3462170435434,NEWS,friday,-0.7057361745438115
2021-10-29 23:05:00,2021-10-29 23:55:00,1,1783.44,1782.94,0.64,-36.480000000000004,605.0066460194346,TIME,fri_close,-0.060296858290756955
2021-11-01 01:10:00,2021-11-01 16:35:00,1,1782.39,1786.0,0.13,46.0199999999987,578.1781517479302,NEWS,tom,0.07959484435873695
2021-11-01 18:15:00,2021-11-01 23:45:00,1,1792.3,1793.24,0.27,23.490000000001473,601.3607729690044,TIME,tday,0.039061410480813324
2021-11-02 01:05:00,2021-11-02 23:46:00,1,1792.97,1787.68,0.27,-144.71999999999903,590.7100034712187,TIME,strong_close,-0.24499331169198707
2021-11-03 01:15:00,2021-11-03 09:11:00,1,1788.32,1780.77,0.47000000000000003,-358.1399999999979,593.4818209994512,TIME,drift,-0.6034557206771276
2021-11-03 10:15:00,2021-11-03 15:05:00,-1,1780.8600000000001,1785.3500000000001,0.28,-127.68000000000028,588.931855194507,NEWS,lw,-0.21679927630647744
2021-11-04 14:45:00,2021-11-04 15:20:00,1,1781.8600000000001,1782.43,0.27,13.499999999998282,584.3236764624285,NEWS,lw,0.02310363338642897
2021-11-05 01:05:00,2021-11-05 15:20:00,1,1791.3400000000001,1794.01,0.18,46.79999999999722,599.2926995722546,NEWS,friday,0.07809205757620731
2021-11-05 18:15:00,2021-11-05 23:45:00,1,1804.72,1818.09,0.27,359.09999999999707,599.9226995722547,TIME,tday,0.5985771171119806
2021-11-05 23:05:00,2021-11-05 23:55:00,1,1816.86,1817.81,0.59,51.92000000000267,596.9892954478883,TIME,fri_close,0.08696973362152156
2021-11-05 20:00:00,2021-11-05 23:57:00,1,1814.18,1817.86,0.33,119.1299999999946,585.988889574966,EOD,trendH4,0.2032973698296616
2021-11-08 01:05:00,2021-11-08 17:20:00,1,1815.9999999999998,1820.85,0.26,124.28000000000355,598.5045303053492,NEWS,strong_close,0.20765089269516057
2021-11-08 08:00:00,2021-11-08 17:20:00,1,1821.16,1820.85,0.35000000000000003,-13.300000000006051,594.9815936583882,NEWS,trendH4,-0.022353632686732013
2021-11-08 16:00:00,2021-11-08 17:20:00,1,1821.96,1820.85,0.35000000000000003,-41.30000000000446,599.9122632766957,NEWS,trendH4,-0.06884340015725897
2021-11-09 01:05:00,2021-11-09 15:20:00,1,1824.51,1824.23,0.27,-9.449999999999264,604.4186542230158,NEWS,strong_close,-0.01563485827906371
2021-11-10 01:15:00,2021-11-10 09:10:00,1,1832.07,1825.08,0.4,-282.4000000000004,601.7680438525043,TIME,drift,-0.4692838094094902
2021-11-10 01:05:00,2021-11-10 15:20:00,1,1831.8600000000001,1826.25,0.27,-153.36000000000345,587.6480360642291,NEWS,strong_close,-0.26097253898291156
2021-11-10 16:00:00,2021-11-10 17:20:00,1,1849.8,1859.55,0.35000000000000003,338.80000000000007,601.8476710327789,NEWS,trendH4,0.5629331412359121
2021-11-11 18:15:00,2021-11-11 23:45:00,1,1860.6000000000001,1861.87,0.25,29.99999999999386,587.8422267748002,TIME,tday,0.051034101725881506
2021-11-12 01:05:00,2021-11-12 16:50:00,1,1862.07,1857.97,0.17,-70.88999999999847,598.3598519309897,NEWS,friday,-0.11847385778177907
2021-11-12 23:05:00,2021-11-12 23:55:00,1,1864.88,1864.31,0.71,-45.440000000011615,599.3073448759937,TIME,fri_close,-0.07582086284861714
2021-11-15 01:05:00,2021-11-15 23:45:00,1,1867.01,1862.96,0.25,-102.99999999999886,587.1955934945981,TIME,strong_close,-0.17541003566973531
2021-11-16 11:00:00,2021-11-16 15:20:00,1,1872.23,1875.11,0.26,73.05999999999693,593.5646017176406,NEWS,lw,0.1230868548909048
2021-11-16 12:00:00,2021-11-16 15:20:00,1,1873.44,1875.11,0.35000000000000003,55.99999999999459,594.7325785336177,NEWS,trendH4,0.09415996705287123
2021-11-17 13:30:00,2021-11-17 17:20:00,1,1861.28,1866.52,0.26,134.42000000000024,602.2757015949516,NEWS,lw,0.22318682232078776
2021-11-17 15:15:00,2021-11-17 17:20:00,1,1862.49,1866.52,0.26,102.9599999999993,602.2757015949516,NEWS,tday900,0.17095160858613384
2021-11-17 18:15:00,2021-11-17 23:45:00,1,1863.8,1866.93,0.26,79.56000000000284,602.2757015949516,TIME,tday,0.13209897027110903
2021-11-18 01:05:00,2021-11-18 15:20:00,1,1866.36,1864.08,0.26,-61.09999999999929,593.7617229095979,NEWS,strong_close,-0.1029032314521594
2021-11-19 01:05:00,2021-11-19 23:00:00,1,1859.55,1846.93,0.18,-228.41999999999803,602.6866613771124,TIME,friday,-0.3790029125218541
2021-11-19 23:05:00,2021-11-19 23:55:00,1,1847.6699999999998,1845.7,0.5700000000000001,-116.2799999999886,595.9632038064331,TIME,fri_close,-0.1951127171229786
2021-11-22 16:15:00,2021-11-22 16:50:00,-1,1828.7,1822.91,0.27,154.43999999999906,604.2133284216045,NEWS,lw,0.2556050863747825
2021-11-23 15:30:00,2021-11-23 16:35:00,-1,1787.95,1792.6200000000001,0.25,-118.50000000000182,603.263443748734,NEWS,lw,-0.19643159423622958
2021-11-26 10:15:00,2021-11-26 18:43:00,1,1806.44,1783.4124156572018,0.26,-600.537192912755,599.2371929127571,SL,lw,-1.002169424754293
2021-11-26 01:05:00,2021-11-26 20:30:00,1,1790.65,1787.78,0.17,-49.980000000002015,587.118400741358,EOD,friday,-0.085127633432868
2021-11-30 10:15:00,2021-11-30 16:35:00,1,1794.75,1794.88,0.25,1.5000000000027285,596.6787951445052,NEWS,lw,0.0025139153799481925
2021-12-01 01:12:00,2021-12-01 15:05:00,1,1776.77,1785.95,0.12,109.32000000000076,597.862240243102,NEWS,tom,0.18285148758608538
2021-12-02 10:30:00,2021-12-02 15:20:00,-1,1769.8,1778.71,0.24,-215.52000000000194,594.2520802257375,NEWS,lw,-0.362674371990642
2021-12-03 01:05:00,2021-12-03 15:20:00,1,1769.98,1770.99,0.16,15.039999999999853,588.2912173524705,NEWS,friday,0.025565569494111186
2021-12-03 23:05:00,2021-12-03 23:55:00,1,1782.91,1783.84,0.58,49.8799999999905,600.6159568359703,TIME,fri_close,0.08304807661580801
2021-12-03 18:30:00,2021-12-03 23:57:00,1,1776.98,1783.38,0.24,151.92000000000218,588.8512173524705,EOD,lw,0.2579938624956038
2021-12-06 01:05:00,2021-12-06 23:45:00,1,1782.35,1778.32,0.24,-98.39999999999935,581.1618446844369,TIME,strong_close,-0.1693160019020678
2021-12-07 15:45:00,2021-12-07 18:52:00,-1,1774.06,1787.7,0.44,-603.2400000000044,601.0400000000064,SL,nr7,-1.0036603221083422
2021-12-08 12:00:00,2021-12-08 16:50:00,1,1789.86,1782.12,0.26,-203.06000000000026,592.9032027090597,NEWS,lw,-0.3424842353223765
2021-12-09 14:30:00,2021-12-09 15:20:00,-1,1775.64,1776.18,0.27,-16.46999999999902,597.8795168980218,NEWS,lw,-0.02754735617211025
2021-12-10 01:05:00,2021-12-10 15:20:00,1,1776.21,1777.45,0.18,21.060000000000162,583.6652656910207,NEWS,friday,0.03608232532917052
2021-12-10 23:05:00,2021-12-10 23:55:00,1,1782.48,1782.83,1.01,28.279999999990814,597.5962152074032,TIME,fri_close,0.04732292353989539
2021-12-10 16:00:00,2021-12-10 23:57:00,1,1784.26,1782.8,0.27,-41.31000000000099,584.2952656910207,EOD,lw,-0.07070055573896433
2021-12-14 01:15:00,2021-12-14 09:10:00,1,1786.4799999999998,1787.34,0.48,37.92000000000611,589.2817926681665,TIME,drift,0.06434951914653748
2021-12-15 01:15:00,2021-12-15 09:11:00,1,1772.04,1768.1,0.42,-168.4200000000023,585.523706631223,TIME,drift,-0.2876399334349707
2021-12-16 01:15:00,2021-12-16 09:10:00,1,1779.55,1785.24,0.3,168.60000000000164,593.6381085383942,TIME,drift,0.2840114163410337
2021-12-16 01:05:00,2021-12-16 15:20:00,1,1778.74,1789.15,0.27,279.1800000000023,577.8576591368503,NEWS,strong_close,0.4831293582177577
2021-12-16 13:15:00,2021-12-16 15:20:00,1,1788.24,1789.15,0.27,22.680000000002213,577.8576591368503,NEWS,lw,0.039248419816533146
2021-12-17 01:15:00,2021-12-17 09:10:00,1,1798.83,1808.01,0.41000000000000003,373.51000000000266,598.8882791073951,TIME,drift,0.6236722491158043
2021-12-17 01:05:00,2021-12-17 23:00:00,1,1798.74,1796.12,0.18,-48.420000000002126,582.5656834842179,TIME,friday,-0.08311509134971878
2021-12-17 23:05:00,2021-12-17 23:55:00,1,1797.29,1798.05,0.74,51.05999999999933,598.6483145586367,TIME,fri_close,0.08529214692209423
2021-12-17 10:30:00,2021-12-17 23:57:00,1,1809.7,1797.42,0.27,-333.44999999999925,583.195683484218,EOD,lw,-0.5717634911284847
2021-12-20 17:00:00,2021-12-21 18:02:00,-1,1791.73,1786.3600000000001,0.28,158.03479999999698,598.6158433551731,TIME,lw,0.26400036309468533
2021-12-22 01:15:00,2021-12-22 09:11:00,1,1789.79,1787.99,0.47000000000000003,-87.88999999999787,600.6425372324813,TIME,drift,-0.146326632817182
2021-12-22 18:00:00,2021-12-23 15:20:00,1,1795.88,1805.85,0.29,217.95239999999416,597.5530190021326,NEWS,lw,0.36474152597196785
2021-12-23 01:27:00,2021-12-23 15:20:00,1,1804.53,1805.85,0.29,36.249999999998145,594.6835176448377,NEWS,strong_close,0.06095679285607458
2021-12-27 01:05:00,2021-12-27 23:48:00,1,1806.31,1811.65,0.3,158.10000000000437,596.8119997080956,TIME,strong_close,0.264907542203126
2021-12-28 01:15:00,2021-12-28 09:10:00,1,1812.17,1814.74,0.54,134.99999999999656,598.3941495313979,TIME,drift,0.22560380997326757
2021-12-27 17:45:00,2021-12-28 18:50:00,1,1812.55,1810.23,0.3,-95.54399999999808,596.8119997080956,TIME,lw,-0.1600906148782686
2021-12-28 01:05:00,2021-12-28 23:45:00,1,1811.99,1805.4,0.31,-206.45999999999745,596.0824663865775,TIME,strong_close,-0.34636147117620786
2021-12-29 01:15:00,2021-12-29 09:11:00,1,1807.2299999999998,1805.48,0.5,-90.99999999998863,594.0557363311635,TIME,drift,-0.15318427957955041
2021-12-28 10:15:00,2021-12-29 11:19:00,1,1815.14,1803.72,0.31,-380.8288000000023,596.0824663865775,TIME,lw,-0.6388860962620956
2021-12-29 12:30:00,2021-12-29 17:20:00,-1,1798.68,1801.22,0.31,-80.90999999999887,587.2508616446794,NEWS,lw,-0.13777757562313137
2021-12-30 01:15:00,2021-12-30 09:10:00,1,1804.47,1797.8,0.46,-310.04000000000343,589.7589657010731,TIME,drift,-0.5257062936405636
2021-12-31 01:15:00,2021-12-31 09:10:00,1,1815.07,1819.65,0.47000000000000003,211.9700000000073,588.0814196182698,TIME,drift,0.3604432871516318
2021-12-30 18:30:00,2021-12-31 19:32:00,1,1812.14,1826.53,0.31,419.28119999999603,585.9586572414885,TIME,lw,0.7155474107573422
2021-12-31 01:05:00,2021-12-31 23:00:00,1,1814.88,1829.25,0.2,285.99999999999784,571.0027104243791,TIME,friday,0.5008732791958863
2021-12-31 15:15:00,2021-12-31 23:45:00,1,1822.76,1828.42,0.31,173.29000000000255,590.759467438525,TIME,tday900,0.2933342748637969
2021-12-31 23:05:00,2021-12-31 23:55:00,1,1829.49,1828.68,0.99,-87.1199999999946,596.0360501780092,TIME,fri_close,-0.1461656555404254
2021-12-31 15:30:00,2021-12-31 23:57:00,1,1825.25,1828.87,0.31,110.04999999999661,590.759467438525,EOD,lw,0.1862856307274475
2022-01-03 01:05:00,2022-01-03 15:25:00,1,1830.77,1811.95015420115,0.32,-604.4750655631963,602.8750655631945,SL,strong_close,-1.0026539495351445
2022-01-03 01:07:00,2022-01-03 15:25:00,1,1830.18,1811.3601542011502,0.16,-302.23753278159813,301.43753278159727,SL,season,-1.0026539495351445
2022-01-03 01:10:00,2022-01-03 16:35:00,1,1831.83,1805.58,0.16,-421.12,601.7550655631945,NEWS,tom,-0.6998196178138781
2022-01-04 01:15:00,2022-01-04 09:10:00,1,1803.42,1804.34,0.39,33.14999999999397,595.1255827501191,TIME,drift,0.0557025289465887
2022-01-04 01:07:00,2022-01-04 16:50:00,1,1802.9699999999998,1808.49,0.14,76.30000000000292,278.31799538504794,NEWS,season,0.2741468437728694
2022-01-04 18:15:00,2022-01-04 23:45:00,1,1813.97,1814.69,0.3,19.500000000000817,596.3957043965313,TIME,tday,0.03269641256006711
2022-01-05 01:15:00,2022-01-05 09:11:00,1,1813.68,1814.43,0.41000000000000003,27.88,583.225628940311,TIME,drift,0.04780311189454488
2022-01-04 17:45:00,2022-01-05 15:05:00,1,1816.74,1819.04,0.3,43.05599999999864,596.3957043965313,NEWS,lw,0.07219367893262288
2022-01-05 01:05:00,2022-01-05 15:05:00,1,1814.12,1819.04,0.3,145.5000000000022,592.9674397967792,NEWS,strong_close,0.24537603624554444
2022-01-05 01:07:00,2022-01-05 15:05:00,1,1813.9,1819.04,0.15,76.0499999999981,296.4837198983896,NEWS,season,0.2565064956216207
2022-01-05 08:30:00,2022-01-05 15:05:00,1,1817.06,1819.04,0.32,61.12000000000058,590.0799999999965,NEWS,inside,0.10357917570499074
2022-01-05 15:45:00,2022-01-05 16:35:00,1,1827.26,1826.44,0.3,-26.69999999999809,592.9674397967792,NEWS,lw,-0.04502776747598261
2022-01-06 01:15:00,2022-01-06 09:10:00,1,1811.1699999999998,1802.91,0.35000000000000003,-291.5499999999917,597.0290618703292,TIME,drift,-0.4883346869022508
2022-01-06 01:07:00,2022-01-06 15:01:00,1,1810.83,1790.9676744824806,0.15,-298.9848827627905,298.2348827627902,SL,season,-1.0025147963680587
2022-01-07 01:15:00,2022-01-07 09:10:00,1,1791.4599999999998,1790.54,0.31,-30.6899999999952,579.7388372409182,TIME,drift,-0.052937629892201896
2022-01-07 01:05:00,2022-01-07 15:20:00,1,1791.53,1790.58,0.19,-19.380000000000862,576.826900302923,NEWS,friday,-0.033597600926418954
2022-01-07 01:07:00,2022-01-07 15:20:00,1,1791.55,1790.58,0.14,-14.560000000000384,283.68023172775173,NEWS,season,-0.051325395186414095
2022-01-07 23:05:00,2022-01-07 23:55:00,1,1795.04,1796.32,0.71,85.90999999999806,589.1202584630971,TIME,fri_close,0.14582761119795973
2022-01-10 01:05:00,2022-01-10 23:45:00,1,1795.2,1801.73,0.29,187.3399999999992,579.0623844967467,TIME,strong_close,0.3235230003116386
2022-01-10 01:07:00,2022-01-10 23:47:00,1,1795.38,1801.36,0.14,82.73999999999707,279.54735803291226,TIME,season,0.2959784724213196
2022-01-11 01:15:00,2022-01-11 09:10:00,1,1800.83,1808.79,0.4,315.60000000000144,590.6768158781927,TIME,drift,0.5343023316917916
2022-01-10 13:45:00,2022-01-11 14:47:00,1,1802.02,1806.39,0.29,101.65080000000343,579.0623844967467,TIME,lw,0.175543780292941
2022-01-11 01:05:00,2022-01-11 16:50:00,1,1800.75,1804.24,0.3,102.60000000000026,582.0850491471214,NEWS,strong_close,0.17626290204555353
2022-01-11 01:07:00,2022-01-11 16:50:00,1,1800.6699999999998,1804.24,0.15,52.50000000000245,291.0425245735607,NEWS,season,0.1803860108653405
2022-01-11 02:15:00,2022-01-11 16:50:00,1,1803.74,1804.24,0.44,18.92,586.08,NEWS,nr7,0.03228228228228228
2022-01-11 10:15:00,2022-01-11 16:50:00,1,1808.6200000000001,1804.24,0.3,-133.50000000000327,582.0850491471214,NEWS,lw,-0.22934792810021357
2022-01-11 18:15:00,2022-01-11 23:45:00,1,1813.29,1822.17,0.3,264.30000000000325,582.0850491471214,TIME,tday,0.4540573587781701
2022-01-12 01:15:00,2022-01-12 09:10:00,1,1820.41,1819.72,0.42,-31.920000000002293,589.1634933835259,TIME,drift,-0.05417850963013323
2022-01-12 01:05:00,2022-01-12 15:20:00,1,1820.4,1820.08,0.3,-11.700000000004911,590.3075456366129,NEWS,strong_close,-0.01982017693402027
2022-01-12 01:07:00,2022-01-12 15:20:00,1,1820.58,1820.08,0.15,-8.55,295.15377281830644,NEWS,season,-0.028967950903555927
2022-01-13 01:15:00,2022-01-13 09:10:00,1,1826.04,1824.29,0.47000000000000003,-85.54,598.7365067132951,TIME,drift,-0.14286752025454968
2022-01-13 01:05:00,2022-01-13 15:20:00,1,1826.2099999999998,1822.26,0.31,-124.61999999999435,596.1962878370359,NEWS,strong_close,-0.20902511897903317
2022-01-13 01:07:00,2022-01-13 15:20:00,1,1826.1,1822.26,0.15,-58.64999999999877,288.4820747598561,NEWS,season,-0.20330552617115413
2022-01-14 01:15:00,2022-01-14 09:10:00,1,1821.73,1826.75,0.45,222.74999999999918,586.8508666513698,TIME,drift,0.379568324182655
2022-01-14 01:05:00,2022-01-14 15:20:00,1,1821.84,1822.25,0.21,7.140000000001719,597.7600457817196,NEWS,friday,0.011944592232932528
2022-01-14 01:07:00,2022-01-14 15:20:00,1,1821.66,1822.25,0.15,7.799999999998772,284.9976408484379,NEWS,season,0.027368647602759706
2022-01-14 20:00:00,2022-01-14 23:57:00,-1,1815.79,1817.6299999999999,0.31,-59.209999999997464,588.9951244201051,EOD,lw,-0.10052714792553274
2022-01-17 01:07:00,2022-01-18 03:32:00,1,1817.9099999999999,1819.45,0.16,10.803200000003054,298.991949030834,TIME,season,0.03613207658273419
2022-01-18 01:15:00,2022-01-18 09:10:00,1,1818.76,1816.88,0.6900000000000001,-134.54999999999185,596.9438151090961,TIME,drift,-0.22539809709796857
2022-01-18 01:07:00,2022-01-18 23:47:00,1,1818.97,1813.44,0.16,-89.59999999999957,289.2468098143461,TIME,season,-0.3097700543612204
2022-01-19 01:15:00,2022-01-19 09:10:00,1,1814.71,1814.8,0.36,0.7199999999970528,582.8947365093875,TIME,drift,0.0012352144476526032
2022-01-19 15:15:00,2022-01-19 23:45:00,1,1819.51,1840.56,0.33,692.3399999999986,594.1957205819397,TIME,tday900,1.1651716362446012
2022-01-19 18:15:00,2022-01-19 23:45:00,1,1840.2,1840.56,0.33,9.569999999996698,594.1957205819397,TIME,tday,0.01610580431414769
2022-01-19 01:07:00,2022-01-19 23:47:00,1,1814.32,1840.36,0.16,415.5199999999994,288.0948948276071,TIME,season,1.4423025449605489
2022-01-20 01:15:00,2022-01-20 09:10:00,1,1839.72,1840.14,0.39,13.65000000000284,589.2837539669522,TIME,drift,0.02316371342008582
2022-01-19 15:30:00,2022-01-20 15:20:00,1,1824.0800000000002,1839.71,0.33,434.79479999999614,594.1957205819397,NEWS,lw,0.7317366735226055
2022-01-19 20:00:00,2022-01-20 15:20:00,1,1840.5,1839.71,0.41000000000000003,-133.02039999999852,585.2534442327466,NEWS,trendH4,-0.2272868298526378
2022-01-20 01:05:00,2022-01-20 15:20:00,1,1840.56,1839.71,0.31,-28.519999999997182,591.6728688193109,NEWS,strong_close,-0.048202311620117254
2022-01-20 01:07:00,2022-01-20 15:20:00,1,1840.2199999999998,1839.71,0.15,-8.699999999996454,286.29332362224716,NEWS,season,-0.030388413847455848
2022-01-20 16:00:00,2022-01-20 16:50:00,1,1846.5900000000001,1844.28,0.43,-102.34000000000744,595.6019859909601,NEWS,trendH4,-0.17182615640499346
2022-01-21 01:15:00,2022-01-21 09:10:00,1,1839.19,1842.08,0.42,118.43999999999465,595.5210562057895,TIME,drift,0.19888465532118194
2022-01-21 01:05:00,2022-01-21 23:00:00,1,1839.56,1831.92,0.21,-161.90999999999732,584.6719810633821,TIME,friday,-0.27692450680725417
2022-01-21 01:07:00,2022-01-21 23:47:00,1,1839.58,1833.07,0.16,-105.27999999999986,297.34957768298773,TIME,season,-0.35406137388983167
2022-01-21 23:05:00,2022-01-21 23:55:00,1,1831.04,1834.4,0.75,246.75000000000955,600.8203183977286,TIME,fri_close,0.41068850776891835
2022-01-24 01:07:00,2022-01-24 16:35:00,1,1834.03,1836.31,0.16,35.359999999999566,293.0360364199172,NEWS,season,0.12066775278563044
2022-01-24 10:15:00,2022-01-24 16:35:00,1,1840.26,1836.31,0.33,-132.6600000000015,604.3868251160792,NEWS,lw,-0.21949518832499812
2022-01-25 01:15:00,2022-01-25 09:10:00,1,1842.9099999999999,1841.42,0.35000000000000003,-54.59999999999237,603.9247654949249,TIME,drift,-0.09040861232979391
2022-01-25 01:05:00,2022-01-25 16:50:00,1,1843.35,1851.33,0.33,261.0300000000006,595.9841947506451,NEWS,strong_close,0.4379814134319676
2022-01-25 01:07:00,2022-01-25 16:50:00,1,1842.8400000000001,1851.33,0.16,134.7199999999965,288.9620338184946,NEWS,season,0.4662204173321192
2022-01-26 01:15:00,2022-01-26 09:11:00,1,1848.32,1846.74,0.37,-61.0499999999973,593.2373769997864,TIME,drift,-0.102909901444088
2022-01-25 20:00:00,2022-01-26 16:22:00,1,1849.95,1835.1010331944613,0.4,-628.5506722215517,594.7586722215555,SL,trendH4,-1.0568163216078474
2022-01-26 01:07:00,2022-01-26 16:50:00,1,1848.18,1833.95,0.16,-228.8000000000003,290.1504599743164,NEWS,season,-0.7885563925015086
2022-01-27 01:15:00,2022-01-27 09:10:00,1,1819.9,1813.82,0.3,-184.50000000000463,588.8739560224637,TIME,drift,-0.31330983160845804
2022-01-27 01:07:00,2022-01-27 15:20:00,1,1819.8799999999999,1807.93,0.15,-180.29999999999728,290.30062363835566,NEWS,season,-0.6210803054443571
2022-01-28 01:15:00,2022-01-28 09:10:00,1,1797.77,1796.38,0.28,-40.87999999999644,593.4760762634371,TIME,drift,-0.06888230483927761
2022-01-28 01:05:00,2022-01-28 23:00:00,1,1797.79,1788.76,0.19,-172.8999999999995,573.3939574190987,TIME,friday,-0.3015378829212624
2022-01-28 01:07:00,2022-01-28 23:47:00,1,1797.52,1791.1,0.14,-90.86000000000102,281.9938738199082,TIME,season,-0.3222055811681484
2022-01-28 23:05:00,2022-01-28 23:55:00,1,1789.3,1791.58,0.67,148.06999999999817,598.1629063334996,TIME,fri_close,0.24754126080403133
2022-01-31 01:07:00,2022-01-31 16:35:00,1,1790.26,1797.91,0.14,106.12000000000128,281.0514542613432,NEWS,season,0.37758210602006975
2022-02-01 01:15:00,2022-02-01 09:10:00,1,1797.77,1803.35,0.4,220.39999999999708,592.8813774256475,TIME,drift,0.3717438401539896
2022-01-31 19:15:00,2022-02-01 16:35:00,1,1798.66,1804.58,0.29,146.6007999999955,582.1780123984965,NEWS,lw,0.251814388173163
2022-02-01 01:05:00,2022-02-01 16:35:00,1,1797.87,1804.58,0.3,199.2000000000011,590.1564651118562,NEWS,strong_close,0.33753760532343813
2022-02-01 01:10:00,2022-02-01 16:35:00,1,1798.1,1804.58,0.15,96.15000000000026,589.1064651118562,NEWS,tom,0.1632132826478892
2022-02-01 11:00:00,2022-02-01 16:35:00,1,1804.82,1804.58,0.3,-9.300000000000272,590.1564651118562,NEWS,lw,-0.015758532778654865
2022-02-02 01:15:00,2022-02-02 09:10:00,1,1800.8899999999999,1797.38,0.43,-153.93999999998982,601.3509457465968,TIME,drift,-0.2559902850221151
2022-02-03 01:15:00,2022-02-03 09:10:00,1,1807.52,1805.17,0.48,-116.15999999999563,598.7466293435223,TIME,drift,-0.19400526751583683
2022-02-04 01:15:00,2022-02-04 09:10:00,1,1805.58,1808.88,0.38,122.74000000000692,589.7426662275459,TIME,drift,0.2081246737414264
2022-02-04 01:05:00,2022-02-04 15:20:00,1,1805.07,1813.99,0.21,185.85000000000153,601.0172272388072,NEWS,friday,0.30922574524832414
2022-02-04 12:15:00,2022-02-04 15:20:00,1,1813.42,1813.99,0.31,15.499999999998026,592.200604584223,NEWS,lw,0.02617356328246303
2022-02-04 23:05:00,2022-02-04 23:55:00,1,1808.02,1807.81,0.76,-21.280000000002765,601.3780923286807,TIME,fri_close,-0.035385392769466346
2022-02-08 01:15:00,2022-02-08 09:10:00,1,1821.0,1819.02,0.46,-94.30000000000084,593.8715212772394,TIME,drift,-0.15878855378885628
2022-02-07 18:30:00,2022-02-08 19:34:00,1,1817.17,1827.34,0.31,288.4611999999952,600.4084185424929,TIME,lw,0.4804416312153688
2022-02-08 01:05:00,2022-02-08 23:45:00,1,1821.52,1826.04,0.31,137.94999999999945,593.6371029323149,TIME,strong_close,0.23238102759848586
2022-02-08 18:15:00,2022-02-08 23:45:00,1,1826.53,1826.04,0.31,-17.360000000000284,593.6371029323149,TIME,tday,-0.029243455158461735
2022-02-09 01:15:00,2022-02-09 09:10:00,1,1826.37,1827.95,0.55,83.05000000000852,603.5918792638195,TIME,drift,0.13759297110044255
2022-02-08 17:30:00,2022-02-09 17:20:00,1,1827.32,1830.14,0.31,60.61120000000507,593.6371029323149,NEWS,lw,0.10210143486755043
2022-02-09 01:05:00,2022-02-09 17:20:00,1,1825.94,1830.14,0.32,132.16000000000145,599.5990664051681,NEWS,strong_close,0.22041395226372276
2022-02-10 01:15:00,2022-02-10 09:10:00,1,1833.19,1833.83,0.56,31.919999999992868,596.8132964871172,TIME,drift,0.05348406308618811
2022-02-10 16:30:00,2022-02-10 19:50:00,-1,1826.24,1833.8000000000002,0.33,-251.7900000000057,600.8289274281632,NEWS,lw,-0.41907103420900194
2022-02-11 01:15:00,2022-02-11 09:10:00,1,1827.59,1822.81,0.34,-164.8999999999991,602.9749431881592,TIME,drift,-0.27347736728181393
2022-02-11 01:05:00,2022-02-11 23:00:00,1,1827.56,1861.13,0.22,737.0000000000036,605.2047183261519,TIME,friday,1.2177697524209083
2022-02-11 15:15:00,2022-02-11 23:45:00,1,1833.32,1861.03,0.32,884.4800000000012,587.6118480738443,TIME,tday900,1.5052113106624254
2022-02-11 18:15:00,2022-02-11 23:45:00,1,1833.31,1861.03,0.32,884.8000000000009,587.6118480738443,TIME,tday,1.5057558878370496
2022-02-11 23:05:00,2022-02-11 23:55:00,1,1861.4,1858.97,0.4,-100.00000000000254,604.5681821867695,TIME,fri_close,-0.1654073154136145
2022-02-11 17:30:00,2022-02-11 23:57:00,1,1836.71,1858.94,0.32,709.1200000000006,587.6118480738443,EOD,lw,1.2067830189681379
2022-02-14 01:05:00,2022-02-14 23:45:00,1,1856.0900000000001,1870.07,0.3,417.29999999999364,607.1728141714268,TIME,strong_close,0.6872837358000926
2022-02-15 01:15:00,2022-02-15 09:10:00,1,1871.01,1877.7,0.27,178.74000000000152,609.2256143959238,TIME,drift,0.29338884606358967
2022-02-15 08:00:00,2022-02-15 10:45:00,1,1878.02,1861.6327205652124,0.37,-608.9193390871418,607.0693390871397,SL,trendH4,-1.003047427832188
2022-02-15 01:05:00,2022-02-15 13:46:00,1,1870.99,1850.5415557518368,0.3,-615.5533274448973,614.053327444896,SL,strong_close,-1.0024427845806858
2022-02-16 01:15:00,2022-02-16 09:10:00,1,1854.05,1856.36,0.28,62.719999999998485,605.181270041279,TIME,drift,0.10363836936942941
2022-02-16 18:15:00,2022-02-16 23:45:00,1,1862.3,1868.18,0.28,162.68000000000308,602.2195504522434,TIME,tday,0.2701340397830604
2022-02-17 01:15:00,2022-02-17 09:10:00,1,1870.3,1875.95,0.34,189.72000000000313,612.3810862380491,TIME,drift,0.30980708624670655
2022-02-16 19:30:00,2022-02-17 15:20:00,1,1869.0,1890.35,0.28,529.0767999999974,602.2195504522434,NEWS,lw,0.8785447094878959
2022-02-17 01:05:00,2022-02-17 15:20:00,1,1870.04,1890.35,0.28,566.7199999999985,603.9038682770831,NEWS,strong_close,0.9384275043920999
2022-02-17 06:00:00,2022-02-17 15:20:00,1,1875.43,1890.35,0.24,356.3999999999963,594.7200000000008,NEWS,inside,0.599273607748177
2022-02-17 10:30:00,2022-02-17 15:20:00,1,1884.72,1890.35,0.28,155.67999999999668,603.9038682770831,NEWS,lw,0.2577893737361649
2022-02-17 12:00:00,2022-02-17 15:20:00,1,1888.51,1890.35,0.34,60.179999999997214,612.0313978239328,NEWS,trendH4,0.09832828873480376
2022-02-17 18:15:00,2022-02-17 23:45:00,1,1895.6000000000001,1897.68,0.29,58.28999999999789,625.4718635726931,TIME,tday,0.09319364050533882
2022-02-18 01:15:00,2022-02-18 09:10:00,1,1899.25,1890.6,0.3,-261.60000000000275,609.5187473371485,TIME,drift,-0.42919106449616984
2022-02-17 16:00:00,2022-02-18 16:50:00,1,1896.05,1896.86,0.33,-1.8084000000018037,613.713450640597,NEWS,trendH4,-0.0029466520541698853
2022-02-18 01:05:00,2022-02-18 16:50:00,1,1898.76,1896.86,0.18,-35.460000000001635,604.4090249113676,NEWS,friday,-0.05866887908432803
2022-02-18 23:05:00,2022-02-18 23:55:00,1,1897.29,1897.29,0.77,-5.390000000000001,621.0161061872055,TIME,fri_close,-0.00867932400834574
2022-02-21 01:30:00,2022-02-22 05:15:00,1,1904.91,1908.68,0.34,98.77679999999938,621.5200000000012,TIME,nr7,0.1589277899343532
2022-02-22 01:15:00,2022-02-22 09:10:00,1,1912.3600000000001,1910.18,0.33,-74.2500000000021,615.6903016712212,TIME,drift,-0.12059634494559836
2022-02-22 04:00:00,2022-02-22 16:35:00,1,1909.57,1904.25,0.33,-177.86999999999793,611.3701767374733,NEWS,trendH4,-0.2909366645085414
2022-02-23 01:15:00,2022-02-23 09:10:00,1,1899.43,1897.45,0.29,-59.45000000000053,617.5608665112015,TIME,drift,-0.09626581479466559
2022-02-23 18:15:00,2022-02-23 23:45:00,1,1907.15,1907.39,0.28,4.760000000000255,613.8715259751611,TIME,tday,0.007754065465797247
2022-02-24 01:15:00,2022-02-24 09:10:00,1,1910.3700000000001,1941.66,0.36,1123.9199999999987,608.4444733995608,TIME,drift,1.8472022495665419
2022-02-23 18:45:00,2022-02-24 15:20:00,1,1908.3400000000001,1964.6,0.28,1506.5567999999932,613.8715259751611,NEWS,lw,2.4541890872145657
2022-02-24 01:05:00,2022-02-24 15:20:00,1,1909.97,1964.6,0.28,1527.6799999999969,611.9635598340785,NEWS,strong_close,2.49635779034653
2022-02-24 08:00:00,2022-02-24 15:20:00,1,1940.65,1964.6,0.29,692.5199999999948,605.8893686040116,NEWS,trendH4,1.1429809398959796
2022-02-24 10:15:00,2022-02-24 15:20:00,1,1942.63,1964.6,0.28,613.1999999999944,611.9635598340785,NEWS,lw,1.0020204473714922
2022-02-24 12:00:00,2022-02-24 15:20:00,1,1953.68,1964.6,0.29,314.64999999999554,629.6944001738107,NEWS,trendH4,0.4996868320778216
2022-02-24 16:00:00,2022-02-24 16:41:00,1,1959.44,1936.3945799943062,0.28,-647.2317601594269,645.8317601594267,SL,trendH4,-1.002167747215861
2022-02-25 01:05:00,2022-02-25 15:20:00,1,1907.1200000000001,1892.6,0.15,-218.85000000000315,611.1631154374184,NEWS,friday,-0.35808770927442013
2022-02-25 23:05:00,2022-02-25 23:55:00,1,1889.82,1888.27,0.55,-89.0999999999975,649.8828379707173,TIME,fri_close,-0.13710163554744031
2022-02-28 10:15:00,2022-02-28 16:35:00,-1,1897.75,1908.51,0.23,-249.0899999999998,644.8375286215496,NEWS,lw,-0.3862833488188447
2022-03-01 01:10:00,2022-03-01 16:35:00,1,1908.9299999999998,1918.65,0.11,106.15000000000282,634.4381775955376,NEWS,tom,0.16731338647100585
2022-03-01 13:00:00,2022-03-01 16:35:00,1,1925.3400000000001,1918.65,0.22,-148.7200000000012,635.2081775955376,NEWS,lw,-0.23412796819296802
2022-03-01 18:15:00,2022-03-01 23:45:00,1,1925.58,1943.03,0.22,382.360000000001,635.2081775955376,TIME,tday,0.6019443915967103
2022-03-02 01:05:00,2022-03-02 15:05:00,1,1943.2,1930.22,0.21,-274.0500000000004,636.2704301414992,NEWS,strong_close,-0.4307130852192123
2022-03-04 01:05:00,2022-03-04 15:20:00,1,1937.37,1943.52,0.14,85.12000000000128,624.6930749689457,NEWS,friday,0.13625891403427629
2022-03-04 02:30:00,2022-03-04 15:20:00,1,1942.65,1943.52,0.31,24.799999999996622,635.5000000000019,NEWS,inside,0.039024390243897006
2022-03-04 11:45:00,2022-03-04 15:20:00,1,1944.3700000000001,1943.52,0.21,-19.320000000002864,625.1830749689456,NEWS,lw,-0.030902947910038253
2022-03-04 18:15:00,2022-03-04 23:45:00,1,1961.28,1968.54,0.21,150.9899999999998,625.1830749689456,TIME,tday,0.2415132559490672
2022-03-04 23:05:00,2022-03-04 23:55:00,1,1967.65,1969.93,0.48,106.07999999999869,644.909496731482,TIME,fri_close,0.16448819646420362
2022-03-07 04:00:00,2022-03-07 15:32:00,1,1998.04,1968.0107953259676,0.21,-632.0832981546798,631.0332981546793,SL,trendH4,-1.0016639375498424
2022-03-07 10:30:00,2022-03-07 15:32:00,1,1997.3600000000001,1966.7937075694006,0.21,-643.3621410425908,642.3121410425925,SL,lw,-1.0016347192165695
2022-03-07 01:05:00,2022-03-07 23:45:00,1,1981.33,1996.25,0.21,311.8500000000015,642.3121410425925,TIME,strong_close,0.4855116073219646
2022-03-08 18:15:00,2022-03-08 19:34:00,1,2056.1200000000003,2024.7605856001578,0.2,-628.5882879968507,627.5882879968505,SL,tday,-1.0015934013096262
2022-03-08 01:05:00,2022-03-08 23:45:00,1,1997.81,2052.7,0.2,1096.3999999999974,627.5882879968505,TIME,strong_close,1.7470051958737312
2022-03-08 15:15:00,2022-03-08 23:45:00,1,2011.81,2052.7,0.2,816.3999999999975,627.5882879968505,TIME,tday900,1.3008528291785053
2022-03-08 20:00:00,2022-03-09 15:26:00,1,2030.09,1991.3773683814823,0.16,-633.2389058962826,619.7221058962829,SL,trendH4,-1.0218110663979798
2022-03-08 14:30:00,2022-03-09 15:32:00,1,2013.57,1995.6,0.2,-376.69600000000054,627.5882879968505,TIME,lw,-0.600227899730804
2022-03-08 12:00:00,2022-03-09 16:50:00,1,2006.46,1984.6,0.18,-409.0464000000023,626.8997441920426,NEWS,trendH4,-0.6524909346185603
2022-03-11 01:05:00,2022-03-11 23:00:00,1,1997.58,1982.59,0.11,-165.6600000000001,641.5277375005429,TIME,friday,-0.2582273381435201
2022-03-11 23:05:00,2022-03-11 23:55:00,1,1983.63,1985.4,0.34,57.799999999999386,635.7499218438884,TIME,fri_close,0.090916251837452
2022-03-14 11:15:00,2022-03-15 12:18:00,-1,1969.72,1933.3700000000001,0.16,585.9855999999985,624.2850623381511,TIME,lw,0.938650682759077
2022-03-15 10:15:00,2022-03-15 15:20:00,-1,1932.54,1928.64,0.16,61.27999999999783,625.8532721711405,NEWS,lw,0.0979143238916241
2022-03-17 01:05:00,2022-03-17 15:20:00,1,1925.93,1941.06,0.16,240.9599999999981,629.5710356985855,NEWS,strong_close,0.3827367943199987
2022-03-17 04:30:00,2022-03-17 15:20:00,1,1930.79,1941.06,0.18,183.59999999999968,642.5999999999979,NEWS,nr7,0.28571428571428614
2022-03-17 11:45:00,2022-03-17 15:20:00,1,1941.26,1941.06,0.16,-4.320000000000729,629.5710356985855,NEWS,lw,-0.00686181503761075
2022-03-17 18:15:00,2022-03-17 23:45:00,1,1948.23,1941.14,0.16,-114.5599999999987,629.5710356985855,TIME,tday,-0.18196516914549676
2022-03-18 01:05:00,2022-03-18 16:50:00,1,1942.76,1933.77,0.11,-99.6600000000001,633.9651212381546,NEWS,friday,-0.15720107725384144
2022-03-18 23:05:00,2022-03-18 23:55:00,1,1919.87,1920.83,0.48,42.72000000000174,640.8043303094462,TIME,fri_close,0.06666621615895157
2022-03-21 17:15:00,2022-03-21 19:20:00,1,1934.45,1936.39,0.17,31.790000000000926,640.1726484572824,NEWS,lw,0.04965847896908738
2022-03-21 18:15:00,2022-03-21 19:20:00,1,1935.1,1936.39,0.17,20.74000000000325,640.1726484572824,NEWS,tday,0.0323975103434729
2022-03-22 11:45:00,2022-03-23 12:47:00,-1,1925.56,1930.0400000000002,0.17,-71.50030000000417,622.4596021389052,TIME,lw,-0.11486737413048774
2022-03-23 13:45:00,2022-03-23 14:50:00,1,1933.45,1929.46,0.18,-73.08000000000017,647.6766676491754,NEWS,lw,-0.11283407856153486
2022-03-23 18:15:00,2022-03-23 23:45:00,1,1932.25,1945.55,0.18,238.1399999999992,647.6766676491754,TIME,tday,0.36768346289879256
2022-03-24 01:05:00,2022-03-24 15:20:00,1,1944.83,1953.46,0.18,154.08000000000197,643.7397628170914,NEWS,strong_close,0.23935137908170726
2022-03-24 18:15:00,2022-03-24 23:45:00,1,1964.22,1957.02,0.18,-130.86000000000078,643.7397628170914,TIME,tday,-0.20328090256121495
2022-03-24 17:30:00,2022-03-25 18:33:00,1,1960.05,1960.14,0.18,-13.94639999999738,643.7397628170914,TIME,lw,-0.021664655200054856
2022-03-25 01:05:00,2022-03-25 23:01:00,1,1959.55,1955.11,0.12,-54.12000000000065,634.3540654730136,TIME,friday,-0.08531513069068995
2022-03-25 23:05:00,2022-03-25 23:55:00,1,1955.3999999999999,1957.26,0.62,110.98000000000788,642.218173853346,TIME,fri_close,0.17280731769722663
2022-03-28 10:15:00,2022-03-29 11:17:00,-1,1934.88,1918.67,0.18,296.7138000000007,616.7287750820842,TIME,lw,0.48110905796556874
2022-03-29 15:30:00,2022-03-29 16:50:00,-1,1897.3300000000002,1899.92,0.18,-47.879999999998525,625.9438625762209,NEWS,lw,-0.07649248257333652
2022-03-30 18:15:00,2022-03-30 23:45:00,1,1937.05,1933.34,0.18,-68.04000000000066,631.7621581064909,TIME,tday,-0.10769875834907433
2022-03-31 17:45:00,2022-04-01 15:20:00,1,1942.24,1930.42,0.19,-241.0111999999988,649.9529089377116,NEWS,lw,-0.3708133261437502
2022-04-01 01:05:00,2022-04-01 15:20:00,1,1937.75,1930.42,0.12,-88.79999999999913,610.7887995918217,NEWS,friday,-0.1453857701047276
2022-04-01 01:10:00,2022-04-01 15:20:00,1,1937.37,1930.42,0.09,-63.179999999998365,610.5787995918216,NEWS,tom,-0.10347558749539759
2022-04-01 16:15:00,2022-04-01 16:35:00,-1,1923.93,1928.27,0.19,-83.78999999999844,645.1648440135896,NEWS,lw,-0.12987378462648147
2022-04-01 23:05:00,2022-04-01 23:57:00,1,1924.12,1924.27,0.54,4.320000000004911,646.607161904998,EOD,fri_close,0.006681027143710515
2022-04-04 18:00:00,2022-04-05 16:35:00,1,1934.94,1941.29,0.19,104.21879999999828,628.3009265840475,NEWS,lw,0.16587401926432938
2022-04-05 01:05:00,2022-04-05 16:35:00,1,1933.17,1941.29,0.2,160.99999999999784,644.8144395182418,NEWS,strong_close,0.24968423492545433
2022-04-07 17:45:00,2022-04-08 18:47:00,1,1934.3500000000001,1944.2,0.33,296.511599999997,635.9100000000016,TIME,nr7,0.4662791904514731
2022-04-08 01:05:00,2022-04-08 23:00:00,1,1932.1899999999998,1944.03,0.14,164.78000000000208,627.7812207735627,TIME,friday,0.26247997637928283
2022-04-08 18:15:00,2022-04-08 23:45:00,1,1943.8,1945.56,0.21,35.48999999999981,628.2712207735627,TIME,tday,0.056488342656062666
2022-04-08 23:05:00,2022-04-08 23:55:00,1,1944.56,1946.32,0.6900000000000001,116.60999999999939,645.6740342265164,TIME,fri_close,0.18060196603645684
2022-04-08 15:15:00,2022-04-08 23:57:00,1,1938.0900000000001,1946.04,0.21,165.47999999999618,628.2712207735627,EOD,lw,0.2633894320294473
2022-04-11 01:05:00,2022-04-11 23:45:00,1,1948.32,1952.97,0.22,100.76000000000201,643.4996909565951,TIME,strong_close,0.15658127177997105
2022-04-11 15:15:00,2022-04-11 23:45:00,1,1963.17,1952.97,0.22,-225.940000000001,643.4996909565951,TIME,tday900,-0.3511112797336851
2022-04-11 11:45:00,2022-04-12 12:47:00,1,1956.8500000000001,1952.66,0.22,-111.20560000000121,643.4996909565951,TIME,lw,-0.1728137582081639
2022-04-12 16:00:00,2022-04-12 19:50:00,1,1970.6000000000001,1973.47,0.22,61.5999999999976,644.4111416025526,NEWS,lw,0.0955911467433784
2022-04-12 18:15:00,2022-04-12 19:50:00,1,1973.99,1973.47,0.22,-12.979999999999599,644.4111416025526,NEWS,tday,-0.020142420206640612
2022-04-13 12:45:00,2022-04-13 15:20:00,1,1977.6000000000001,1978.58,0.22,20.0199999999954,643.8746314880843,NEWS,lw,0.031093009447703164
2022-04-13 18:15:00,2022-04-13 19:50:00,1,1978.27,1979.52,0.22,25.960000000000004,643.8746314880843,NEWS,tday,0.040318407855272714
2022-04-14 12:15:00,2022-04-14 15:20:00,-1,1969.15,1977.73,0.22,-190.2999999999984,627.379300667507,NEWS,lw,-0.3033252767465019
2022-04-18 15:15:00,2022-04-18 23:45:00,1,1993.84,1977.25,0.23,-383.17999999999813,641.8217886350147,TIME,tday900,-0.5970193078283003
2022-04-18 10:15:00,2022-04-19 11:17:00,1,1989.69,1979.73,0.23,-248.97040000000084,641.8217886350147,TIME,lw,-0.38791204101919796
2022-04-19 16:15:00,2022-04-20 16:50:00,-1,1962.3600000000001,1949.23,0.23,308.2943000000025,640.2688037325136,NEWS,lw,0.48150760774657275
2022-04-21 01:05:00,2022-04-21 15:20:00,1,1956.3799999999999,1940.77,0.23,-360.6399999999977,641.9304481163002,NEWS,strong_close,-0.5618054121879877
2022-04-22 01:05:00,2022-04-22 16:35:00,1,1950.8300000000002,1936.88,0.15,-210.3000000000007,616.5379070621674,NEWS,friday,-0.3410982481224719
2022-04-22 23:05:00,2022-04-22 23:55:00,1,1934.04,1931.96,0.49,-105.34999999999644,640.5619711605593,TIME,fri_close,-0.16446496161663343
2022-04-25 10:15:00,2022-04-26 11:17:00,-1,1919.3600000000001,1901.52,0.23,416.6243000000034,633.658600671708,TIME,lw,0.6574901682993998
2022-04-27 10:15:00,2022-04-27 17:20:00,-1,1897.55,1888.65,0.23,203.08999999999685,637.6084873138703,NEWS,lw,0.318518344784867
2022-04-29 01:05:00,2022-04-29 16:35:00,1,1895.55,1908.24,0.15,189.3000000000008,615.5050572340266,NEWS,friday,0.30755230647605447
2022-04-29 10:15:00,2022-04-29 16:35:00,1,1911.5800000000002,1908.24,0.23,-78.43000000000335,629.7196140614495,NEWS,lw,-0.12454749423185342
2022-04-29 23:05:00,2022-04-29 23:55:00,1,1896.35,1896.36,0.48,-2.8800000000004364,647.8652282668,TIME,fri_close,-0.00444536899704457
2022-05-02 01:10:00,2022-05-02 16:35:00,1,1898.3899999999999,1861.36,0.11,-408.0999999999997,601.5090360918465,NEWS,tom,-0.6784602982052051
2022-05-05 10:15:00,2022-05-05 15:20:00,1,1896.32,1901.21,0.22,106.0400000000022,628.8341990866569,NEWS,lw,0.16862950544677563
2022-05-06 01:05:00,2022-05-06 15:20:00,1,1876.7099999999998,1882.57,0.14,81.06000000000178,613.000767372264,NEWS,friday,0.13223474474180477
2022-05-06 23:05:00,2022-05-06 23:55:00,1,1882.29,1882.37,0.54,0.5399999999960707,640.7369937059532,TIME,fri_close,0.0008427794950198979
2022-05-06 18:30:00,2022-05-06 23:57:00,1,1892.01,1882.52,0.22,-210.3200000000002,642.70461343761,EOD,lw,-0.3272420885157017
2022-05-09 15:15:00,2022-05-09 23:45:00,-1,1862.78,1854.5500000000002,0.22,179.5199999999954,638.471426763495,TIME,tday900,0.2811715489133297
2022-05-09 18:15:00,2022-05-09 23:45:00,-1,1860.8700000000001,1854.5500000000002,0.22,137.4999999999986,638.471426763495,TIME,tday,0.21535811038092373
2022-05-09 10:15:00,2022-05-10 11:17:00,-1,1870.44,1860.46,0.22,225.59020000000044,638.471426763495,TIME,lw,0.35332857594512906
2022-05-11 11:15:00,2022-05-11 15:20:00,1,1850.9,1850.56,0.22,-9.020000000003202,647.4118934848503,NEWS,lw,-0.013932397737475722
2022-05-12 14:45:00,2022-05-12 15:20:00,-1,1841.06,1842.9,0.22,-42.0200000000032,642.2139010930753,NEWS,lw,-0.06542991350464912
2022-05-12 18:15:00,2022-05-12 19:50:00,-1,1840.8600000000001,1834.2900000000002,0.22,142.9999999999986,642.2139010930753,NEWS,tday,0.22266724491109044
2022-05-13 01:05:00,2022-05-13 23:00:00,1,1823.12,1809.69,0.14,-188.9999999999977,625.055048696135,TIME,friday,-0.30237336758458594
2022-05-13 23:05:00,2022-05-13 23:55:00,1,1809.67,1811.64,0.6,114.00000000000163,641.1169158478635,TIME,fri_close,0.17781468119467578
2022-05-16 10:45:00,2022-05-16 22:06:00,-1,1794.82,1824.588012357312,0.21,-626.598259503553,625.5482595035539,SL,lw,-1.0016785275700908
2022-05-17 01:05:00,2022-05-17 15:20:00,1,1825.4099999999999,1830.57,0.21,106.89000000000172,641.2712409675859,NEWS,strong_close,0.16668453716826614
2022-05-18 04:45:00,2022-05-18 17:20:00,-1,1812.55,1812.4,0.27,2.1599999999963164,634.7700000000015,NEWS,nr7,0.0034028073160299187
2022-05-18 18:45:00,2022-05-19 15:20:00,1,1824.17,1828.71,0.21,43.797599999999235,630.3861523270441,NEWS,lw,0.06947741449954481
2022-05-19 12:15:00,2022-05-19 15:20:00,1,1827.17,1828.71,0.22,32.3399999999992,640.7170733521588,NEWS,lw,0.05047469678121734
2022-05-20 01:05:00,2022-05-20 23:00:00,1,1842.34,1844.66,0.14,31.5000000000023,624.8533150166862,TIME,friday,0.050411831453852675
2022-05-20 23:05:00,2022-05-20 23:55:00,1,1845.34,1845.64,0.76,17.480000000013824,648.7678241429958,TIME,fri_close,0.02694338305557064
2022-05-23 01:05:00,2022-05-23 23:45:00,1,1848.41,1853.35,0.22,107.13999999999619,635.3085989618106,TIME,strong_close,0.1686424521485763
2022-05-23 10:15:00,2022-05-24 11:17:00,1,1853.67,1859.19,0.22,102.41439999999959,635.3085989618106,TIME,lw,0.1612041772571
2022-05-25 01:05:00,2022-05-25 15:20:00,1,1865.57,1854.75,0.23,-250.46999999999855,640.0131549546754,NEWS,strong_close,-0.39135133092340324
2022-05-25 18:15:00,2022-05-25 23:45:00,-1,1849.8400000000001,1853.72,0.23,-90.8499999999973,640.0131549546754,TIME,tday,-0.14195020726789767
2022-05-27 01:05:00,2022-05-27 23:00:00,1,1851.0,1853.44,0.16,37.920000000000876,640.4365742005688,TIME,friday,0.05920961033078863
2022-05-27 23:05:00,2022-05-27 23:55:00,1,1853.57,1853.02,0.91,-56.41999999999586,643.2968702380124,TIME,fri_close,-0.08770445281215361
2022-05-27 10:15:00,2022-05-27 23:57:00,1,1856.22,1852.82,0.24,-83.28000000000219,640.9965742005687,EOD,lw,-0.12992269124662087
2022-05-30 10:15:00,2022-05-31 13:44:00,1,1863.24,1849.97,0.25,-353.36999999999955,645.047281592812,TIME,lw,-0.5478203072609263
2022-05-31 18:15:00,2022-05-31 23:45:00,-1,1843.8400000000001,1837.95,0.25,145.5000000000025,627.3296186218972,TIME,tday,0.2319354860362459
2022-06-01 01:10:00,2022-06-01 16:35:00,1,1837.6000000000001,1848.34,0.13,138.70999999999717,646.0097459834323,NEWS,tom,0.21471812284942612
2022-06-01 16:15:00,2022-06-01 16:35:00,1,1846.27,1848.34,0.26,51.999999999998344,646.9197459834322,NEWS,lw,0.08038091327843018
2022-06-02 01:05:00,2022-06-02 15:05:00,1,1847.33,1857.17,0.26,254.0200000000038,640.8811926989013,NEWS,strong_close,0.3963605156367062
2022-06-02 13:30:00,2022-06-02 15:05:00,1,1856.76,1857.17,0.26,8.840000000002128,640.8811926989013,NEWS,lw,0.013793508220727793
2022-06-03 01:05:00,2022-06-03 15:20:00,1,1869.25,1866.09,0.17,-54.910000000001396,631.1321576364992,NEWS,friday,-0.08700238030277462
2022-06-03 18:15:00,2022-06-03 23:45:00,-1,1856.24,1851.42,0.26,123.49999999999835,644.1139646489796,TIME,tday,0.19173625597032612
2022-06-03 18:00:00,2022-06-03 23:57:00,-1,1857.55,1851.1299999999999,0.26,165.1000000000019,644.1139646489796,EOD,lw,0.2563211000866529
2022-06-07 11:45:00,2022-06-08 12:47:00,1,1848.0,1849.2,0.26,8.715200000001179,633.5245919677429,TIME,lw,0.013756687760030835
2022-06-08 01:05:00,2022-06-08 17:20:00,1,1852.76,1855.88,0.27,82.3500000000032,646.7701422546093,NEWS,strong_close,0.12732498707026751
2022-06-09 17:15:00,2022-06-09 19:50:00,-1,1841.3,1849.6000000000001,0.35000000000000003,-292.95000000000636,642.2499999999991,NEWS,nr7,-0.45613079019074626
2022-06-09 18:15:00,2022-06-09 19:50:00,-1,1843.43,1849.6000000000001,0.27,-168.48000000000195,629.7322749507085,NEWS,tday,-0.2675422662959263
2022-06-10 01:05:00,2022-06-10 15:20:00,1,1848.1,1833.71,0.19,-274.73999999999756,647.9836583842261,NEWS,friday,-0.4239921739462891
2022-06-10 23:05:00,2022-06-10 23:55:00,1,1872.06,1871.49,0.49,-31.35999999999688,645.8284465985242,TIME,fri_close,-0.04855778677010128
2022-06-13 01:05:00,2022-06-13 11:45:00,1,1878.41,1853.6567980977572,0.26,-645.4032494583138,644.1032494583166,SL,strong_close,-1.0020183099543287
2022-06-15 10:15:00,2022-06-15 15:20:00,1,1821.7,1831.55,0.23,224.9399999999979,626.853396908257,NEWS,lw,0.3588398836305883
2022-06-16 14:45:00,2022-06-16 15:20:00,-1,1817.06,1823.68,0.23,-153.87000000000273,638.8552971290958,NEWS,lw,-0.2408526636492922
2022-06-17 01:05:00,2022-06-17 15:35:00,1,1853.72,1850.15,0.14,-50.95999999999911,604.6131866964072,NEWS,friday,-0.08428529367419756
2022-06-17 18:15:00,2022-06-17 23:45:00,-1,1839.6100000000001,1841.6100000000001,0.22,-45.54,633.9176241581409,TIME,tday,-0.07183898706157334
2022-06-17 19:45:00,2022-06-17 23:57:00,-1,1838.98,1840.2,0.22,-28.380000000000603,633.9176241581409,EOD,lw,-0.04476922382098144
2022-06-21 09:45:00,2022-06-21 16:50:00,-1,1833.99,1837.41,0.53,-184.97000000000386,637.5899999999899,NEWS,inside,-0.2901080631754055
2022-06-21 10:30:00,2022-06-21 16:50:00,-1,1832.8300000000002,1837.41,0.23,-106.94999999999833,625.5683082334634,NEWS,lw,-0.17096454310803155
2022-06-22 10:15:00,2022-06-22 16:20:00,-1,1824.78,1842.43,0.24,-425.2800000000022,632.1121495926725,NEWS,lw,-0.6727920041942698
2022-06-23 14:15:00,2022-06-23 15:20:00,-1,1826.94,1830.97,0.24,-98.39999999999935,629.029853193196,NEWS,lw,-0.15643136728802828
2022-06-24 01:05:00,2022-06-24 16:50:00,1,1824.27,1825.17,0.16,13.280000000001454,624.0648636793961,NEWS,friday,0.021279839280975533
2022-06-24 23:05:00,2022-06-24 23:55:00,1,1825.8,1827.21,0.75,100.50000000000614,639.0179786711929,TIME,fri_close,0.157272570341434
2022-06-27 18:15:00,2022-06-27 23:45:00,-1,1824.49,1823.43,0.25,24.749999999998636,630.8544068327495,TIME,tday,0.03923250710771414
2022-06-29 02:45:00,2022-06-29 15:20:00,-1,1818.18,1826.8700000000001,0.56,-490.5600000000031,633.3600000000006,NEWS,nr7,-0.7745358090185718
2022-06-29 13:00:00,2022-06-29 15:20:00,-1,1814.69,1826.8700000000001,0.26,-318.50000000000165,621.6329109434903,NEWS,lw,-0.5123602602001794
2022-06-30 14:45:00,2022-06-30 15:20:00,-1,1803.91,1806.48,0.26,-68.63999999999834,616.6019887332407,NEWS,lw,-0.11131978367603665
2022-06-30 18:15:00,2022-06-30 23:45:00,-1,1806.06,1807.47,0.26,-38.48000000000213,616.6019887332407,TIME,tday,-0.06240654539414672
2022-07-01 01:05:00,2022-07-01 16:35:00,1,1807.1299999999999,1794.9,0.17,-209.09999999999644,601.6803825963441,NEWS,friday,-0.3475267036257648
2022-07-01 01:07:00,2022-07-01 16:35:00,1,1806.94,1794.9,0.13,-157.42999999999952,307.0423519118617,NEWS,season,-0.5127305696420366
2022-07-01 01:10:00,2022-07-01 16:35:00,1,1806.6200000000001,1794.9,0.13,-153.27000000000035,613.1747038237235,NEWS,tom,-0.24996138791149916
2022-07-01 23:05:00,2022-07-01 23:55:00,1,1807.19,1808.4,0.5700000000000001,64.9800000000021,627.2109492960747,TIME,fri_close,0.10360150771112944
2022-07-04 01:05:00,2022-07-05 04:30:00,1,1810.55,1808.71,0.26,-70.32479999999788,616.3715106934576,TIME,strong_close,-0.11409482557180159
2022-07-04 01:07:00,2022-07-05 04:32:00,1,1809.61,1808.9,0.13,-20.47239999999752,308.1857553467288,TIME,season,-0.06642876786100887
2022-07-05 01:07:00,2022-07-05 16:55:00,1,1808.09,1785.354588903805,0.13,-296.4703442505333,295.82034425053376,SL,season,-1.0021972795740142
2022-07-05 18:15:00,2022-07-05 23:45:00,-1,1767.5900000000001,1766.06,0.27,39.4200000000054,614.3960995972624,TIME,tday,0.06416056356126817
2022-07-06 01:07:00,2022-07-06 16:35:00,1,1767.45,1762.22,0.12,-63.60000000000022,294.96029507188604,NEWS,season,-0.2156222415783114
2022-07-06 18:15:00,2022-07-06 23:45:00,-1,1737.6000000000001,1738.66,0.25,-28.249999999998636,614.500614733096,TIME,tday,-0.04597228924216589
2022-07-06 18:00:00,2022-07-07 15:20:00,-1,1743.64,1745.69,0.25,-27.192499999998866,614.500614733096,NEWS,lw,-0.0442513796537205
2022-07-08 01:05:00,2022-07-08 15:20:00,1,1740.8,1743.85,0.16,47.679999999999275,594.6527537464154,NEWS,friday,0.08018124813112697
2022-07-08 01:07:00,2022-07-08 15:20:00,1,1740.69,1743.85,0.12,37.07999999999825,297.60637687320775,NEWS,season,0.1245941044327683
2022-07-08 23:05:00,2022-07-08 23:55:00,1,1741.7,1742.56,0.74,58.45999999999259,630.3610697199903,TIME,fri_close,0.09274049875250201
2022-07-11 01:07:00,2022-07-11 23:47:00,1,1742.41,1733.35,0.12,-109.56000000000206,292.9773499536928,TIME,season,-0.3739538227692988
2022-07-12 01:07:00,2022-07-12 19:50:00,1,1733.3500000000001,1729.96,0.13,-44.9800000000013,307.17340560817905,NEWS,season,-0.14643194748889296
2022-07-13 01:07:00,2022-07-13 15:20:00,1,1726.03,1729.5,0.13,44.20000000000036,305.1595909218804,NEWS,season,0.14484224423841024
2022-07-14 01:07:00,2022-07-14 13:58:00,1,1736.2,1711.6943149341514,0.12,-294.90822079018363,294.3082207901833,SL,season,-1.0020386790365194
2022-07-14 18:15:00,2022-07-14 23:45:00,-1,1705.8,1711.26,0.25,-138.2500000000009,613.1421266462153,TIME,tday,-0.22547790143894572
2022-07-15 01:05:00,2022-07-15 15:20:00,1,1711.15,1707.52,0.16,-59.20000000000175,612.6295528960546,NEWS,friday,-0.09663262198199286
2022-07-15 01:07:00,2022-07-15 15:20:00,1,1710.7,1707.52,0.12,-39.00000000000076,306.59477644802735,NEWS,season,-0.1272037327309517
2022-07-15 23:05:00,2022-07-15 23:55:00,1,1705.98,1707.01,0.78,74.87999999999789,622.8370984922776,TIME,fri_close,0.12022405245490737
2022-07-18 01:07:00,2022-07-18 23:47:00,1,1707.3899999999999,1708.91,0.12,17.40000000000251,299.76372098745395,TIME,season,0.05804571661535638
2022-07-18 10:15:00,2022-07-19 11:17:00,1,1716.63,1711.52,0.25,-149.3700000000032,624.5077520571957,TIME,lw,-0.23918037767819908
2022-07-19 01:07:00,2022-07-19 23:47:00,1,1710.18,1711.3,0.12,12.599999999998689,293.8663123454931,TIME,season,0.04287663971903355
2022-07-19 14:00:00,2022-07-20 15:02:00,1,1717.03,1708.08,0.25,-245.37000000000114,612.2214840531107,TIME,lw,-0.40078632715658685
2022-07-20 01:07:00,2022-07-20 16:50:00,1,1711.55,1709.5,0.13,-27.55999999999941,307.9098022999306,NEWS,season,-0.08950673149779623
2022-07-20 19:45:00,2022-07-21 15:20:00,-1,1704.68,1686.41,0.26,500.03979999999956,615.8196045998612,NEWS,lw,0.8119907132948593
2022-07-21 11:45:00,2022-07-21 15:20:00,-1,1687.05,1686.41,0.26,14.81999999999669,613.0796328427281,NEWS,lw,0.024173042466407346
2022-07-22 01:05:00,2022-07-22 16:35:00,1,1718.25,1725.51,0.16,115.03999999999986,592.8053995794812,NEWS,friday,0.19406031065440002
2022-07-22 01:07:00,2022-07-22 16:35:00,1,1718.1599999999999,1725.51,0.12,87.36000000000163,296.68269978974064,NEWS,season,0.29445599646327125
2022-07-22 23:05:00,2022-07-22 23:55:00,1,1724.47,1726.91,0.5700000000000001,135.09000000000313,621.4904547667104,TIME,fri_close,0.21736456121552505
2022-07-25 01:07:00,2022-07-25 23:47:00,1,1726.56,1719.46,0.12,-86.03999999999891,298.22250694761635,TIME,season,-0.28850941158211135
2022-07-26 01:07:00,2022-07-26 16:50:00,1,1719.29,1719.63,0.12,3.2400000000017464,295.40947073707224,NEWS,season,0.010967827104248437
2022-07-27 01:07:00,2022-07-27 15:20:00,1,1718.11,1722.78,0.13,59.800000000000956,310.8178604438407,NEWS,season,0.19239563619223152
2022-07-27 11:30:00,2022-07-27 15:20:00,1,1724.23,1722.78,0.26,-39.52000000000118,621.6357208876814,NEWS,lw,-0.0635742102200426
2022-07-28 01:07:00,2022-07-28 15:20:00,1,1735.55,1739.58,0.13,51.47999999999965,315.35015612642354,NEWS,season,0.16324710484481691
2022-07-28 11:15:00,2022-07-28 15:20:00,1,1747.5,1739.58,0.26,-207.74000000000188,630.7003122528471,NEWS,lw,-0.3293798908358858
2022-07-29 01:05:00,2022-07-29 16:35:00,1,1755.5,1756.02,0.17,7.64999999999969,616.9970700874142,NEWS,friday,0.012398762280857935
2022-07-29 01:07:00,2022-07-29 16:35:00,1,1755.43,1756.02,0.13,6.759999999998936,314.8508592602504,NEWS,season,0.021470482932400812
2022-07-29 10:15:00,2022-07-29 16:35:00,1,1766.49,1756.02,0.26,-274.0400000000007,629.7017185205008,NEWS,lw,-0.4351901732837322
2022-07-29 23:05:00,2022-07-29 23:55:00,1,1763.02,1765.87,0.6900000000000001,191.81999999999374,623.3214278756958,TIME,fri_close,0.3077384980229605
2022-08-01 01:05:00,2022-08-01 16:35:00,1,1765.54,1770.17,0.26,118.56000000000284,614.4373100547508,NEWS,strong_close,0.1929570324911394
2022-08-01 01:07:00,2022-08-01 16:35:00,1,1765.12,1770.17,0.13,64.74000000000237,307.2186550273754,NEWS,season,0.2107293907469049
2022-08-01 01:10:00,2022-08-01 16:35:00,1,1765.4499999999998,1770.17,0.13,60.450000000003314,613.5273100547507,NEWS,tom,0.09852862131696925
2022-08-01 13:00:00,2022-08-01 16:35:00,1,1773.71,1770.17,0.26,-93.85999999999905,614.4373100547508,NEWS,lw,-0.1527576507221468
2022-08-02 01:05:00,2022-08-02 16:50:00,1,1772.12,1776.1,0.27,105.57000000000049,625.2788346956527,NEWS,strong_close,0.16883667596294935
2022-08-02 01:07:00,2022-08-02 16:50:00,1,1771.9699999999998,1776.1,0.13,52.78000000000143,301.0601796682772,NEWS,season,0.17531378629401273
2022-08-02 14:30:00,2022-08-02 16:50:00,1,1779.76,1776.1,0.27,-100.71000000000221,625.2788346956527,NEWS,lw,-0.16106414356568083
2022-08-03 01:07:00,2022-08-03 16:35:00,1,1762.1799999999998,1768.71,0.13,83.9800000000026,305.2401668348288,NEWS,season,0.27512761793714313
2022-08-04 01:07:00,2022-08-04 15:20:00,1,1765.57,1787.64,0.13,286.0000000000021,300.6622977751981,NEWS,season,0.9512333342634172
2022-08-04 10:15:00,2022-08-04 15:20:00,1,1773.38,1787.64,0.27,383.1299999999998,624.4524646100269,NEWS,lw,0.6135455005998992
2022-08-05 01:05:00,2022-08-05 15:20:00,1,1791.01,1787.26,0.17,-64.94000000000001,605.0341852333967,NEWS,friday,-0.10733277818830832
2022-08-05 01:07:00,2022-08-05 15:20:00,1,1791.06,1787.26,0.13,-50.309999999999405,308.7521336483982,NEWS,season,-0.1629462423644061
2022-08-05 23:05:00,2022-08-05 23:55:00,1,1774.06,1775.25,0.71,79.52000000000388,634.0102105605673,TIME,fri_close,0.12542384755869368
2022-08-08 01:07:00,2022-08-08 23:47:00,1,1774.97,1788.63,0.13,176.67000000000107,314.5276955306554,TIME,season,0.5616993432070656
2022-08-08 15:30:00,2022-08-09 16:32:00,1,1785.71,1797.5,0.26,284.05519999999905,629.0553910613108,TIME,lw,0.45155832703500925
2022-08-09 01:05:00,2022-08-09 23:45:00,1,1789.01,1794.37,0.26,137.5399999999974,620.0214345569315,TIME,strong_close,0.22183104056440203
2022-08-09 01:07:00,2022-08-09 23:47:00,1,1788.6799999999998,1793.95,0.13,67.60000000000272,310.01071727846573,TIME,season,0.21805697749243078
2022-08-09 16:30:00,2022-08-10 15:20:00,1,1797.27,1791.01,0.26,-185.24479999999977,620.0214345569315,NEWS,lw,-0.2987716063919243
2022-08-10 01:07:00,2022-08-10 15:20:00,1,1794.47,1791.01,0.13,-45.89000000000047,303.8942374728609,NEWS,season,-0.1510064829843924
2022-08-11 01:07:00,2022-08-11 15:20:00,1,1792.5,1796.68,0.13,53.43000000000084,301.46464908194224,NEWS,season,0.17723471114345427
2022-08-12 01:05:00,2022-08-12 23:00:00,1,1790.2599999999998,1801.37,0.18,198.7200000000023,611.3725375151743,TIME,friday,0.3250391337623177
2022-08-12 01:07:00,2022-08-12 23:47:00,1,1790.1299999999999,1800.49,0.14,144.0600000000018,317.33464908194225,TIME,season,0.4539687059600056
2022-08-12 23:05:00,2022-08-12 23:55:00,1,1801.02,1801.77,0.8200000000000001,55.76,634.3549192947078,TIME,fri_close,0.08790031937010186
2022-08-12 17:00:00,2022-08-12 23:57:00,1,1798.21,1801.62,0.28,93.51999999999595,634.6692981638845,EOD,lw,0.14735233021441535
2022-08-15 01:05:00,2022-08-15 12:49:00,1,1801.93,1779.6651508261978,0.28,-625.3757768664645,623.9757768664643,SL,strong_close,-1.0022436768411602
2022-08-15 01:07:00,2022-08-15 12:54:00,1,1801.27,1779.0051508261977,0.14,-312.6878884332323,311.9878884332322,SL,season,-1.0022436768411602
2022-08-16 01:07:00,2022-08-16 23:47:00,1,1779.32,1775.34,0.13,-52.65000000000024,296.34710788375617,TIME,season,-0.17766328268218667
2022-08-17 01:07:00,2022-08-17 15:20:00,1,1775.9599999999998,1767.5,0.14,-119.41999999999736,308.1971078837564,NEWS,season,-0.38747930121732144
2022-08-17 18:15:00,2022-08-17 23:45:00,-1,1762.67,1763.04,0.28,-12.319999999996947,616.3942157675128,TIME,tday,-0.019987208972518516
2022-08-18 01:07:00,2022-08-18 15:20:00,1,1762.9599999999998,1768.73,0.14,79.80000000000294,308.88302874920225,NEWS,season,0.2583502250775862
2022-08-18 14:45:00,2022-08-18 15:20:00,1,1771.22,1768.73,0.28,-71.68000000000025,617.7660574984045,NEWS,lw,-0.1160309782804559
2022-08-19 01:15:00,2022-08-19 09:10:00,1,1758.8,1755.9,0.45,-133.64999999999387,632.5710825950428,TIME,drift,-0.2112806033619363
2022-08-19 01:05:00,2022-08-19 23:00:00,1,1759.3,1746.54,0.19,-243.7699999999998,618.110623222344,TIME,friday,-0.39437924352306747
2022-08-19 01:07:00,2022-08-19 23:47:00,1,1758.9899999999998,1747.54,0.14,-161.27999999999744,303.95995526711636,TIME,season,-0.5305962091561256
2022-08-19 23:05:00,2022-08-19 23:55:00,1,1746.71,1746.87,0.91,8.189999999986757,626.7812328115735,TIME,fri_close,0.013066760093068836
2022-08-22 01:07:00,2022-08-22 23:47:00,1,1746.1999999999998,1734.7,0.14,-161.97999999999683,296.27852989089376,TIME,season,-0.546715281933007
2022-08-23 01:15:00,2022-08-23 09:10:00,1,1735.4699999999998,1737.07,0.4,61.20000000000546,615.6628218917969,TIME,drift,0.09940506040619974
2022-08-23 01:07:00,2022-08-23 16:35:00,1,1736.3799999999999,1739.12,0.14,37.38000000000014,296.5057777558299,NEWS,season,0.12606836967198076
2022-08-24 01:15:00,2022-08-24 09:10:00,1,1747.83,1745.17,0.39,-106.46999999999433,625.9833727067094,TIME,drift,-0.17008438984509336
2022-08-24 01:07:00,2022-08-24 15:20:00,1,1747.86,1746.01,0.14,-26.87999999999873,298.6867936304135,NEWS,season,-0.0899939353638088
2022-08-25 01:15:00,2022-08-25 09:10:00,1,1751.33,1756.26,0.41000000000000003,199.26000000000263,616.243022354923,TIME,drift,0.32334646035998366
2022-08-25 01:07:00,2022-08-25 15:20:00,1,1751.61,1759.87,0.15,122.84999999999985,311.5950242751561,NEWS,season,0.3942617514056204
2022-08-25 10:15:00,2022-08-25 15:20:00,1,1762.25,1759.87,0.3,-73.50000000000327,623.1900485503122,NEWS,lw,-0.11794154956578927
2022-08-26 01:15:00,2022-08-26 09:10:00,1,1757.68,1757.42,0.44,-14.5199999999996,618.2577928275598,TIME,drift,-0.023485348940922152
2022-08-26 01:05:00,2022-08-26 16:50:00,1,1758.48,1751.0,0.2,-151.00000000000037,611.7264736538616,NEWS,friday,-0.24684234948681
2022-08-26 01:07:00,2022-08-26 16:50:00,1,1758.24,1751.0,0.15,-109.65000000000013,306.21323682693077,NEWS,season,-0.35808380178539906
2022-08-26 18:15:00,2022-08-26 23:45:00,-1,1736.57,1738.7,0.3,-66.00000000000327,612.4264736538615,TIME,tday,-0.10776803884102817
2022-08-29 01:07:00,2022-08-29 23:47:00,1,1737.34,1737.25,0.15,-2.399999999998772,310.9337199107214,TIME,season,-0.007718686801444005
2022-08-30 01:15:00,2022-08-30 09:10:00,1,1737.82,1733.9,0.37,-147.62999999999428,617.6678349638413,TIME,drift,-0.2390119602207174
2022-08-30 01:07:00,2022-08-30 16:50:00,1,1737.86,1729.94,0.14,-111.85999999999785,294.715890589292,NEWS,season,-0.3795519806425467
2022-08-30 18:15:00,2022-08-30 23:45:00,-1,1724.8600000000001,1724.39,0.29,11.600000000000792,610.4829162206762,TIME,tday,0.019001350720529657
2022-08-30 17:30:00,2022-08-31 15:05:00,-1,1725.5,1713.67,0.29,351.01889999999787,610.4829162206762,NEWS,lw,0.5749856231408648
2022-08-31 10:15:00,2022-08-31 15:05:00,-1,1720.07,1713.67,0.3,189.8999999999959,611.9999999999978,NEWS,inside,0.3102941176470532
2022-08-31 11:30:00,2022-08-31 15:05:00,-1,1715.0900000000001,1713.67,0.3,40.50000000000218,627.953047601142,NEWS,lw,0.06449526784640536
2022-09-01 01:15:00,2022-09-01 09:10:00,1,1710.1799999999998,1706.23,0.39,-156.7799999999929,627.1236574740246,TIME,drift,-0.24999854196456733
2022-09-01 01:10:00,2022-09-01 15:20:00,1,1710.9799999999998,1701.4,0.15,-144.7499999999955,618.4992584867748,NEWS,tom,-0.23403423369357307
2022-09-02 01:15:00,2022-09-02 09:10:00,1,1696.1599999999999,1701.81,0.33,184.140000000003,627.334186589491,TIME,drift,0.2935277622937817
2022-09-02 01:05:00,2022-09-02 15:20:00,1,1697.59,1705.62,0.2,159.19999999999945,623.2385971662912,NEWS,friday,0.25543989207960116
2022-09-02 12:45:00,2022-09-02 15:20:00,1,1706.53,1705.62,0.3,-29.400000000002457,623.9385971662913,NEWS,lw,-0.047120021318647176
2022-09-02 23:05:00,2022-09-02 23:55:00,1,1710.26,1712.06,0.76,131.47999999999655,629.0549689116611,TIME,fri_close,0.20901194092381523
2022-09-06 01:15:00,2022-09-06 09:10:00,1,1711.99,1716.56,0.54,242.9999999999966,627.3158597780331,TIME,drift,0.3873646683920581
2022-09-06 10:15:00,2022-09-06 16:35:00,1,1715.93,1708.14,0.31,-243.65999999999886,621.2754439718027,NEWS,lw,-0.3921931928329323
2022-09-07 01:15:00,2022-09-07 09:10:00,1,1702.11,1696.76,0.4,-216.79999999999637,622.9628912186299,TIME,drift,-0.348014308807216
2022-09-08 01:15:00,2022-09-08 09:10:00,1,1718.7,1716.74,0.34,-69.02000000000123,625.3859301403521,TIME,drift,-0.11036385162120842
2022-09-07 17:45:00,2022-09-08 15:20:00,1,1713.17,1721.72,0.3,182.86799999999863,615.9961362880257,NEWS,lw,0.2968654983811355
2022-09-08 01:05:00,2022-09-08 15:20:00,1,1718.79,1721.72,0.29,82.94000000000185,611.0334366204416,NEWS,strong_close,0.1357372527086796
2022-09-08 17:30:00,2022-09-08 17:50:00,-1,1704.91,1707.23,0.29,-69.30999999999815,611.0334366204416,NEWS,lw,-0.11343078110969523
2022-09-09 01:05:00,2022-09-09 23:00:00,1,1708.9299999999998,1715.69,0.19,127.11000000000415,606.449207556339,TIME,friday,0.20959710791310687
2022-09-09 23:05:00,2022-09-09 23:55:00,1,1715.91,1717.48,0.87,130.49999999999446,627.5868344601882,TIME,fri_close,0.2079393525076774
2022-09-09 10:15:00,2022-09-09 23:57:00,1,1726.76,1716.85,0.29,-289.4200000000023,617.7653340046958,EOD,lw,-0.4684950483119895
2022-09-12 10:30:00,2022-09-12 19:50:00,1,1726.42,1730.7,0.29,122.08999999999921,617.3670958615032,NEWS,lw,0.1977591627711047
2022-09-13 18:15:00,2022-09-13 19:50:00,-1,1704.3500000000001,1704.25,0.29,0.870000000003956,621.3680175856813,NEWS,tday,0.0014001364334526448
2022-09-15 06:15:00,2022-09-15 15:20:00,-1,1691.7,1686.18,0.41000000000000003,223.44999999999928,626.8900000000011,NEWS,nr7,0.3564421190320453
2022-09-15 10:15:00,2022-09-15 15:20:00,-1,1686.53,1686.18,0.29,8.119999999997361,630.630994755001,NEWS,lw,0.012875992565433557
2022-09-15 18:15:00,2022-09-15 23:45:00,-1,1667.1200000000001,1664.0800000000002,0.29,86.12999999999894,630.630994755001,TIME,tday,0.13657749256910579
2022-09-16 01:05:00,2022-09-16 23:00:00,1,1664.98,1673.24,0.18,147.41999999999985,617.7985447266144,TIME,friday,0.23862147500725422
2022-09-16 23:05:00,2022-09-16 23:55:00,1,1673.78,1675.87,0.67,135.33999999999452,632.8221611560465,TIME,fri_close,0.21386735216850483
2022-09-19 15:15:00,2022-09-19 23:45:00,-1,1662.41,1675.7900000000002,0.27,-363.150000000003,624.8415058175702,TIME,tday900,-0.5811873837107564
2022-09-19 10:15:00,2022-09-20 11:17:00,-1,1662.66,1668.7,0.27,-155.67929999999902,624.8415058175702,TIME,lw,-0.2491500621366395
2022-09-20 15:15:00,2022-09-20 23:45:00,-1,1668.13,1664.65,0.27,92.0700000000005,619.4756839734581,TIME,tday900,0.1486256884361345
2022-09-20 13:15:00,2022-09-21 14:17:00,-1,1666.55,1673.5,0.27,-180.24930000000126,619.4756839734581,TIME,lw,-0.29097074294158115
2022-09-22 10:15:00,2022-09-22 15:20:00,-1,1658.6200000000001,1672.5900000000001,0.26,-365.0400000000007,611.0980187791713,NEWS,lw,-0.5973509793555932
2022-09-23 01:05:00,2022-09-23 16:35:00,1,1671.8,1649.89,0.17,-373.6599999999975,609.2903385310306,NEWS,friday,-0.6132708437505733
2022-09-23 18:15:00,2022-09-23 23:45:00,-1,1643.69,1644.01,0.26,-10.139999999998345,621.8438745806586,TIME,tday,-0.016306343785787502
2022-09-26 19:45:00,2022-09-27 15:20:00,-1,1628.27,1638.91,0.25,-259.1475000000025,619.7891737327309,NEWS,lw,-0.41812201791016373
2022-09-28 10:00:00,2022-09-28 16:25:00,-1,1621.72,1642.3799999999999,0.3,-621.8999999999957,620.399999999997,SL,inside,-1.0024177949709843
2022-09-28 10:15:00,2022-09-28 16:27:00,-1,1618.03,1642.7576776246594,0.25,-619.9419406164866,618.6919406164872,SL,lw,-1.0020203916003074
2022-09-29 01:05:00,2022-09-29 15:20:00,1,1659.1799999999998,1652.29,0.23,-160.07999999999709,607.3475435552278,NEWS,strong_close,-0.2635723181869436
2022-09-30 01:05:00,2022-09-30 16:35:00,1,1661.61,1669.33,0.15,114.75000000000041,588.8840263661617,NEWS,friday,0.19486009954810712
2022-09-30 10:15:00,2022-09-30 16:35:00,1,1673.33,1669.33,0.23,-93.61,602.5070047298542,NEWS,lw,-0.15536748828666627
2022-09-30 23:05:00,2022-09-30 23:55:00,1,1661.66,1660.62,0.64,-71.04000000001223,616.4757028107673,TIME,fri_close,-0.11523568516344039
2022-10-03 01:10:00,2022-10-03 16:35:00,1,1665.13,1667.36,0.12,25.91999999999749,610.6756070674362,NEWS,tom,0.042444793438646676
2022-10-03 15:30:00,2022-10-03 16:35:00,1,1668.96,1667.36,0.24,-40.08000000000327,611.5156070674361,NEWS,lw,-0.06554207208579611
2022-10-04 01:05:00,2022-10-04 16:50:00,1,1699.29,1709.97,0.23,244.03000000000145,612.8803765272722,NEWS,strong_close,0.3981690544290783
2022-10-04 17:45:00,2022-10-05 15:05:00,1,1719.13,1706.05,0.23,-320.73040000000356,612.8803765272722,NEWS,lw,-0.5233164778701828
2022-10-05 01:05:00,2022-10-05 15:05:00,1,1725.05,1706.05,0.22,-419.54,598.3381605180119,NEWS,strong_close,-0.7011754016103249
2022-10-07 01:05:00,2022-10-07 15:20:00,1,1712.01,1709.76,0.15,-34.8,597.858477590385,NEWS,friday,-0.05820775535417392
2022-10-07 23:05:00,2022-10-07 23:55:00,1,1695.69,1694.72,0.56,-58.24000000000154,615.8067169086331,TIME,fri_close,-0.09457512950226973
2022-10-10 15:15:00,2022-10-10 23:45:00,-1,1676.38,1668.16,0.23,187.4500000000006,607.7465390461113,TIME,tday900,0.3084345001687921
2022-10-10 18:15:00,2022-10-10 23:45:00,-1,1667.8300000000002,1668.16,0.23,-9.199999999998328,607.7465390461113,TIME,tday,-0.015137889578833622
2022-10-10 10:30:00,2022-10-11 11:32:00,-1,1685.81,1666.74,0.23,444.9142999999986,607.7465390461113,TIME,lw,0.7320721245049194
2022-10-13 14:45:00,2022-10-13 15:20:00,1,1680.5900000000001,1675.8,0.23,-111.78000000000439,597.9771706575463,NEWS,lw,-0.18693021320042894
2022-10-14 01:05:00,2022-10-14 15:20:00,1,1666.12,1655.03,0.15,-167.39999999999878,606.9381907370564,NEWS,friday,-0.2758106221602414
2022-10-14 18:15:00,2022-10-14 23:45:00,-1,1647.05,1643.53,0.22,75.8999999999996,593.9640087206774,TIME,tday,0.12778552047872144
2022-10-14 17:15:00,2022-10-14 23:57:00,-1,1649.43,1644.62,0.22,104.2800000000038,593.9640087206774,EOD,lw,0.1755661933533811
2022-10-17 12:30:00,2022-10-18 13:32:00,1,1657.18,1652.33,0.22,-125.725600000003,601.1794366692004,TIME,lw,-0.20913157092760581
2022-10-19 09:15:00,2022-10-19 17:20:00,-1,1645.51,1634.98,0.4,418.3999999999989,608.7999999999946,NEWS,inside,0.6872536136662329
2022-10-19 10:15:00,2022-10-19 17:20:00,-1,1638.44,1634.98,0.23,77.97000000000084,604.0564077767121,NEWS,lw,0.12907734939353915
2022-10-19 15:15:00,2022-10-19 17:20:00,-1,1634.0800000000002,1634.98,0.23,-22.30999999999686,604.0564077767121,NEWS,tday900,-0.03693363684711328
2022-10-19 18:15:00,2022-10-19 23:45:00,-1,1634.21,1629.17,0.23,114.30999999999918,604.0564077767121,TIME,tday,0.18923729394863661
2022-10-20 17:30:00,2022-10-21 18:32:00,1,1642.51,1645.41,0.23,46.80960000000209,605.0038072212327,TIME,lw,0.0773707527808749
2022-10-21 01:05:00,2022-10-21 23:00:00,1,1628.49,1655.19,0.15,399.45000000000067,586.3532255037593,TIME,friday,0.6812446536075885
2022-10-21 23:05:00,2022-10-21 23:55:00,1,1654.99,1657.04,0.5,98.99999999999773,621.0668518890099,TIME,fri_close,0.15940312979010818
2022-10-24 01:05:00,2022-10-24 16:35:00,1,1660.3999999999999,1647.62,0.23,-295.5499999999994,623.5878235734099,NEWS,strong_close,-0.4739508836243444
2022-10-24 18:15:00,2022-10-24 23:45:00,-1,1647.6200000000001,1650.0900000000001,0.22,-55.8800000000006,596.4753095050007,TIME,tday,-0.09368367660745916
2022-10-25 13:15:00,2022-10-25 16:50:00,-1,1639.3700000000001,1659.8000000000002,0.22,-451.0000000000015,595.6856445403578,NEWS,lw,-0.757110741434774
2022-10-26 10:15:00,2022-10-26 16:50:00,1,1666.2,1666.16,0.23,-2.5299999999991636,617.8392458362564,NEWS,lw,-0.0040949163023381
2022-10-28 01:05:00,2022-10-28 23:00:00,1,1662.4199999999998,1645.04,0.15,-261.74999999999824,583.8580096034526,TIME,friday,-0.44831105456234954
2022-10-28 23:05:00,2022-10-28 23:55:00,1,1644.53,1645.2,0.8,48.00000000000582,615.4984454457125,TIME,fri_close,0.07798557470806718
2022-11-01 01:10:00,2022-11-01 16:35:00,1,1633.02,1652.78,0.12,236.27999999999986,606.6753938665769,NEWS,tom,0.3894669247982781
2022-11-01 10:15:00,2022-11-01 16:35:00,1,1649.66,1652.78,0.24,73.19999999999737,607.5153938665769,NEWS,lw,0.12049077396065724
2022-11-03 12:45:00,2022-11-03 15:20:00,-1,1620.72,1623.7,0.23,-70.15000000000042,599.2756666580325,NEWS,lw,-0.11705798166510646
2022-11-04 01:05:00,2022-11-04 15:20:00,1,1629.4199999999998,1650.38,0.15,313.35000000000394,582.9980822902934,NEWS,friday,0.5374803271547932
2022-11-04 10:15:00,2022-11-04 15:20:00,1,1647.66,1650.38,0.23,60.95000000000063,596.4902618967444,NEWS,lw,0.10218104786185327
2022-11-04 23:05:00,2022-11-04 23:55:00,1,1680.08,1680.56,0.61,25.01000000000111,621.9281798215727,TIME,fri_close,0.04021364654545211
2022-11-07 01:05:00,2022-11-07 23:45:00,1,1675.4799999999998,1674.52,0.22,-22.659999999995797,613.3390524921398,TIME,strong_close,-0.03694530766942514
2022-11-08 10:30:00,2022-11-08 17:10:00,-1,1668.72,1695.6612587090838,0.23,-621.258950308926,620.1089503089279,SL,lw,-1.001854512822989
2022-11-09 01:05:00,2022-11-09 17:20:00,1,1711.8700000000001,1716.79,0.21,101.84999999999675,604.0145448271344,NEWS,strong_close,0.16862176726082923
2022-11-10 16:00:00,2022-11-10 19:50:00,1,1733.33,1747.63,0.28,398.4400000000051,605.0365635392009,NEWS,trendH4,0.6585387132131393
2022-11-11 01:05:00,2022-11-11 23:00:00,1,1753.4299999999998,1767.82,0.13,186.1600000000013,583.7300747030664,TIME,friday,0.31891452585289143
2022-11-11 23:05:00,2022-11-11 23:55:00,1,1767.01,1769.88,0.6900000000000001,193.20000000000815,622.1437552196866,TIME,fri_close,0.310539161374025
2022-11-11 08:00:00,2022-11-11 23:57:00,1,1760.9,1770.14,0.27,247.5900000000003,608.4687115265154,EOD,trendH4,0.40690670746052154
2022-11-11 12:00:00,2022-11-11 23:57:00,1,1764.1,1770.14,0.27,161.1900000000052,606.8947759501892,EOD,trendH4,0.2655979362281326
2022-11-14 01:05:00,2022-11-14 23:45:00,1,1763.95,1771.79,0.21,163.16999999999828,622.4800747030665,TIME,strong_close,0.2621288722821098
2022-11-15 01:05:00,2022-11-15 15:20:00,1,1770.6499999999999,1775.33,0.21,96.81000000000134,610.762212224276,NEWS,strong_close,0.1585068592364913
2022-11-15 10:15:00,2022-11-15 15:20:00,1,1780.55,1775.33,0.21,-111.09000000000056,610.762212224276,NEWS,lw,-0.1818874805555383
2022-11-15 12:00:00,2022-11-15 15:20:00,1,1776.94,1775.33,0.3,-50.40000000000382,619.4869086953444,NEWS,trendH4,-0.08135765145731254
2022-11-17 11:00:00,2022-11-17 15:20:00,-1,1766.92,1758.8400000000001,0.22,176.2199999999984,603.3513034620648,NEWS,lw,0.29206864887643036
2022-11-18 01:05:00,2022-11-18 16:50:00,1,1760.63,1751.68,0.15,-135.3000000000007,605.1842735800454,NEWS,friday,-0.22356826822286066
2022-11-18 19:30:00,2022-11-18 23:57:00,-1,1751.53,1751.23,0.23,5.289999999998954,619.169479659602,EOD,lw,0.008543702772473884
2022-11-21 10:30:00,2022-11-22 11:32:00,-1,1742.3700000000001,1745.8500000000001,0.23,-73.73570000000042,608.0302311124874,TIME,lw,-0.1212697925645725
2022-11-22 11:45:00,2022-11-23 12:47:00,1,1747.69,1736.45,0.24,-290.5152000000002,624.3587332518512,TIME,lw,-0.46530173204578756
2022-11-24 01:05:00,2022-11-25 03:15:00,1,1750.1299999999999,1754.5,0.24,84.12480000000284,603.8505404059329,TIME,strong_close,0.1393139433864723
2022-11-25 05:00:00,2022-11-25 11:51:00,1,1758.8600000000001,1749.24,0.64,-620.1600000000076,616.9600000000105,SL,nr7,-1.0051867219916963
2022-11-25 01:05:00,2022-11-25 20:45:00,1,1754.97,1754.46,0.17,-9.859999999999845,612.6539706683535,EOD,friday,-0.016093913484708868
2022-11-28 11:15:00,2022-11-29 12:17:00,1,1760.97,1754.87,0.26,-181.08480000000355,608.8953559829226,TIME,lw,-0.2973988850804806
2022-11-29 10:15:00,2022-11-29 16:50:00,1,1753.5900000000001,1751.8,0.26,-48.360000000004966,610.3085448412857,NEWS,lw,-0.07923860874761514
2022-11-30 10:45:00,2022-11-30 15:05:00,1,1757.67,1760.87,0.26,81.37999999999528,602.9107916383367,NEWS,lw,0.13497850947211448
2022-11-30 11:00:00,2022-11-30 15:05:00,1,1759.68,1760.87,0.31,34.71999999999464,617.8300000000039,NEWS,inside,0.05619668840942399
2022-12-01 01:05:00,2022-12-01 15:20:00,1,1769.98,1785.04,0.26,389.7399999999986,606.75716366417,NEWS,strong_close,0.6423327540895969
2022-12-01 01:10:00,2022-12-01 15:20:00,1,1770.58,1785.04,0.13,187.07000000000048,605.84716366417,NEWS,tom,0.3087742440991209
2022-12-01 12:15:00,2022-12-01 15:20:00,1,1779.26,1785.04,0.26,148.4599999999993,606.75716366417,NEWS,lw,0.2446777869147161
2022-12-01 16:00:00,2022-12-01 16:35:00,1,1789.5800000000002,1798.19,0.32,273.2799999999968,611.6496272151248,NEWS,trendH4,0.44679173801553024
2022-12-01 18:15:00,2022-12-01 23:45:00,1,1799.3,1802.94,0.26,92.82000000000261,606.75716366417,TIME,tday,0.15297718026016902
2022-12-01 20:00:00,2022-12-02 15:20:00,1,1801.77,1799.88,0.31,-85.39879999999606,609.1142975464193,NEWS,trendH4,-0.14020160147938082
2022-12-02 01:05:00,2022-12-02 15:20:00,1,1802.68,1799.88,0.17,-48.78999999999923,617.4677740512975,NEWS,friday,-0.07901626943197508
2022-12-02 23:05:00,2022-12-02 23:55:00,1,1798.47,1798.6,0.6900000000000001,4.1399999999918435,622.4240963305015,TIME,fri_close,0.006651413440448716
2022-12-05 04:00:00,2022-12-05 16:35:00,1,1806.67,1790.98,0.31,-488.5600000000017,625.7844320526905,NEWS,trendH4,-0.7807161299897365
2022-12-06 15:15:00,2022-12-06 23:45:00,1,1777.66,1771.03,0.24,-160.80000000000263,618.6698862649189,TIME,tday900,-0.25991244049519957
2022-12-07 15:45:00,2022-12-07 17:20:00,1,1778.2,1784.94,0.25,166.75000000000023,622.7372411788648,NEWS,lw,0.2677694362462349
2022-12-07 16:45:00,2022-12-07 17:20:00,1,1784.6000000000001,1784.94,0.36,9.719999999997054,618.4800000000046,NEWS,inside,0.015715948777643547
2022-12-09 01:05:00,2022-12-09 15:20:00,1,1789.96,1802.41,0.17,210.46000000000078,608.6889573184319,NEWS,friday,0.34575951718785647
2022-12-09 05:30:00,2022-12-09 15:20:00,1,1795.3500000000001,1802.41,0.45,314.54999999999757,621.0000000000008,NEWS,nr7,0.5065217391304302
2022-12-09 13:30:00,2022-12-09 15:20:00,1,1798.52,1802.41,0.26,99.32000000000261,621.2307015795777,NEWS,lw,0.15987619373521902
2022-12-09 23:05:00,2022-12-09 23:55:00,1,1795.97,1796.88,0.71,59.64000000000581,620.9084069452142,TIME,fri_close,0.09605281444557433
2022-12-12 10:30:00,2022-12-12 19:50:00,-1,1789.02,1782.17,0.26,176.27999999999764,609.7656514667505,NEWS,lw,0.2890946703474817
2022-12-13 15:00:00,2022-12-13 15:20:00,1,1789.2,1788.55,0.27,-19.44000000000246,626.2897353429379,NEWS,lw,-0.031039946693933416
2022-12-13 16:00:00,2022-12-13 19:50:00,1,1811.18,1807.56,0.34,-125.46000000000403,619.0706356857032,NEWS,trendH4,-0.20265861885217729
2022-12-15 10:15:00,2022-12-15 15:20:00,-1,1782.3300000000002,1778.2,0.25,101.50000000000273,606.3367123627952,NEWS,lw,0.16739873725355306
2022-12-16 01:05:00,2022-12-16 16:35:00,1,1776.47,1785.33,0.16,140.6399999999984,599.7915835919773,NEWS,friday,0.23448144963579906
2022-12-16 15:15:00,2022-12-16 16:35:00,1,1785.66,1785.33,0.25,-10.000000000003865,625.3662329083097,NEWS,tday900,-0.015990629928159313
2022-12-16 18:15:00,2022-12-16 23:45:00,1,1790.46,1792.71,0.25,54.5,625.3662329083097,TIME,tday,0.08714893310843458
2022-12-16 23:05:00,2022-12-16 23:55:00,1,1793.13,1792.94,0.8,-20.800000000004367,626.8252682394706,TIME,fri_close,-0.03318309113227706
2022-12-19 01:05:00,2022-12-19 23:45:00,1,1792.65,1787.28,0.25,-136.00000000000296,616.4829305577161,TIME,strong_close,-0.22060627027737373
2022-12-19 03:15:00,2022-12-20 04:17:00,1,1794.79,1786.42,0.3,-277.04399999999674,610.1999999999995,TIME,inside,-0.4540216322517158
2022-12-20 18:15:00,2022-12-20 23:45:00,1,1817.3400000000001,1817.95,0.26,14.039999999997399,622.9992300814519,TIME,tday,0.022536143420533263
2022-12-20 10:15:00,2022-12-21 11:17:00,1,1797.93,1814.41,0.26,405.9952000000005,622.9992300814519,TIME,lw,0.6516784939636604
2022-12-20 10:45:00,2022-12-21 11:47:00,1,1801.92,1813.8,0.34,374.516799999996,610.9800000000031,TIME,nr7,0.6129771841958724
2022-12-21 01:05:00,2022-12-21 16:50:00,1,1818.06,1818.87,0.25,18.499999999998636,621.5350268584393,NEWS,strong_close,0.02976501596942531
2022-12-22 16:00:00,2022-12-23 15:20:00,-1,1807.71,1798.26,0.26,252.82660000000118,622.62239736615,NEWS,lw,0.40606730671675406
2022-12-23 18:15:00,2022-12-23 23:45:00,1,1802.77,1797.57,0.25,-131.75000000000114,619.6985690769194,TIME,tday,-0.21260336327103543
2022-12-23 23:05:00,2022-12-23 23:55:00,1,1797.98,1798.06,0.97,0.9699999999929423,631.4954486208318,TIME,fri_close,0.001536036407089544
2022-12-27 04:00:00,2022-12-28 05:02:00,1,1804.74,1811.3,0.46,261.9791999999975,619.1600000000046,TIME,inside,0.423120356612177
2022-12-27 10:15:00,2022-12-28 11:17:00,1,1807.08,1801.01,0.26,-180.30479999999835,621.1089038514252,TIME,lw,-0.29029498511766444
2022-12-28 12:00:00,2022-12-29 13:02:00,-1,1800.06,1806.14,0.25,-127.94250000000386,616.9900927244865,TIME,lw,-0.2073655663335519
2022-12-30 01:05:00,2022-12-30 16:35:00,1,1815.12,1822.11,0.17,117.64000000000017,602.002919305342,NEWS,friday,0.19541433476061265
2022-12-30 15:45:00,2022-12-30 16:35:00,1,1821.63,1822.11,0.26,10.659999999994561,614.4135647819172,NEWS,lw,0.017349877364407264
2022-12-30 23:05:00,2022-12-30 23:55:00,1,1823.29,1824.22,0.72,61.920000000004585,626.0319049169765,TIME,fri_close,0.09890869700677049
2023-01-03 01:15:00,2023-01-03 09:10:00,1,1827.46,1841.25,0.38,521.3599999999986,623.6082946940255,TIME,drift,0.8360376288064045
2023-01-03 01:05:00,2023-01-03 16:35:00,1,1829.0,1844.6,0.27,419.3099999999976,617.117366039706,NEWS,strong_close,0.6794655653443704
2023-01-03 01:07:00,2023-01-03 16:35:00,1,1830.96,1844.6,0.13,176.40999999999835,297.13058364874735,NEWS,season,0.5937120232918913
2023-01-03 01:10:00,2023-01-03 16:35:00,1,1830.73,1844.6,0.13,179.39999999999858,593.3511672974946,NEWS,tom,0.30235046274047517
2023-01-03 08:00:00,2023-01-03 16:35:00,1,1840.53,1844.6,0.38,151.99999999999758,628.074409814979,NEWS,trendH4,0.2420095415840528
2023-01-03 10:15:00,2023-01-03 16:35:00,1,1844.01,1844.6,0.27,14.03999999999779,617.117366039706,NEWS,lw,0.0227509397282047
2023-01-04 01:15:00,2023-01-04 09:10:00,1,1838.78,1849.21,0.28,290.0800000000018,637.4484560291025,TIME,drift,0.45506424442066307
2023-01-04 01:07:00,2023-01-04 16:50:00,1,1838.53,1857.19,0.13,241.6700000000011,300.337684816694,NEWS,season,0.804660927407429
2023-01-04 10:15:00,2023-01-04 16:50:00,1,1859.65,1857.19,0.27,-68.31000000000098,623.7782684654414,NEWS,lw,-0.10951006704361567
2023-01-04 12:00:00,2023-01-04 16:50:00,1,1860.76,1857.19,0.34,-123.75999999999785,635.1577085606347,NEWS,trendH4,-0.1948492450488511
2023-01-04 18:15:00,2023-01-04 23:45:00,1,1859.3400000000001,1853.66,0.27,-155.25000000000173,623.7782684654414,TIME,tday,-0.24888651600821662
2023-01-05 01:07:00,2023-01-05 15:05:00,1,1854.74,1847.12,0.13,-99.97000000000153,305.91570732978727,NEWS,season,-0.32678936584394
2023-01-06 01:05:00,2023-01-06 15:20:00,1,1832.05,1835.91,0.17,64.43000000000217,618.537181207827,NEWS,friday,0.10416512047697557
2023-01-06 01:07:00,2023-01-06 15:20:00,1,1832.81,1835.91,0.13,39.39000000000178,315.6360139490882,NEWS,season,0.12479564517107149
2023-01-06 18:15:00,2023-01-06 23:45:00,1,1862.32,1866.42,0.26,104.78000000000357,631.2720278981764,TIME,tday,0.1659823267456807
2023-01-06 23:05:00,2023-01-06 23:55:00,1,1866.71,1866.48,0.64,-19.200000000001168,638.0518316209573,TIME,fri_close,-0.030091599222000463
2023-01-09 01:05:00,2023-01-09 23:45:00,1,1866.62,1871.31,0.25,115.50000000000136,634.3678820519432,TIME,strong_close,0.1820710084287401
2023-01-09 01:07:00,2023-01-09 23:47:00,1,1867.56,1871.3,0.12,44.040000000000106,304.4965833849327,TIME,season,0.14463216470421428
2023-01-09 04:00:00,2023-01-10 15:50:00,1,1874.6200000000001,1870.9,0.31,-142.12880000000084,639.9711486878454,NEWS,trendH4,-0.22208626168759693
2023-01-09 08:00:00,2023-01-10 15:50:00,1,1878.16,1870.9,0.31,-251.8687999999997,624.2940912534532,NEWS,trendH4,-0.40344575341775113
2023-01-10 01:07:00,2023-01-10 15:50:00,1,1871.02,1870.9,0.12,-2.27999999999869,296.27254171458037,NEWS,season,-0.007695616970792961
2023-01-10 17:00:00,2023-01-11 17:20:00,1,1878.41,1872.77,0.25,-162.6200000000025,617.2344619053758,NEWS,lw,-0.2634655224823346
2023-01-11 01:07:00,2023-01-11 17:20:00,1,1877.39,1872.77,0.13,-60.970000000001534,310.08892589145296,NEWS,season,-0.19662101709928256
2023-01-11 07:45:00,2023-01-11 17:20:00,1,1884.48,1872.77,0.38,-447.6400000000014,628.9000000000007,NEWS,inside,-0.7117824773413912
2023-01-11 08:00:00,2023-01-11 17:20:00,1,1882.46,1872.77,0.34,-331.84000000000185,627.1555390792586,NEWS,trendH4,-0.5291191408229986
2023-01-11 10:15:00,2023-01-11 17:20:00,1,1882.46,1872.77,0.26,-253.7600000000014,620.1778517829059,NEWS,lw,-0.4091729481639574
2023-01-11 12:00:00,2023-01-11 17:20:00,1,1884.8,1872.77,0.35000000000000003,-423.4999999999991,635.318725717216,NEWS,trendH4,-0.666594549880309
2023-01-12 01:15:00,2023-01-12 09:10:00,1,1877.58,1883.65,0.39,234.00000000000642,628.7269670866534,TIME,drift,0.3721806320544792
2023-01-12 01:07:00,2023-01-12 15:20:00,1,1877.27,1888.55,0.13,145.72999999999965,306.1211454706349,NEWS,season,0.4760533604300753
2023-01-12 11:30:00,2023-01-12 15:20:00,1,1883.1000000000001,1888.55,0.26,139.87999999999528,612.2422909412697,NEWS,lw,0.22847163952843216
2023-01-12 16:00:00,2023-01-12 16:53:00,1,1899.89,1880.4742196790746,0.32,-623.5449702696153,621.9449702696155,SL,trendH4,-1.0025725748683298
2023-01-13 01:05:00,2023-01-13 23:00:00,1,1896.07,1920.62,0.17,416.1599999999993,613.1920863929421,TIME,friday,0.6786780345585186
2023-01-13 18:15:00,2023-01-13 23:45:00,1,1911.27,1919.98,0.26,224.64000000000095,625.8221273026077,TIME,tday,0.3589518334358596
2023-01-13 01:07:00,2023-01-13 23:47:00,1,1895.98,1920.16,0.13,313.4300000000008,312.91106365130383,TIME,season,1.0016584148308518
2023-01-13 23:05:00,2023-01-13 23:55:00,1,1920.19,1920.52,0.6900000000000001,17.93999999999498,631.2270052710854,TIME,fri_close,0.02842083727436615
2023-01-13 11:15:00,2023-01-13 23:57:00,1,1908.8400000000001,1920.33,0.26,296.91999999999433,625.8221273026077,EOD,lw,0.4744479094719237
2023-01-13 12:00:00,2023-01-13 23:57:00,1,1904.5,1920.33,0.31,488.5599999999977,623.4101041102385,EOD,trendH4,0.783689575736496
2023-01-13 20:00:00,2023-01-13 23:57:00,1,1917.03,1920.33,0.29,93.66999999999868,617.2592878975879,EOD,trendH4,0.15175146301814718
2023-01-16 01:05:00,2023-01-17 03:15:00,1,1919.04,1914.2,0.26,-148.32479999999788,636.166261066707,TIME,strong_close,-0.23315414393603762
2023-01-16 01:07:00,2023-01-17 03:17:00,1,1919.32,1915.01,0.13,-67.2723999999993,318.0831305333535,TIME,season,-0.21149313981913687
2023-01-17 01:15:00,2023-01-17 09:10:00,1,1916.54,1908.19,0.41000000000000003,-345.2199999999963,627.7492357504747,TIME,drift,-0.5499329674010444
2023-01-16 04:00:00,2023-01-17 21:14:00,1,1924.3500000000001,1903.8853902645667,0.31,-661.2117017984366,635.0229017984395,SL,trendH4,-1.0412407173439384
2023-01-17 01:07:00,2023-01-17 23:47:00,1,1916.8,1908.3,0.13,-111.41,312.2629069238283,TIME,season,-0.35678269025778564
2023-01-18 01:15:00,2023-01-18 09:10:00,1,1908.52,1904.16,0.35000000000000003,-155.04999999999652,622.5456932963174,TIME,drift,-0.24905802364324814
2023-01-18 01:07:00,2023-01-18 15:20:00,1,1908.42,1917.44,0.13,116.34999999999977,304.1841278578406,NEWS,season,0.382498589980262
2023-01-18 12:00:00,2023-01-18 15:20:00,1,1914.95,1917.44,0.27,65.34000000000024,631.7670347816689,NEWS,lw,0.10342419974885356
2023-01-19 01:15:00,2023-01-19 09:10:00,1,1904.52,1909.37,0.33,157.739999999997,630.8879472977114,TIME,drift,0.25002855209969743
2023-01-19 01:07:00,2023-01-19 15:20:00,1,1904.23,1908.13,0.13,49.79000000000119,309.7752615822808,NEWS,season,0.16072942605449547
2023-01-19 16:30:00,2023-01-19 17:50:00,1,1917.52,1919.18,0.26,41.34000000000213,619.5505231645616,NEWS,lw,0.06672579306178977
2023-01-20 01:05:00,2023-01-20 16:50:00,1,1932.34,1924.75,0.17,-130.21999999999863,625.9860121677254,NEWS,friday,-0.20802381757550797
2023-01-20 01:07:00,2023-01-20 16:50:00,1,1932.6699999999998,1924.75,0.12,-95.87999999999813,294.86165278481195,NEWS,season,-0.32516944504130113
2023-01-20 23:05:00,2023-01-20 23:55:00,1,1927.53,1926.68,0.79,-72.67999999999282,630.1729871843237,TIME,fri_close,-0.11533341079047893
2023-01-23 01:07:00,2023-01-23 23:47:00,1,1925.07,1931.16,0.13,78.2600000000019,312.30963881329296,TIME,season,0.2505846450893173
2023-01-24 01:15:00,2023-01-24 09:10:00,1,1931.39,1938.5,0.3,211.19999999999698,619.9795602906673,TIME,drift,0.34065639180262536
2023-01-24 01:05:00,2023-01-24 16:35:00,1,1931.19,1930.07,0.26,-30.940000000003078,624.9650435104013,NEWS,strong_close,-0.04950676893257013
2023-01-24 01:07:00,2023-01-24 16:35:00,1,1931.6000000000001,1930.07,0.13,-20.8000000000026,312.48252175520065,NEWS,season,-0.06656372293454979
2023-01-25 01:15:00,2023-01-25 09:10:00,1,1937.14,1932.22,0.32,-159.68000000000234,618.0573383640715,TIME,drift,-0.2583579064406183
2023-01-25 01:07:00,2023-01-25 17:20:00,1,1937.15,1933.58,0.13,-47.320000000002125,313.82234162982934,NEWS,season,-0.15078595027443475
2023-01-26 01:15:00,2023-01-26 09:10:00,1,1947.89,1943.26,0.29,-136.30000000000317,619.4589600478547,TIME,drift,-0.2200307184021903
2023-01-26 01:05:00,2023-01-26 15:20:00,1,1946.54,1936.52,0.25,-252.24999999999955,610.9327529104095,NEWS,strong_close,-0.41289323382698206
2023-01-26 01:07:00,2023-01-26 15:20:00,1,1947.2299999999998,1936.52,0.12,-129.3599999999977,293.24772139699655,NEWS,season,-0.44112874733942475
2023-01-27 01:05:00,2023-01-27 23:00:00,1,1929.19,1926.54,0.16,-43.52000000000145,596.5000540229936,TIME,friday,-0.07295892046696087
2023-01-27 01:07:00,2023-01-27 23:47:00,1,1929.7,1928.37,0.12,-16.800000000001855,298.5300270114968,TIME,season,-0.056275746088867845
2023-01-27 23:05:00,2023-01-27 23:55:00,1,1928.54,1928.49,0.6900000000000001,-8.279999999996862,628.5616800370428,TIME,fri_close,-0.013172931572139269
2023-01-30 01:07:00,2023-01-30 23:47:00,1,1928.61,1922.53,0.12,-73.79999999999913,293.132167939247,TIME,season,-0.2517635663080639
2023-01-31 01:15:00,2023-01-31 09:10:00,1,1923.14,1914.82,0.37,-310.43000000000603,629.4484806277549,TIME,drift,-0.4931777731680459
2023-01-31 01:07:00,2023-01-31 16:35:00,1,1922.6499999999999,1922.32,0.13,-5.199999999999054,307.77485941507604,NEWS,season,-0.01689546706277965
2023-02-01 01:15:00,2023-02-01 09:10:00,1,1927.5,1927.62,0.33,1.6499999999963983,615.5554901502859,TIME,drift,0.0026805056999711857
2023-02-01 01:05:00,2023-02-01 15:05:00,1,1927.77,1929.93,0.26,54.34000000000213,627.9090246279984,NEWS,strong_close,0.08654119923215882
2023-02-01 01:10:00,2023-02-01 15:05:00,1,1927.48,1929.93,0.13,30.940000000000595,626.9990246279983,NEWS,tom,0.049346169267739215
2023-02-02 01:05:00,2023-02-02 15:20:00,1,1953.33,1952.91,0.25,-12.249999999996135,621.4187719892842,NEWS,strong_close,-0.01971295453592666
2023-02-02 17:00:00,2023-02-03 15:20:00,-1,1921.3300000000002,1914.95,0.25,166.35250000000272,621.4187719892842,NEWS,lw,0.2676978995460268
2023-02-03 23:05:00,2023-02-03 23:55:00,1,1865.01,1865.76,0.49,33.32,625.7739065018746,TIME,fri_close,0.053246068034797776
2023-02-07 10:30:00,2023-02-07 19:30:00,1,1876.18,1873.79,0.22,-54.1200000000022,620.4612671330916,NEWS,lw,-0.08722542867191294
2023-02-08 10:30:00,2023-02-08 17:20:00,1,1882.78,1873.54,0.22,-204.82000000000022,606.6911766235851,NEWS,lw,-0.337601745157864
2023-02-09 10:15:00,2023-02-09 15:20:00,1,1883.0,1882.02,0.23,-24.150000000000418,617.4010448391297,NEWS,lw,-0.03911558006237737
2023-02-09 16:00:00,2023-02-09 18:03:00,1,1889.74,1869.27,0.3,-616.2000000000008,614.7000000000022,SL,nr7,-1.0024402147388949
2023-02-10 01:05:00,2023-02-10 23:00:00,1,1862.37,1864.24,0.15,27.000000000001773,610.6968342094578,TIME,friday,0.044211789692594455
2023-02-10 23:05:00,2023-02-10 23:55:00,1,1863.73,1865.28,0.72,106.55999999999672,622.2464848094346,TIME,fri_close,0.1712504652117579
2023-02-13 11:45:00,2023-02-14 12:47:00,-1,1855.22,1860.3300000000002,0.23,-111.22570000000293,612.3099315194537,TIME,lw,-0.1816493482704015
2023-02-15 10:15:00,2023-02-15 15:20:00,-1,1833.76,1835.95,0.24,-54.2400000000013,623.6530883413716,NEWS,lw,-0.08697142852968881
2023-02-17 01:05:00,2023-02-17 23:00:00,1,1835.59,1841.78,0.16,97.92000000000087,615.4400608657746,TIME,friday,0.1591056647535281
2023-02-17 23:05:00,2023-02-17 23:55:00,1,1842.48,1841.95,0.74,-44.39999999999798,625.0770577259066,TIME,fri_close,-0.07103124239038569
2023-02-20 01:05:00,2023-02-21 03:15:00,1,1841.62,1841.5,0.24,-23.63519999999738,614.4629136610765,TIME,strong_close,-0.038464811259600294
2023-02-21 10:15:00,2023-02-21 16:35:00,-1,1833.05,1843.02,0.25,-251.00000000000068,612.6858539876486,NEWS,lw,-0.40967160962893834
2023-02-22 14:30:00,2023-02-23 15:20:00,1,1842.98,1826.37,0.26,-495.6744000000033,617.0666247080719,NEWS,lw,-0.8032753355190809
2023-02-24 01:05:00,2023-02-24 16:50:00,1,1822.91,1810.66,0.17,-209.44,589.267234925321,NEWS,friday,-0.3554244790592213
2023-02-24 23:05:00,2023-02-24 23:55:00,1,1811.76,1811.08,0.76,-57.000000000004846,617.4393650680095,TIME,fri_close,-0.09231675727984469
2023-02-28 01:15:00,2023-02-28 09:10:00,1,1817.6399999999999,1813.32,0.45,-197.54999999999714,619.0283182822457,TIME,drift,-0.31912918062970475
2023-02-27 17:15:00,2023-02-28 16:35:00,1,1819.14,1814.08,0.27,-159.96960000000465,616.4950124896011,NEWS,lw,-0.25948239119404554
2023-03-01 01:15:00,2023-03-01 09:10:00,1,1827.4099999999999,1834.86,0.41000000000000003,302.5800000000019,614.1617599632824,TIME,drift,0.49267150728839193
2023-03-01 01:05:00,2023-03-01 16:35:00,1,1827.07,1839.92,0.27,345.0600000000037,607.3942199527677,NEWS,strong_close,0.5680989193918182
2023-03-01 01:10:00,2023-03-01 16:35:00,1,1827.36,1839.92,0.13,162.37000000000225,583.9881377322948,NEWS,tom,0.27803646942300403
2023-03-01 13:30:00,2023-03-01 16:35:00,1,1838.04,1839.92,0.27,48.870000000002946,607.3942199527677,NEWS,lw,0.08045845415487027
2023-03-02 01:15:00,2023-03-02 09:10:00,1,1838.03,1833.67,0.36,-159.4799999999964,611.713292241091,TIME,drift,-0.2607103720367441
2023-03-03 01:15:00,2023-03-03 09:10:00,1,1836.8899999999999,1844.13,0.42,301.14000000000993,620.8726138532955,TIME,drift,0.4850270301520588
2023-03-03 01:05:00,2023-03-03 16:35:00,1,1836.54,1844.12,0.19,142.6899999999986,611.7924235454471,NEWS,friday,0.23323270198915572
2023-03-03 10:15:00,2023-03-03 16:35:00,1,1843.83,1844.12,0.29,6.379999999998946,623.2022906251917,NEWS,lw,0.010237446325170882
2023-03-03 23:05:00,2023-03-03 23:55:00,1,1854.84,1854.76,0.79,-11.849999999994253,622.1791665673262,TIME,fri_close,-0.01904596077263857
2023-03-06 01:05:00,2023-03-06 23:45:00,1,1853.95,1846.81,0.29,-209.0900000000029,621.7735555805353,TIME,strong_close,-0.3362799818734338
2023-03-07 01:15:00,2023-03-07 09:10:00,1,1846.81,1846.62,0.48,-12.480000000002619,622.1543230426122,TIME,drift,-0.020059331805282413
2023-03-07 14:15:00,2023-03-07 16:50:00,-1,1841.17,1830.74,0.29,300.4400000000019,604.5797301819259,NEWS,lw,0.4969402462593239
2023-03-08 01:15:00,2023-03-08 09:10:00,1,1814.3799999999999,1813.43,0.37,-37.73999999999327,610.8589278641118,TIME,drift,-0.06178185875411925
2023-03-09 01:15:00,2023-03-09 09:10:00,1,1815.58,1813.48,0.45,-97.64999999999591,613.111662900291,TIME,drift,-0.1592695195815848
2023-03-09 13:45:00,2023-03-09 15:20:00,1,1820.3,1816.45,0.28,-109.75999999999745,606.7900709396329,NEWS,lw,-0.1808862821865736
2023-03-10 01:15:00,2023-03-10 09:10:00,1,1831.7199999999998,1832.63,0.39,32.76000000001206,619.9599699423569,TIME,drift,0.05284212140835165
2023-03-10 01:05:00,2023-03-10 15:20:00,1,1831.2899999999997,1835.2,0.19,72.96000000000588,621.3759216406479,NEWS,friday,0.11741684455259575
2023-03-10 23:05:00,2023-03-10 23:55:00,1,1868.34,1867.39,0.51,-52.01999999999072,617.5711437730105,TIME,fri_close,-0.08423321025360404
2023-03-13 01:05:00,2023-03-13 23:45:00,1,1883.43,1913.49,0.26,779.7399999999985,605.8147907632558,TIME,strong_close,1.2870930388107846
2023-03-13 12:45:00,2023-03-14 13:47:00,1,1892.5,1902.48,0.26,236.99520000000047,605.8147907632558,TIME,lw,0.39120074916199093
2023-03-14 01:05:00,2023-03-14 15:20:00,1,1912.46,1906.86,0.25,-141.7500000000034,625.7096346100495,NEWS,strong_close,-0.22654277984443036
2023-03-15 11:00:00,2023-03-15 15:03:00,-1,1896.3400000000001,1920.8985007140877,0.25,-615.7125178521896,614.4625178521886,SL,lw,-1.0020342982097106
2023-03-15 18:15:00,2023-03-15 23:45:00,1,1923.44,1917.86,0.25,-141.25000000000387,614.4625178521886,TIME,tday,-0.2298756976971248
2023-03-17 01:05:00,2023-03-17 23:00:00,1,1920.06,1976.25,0.15,841.8000000000009,595.3733365577442,TIME,friday,1.4139027536352498
2023-03-17 15:15:00,2023-03-17 23:45:00,1,1937.02,1983.43,0.23,1065.8200000000022,609.1405218145829,TIME,tday900,1.749711210846729
2023-03-17 18:15:00,2023-03-17 23:45:00,1,1957.34,1983.43,0.23,598.4600000000033,609.1405218145829,TIME,tday,0.9824662431211059
2023-03-17 23:05:00,2023-03-17 23:55:00,1,1976.1299999999999,1986.0,0.31,303.80000000000365,620.396920673665,TIME,fri_close,0.4896865053264916
2023-03-17 10:45:00,2023-03-17 23:57:00,1,1931.41,1987.7,0.23,1293.0599999999993,609.1405218145829,EOD,lw,2.122761421532215
2023-03-17 14:30:00,2023-03-17 23:57:00,1,1935.7,1987.7,0.22,1142.46,616.8800000000006,EOD,inside,1.8519971469329513
2023-03-17 16:00:00,2023-03-17 23:57:00,1,1945.16,1987.7,0.24,1019.2799999999992,601.7921714976708,EOD,trendH4,1.6937408764612756
2023-03-20 12:00:00,2023-03-20 17:12:00,1,1996.59,1967.2778473118071,0.22,-646.4073591402412,645.3073591402427,SL,trendH4,-1.0017046140640082
2023-03-20 01:05:00,2023-03-20 23:45:00,1,1985.8700000000001,1978.77,0.22,-157.740000000003,650.9592833508406,TIME,strong_close,-0.24231930327197984
2023-03-22 18:15:00,2023-03-22 20:50:00,1,1951.53,1948.68,0.2,-58.39999999999819,639.7123324967163,NEWS,tday,-0.09129103353701246
2023-03-23 18:15:00,2023-03-23 23:45:00,1,1982.3600000000001,1993.22,0.19,205.0099999999981,625.0362361667463,TIME,tday,0.3279969834345825
2023-03-23 19:15:00,2023-03-24 15:20:00,1,1988.45,1994.19,0.19,92.62880000000017,625.0362361667463,NEWS,lw,0.14819748782579187
2023-03-24 01:05:00,2023-03-24 15:20:00,1,1992.84,1994.19,0.13,16.640000000001773,649.3913754446246,NEWS,friday,0.02562399290968211
2023-03-24 23:05:00,2023-03-24 23:55:00,1,1976.73,1977.5,0.45,31.499999999999183,651.4969010520776,TIME,fri_close,0.04835019161124332
2023-03-27 10:30:00,2023-03-28 11:32:00,-1,1967.3600000000001,1952.42,0.19,289.06790000000103,625.8612444498983,TIME,lw,0.4618721842316306
2023-03-28 18:15:00,2023-03-28 23:45:00,1,1969.68,1973.41,0.19,69.54000000000035,629.0504412749057,TIME,tday,0.11054757367161626
2023-03-29 01:05:00,2023-03-29 17:20:00,1,1974.33,1965.99,0.2,-168.19999999999837,652.2184764341182,NEWS,strong_close,-0.2578890449709432
2023-03-30 13:45:00,2023-03-30 15:20:00,1,1970.9,1969.79,0.2,-23.600000000002545,628.160013831681,NEWS,lw,-0.037570045020927256
2023-03-30 18:15:00,2023-03-30 23:45:00,1,1974.56,1980.8,0.2,123.40000000000019,628.160013831681,TIME,tday,0.19644676082974283
2023-03-31 01:05:00,2023-03-31 16:35:00,1,1980.37,1981.98,0.13,20.020000000001655,608.786298236897,NEWS,friday,0.032885102798767774
2023-03-31 23:05:00,2023-03-31 23:55:00,1,1970.0,1969.27,0.61,-48.800000000001106,648.4505990781445,TIME,fri_close,-0.07525631107346736
2023-04-03 01:10:00,2023-04-03 16:35:00,1,1966.53,1973.18,0.1,65.8000000000009,609.1440935589496,NEWS,tom,0.1080204186427577
2023-04-03 18:15:00,2023-04-03 23:45:00,1,1986.42,1984.04,0.21,-51.45000000000229,640.336298236897,TIME,tday,-0.08034840464559763
2023-04-04 01:05:00,2023-04-04 16:50:00,1,1985.54,1992.36,0.2,134.99999999999875,624.6409440190247,NEWS,strong_close,0.21612416107626634
2023-04-04 18:15:00,2023-04-04 23:45:00,1,2021.9,2020.93,0.2,-20.800000000000544,624.6409440190247,TIME,tday,-0.033299130002862956
2023-04-04 20:00:00,2023-04-05 15:05:00,1,2020.98,2022.95,0.27,29.840400000000734,640.4459172820275,NEWS,trendH4,0.046593161412660206
2023-04-05 01:05:00,2023-04-05 15:05:00,1,2021.25,2022.95,0.2,32.60000000000091,648.6665908748087,NEWS,strong_close,0.05025694317944709
2023-04-05 16:00:00,2023-04-05 16:35:00,1,2031.75,2024.38,0.3,-223.1999999999967,636.1627729535107,NEWS,trendH4,-0.3508536014513185
2023-04-06 16:15:00,2023-04-10 17:17:00,-1,2009.45,1989.46,0.2,405.2820000000002,633.9189772408938,TIME,lw,0.6393277604087093
2023-04-11 18:15:00,2023-04-11 23:45:00,1,2004.62,2003.15,0.21,-32.3399999999958,641.7648597520238,TIME,tday,-0.050392288559538596
2023-04-11 10:30:00,2023-04-12 11:32:00,1,2002.1,2010.23,0.21,152.5692000000023,641.7648597520238,TIME,lw,0.2377338018459824
2023-04-12 04:30:00,2023-04-12 15:20:00,1,2010.01,2008.29,0.31,-55.49000000000085,653.7899999999994,NEWS,nr7,-0.08487434803224414
2023-04-12 10:15:00,2023-04-12 15:20:00,1,2016.04,2008.29,0.22,-172.04,653.7190132281593,NEWS,lw,-0.263171173728666
2023-04-13 11:15:00,2023-04-13 15:20:00,1,2026.25,2029.44,0.22,68.6400000000012,649.390512283291,NEWS,lw,0.10569911124611195
2023-04-13 16:00:00,2023-04-13 19:50:00,1,2045.3,2039.13,0.28,-174.7199999999957,634.8894677211922,NEWS,trendH4,-0.2751975089886401
2023-04-14 01:05:00,2023-04-14 15:20:00,1,2040.42,2037.02,0.14,-48.58000000000128,627.8461358874622,NEWS,friday,-0.07737564543792774
2023-04-14 23:05:00,2023-04-14 23:55:00,1,2005.8,2004.56,0.53,-69.43000000000048,646.2496528625657,TIME,fri_close,-0.10743526080433466
2023-04-18 18:15:00,2023-04-18 23:45:00,1,2008.42,2004.83,0.2,-73.20000000000292,637.5428423954381,TIME,tday,-0.11481581335768548
2023-04-18 17:45:00,2023-04-19 11:46:00,1,2009.04,1977.182857880228,0.2,-654.4388423954375,637.5428423954381,SL,lw,-1.0265017483946899
2023-04-21 01:05:00,2023-04-21 16:35:00,1,2004.4099999999999,1992.45,0.14,-168.41999999999734,649.2768717127972,NEWS,friday,-0.2593962719720851
2023-04-21 23:05:00,2023-04-21 23:55:00,1,1981.97,1982.66,0.61,37.82000000000333,646.6578676407631,TIME,fri_close,0.05848533187724768
2023-04-25 01:05:00,2023-04-25 16:50:00,1,1991.6,1986.3,0.21,-112.76999999999904,632.8442414258302,NEWS,strong_close,-0.17819550628433073
2023-04-25 01:30:00,2023-04-25 16:50:00,1,1992.25,1986.3,0.36,-216.72000000000165,648.360000000002,NEWS,inside,-0.33425874514158954
2023-04-26 16:30:00,2023-04-26 17:20:00,1,2008.38,1999.79,0.21,-181.86000000000305,629.2660813239854,NEWS,lw,-0.28900334118973464
2023-04-27 10:15:00,2023-04-27 15:20:00,1,2001.61,1996.29,0.21,-113.18999999999866,623.4385040865579,NEWS,lw,-0.18155760232653742
2023-04-28 01:05:00,2023-04-28 16:35:00,1,1987.74,1988.85,0.14,14.559999999998603,622.2621823660894,NEWS,friday,0.023398497309664017
2023-04-28 23:05:00,2023-04-28 23:55:00,1,1988.38,1989.69,0.67,83.07999999999635,639.3576986683028,TIME,fri_close,0.12994291016287277
2023-05-01 01:10:00,2023-05-01 16:35:00,1,1990.71,2000.2,0.11,103.6200000000001,634.6736876078282,NEWS,tom,0.1632650006187558
2023-05-01 15:30:00,2023-05-01 16:35:00,1,1997.54,2000.2,0.3,77.70000000000246,636.8999999999957,NEWS,inside,0.12199717381065
2023-05-02 18:15:00,2023-05-02 23:45:00,1,2012.68,2015.96,0.22,70.6199999999994,635.6891384929835,TIME,tday,0.11109203496447481
2023-05-03 01:05:00,2023-05-03 15:05:00,1,2016.3799999999999,2015.62,0.21,-17.429999999999808,624.9217363915078,NEWS,strong_close,-0.027891492622173844
2023-05-04 01:05:00,2023-05-04 10:34:00,1,2061.4,2031.3966919282668,0.21,-631.5394695063987,630.4894695063999,SL,strong_close,-1.0016653727790583
2023-05-04 04:00:00,2023-05-04 15:20:00,1,2054.63,2040.92,0.25,-344.5000000000009,629.5425802480105,NEWS,trendH4,-0.5472227150453968
2023-05-04 17:45:00,2023-05-05 15:20:00,1,2059.1400000000003,2036.51,0.21,-493.39080000000706,630.4894695063999,NEWS,lw,-0.7825520073892349
2023-05-05 01:05:00,2023-05-05 15:20:00,1,2049.4100000000003,2036.51,0.13,-168.61000000000413,612.4759711560287,NEWS,friday,-0.2752924325859808
2023-05-05 23:05:00,2023-05-05 23:55:00,1,2018.67,2015.84,0.59,-171.10000000000912,636.0792122838632,TIME,fri_close,-0.26899165496333227
2023-05-09 15:15:00,2023-05-09 23:45:00,1,2031.34,2034.59,0.2,63.6,634.8967772128143,TIME,tday900,0.10017376411832311
2023-05-09 12:45:00,2023-05-10 13:47:00,1,2028.13,2031.43,0.2,48.703999999999084,634.8967772128143,TIME,lw,0.07671168250972826
2023-05-09 13:30:00,2023-05-10 14:32:00,1,2029.76,2031.28,0.41000000000000003,26.863199999999253,633.8599999999948,TIME,inside,0.04238033635187498
2023-05-10 01:05:00,2023-05-10 15:20:00,1,2034.46,2028.14,0.2,-127.79999999999875,615.532721697613,NEWS,strong_close,-0.20762503031119414
2023-05-11 17:00:00,2023-05-11 19:50:00,-1,2012.8,2014.8500000000001,0.2,-42.40000000000364,609.7518130049266,NEWS,lw,-0.06953648861009792
2023-05-12 01:05:00,2023-05-12 23:00:00,1,2015.36,2010.9,0.14,-63.41999999999733,639.1680176798038,TIME,friday,-0.09922273681686006
2023-05-12 23:05:00,2023-05-12 23:55:00,1,2011.53,2010.81,0.76,-60.04000000000208,634.9786589054879,TIME,fri_close,-0.09455435888741988
2023-05-15 10:15:00,2023-05-16 11:17:00,1,2018.21,2009.66,0.21,-197.71079999999904,626.5631592741032,TIME,lw,-0.31554807695532944
2023-05-18 11:15:00,2023-05-18 15:20:00,-1,1973.3600000000001,1973.8700000000001,0.22,-12.759999999999799,622.6586960355843,NEWS,lw,-0.02049276767712657
2023-05-19 01:05:00,2023-05-19 17:50:00,1,1958.52,1958.31,0.14,-3.9200000000005097,602.5770260315406,NEWS,friday,-0.0065053923907735
2023-05-19 23:05:00,2023-05-19 23:55:00,1,1976.45,1977.52,0.59,58.99999999999624,636.9057033665783,TIME,fri_close,0.09263537708664248
2023-05-19 18:30:00,2023-05-19 23:57:00,1,1975.31,1977.47,0.22,45.9800000000018,631.784503461614,EOD,lw,0.07277798006768531
2023-05-23 10:15:00,2023-05-23 16:35:00,-1,1958.29,1967.18,0.22,-197.1200000000022,610.6070463521061,NEWS,lw,-0.3228262778453642
2023-05-24 01:05:00,2023-05-24 17:20:00,1,1976.68,1967.39,0.23,-215.2799999999992,631.3060612314274,NEWS,strong_close,-0.3410073389443995
2023-05-24 19:00:00,2023-05-25 15:20:00,-1,1962.98,1959.6200000000001,0.23,99.4128999999977,631.3060612314274,NEWS,lw,0.15747179712813564
2023-05-26 01:05:00,2023-05-26 15:20:00,1,1941.66,1952.84,0.15,166.64999999999753,616.3247998741135,NEWS,friday,0.27039314341080606
2023-05-26 10:30:00,2023-05-26 15:20:00,1,1952.04,1952.84,0.23,16.789999999998958,630.5575732046494,NEWS,lw,0.026627227573634598
2023-05-26 23:05:00,2023-05-26 23:55:00,1,1947.08,1946.56,0.79,-46.609999999998564,635.2510347040704,TIME,fri_close,-0.07337256840787623
2023-05-30 10:15:00,2023-05-30 16:50:00,-1,1938.69,1954.27,0.24,-375.59999999999826,616.6258023331982,NEWS,lw,-0.6091214454192433
2023-05-31 01:05:00,2023-05-31 16:35:00,1,1959.11,1964.87,0.24,136.55999999999977,626.9753878808269,NEWS,strong_close,0.2178075928332239
2023-05-31 18:30:00,2023-06-01 15:05:00,1,1972.72,1966.6,0.24,-205.78560000000283,626.9753878808269,NEWS,lw,-0.32821958242341365
2023-06-01 01:10:00,2023-06-01 15:05:00,1,1963.78,1966.6,0.12,32.99999999999923,617.5400030321969,NEWS,tom,0.05343783372407488
2023-06-02 01:05:00,2023-06-02 15:20:00,1,1977.25,1978.48,0.16,18.56000000000029,624.804288529897,NEWS,friday,0.029705301869278368
2023-06-02 17:00:00,2023-06-02 23:57:00,-1,1963.38,1947.78,0.24,372.72000000000327,625.3642885298971,EOD,lw,0.5960046117698716
2023-06-06 01:05:00,2023-06-06 23:45:00,1,1961.76,1962.96,0.23,25.990000000001046,614.418815798408,TIME,strong_close,0.0423001368638561
2023-06-07 10:15:00,2023-06-07 17:20:00,-1,1955.76,1964.04,0.24,-200.39999999999935,616.0803432580847,NEWS,lw,-0.32528224961731816
2023-06-09 01:05:00,2023-06-09 23:00:00,1,1966.27,1960.12,0.16,-99.52000000000146,632.2725408704918,TIME,friday,-0.15740047774806992
2023-06-09 23:05:00,2023-06-09 23:55:00,1,1960.68,1960.46,0.92,-26.68000000000251,634.0426002504844,TIME,fri_close,-0.042079191507735175
2023-06-12 17:00:00,2023-06-12 19:50:00,-1,1952.01,1954.7,0.24,-66.24000000000132,615.8302165225997,NEWS,lw,-0.10756211407429445
2023-06-13 13:45:00,2023-06-13 15:20:00,1,1964.96,1958.46,0.25,-164.25,627.5262511007288,NEWS,lw,-0.2617420382205414
2023-06-15 10:15:00,2023-06-15 15:20:00,-1,1929.97,1931.0900000000001,0.25,-29.750000000002956,629.4014614082814,NEWS,lw,-0.047267128890100665
2023-06-16 01:05:00,2023-06-16 23:00:00,1,1957.74,1955.37,0.16,-39.04000000000189,622.4264455982393,TIME,friday,-0.06272227068128342
2023-06-16 23:05:00,2023-06-16 23:55:00,1,1956.31,1957.35,0.78,75.65999999999717,630.0181736722436,TIME,fri_close,0.12009177379596991
2023-06-19 15:15:00,2023-06-20 03:15:00,-1,1949.66,1952.38,0.25,-61.14750000000068,628.8767702959158,TIME,tday900,-0.09723288072992096
2023-06-19 10:45:00,2023-06-20 14:15:00,-1,1953.03,1952.73,0.42,24.11219999999809,623.6999999999988,TIME,nr7,0.038659932659929674
2023-06-19 13:00:00,2023-06-20 16:30:00,-1,1950.32,1938.69,0.25,297.60249999999706,628.8767702959158,TIME,lw,0.47322864201194975
2023-06-20 18:15:00,2023-06-20 23:45:00,-1,1935.66,1936.04,0.26,-11.699999999996926,627.7809953143417,TIME,tday,-0.018637072621382107
2023-06-20 05:00:00,2023-06-21 06:02:00,-1,1946.88,1937.05,0.53,535.5173000000082,624.8700000000015,TIME,nr7,0.8570059372349559
2023-06-20 16:00:00,2023-06-21 16:50:00,-1,1944.64,1926.64,0.26,475.1266,627.7809953143417,NEWS,lw,0.7568349528677516
2023-06-22 01:15:00,2023-06-22 09:10:00,1,1933.25,1930.96,0.38,-89.67999999999861,627.646549948983,TIME,drift,-0.14288296495422156
2023-06-22 16:00:00,2023-06-22 16:50:00,-1,1923.39,1926.1200000000001,0.26,-72.80000000000047,625.9773888169582,NEWS,lw,-0.11629813041264321
2023-06-23 01:15:00,2023-06-23 09:10:00,1,1914.2099999999998,1915.8,0.38,57.76000000000553,624.5852766771758,TIME,drift,0.09247736403152435
2023-06-23 01:05:00,2023-06-23 16:35:00,1,1914.49,1934.02,0.17,330.81999999999954,610.6740505297297,NEWS,friday,0.5417292575524201
2023-06-23 15:45:00,2023-06-23 16:35:00,1,1923.16,1934.02,0.26,280.5399999999974,623.2547181871753,NEWS,lw,0.4501209406259896
2023-06-23 23:05:00,2023-06-23 23:55:00,1,1920.06,1921.42,0.88,113.52000000001121,640.2351117935278,TIME,fri_close,0.1773098630626506
2023-06-27 01:15:00,2023-06-27 09:10:00,1,1923.85,1925.1,0.47000000000000003,55.46,643.624492375945,TIME,drift,0.08616825595817362
2023-06-27 10:15:00,2023-06-27 15:20:00,1,1928.61,1926.97,0.27,-46.16999999999657,630.9095053155578,NEWS,lw,-0.07318006720615824
2023-06-27 18:15:00,2023-06-27 23:45:00,-1,1914.89,1913.25,0.27,42.39000000000271,630.9095053155578,TIME,tday,0.06718871667466919
2023-06-28 01:15:00,2023-06-28 09:10:00,1,1915.14,1916.11,0.4,35.999999999992,642.5439399965056,TIME,drift,0.05602729674827807
2023-06-29 01:15:00,2023-06-29 09:10:00,1,1910.02,1904.86,0.44,-230.1200000000036,637.3037331669371,TIME,drift,-0.3610837156978105
2023-06-30 01:15:00,2023-06-30 09:10:00,1,1908.49,1904.92,0.38,-138.31999999999758,635.3583940710039,TIME,drift,-0.21770389954829142
2023-06-30 01:05:00,2023-06-30 16:35:00,1,1909.03,1911.27,0.19,41.230000000000175,635.8794891963744,NEWS,friday,0.06483932993672546
2023-06-30 23:05:00,2023-06-30 23:55:00,1,1919.44,1919.21,0.88,-26.4000000000016,640.338989398936,TIME,fri_close,-0.04122816264051384
2023-06-30 17:15:00,2023-06-30 23:57:00,1,1916.86,1919.16,0.28,62.44000000000509,625.3770420174907,EOD,lw,0.09984376752714046
2023-07-03 01:05:00,2023-07-03 16:35:00,1,1918.77,1924.42,0.28,156.24000000000254,625.2472533019557,NEWS,strong_close,0.24988514411681598
2023-07-03 01:07:00,2023-07-03 16:35:00,1,1918.8,1924.42,0.14,77.70000000000165,312.6236266509778,NEWS,season,0.24854167560006016
2023-07-03 01:10:00,2023-07-03 16:35:00,1,1919.1200000000001,1924.42,0.14,73.21999999999936,624.2672533019556,NEWS,tom,0.11728950960140004
2023-07-04 01:15:00,2023-07-04 09:10:00,1,1921.6200000000001,1924.16,0.46,113.61999999999833,636.0085673427534,TIME,drift,0.1786453922699551
2023-07-03 17:45:00,2023-07-04 18:47:00,1,1929.41,1927.59,0.28,-75.1744000000046,625.2472533019557,TIME,lw,-0.12023147579298525
2023-07-04 01:07:00,2023-07-05 03:17:00,1,1921.55,1926.08,0.14,51.31279999999962,311.3033676044795,TIME,season,0.16483213912801004
2023-07-05 01:15:00,2023-07-05 09:10:00,1,1925.77,1924.71,0.64,-72.31999999999651,637.8088088304934,TIME,drift,-0.1133882113240248
2023-07-04 13:15:00,2023-07-05 16:45:00,1,1930.71,1925.7,0.29,-170.3691999999997,644.8426900378503,TIME,lw,-0.2642027313514239
2023-07-05 01:07:00,2023-07-05 23:47:00,1,1926.33,1915.3,0.15,-166.4999999999996,321.39365654527313,TIME,season,-0.5180562733867946
2023-07-06 01:15:00,2023-07-06 09:10:00,1,1917.75,1919.79,0.45,88.64999999999836,633.5263650339278,TIME,drift,0.13993103506473767
2023-07-05 16:15:00,2023-07-06 15:05:00,1,1930.42,1926.83,0.3,-181.33200000000437,642.7873130905463,NEWS,lw,-0.2821026431404707
2023-07-06 01:07:00,2023-07-06 15:05:00,1,1917.19,1926.83,0.15,143.54999999999808,320.21910964918214,NEWS,season,0.4482868001140378
2023-07-06 14:00:00,2023-07-06 15:05:00,1,1925.05,1926.83,0.3,51.29999999999918,640.4382192983643,NEWS,lw,0.0801014031551727
2023-07-07 01:15:00,2023-07-07 09:10:00,1,1910.88,1914.31,0.37,124.31999999999394,635.2353210561917,TIME,drift,0.19570700160893106
2023-07-07 01:05:00,2023-07-07 15:20:00,1,1911.21,1914.45,0.19,60.230000000000175,615.3080005953427,NEWS,friday,0.097885936704422
2023-07-07 01:07:00,2023-07-07 15:20:00,1,1911.1,1914.45,0.14,45.92000000000191,302.58322836262454,NEWS,season,0.15175989842031182
2023-07-07 23:05:00,2023-07-07 23:55:00,1,1924.99,1925.1,0.8300000000000001,3.3199999999916976,639.3123355708473,TIME,fri_close,0.005193079837928111
2023-07-07 16:30:00,2023-07-07 23:57:00,1,1921.33,1925.28,0.29,112.5200000000013,626.7795444654365,EOD,lw,0.17952085544841223
2023-07-10 01:07:00,2023-07-10 23:47:00,1,1926.0,1924.97,0.14,-15.39999999999962,306.35014062243704,TIME,season,-0.05026927674558974
2023-07-11 01:15:00,2023-07-11 09:10:00,1,1925.59,1929.99,0.45,194.8500000000041,635.4200692823017,TIME,drift,0.3066475382499084
2023-07-11 01:05:00,2023-07-11 23:45:00,1,1925.52,1932.08,0.3,194.69999999999837,643.067116544645,TIME,strong_close,0.30276777491930934
2023-07-11 01:07:00,2023-07-11 23:47:00,1,1925.51,1932.03,0.15,96.74999999999973,321.5335582723225,TIME,season,0.30090171775493935
2023-07-12 01:15:00,2023-07-12 09:10:00,1,1932.56,1938.77,0.49,300.8600000000018,639.3285629034277,TIME,drift,0.4705874529266847
2023-07-11 10:15:00,2023-07-12 11:17:00,1,1931.55,1934.96,0.3,76.35600000000247,643.067116544645,TIME,lw,0.11873721736897651
2023-07-12 01:07:00,2023-07-12 15:20:00,1,1932.65,1934.09,0.15,20.549999999997407,313.7168755385854,NEWS,season,0.06550492371415281
2023-07-13 01:15:00,2023-07-13 09:10:00,1,1957.54,1958.63,0.4,40.800000000005824,649.4789746941233,TIME,drift,0.06281958552887855
2023-07-13 01:05:00,2023-07-13 15:20:00,1,1958.04,1959.05,0.3,28.199999999999726,641.7813402859442,NEWS,strong_close,0.04394019930126868
2023-07-13 01:07:00,2023-07-13 15:20:00,1,1957.83,1959.05,0.15,17.25000000000041,320.8906701429721,NEWS,season,0.0537566268047454
2023-07-14 01:15:00,2023-07-14 09:10:00,1,1960.97,1959.79,0.44,-55.00000000000279,639.7451836094646,TIME,drift,-0.08597172969664403
2023-07-14 01:05:00,2023-07-14 23:00:00,1,1960.77,1954.32,0.2,-130.40000000000092,619.582673122663,TIME,friday,-0.21046424578465373
2023-07-14 01:07:00,2023-07-14 23:47:00,1,1960.76,1954.86,0.15,-89.55000000000136,310.1413365613315,TIME,season,-0.2887393244411731
2023-07-14 23:05:00,2023-07-14 23:55:00,1,1955.12,1955.36,0.9,15.300000000000818,643.3889811992908,TIME,fri_close,0.023780326438729633
2023-07-17 01:07:00,2023-07-17 23:47:00,1,1954.76,1954.9,0.16,1.1200000000016006,321.9190381178902,TIME,season,0.00347913564401073
2023-07-18 01:15:00,2023-07-18 09:10:00,1,1954.99,1959.01,0.47000000000000003,185.64999999999915,635.248887147618,TIME,drift,0.29224765876190845
2023-07-18 01:07:00,2023-07-18 15:20:00,1,1955.06,1965.31,0.16,162.88,315.13053539518364,NEWS,season,0.5168651771423652
2023-07-18 10:15:00,2023-07-18 15:20:00,1,1962.7,1965.31,0.32,81.2799999999968,630.2610707903673,NEWS,lw,0.12896243123197998
2023-07-19 01:15:00,2023-07-19 09:10:00,1,1979.06,1979.74,0.38,23.180000000002423,649.8093020465169,TIME,drift,0.03567200396639301
2023-07-18 20:00:00,2023-07-19 17:20:00,1,1978.14,1973.77,0.41000000000000003,-214.6268000000049,641.4424432096565,NEWS,trendH4,-0.33460024710253505
2023-07-19 01:05:00,2023-07-19 17:20:00,1,1979.17,1973.77,0.31,-169.5700000000028,633.2714543047274,NEWS,strong_close,-0.2677682672214789
2023-07-19 01:07:00,2023-07-19 17:20:00,1,1979.1399999999999,1973.77,0.15,-81.59999999999836,306.4216714377713,NEWS,season,-0.26629970268460545
2023-07-20 01:15:00,2023-07-20 09:10:00,1,1977.85,1979.81,0.44,83.1600000000016,634.7437291743727,TIME,drift,0.13101350384062863
2023-07-20 01:07:00,2023-07-20 15:20:00,1,1978.74,1981.19,0.16,38.08000000000073,316.29194123360196,NEWS,season,0.12039510033509263
2023-07-20 08:00:00,2023-07-20 15:20:00,1,1984.79,1981.19,0.45,-165.1499999999959,640.0696737395574,NEWS,trendH4,-0.2580187857286221
2023-07-20 10:15:00,2023-07-20 15:20:00,1,1982.37,1981.19,0.32,-39.99999999999476,632.5838824672039,NEWS,lw,-0.06323272076421983
2023-07-21 01:15:00,2023-07-21 09:10:00,1,1970.66,1969.77,0.4,-38.400000000004006,633.684330090422,TIME,drift,-0.06059799521084041
2023-07-21 01:05:00,2023-07-21 23:00:00,1,1970.69,1962.36,0.21,-176.40000000000325,627.4362050676788,TIME,friday,-0.2811441204304998
2023-07-21 01:07:00,2023-07-21 23:47:00,1,1970.56,1962.0,0.16,-138.07999999999913,319.0710882883448,TIME,season,-0.4327562260207547
2023-07-21 23:05:00,2023-07-21 23:55:00,1,1962.32,1961.96,1.0,-42.999999999989996,643.2365327744558,TIME,fri_close,-0.06684943688524529
2023-07-24 01:07:00,2023-07-24 16:35:00,1,1962.77,1962.62,0.16,-3.5200000000014553,316.06315341060593,NEWS,season,-0.01113701474536809
2023-07-25 01:15:00,2023-07-25 09:10:00,1,1955.46,1962.42,0.45,310.05000000000166,632.3723213406136,TIME,drift,0.49029660144312354
2023-07-25 01:07:00,2023-07-25 16:50:00,1,1955.32,1958.44,0.16,48.800000000001894,310.12721388127693,NEWS,season,0.15735478157258245
2023-07-25 10:15:00,2023-07-25 16:50:00,1,1962.75,1958.44,0.33,-144.5399999999982,639.6373786301336,NEWS,lw,-0.22597178468454945
2023-07-26 01:15:00,2023-07-26 09:10:00,1,1964.51,1966.1,0.43,65.35999999999648,638.0275462852882,TIME,drift,0.10244071808581655
2023-07-26 01:05:00,2023-07-26 16:50:00,1,1965.06,1965.17,0.33,1.3200000000042018,632.016851585124,NEWS,strong_close,0.0020885519060031203
2023-07-26 01:07:00,2023-07-26 16:50:00,1,1964.83,1965.17,0.16,4.320000000002328,306.4324128897571,NEWS,season,0.014097725365483784
2023-07-26 11:15:00,2023-07-26 16:50:00,1,1971.39,1965.17,0.33,-207.57000000000093,632.016851585124,NEWS,lw,-0.3284247872179467
2023-07-26 15:15:00,2023-07-26 16:50:00,1,1972.67,1965.17,0.33,-249.81,632.016851585124,NEWS,tday900,-0.3952584482098323
2023-07-27 01:15:00,2023-07-27 09:10:00,1,1973.24,1975.65,0.36,84.24000000000295,628.6136138621059,TIME,drift,0.13400918806458115
2023-07-27 01:07:00,2023-07-27 15:20:00,1,1971.81,1976.57,0.17,79.72999999999985,322.2791216456977,NEWS,season,0.2473942450657793
2023-07-27 10:45:00,2023-07-27 15:20:00,1,1981.02,1976.57,0.34,-153.68000000000157,644.5582432913955,NEWS,lw,-0.23842686304847252
2023-07-28 01:15:00,2023-07-28 09:10:00,1,1947.17,1951.97,0.3,141.89999999999864,645.2866341431454,TIME,drift,0.2199022767431452
2023-07-28 01:05:00,2023-07-28 23:00:00,1,1947.01,1958.99,0.21,250.11000000000035,643.1221651845094,TIME,friday,0.3888996734053548
2023-07-28 01:07:00,2023-07-28 23:47:00,1,1946.81,1959.04,0.15,182.40000000000026,306.5986500878617,TIME,season,0.594914556694004
2023-07-28 23:05:00,2023-07-28 23:55:00,1,1959.0,1959.06,0.9400000000000001,-0.9400000000051296,642.9606579605329,TIME,fri_close,-0.0014619868080059573
2023-07-28 18:30:00,2023-07-28 23:57:00,1,1962.89,1959.13,0.31,-118.7299999999997,633.6372101815808,EOD,lw,-0.1873785158008245
2023-07-31 01:07:00,2023-07-31 16:35:00,1,1959.89,1968.34,0.15,125.69999999999727,304.60588936730016,NEWS,season,0.41266437842383796
2023-07-31 15:45:00,2023-07-31 16:35:00,1,1965.15,1968.34,0.33,102.95999999999431,646.470000000007,NEWS,inside,0.1592649310872789
2023-07-31 18:15:00,2023-07-31 23:45:00,1,1968.73,1965.14,0.31,-113.45999999999746,629.5188380257537,TIME,tday,-0.18023289081518448
2023-08-01 01:15:00,2023-08-01 09:10:00,1,1966.08,1957.9,0.41000000000000003,-338.2499999999933,633.6572279819344,TIME,drift,-0.5338059522768307
2023-08-01 01:07:00,2023-08-01 16:06:00,1,1966.11,1945.7013020867862,0.15,-307.1804686982055,306.4304686982071,SL,season,-1.0024475372934831
2023-08-01 01:10:00,2023-08-01 16:35:00,1,1965.72,1945.65,0.15,-302.09999999999906,611.8109373964141,NEWS,tom,-0.49377999237084197
2023-08-02 01:15:00,2023-08-02 09:10:00,1,1950.29,1950.0,0.45,-16.19999999999836,635.2342880112036,TIME,drift,-0.02550240172128845
2023-08-02 01:07:00,2023-08-02 15:05:00,1,1949.1599999999999,1951.33,0.15,31.50000000000109,311.13543521976374,NEWS,season,0.1012420844245907
2023-08-03 01:15:00,2023-08-03 09:10:00,1,1936.19,1934.81,0.43,-62.350000000004684,639.3212318761024,TIME,drift,-0.09752530792233698
2023-08-03 01:07:00,2023-08-03 15:20:00,1,1935.26,1932.25,0.15,-46.19999999999986,312.42933270406644,NEWS,season,-0.1478734394115311
2023-08-04 01:15:00,2023-08-04 09:10:00,1,1934.87,1934.01,0.42,-39.05999999999579,636.3614942817711,TIME,drift,-0.061380206613665125
2023-08-04 01:05:00,2023-08-04 15:20:00,1,1934.97,1931.29,0.21,-78.75000000000134,629.8546987729297,NEWS,friday,-0.12502883625925235
2023-08-04 01:07:00,2023-08-04 15:20:00,1,1934.73,1931.29,0.16,-56.16000000000088,320.2995295354564,NEWS,season,-0.17533588039124517
2023-08-04 23:05:00,2023-08-04 23:55:00,1,1941.82,1942.68,0.8300000000000001,65.57000000001058,637.5292273517324,TIME,fri_close,0.10285018660616611
2023-08-07 01:05:00,2023-08-07 23:45:00,1,1942.62,1936.14,0.28,-183.39999999999418,626.6867354951166,TIME,strong_close,-0.29265020242545614
2023-08-07 01:07:00,2023-08-07 23:47:00,1,1942.81,1936.34,0.14,-91.5600000000004,313.3433677475583,TIME,season,-0.29220340822329044
2023-08-08 01:15:00,2023-08-08 09:10:00,1,1936.9,1933.95,0.47000000000000003,-141.94000000000213,628.9727107900967,TIME,drift,-0.22566956811480954
2023-08-08 01:07:00,2023-08-08 23:47:00,1,1936.6299999999999,1924.8,0.14,-166.59999999999897,306.28169862273273,TIME,season,-0.5439436987229561
2023-08-09 01:15:00,2023-08-09 09:10:00,1,1924.93,1931.43,0.46,295.78,627.6938688151741,TIME,drift,0.47121696529919915
2023-08-09 01:07:00,2023-08-09 17:20:00,1,1925.28,1927.22,0.14,26.180000000000767,299.8644344353946,NEWS,season,0.08730611901106002
2023-08-09 18:00:00,2023-08-09 19:50:00,-1,1917.25,1917.03,0.29,4.35000000000079,621.147757044746,NEWS,lw,0.007003164626556684
2023-08-09 18:15:00,2023-08-09 19:50:00,-1,1917.42,1917.03,0.29,9.280000000002902,621.147757044746,NEWS,tday,0.014940084536656217
2023-08-10 01:15:00,2023-08-10 09:10:00,1,1915.93,1916.1,0.51,5.099999999992114,629.0472813227409,TIME,drift,0.008107498675247422
2023-08-10 01:07:00,2023-08-10 15:20:00,1,1916.18,1922.11,0.15,87.89999999999755,318.0487995658262,NEWS,season,0.2763726828083971
2023-08-11 01:15:00,2023-08-11 09:10:00,1,1913.58,1916.17,0.41000000000000003,103.32000000000598,634.3317126288255,TIME,drift,0.16288007984311972
2023-08-11 01:05:00,2023-08-11 15:20:00,1,1912.71,1918.77,0.2,119.7999999999989,628.6406277651058,NEWS,friday,0.19056992931860375
2023-08-11 01:07:00,2023-08-11 15:20:00,1,1912.92,1918.77,0.15,86.69999999999864,314.6703138825529,NEWS,season,0.2755264674644791
2023-08-11 23:05:00,2023-08-11 23:55:00,1,1913.83,1913.92,1.21,2.420000000017609,641.2598617250052,TIME,fri_close,0.0037738211050785996
2023-08-14 01:07:00,2023-08-14 23:47:00,1,1913.78,1907.48,0.15,-95.54999999999932,303.0795771766562,TIME,season,-0.3152637366400509
2023-08-15 01:15:00,2023-08-15 09:10:00,1,1907.7,1905.71,0.5,-103.00000000000045,639.47559608333,TIME,drift,-0.1610694772886666
2023-08-15 01:07:00,2023-08-15 15:20:00,1,1907.8,1903.51,0.16,-69.75999999999942,315.7245335844975,NEWS,season,-0.22095210406361884
2023-08-16 01:15:00,2023-08-16 09:10:00,1,1902.25,1904.97,0.46,121.90000000000126,641.7715704416283,TIME,drift,0.18994297288070436
2023-08-16 01:07:00,2023-08-16 17:20:00,1,1902.51,1904.46,0.16,30.080000000000727,310.80706689989046,NEWS,season,0.09678029621407984
2023-08-17 01:15:00,2023-08-17 09:10:00,1,1895.03,1893.85,0.5,-62.50000000000318,634.1212312840873,TIME,drift,-0.09856159503355767
2023-08-17 01:07:00,2023-08-17 15:20:00,1,1894.69,1898.98,0.16,67.51999999999941,306.28656212132694,NEWS,season,0.2204471509698595
2023-08-17 14:30:00,2023-08-17 15:20:00,1,1898.43,1898.98,0.33,15.839999999998499,631.7160343752369,NEWS,lw,0.025074557456285177
2023-08-18 01:15:00,2023-08-18 09:10:00,1,1889.71,1892.53,0.47000000000000003,129.24999999999702,635.1816141370614,TIME,drift,0.2034851090197127
2023-08-18 01:05:00,2023-08-18 23:01:00,1,1889.92,1889.44,0.22,-12.1000000000004,629.5956033484342,TIME,friday,-0.019218685670052166
2023-08-18 01:07:00,2023-08-18 23:48:00,1,1889.88,1889.21,0.16,-11.840000000001165,305.6318076840893,TIME,season,-0.03873942339221238
2023-08-18 23:05:00,2023-08-18 23:55:00,1,1890.01,1889.59,1.06,-51.940000000007714,638.0579303459222,TIME,fri_close,-0.0814032668974877
2023-08-21 01:07:00,2023-08-21 23:47:00,1,1890.64,1894.65,0.17,66.97999999999986,313.82709597403453,TIME,season,0.2134296268845494
2023-08-22 01:15:00,2023-08-22 09:10:00,1,1895.1200000000001,1896.52,0.48,63.83999999999345,638.2707878705685,TIME,drift,0.10002024409260482
2023-08-21 15:15:00,2023-08-22 16:17:00,1,1894.18,1895.49,0.34,15.13679999999814,627.6541919480691,TIME,lw,0.024116464438829924
2023-08-22 01:07:00,2023-08-22 16:50:00,1,1894.89,1892.48,0.17,-42.16000000000139,308.4837319758892,NEWS,season,-0.13666847107288163
2023-08-22 10:30:00,2023-08-22 16:50:00,1,1900.76,1892.48,0.35000000000000003,-292.2499999999991,635.1135658327131,NEWS,lw,-0.4601539247816615
2023-08-23 01:15:00,2023-08-23 09:10:00,1,1898.31,1903.15,0.51,243.27000000000743,633.6494261247087,TIME,drift,0.3839189147346113
2023-08-23 01:07:00,2023-08-23 16:35:00,1,1897.81,1911.63,0.17,233.7500000000028,305.173465406183,NEWS,season,0.765957812514544
2023-08-23 10:30:00,2023-08-23 16:35:00,1,1904.25,1911.63,0.35000000000000003,255.85000000000383,628.2983111303769,NEWS,lw,0.40721102614409693
2023-08-24 01:15:00,2023-08-24 09:10:00,1,1917.35,1922.27,0.5,242.50000000000364,635.7988396369168,TIME,drift,0.38140994428125596
2023-08-24 01:07:00,2023-08-24 15:20:00,1,1917.3700000000001,1915.3,0.17,-36.38000000000278,311.6317893057412,NEWS,season,-0.11674033666799778
2023-08-25 01:15:00,2023-08-25 09:10:00,1,1917.1,1913.65,0.5700000000000001,-200.63999999998964,646.0689672535484,TIME,drift,-0.3105550802926105
2023-08-25 01:05:00,2023-08-25 16:55:00,1,1917.09,1915.14,0.24,-48.479999999995634,641.8542747692724,NEWS,friday,-0.07553116323393307
2023-08-25 01:07:00,2023-08-25 16:55:00,1,1917.1100000000001,1915.14,0.18,-36.72000000000049,321.3471373846362,NEWS,season,-0.11426895007951639
2023-08-25 18:15:00,2023-08-25 23:45:00,-1,1904.74,1914.41,0.36,-350.6400000000026,642.6942747692724,TIME,tday,-0.5455782224384721
2023-08-28 01:07:00,2023-08-28 23:47:00,1,1915.54,1919.93,0.17,73.4400000000017,304.4749101666849,TIME,season,0.24120214030048306
2023-08-29 01:15:00,2023-08-29 09:10:00,1,1920.59,1925.03,0.56,244.7200000000031,640.8749776563259,TIME,drift,0.3818529487528784
2023-08-28 18:45:00,2023-08-29 16:50:00,1,1925.18,1920.94,0.35000000000000003,-178.66800000000032,626.8601091667042,NEWS,lw,-0.28502052912173137
2023-08-29 01:07:00,2023-08-29 16:50:00,1,1920.3600000000001,1920.94,0.18,9.17999999999869,316.49625621430357,NEWS,season,0.02900508242910399
2023-08-30 01:15:00,2023-08-30 09:10:00,1,1937.02,1936.29,0.5,-40.00000000000091,639.3053304838095,TIME,drift,-0.06256791253364016
2023-08-30 01:05:00,2023-08-30 15:05:00,1,1937.3,1939.87,0.35000000000000003,87.49999999999777,630.9265737202705,NEWS,strong_close,0.1386849177774402
2023-08-30 01:07:00,2023-08-30 15:05:00,1,1937.26,1939.87,0.17,43.1799999999983,306.4500500927028,NEWS,season,0.1409038764618773
2023-08-30 17:00:00,2023-08-30 17:20:00,1,1947.54,1948.09,0.35000000000000003,16.79999999999841,630.9265737202705,NEWS,lw,0.02662750421326667
2023-08-31 01:15:00,2023-08-31 09:10:00,1,1944.58,1944.9,0.63,15.750000000010314,637.9012494483468,TIME,drift,0.02469034198260439
2023-08-31 01:07:00,2023-08-31 15:20:00,1,1943.91,1947.41,0.18,61.74,319.53105765416984,NEWS,season,0.19322065420889864
2023-09-01 01:15:00,2023-09-01 09:10:00,1,1940.34,1939.86,0.64,-35.20000000000117,644.1359463547969,TIME,drift,-0.05464684931682517
2023-09-01 01:05:00,2023-09-01 15:20:00,1,1940.26,1946.19,0.25,146.5000000000016,641.1850817714594,NEWS,friday,0.22848316993784842
2023-09-01 01:10:00,2023-09-01 15:20:00,1,1940.26,1946.19,0.18,105.48000000000114,615.117678500601,NEWS,tom,0.1714793830297922
2023-09-01 12:15:00,2023-09-01 15:20:00,1,1943.73,1946.19,0.37,88.43000000000134,633.4992806811732,NEWS,lw,0.13958974018868112
2023-09-01 23:05:00,2023-09-01 23:55:00,1,1940.7,1939.86,1.08,-98.28000000001572,643.2634341015364,TIME,fri_close,-0.15278343955192492
2023-09-05 01:15:00,2023-09-05 09:10:00,1,1938.8,1936.42,0.79,-193.54999999999066,638.3573426270351,TIME,drift,-0.3032000841464021
2023-09-05 11:30:00,2023-09-06 12:32:00,-1,1933.07,1923.5900000000001,0.38,370.65579999999204,634.4702510389544,TIME,lw,0.5841972880415397
2023-09-06 18:15:00,2023-09-06 23:45:00,-1,1916.6000000000001,1916.72,0.39,-7.409999999995744,642.8470625502821,TIME,tday,-0.011526847413129697
2023-09-06 17:30:00,2023-09-07 15:20:00,-1,1918.92,1921.55,0.39,-65.0402999999954,642.8470625502821,NEWS,lw,-0.10117538647834777
2023-09-07 16:00:00,2023-09-07 17:50:00,1,1923.45,1919.94,0.39,-139.61999999999964,635.7622723681188,NEWS,lw,-0.21961038908448616
2023-09-08 01:15:00,2023-09-08 09:10:00,1,1920.08,1926.87,0.58,389.7599999999979,642.6269604509877,TIME,drift,0.6065105014057753
2023-09-08 01:05:00,2023-09-08 23:00:00,1,1919.6100000000001,1919.16,0.27,-14.04000000000123,633.5764769264,TIME,friday,-0.02215991361944487
2023-09-08 23:05:00,2023-09-08 23:55:00,1,1919.17,1919.02,1.32,-29.040000000012007,643.1686724076396,TIME,fri_close,-0.04515145287052552
2023-09-08 10:15:00,2023-09-08 23:57:00,1,1925.63,1919.12,0.41000000000000003,-269.78000000000895,642.3550754069729,EOD,lw,-0.4199857840760208
2023-09-12 01:15:00,2023-09-12 09:11:00,1,1923.32,1919.61,0.62,-234.36000000000226,637.5851661852765,TIME,drift,-0.3675744236682874
2023-09-11 10:15:00,2023-09-12 11:18:00,1,1930.72,1920.43,0.41000000000000003,-457.34679999999855,632.8454271636181,TIME,lw,-0.7226832657222544
2023-09-12 13:45:00,2023-09-12 19:50:00,-1,1915.99,1912.21,0.41000000000000003,152.1099999999989,629.5207537947883,NEWS,lw,0.24162825305293087
2023-09-12 15:15:00,2023-09-12 19:50:00,-1,1911.66,1912.21,0.41000000000000003,-25.41999999999814,629.5207537947883,NEWS,tday900,-0.04037992369078363
2023-09-13 01:15:00,2023-09-13 09:10:00,1,1913.71,1910.24,0.62,-219.48000000000172,638.3666812807206,TIME,drift,-0.3438149365184142
2023-09-14 01:15:00,2023-09-14 09:12:00,1,1909.55,1907.7,0.58,-111.35999999999471,641.1455828168338,TIME,drift,-0.17368910117221956
2023-09-15 01:15:00,2023-09-15 09:10:00,1,1911.1200000000001,1916.25,0.49,247.93999999999417,632.6632841133054,TIME,drift,0.39189882869129783
2023-09-15 01:05:00,2023-09-15 23:01:00,1,1911.0,1922.48,0.28,319.48000000000053,623.7690801719077,TIME,friday,0.5121767175634185
2023-09-15 23:05:00,2023-09-15 23:55:00,1,1922.89,1923.5,1.08,58.31999999998921,641.5676504587268,TIME,fri_close,0.0909023389166986
2023-09-15 10:15:00,2023-09-15 23:57:00,1,1916.43,1923.67,0.43,308.3100000000004,639.6240582712388,EOD,lw,0.4820175164037663
2023-09-19 01:15:00,2023-09-19 09:10:00,1,1934.02,1930.2,0.62,-241.17999999999603,646.591891756311,TIME,drift,-0.37300189358219243
2023-09-19 01:05:00,2023-09-19 23:45:00,1,1933.94,1931.24,0.43,-119.11000000000196,646.4921216726498,TIME,strong_close,-0.18424045089959057
2023-09-20 01:15:00,2023-09-20 09:10:00,1,1932.24,1931.21,0.71,-78.09999999999806,637.5147487473882,TIME,drift,-0.1225069696872923
2023-09-20 16:45:00,2023-09-20 17:20:00,1,1940.78,1942.97,0.44,93.2800000000024,638.4434777354743,NEWS,lw,0.14610533783015797
2023-09-21 01:15:00,2023-09-21 09:10:00,1,1930.63,1928.45,0.43,-96.75000000000274,643.6477803495083,TIME,drift,-0.15031513034577135
2023-09-21 12:15:00,2023-09-21 15:20:00,-1,1922.66,1916.02,0.43,282.5100000000043,639.5052987891721,NEWS,lw,0.44176334509644205
2023-09-22 01:15:00,2023-09-22 09:10:00,1,1920.27,1925.03,0.48,225.11999999999955,635.5320183322586,TIME,drift,0.3542229085337852
2023-09-22 01:05:00,2023-09-22 16:35:00,1,1920.1499999999999,1925.66,0.28,152.3200000000061,632.1964337855279,NEWS,friday,0.24093777164785546
2023-09-22 10:45:00,2023-09-22 16:35:00,1,1927.79,1925.66,0.42,-92.39999999999503,633.1764337855278,NEWS,lw,-0.14593088919555897
2023-09-22 23:05:00,2023-09-22 23:55:00,1,1925.46,1925.05,1.59,-76.32000000001301,646.2450184016992,TIME,fri_close,-0.11809762215075721
2023-09-25 18:15:00,2023-09-25 23:45:00,-1,1916.82,1915.91,0.44,36.9599999999936,646.2128573559895,TIME,tday,0.05719477658061028
2023-09-25 17:30:00,2023-09-26 16:50:00,-1,1916.48,1906.78,0.44,438.860400000002,646.2128573559895,NEWS,lw,0.6791266917771028
2023-09-26 10:15:00,2023-09-26 16:50:00,-1,1911.0,1906.78,0.44,182.6000000000012,638.1776532591338,NEWS,lw,0.286127223458036
2023-09-26 18:15:00,2023-09-26 23:45:00,-1,1903.93,1900.7,0.44,139.0400000000008,638.1776532591338,TIME,tday,0.21787036774154048
2023-09-27 01:15:00,2023-09-27 09:10:00,1,1901.3700000000001,1898.03,0.59,-201.19000000000858,647.601580920254,TIME,drift,-0.31066940836387985
2023-09-27 14:15:00,2023-09-27 15:20:00,-1,1893.0800000000002,1891.42,0.44,69.9600000000036,648.4106780263386,NEWS,lw,0.10789458343429967
2023-09-27 18:15:00,2023-09-27 23:45:00,-1,1883.27,1876.15,0.44,310.1999999999952,648.4106780263386,TIME,tday,0.4784005114539382
2023-09-28 01:15:00,2023-09-28 09:10:00,1,1877.17,1876.92,0.45,-14.4,641.3473674032615,TIME,drift,-0.02245273112806851
2023-09-28 18:15:00,2023-09-28 23:45:00,-1,1859.96,1865.13,0.4,-209.60000000000295,637.1310918404156,TIME,tday,-0.3289746846203233
2023-09-29 01:15:00,2023-09-29 09:14:00,1,1865.85,1867.83,0.4,76.40000000000074,639.9571328363431,TIME,drift,0.11938299626631178
2023-09-29 01:05:00,2023-09-29 16:35:00,1,1865.35,1875.01,0.26,249.34000000000214,637.2904706483765,NEWS,friday,0.39125016218479575
2023-09-29 16:15:00,2023-09-29 16:35:00,1,1878.81,1875.01,0.39,-150.92999999999822,638.2004706483765,NEWS,lw,-0.23649308789550352
2023-09-29 18:15:00,2023-09-29 23:45:00,-1,1856.57,1848.78,0.39,301.07999999999856,638.2004706483765,TIME,tday,0.4717639892902584
2023-10-02 01:11:00,2023-10-02 16:35:00,1,1848.6599999999999,1834.35,0.18,-258.83999999999895,632.0404034128942,NEWS,tom,-0.4095307809474105
2023-10-02 18:15:00,2023-10-02 23:45:00,-1,1830.32,1828.04,0.37,81.76999999999899,650.8920812854745,TIME,tday,0.12562758458899656
2023-10-03 01:15:00,2023-10-03 09:10:00,1,1829.24,1821.91,0.37,-273.7999999999973,637.7728379110522,TIME,drift,-0.4293064610540582
2023-10-04 01:15:00,2023-10-04 09:10:00,1,1823.92,1819.69,0.35000000000000003,-150.50000000000065,643.5894599622413,TIME,drift,-0.23384472456840782
2023-10-05 01:15:00,2023-10-05 09:10:00,1,1822.38,1824.9,0.36,88.19999999999935,635.663887865807,TIME,drift,0.13875257299281876
2023-10-06 01:15:00,2023-10-06 09:10:00,1,1821.28,1821.33,0.43,-0.8600000000019552,636.0908443084829,TIME,drift,-0.0013520081411278477
2023-10-06 01:05:00,2023-10-06 15:20:00,1,1820.97,1821.06,0.24,0.47999999999803555,630.5056253091342,NEWS,friday,0.0007612937628632474
2023-10-06 23:05:00,2023-10-06 23:55:00,1,1829.78,1831.65,0.67,120.60000000000794,641.9400048566702,TIME,fri_close,0.18786802362774546
2023-10-09 01:05:00,2023-10-09 23:45:00,1,1853.9999999999998,1861.24,0.36,258.12000000000853,649.2752235013385,TIME,strong_close,0.39755097785504273
2023-10-10 01:15:00,2023-10-10 09:10:00,1,1860.95,1859.62,0.37,-51.800000000005724,650.5692136883588,TIME,drift,-0.07962258113372607
2023-10-10 01:05:00,2023-10-10 23:45:00,1,1861.35,1859.89,0.34,-52.019999999993516,646.4140650547455,TIME,strong_close,-0.08047473409414117
2023-10-11 01:15:00,2023-10-11 09:10:00,1,1860.59,1859.74,0.46,-42.319999999995815,643.4599402165614,TIME,drift,-0.0657694401080395
2023-10-11 10:45:00,2023-10-11 15:20:00,1,1867.08,1871.23,0.35000000000000003,142.8000000000032,649.0957974788006,NEWS,lw,0.21999834316392572
2023-10-12 01:15:00,2023-10-12 09:10:00,1,1875.3,1879.2,0.49,187.67000000000445,646.9905768543586,TIME,drift,0.2900660484306406
2023-10-12 01:05:00,2023-10-12 15:20:00,1,1874.6100000000001,1883.34,0.35000000000000003,303.0999999999927,649.2568119446012,NEWS,strong_close,0.46684146307556207
2023-10-12 13:45:00,2023-10-12 15:20:00,1,1882.68,1883.34,0.35000000000000003,20.649999999994908,649.2568119446012,NEWS,lw,0.031805596214147844
2023-10-13 01:15:00,2023-10-13 09:10:00,1,1869.85,1876.45,0.49,319.9700000000067,645.5792218305844,TIME,drift,0.49563243236470605
2023-10-13 01:05:00,2023-10-13 23:00:00,1,1869.44,1928.34,0.23,1353.089999999997,635.8740921574566,TIME,friday,2.1279212609670872
2023-10-13 23:05:00,2023-10-13 23:55:00,1,1929.38,1930.05,0.71,42.59999999998902,662.6019298298922,TIME,fri_close,0.06429199506093439
2023-10-13 10:15:00,2023-10-13 23:57:00,1,1878.69,1932.4,0.35000000000000003,1877.4000000000015,645.90632537713,EOD,lw,2.906613430211928
2023-10-16 01:05:00,2023-10-16 23:45:00,1,1927.88,1919.8,0.31,-252.65000000000478,672.4299982183335,TIME,strong_close,-0.3757268424511469
2023-10-17 01:15:00,2023-10-17 09:10:00,1,1919.17,1917.33,0.4,-76.40000000000582,661.1412392069235,TIME,drift,-0.11555775902234137
2023-10-18 01:15:00,2023-10-18 09:10:00,1,1924.1,1937.88,0.39,534.6900000000078,667.2357096402436,TIME,drift,0.8013509952701706
2023-10-17 17:15:00,2023-10-18 17:20:00,1,1930.52,1957.56,0.3,785.2559999999988,656.4145145279954,NEWS,lw,1.196280677255665
2023-10-18 10:15:00,2023-10-18 17:20:00,1,1938.73,1957.56,0.31,581.5599999999978,672.4482127494815,NEWS,lw,0.8648398329770803
2023-10-18 16:00:00,2023-10-18 17:20:00,1,1949.04,1957.56,0.38,321.0999999999993,673.2934540177538,NEWS,trendH4,0.4769094338937867
2023-10-19 01:15:00,2023-10-19 09:10:00,1,1949.99,1946.13,0.29,-113.96999999999709,662.7600129833961,TIME,drift,-0.17196269806164716
2023-10-20 01:15:00,2023-10-20 09:10:00,1,1973.35,1979.99,0.3,197.100000000003,664.0823573631372,TIME,drift,0.2968005365819765
2023-10-20 01:05:00,2023-10-20 23:01:00,1,1973.34,1980.0,0.19,125.21000000000156,673.4177784246015,TIME,friday,0.18593212714537885
2023-10-20 23:05:00,2023-10-20 23:55:00,1,1980.3600000000001,1980.3,0.48,-6.240000000008294,670.3362917811071,TIME,fri_close,-0.009308760507995763
2023-10-20 12:00:00,2023-10-20 23:57:00,1,1983.94,1980.89,0.34,-106.07999999999845,673.0527198428241,EOD,trendH4,-0.15761023894944065
2023-10-20 17:15:00,2023-10-20 23:57:00,1,1990.7,1980.89,0.28,-276.63999999999845,662.2567647680296,EOD,lw,-0.41772317734934405
2023-10-24 01:15:00,2023-10-24 09:10:00,1,1973.8700000000001,1976.82,0.31,89.27999999999436,662.2647868348002,TIME,drift,0.1348101269685428
2023-10-23 10:45:00,2023-10-24 11:47:00,1,1978.85,1971.48,0.28,-230.57439999999696,665.4727101417419,TIME,lw,-0.3464821268942582
2023-10-24 13:30:00,2023-10-24 16:35:00,-1,1964.72,1961.74,0.28,81.48000000000052,657.4989451316176,NEWS,lw,0.12392415319189587
2023-10-25 01:15:00,2023-10-25 09:10:00,1,1970.64,1973.72,0.33,99.3299999999976,664.5400913308521,TIME,drift,0.14947179454752346
2023-10-26 01:15:00,2023-10-26 09:10:00,1,1981.6,1984.6,0.29,84.96999999999998,681.2568297704872,TIME,drift,0.12472535508910207
2023-10-26 11:45:00,2023-10-26 15:20:00,1,1992.44,1986.29,0.28,-174.16000000000258,666.5093965675682,NEWS,lw,-0.2613016424027968
2023-10-27 01:15:00,2023-10-27 09:10:00,1,1984.67,1989.47,0.33,156.0899999999985,663.4588634402327,TIME,drift,0.23526703553348455
2023-10-27 01:05:00,2023-10-27 23:03:00,1,1984.1200000000001,2006.39,0.19,421.79999999999967,673.4430393578676,TIME,friday,0.6263335951949087
2023-10-27 23:05:00,2023-10-27 23:55:00,1,2006.3600000000001,2005.67,0.46,-34.96000000000251,670.1456244951972,TIME,fri_close,-0.052167765814089946
2023-10-30 01:05:00,2023-10-30 23:45:00,1,2003.42,1996.29,0.28,-201.6000000000031,680.1957552036687,TIME,strong_close,-0.2963852662380092
2023-10-31 01:15:00,2023-10-31 09:10:00,1,1996.22,1992.94,0.37,-123.94999999999898,667.5778853794213,TIME,drift,-0.1856712193657394
2023-11-01 01:15:00,2023-11-01 09:10:00,1,1984.59,1980.67,0.35000000000000003,-139.64999999999458,667.7542102666417,TIME,drift,-0.20913383675144598
2023-11-01 01:10:00,2023-11-01 15:05:00,1,1984.45,1984.17,0.14,-4.899999999999618,673.2196052521429,NEWS,tom,-0.007278457076668775
2023-11-02 01:15:00,2023-11-02 09:10:00,1,1982.84,1984.96,0.32,65.60000000000379,677.5418819818674,TIME,drift,0.09682058296989439
2023-11-03 01:15:00,2023-11-03 09:10:00,1,1986.1200000000001,1986.21,0.43,0.8599999999964805,673.3700065284723,TIME,drift,0.001277158162167291
2023-11-03 01:05:00,2023-11-03 15:20:00,1,1986.24,1987.2,0.19,16.910000000000693,658.111945826703,NEWS,friday,0.02569471669255113
2023-11-03 23:05:00,2023-11-03 23:55:00,1,1992.42,1992.4,0.68,-6.119999999998764,676.0104454361825,TIME,fri_close,-0.009053114550693004
2023-11-06 18:00:00,2023-11-07 19:02:00,-1,1981.03,1963.74,0.29,509.358899999999,665.7255478111955,TIME,lw,0.7651184511014992
2023-11-07 10:15:00,2023-11-08 11:17:00,-1,1968.42,1967.05,0.3,49.323000000003546,673.7757725279959,TIME,lw,0.0732038788140815
2023-11-09 01:15:00,2023-11-09 09:10:00,1,1951.78,1948.92,0.44,-128.9199999999956,676.3614000776385,TIME,drift,-0.19060815709648288
2023-11-09 17:15:00,2023-11-09 19:50:00,1,1959.96,1961.1,0.3,32.09999999999618,674.9638038634245,NEWS,lw,0.047558105806947026
2023-11-09 18:15:00,2023-11-09 19:50:00,1,1961.42,1961.1,0.3,-11.700000000004911,674.9638038634245,NEWS,tday,-0.017334262864223675
2023-11-10 01:15:00,2023-11-10 09:10:00,1,1958.82,1955.47,0.38,-129.95999999999654,669.766571231977,TIME,drift,-0.19403775222902883
2023-11-10 01:05:00,2023-11-10 23:00:00,1,1958.38,1936.09,0.2,-447.2000000000038,671.5021035874654,TIME,friday,-0.6659696188751469
2023-11-10 23:05:00,2023-11-10 23:55:00,1,1936.45,1937.77,0.88,109.9999999999944,676.5104846300218,TIME,fri_close,0.16259910599929953
2023-11-14 01:15:00,2023-11-14 09:10:00,1,1946.5,1946.16,0.48,-19.67999999999607,679.9534518417566,TIME,drift,-0.02894315772159082
2023-11-14 01:05:00,2023-11-14 15:20:00,1,1946.38,1947.01,0.3,16.79999999999645,672.7176301340905,NEWS,strong_close,0.024973330930315837
2023-11-14 18:15:00,2023-11-14 23:45:00,1,1965.83,1962.85,0.3,-91.50000000000054,672.7176301340905,TIME,tday,-0.13601546310264256
2023-11-15 01:15:00,2023-11-15 09:10:00,1,1963.09,1968.3,0.45,231.30000000000163,668.7112066182524,TIME,drift,0.34588922349561285
2023-11-16 01:15:00,2023-11-16 09:10:00,1,1961.03,1966.37,0.45,237.1499999999963,674.7912393439346,TIME,drift,0.3514420255819641
2023-11-16 11:15:00,2023-11-16 15:20:00,1,1968.26,1964.43,0.3,-116.9999999999978,676.7468341462312,NEWS,lw,-0.17288592143560214
2023-11-16 18:15:00,2023-11-16 23:45:00,1,1988.02,1980.85,0.3,-217.20000000000215,676.7468341462312,TIME,tday,-0.3209471977419988
2023-11-17 01:15:00,2023-11-17 09:10:00,1,1981.3700000000001,1983.66,0.45,99.89999999999837,670.1307094325666,TIME,drift,0.14907539468619296
2023-11-17 01:05:00,2023-11-17 23:00:00,1,1981.48,1980.77,0.19,-14.820000000000691,660.488100121854,TIME,friday,-0.022437951565314404
2023-11-17 15:15:00,2023-11-17 23:45:00,1,1991.6100000000001,1980.23,0.29,-332.0500000000031,672.7522773169742,TIME,tday900,-0.4935694923609367
2023-11-17 23:05:00,2023-11-17 23:55:00,1,1980.8600000000001,1980.42,1.03,-52.53000000000562,676.2742036243842,TIME,fri_close,-0.07767559329999493
2023-11-20 13:45:00,2023-11-21 14:47:00,-1,1972.94,1987.74,0.3,-435.7769999999987,678.1470151566998,TIME,lw,-0.6425995989959543
2023-11-21 15:15:00,2023-11-21 16:50:00,1,1991.47,2004.57,0.3,390.89999999999725,672.3079426455068,NEWS,tday900,0.5814299894506976
2023-11-21 18:15:00,2023-11-21 23:45:00,1,2002.79,1998.59,0.3,-128.10000000000136,672.3079426455068,TIME,tday,-0.19053768648921893
2023-11-22 01:15:00,2023-11-22 09:10:00,1,1998.76,2001.49,0.39,103.7400000000007,671.519508489378,TIME,drift,0.15448545974988848
2023-11-23 01:15:00,2023-11-23 09:10:00,1,1990.33,1995.02,0.41000000000000003,189.42000000000223,666.0517052190174,TIME,drift,0.28439233548349724
2023-11-24 01:15:00,2023-11-24 09:10:00,1,1994.14,1993.68,0.63,-33.39000000000229,676.1115055391995,TIME,drift,-0.04938534505987106
2023-11-24 01:05:00,2023-11-24 16:35:00,1,1993.39,2002.12,0.2,173.1999999999958,651.8943695306771,NEWS,friday,0.2656872157443067
2023-11-24 15:30:00,2023-11-24 16:35:00,1,1998.17,2002.12,0.31,120.27999999999435,674.3475151816996,NEWS,lw,0.17836500808872335
2023-11-24 15:45:00,2023-11-24 16:35:00,1,2001.08,2002.12,0.5700000000000001,55.28999999999793,670.8899999999898,NEWS,inside,0.0824129141886133
2023-11-27 01:05:00,2023-11-27 16:50:00,1,2001.35,2010.98,0.32,305.9200000000035,674.4477564875273,NEWS,strong_close,0.45358591092838924
2023-11-27 04:00:00,2023-11-27 16:50:00,1,2012.2,2010.98,0.49,-63.21000000000133,679.6169406523348,NEWS,trendH4,-0.09300827601402753
2023-11-27 10:15:00,2023-11-27 16:50:00,1,2012.48,2010.98,0.32,-50.24,674.4477564875273,NEWS,lw,-0.07449057323823881
2023-11-28 01:15:00,2023-11-28 09:10:00,1,2014.01,2016.17,0.49,102.41000000000403,674.5901436887902,TIME,drift,0.15181069714420406
2023-11-28 16:00:00,2023-11-28 16:50:00,1,2021.65,2027.55,0.5,291.4999999999932,672.7546694889421,NEWS,trendH4,0.43329316498305553
2023-11-28 16:15:00,2023-11-28 16:50:00,1,2023.8,2027.55,0.32,117.76,666.5700595955609,NEWS,lw,0.17666560071937595
2023-11-28 18:15:00,2023-11-28 23:45:00,1,2034.64,2040.86,0.32,196.7999999999936,666.5700595955609,TIME,tday,0.295242783810904
2023-11-29 01:15:00,2023-11-29 09:10:00,1,2042.01,2043.41,0.43,57.190000000003906,681.8432313386405,TIME,drift,0.08387558513666646
2023-11-28 20:00:00,2023-11-29 15:20:00,1,2040.91,2040.3,0.45,-66.36600000000573,676.1627424130459,NEWS,trendH4,-0.09815092704333729
2023-11-29 01:05:00,2023-11-29 15:20:00,1,2041.3700000000001,2040.3,0.31,-35.34000000000508,669.1219062879709,NEWS,strong_close,-0.052815487981939954
2023-11-29 04:00:00,2023-11-29 15:20:00,1,2048.93,2040.3,0.45,-391.49999999999466,685.6647500277732,NEWS,trendH4,-0.5709787472436592
2023-11-30 01:15:00,2023-11-30 09:16:00,1,2045.39,2044.69,0.4,-30.80000000000182,680.1101177414944,TIME,drift,-0.04528678400239402
2023-11-30 12:15:00,2023-11-30 15:20:00,-1,2037.7,2041.43,0.32,-121.60000000000058,679.473163630866,NEWS,lw,-0.17896218203852654
2023-12-01 01:15:00,2023-12-01 09:10:00,1,2038.17,2041.28,0.41000000000000003,124.6399999999959,672.8014817365892,TIME,drift,0.18525524004240249
2023-12-01 01:05:00,2023-12-01 16:35:00,1,2037.76,2037.98,0.21,3.1500000000005732,657.3809386313387,NEWS,friday,0.004791742222643153
2023-12-01 01:10:00,2023-12-01 16:35:00,1,2039.2,2037.98,0.16,-20.640000000000438,667.4422233715188,NEWS,tom,-0.03092402499760879
2023-12-01 11:00:00,2023-12-01 16:35:00,1,2045.54,2037.98,0.32,-244.1599999999983,668.5622233715188,NEWS,lw,-0.365201609460843
2023-12-01 23:05:00,2023-12-01 23:55:00,1,2071.87,2071.34,0.5700000000000001,-34.19999999998549,676.1040676724698,TIME,fri_close,-0.050583928769606594
2023-12-01 20:00:00,2023-12-01 23:57:00,1,2067.4900000000002,2071.62,0.37,150.2199999999872,673.8353067827697,EOD,trendH4,0.22293281234729803
2023-12-04 04:00:00,2023-12-04 09:56:00,1,2087.94,2063.2718570440147,0.27,-667.929859811604,666.5798598115987,SL,trendH4,-1.002025263710168
2023-12-04 01:05:00,2023-12-04 16:04:00,1,2074.63,2052.2826140539514,0.3,-672.5215783814607,671.021578381456,SL,strong_close,-1.0022353975614655
2023-12-04 16:15:00,2023-12-05 16:35:00,-1,2049.2799999999997,2023.78,0.3,773.222999999993,671.021578381456,NEWS,lw,1.1523072057757857
2023-12-06 10:15:00,2023-12-06 15:05:00,1,2033.1200000000001,2027.24,0.22,-130.9000000000024,655.6682701398394,NEWS,lw,-0.19964363987307843
2023-12-07 10:45:00,2023-12-07 15:20:00,1,2034.3700000000001,2033.0,0.23,-33.12000000000272,667.1812752331557,NEWS,lw,-0.049641680948597486
2023-12-08 01:05:00,2023-12-08 15:20:00,1,2029.08,2028.14,0.16,-16.159999999997236,679.912788424673,NEWS,friday,-0.0237677541518806
2023-12-08 16:00:00,2023-12-08 23:57:00,-1,2018.49,2004.25,0.24,340.0800000000002,680.4727884246729,EOD,lw,0.49977016830798143
2023-12-11 17:00:00,2023-12-11 19:50:00,-1,1986.51,1978.41,0.23,184.6899999999979,670.2683444612417,NEWS,lw,0.275546356211184
2023-12-14 01:05:00,2023-12-14 15:20:00,1,2025.55,2032.88,0.22,159.7200000000034,671.5564777093051,NEWS,strong_close,0.23783554369814447
2023-12-15 01:05:00,2023-12-15 16:35:00,1,2036.7,2034.96,0.15,-27.150000000000134,675.1481160064017,NEWS,friday,-0.040213398151203165
2023-12-15 23:05:00,2023-12-15 23:55:00,1,2019.07,2018.37,0.5700000000000001,-43.890000000002594,674.2753078812501,TIME,fri_close,-0.06509210627616854
2023-12-18 20:00:00,2023-12-19 21:03:00,1,2033.72,2038.84,0.22,93.6143999999976,659.58971802486,TIME,lw,0.1419282281723944
2023-12-19 18:15:00,2023-12-19 23:45:00,1,2043.94,2040.05,0.23,-91.0800000000023,669.3452782124451,TIME,tday,-0.13607326885645737
2023-12-19 16:45:00,2023-12-20 16:50:00,1,2037.42,2036.53,0.23,-40.3604000000023,669.3452782124451,NEWS,lw,-0.06029832631043408
2023-12-21 18:15:00,2023-12-21 23:45:00,1,2042.51,2045.6,0.24,72.47999999999801,670.0399220119072,TIME,tday,0.10817265899972746
2023-12-21 18:30:00,2023-12-22 15:20:00,1,2044.78,2062.67,0.39,663.9828000000039,669.2399999999968,NEWS,inside,0.9921445221445326
2023-12-22 01:05:00,2023-12-22 15:20:00,1,2047.5,2062.67,0.16,241.60000000000116,646.4770704396282,NEWS,friday,0.3737178177652987
2023-12-22 01:30:00,2023-12-22 15:20:00,1,2049.12,2062.67,0.39,525.7200000000071,679.7699999999961,NEWS,nr7,0.7733792312105714
2023-12-22 11:45:00,2023-12-22 15:20:00,1,2054.02,2062.67,0.25,214.50000000000227,673.9969483746127,NEWS,lw,0.31825069908296016
2023-12-22 23:05:00,2023-12-22 23:55:00,1,2053.44,2053.02,0.75,-36.75000000000546,685.3211415673954,TIME,fri_close,-0.053624494811227726
2023-12-26 10:30:00,2023-12-27 11:32:00,1,2064.06,2068.48,0.25,88.88000000000181,670.1578806335693,TIME,lw,0.13262546419057908
2023-12-27 01:05:00,2023-12-27 23:45:00,1,2067.94,2077.1,0.26,236.33999999999625,677.4710390118468,TIME,strong_close,0.3488562409172792
2023-12-27 18:15:00,2023-12-27 23:45:00,1,2079.11,2077.1,0.26,-54.08000000000568,677.4710390118468,TIME,tday,-0.07982629055093822
2023-12-28 01:15:00,2023-12-28 09:10:00,1,2079.35,2086.33,0.41000000000000003,283.31000000000074,676.3995148345198,TIME,drift,0.41885009345299745
2023-12-27 14:30:00,2023-12-28 15:20:00,1,2069.2000000000003,2077.28,0.44,247.5263999999968,685.9599999999992,NEWS,inside,0.3608466966003806
2023-12-27 17:30:00,2023-12-28 15:20:00,1,2077.2300000000005,2077.28,0.26,-62.51440000000711,677.4710390118468,NEWS,lw,-0.09227612163494112
2023-12-29 01:15:00,2023-12-29 09:10:00,1,2066.17,2073.93,0.39,299.90999999999076,692.2424012095023,TIME,drift,0.43324419231757677
2023-12-29 01:05:00,2023-12-29 16:35:00,1,2067.05,2060.77,0.18,-114.3000000000036,693.2523334009143,NEWS,friday,-0.16487503105727427
2023-12-29 23:05:00,2023-12-29 23:55:00,1,2063.67,2062.62,0.81,-90.72000000001474,694.5036408674098,TIME,fri_close,-0.13062566509616674
2024-01-02 01:15:00,2024-01-02 09:10:00,1,2065.78,2075.16,0.42,391.0199999999855,682.3562599826552,TIME,drift,0.5730437645723728
2024-01-02 01:07:00,2024-01-02 16:35:00,1,2064.59,2068.84,0.13,54.34,325.64210144114963,NEWS,season,0.16687031486258966
2024-01-02 01:10:00,2024-01-02 16:35:00,1,2064.85,2068.84,0.13,50.960000000003085,650.3742028822992,NEWS,tom,0.07835489134433814
2024-01-02 10:15:00,2024-01-02 16:35:00,1,2074.29,2068.84,0.27,-149.03999999999508,676.3335953008492,NEWS,lw,-0.22036462632570922
2024-01-03 01:15:00,2024-01-03 09:10:00,1,2059.13,2063.1,0.36,140.3999999999928,691.1442106923016,TIME,drift,0.2031413962931957
2024-01-03 01:07:00,2024-01-03 16:35:00,1,2059.31,2034.4362784684893,0.14,-349.21210144114957,348.51210144114987,SL,season,-1.0020085385761501
2024-01-04 01:07:00,2024-01-04 15:05:00,1,2042.84,2045.58,0.13,34.71000000000012,333.36492420180775,NEWS,season,0.10412013226378872
2024-01-05 01:15:00,2024-01-05 09:10:00,1,2044.71,2043.47,0.44,-57.6400000000004,692.2098490513114,TIME,drift,-0.0832695461918048
2024-01-05 01:05:00,2024-01-05 15:20:00,1,2043.33,2040.98,0.18,-43.55999999999836,670.7537823892008,NEWS,friday,-0.06494186263823845
2024-01-05 01:07:00,2024-01-05 15:20:00,1,2043.99,2040.98,0.14,-43.11999999999988,348.1249242018078,NEWS,season,-0.12386358172678047
2024-01-05 18:15:00,2024-01-05 23:45:00,1,2055.86,2044.87,0.27,-298.6200000000064,671.3837823892007,TIME,tday,-0.444782861655268
2024-01-05 23:05:00,2024-01-05 23:55:00,1,2044.41,2045.05,0.5700000000000001,32.48999999999275,694.8214478711244,TIME,fri_close,0.046760214583961714
2024-01-08 01:07:00,2024-01-08 13:18:00,1,2045.3600000000001,2019.4679387009007,0.13,-337.5067968882922,336.8567968882935,SL,season,-1.0019296033388758
2024-01-09 01:07:00,2024-01-09 23:47:00,1,2028.46,2029.84,0.13,17.029999999998463,339.25059711055815,TIME,season,0.05019887995789899
2024-01-10 01:15:00,2024-01-10 09:10:00,1,2031.1200000000001,2026.33,0.4,-194.40000000000765,680.0369648768008,TIME,drift,-0.2858668131889363
2024-01-09 16:15:00,2024-01-10 17:17:00,1,2039.56,2025.92,0.26,-377.1247999999967,678.5011942211163,TIME,lw,-0.5558203923766356
2024-01-10 01:07:00,2024-01-10 17:20:00,1,2030.83,2026.35,0.13,-59.15000000000023,329.8012687455184,NEWS,season,-0.17935043192827016
2024-01-10 12:15:00,2024-01-10 17:20:00,1,2037.24,2026.35,0.27,-295.9200000000027,684.9718658560768,NEWS,lw,-0.43201774372172547
2024-01-11 01:15:00,2024-01-11 09:10:00,1,2026.03,2034.5,0.43,361.2000000000012,682.1005733519498,TIME,drift,0.5295406778871441
2024-01-11 01:07:00,2024-01-11 15:20:00,1,2026.12,2033.78,0.13,98.67000000000107,324.67617812083853,NEWS,season,0.3039028011573978
2024-01-11 10:15:00,2024-01-11 15:20:00,1,2033.1200000000001,2033.78,0.27,15.92999999999607,674.327446866357,NEWS,lw,0.02362353790287464
2024-01-12 01:15:00,2024-01-12 09:10:00,1,2034.33,2035.16,0.31,23.56000000000479,684.5294145123678,TIME,drift,0.03441780513812985
2024-01-12 01:05:00,2024-01-12 15:20:00,1,2029.49,2045.37,0.18,284.5799999999979,682.5012006616173,NEWS,friday,0.4169662994352622
2024-01-12 01:07:00,2024-01-12 15:20:00,1,2030.04,2045.37,0.13,198.37999999999906,328.9150225407787,NEWS,season,0.6031345071063272
2024-01-12 12:45:00,2024-01-12 15:20:00,1,2042.44,2045.37,0.27,77.21999999999558,683.1312006616173,NEWS,lw,0.1130383152243778
2024-01-12 23:05:00,2024-01-12 23:55:00,1,2047.26,2048.72,0.71,98.68999999998643,692.1199446199568,TIME,fri_close,0.14259089160358923
2024-01-15 01:07:00,2024-01-16 03:17:00,1,2048.09,2051.05,0.13,27.237600000000477,336.68609235929466,TIME,season,0.08089909449224848
2024-01-16 01:15:00,2024-01-16 09:10:00,1,2055.59,2050.18,0.52,-284.96000000001607,687.5785888185985,TIME,drift,-0.4144398976844756
2024-01-16 01:07:00,2024-01-16 19:06:00,1,2055.6,2030.649564831479,0.13,-325.26565719077206,324.61565719077345,SL,season,-1.0020023679868795
2024-01-17 01:07:00,2024-01-17 15:20:00,1,2027.72,2025.74,0.13,-26.650000000000237,330.5673959628612,NEWS,season,-0.08061896099092097
2024-01-17 17:00:00,2024-01-18 15:20:00,-1,2012.06,2013.53,0.27,-13.707900000000748,686.5630531536348,NEWS,lw,-0.0199659739000451
2024-01-19 01:15:00,2024-01-19 09:10:00,1,2023.8700000000001,2024.84,0.44,39.5999999999912,679.9321443847668,TIME,drift,0.058241105861854874
2024-01-19 01:05:00,2024-01-19 16:50:00,1,2024.4099999999999,2027.33,0.18,51.300000000001305,681.2503366477772,NEWS,friday,0.07530271508184903
2024-01-19 01:07:00,2024-01-19 16:50:00,1,2024.1100000000001,2027.33,0.13,40.9499999999974,328.31275468226306,NEWS,season,0.12472862968613052
2024-01-19 02:00:00,2024-01-19 16:50:00,1,2023.95,2027.33,0.38,125.77999999999551,690.4599999999965,NEWS,inside,0.18216840946614743
2024-01-19 13:45:00,2024-01-19 16:50:00,1,2032.06,2027.33,0.27,-129.6000000000005,681.8803366477771,NEWS,lw,-0.1900626738074498
2024-01-19 15:15:00,2024-01-19 16:50:00,1,2036.01,2027.33,0.27,-236.2500000000017,681.8803366477771,NEWS,tday900,-0.3464684157948315
2024-01-19 23:05:00,2024-01-19 23:55:00,1,2028.91,2029.32,0.93,31.619999999986465,685.5189105668479,TIME,fri_close,0.04612564221436319
2024-01-22 01:07:00,2024-01-22 23:47:00,1,2028.1,2021.18,0.13,-90.86999999999799,322.5604150621014,TIME,season,-0.28171466725854477
2024-01-23 01:15:00,2024-01-23 09:10:00,1,2021.49,2034.8,0.45,595.7999999999976,677.3118429706245,TIME,drift,0.8796538938207195
2024-01-23 01:07:00,2024-01-23 23:47:00,1,2021.91,2028.75,0.14,94.77999999999886,338.2404150621013,TIME,season,0.28021488792992744
2024-01-24 01:15:00,2024-01-24 09:10:00,1,2029.66,2027.39,0.44,-102.9599999999992,691.7089603478114,TIME,drift,-0.14884872959897458
2024-01-23 10:15:00,2024-01-24 11:17:00,1,2031.17,2032.64,0.28,16.945600000000766,676.4808301242026,TIME,lw,0.025049638135184904
2024-01-24 01:07:00,2024-01-24 17:20:00,1,2029.55,2022.77,0.14,-95.89999999999964,332.4303854148084,NEWS,season,-0.28848145117762053
2024-01-25 01:15:00,2024-01-25 09:10:00,1,2016.73,2013.98,0.39,-109.98,686.292871483359,TIME,drift,-0.16025228378416395
2024-01-25 01:07:00,2024-01-25 15:20:00,1,2016.17,2017.4,0.14,16.240000000000258,334.1853578851791,NEWS,season,0.048595785592677194
2024-01-26 01:15:00,2024-01-26 09:10:00,1,2020.6599999999999,2021.86,0.38,42.94000000000173,689.3450826943618,TIME,drift,0.06229100791169383
2024-01-26 01:05:00,2024-01-26 23:00:00,1,2020.4199999999998,2018.58,0.19,-36.28999999999844,662.9676280431577,TIME,friday,-0.054738720964571816
2024-01-26 01:07:00,2024-01-26 23:47:00,1,2020.81,2018.52,0.14,-33.039999999999495,325.994975179095,TIME,season,-0.10135125543529619
2024-01-26 23:05:00,2024-01-26 23:55:00,1,2019.08,2018.35,1.11,-88.80000000000202,689.3514169555227,TIME,fri_close,-0.12881673674101032
2024-01-29 01:07:00,2024-01-29 23:47:00,1,2025.1100000000001,2031.76,0.15,98.69999999999796,336.0531640812424,TIME,season,0.29370352833856006
2024-01-29 01:30:00,2024-01-30 02:32:00,1,2027.6,2032.52,0.59,239.2568000000043,681.4499999999877,TIME,nr7,0.35109956709957973
2024-01-30 01:15:00,2024-01-30 09:10:00,1,2033.22,2034.75,0.37,54.019999999999,682.5741518182226,TIME,drift,0.07914158462652297
2024-01-29 10:15:00,2024-01-30 11:17:00,1,2032.22,2038.15,0.3,151.95600000000192,672.1063281624848,TIME,lw,0.22608922670828632
2024-01-30 01:07:00,2024-01-30 16:50:00,1,2032.6299999999999,2046.91,0.15,213.150000000003,332.5565095040107,NEWS,season,0.6409437010206301
2024-01-30 16:15:00,2024-01-30 16:50:00,1,2043.03,2046.91,0.31,118.11000000000338,687.2834529749555,NEWS,lw,0.17185049267337343
2024-01-31 01:15:00,2024-01-31 09:10:00,1,2036.58,2035.41,0.39,-48.35999999999397,681.958697408248,TIME,drift,-0.07091338549355537
2024-01-31 01:07:00,2024-01-31 15:05:00,1,2036.56,2036.75,0.15,1.8000000000008185,329.77033025372424,NEWS,season,0.005458344292574484
2024-02-01 01:15:00,2024-02-01 09:10:00,1,2041.08,2042.3,0.31,35.650000000000844,691.4338424068562,TIME,drift,0.05155952430084197
2024-02-01 01:10:00,2024-02-01 15:20:00,1,2040.86,2033.84,0.15,-106.34999999999972,665.1020418997731,NEWS,tom,-0.15990027589785394
2024-02-01 18:15:00,2024-02-01 23:45:00,1,2060.12,2054.8,0.31,-167.08999999999097,688.3571099630989,TIME,tday,-0.24273737799984116
2024-02-02 01:15:00,2024-02-02 09:10:00,1,2055.87,2054.79,0.29,-33.34999999999789,693.9009861591517,TIME,drift,-0.0480616120530326
2024-02-01 17:45:00,2024-02-02 15:20:00,1,2051.56,2055.8,0.31,104.63120000000734,688.3571099630989,NEWS,lw,0.15200133547776729
2024-02-02 01:05:00,2024-02-02 15:20:00,1,2054.65,2055.8,0.2,21.60000000000182,693.7697531926465,NEWS,friday,0.031134248647481634
2024-02-02 23:05:00,2024-02-02 23:55:00,1,2037.25,2039.6,0.81,184.67999999999265,694.5233311788157,TIME,fri_close,0.26590899356330466
2024-02-05 10:15:00,2024-02-05 16:35:00,-1,2024.8500000000001,2018.7,0.29,176.32000000000264,685.1392784610183,NEWS,lw,0.25734913402725684
2024-02-06 01:15:00,2024-02-06 09:10:00,1,2025.23,2027.6,0.4,91.99999999999565,692.8955203530637,TIME,drift,0.1327761506570532
2024-02-06 18:15:00,2024-02-06 23:45:00,1,2036.75,2035.68,0.29,-33.059999999998155,692.9164728566601,TIME,tday,-0.047711378347960125
2024-02-07 01:15:00,2024-02-07 09:10:00,1,2036.1,2033.78,0.46,-109.93999999999708,689.853074772343,TIME,drift,-0.15936726822052386
2024-02-06 17:45:00,2024-02-07 17:20:00,1,2037.45,2035.84,0.29,-71.76920000000369,692.9164728566601,NEWS,lw,-0.10357554310135472
2024-02-07 01:05:00,2024-02-07 17:20:00,1,2035.94,2035.84,0.29,-4.930000000003956,676.6481533668989,NEWS,strong_close,-0.0072859136250842055
2024-02-07 16:45:00,2024-02-07 17:20:00,1,2040.53,2035.84,0.39,-185.64000000000212,682.1100000000029,NEWS,inside,-0.2721555174385383
2024-02-07 17:00:00,2024-02-07 17:20:00,1,2042.81,2035.84,0.29,-204.16000000000076,676.6481533668989,NEWS,lw,-0.30172254070912846
2024-02-08 01:15:00,2024-02-08 09:10:00,1,2036.33,2033.03,0.51,-171.86999999999767,691.1054901613855,TIME,drift,-0.248688517812039
2024-02-08 10:45:00,2024-02-08 15:20:00,-1,2029.29,2025.42,0.3,113.99999999999672,680.1107877169719,NEWS,lw,0.16761974969207197
2024-02-09 01:15:00,2024-02-09 09:10:00,1,2034.84,2033.81,0.43,-47.299999999998825,679.89000512676,TIME,drift,-0.06957007698793884
2024-02-09 01:05:00,2024-02-09 23:00:00,1,2035.13,2025.09,0.2,-202.20000000000383,670.6457314514739,TIME,friday,-0.30150046517463663
2024-02-09 23:05:00,2024-02-09 23:55:00,1,2025.46,2024.08,0.98,-142.1000000000107,687.0207309979126,TIME,fri_close,-0.2068350976739921
2024-02-12 16:30:00,2024-02-13 15:20:00,-1,2014.75,2028.0500000000002,0.31,-403.80290000000565,681.9700708927238,NEWS,lw,-0.5921123480850309
2024-02-14 01:15:00,2024-02-14 09:10:00,1,1992.32,1990.16,0.4,-89.19999999999418,687.7344628931954,TIME,drift,-0.12970122163828054
2024-02-15 01:15:00,2024-02-15 09:10:00,1,1993.55,1993.19,0.46,-19.779999999995397,679.8038696562359,TIME,drift,-0.029096627546409487
2024-02-15 12:45:00,2024-02-15 15:20:00,1,1997.65,1998.63,0.31,28.210000000000562,689.0277462650562,NEWS,lw,0.04094174748827705
2024-02-16 01:15:00,2024-02-16 09:10:00,1,2004.8700000000001,2003.78,0.52,-60.32000000000757,688.8587060232431,TIME,drift,-0.08756512688680787
2024-02-16 01:05:00,2024-02-16 15:20:00,1,2004.8600000000001,2006.02,0.2,21.79999999999709,657.2795415745898,NEWS,friday,0.03316701436921747
2024-02-16 23:05:00,2024-02-16 23:55:00,1,2012.8,2013.58,0.87,61.76999999999762,687.9449833412594,TIME,fri_close,0.08978915683051972
2024-02-16 19:45:00,2024-02-16 23:57:00,1,2012.19,2013.15,0.31,27.590000000001133,679.9121929604092,EOD,lw,0.04057876926705987
2024-02-19 01:05:00,2024-02-20 03:32:00,1,2011.79,2018.42,0.31,178.72120000000336,675.8320363203804,TIME,strong_close,0.2644461795168289
2024-02-20 01:15:00,2024-02-20 09:10:00,1,2016.83,2018.9,0.62,124.00000000001015,685.3464456354261,TIME,drift,0.18093039044660436
2024-02-21 01:15:00,2024-02-21 09:10:00,1,2024.35,2030.12,0.63,359.09999999999883,681.1145969719632,TIME,drift,0.5272240553887005
2024-02-20 11:00:00,2024-02-21 12:02:00,1,2023.0,2028.38,0.32,144.48640000000347,675.550707625065,TIME,lw,0.21387942958116826
2024-02-22 01:15:00,2024-02-22 09:10:00,1,2026.5,2030.24,0.56,205.52000000000052,693.2657491174689,TIME,drift,0.2964519742416651
2024-02-21 15:15:00,2024-02-22 15:20:00,1,2031.16,2027.19,0.33,-212.0052000000009,684.402262435609,NEWS,lw,-0.3097669479430558
2024-02-22 10:15:00,2024-02-22 15:20:00,1,2034.2,2027.19,0.34,-240.71999999999971,684.5001731526825,NEWS,lw,-0.35167266487499554
2024-02-23 01:15:00,2024-02-23 09:10:00,1,2025.25,2019.71,0.56,-314.159999999998,687.3111885956,TIME,drift,-0.45708553157984944
2024-02-23 01:05:00,2024-02-23 23:00:00,1,2024.75,2036.57,0.23,270.2499999999986,681.976255586089,TIME,friday,0.3962747937136701
2024-02-23 18:15:00,2024-02-23 23:45:00,1,2033.54,2035.98,0.34,80.58000000000187,672.8858750703486,TIME,tday,0.11975284812090525
2024-02-23 23:05:00,2024-02-23 23:55:00,1,2036.44,2035.87,1.03,-65.92000000001686,688.7473514242556,TIME,fri_close,-0.09570998692583191
2024-02-27 01:15:00,2024-02-27 09:10:00,1,2031.14,2033.96,0.56,153.99999999999645,681.8563555828952,TIME,drift,0.22585402150918904
2024-02-27 10:30:00,2024-02-27 15:20:00,1,2037.6,2036.18,0.35000000000000003,-52.1499999999946,686.2033239857611,NEWS,lw,-0.0759978831013018
2024-02-28 01:15:00,2024-02-28 09:10:00,1,2030.57,2028.89,0.65,-113.74999999998937,688.5846005276114,TIME,drift,-0.16519393537530633
2024-02-28 11:15:00,2024-02-28 17:20:00,-1,2026.1000000000001,2031.39,0.36,-192.9599999999987,683.0113380108903,NEWS,lw,-0.28251361179735207
2024-02-29 01:15:00,2024-02-29 09:10:00,1,2035.16,2037.14,0.6,114.60000000000107,690.275943151697,TIME,drift,0.16602056197519294
2024-02-29 13:45:00,2024-02-29 15:20:00,-1,2029.74,2032.1100000000001,0.37,-90.28000000000438,687.4414555222978,NEWS,lw,-0.13132754691294007
2024-02-29 18:15:00,2024-02-29 23:45:00,1,2045.9,2043.12,0.37,-105.45000000000742,687.4414555222978,TIME,tday,-0.15339488061552764
2024-03-01 01:15:00,2024-03-01 09:10:00,1,2043.8,2047.8,0.52,204.36,681.6662736042529,TIME,drift,0.2997947938944724
2024-03-01 01:05:00,2024-03-01 16:35:00,1,2043.81,2052.37,0.24,203.75999999999868,678.7203883869404,NEWS,friday,0.30021199228191525
2024-03-01 01:10:00,2024-03-01 16:35:00,1,2043.74,2052.37,0.18,154.07999999999788,678.3003883869404,NEWS,tom,0.22715599554117025
2024-03-01 12:45:00,2024-03-01 16:35:00,1,2053.57,2052.37,0.36,-45.720000000009826,679.5603883869404,NEWS,lw,-0.06727878902496734
2024-03-01 18:15:00,2024-03-01 23:45:00,1,2073.84,2083.43,0.36,342.7199999999889,679.5603883869404,TIME,tday,0.5043260405649848
2024-03-01 23:05:00,2024-03-01 23:55:00,1,2083.88,2083.44,0.66,-33.6600000000036,689.456351660166,TIME,fri_close,-0.04882107463213953
2024-03-01 20:00:00,2024-03-01 23:57:00,1,2085.03,2083.24,0.42,-78.12000000001757,692.0049839319001,EOD,trendH4,-0.11288936035712904
2024-03-04 01:05:00,2024-03-04 23:45:00,1,2083.08,2115.24,0.33,1058.9699999999953,694.6424734484082,TIME,strong_close,1.5244820759994113
2024-03-04 18:15:00,2024-03-04 23:45:00,1,2115.94,2115.24,0.33,-25.410000000009003,694.6424734484082,TIME,tday,-0.03657996879152284
2024-03-05 01:15:00,2024-03-05 09:10:00,1,2113.9900000000002,2115.49,0.05,7.149999999997727,104.70447111593273,TIME,drift,0.06828743723924624
2024-03-04 16:00:00,2024-03-05 16:35:00,1,2091.9,2132.05,0.43,1689.2636000000036,690.1621816084673,NEWS,trendH4,2.4476328101071347
2024-03-04 17:45:00,2024-03-05 16:35:00,1,2102.55,2132.05,0.33,944.9616000000002,694.6424734484082,NEWS,lw,1.3603567822579792
2024-03-04 20:00:00,2024-03-05 16:35:00,1,2116.68,2132.05,0.38,551.1976000000132,691.0782268852479,NEWS,trendH4,0.7975907481332621
2024-03-05 01:05:00,2024-03-05 16:35:00,1,2114.28,2132.05,0.31,548.6999999999995,695.6777203456895,NEWS,strong_close,0.7887272855703137
2024-03-05 12:00:00,2024-03-05 16:35:00,1,2124.7,2132.05,0.06,43.68000000000218,106.72595509136082,NEWS,trendH4,0.4092725144751407
2024-03-06 01:15:00,2024-03-06 09:10:00,1,2127.33,2129.42,0.31,62.62000000000451,697.9075416442643,TIME,drift,0.089725352232865
2024-03-06 18:15:00,2024-03-06 23:45:00,1,2145.9800000000005,2147.72,0.31,51.769999999979134,715.448597463855,TIME,tday,0.07236019496508217
2024-03-07 01:15:00,2024-03-07 09:10:00,1,2148.93,2155.68,0.28,187.04,701.4196042924112,TIME,drift,0.2666592134799042
2024-03-06 20:00:00,2024-03-07 15:20:00,1,2145.01,2159.39,0.36,429.3215999999876,701.1861661782273,NEWS,trendH4,0.6122790504267632
2024-03-07 01:05:00,2024-03-07 15:20:00,1,2148.1,2159.39,0.3,336.5999999999989,704.1574954168277,NEWS,strong_close,0.47801806015108556
2024-03-07 08:00:00,2024-03-07 15:20:00,1,2154.6200000000003,2159.39,0.35000000000000003,164.49999999998346,702.8001402207495,NEWS,trendH4,0.23406369832014262
2024-03-08 01:15:00,2024-03-08 09:10:00,1,2159.56,2159.81,0.35000000000000003,6.3,722.7770780276471,TIME,drift,0.008716380460199123
2024-03-08 01:05:00,2024-03-08 15:20:00,1,2159.14,2164.93,0.2,114.39999999999928,697.3462457441976,NEWS,friday,0.16405049958778123
2024-03-08 12:00:00,2024-03-08 15:20:00,1,2169.27,2164.93,0.37,-163.1700000000054,717.3431972974257,NEWS,trendH4,-0.22746434428422083
2024-03-08 23:05:00,2024-03-08 23:55:00,1,2178.21,2178.71,0.45,19.35,724.9404706658294,TIME,fri_close,0.02669184682464725
2024-03-08 16:00:00,2024-03-08 23:57:00,1,2171.38,2178.53,0.34,240.72000000000313,724.7362235866719,EOD,trendH4,0.33214843161653446
2024-03-12 01:15:00,2024-03-12 09:10:00,1,2182.63,2176.53,0.34,-209.7799999999969,725.640957397301,TIME,drift,-0.28909614026257163
2024-03-12 10:15:00,2024-03-12 15:20:00,-1,2176.2799999999997,2170.16,0.3,181.49999999999673,714.3516098508651,NEWS,lw,0.2540765604740338
2024-03-13 01:15:00,2024-03-13 09:10:00,1,2159.86,2159.53,0.29,-11.59999999999789,724.8678676525724,TIME,drift,-0.016002916555762883
2024-03-13 18:15:00,2024-03-13 19:50:00,1,2171.15,2173.25,0.29,58.869999999997354,712.0377545566096,NEWS,tday,0.08267820017023687
2024-03-13 18:30:00,2024-03-13 19:50:00,1,2174.05,2173.25,0.29,-25.230000000005276,712.0377545566096,NEWS,lw,-0.035433514358681945
2024-03-14 01:15:00,2024-03-14 09:10:00,1,2174.53,2168.16,0.38,-244.72000000001313,708.2659461649323,TIME,drift,-0.34551992980194157
2024-03-14 16:00:00,2024-03-15 17:02:00,-1,2162.71,2161.98,0.29,29.118900000000522,711.1822006597083,TIME,lw,0.04094435993053424
2024-03-15 23:05:00,2024-03-15 23:55:00,1,2157.15,2156.2,0.79,-80.58000000002156,716.5722904595723,TIME,fri_close,-0.11245201785341397
2024-03-19 01:15:00,2024-03-19 09:10:00,1,2161.08,2154.59,0.5,-327.9999999999891,722.3008568715305,TIME,drift,-0.45410440383615336
2024-03-19 01:05:00,2024-03-19 23:45:00,1,2160.4,2157.81,0.3,-79.80000000000436,706.553599646645,TIME,strong_close,-0.1129425991742356
2024-03-20 01:15:00,2024-03-20 09:10:00,1,2158.45,2157.13,0.48,-66.71999999998603,713.4024353283311,TIME,drift,-0.09352365046143879
2024-03-20 15:45:00,2024-03-20 17:20:00,-1,2149.7599999999998,2162.58,0.31,-399.5900000000051,712.8742872799947,NEWS,lw,-0.5605336131909869
2024-03-21 01:15:00,2024-03-21 09:10:00,1,2193.5000000000005,2209.44,0.31,491.96999999998764,699.1362114208122,TIME,drift,0.7036826185847058
2024-03-21 01:05:00,2024-03-21 15:20:00,1,2187.98,2208.53,0.29,593.9200000000053,700.6343693653405,NEWS,strong_close,0.8476889315863838
2024-03-21 04:00:00,2024-03-21 15:20:00,1,2199.19,2208.53,0.34,315.18000000000495,719.9988814742048,NEWS,trendH4,0.4377506800492117
2024-03-21 10:15:00,2024-03-21 15:20:00,1,2207.7,2208.53,0.29,22.040000000011077,700.6343693653405,NEWS,lw,0.03145720644560399
2024-03-22 01:15:00,2024-03-22 09:10:00,1,2182.68,2173.28,0.26,-246.21999999999053,719.8701382971452,TIME,drift,-0.34203391264766814
2024-03-22 01:05:00,2024-03-22 23:00:00,1,2182.4,2163.96,0.18,-333.180000000001,714.3251321360451,TIME,friday,-0.46642626027127654
2024-03-22 23:05:00,2024-03-22 23:55:00,1,2164.28,2165.55,0.7000000000000001,83.99999999999874,722.4153590853823,TIME,fri_close,0.11627659758832837
2024-03-25 18:15:00,2024-03-25 23:45:00,1,2177.28,2171.74,0.27,-151.47000000001128,719.8926226977569,TIME,tday,-0.21040637898522424
2024-03-26 01:15:00,2024-03-26 09:10:00,1,2172.27,2173.88,0.41000000000000003,63.14000000000522,714.3013280774378,TIME,drift,0.08839406776681813
2024-03-26 12:15:00,2024-03-26 15:20:00,1,2184.09,2194.93,0.27,290.78999999999166,702.8581496479176,NEWS,lw,0.4137250171256561
2024-03-27 01:15:00,2024-03-27 09:10:00,1,2178.7400000000002,2178.4,0.33,-13.530000000004803,722.1812097374525,TIME,drift,-0.018734910044147516
2024-03-27 13:15:00,2024-03-27 17:20:00,1,2191.84,2190.53,0.27,-37.259999999998534,715.5447103873521,NEWS,lw,-0.05207221779311072
2024-03-27 18:15:00,2024-03-27 23:45:00,1,2192.89,2194.51,0.27,41.85000000000933,715.5447103873521,TIME,tday,0.058486911289378836
2024-03-28 01:15:00,2024-03-28 09:10:00,1,2193.4900000000002,2196.12,0.34,87.03999999998825,710.3219663483975,TIME,drift,0.12253598244672195
2024-03-28 01:05:00,2024-03-28 15:20:00,1,2193.28,2212.18,0.27,508.4099999999902,711.1829453596841,NEWS,strong_close,0.7148793475957996
2024-03-28 08:45:00,2024-03-28 15:20:00,1,2198.1600000000003,2212.18,0.29,404.5499999999863,713.1099999999994,NEWS,inside,0.5673037820251947
2024-03-28 13:30:00,2024-03-28 15:20:00,1,2204.6,2212.18,0.27,202.76999999999808,711.1829453596841,NEWS,lw,0.285116510910489
2024-03-28 18:15:00,2024-03-28 23:45:00,1,2214.01,2223.42,0.27,252.17999999999608,711.1829453596841,TIME,tday,0.35459230518028645
2024-04-01 01:05:00,2024-04-01 16:35:00,1,2239.6,2252.97,0.26,345.79999999999717,726.7583479671246,NEWS,strong_close,0.4758115279545983
2024-04-01 01:10:00,2024-04-01 16:35:00,1,2242.2200000000003,2252.97,0.13,138.8399999999941,725.8483479671245,NEWS,tom,0.19127962526723627
2024-04-01 04:00:00,2024-04-01 16:35:00,1,2250.3300000000004,2252.97,0.28,71.95999999998372,723.1728254198455,NEWS,trendH4,0.0995059513722831
2024-04-01 08:00:00,2024-04-01 16:35:00,1,2260.53,2252.97,0.28,-213.64000000001124,730.9041841488528,NEWS,trendH4,-0.29229549458496773
2024-04-01 10:15:00,2024-04-01 16:35:00,1,2259.94,2252.97,0.26,-183.04000000000661,726.7583479671246,NEWS,lw,-0.2518581320902647
2024-04-03 01:05:00,2024-04-03 15:05:00,1,2281.69,2273.53,0.25,-205.74999999999636,725.7371507380501,NEWS,strong_close,-0.2835048471623033
2024-04-03 04:00:00,2024-04-03 15:05:00,1,2283.5000000000005,2273.53,0.25,-251.00000000000637,711.067739602481,NEWS,trendH4,-0.3529902792950876
2024-04-03 20:00:00,2024-04-04 15:20:00,1,2294.07,2284.77,0.25,-293.86000000000456,727.0325852670946,NEWS,trendH4,-0.40419096193886184
2024-04-04 01:05:00,2024-04-04 15:20:00,1,2300.1,2284.77,0.24,-369.59999999999826,708.297117229348,NEWS,strong_close,-0.5218149149692516
2024-04-04 04:00:00,2024-04-04 15:20:00,1,2302.52,2284.77,0.26,-463.32,729.4365345316946,NEWS,trendH4,-0.6351752045124199
2024-04-05 01:05:00,2024-04-05 15:20:00,1,2291.94,2293.61,0.16,25.600000000001163,701.5958945701093,NEWS,friday,0.03648824087787332
2024-04-05 18:15:00,2024-04-05 23:45:00,1,2324.26,2327.62,0.24,78.95999999999214,702.1558945701091,TIME,tday,0.11245365966532965
2024-04-05 23:05:00,2024-04-05 23:55:00,1,2323.77,2328.41,0.45,205.64999999999426,719.8747819598905,TIME,fri_close,0.28567468281095104
2024-04-05 17:15:00,2024-04-05 23:57:00,1,2304.09,2329.27,0.24,602.6399999999961,702.1558945701091,EOD,lw,0.8582709404853163
2024-04-05 20:00:00,2024-04-05 23:57:00,1,2327.51,2329.27,0.23,38.86999999999456,720.4596918953584,EOD,trendH4,0.053951665078912074
2024-04-08 01:05:00,2024-04-08 23:45:00,1,2328.03,2338.47,0.23,238.50999999999078,727.9408704656628,TIME,strong_close,0.3276502387445511
2024-04-09 12:30:00,2024-04-10 13:32:00,1,2364.96,2348.6,0.22,-378.9456000000028,727.0604625875138,TIME,lw,-0.5212023201638343
2024-04-08 08:00:00,2024-04-10 15:20:00,1,2342.3900000000003,2347.94,0.2,77.80799999999454,705.0953996424203,NEWS,trendH4,0.11035102489599823
2024-04-09 12:00:00,2024-04-10 15:20:00,1,2357.9,2347.94,0.22,-238.14560000000077,721.6744435926697,NEWS,trendH4,-0.3299903469138445
2024-04-12 10:15:00,2024-04-12 19:46:00,1,2398.3,2363.6801014394255,0.21,-728.487869772069,727.4378697720672,SL,lw,-1.0014434222407624
2024-04-12 12:00:00,2024-04-12 19:46:00,1,2396.94,2363.307095772899,0.21,-707.7609887691185,706.7109887691158,SL,trendH4,-1.0014857558700643
2024-04-12 15:15:00,2024-04-12 20:18:00,1,2393.64,2359.020101439425,0.21,-728.487869772069,727.4378697720672,SL,tday900,-1.0014434222407624
2024-04-12 08:00:00,2024-04-12 20:36:00,1,2384.4500000000003,2350.8632587083152,0.21,-706.7915671253857,705.741567125385,SL,trendH4,-1.0014877967359603
2024-04-12 04:00:00,2024-04-12 21:25:00,1,2379.01,2345.4181670613843,0.21,-706.8984917109334,705.8484917109322,SL,trendH4,-1.001487571358913
2024-04-12 01:05:00,2024-04-12 23:00:00,1,2374.18,2343.3,0.14,-433.29999999999524,726.9478697720672,TIME,friday,-0.5960537447284293
2024-04-16 01:05:00,2024-04-16 20:05:00,1,2382.95,2394.01,0.17,186.83000000000683,694.9732579823005,NEWS,strong_close,0.2688304878700311
2024-04-17 19:45:00,2024-04-18 15:20:00,-1,2365.8399999999997,2383.1299999999997,0.17,-277.57089999999937,688.257310983565,NEWS,lw,-0.4032952437560485
2024-04-19 01:05:00,2024-04-19 23:00:00,1,2379.79,2387.6,0.11,85.1399999999994,660.2907748132263,TIME,friday,0.12894319176893332
2024-04-19 23:05:00,2024-04-19 23:55:00,1,2387.33,2390.65,0.42,136.50000000000688,697.5909015458932,TIME,fri_close,0.19567342363198353
2024-04-19 04:30:00,2024-04-19 23:57:00,1,2396.29,2390.62,0.2,-114.80000000000146,696.0000000000005,EOD,inside,-0.16494252873563417
2024-04-19 10:15:00,2024-04-19 23:57:00,1,2392.15,2390.62,0.17,-27.200000000003403,680.6962528378697,EOD,lw,-0.03995908584277455
2024-04-22 10:15:00,2024-04-23 11:17:00,-1,2357.7999999999997,2307.33,0.17,862.6496999999965,686.9608062065935,TIME,lw,1.2557480604513078
2024-04-23 12:15:00,2024-04-23 16:50:00,-1,2297.24,2323.48,0.16,-420.9600000000038,675.8433936595437,NEWS,lw,-0.6228661905246979
2024-04-25 11:00:00,2024-04-25 15:20:00,1,2325.92,2325.55,0.17,-7.479999999998146,698.8453539489379,NEWS,lw,-0.010703369433210373
2024-04-26 01:05:00,2024-04-26 23:00:00,1,2332.68,2339.99,0.11,79.6399999999994,676.5524303447363,TIME,friday,0.1177144540880874
2024-04-26 23:05:00,2024-04-26 23:55:00,1,2339.39,2337.47,0.56,-111.44000000000408,711.4474791701311,TIME,fri_close,-0.15663840727919004
2024-04-26 11:45:00,2024-04-26 23:57:00,1,2348.7400000000002,2337.77,0.17,-187.68000000000436,697.4506858097283,EOD,lw,-0.26909429414656194
2024-04-30 10:15:00,2024-04-30 16:35:00,-1,2321.0299999999997,2305.5699999999997,0.18,277.02000000000066,702.8228890255677,NEWS,lw,0.39415335545499436
2024-05-01 01:10:00,2024-05-01 15:05:00,1,2289.21,2295.83,0.08,52.399999999999125,638.1534957036434,NEWS,tom,0.08211190623068142
2024-05-01 18:15:00,2024-05-01 20:50:00,1,2304.91,2298.98,0.17,-101.99999999999721,678.6330891851212,NEWS,tday,-0.1503021317785657
2024-05-02 12:45:00,2024-05-02 15:20:00,-1,2301.1,2299.7599999999998,0.17,21.590000000002476,686.9028685290414,NEWS,lw,0.031430935855947265
2024-05-03 01:05:00,2024-05-03 15:20:00,1,2305.3900000000003,2299.58,0.11,-64.68000000000441,667.0266399137789,NEWS,friday,-0.0969676413649162
2024-05-03 23:05:00,2024-05-03 23:55:00,1,2301.75,2301.86,0.43,1.7200000000054754,705.9927083328251,TIME,fri_close,0.002436285785539046
2024-05-06 18:15:00,2024-05-06 23:45:00,1,2323.27,2325.59,0.17,38.250000000002785,691.3043611296329,TIME,tday,0.055330187614468375
2024-05-06 10:45:00,2024-05-07 11:47:00,1,2323.42,2315.79,0.17,-144.41160000000184,691.3043611296329,TIME,lw,-0.20889727899882565
2024-05-08 11:00:00,2024-05-08 17:20:00,-1,2305.3999999999996,2314.19,0.18,-159.48000000000752,705.0415085703312,NEWS,lw,-0.22619944792101365
2024-05-09 18:15:00,2024-05-09 19:50:00,1,2336.39,2330.94,0.18,-99.35999999999673,677.567115101022,NEWS,tday,-0.14664229975975537
2024-05-10 01:05:00,2024-05-10 23:01:00,1,2346.21,2363.84,0.12,210.7200000000013,681.013749736663,TIME,friday,0.309421065406511
2024-05-10 15:15:00,2024-05-10 23:45:00,1,2372.96,2361.52,0.18,-207.18000000000097,681.433749736663,TIME,tday900,-0.304035425424797
2024-05-10 23:05:00,2024-05-10 23:55:00,1,2364.23,2360.87,0.5700000000000001,-195.5100000000073,701.9106542855261,TIME,fri_close,-0.2785397241177606
2024-05-10 10:15:00,2024-05-10 23:57:00,1,2369.44,2360.46,0.18,-162.90000000000032,681.433749736663,EOD,lw,-0.23905478714981798
2024-05-13 10:15:00,2024-05-14 11:17:00,-1,2349.49,2338.49,0.18,202.93380000000002,675.5356247554731,TIME,lw,0.3004042904080106
2024-05-14 16:15:00,2024-05-14 16:50:00,1,2349.94,2350.0,0.19,-0.1900000000010369,706.1035687087375,NEWS,lw,-0.00026908233922184085
2024-05-15 01:05:00,2024-05-15 15:20:00,1,2357.46,2363.13,0.19,106.4000000000014,689.4740280866844,NEWS,strong_close,0.15432053371939955
2024-05-15 06:45:00,2024-05-15 15:20:00,1,2360.79,2363.13,0.27,61.290000000003936,697.4099999999937,NEWS,inside,0.08788230739450895
2024-05-15 11:30:00,2024-05-15 15:20:00,1,2369.03,2363.13,0.19,-113.43000000000173,689.4740280866844,NEWS,lw,-0.1645167118401459
2024-05-15 18:15:00,2024-05-15 23:45:00,1,2380.96,2386.9,0.19,111.53000000000105,689.4740280866844,TIME,tday,0.16176098802372713
2024-05-16 01:05:00,2024-05-16 15:20:00,1,2387.92,2383.57,0.19,-83.97999999999827,692.435168937635,NEWS,strong_close,-0.12128211241616185
2024-05-17 01:05:00,2024-05-17 23:00:00,1,2378.35,2416.42,0.13,494.00000000000216,696.2819937056034,TIME,friday,0.709482658557549
2024-05-17 15:15:00,2024-05-17 23:45:00,1,2388.44,2417.69,0.19,554.42,678.871942584947,TIME,tday900,0.8166783235862272
2024-05-17 18:15:00,2024-05-17 23:45:00,1,2408.27,2417.69,0.19,177.65000000000137,678.871942584947,TIME,tday,0.2616841098537109
2024-05-17 23:05:00,2024-05-17 23:55:00,1,2416.89,2414.43,0.45,-113.85000000000164,700.4220112838327,TIME,fri_close,-0.16254486319086578
2024-05-17 14:30:00,2024-05-17 23:57:00,1,2388.98,2413.82,0.19,470.6300000000027,678.871942584947,EOD,lw,0.6932529840723429
2024-05-20 08:00:00,2024-05-20 15:42:00,1,2437.52,2412.6654364892897,0.28,-697.887778299887,696.4877782998867,SL,trendH4,-1.0020100855228469
2024-05-20 01:05:00,2024-05-20 23:45:00,1,2425.5,2424.81,0.19,-14.440000000001037,696.6096609717365,TIME,strong_close,-0.02072896890327065
2024-05-20 10:15:00,2024-05-21 11:18:00,1,2441.77,2416.72,0.19,-492.38120000000345,696.6096609717365,TIME,lw,-0.7068251096505835
2024-05-22 14:45:00,2024-05-22 16:50:00,-1,2407.8999999999996,2409.66,0.19,-34.770000000004146,692.2698097154257,NEWS,lw,-0.05022608166936703
2024-05-23 10:45:00,2024-05-23 15:20:00,-1,2358.91,2369.3799999999997,0.18,-189.7199999999964,675.3320882459004,NEWS,lw,-0.28092845475886224
2024-05-24 01:05:00,2024-05-24 15:20:00,1,2329.6,2339.75,0.12,120.96000000000109,699.7926533711935,NEWS,friday,0.1728512001623427
2024-05-24 23:05:00,2024-05-24 23:55:00,1,2334.89,2333.82,0.73,-83.21999999997875,707.2901347898518,TIME,fri_close,-0.11766034319806379
2024-05-27 18:15:00,2024-05-28 04:30:00,1,2354.67,2351.27,0.18,-76.76640000000162,678.6117495589651,TIME,tday,-0.11312270978198165
2024-05-27 15:30:00,2024-05-28 16:50:00,1,2349.23,2355.2,0.18,91.8935999999964,678.6117495589651,NEWS,lw,0.13541410100800455
2024-05-28 01:05:00,2024-05-28 16:50:00,1,2352.69,2355.2,0.19,46.35999999999551,700.7858021470803,NEWS,strong_close,0.06615430828929025
2024-05-29 01:05:00,2024-05-29 23:45:00,1,2362.36,2337.39,0.19,-475.7600000000049,683.0568162794317,TIME,strong_close,-0.6965159978805866
2024-05-31 01:05:00,2024-05-31 16:35:00,1,2343.72,2351.16,0.13,95.81000000000071,681.4620523761731,NEWS,friday,0.1405947692405222
2024-05-31 18:15:00,2024-05-31 23:57:00,-1,2331.6,2327.89,0.2,72.80000000000072,699.4021050012032,EOD,lw,0.10408890605194202
2024-06-03 01:10:00,2024-06-03 16:35:00,1,2327.3,2333.83,0.1,64.59999999999745,704.687668929689,NEWS,tom,0.09167181837893489
2024-06-03 18:15:00,2024-06-03 23:45:00,1,2339.23,2349.81,0.2,210.19999999999854,705.387668929689,TIME,tday,0.29799216694409025
2024-06-03 19:30:00,2024-06-04 16:50:00,1,2343.89,2326.22,0.2,-370.6960000000015,705.387668929689,NEWS,lw,-0.5255209529852888
2024-06-04 01:05:00,2024-06-04 16:50:00,1,2351.53,2326.22,0.19,-482.2200000000076,676.6876936629756,NEWS,strong_close,-0.7126182499192565
2024-06-05 16:00:00,2024-06-05 16:35:00,1,2342.36,2341.66,0.19,-14.630000000005186,678.9607155441914,NEWS,lw,-0.02154763842010969
2024-06-05 18:15:00,2024-06-05 23:45:00,1,2352.97,2354.05,0.19,19.19000000000726,678.9607155441914,TIME,tday,0.028263785460144554
2024-06-06 01:05:00,2024-06-06 15:20:00,1,2355.91,2360.64,0.19,88.54000000000035,673.3220930053209,NEWS,strong_close,0.13149724466162832
2024-06-06 18:15:00,2024-06-06 23:45:00,1,2370.53,2373.23,0.19,49.96999999999655,673.3220930053209,TIME,tday,0.07421411018456166
2024-06-07 06:45:00,2024-06-07 11:07:00,1,2379.7400000000002,2353.6099999999997,0.27,-707.4000000000153,706.0500000000104,SL,nr7,-1.0019120458891082
2024-06-07 01:05:00,2024-06-07 15:20:00,1,2376.4900000000002,2335.74,0.13,-530.6600000000059,676.1728029204845,NEWS,friday,-0.7847993851690152
2024-06-07 23:05:00,2024-06-07 23:55:00,1,2288.4900000000002,2293.08,0.35000000000000003,158.1999999999892,681.4398017115761,TIME,fri_close,0.23215550310186955
2024-06-11 01:05:00,2024-06-11 19:50:00,1,2310.94,2307.22,0.18,-68.22000000000459,692.693965589773,NEWS,strong_close,-0.09848505023704193
2024-06-12 01:05:00,2024-06-12 15:20:00,1,2316.82,2314.35,0.18,-45.72000000000458,671.9129680476465,NEWS,strong_close,-0.06804452685717848
2024-06-13 14:30:00,2024-06-13 15:20:00,-1,2311.25,2308.3199999999997,0.19,54.34000000000553,700.6527901101931,NEWS,lw,0.07755624578539018
2024-06-14 01:05:00,2024-06-14 23:00:00,1,2303.91,2332.44,0.12,341.5200000000024,656.0837326533278,TIME,friday,0.5205433133036699
2024-06-14 23:05:00,2024-06-14 23:55:00,1,2332.26,2332.52,0.62,11.779999999985339,696.1100134041253,TIME,fri_close,0.01692261247956863
2024-06-14 11:15:00,2024-06-14 23:57:00,1,2320.05,2332.58,0.19,236.73999999999515,692.9761622451795,EOD,lw,0.341627912903929
2024-06-17 01:05:00,2024-06-17 23:45:00,1,2331.33,2319.4,0.19,-227.99999999999693,691.1950077990948,TIME,strong_close,-0.3298634935544387
2024-06-18 13:45:00,2024-06-18 15:20:00,-1,2307.23,2314.77,0.19,-144.58999999999932,672.7125072420163,NEWS,lw,-0.21493579864121862
2024-06-19 01:05:00,2024-06-20 03:08:00,1,2329.01,2329.04,0.2,-48.488000000005094,695.5242551989631,TIME,strong_close,-0.06971431928874215
2024-06-20 04:50:00,2024-06-20 05:20:00,1,2337.75,2336.4,0.51,-72.41999999999535,689.0100000000028,NEWS,nr7,-0.1051073279052482
2024-06-20 10:15:00,2024-06-20 15:20:00,1,2342.44,2339.51,0.21,-62.99999999999656,695.0861488189892,NEWS,lw,-0.09063624718610629
2024-06-20 18:15:00,2024-06-20 23:45:00,1,2357.91,2359.07,0.21,22.890000000006495,695.0861488189892,TIME,tday,0.03293116981096309
2024-06-21 01:05:00,2024-06-21 16:50:00,1,2359.72,2346.98,0.13,-166.52999999999716,651.5016283184142,NEWS,friday,-0.2556094916137454
2024-06-21 23:05:00,2024-06-21 23:55:00,1,2322.56,2321.28,0.5,-67.49999999998727,687.8514987293668,TIME,fri_close,-0.09813164632871571
2024-06-25 01:05:00,2024-06-25 16:50:00,1,2334.12,2323.86,0.2,-206.5999999999953,670.1602835468963,NEWS,strong_close,-0.30828445831875073
2024-06-25 13:15:00,2024-06-25 16:50:00,1,2335.83,2323.86,0.38,-457.5199999999924,689.3199999999889,NEWS,inside,-0.6637265711135609
2024-06-26 13:30:00,2024-06-26 16:50:00,-1,2308.2599999999998,2296.75,0.21,240.23999999999504,685.8662764582241,NEWS,lw,0.35027236102142423
2024-06-27 12:15:00,2024-06-27 15:20:00,1,2310.51,2317.68,0.21,149.09999999999198,682.5508281397797,NEWS,lw,0.2184452700853771
2024-06-28 01:05:00,2024-06-28 16:35:00,1,2327.25,2327.74,0.14,5.879999999996945,685.0421975583664,NEWS,friday,0.008583412848076358
2024-06-28 23:05:00,2024-06-28 23:55:00,1,2324.51,2326.28,0.6900000000000001,117.29999999999876,698.6900628627121,TIME,fri_close,0.16788559940210201
2024-07-01 01:07:00,2024-07-01 16:35:00,1,2324.83,2327.37,0.1,24.69999999999964,317.9621961992775,NEWS,season,0.07768219082409195
2024-07-01 01:10:00,2024-07-01 16:35:00,1,2325.29,2327.37,0.11,22.1099999999992,698.7468316384105,NEWS,tom,0.03164236172371046
2024-07-01 14:30:00,2024-07-01 16:35:00,1,2335.9900000000002,2327.37,0.21,-182.49000000000723,667.7206120184827,NEWS,lw,-0.2733029304702007
2024-07-01 15:15:00,2024-07-01 16:35:00,1,2336.22,2327.37,0.21,-187.31999999999806,667.7206120184827,NEWS,tday900,-0.2805364947979365
2024-07-02 01:07:00,2024-07-02 16:20:00,1,2331.69,2328.35,0.11,-37.510000000001604,340.5449575464048,NEWS,season,-0.110146984028945
2024-07-03 01:07:00,2024-07-03 05:20:00,1,2330.27,2329.07,0.11,-13.969999999997999,330.1746034359474,NEWS,season,-0.042310946555609706
2024-07-03 09:45:00,2024-07-03 15:05:00,1,2337.2400000000002,2346.26,0.38,340.0999999999993,684.7600000000103,NEWS,inside,0.4966703662597029
2024-07-03 10:15:00,2024-07-03 15:05:00,1,2342.93,2346.26,0.23,74.98000000000879,690.3650799115264,NEWS,lw,0.10860920139474295
2024-07-03 18:15:00,2024-07-03 23:45:00,1,2363.22,2355.86,0.23,-170.88999999999248,690.3650799115264,TIME,tday,-0.24753569520331598
2024-07-04 01:07:00,2024-07-05 04:32:00,1,2357.33,2357.9,0.11,-3.2427999999981996,336.5735603333799,TIME,season,-0.009634743729680281
2024-07-05 01:15:00,2024-07-05 09:10:00,1,2356.67,2366.12,0.46,431.47999999999166,690.6058641146099,TIME,drift,0.6247847323931572
2024-07-05 01:05:00,2024-07-05 15:20:00,1,2357.06,2366.96,0.15,147.45000000000135,658.1444246591793,NEWS,friday,0.22403897150136684
2024-07-05 01:07:00,2024-07-05 15:20:00,1,2357.2,2366.96,0.11,106.59000000000242,322.01616316670993,NEWS,season,0.3310082293751822
2024-07-05 07:15:00,2024-07-05 15:20:00,1,2362.67,2366.96,0.5700000000000001,240.53999999999795,688.5600000000126,NEWS,inside,0.3493377483443615
2024-07-05 10:15:00,2024-07-05 15:20:00,1,2364.54,2366.96,0.23,54.050000000001674,673.306522984939,NEWS,lw,0.08027547358428118
2024-07-05 18:15:00,2024-07-05 23:45:00,1,2383.3,2391.21,0.24,188.1599999999965,702.580719636458,TIME,tday,0.2678126437875461
2024-07-05 23:05:00,2024-07-05 23:55:00,1,2388.42,2390.96,0.53,130.90999999999806,701.251893635988,TIME,fri_close,0.18668042280959882
2024-07-08 01:05:00,2024-07-08 18:45:00,1,2389.7,2359.3511031093035,0.23,-699.6346284860156,698.484628486015,SL,strong_close,-1.0016464213428622
2024-07-08 01:07:00,2024-07-08 18:45:00,1,2389.82,2359.471103109304,0.11,-334.60786579765954,334.05786579765936,SL,season,-1.001646421342862
2024-07-09 01:07:00,2024-07-09 16:50:00,1,2359.1,2366.7,0.11,82.829999999999,341.69587538354085,NEWS,season,0.24240854504616255
2024-07-10 01:07:00,2024-07-10 05:20:00,1,2363.52,2368.09,0.11,49.5000000000018,334.7240271418596,NEWS,season,0.1478830199991086
2024-07-10 10:15:00,2024-07-10 16:50:00,1,2372.58,2382.17,0.23,218.96000000000333,699.8775112966156,NEWS,lw,0.3128547445314409
2024-07-10 15:15:00,2024-07-10 16:50:00,1,2378.12,2382.17,0.23,91.54000000000418,699.8775112966156,NEWS,tday900,0.1307943154658795
2024-07-11 01:07:00,2024-07-11 15:20:00,1,2372.23,2381.58,0.11,102.079999999999,329.3815966317267,NEWS,season,0.30991409673119075
2024-07-11 10:30:00,2024-07-11 15:20:00,1,2381.82,2381.58,0.23,-7.13000000000544,688.7069747754286,NEWS,lw,-0.01035273383477838
2024-07-11 16:00:00,2024-07-11 19:50:00,1,2406.46,2414.26,0.32,247.3600000000058,683.9688931199333,NEWS,trendH4,0.36165387415744865
2024-07-11 18:15:00,2024-07-11 19:50:00,1,2418.81,2414.26,0.23,-106.25999999999374,688.7069747754286,NEWS,tday,-0.1542891300536671
2024-07-12 01:05:00,2024-07-12 15:20:00,1,2413.36,2403.12,0.14,-144.34000000000333,664.4737394835159,NEWS,friday,-0.21722453638603736
2024-07-12 01:07:00,2024-07-12 15:20:00,1,2412.4,2403.12,0.11,-102.85000000000218,348.3143397294607,NEWS,season,-0.2952792586141783
2024-07-12 23:05:00,2024-07-12 23:56:00,1,2411.51,2411.32,0.78,-20.280000000004257,700.3247155273558,TIME,fri_close,-0.028957995556008743
2024-07-15 01:07:00,2024-07-15 19:20:00,1,2411.48,2432.03,0.11,225.280000000002,344.56260117735656,NEWS,season,0.6538144280030082
2024-07-15 14:30:00,2024-07-15 19:20:00,1,2418.67,2432.03,0.25,332.2500000000032,676.75,NEWS,inside,0.49094939046915875
2024-07-15 17:30:00,2024-07-15 19:20:00,1,2423.65,2432.03,0.22,182.8200000000024,689.1252023547131,NEWS,lw,0.26529286605004987
2024-07-15 18:15:00,2024-07-15 19:20:00,1,2433.54,2432.03,0.22,-34.7599999999948,689.1252023547131,NEWS,tday,-0.050440761535380324
2024-07-15 20:00:00,2024-07-16 15:20:00,1,2430.45,2441.22,0.28,277.34559999999954,683.0157518902713,NEWS,trendH4,0.40606032764608335
2024-07-16 01:07:00,2024-07-16 15:20:00,1,2421.85,2441.22,0.11,212.2999999999988,350.16170109325935,NEWS,season,0.6062913200877341
2024-07-16 12:15:00,2024-07-16 15:20:00,1,2438.5,2441.22,0.22,58.2999999999956,700.3234021865187,NEWS,lw,0.083247253794424
2024-07-16 18:15:00,2024-07-16 23:45:00,1,2456.5,2468.82,0.22,269.5000000000036,700.3234021865187,TIME,tday,0.38482221093652247
2024-07-16 20:00:00,2024-07-17 05:20:00,1,2459.37,2480.34,0.27,542.840400000007,693.60166864138,NEWS,trendH4,0.7826399856611033
2024-07-17 01:05:00,2024-07-17 05:20:00,1,2467.93,2480.34,0.21,259.14000000000647,695.2911973925962,NEWS,strong_close,0.372707149136656
2024-07-17 01:07:00,2024-07-17 05:20:00,1,2467.36,2480.34,0.1,129.1000000000002,331.09104637742684,NEWS,season,0.389922957484126
2024-07-18 01:07:00,2024-07-18 15:20:00,1,2458.73,2467.24,0.1,84.39999999999765,330.48454306475355,NEWS,season,0.25538259434862803
2024-07-18 10:15:00,2024-07-18 15:20:00,1,2473.53,2467.24,0.21,-133.56000000000878,694.0175404359824,NEWS,lw,-0.1924447037982733
2024-07-19 01:07:00,2024-07-19 13:08:00,1,2444.1,2410.9578638582725,0.1,-332.12136141727404,331.6213614172709,SL,season,-1.0015077436443365
2024-07-19 01:05:00,2024-07-19 16:19:00,1,2445.0,2395.311795787409,0.14,-696.6148589762711,695.914858976269,SL,friday,-1.0010058701735898
2024-07-19 23:05:00,2024-07-19 23:55:00,1,2398.97,2400.34,0.58,75.40000000002003,705.560826379913,TIME,fri_close,0.10686534339906861
2024-07-22 01:07:00,2024-07-22 23:47:00,1,2402.92,2396.72,0.1,-62.70000000000273,345.05554988746565,TIME,season,-0.18170987257110147
2024-07-23 01:07:00,2024-07-23 16:50:00,1,2397.29,2402.09,0.1,47.300000000001816,340.7301534669321,NEWS,season,0.13881953070112502
2024-07-23 13:15:00,2024-07-23 16:50:00,1,2407.9900000000002,2402.09,0.2,-119.40000000000182,681.4603069338642,NEWS,lw,-0.17521196581092963
2024-07-23 15:15:00,2024-07-23 16:50:00,1,2408.12,2402.09,0.2,-121.99999999999491,681.4603069338642,NEWS,tday900,-0.17902730174985088
2024-07-24 01:05:00,2024-07-24 05:20:00,1,2408.91,2414.23,0.21,110.25000000000344,700.1237992605176,NEWS,strong_close,0.15747215009181423
2024-07-24 01:07:00,2024-07-24 05:20:00,1,2408.95,2414.23,0.1,52.100000000002,333.39228536215126,NEWS,season,0.156272362281592
2024-07-24 04:15:00,2024-07-24 05:20:00,1,2412.23,2414.23,0.29,55.96999999999999,690.78,NEWS,inside,0.08102434928631401
2024-07-24 16:00:00,2024-07-24 16:50:00,1,2421.62,2424.6,0.21,61.11000000000038,700.1237992605176,NEWS,lw,0.08728456319374628
2024-07-24 18:15:00,2024-07-24 23:45:00,1,2426.68,2397.54,0.21,-613.4099999999974,700.1237992605176,TIME,tday,-0.8761450484155677
2024-07-25 01:07:00,2024-07-25 15:12:00,1,2396.55,2363.1150020735145,0.1,-335.0499792648572,334.54997926485464,SL,season,-1.001494545003713
2024-07-26 01:05:00,2024-07-26 23:00:00,1,2364.56,2386.34,0.13,282.2300000000026,672.4412124545759,TIME,friday,0.41970955196186394
2024-07-26 15:15:00,2024-07-26 23:45:00,1,2374.96,2387.92,0.2,257.8000000000008,690.1499614918727,TIME,tday900,0.373542004469179
2024-07-26 18:15:00,2024-07-26 23:45:00,1,2382.73,2387.92,0.2,102.40000000000109,690.1499614918727,TIME,tday,0.14837355026239027
2024-07-26 01:07:00,2024-07-26 23:47:00,1,2365.05,2387.79,0.1,226.69999999999783,345.07498074593633,TIME,season,0.6569586688375625
2024-07-26 23:05:00,2024-07-26 23:55:00,1,2387.31,2388.13,0.5700000000000001,42.75000000000934,694.1138709826192,TIME,fri_close,0.06158931810351303
2024-07-26 17:15:00,2024-07-26 23:57:00,1,2389.22,2387.32,0.2,-39.39999999999273,690.1499614918727,EOD,lw,-0.05708904180016637
2024-07-29 01:05:00,2024-07-29 23:45:00,1,2388.35,2381.45,0.2,-139.40000000000182,690.8963928138819,TIME,strong_close,-0.20176686613206024
2024-07-29 01:07:00,2024-07-29 23:47:00,1,2388.96,2381.62,0.1,-74.10000000000147,345.44819640694095,TIME,season,-0.21450394232978143
2024-07-29 01:30:00,2024-07-30 02:32:00,1,2397.36,2382.15,0.17,-273.2716000000006,703.9700000000025,TIME,inside,-0.3881864283989369
2024-07-30 01:07:00,2024-07-30 16:50:00,1,2383.01,2392.89,0.1,98.09999999999654,344.7947538064452,NEWS,season,0.28451708999918884
2024-07-30 20:00:00,2024-07-31 05:20:00,1,2400.1,2405.85,0.2,97.70400000000001,689.5895076128904,NEWS,lw,0.14168429032253685
2024-07-31 01:05:00,2024-07-31 05:20:00,1,2411.13,2405.85,0.2,-107.00000000000401,692.1616856405412,NEWS,strong_close,-0.15458815796916572
2024-07-31 01:07:00,2024-07-31 05:20:00,1,2410.32,2405.85,0.1,-45.40000000000255,346.0808428202706,NEWS,season,-0.1311832219028085
2024-08-01 01:05:00,2024-08-01 15:20:00,1,2447.82,2444.3,0.19,-68.20999999999965,674.5204869757632,NEWS,strong_close,-0.10112368907551145
2024-08-01 01:07:00,2024-08-01 15:20:00,1,2447.52,2444.3,0.09,-29.609999999998195,319.5097043569404,NEWS,season,-0.09267324152044963
2024-08-01 01:10:00,2024-08-01 15:20:00,1,2447.56,2444.3,0.09,-29.96999999999787,638.3894087138808,NEWS,tom,-0.04694626757730265
2024-08-02 01:05:00,2024-08-02 15:20:00,1,2447.37,2457.17,0.13,126.49000000000238,687.1205956705116,NEWS,friday,0.1840870449772647
2024-08-02 01:07:00,2024-08-02 15:20:00,1,2446.71,2457.17,0.1,103.90000000000036,352.60286957462137,NEWS,season,0.29466578115301467
2024-08-02 09:00:00,2024-08-02 15:20:00,1,2466.97,2457.17,0.19,-187.52999999999483,695.5899999999993,NEWS,nr7,-0.26959847036328155
2024-08-02 10:15:00,2024-08-02 15:20:00,1,2464.08,2457.17,0.2,-139.5999999999971,705.2057391492427,NEWS,lw,-0.19795641505755462
2024-08-02 23:05:00,2024-08-02 23:55:00,1,2437.43,2441.34,0.27,103.68000000000836,693.100530246591,TIME,fri_close,0.14958868948364695
2024-08-05 01:07:00,2024-08-05 14:22:00,1,2438.56,2401.0575906823565,0.09,-338.1516838587912,337.7016838587905,SL,season,-1.0013325370334514
2024-08-06 01:07:00,2024-08-06 23:47:00,1,2411.5,2387.56,0.08,-192.08000000000044,332.76646921677946,TIME,season,-0.5772216186687688
2024-08-07 01:07:00,2024-08-07 17:20:00,1,2390.61,2400.26,0.08,76.64000000000073,330.03743570129524,NEWS,season,0.2322160812974101
2024-08-08 01:07:00,2024-08-08 15:20:00,1,2382.47,2412.75,0.08,241.6800000000016,322.52619029405986,NEWS,season,0.7493344952223955
2024-08-08 10:15:00,2024-08-08 15:20:00,1,2396.32,2412.75,0.17,278.1199999999972,685.3681543748772,NEWS,lw,0.40579650254346855
2024-08-08 14:15:00,2024-08-08 15:20:00,1,2410.41,2412.75,0.22,49.9400000000032,687.2799999999916,NEWS,nr7,0.07266325224072258
2024-08-09 01:05:00,2024-08-09 23:00:00,1,2426.91,2429.06,0.11,22.880000000001,673.9759626613911,TIME,friday,0.03394779824142783
2024-08-09 01:07:00,2024-08-09 23:47:00,1,2426.05,2430.54,0.08,35.35999999999825,326.96289098734115,TIME,season,0.10814682942526119
2024-08-09 23:05:00,2024-08-09 23:55:00,1,2430.23,2430.85,0.65,35.74999999999291,697.7346169133862,TIME,fri_close,0.05123724569972248
2024-08-12 15:15:00,2024-08-12 23:45:00,1,2443.44,2471.7,0.17,479.229999999996,669.6842759660927,TIME,tday900,0.7156058716006948
2024-08-12 18:15:00,2024-08-12 23:45:00,1,2459.19,2471.7,0.17,211.479999999996,669.6842759660927,TIME,tday,0.3157906010185367
2024-08-12 01:07:00,2024-08-12 23:47:00,1,2428.72,2471.92,0.08,345.0400000000022,315.14554163110245,TIME,season,1.0948592139814977
2024-08-12 10:15:00,2024-08-13 11:17:00,1,2438.01,2461.91,0.17,391.59839999999383,669.6842759660927,TIME,lw,0.5847507759310465
2024-08-13 01:05:00,2024-08-13 15:20:00,1,2470.5,2465.87,0.17,-79.90000000000185,681.7868276828004,NEWS,strong_close,-0.1171920558681945
2024-08-13 01:07:00,2024-08-13 15:20:00,1,2470.75,2465.87,0.08,-39.600000000000875,320.8408600860237,NEWS,season,-0.12342567586118346
2024-08-14 01:07:00,2024-08-14 15:20:00,1,2466.3,2473.45,0.09,63.71999999999672,347.06982705414964,NEWS,season,0.1835941791334548
2024-08-14 11:45:00,2024-08-14 15:20:00,1,2477.91,2473.45,0.18,-81.54000000000066,694.1396541082993,NEWS,lw,-0.1174691569879378
2024-08-15 01:07:00,2024-08-15 15:20:00,1,2448.63,2465.49,0.09,151.10999999999706,349.22769655028173,NEWS,season,0.4326976396565393
2024-08-16 01:05:00,2024-08-16 23:00:00,1,2456.1,2507.84,0.12,620.0400000000028,696.9642935933805,TIME,friday,0.8896295056999628
2024-08-16 15:15:00,2024-08-16 23:45:00,1,2472.86,2507.57,0.18,623.5200000000007,697.3842935933804,TIME,tday900,0.894083801037757
2024-08-16 18:15:00,2024-08-16 23:45:00,1,2490.04,2507.57,0.18,314.2800000000036,697.3842935933804,TIME,tday,0.4506554031789665
2024-08-16 01:07:00,2024-08-16 23:47:00,1,2455.7400000000002,2507.97,0.09,469.439999999996,348.6921467966902,TIME,season,1.3462878482138845
2024-08-16 23:05:00,2024-08-16 23:55:00,1,2509.38,2507.0,0.43,-105.3500000000047,705.0056633058365,TIME,fri_close,-0.1494314237221994
2024-08-16 15:00:00,2024-08-16 23:57:00,1,2472.4,2507.12,0.18,623.6999999999964,697.3842935933804,EOD,lw,0.894341908370614
2024-08-16 16:00:00,2024-08-16 23:57:00,1,2491.85,2507.12,0.24,364.79999999999956,713.1527978476686,EOD,trendH4,0.5115313311550967
2024-08-19 01:05:00,2024-08-19 23:45:00,1,2506.13,2503.44,0.18,-49.68000000000098,723.4925583367105,TIME,strong_close,-0.06866691222673241
2024-08-19 01:07:00,2024-08-19 23:47:00,1,2503.6,2503.83,0.09,1.4400000000001638,361.7462791683553,TIME,season,0.00398069056386892
2024-08-20 15:15:00,2024-08-20 23:45:00,1,2526.15,2516.41,0.18,-176.58000000000425,702.555947026945,TIME,tday900,-0.251339413960198
2024-08-20 01:07:00,2024-08-20 23:47:00,1,2504.21,2515.92,0.09,104.76000000000032,351.2779735134725,TIME,season,0.2982253596836537
2024-08-20 10:45:00,2024-08-21 11:47:00,1,2513.35,2508.81,0.18,-97.28639999999933,702.555947026945,TIME,lw,-0.13847495051702713
2024-08-20 16:00:00,2024-08-21 16:44:00,1,2526.9,2498.6349482455303,0.25,-728.2462938617456,707.1262938617416,SL,trendH4,-1.029867366244669
2024-08-20 12:00:00,2024-08-21 17:20:00,1,2520.09,2503.03,0.25,-448.11999999999864,719.4882040649917,NEWS,trendH4,-0.6228316148453766
2024-08-21 01:07:00,2024-08-21 17:20:00,1,2513.66,2503.03,0.09,-96.29999999999688,348.2881182625102,NEWS,season,-0.2764952203377035
2024-08-22 01:07:00,2024-08-22 15:20:00,1,2512.53,2499.12,0.09,-121.32000000000278,340.45253838661665,NEWS,season,-0.3563492302772383
2024-08-23 01:05:00,2024-08-23 16:50:00,1,2485.5,2495.2,0.12,115.55999999999781,688.3689998608594,NEWS,friday,0.16787507866181664
2024-08-23 01:07:00,2024-08-23 16:50:00,1,2485.14,2495.2,0.09,89.90999999999951,344.3944999304297,NEWS,season,0.26106688700940933
2024-08-23 15:15:00,2024-08-23 16:50:00,1,2500.86,2495.2,0.18,-103.14000000000557,688.7889998608593,NEWS,tday900,-0.14974106732372416
2024-08-23 18:15:00,2024-08-23 23:45:00,1,2516.18,2510.85,0.18,-97.19999999999868,688.7889998608593,TIME,tday,-0.14111723622130118
2024-08-23 23:05:00,2024-08-23 23:55:00,1,2510.33,2511.81,0.48,67.68000000000087,715.8246008823634,TIME,fri_close,0.09454830124107905
2024-08-26 01:05:00,2024-08-26 15:20:00,1,2512.18,2526.04,0.18,248.2200000000023,684.9112141565122,NEWS,strong_close,0.36241193729860643
2024-08-26 01:07:00,2024-08-26 15:20:00,1,2513.19,2526.04,0.09,115.01999999999919,342.4556070782561,NEWS,season,0.33586835088296696
2024-08-26 11:45:00,2024-08-26 15:20:00,1,2525.26,2526.04,0.18,12.779999999995415,684.9112141565122,NEWS,lw,0.018659352826824935
2024-08-27 01:07:00,2024-08-27 16:50:00,1,2517.97,2511.64,0.09,-57.59999999999935,329.65592085838074,NEWS,season,-0.17472763677356837
2024-08-28 01:05:00,2024-08-28 17:20:00,1,2525.37,2508.93,0.2,-330.20000000000107,712.3995192315795,NEWS,strong_close,-0.4635039624341227
2024-08-28 01:07:00,2024-08-28 17:20:00,1,2525.43,2508.93,0.1,-165.7,356.19975961578973,NEWS,season,-0.46518841051080484
2024-08-29 01:07:00,2024-08-29 15:20:00,1,2506.54,2516.57,0.1,99.60000000000201,356.0426339289476,NEWS,season,0.27974177951924245
2024-08-29 10:30:00,2024-08-29 15:20:00,1,2518.35,2516.57,0.2,-36.999999999994905,712.0852678578952,NEWS,lw,-0.05196006948900771
2024-08-29 18:15:00,2024-08-29 23:45:00,1,2523.7200000000003,2521.77,0.2,-40.400000000005456,712.0852678578952,TIME,tday,-0.05673477857720227
2024-08-30 01:05:00,2024-08-30 16:35:00,1,2520.92,2516.24,0.13,-61.75000000000379,679.1971978642013,NEWS,friday,-0.09091615836193435
2024-08-30 01:07:00,2024-08-30 16:35:00,1,2520.88,2516.24,0.1,-47.10000000000328,348.5395886483083,NEWS,season,-0.13513529462367396
2024-08-30 17:30:00,2024-08-30 23:57:00,-1,2509.9399999999996,2503.6099999999997,0.2,125.19999999999855,697.0791772966166,EOD,lw,0.17960656992444382
2024-09-02 01:10:00,2024-09-03 16:35:00,1,2504.55,2488.89,0.1,-165.2480000000031,693.4020932040016,NEWS,tom,-0.23831482716823366
2024-09-04 11:45:00,2024-09-04 16:50:00,-1,2477.46,2485.14,0.21,-162.74999999999656,701.9799308114805,NEWS,lw,-0.23184423493683
2024-09-05 01:05:00,2024-09-05 15:05:00,1,2495.52,2515.63,0.21,420.8400000000026,694.4835071820886,NEWS,strong_close,0.6059755136699904
2024-09-05 10:30:00,2024-09-05 15:05:00,1,2506.52,2515.63,0.21,189.84000000000268,694.4835071820886,NEWS,lw,0.2733542237313751
2024-09-06 01:05:00,2024-09-06 15:20:00,1,2516.47,2514.3,0.14,-31.359999999994656,688.9525423833678,NEWS,friday,-0.04551837473668016
2024-09-06 19:15:00,2024-09-06 23:57:00,-1,2497.0099999999998,2497.85,0.21,-19.110000000003055,689.4425423833678,EOD,lw,-0.02771804584895611
2024-09-10 01:05:00,2024-09-10 23:45:00,1,2506.86,2516.5,0.22,210.5399999999972,721.0736765260831,TIME,strong_close,0.2919812591333466
2024-09-10 02:45:00,2024-09-11 03:47:00,1,2507.8,2518.56,0.32,316.6463999999924,706.24,TIME,inside,0.44835523334842603
2024-09-11 01:15:00,2024-09-11 09:10:00,1,2516.81,2523.03,0.36,221.40000000000916,711.0434841484616,TIME,drift,0.31137336173631563
2024-09-10 16:30:00,2024-09-11 15:20:00,1,2515.1000000000004,2518.26,0.22,50.49439999999679,721.0736765260831,NEWS,lw,0.07002668609851864
2024-09-11 01:05:00,2024-09-11 15:20:00,1,2516.83,2518.26,0.22,29.920000000006407,698.3569853456486,NEWS,strong_close,0.04284341766152398
2024-09-11 10:15:00,2024-09-11 15:20:00,1,2525.54,2518.26,0.22,-161.6999999999944,698.3569853456486,NEWS,lw,-0.23154347045009038
2024-09-12 01:15:00,2024-09-12 09:10:00,1,2513.3,2521.38,0.32,256.31999999999766,718.1183208417484,TIME,drift,0.35693282368781515
2024-09-12 18:15:00,2024-09-12 19:50:00,1,2550.6000000000004,2548.21,0.23,-56.58000000000754,724.0161643452884,NEWS,tday,-0.07814742651660486
2024-09-13 01:05:00,2024-09-13 23:00:00,1,2558.54,2582.6,0.14,335.8599999999993,686.9697915101356,TIME,friday,0.48890068260744474
2024-09-13 23:05:00,2024-09-13 23:55:00,1,2582.32,2579.26,0.59,-184.66999999999678,723.772869784841,TIME,fri_close,-0.25514910507062033
2024-09-13 04:00:00,2024-09-13 23:57:00,1,2561.81,2578.08,0.3,485.9999999999994,702.8964600999346,EOD,trendH4,0.6914247369106142
2024-09-13 08:00:00,2024-09-13 23:57:00,1,2569.03,2578.08,0.31,278.3799999999915,721.6765249981033,EOD,trendH4,0.38574068901676295
2024-09-13 16:00:00,2024-09-13 23:57:00,1,2575.9800000000005,2578.08,0.31,62.92999999998308,712.6364888107887,EOD,trendH4,0.08830589085467325
2024-09-13 16:45:00,2024-09-13 23:57:00,1,2582.9700000000003,2578.08,0.22,-109.12000000000721,720.1959720582372,EOD,lw,-0.15151431587176864
2024-09-13 20:00:00,2024-09-13 23:57:00,1,2584.4900000000002,2578.08,0.31,-200.88000000000957,714.2821643702484,EOD,trendH4,-0.2812333976967166
2024-09-17 01:15:00,2024-09-17 09:10:00,1,2582.84,2581.26,0.36,-59.399999999997384,728.3004514147962,TIME,drift,-0.08155974623468511
2024-09-17 12:45:00,2024-09-17 15:20:00,-1,2574.27,2580.08,0.23,-135.2399999999988,717.8117540330165,NEWS,lw,-0.18840594242174846
2024-09-18 01:15:00,2024-09-18 09:10:00,1,2570.39,2568.5,0.28,-54.879999999996436,703.9886779029082,TIME,drift,-0.07795579918057334
2024-09-18 14:45:00,2024-09-18 17:20:00,1,2580.13,2570.16,0.23,-230.92000000000587,709.5987716020866,NEWS,lw,-0.3254233367380971
2024-09-19 10:45:00,2024-09-19 15:20:00,1,2580.84,2589.15,0.22,181.2799999999988,714.1790331621016,NEWS,lw,0.2538299104040661
2024-09-20 01:05:00,2024-09-20 23:00:00,1,2586.63,2621.06,0.14,481.03999999999775,698.3073248482268,TIME,friday,0.6888657513431484
2024-09-20 15:15:00,2024-09-20 23:45:00,1,2615.9900000000002,2621.09,0.21,105.62999999999809,698.7973248482266,TIME,tday900,0.15115970860784292
2024-09-20 23:05:00,2024-09-20 23:55:00,1,2621.29,2621.93,0.58,33.05999999999261,725.9023080755615,TIME,fri_close,0.04554331847716248
2024-09-20 09:15:00,2024-09-20 23:57:00,1,2597.48,2622.08,0.15,367.9499999999986,692.8499999999983,EOD,inside,0.5310673305910363
2024-09-20 10:15:00,2024-09-20 23:57:00,1,2608.1800000000003,2622.08,0.21,290.42999999999233,698.7973248482266,EOD,lw,0.41561406959173963
2024-09-20 12:00:00,2024-09-20 23:57:00,1,2610.0,2622.08,0.27,324.26999999999805,720.7941301667639,EOD,trendH4,0.44987880232178706
2024-09-20 16:00:00,2024-09-20 23:57:00,1,2615.79,2622.08,0.26,161.71999999999906,703.2681487081142,EOD,trendH4,0.2299549614141841
2024-09-23 01:05:00,2024-09-23 23:45:00,1,2621.2400000000002,2627.32,0.21,126.20999999999846,710.4132302162102,TIME,strong_close,0.1776571643543113
2024-09-24 01:15:00,2024-09-24 09:10:00,1,2627.79,2627.81,0.36,-1.8000000000006549,737.1719093343352,TIME,drift,-0.00244176423057961
2024-09-23 08:00:00,2024-09-24 16:50:00,1,2629.59,2633.08,0.27,70.8803999999941,718.823536363061,NEWS,trendH4,0.09860612015936282
2024-09-24 08:00:00,2024-09-24 16:50:00,1,2638.38,2633.08,0.29,-155.73000000000525,721.870558422387,NEWS,trendH4,-0.21573119748829428
2024-09-24 18:15:00,2024-09-24 23:45:00,1,2646.46,2659.35,0.22,282.0399999999972,724.192257965429,TIME,tday,0.3894545915091252
2024-09-25 01:15:00,2024-09-25 09:10:00,1,2658.33,2655.48,0.26,-75.91999999999763,713.5818167022959,TIME,drift,-0.10639284553360644
2024-09-24 17:30:00,2024-09-25 16:50:00,1,2638.86,2663.93,0.22,532.5143999999937,724.192257965429,NEWS,lw,0.735321862589443
2024-09-24 20:00:00,2024-09-25 16:50:00,1,2653.7400000000002,2663.93,0.27,251.7803999999892,716.9566604996432,NEWS,trendH4,0.35117938624703593
2024-09-25 01:05:00,2024-09-25 16:50:00,1,2658.82,2663.93,0.22,110.87999999999279,738.0556681107555,NEWS,strong_close,0.15023257023934095
2024-09-26 01:15:00,2024-09-26 09:10:00,1,2658.2,2660.33,0.3,61.80000000000327,726.24861786342,TIME,drift,0.085094826316937
2024-09-26 11:15:00,2024-09-26 15:20:00,1,2666.36,2677.91,0.22,252.559999999994,718.2745489599871,NEWS,lw,0.3516204219760867
2024-09-26 13:45:00,2024-09-26 15:20:00,1,2674.3300000000004,2677.91,0.3,105.29999999998418,735.5999999999946,NEWS,nr7,0.14314845024467776
2024-09-27 01:15:00,2024-09-27 09:10:00,1,2672.64,2665.87,0.24,-164.15999999999957,718.5404484925574,TIME,drift,-0.2284631301472236
2024-09-27 01:05:00,2024-09-27 23:00:00,1,2672.31,2652.08,0.15,-304.5000000000003,731.0704726324553,TIME,friday,-0.4165125133607841
2024-09-27 23:05:00,2024-09-27 23:55:00,1,2651.97,2658.59,0.49,320.9500000000169,735.4680443265096,TIME,fri_close,0.4363887764748781
2024-09-30 13:30:00,2024-09-30 16:35:00,-1,2644.87,2639.2599999999998,0.22,121.8800000000028,713.3336672154985,NEWS,lw,0.17085973311166144
2024-10-01 01:15:00,2024-10-01 09:10:00,1,2633.8,2643.89,0.25,250.49999999999227,743.8538817345215,TIME,drift,0.33675968648019333
2024-10-01 01:10:00,2024-10-01 16:35:00,1,2633.9,2663.37,0.11,323.3999999999978,726.621262414391,NEWS,tom,0.4450736810610467
2024-10-01 14:15:00,2024-10-01 16:35:00,1,2651.68,2663.37,0.22,255.6400000000012,727.391262414391,NEWS,lw,0.35144771900540706
2024-10-01 15:15:00,2024-10-01 16:35:00,1,2654.4800000000005,2663.37,0.22,194.0399999999872,727.391262414391,NEWS,tday900,0.2667615216546877
2024-10-02 01:15:00,2024-10-02 09:10:00,1,2662.53,2648.05,0.24,-349.2000000000004,729.9494026915607,TIME,drift,-0.47838932220834274
2024-10-03 01:15:00,2024-10-03 09:10:00,1,2659.72,2652.94,0.28,-191.79999999999288,722.9125060497303,TIME,drift,-0.2653156480139779
2024-10-03 10:30:00,2024-10-03 15:20:00,-1,2648.8399999999997,2648.09,0.22,14.959999999989996,722.5246089185312,NEWS,lw,0.020705177118301894
2024-10-04 01:15:00,2024-10-04 09:10:00,1,2655.97,2666.24,0.28,285.5999999999995,729.0587364113402,TIME,drift,0.39173798452208924
2024-10-04 01:05:00,2024-10-04 15:20:00,1,2656.17,2658.05,0.15,27.150000000001633,724.6280782749038,NEWS,friday,0.03746749651854047
2024-10-04 18:15:00,2024-10-04 23:45:00,1,2666.7700000000004,2651.86,0.23,-344.5400000000071,741.2675911254574,TIME,tday,-0.4647984130493231
2024-10-04 23:05:00,2024-10-04 23:55:00,1,2651.03,2652.65,0.43,66.6499999999953,746.6013857732772,TIME,fri_close,0.08927119781724477
2024-10-08 01:15:00,2024-10-08 09:10:00,1,2643.09,2646.4,0.26,84.23999999999859,725.6109198388746,TIME,drift,0.11609527598992651
2024-10-08 11:15:00,2024-10-09 12:17:00,-1,2632.3999999999996,2616.75,0.23,366.25429999999164,733.5680250010322,TIME,lw,0.4992778958699519
2024-10-10 01:15:00,2024-10-10 09:10:00,1,2608.2400000000002,2613.66,0.29,155.1499999999889,736.12044814495,TIME,drift,0.2107671378929528
2024-10-10 10:45:00,2024-10-10 15:20:00,1,2615.9,2614.05,0.23,-44.15999999999791,737.8189093121143,NEWS,lw,-0.059852084898676966
2024-10-10 16:00:00,2024-10-10 19:50:00,1,2625.2300000000005,2620.26,0.37,-186.48000000000943,738.5199999999953,NEWS,inside,-0.25250501002005443
2024-10-10 18:15:00,2024-10-10 19:50:00,1,2624.8900000000003,2620.26,0.23,-108.10000000000251,737.8189093121143,NEWS,tday,-0.14651291615823
2024-10-11 01:15:00,2024-10-11 09:10:00,1,2629.09,2645.07,0.27,429.5700000000005,746.9672065495374,TIME,drift,0.5750854873325851
2024-10-11 01:05:00,2024-10-11 15:20:00,1,2628.75,2646.71,0.15,268.35000000000053,715.8236986763775,NEWS,friday,0.3748828105247198
2024-10-11 10:15:00,2024-10-11 15:20:00,1,2641.51,2646.71,0.23,117.98999999999582,732.2675586469636,NEWS,lw,0.1611296289269049
2024-10-11 18:15:00,2024-10-11 23:45:00,1,2657.23,2656.71,0.23,-13.569999999999581,732.2675586469636,TIME,tday,-0.018531477790813707
2024-10-11 23:05:00,2024-10-11 23:55:00,1,2655.9900000000002,2656.83,0.76,58.519999999976505,747.7084136447974,TIME,fri_close,0.0782658037973834
2024-10-14 01:05:00,2024-10-14 23:45:00,1,2649.92,2648.27,0.23,-39.56000000000209,734.7027330293234,TIME,strong_close,-0.053844906547289476
2024-10-15 01:15:00,2024-10-15 09:10:00,1,2649.2,2643.91,0.31,-166.15999999999886,742.4361622645474,TIME,drift,-0.22380375370346273
2024-10-15 18:15:00,2024-10-15 23:45:00,1,2662.4,2662.24,0.23,-5.290000000007113,721.2911092415147,TIME,tday,-0.007334070713237956
2024-10-16 01:15:00,2024-10-16 09:10:00,1,2661.91,2670.65,0.3,260.10000000000707,750.3659357262653,TIME,drift,0.34663087383925695
2024-10-15 17:30:00,2024-10-16 18:32:00,1,2659.5000000000005,2673.41,0.23,300.0395999999862,721.2911092415147,TIME,lw,0.4159757359486902
2024-10-16 01:05:00,2024-10-16 23:45:00,1,2662.44,2673.44,0.23,251.39000000000001,720.4853157242633,TIME,strong_close,0.34891759000985584
2024-10-16 15:15:00,2024-10-16 23:45:00,1,2679.97,2673.44,0.24,-158.3999999999939,751.8107642340138,TIME,tday900,-0.21069131693183527
2024-10-17 01:15:00,2024-10-17 09:10:00,1,2674.51,2681.0,0.33,211.85999999999282,740.2507855024476,TIME,drift,0.28620030420662396
2024-10-16 10:15:00,2024-10-17 11:17:00,1,2676.09,2681.9,0.24,80.53439999999868,751.8107642340138,TIME,lw,0.10712057319643668
2024-10-17 13:30:00,2024-10-17 15:20:00,1,2687.05,2679.29,0.24,-187.92000000000522,743.7957096458698,NEWS,lw,-0.2526500187658735
2024-10-18 01:15:00,2024-10-18 09:10:00,1,2693.44,2711.69,0.31,563.58,751.4132387847294,TIME,drift,0.750026710883462
2024-10-18 01:05:00,2024-10-18 23:00:00,1,2693.3,2719.66,0.16,420.63999999999476,730.6331589568787,TIME,friday,0.5757198326456199
2024-10-18 15:15:00,2024-10-18 23:45:00,1,2712.2,2721.31,0.24,216.96000000000305,731.1931589568785,TIME,tday900,0.296720500379843
2024-10-18 18:15:00,2024-10-18 23:45:00,1,2718.4900000000002,2721.31,0.24,65.99999999999301,731.1931589568785,TIME,tday,0.09026342655359185
2024-10-18 23:05:00,2024-10-18 23:55:00,1,2720.38,2722.08,0.67,109.20999999998782,750.0584898432078,TIME,fri_close,0.14560197835080443
2024-10-17 20:00:00,2024-10-18 23:57:00,1,2692.45,2721.77,0.31,882.1112000000053,746.9583866469372,EOD,trendH4,1.1809375405231917
2024-10-18 08:00:00,2024-10-18 23:57:00,1,2710.41,2721.77,0.32,361.28000000000407,750.5113476143673,EOD,trendH4,0.48137846436086046
2024-10-18 10:15:00,2024-10-18 23:57:00,1,2709.35,2721.77,0.24,296.40000000000174,731.1931589568785,EOD,lw,0.40536484288617597
2024-10-21 16:00:00,2024-10-21 21:56:00,1,2738.82,2715.9764284004173,0.33,-756.1478627862357,754.497862786227,SL,trendH4,-1.0021868849222655
2024-10-21 01:05:00,2024-10-21 23:45:00,1,2723.1200000000003,2718.96,0.25,-105.75000000000773,762.4695733957901,TIME,strong_close,-0.13869405900229148
2024-10-21 15:15:00,2024-10-21 23:45:00,1,2734.76,2718.96,0.25,-396.75000000000455,762.4695733957901,TIME,tday900,-0.5203486327106928
2024-10-22 01:15:00,2024-10-22 09:10:00,1,2719.69,2731.48,0.3,351.5999999999989,762.9966442169338,TIME,drift,0.46081460864201734
2024-10-21 12:15:00,2024-10-22 13:17:00,1,2734.2200000000003,2734.87,0.25,-5.370000000009096,762.4695733957901,TIME,lw,-0.007042903989063947
2024-10-22 15:15:00,2024-10-22 23:45:00,1,2735.52,2747.97,0.25,309.49999999999545,755.2217467246621,TIME,tday900,0.40981341088531
2024-10-22 18:15:00,2024-10-22 23:45:00,1,2744.03,2747.97,0.25,96.74999999999,755.2217467246621,TIME,tday,0.1281080694770605
2024-10-23 01:15:00,2024-10-23 09:10:00,1,2747.6,2751.88,0.21,88.4100000000042,494.98753849585216,TIME,drift,0.17861055708323664
2024-10-22 10:15:00,2024-10-23 11:17:00,1,2734.5,2755.51,0.25,503.63000000000545,755.2217467246621,TIME,lw,0.6668637419197865
2024-10-23 12:00:00,2024-10-23 16:17:00,1,2757.2200000000003,2735.383591276183,0.35000000000000003,-766.7243053336085,764.9743053336092,SL,trendH4,-1.002287658536761
2024-10-21 08:00:00,2024-10-23 16:50:00,1,2730.63,2737.18,0.33,161.38319999999098,758.9523410373724,NEWS,trendH4,0.2126394389658311
2024-10-22 20:00:00,2024-10-23 16:50:00,1,2745.53,2737.18,0.33,-304.08840000001203,762.1310069118248,NEWS,trendH4,-0.3989975440471663
2024-10-23 01:05:00,2024-10-23 16:50:00,1,2747.3,2737.18,0.25,-254.75000000000864,754.8487648157574,NEWS,strong_close,-0.33748482063448526
2024-10-24 01:15:00,2024-10-24 09:10:00,1,2716.83,2729.37,0.28,349.15999999999906,756.2506760919613,TIME,drift,0.46169876079230193
2024-10-24 10:15:00,2024-10-24 15:20:00,1,2736.65,2736.63,0.24,-2.159999999999563,758.2651846357609,NEWS,lw,-0.0028486076425058835
2024-10-25 01:15:00,2024-10-25 09:10:00,1,2735.21,2727.47,0.32,-249.9200000000076,752.7147424318035,TIME,drift,-0.3320248507324148
2024-10-25 01:05:00,2024-10-25 15:20:00,1,2736.06,2726.31,0.16,-157.12,752.8119571617781,NEWS,friday,-0.20871081882435505
2024-10-25 23:05:00,2024-10-25 23:55:00,1,2743.76,2746.25,0.65,157.2999999999858,757.5559253193649,TIME,fri_close,0.2076414357575943
2024-10-28 01:05:00,2024-10-28 23:45:00,1,2733.9600000000005,2741.89,0.24,188.63999999998515,752.2053887930794,TIME,strong_close,0.2507825692430359
2024-10-29 01:15:00,2024-10-29 09:10:00,1,2740.27,2750.94,0.35000000000000003,371.0000000000026,759.5265936136481,TIME,drift,0.4884621593496447
2024-10-29 01:05:00,2024-10-29 16:50:00,1,2741.51,2762.86,0.24,510.7199999999978,736.7564324507168,NEWS,strong_close,0.6932005986037467
2024-10-29 04:15:00,2024-10-29 16:50:00,1,2748.67,2762.86,0.32,451.84000000000174,763.5199999999988,NEWS,inside,0.591785414920372
2024-10-29 10:15:00,2024-10-29 16:50:00,1,2754.39,2762.86,0.25,210.00000000000637,767.4546171361634,NEWS,lw,0.2736318152383305
2024-10-29 18:15:00,2024-10-29 23:45:00,1,2767.18,2773.68,0.25,160.75,767.4546171361634,TIME,tday,0.20945863952171573
2024-10-30 01:15:00,2024-10-30 09:10:00,1,2773.48,2784.51,0.3,328.800000000006,749.9116307877072,TIME,drift,0.43845166083720355
2024-10-29 20:00:00,2024-10-30 15:05:00,1,2769.5800000000004,2777.77,0.32,234.40639999998717,756.1650367001255,NEWS,trendH4,0.3099937032568016
2024-10-30 01:05:00,2024-10-30 15:05:00,1,2773.67,2777.77,0.24,96.71999999999781,744.0795444185222,NEWS,strong_close,0.1299861025954985
2024-10-30 04:00:00,2024-10-30 15:05:00,1,2778.3700000000003,2777.77,0.34,-22.780000000012368,773.9621297232283,NEWS,trendH4,-0.029432964644095158
2024-10-30 08:00:00,2024-10-30 15:05:00,1,2780.37,2777.77,0.34,-90.7799999999969,755.9190232370667,NEWS,trendH4,-0.12009222841257566
2024-10-31 01:15:00,2024-10-31 09:10:00,1,2787.76,2784.19,0.31,-112.84000000000506,760.1020409206842,TIME,drift,-0.1484537521611257
2024-10-31 01:05:00,2024-10-31 15:20:00,1,2786.54,2780.85,0.25,-144.00000000000136,753.8269402857734,NEWS,strong_close,-0.19102527689632773
2024-11-01 01:15:00,2024-11-01 09:10:00,1,2747.4600000000005,2756.81,0.26,241.27999999998585,750.9008472649235,TIME,drift,0.32132071881237395
2024-11-01 01:05:00,2024-11-01 15:20:00,1,2745.59,2751.16,0.16,87.99999999999534,771.8628724833178,NEWS,friday,0.1140098884622764
2024-11-01 01:10:00,2024-11-01 15:20:00,1,2747.1,2751.16,0.12,47.87999999999934,771.5828724833178,NEWS,tom,0.06205425458175206
2024-11-01 23:05:00,2024-11-01 23:55:00,1,2734.47,2735.11,0.53,30.210000000017352,766.1789673815873,TIME,fri_close,0.039429430049822266
2024-11-04 15:15:00,2024-11-04 23:45:00,1,2744.28,2736.12,0.24,-197.52000000000743,767.0840958773666,TIME,tday900,-0.25749458379017787
2024-11-05 01:15:00,2024-11-05 09:10:00,1,2737.58,2740.67,0.33,99.6600000000048,756.5399811575269,TIME,drift,0.13173130631843444
2024-11-04 16:00:00,2024-11-05 16:35:00,1,2747.01,2749.54,0.24,39.964799999993886,767.0840958773666,NEWS,lw,0.05209963316249362
2024-11-05 11:15:00,2024-11-05 16:35:00,1,2744.8300000000004,2749.54,0.25,115.99999999998954,774.6319379766192,NEWS,lw,0.1497485377416633
2024-11-06 01:15:00,2024-11-06 08:28:00,1,2743.53,2719.897992679196,0.32,-758.464234265741,756.8642342657306,SL,drift,-1.0021139854779406
2024-11-06 10:15:00,2024-11-06 17:20:00,-1,2726.1299999999997,2663.1800000000003,0.25,1571.999999999984,764.4975138354317,NEWS,lw,2.0562525993228777
2024-11-07 17:30:00,2024-11-07 20:50:00,1,2699.09,2695.3,0.22,-84.9199999999992,777.6351113055242,NEWS,lw,-0.10920288804530982
2024-11-07 18:15:00,2024-11-07 20:50:00,1,2697.21,2695.3,0.22,-43.5599999999968,777.6351113055242,NEWS,tday,-0.056015989204585385
2024-11-08 01:05:00,2024-11-08 23:00:00,1,2704.43,2685.08,0.13,-252.45999999999881,733.067664662177,TIME,friday,-0.3443883998298317
2024-11-08 23:05:00,2024-11-08 23:55:00,1,2685.44,2684.5,0.63,-63.630000000003434,775.5379880151822,TIME,fri_close,-0.08204627108318746
2024-11-11 10:15:00,2024-11-12 11:17:00,-1,2670.95,2595.75,0.21,1584.9560999999962,778.7176646621768,TIME,lw,2.035341140858262
2024-11-13 16:15:00,2024-11-13 22:04:00,1,2615.84,2576.1975351487104,0.19,-754.536832174506,753.5868321745027,SL,lw,-1.0012606377386692
2024-11-14 11:30:00,2024-11-14 15:20:00,-1,2552.14,2556.4900000000002,0.19,-83.98000000000691,762.4320584477528,NEWS,lw,-0.1101475194668271
2024-11-15 01:05:00,2024-11-15 15:20:00,1,2566.69,2572.2,0.12,65.27999999999716,727.8137657021584,NEWS,friday,0.089693274675862
2024-11-15 23:05:00,2024-11-15 23:55:00,1,2562.26,2561.63,0.58,-40.60000000000633,772.3641114209971,TIME,fri_close,-0.05256588103933307
2024-11-18 10:15:00,2024-11-19 11:17:00,1,2586.18,2627.36,0.2,806.304000000006,782.2808693752428,TIME,lw,1.030709086167413
2024-11-19 01:05:00,2024-11-19 23:45:00,1,2610.77,2632.28,0.19,407.36000000000416,762.5006240560184,TIME,strong_close,0.5342421857087907
2024-11-19 12:15:00,2024-11-20 13:17:00,1,2634.44,2622.2,0.19,-248.9912000000045,762.5006240560184,TIME,lw,-0.3265455688095436
2024-11-20 16:45:00,2024-11-20 17:20:00,1,2645.82,2647.21,0.2,26.399999999997455,786.8013618592662,NEWS,lw,0.03355357689978119
2024-11-21 01:05:00,2024-11-21 15:20:00,1,2650.04,2664.83,0.2,294.39999999999935,782.9155502978897,NEWS,strong_close,0.3760303392722035
2024-11-21 10:30:00,2024-11-21 15:20:00,1,2666.9900000000002,2664.83,0.2,-44.60000000000619,782.9155502978897,NEWS,lw,-0.05696655275659864
2024-11-21 18:15:00,2024-11-21 23:45:00,1,2668.77,2670.11,0.2,25.400000000002912,782.9155502978897,TIME,tday,0.032442834977972436
2024-11-22 01:05:00,2024-11-22 23:00:00,1,2669.85,2705.81,0.13,466.57000000000045,742.8224714304109,TIME,friday,0.6281043155594811
2024-11-22 18:15:00,2024-11-22 23:45:00,1,2706.55,2711.92,0.2,105.99999999999783,762.3358681337548,TIME,tday,0.13904632384606586
2024-11-22 23:05:00,2024-11-22 23:55:00,1,2706.7400000000002,2714.46,0.61,466.64999999998776,789.3380512316484,TIME,fri_close,0.5911915677596533
2024-11-22 10:15:00,2024-11-22 23:57:00,1,2697.38,2715.31,0.2,357.19999999999675,762.3358681337548,EOD,lw,0.4685598762058046
2024-11-25 01:05:00,2024-11-25 05:28:00,1,2711.36,2672.5965489795044,0.2,-776.6690204099144,775.6690204099154,SL,strong_close,-1.001289209667637
2024-11-25 10:15:00,2024-11-26 11:17:00,-1,2669.93,2623.23,0.2,939.4819999999964,775.6690204099154,TIME,lw,1.2111892769721695
2024-11-27 10:30:00,2024-11-27 15:20:00,1,2647.76,2648.81,0.18,17.639999999995087,775.6230510425922,NEWS,lw,0.02274300638213808
2024-11-28 12:45:00,2024-11-29 16:15:00,1,2648.95,2659.4,0.18,172.53360000000492,760.3485473966927,TIME,lw,0.2269138286523087
2024-11-29 01:05:00,2024-11-29 21:45:00,1,2639.13,2650.3,0.12,133.20000000000087,742.6850797255007,EOD,friday,0.17934923379534176
2024-11-29 10:15:00,2024-11-29 21:45:00,1,2656.89,2650.3,0.19,-126.53999999999414,784.3886952658064,EOD,lw,-0.1613230796972583
2024-12-02 01:10:00,2024-12-02 16:35:00,1,2648.75,2648.84,0.09,0.18000000000130967,730.9375740308219,NEWS,tom,0.0002462590601392719
2024-12-03 16:00:00,2024-12-03 16:50:00,1,2653.07,2649.7,0.2,-68.80000000000693,799.106227174658,NEWS,lw,-0.08609618804155501
2024-12-05 17:15:00,2024-12-06 15:20:00,-1,2636.29,2634.33,0.21,46.91610000000077,790.8029592456279,NEWS,lw,0.059327167977160235
2024-12-06 23:05:00,2024-12-06 23:55:00,1,2632.63,2633.1,0.63,25.199999999987398,797.3197455725108,TIME,fri_close,0.03160588978251465
2024-12-09 12:15:00,2024-12-10 13:17:00,1,2656.69,2671.67,0.21,296.4192000000003,774.6429597577097,TIME,lw,0.38265267406898434
2024-12-10 18:15:00,2024-12-10 23:45:00,1,2689.6200000000003,2693.0,0.21,69.50999999999274,792.8263197750163,TIME,tday,0.0876736786686369
2024-12-10 16:15:00,2024-12-11 15:20:00,1,2682.5000000000005,2696.25,0.21,270.5891999999904,792.8263197750163,NEWS,lw,0.3412969439218121
2024-12-11 01:05:00,2024-12-11 15:20:00,1,2695.26,2696.25,0.21,19.319999999995417,792.7008683625149,NEWS,strong_close,0.024372371434264746
2024-12-11 18:15:00,2024-12-11 19:50:00,1,2716.22,2717.49,0.21,25.19999999999962,792.7008683625149,NEWS,tday,0.03179004969687412
2024-12-12 01:05:00,2024-12-12 15:20:00,1,2717.85,2705.42,0.2,-249.99999999999673,767.6136931097071,NEWS,strong_close,-0.3256846539399432
2024-12-12 16:00:00,2024-12-12 19:50:00,-1,2697.5499999999997,2685.06,0.2,248.39999999999566,767.6136931097071,NEWS,lw,0.32360027215472614
2024-12-13 01:05:00,2024-12-13 23:00:00,1,2680.69,2647.83,0.13,-428.0900000000017,765.6427542975384,TIME,friday,-0.5591249934739675
2024-12-13 23:05:00,2024-12-13 23:55:00,1,2648.1400000000003,2648.61,0.64,25.599999999987194,790.7537132893048,TIME,fri_close,0.03237417614328823
2024-12-16 15:15:00,2024-12-16 23:45:00,1,2663.14,2652.67,0.2,-210.799999999996,796.274051711941,TIME,tday900,-0.2647329767267799
2024-12-17 11:00:00,2024-12-17 15:20:00,-1,2644.1099999999997,2645.14,0.2,-22.000000000004004,769.2830480182307,NEWS,lw,-0.028598056406778694
2024-12-18 18:45:00,2024-12-18 20:50:00,-1,2634.58,2636.25,0.21,-36.54000000000153,788.5259718177749,NEWS,lw,-0.04633962774335323
2024-12-19 10:15:00,2024-12-19 15:20:00,1,2615.66,2602.32,0.2,-268.1999999999938,794.3501791585762,NEWS,lw,-0.33763446781630674
2024-12-20 01:05:00,2024-12-20 23:00:00,1,2594.4,2622.71,0.13,367.1199999999993,779.2631086310676,TIME,friday,0.4711117412511924
2024-12-20 23:05:00,2024-12-20 23:55:00,1,2623.26,2622.59,0.6900000000000001,-51.06000000000502,795.7858350499515,TIME,fri_close,-0.06416299178886488
2024-12-20 16:15:00,2024-12-20 23:57:00,1,2614.2900000000004,2623.23,0.19,168.52999999999238,759.7253366148864,EOD,lw,0.22183016924368051
2024-12-26 10:15:00,2024-12-26 15:20:00,1,2628.39,2629.33,0.21,18.270000000001147,779.1662008094413,NEWS,lw,0.02344814236169543
2024-12-27 01:05:00,2024-12-27 19:50:00,1,2633.47,2615.42,0.14,-253.67999999999617,759.2014721801959,NEWS,friday,-0.3341405533257257
2024-12-27 23:05:00,2024-12-27 23:55:00,1,2615.89,2621.09,0.71,364.2300000000193,794.0370381938969,TIME,fri_close,0.45870656213781996
2024-12-30 16:00:00,2024-12-30 16:35:00,-1,2606.5499999999997,2607.56,0.22,-23.7600000000048,780.8353096718912,NEWS,lw,-0.030428951797772576
2024-12-30 18:15:00,2024-12-30 23:45:00,-1,2600.2799999999997,2607.47,0.22,-159.7200000000012,780.8353096718912,TIME,tday,-0.20455017597387587
2024-12-31 17:15:00,2025-01-02 15:20:00,1,2618.11,2637.63,0.22,410.4143999999996,775.2370732667563,NEWS,lw,0.5294050222218636
2025-01-02 01:05:00,2025-01-02 15:20:00,1,2625.45,2637.63,0.23,278.5300000000067,793.5240419050652,NEWS,strong_close,0.3510038578431996
2025-01-02 01:07:00,2025-01-02 15:20:00,1,2625.5099999999998,2637.63,0.11,132.5500000000038,379.51149830242247,NEWS,season,0.3492647800999649
2025-01-02 01:10:00,2025-01-02 15:20:00,1,2625.49,2637.63,0.11,132.7700000000036,758.252996604845,NEWS,tom,0.17509986850628326
2025-01-02 10:15:00,2025-01-02 15:20:00,1,2635.29,2637.63,0.23,52.210000000003355,793.5240419050652,NEWS,lw,0.06579510795244387
2025-01-03 01:05:00,2025-01-03 16:50:00,1,2658.04,2648.85,0.15,-138.90000000000083,782.7057678796016,NEWS,friday,-0.17746132161040482
2025-01-03 01:07:00,2025-01-03 16:50:00,1,2658.11,2648.85,0.11,-102.63000000000238,382.91281985224964,NEWS,season,-0.26802445538282865
2025-01-03 17:30:00,2025-01-03 23:57:00,-1,2642.47,2640.06,0.23,53.81999999999666,800.6358960547038,EOD,lw,0.06722156758797058
2025-01-06 01:07:00,2025-01-06 16:35:00,1,2640.68,2625.19,0.11,-171.1599999999976,378.0961898628034,NEWS,season,-0.4526890367821612
2025-01-07 01:07:00,2025-01-07 16:50:00,1,2636.18,2660.06,0.11,261.9100000000012,378.52646201546025,NEWS,season,0.6919199218080134
2025-01-07 15:00:00,2025-01-07 16:50:00,1,2651.8500000000004,2660.06,0.23,187.2199999999904,791.4644205777805,NEWS,lw,0.23654885189067257
2025-01-08 01:07:00,2025-01-08 15:05:00,1,2649.05,2656.02,0.11,75.8999999999978,376.16814330006997,NEWS,season,0.20177147201817205
2025-01-08 16:15:00,2025-01-08 17:20:00,1,2662.48,2666.0,0.23,79.34999999999958,786.5333905365101,NEWS,lw,0.1008857360090884
2025-01-09 01:15:00,2025-01-09 09:10:00,1,2662.43,2665.37,0.31,88.97000000000169,803.0510876556563,TIME,drift,0.11078996264077226
2025-01-09 01:07:00,2025-01-09 23:47:00,1,2662.8,2670.15,0.12,87.3599999999989,402.27630100526574,TIME,season,0.21716417243991556
2025-01-10 01:15:00,2025-01-10 09:10:00,1,2670.77,2677.62,0.38,257.6399999999965,790.0729434559679,TIME,drift,0.32609647265354713
2025-01-09 14:15:00,2025-01-10 15:17:00,1,2671.81,2679.48,0.24,163.32480000000172,804.5526020105315,TIME,lw,0.2030007728417785
2025-01-10 01:05:00,2025-01-10 15:20:00,1,2670.64,2679.12,0.16,134.5600000000003,785.4902732954941,NEWS,friday,0.17130702260062242
2025-01-10 01:07:00,2025-01-10 15:20:00,1,2670.4,2679.12,0.12,103.7999999999976,393.02513664774705,NEWS,season,0.26410524498597004
2025-01-10 09:00:00,2025-01-10 15:20:00,1,2678.4700000000003,2679.12,0.35000000000000003,20.29999999998727,798.3500000000083,NEWS,nr7,0.025427444103447185
2025-01-10 11:00:00,2025-01-10 15:20:00,1,2680.26,2679.12,0.24,-29.040000000007854,786.0502732954941,NEWS,lw,-0.03694420189978238
2025-01-10 18:15:00,2025-01-10 23:45:00,1,2691.55,2689.64,0.24,-47.52000000000742,786.0502732954941,TIME,tday,-0.06045414856327335
2025-01-10 23:05:00,2025-01-10 23:55:00,1,2692.62,2689.08,0.54,-194.93999999999804,808.9020914285487,TIME,fri_close,-0.24099331929742862
2025-01-13 01:07:00,2025-01-13 23:47:00,1,2688.8,2662.9,0.12,-311.64000000000107,394.01762688719384,TIME,season,-0.7909290821885558
2025-01-14 01:15:00,2025-01-14 09:10:00,1,2665.6,2669.34,0.31,113.77000000000733,786.781087979721,TIME,drift,0.14460184889820296
2025-01-14 01:07:00,2025-01-14 15:20:00,1,2665.11,2668.63,0.12,41.39999999999977,397.3735106809655,NEWS,season,0.10418409603864634
2025-01-15 01:15:00,2025-01-15 09:10:00,1,2676.71,2681.44,0.36,167.76000000000064,789.7800767582652,TIME,drift,0.212413562885239
2025-01-15 01:05:00,2025-01-15 15:20:00,1,2677.04,2685.41,0.25,207.49999999999727,801.4785176863917,NEWS,strong_close,0.25889652114317724
2025-01-15 01:07:00,2025-01-15 15:20:00,1,2677.21,2685.41,0.12,97.55999999999781,384.709688489468,NEWS,season,0.2535938213125315
2025-01-15 08:00:00,2025-01-15 15:20:00,1,2679.53,2685.41,0.41000000000000003,238.20999999998583,798.679999999994,NEWS,inside,0.29825462012318776
2025-01-15 11:30:00,2025-01-15 15:20:00,1,2685.79,2685.41,0.25,-11.250000000002728,801.4785176863917,NEWS,lw,-0.014036558375236092
2025-01-16 01:15:00,2025-01-16 09:10:00,1,2695.93,2696.36,0.35000000000000003,12.600000000010187,792.9020351972947,TIME,drift,0.01589099212852314
2025-01-16 01:05:00,2025-01-16 15:20:00,1,2697.41,2707.8,0.25,258.0000000000082,794.4443378516498,NEWS,strong_close,0.32475528832856465
2025-01-16 01:07:00,2025-01-16 15:20:00,1,2695.8,2707.8,0.12,143.16,381.3332821687919,NEWS,season,0.3754196307906641
2025-01-16 12:15:00,2025-01-16 15:20:00,1,2708.3900000000003,2707.8,0.25,-16.500000000003638,794.4443378516498,NEWS,lw,-0.020769233555900497
2025-01-16 18:15:00,2025-01-16 23:45:00,1,2718.8300000000004,2713.78,0.25,-128.00000000000455,794.4443378516498,TIME,tday,-0.16111890273665286
2025-01-17 01:15:00,2025-01-17 09:10:00,1,2714.43,2714.23,0.35000000000000003,-9.449999999993633,794.5113398156517,TIME,drift,-0.011894103364448254
2025-01-17 01:05:00,2025-01-17 23:00:00,1,2714.36,2701.09,0.16,-213.4399999999997,767.4760954563274,TIME,friday,-0.27810638176696845
2025-01-17 01:07:00,2025-01-17 23:47:00,1,2714.39,2702.13,0.12,-147.95999999999717,384.01804772816365,TIME,season,-0.38529439143634775
2025-01-17 23:05:00,2025-01-17 23:55:00,1,2700.77,2702.6,0.74,130.2399999999946,809.0791255307552,TIME,fri_close,0.1609731309215984
2025-01-20 01:07:00,2025-01-21 03:17:00,1,2702.77,2710.48,0.13,88.98760000000048,403.203869440831,TIME,season,0.22070125498401041
2025-01-21 01:15:00,2025-01-21 09:10:00,1,2707.11,2724.13,0.34,576.2999999999994,805.7846102245966,TIME,drift,0.7152035329135501
2025-01-21 15:15:00,2025-01-21 23:45:00,1,2728.18,2744.07,0.26,411.3200000000086,794.2329003901145,TIME,tday900,0.5178833561263638
2025-01-21 18:15:00,2025-01-21 23:45:00,1,2740.54,2744.07,0.26,89.96000000000521,794.2329003901145,TIME,tday,0.11326652415912045
2025-01-21 01:07:00,2025-01-21 23:47:00,1,2708.53,2744.03,0.13,460.59,397.11645019505727,TIME,season,1.1598361129934696
2025-01-21 10:15:00,2025-01-22 11:17:00,1,2726.84,2757.32,0.26,769.9952000000004,794.2329003901145,TIME,lw,0.9694828804268761
2025-01-22 01:05:00,2025-01-22 23:45:00,1,2743.84,2756.01,0.26,314.60000000000196,817.841978933678,TIME,strong_close,0.38467088765752155
2025-01-22 15:15:00,2025-01-22 23:45:00,1,2759.91,2756.01,0.26,-103.21999999999053,817.841978933678,TIME,tday900,-0.12621020033059596
2025-01-22 01:07:00,2025-01-22 23:47:00,1,2744.77,2755.83,0.13,142.8699999999993,408.920989466839,TIME,season,0.349382897136869
2025-01-23 01:15:00,2025-01-23 09:10:00,1,2755.33,2753.72,0.37,-62.160000000004715,816.0584956027834,TIME,drift,-0.07617101020937242
2025-01-21 08:00:00,2025-01-23 15:20:00,1,2726.38,2742.8,0.35000000000000003,460.97800000000245,798.3847752186512,NEWS,trendH4,0.5773882647921935
2025-01-21 20:00:00,2025-01-23 15:20:00,1,2740.3700000000003,2742.8,0.33,-27.03360000000542,799.7440066657699,NEWS,trendH4,-0.033802816619672826
2025-01-23 01:07:00,2025-01-23 15:20:00,1,2755.87,2742.8,0.13,-170.8199999999962,399.6952045049218,NEWS,season,-0.42737565543619815
2025-01-24 01:15:00,2025-01-24 09:10:00,1,2754.45,2773.23,0.36,673.5600000000072,819.2200416750369,TIME,drift,0.8221966818863433
2025-01-24 01:05:00,2025-01-24 16:50:00,1,2754.15,2778.27,0.18,432.89999999999804,814.6836086880638,NEWS,friday,0.5313719281735938
2025-01-24 01:07:00,2025-01-24 16:50:00,1,2754.34,2778.27,0.13,310.17999999999785,392.5584041831419,NEWS,season,0.7901499412436176
2025-01-24 08:00:00,2025-01-24 16:50:00,1,2775.4,2778.27,0.35000000000000003,97.99999999999619,813.8623378126013,NEWS,trendH4,0.1204134845008168
2025-01-24 10:15:00,2025-01-24 16:50:00,1,2771.73,2778.27,0.27,174.68999999999903,815.3136086880639,NEWS,lw,0.21426111147720925
2025-01-24 15:15:00,2025-01-24 16:50:00,1,2782.21,2778.27,0.27,-108.27000000000147,815.3136086880639,NEWS,tday900,-0.1327955265878865
2025-01-24 16:00:00,2025-01-24 16:50:00,1,2782.61,2778.27,0.35000000000000003,-154.35000000000508,807.9503848758725,NEWS,trendH4,-0.1910389584426255
2025-01-24 23:05:00,2025-01-24 23:55:00,1,2771.97,2771.64,0.79,-31.599999999994253,825.1242506102747,TIME,fri_close,-0.03829726247486049
2025-01-27 01:07:00,2025-01-27 16:50:00,1,2769.01,2749.9,0.13,-249.34000000000165,394.56708959863175,NEWS,season,-0.6319330896391778
2025-01-28 01:15:00,2025-01-28 09:10:00,1,2740.86,2740.84,0.29,-2.6099999999994723,813.086879451364,TIME,drift,-0.0032099890749197526
2025-01-28 01:07:00,2025-01-28 15:20:00,1,2741.88,2746.57,0.13,60.06000000000071,405.52301177015835,NEWS,season,0.1481050353661346
2025-01-28 18:15:00,2025-01-28 23:45:00,1,2757.5200000000004,2763.62,0.26,156.77999999998582,811.0460235403167,TIME,tday,0.19330592278305198
2025-01-29 01:15:00,2025-01-29 09:10:00,1,2764.2400000000002,2759.59,0.45,-212.40000000000413,829.604372010347,TIME,drift,-0.2560256517034785
2025-01-29 01:05:00,2025-01-29 17:20:00,1,2763.4,2758.18,0.26,-137.54000000000661,809.3113075731513,NEWS,strong_close,-0.16994696442885765
2025-01-29 01:07:00,2025-01-29 17:20:00,1,2764.13,2758.18,0.13,-78.26000000000354,404.65565378657567,NEWS,season,-0.1933990029984348
2025-01-29 03:15:00,2025-01-29 17:20:00,1,2765.4,2758.18,0.27,-196.83000000000686,822.150000000003,NEWS,inside,-0.23940886699508135
2025-01-30 01:15:00,2025-01-30 09:10:00,1,2760.15,2765.82,0.37,207.20000000000266,810.5403097613398,TIME,drift,0.2556319500766246
2025-01-30 01:07:00,2025-01-30 15:20:00,1,2758.84,2780.72,0.13,283.5299999999955,395.5859642303917,NEWS,season,0.7167342262802475
2025-01-30 09:15:00,2025-01-30 15:20:00,1,2766.66,2780.72,0.38,531.619999999998,822.3199999999889,NEWS,nr7,0.6464879852125756
2025-01-30 10:15:00,2025-01-30 15:20:00,1,2771.18,2780.72,0.27,255.68999999999903,821.6016180169674,NEWS,lw,0.3112092215898224
2025-01-30 18:15:00,2025-01-30 23:45:00,1,2794.0800000000004,2792.89,0.27,-34.02000000001375,821.6016180169674,TIME,tday,-0.04140692916613899
2025-01-31 01:15:00,2025-01-31 09:10:00,1,2795.65,2794.11,0.34,-54.739999999998766,817.3306478787988,TIME,drift,-0.06697411891021626
2025-01-30 20:00:00,2025-01-31 16:35:00,1,2795.82,2808.8,0.37,448.26240000000075,826.2955005613161,NEWS,trendH4,0.5424964794017259
2025-01-31 01:05:00,2025-01-31 16:35:00,1,2794.6600000000003,2808.8,0.17,239.18999999999787,793.3765777053565,NEWS,friday,0.3014835662174389
2025-01-31 01:07:00,2025-01-31 16:35:00,1,2795.2200000000003,2808.8,0.13,175.62999999999906,404.7698239282209,NEWS,season,0.43390092249353074
2025-01-31 15:15:00,2025-01-31 16:35:00,1,2804.9600000000005,2808.8,0.26,98.01999999999198,809.5396478564418,NEWS,tday900,0.12108116045895528
2025-01-31 16:00:00,2025-01-31 16:35:00,1,2806.6400000000003,2808.8,0.38,79.41999999999447,826.5901660900856,NEWS,trendH4,0.09608147212259348
2025-01-31 23:05:00,2025-01-31 23:55:00,1,2801.84,2800.09,0.49,-89.18,838.6566753209024,TIME,fri_close,-0.10633671992877931
2025-01-31 20:00:00,2025-01-31 23:57:00,1,2808.7,2798.77,0.38,-379.9999999999938,838.8216577855811,EOD,trendH4,-0.45301643856354634
2025-02-03 01:10:00,2025-02-03 16:35:00,1,2802.3,2815.47,0.13,170.29999999999504,799.313958723839,NEWS,tom,0.21305770797733967
2025-02-03 16:15:00,2025-02-03 16:35:00,1,2814.5800000000004,2815.47,0.27,22.139999999984287,831.0018032901406,NEWS,lw,0.026642541462998732
2025-02-03 18:15:00,2025-02-03 23:45:00,1,2819.78,2813.22,0.27,-179.01000000001082,831.0018032901406,TIME,tday,-0.21541469499977758
2025-02-04 01:15:00,2025-02-04 09:10:00,1,2813.35,2812.93,0.25,-12.250000000001819,809.7357760506334,TIME,drift,-0.015128391707909195
2025-02-04 16:00:00,2025-02-04 16:50:00,1,2831.82,2840.82,0.31,276.83,832.7635795418779,NEWS,trendH4,0.33242327930850485
2025-02-04 18:15:00,2025-02-04 23:45:00,1,2837.8300000000004,2842.14,0.25,105.99999999998727,818.9678202891422,TIME,tday,0.12943121496832835
2025-02-05 01:15:00,2025-02-05 09:10:00,1,2841.46,2855.14,0.3,408.299999999995,828.4048976482799,TIME,drift,0.4928749228295232
2025-02-04 20:00:00,2025-02-05 15:05:00,1,2844.19,2869.84,0.3,743.5560000000027,814.8502263530157,NEWS,trendH4,0.9125063428256
2025-02-05 01:05:00,2025-02-05 15:05:00,1,2841.52,2869.84,0.25,706.2500000000041,828.8094045542032,NEWS,strong_close,0.8521259485223616
2025-02-05 08:00:00,2025-02-05 15:05:00,1,2859.42,2869.84,0.32,331.2000000000023,838.159413674045,NEWS,trendH4,0.39515156018852987
2025-02-05 10:15:00,2025-02-05 15:05:00,1,2865.2200000000003,2869.84,0.25,113.74999999999727,828.8094045542032,NEWS,lw,0.13724506427527894
2025-02-05 12:00:00,2025-02-05 15:05:00,1,2870.48,2869.84,0.31,-22.009999999996054,825.2310853968937,NEWS,trendH4,-0.026671317149196308
2025-02-06 01:15:00,2025-02-06 09:10:00,1,2866.73,2860.04,0.26,-175.7600000000014,825.5408413268708,TIME,drift,-0.21290285253181035
2025-02-06 17:00:00,2025-02-07 15:20:00,-1,2841.77,2860.72,0.25,-466.89749999999543,845.7158756574747,NEWS,lw,-0.5520737087228271
2025-02-07 23:05:00,2025-02-07 23:55:00,1,2861.29,2861.88,0.54,28.080000000007857,849.0972218238355,TIME,fri_close,0.03307041794306293
2025-02-07 16:30:00,2025-02-07 23:57:00,1,2873.63,2861.36,0.24,-296.15999999999957,821.0610091575205,EOD,lw,-0.3607040118783442
2025-02-10 15:15:00,2025-02-10 23:45:00,1,2905.17,2907.85,0.24,62.63999999999607,821.2309370748401,TIME,tday900,0.07627574312180058
2025-02-10 18:15:00,2025-02-10 23:45:00,1,2908.41,2907.85,0.24,-15.119999999998688,821.2309370748401,TIME,tday,-0.018411386270779005
2025-02-11 01:15:00,2025-02-11 09:10:00,1,2911.38,2915.66,0.29,122.08999999999261,837.6328108743885,TIME,drift,0.14575599047098603
2025-02-10 10:15:00,2025-02-11 11:17:00,1,2894.3700000000003,2909.72,0.24,347.64479999998684,821.2309370748401,TIME,lw,0.42332160699920807
2025-02-11 04:00:00,2025-02-11 11:59:00,1,2934.06,2903.5910267056797,0.27,-824.5522789466461,823.202278946637,SL,trendH4,-1.0016399371509717
2025-02-10 12:00:00,2025-02-11 16:50:00,1,2903.25,2900.75,0.28,-94.2144,842.1454120099851,NEWS,trendH4,-0.11187426619725255
2025-02-11 01:05:00,2025-02-11 16:50:00,1,2912.0600000000004,2900.75,0.23,-261.7400000000092,823.7506255517184,NEWS,strong_close,-0.3177417920923644
2025-02-13 01:05:00,2025-02-13 15:20:00,1,2904.93,2915.75,0.22,236.50000000000358,839.0010172584939,NEWS,strong_close,0.2818828525056944
2025-02-13 18:15:00,2025-02-13 19:50:00,1,2920.16,2918.56,0.22,-36.739999999998,839.0010172584939,NEWS,tday,-0.043790173365997845
2025-02-14 01:05:00,2025-02-14 15:20:00,1,2928.37,2928.92,0.15,7.200000000002729,842.9892777536019,NEWS,friday,0.008541033901628371
2025-02-14 01:30:00,2025-02-14 15:20:00,1,2931.08,2928.92,0.27,-60.20999999999608,823.4999999999957,NEWS,nr7,-0.07311475409835627
2025-02-14 17:15:00,2025-02-14 23:57:00,-1,2914.3799999999997,2882.88,0.22,691.45999999999,824.7695160257441,EOD,lw,0.838367551860885
2025-02-17 18:15:00,2025-02-18 03:30:00,1,2901.0,2895.11,0.21,-141.85079999999732,825.590707386455,TIME,tday,-0.17181734088196035
2025-02-18 15:15:00,2025-02-18 23:45:00,1,2914.78,2935.37,0.22,451.43999999999323,846.4813684099529,TIME,tday900,0.5333135693795445
2025-02-18 18:15:00,2025-02-18 23:45:00,1,2928.42,2935.37,0.22,151.359999999996,846.4813684099529,TIME,tday,0.1788107873943092
2025-02-18 05:15:00,2025-02-19 06:17:00,1,2909.05,2928.16,0.28,510.8655999999909,841.4000000000005,TIME,inside,0.6071613976705379
2025-02-18 10:15:00,2025-02-19 11:17:00,1,2911.69,2942.81,0.22,665.6143999999977,846.4813684099529,TIME,lw,0.786330833542504
2025-02-19 01:05:00,2025-02-19 23:45:00,1,2935.52,2932.85,0.21,-57.54000000000153,817.7603038179125,TIME,strong_close,-0.07036291653111806
2025-02-19 12:00:00,2025-02-20 15:20:00,1,2945.7,2944.68,0.29,-100.75759999999947,831.6372643600439,NEWS,trendH4,-0.12115570612090573
2025-02-20 10:15:00,2025-02-20 15:20:00,1,2954.47,2944.68,0.22,-216.9199999999992,840.3097513330714,NEWS,lw,-0.25814290463234096
2025-02-20 12:00:00,2025-02-20 15:20:00,1,2951.68,2944.68,0.29,-205.02999999999997,830.8039923690337,NEWS,trendH4,-0.246785044226085
2025-02-21 01:05:00,2025-02-21 16:50:00,1,2939.82,2937.82,0.15,-31.05,847.0285787822188,NEWS,friday,-0.0366575588802929
2025-02-21 23:05:00,2025-02-21 23:55:00,1,2934.6,2935.88,0.61,73.81000000001221,853.4368209624323,TIME,fri_close,0.08648560524582906
2025-02-25 01:15:00,2025-02-25 09:10:00,1,2950.3,2937.95,0.29,-360.1800000000105,851.6501707901581,TIME,drift,-0.42292012889028924
2025-02-24 15:15:00,2025-02-25 16:17:00,1,2950.69,2940.06,0.22,-252.8856000000024,821.5234080371898,TIME,lw,-0.30782519101215244
2025-02-25 01:05:00,2025-02-25 16:50:00,1,2953.09,2937.09,0.22,-353.54,817.6388788916759,NEWS,strong_close,-0.4323913761038734
2025-02-27 10:15:00,2025-02-27 15:20:00,-1,2885.2599999999998,2889.25,0.21,-85.26000000000496,823.3107006462332,NEWS,lw,-0.10355750257233712
2025-02-28 01:05:00,2025-02-28 16:35:00,1,2876.85,2844.05,0.14,-460.17999999999626,843.6777934572165,NEWS,friday,-0.5454451966956179
2025-02-28 23:05:00,2025-02-28 23:55:00,1,2854.52,2859.13,0.45,204.30000000000572,830.2075834112941,TIME,fri_close,0.24608303282480765
2025-03-03 01:10:00,2025-03-03 16:35:00,1,2874.03,2878.79,0.1,46.89999999999763,820.8858037376746,NEWS,tom,0.05713340367984385
2025-03-03 15:15:00,2025-03-03 16:35:00,1,2875.03,2878.79,0.2,73.79999999999526,821.5858037376746,NEWS,tday900,0.0898262843202181
2025-03-03 18:15:00,2025-03-03 23:45:00,1,2887.63,2894.08,0.2,127.59999999999636,821.5858037376746,TIME,tday,0.1553094021579978
2025-03-04 01:05:00,2025-03-04 23:45:00,1,2892.97,2916.24,0.2,463.99999999999966,819.6296748992689,TIME,strong_close,0.5661093225510954
2025-03-04 15:15:00,2025-03-04 23:45:00,1,2926.7200000000003,2916.24,0.2,-211.00000000000946,819.6296748992689,TIME,tday900,-0.2574333341773417
2025-03-04 10:30:00,2025-03-05 11:32:00,1,2914.13,2914.86,0.2,-2.6959999999996356,819.6296748992689,TIME,lw,-0.003289290374132646
2025-03-06 10:45:00,2025-03-06 15:20:00,-1,2904.43,2905.4700000000003,0.2,-22.200000000008366,818.617423765186,NEWS,lw,-0.027118895048557214
2025-03-07 01:05:00,2025-03-07 15:20:00,1,2912.83,2914.58,0.13,21.84,789.96541758741,NEWS,friday,0.027646779863731687
2025-03-07 17:00:00,2025-03-07 19:20:00,1,2926.9600000000005,2905.89,0.2,-422.80000000001235,810.687607781959,NEWS,lw,-0.52153258041873
2025-03-07 23:05:00,2025-03-07 23:55:00,1,2909.56,2912.2,0.49,125.92999999999375,841.0706796028493,TIME,fri_close,0.14972582335108564
2025-03-10 14:45:00,2025-03-11 15:47:00,-1,2897.39,2915.5299999999997,0.21,-375.1838999999974,840.7904175874096,TIME,lw,-0.44622761172345643
2025-03-11 18:15:00,2025-03-11 23:45:00,1,2919.67,2916.64,0.21,-65.1000000000042,837.838959188309,TIME,tday,-0.07769989600754841
2025-03-12 01:05:00,2025-03-12 15:20:00,1,2915.52,2912.94,0.21,-55.64999999999847,840.8733192462868,NEWS,strong_close,-0.0661811936783535
2025-03-12 18:15:00,2025-03-12 19:50:00,1,2928.1600000000003,2934.6,0.21,133.7699999999916,840.8733192462868,NEWS,tday,0.159084605181546
2025-03-12 19:15:00,2025-03-12 19:50:00,1,2933.9,2934.6,0.21,13.22999999999618,840.8733192462868,NEWS,lw,0.015733642270698796
2025-03-13 12:45:00,2025-03-13 15:20:00,1,2948.1200000000003,2947.76,0.21,-9.030000000002675,832.5909393001232,NEWS,lw,-0.010845662105803483
2025-03-13 18:15:00,2025-03-13 19:50:00,1,2972.8500000000004,2981.96,0.21,189.83999999999313,832.5909393001232,NEWS,tday,0.22801112892193234
2025-03-14 01:05:00,2025-03-14 23:00:00,1,2984.48,2983.93,0.13,-8.060000000002365,795.7626466414332,TIME,friday,-0.01012864832751337
2025-03-14 23:05:00,2025-03-14 23:55:00,1,2982.86,2988.12,0.63,326.9699999999851,836.9685261955718,TIME,fri_close,0.3906598513163003
2025-03-17 13:00:00,2025-03-17 15:20:00,1,2995.8700000000003,2988.78,0.21,-150.36000000000305,836.027646641433,NEWS,lw,-0.17985051164760288
2025-03-18 01:05:00,2025-03-18 23:45:00,1,3001.25,3033.91,0.22,716.9799999999968,844.3928807464281,TIME,strong_close,0.8491071115689647
2025-03-18 15:15:00,2025-03-18 23:45:00,1,3030.3100000000004,3033.91,0.22,77.65999999998799,844.3928807464281,TIME,tday900,0.0919714054568271
2025-03-18 02:45:00,2025-03-19 03:47:00,1,3002.51,3032.18,0.41000000000000003,1181.0131999999844,829.0200000000038,TIME,inside,1.4245895153313297
2025-03-18 10:15:00,2025-03-19 11:17:00,1,3018.46,3032.36,0.22,286.774400000002,844.3928807464281,TIME,lw,0.33962200124958253
2025-03-18 08:00:00,2025-03-19 17:20:00,1,3014.63,3027.61,0.31,375.57120000000054,848.202076519898,NEWS,trendH4,0.4427850513417011
2025-03-18 12:00:00,2025-03-19 17:20:00,1,3026.8100000000004,3027.61,0.3,-1.944000000008188,843.2336832521634,NEWS,trendH4,-0.0023054107522254277
2025-03-20 01:15:00,2025-03-20 09:10:00,1,3049.7,3048.78,0.28,-27.71999999998931,856.2332786634598,TIME,drift,-0.03237435485252212
2025-03-20 01:05:00,2025-03-20 15:20:00,1,3048.66,3036.87,0.22,-260.9199999999992,830.842636970135,NEWS,strong_close,-0.31404262177914455
2025-03-20 04:00:00,2025-03-20 15:20:00,1,3053.4,3036.87,0.3,-498.000000000006,840.8501209671347,NEWS,trendH4,-0.5922577491303836
2025-03-21 01:15:00,2025-03-21 09:10:00,1,3044.58,3031.72,0.31,-400.83000000000396,834.7659588222891,TIME,drift,-0.4801705145781292
2025-03-21 01:05:00,2025-03-21 23:00:00,1,3045.18,3019.91,0.15,-380.09999999999974,839.6771795901443,TIME,friday,-0.45267396713762154
2025-03-21 23:05:00,2025-03-21 23:55:00,1,3021.56,3023.06,0.58,82.93999999999998,845.1692772074659,TIME,fri_close,0.09813418712289572
2025-03-25 01:15:00,2025-03-25 09:10:00,1,3011.28,3016.14,0.29,138.9099999999905,851.6305213088274,TIME,drift,0.16311064073479523
2025-03-25 14:15:00,2025-03-25 16:50:00,1,3024.46,3028.64,0.22,90.41999999999639,827.0801142213504,NEWS,lw,0.10932435497511842
2025-03-26 01:15:00,2025-03-26 09:10:00,1,3022.19,3024.47,0.35000000000000003,77.34999999999108,841.5901086667119,TIME,drift,0.09190935017348614
2025-03-27 01:15:00,2025-03-27 09:10:00,1,3018.7900000000004,3029.3,0.37,386.2799999999913,843.436392961991,TIME,drift,0.4579835577682961
2025-03-27 06:45:00,2025-03-27 15:20:00,1,3032.8,3052.94,0.42,842.9399999999946,853.0200000000099,NEWS,inside,0.9881831610044135
2025-03-27 10:15:00,2025-03-27 15:20:00,1,3031.77,3052.94,0.24,506.4000000000017,857.1243746015307,NEWS,lw,0.5908127396743588
2025-03-27 18:15:00,2025-03-27 23:45:00,1,3056.15,3056.35,0.24,3.1199999999956347,857.1243746015307,TIME,tday,0.0036400784908795698
2025-03-28 01:15:00,2025-03-28 09:10:00,1,3055.4500000000003,3081.28,0.3,772.7999999999977,848.5098286306961,TIME,drift,0.9107731860302938
2025-03-28 01:05:00,2025-03-28 23:00:00,1,3056.29,3080.74,0.15,365.69999999999726,813.35737967544,TIME,friday,0.4496178545105538
2025-03-28 23:05:00,2025-03-28 23:55:00,1,3081.94,3084.28,0.55,124.85000000000801,859.0591263281293,TIME,fri_close,0.14533341905539557
2025-03-28 04:00:00,2025-03-28 23:57:00,1,3062.09,3084.56,0.32,716.7999999999936,857.6737979122354,EOD,trendH4,0.8357489779270869
2025-03-28 08:00:00,2025-03-28 23:57:00,1,3074.01,3084.56,0.31,324.8799999999915,838.509417141104,EOD,trendH4,0.38744943510314905
2025-03-28 10:15:00,2025-03-28 23:57:00,1,3083.55,3084.56,0.24,22.559999999994325,868.141204987136,EOD,lw,0.025986555954717775
2025-03-31 01:05:00,2025-03-31 16:35:00,1,3092.73,3112.41,0.24,470.639999999996,862.0854046309123,NEWS,strong_close,0.5459319894198797
2025-03-31 08:00:00,2025-03-31 16:35:00,1,3113.58,3112.41,0.28,-34.720000000002045,875.0647628123959,NEWS,trendH4,-0.03967706331633608
2025-03-31 10:15:00,2025-03-31 16:35:00,1,3122.03,3112.41,0.24,-232.56000000000827,862.0854046309123,NEWS,lw,-0.26976445576128855
2025-03-31 12:00:00,2025-03-31 16:35:00,1,3122.46,3112.41,0.27,-273.2400000000049,856.9583273620685,NEWS,trendH4,-0.31884864324862305
2025-03-31 15:15:00,2025-03-31 16:35:00,1,3122.9,3112.41,0.24,-253.44000000000568,862.0854046309123,NEWS,tday900,-0.29398479389465115
2025-03-31 18:15:00,2025-03-31 23:45:00,1,3125.2400000000002,3124.5,0.24,-19.440000000005675,862.0854046309123,TIME,tday,-0.022549969986243524
2025-04-01 01:15:00,2025-04-01 09:10:00,1,3124.65,3129.03,0.24,103.4400000000026,870.8466122547837,TIME,drift,0.11878096388545074
2025-04-01 01:05:00,2025-04-01 16:35:00,1,3125.0,3130.76,0.23,130.870000000005,851.3826666209604,NEWS,strong_close,0.15371466337154002
2025-04-01 01:10:00,2025-04-01 16:35:00,1,3125.16,3130.76,0.11,60.830000000004006,813.5960289417882,NEWS,tom,0.07476683493542016
2025-04-01 08:00:00,2025-04-01 16:35:00,1,3144.97,3130.76,0.27,-385.5599999999887,859.1311697290271,NEWS,trendH4,-0.4487789683170215
2025-04-02 01:15:00,2025-04-02 09:10:00,1,3112.5400000000004,3116.07,0.23,79.57999999999414,859.184300547132,TIME,drift,0.09262273524937231
2025-04-02 11:45:00,2025-04-02 15:05:00,1,3133.34,3119.36,0.23,-323.15000000000043,869.8703332908915,NEWS,lw,-0.3714921496143685
2025-04-03 01:15:00,2025-04-03 09:10:00,1,3144.71,3130.75,0.18,-252.54000000000065,833.5405301958838,TIME,drift,-0.30297267001600175
2025-04-03 04:00:00,2025-04-03 13:17:00,1,3151.5200000000004,3111.695805297523,0.21,-837.7780887520296,836.728088752024,SL,trendH4,-1.0012548879547856
2025-04-03 02:00:00,2025-04-03 13:27:00,1,3146.03,3105.35,0.21,-855.750000000006,854.7000000000022,SL,inside,-1.0012285012285056
2025-04-04 01:05:00,2025-04-04 15:20:00,1,3114.69,3100.89,0.13,-180.3100000000024,842.9325284738538,NEWS,friday,-0.21390798659349075
2025-04-04 17:00:00,2025-04-04 18:15:00,-1,3061.89,3044.01,0.19,338.38999999999345,821.7622072309346,NEWS,lw,0.4117857903690354
2025-04-04 23:05:00,2025-04-04 23:55:00,1,3036.67,3037.1,0.21,7.559999999996562,829.2835708770435,TIME,fri_close,0.00911630263216377
2025-04-08 15:15:00,2025-04-08 23:45:00,1,3017.75,2980.71,0.16,-593.7599999999994,838.1435575597334,TIME,tday900,-0.7084227930221643
2025-04-09 10:15:00,2025-04-09 17:20:00,1,3045.4,3081.13,0.16,570.5600000000003,833.179017734038,NEWS,lw,0.6847988101665454
2025-04-09 15:15:00,2025-04-09 17:20:00,1,3062.94,3081.13,0.16,289.92000000000087,833.179017734038,NEWS,tday900,0.3479684363493504
2025-04-09 18:15:00,2025-04-09 19:50:00,1,3075.19,3090.36,0.16,241.60000000000116,833.179017734038,NEWS,tday,0.2899736969577925
2025-04-10 01:05:00,2025-04-10 15:20:00,1,3080.55,3127.03,0.15,696.1500000000003,864.2870913309705,NEWS,strong_close,0.8054615265952367
2025-04-10 17:15:00,2025-04-10 19:50:00,1,3142.9900000000002,3165.54,0.15,337.1999999999959,864.2870913309705,NEWS,lw,0.3901481387171018
2025-04-10 18:15:00,2025-04-10 19:50:00,1,3159.59,3165.54,0.15,88.19999999999727,864.2870913309705,NEWS,tday,0.1020494241840087
2025-04-11 01:05:00,2025-04-11 15:20:00,1,3179.66,3218.17,0.09,345.96000000000197,823.2320691837399,NEWS,friday,0.4202460192580107
2025-04-11 04:00:00,2025-04-11 15:20:00,1,3205.82,3218.17,0.12,147.3599999999989,851.7067634395032,NEWS,trendH4,0.1730172945966818
2025-04-11 11:15:00,2025-04-11 15:20:00,1,3218.34,3218.17,0.14,-3.3600000000010186,854.0488124868414,NEWS,lw,-0.003934201360478781
2025-04-11 18:15:00,2025-04-11 23:45:00,1,3236.9,3236.0,0.14,-13.580000000001274,854.0488124868414,TIME,tday,-0.01590073049859841
2025-04-11 23:05:00,2025-04-11 23:55:00,1,3232.6,3238.06,0.33,177.8700000000012,864.8412050897914,TIME,fri_close,0.2056678138751888
2025-04-11 16:00:00,2025-04-11 23:57:00,1,3233.86,3238.09,0.12,49.920000000000215,829.734721303944,EOD,trendH4,0.06016380744143138
2025-04-14 01:05:00,2025-04-14 23:45:00,1,3222.23,3211.45,0.14,-151.9000000000028,862.8453258806385,TIME,strong_close,-0.17604545733033947
2025-04-16 01:05:00,2025-04-16 15:20:00,1,3231.07,3306.22,0.15,1126.1999999999946,874.185896905036,NEWS,strong_close,1.288284338591126
2025-04-16 01:30:00,2025-04-16 15:20:00,1,3234.88,3306.22,0.35000000000000003,2494.44999999999,875.350000000002,NEWS,inside,2.8496601359456037
2025-04-16 04:00:00,2025-04-16 15:20:00,1,3264.6600000000003,3306.22,0.16,663.8399999999918,867.8873312942828,NEWS,trendH4,0.7648919117300691
2025-04-16 08:00:00,2025-04-16 15:20:00,1,3283.97,3306.22,0.15,332.7,820.8796544339702,NEWS,trendH4,0.40529692532020434
2025-04-16 10:15:00,2025-04-16 15:20:00,1,3297.31,3306.22,0.15,132.5999999999978,874.185896905036,NEWS,lw,0.15168398445851652
2025-04-16 12:00:00,2025-04-16 15:20:00,1,3307.2000000000003,3306.22,0.15,-15.750000000007095,830.8581717122718,NEWS,trendH4,-0.018956303899074316
2025-04-16 18:15:00,2025-04-16 20:20:00,1,3309.4800000000005,3328.89,0.15,290.099999999991,874.185896905036,NEWS,tday,0.3318516130574284
2025-04-16 20:00:00,2025-04-16 20:20:00,1,3327.56,3328.89,0.16,20.159999999998835,889.2686666350137,NEWS,trendH4,0.022670314109102856
2025-04-17 01:05:00,2025-04-17 15:20:00,1,3348.9600000000005,3333.77,0.14,-213.64000000000712,870.727777317698,NEWS,strong_close,-0.24535797015472652
2025-04-17 04:00:00,2025-04-17 15:20:00,1,3345.5000000000005,3333.77,0.16,-188.80000000000757,855.7165716381,NEWS,trendH4,-0.22063380125803492
2025-04-17 17:45:00,2025-04-21 03:30:00,-1,3294.56,3356.7348412369784,0.14,-866.6103773176977,870.727777317698,SL,lw,-0.9952713119906613
2025-04-21 15:15:00,2025-04-21 23:45:00,1,3402.87,3424.18,0.14,297.3599999999992,882.3329360807196,TIME,tday900,0.33701564096752185
2025-04-21 10:15:00,2025-04-22 11:17:00,1,3394.02,3468.91,0.14,1036.3527999999983,882.3329360807196,TIME,lw,1.1745598034721763
2025-04-21 04:00:00,2025-04-23 01:00:00,1,3369.03,3329.2771677602323,0.15,-621.1864835965191,854.7641611988382,SL,trendH4,-0.7267343576095682
2025-04-21 08:00:00,2025-04-23 01:00:00,1,3376.73,3332.4233093722205,0.15,-689.4943594166928,839.0334531388968,SL,trendH4,-0.8217721913676203
2025-04-21 12:00:00,2025-04-23 01:00:00,1,3393.03,3337.8737146345366,0.16,-909.0541658474183,882.8205658474155,SL,trendH4,-1.029715664784974
2025-04-21 16:00:00,2025-04-23 01:00:00,1,3415.1200000000003,3354.1499999999996,0.03,-187.88880000000213,166.04691329157095,SL,trendH4,-1.1315404561003661
2025-04-23 16:30:00,2025-04-23 16:50:00,-1,3299.8999999999996,3279.44,0.12,244.67999999999498,848.5444294357508,NEWS,lw,0.28835260890546144
2025-04-24 14:30:00,2025-04-24 15:20:00,1,3341.77,3339.66,0.11,-23.9800000000014,821.7757941030494,NEWS,lw,-0.02918070862159557
2025-04-25 01:05:00,2025-04-25 23:00:00,1,3345.4000000000005,3304.76,0.07,-284.97000000000236,787.7121811367939,TIME,friday,-0.3617691928906639
2025-04-25 23:05:00,2025-04-25 23:55:00,1,3305.88,3316.19,0.32,327.67999999999824,875.832928934176,TIME,fri_close,0.3741352821693523
2025-04-28 10:30:00,2025-04-29 11:32:00,-1,3279.95,3320.0699999999997,0.11,-438.3048999999988,849.4875979766088,TIME,lw,-0.5159638599127233
2025-04-29 13:00:00,2025-04-29 16:50:00,-1,3309.0,3301.42,0.11,82.6099999999992,855.6977695497081,NEWS,lw,0.09654109539571533
2025-04-30 11:15:00,2025-04-30 15:05:00,-1,3284.97,3267.98,0.11,186.1199999999976,832.997928867586,NEWS,lw,0.22343392888505414
2025-05-01 01:10:00,2025-05-01 15:20:00,1,3285.26,3208.19,0.05,-385.70000000000084,746.5514983947155,NEWS,tom,-0.5166421885554561
2025-05-02 01:05:00,2025-05-02 15:20:00,1,3239.37,3261.92,0.07,157.3600000000013,794.1564609348479,NEWS,friday,0.19814735224185376
2025-05-02 18:15:00,2025-05-02 23:45:00,1,3263.4700000000003,3239.39,0.11,-265.6500000000042,832.2301019317454,TIME,tday,-0.31920258517852945
2025-05-02 23:05:00,2025-05-02 23:55:00,1,3233.87,3240.85,0.31,214.21000000000058,876.3700649187194,TIME,fri_close,0.24442870492143964
2025-05-05 06:00:00,2025-05-05 16:35:00,1,3270.3,3314.93,0.18,802.0799999999938,851.5800000000042,NEWS,inside,0.9418727541745812
2025-05-05 10:15:00,2025-05-05 16:35:00,1,3262.11,3314.93,0.12,632.9999999999965,882.8611422165731,NEWS,lw,0.7169870432973665
2025-05-05 15:15:00,2025-05-05 16:35:00,1,3316.4100000000003,3314.93,0.12,-18.600000000005675,882.8611422165731,NEWS,tday900,-0.02106786572722774
2025-05-05 18:15:00,2025-05-05 23:45:00,1,3312.09,3332.49,0.12,243.95999999999563,882.8611422165731,TIME,tday,0.27632884531251717
2025-05-06 01:05:00,2025-05-06 19:50:00,1,3333.61,3408.91,0.11,827.5299999999969,830.0308531962498,NEWS,strong_close,0.9969870358594228
2025-05-06 11:15:00,2025-05-06 19:50:00,1,3378.18,3408.91,0.11,337.2600000000002,830.0308531962498,NEWS,lw,0.40632224537352174
2025-05-06 15:15:00,2025-05-06 19:50:00,1,3377.8300000000004,3408.91,0.11,341.1099999999942,830.0308531962498,NEWS,tday900,0.41096062717001586
2025-05-06 18:15:00,2025-05-06 19:50:00,1,3395.34,3408.91,0.11,148.4999999999968,830.0308531962498,NEWS,tday,0.1789090121507639
2025-05-07 01:05:00,2025-05-07 17:20:00,1,3416.9900000000002,3380.73,0.11,-399.6300000000024,858.3972208250891,NEWS,strong_close,-0.4655536974081523
2025-05-08 13:00:00,2025-05-08 15:20:00,-1,3331.97,3350.73,0.11,-207.1300000000024,858.5417050518682,NEWS,lw,-0.24125793631363404
2025-05-09 01:05:00,2025-05-09 23:00:00,1,3310.6,3328.82,0.07,127.05000000000179,855.2801476596107,TIME,friday,0.1485478183349181
2025-05-09 15:15:00,2025-05-09 23:45:00,1,3334.81,3328.93,0.11,-65.4500000000012,896.2644404053065,TIME,tday900,-0.07302532271658972
2025-05-09 18:15:00,2025-05-09 23:45:00,1,3340.88,3328.93,0.11,-132.220000000003,896.2644404053065,TIME,tday,-0.14752342505099367
2025-05-09 23:05:00,2025-05-09 23:55:00,1,3328.35,3324.92,0.43,-150.49999999999295,896.0572212905333,TIME,fri_close,-0.1679580236887523
2025-05-12 10:15:00,2025-05-13 11:17:00,-1,3246.3399999999997,3259.0699999999997,0.11,-137.0149000000002,889.5476946620704,TIME,lw,-0.1540276039409564
2025-05-14 10:15:00,2025-05-14 17:20:00,-1,3226.83,3183.77,0.11,472.8899999999994,892.9882673361732,NEWS,lw,0.529559029269951
2025-05-15 10:45:00,2025-05-15 15:20:00,-1,3132.2,3179.49,0.11,-520.9599999999996,899.2733910978752,NEWS,lw,-0.5793121481821976
2025-05-15 18:15:00,2025-05-15 23:45:00,1,3209.57,3236.85,0.11,299.3099999999972,899.2733910978752,TIME,tday,0.33283537905484506
2025-05-16 01:05:00,2025-05-16 23:00:00,1,3241.95,3192.57,0.07,-346.14999999999765,886.8007330185713,TIME,friday,-0.3903357170463103
2025-05-16 23:05:00,2025-05-16 23:55:00,1,3197.9900000000002,3201.29,0.39,125.96999999998935,878.9903195481347,TIME,fri_close,0.1433121585056217
2025-05-20 10:15:00,2025-05-20 22:47:00,-1,3210.4399999999996,3293.2410320117287,0.1,-828.7103201172915,828.2103201172915,SL,lw,-1.0006037113856892
2025-05-21 01:05:00,2025-05-21 17:20:00,1,3292.67,3300.44,0.1,76.99999999999982,834.1810115374851,NEWS,strong_close,0.09230610495206616
2025-05-22 04:15:00,2025-05-22 14:00:00,1,3327.47,3285.5799999999995,0.21,-881.1600000000069,880.110000000003,SL,nr7,-1.0011930326891
2025-05-23 01:05:00,2025-05-23 16:50:00,1,3297.62,3343.46,0.07,320.390000000001,832.2624515169733,NEWS,friday,0.38496269946580297
2025-05-23 10:15:00,2025-05-23 16:50:00,1,3330.26,3343.46,0.11,144.429999999998,872.1506634939719,NEWS,lw,0.16560212133691307
2025-05-23 15:15:00,2025-05-23 16:50:00,1,3350.05,3343.46,0.11,-73.2600000000016,872.1506634939719,NEWS,tday900,-0.08399924814195586
2025-05-23 18:15:00,2025-05-23 23:45:00,1,3357.28,3358.0,0.11,7.1499999999977994,872.1506634939719,TIME,tday,0.008198124818656654
2025-05-23 23:05:00,2025-05-23 23:55:00,1,3361.2400000000002,3359.86,0.43,-62.350000000004684,890.1436481556534,TIME,fri_close,-0.07004487436290953
2025-05-26 01:05:00,2025-05-27 03:30:00,1,3352.03,3344.31,0.11,-94.4328000000028,871.8627589586883,TIME,strong_close,-0.10831154218903542
2025-05-27 10:15:00,2025-05-27 15:20:00,-1,3308.87,3296.0099999999998,0.11,140.6900000000014,836.8825618902102,NEWS,lw,0.1681119985129507
2025-05-29 18:15:00,2025-05-29 18:50:00,1,3316.5,3319.19,0.12,31.440000000000655,880.5654710173222,NEWS,tday,0.03570432981397493
2025-05-30 01:05:00,2025-05-30 16:35:00,1,3317.92,3292.26,0.08,-205.83999999999884,890.8879373732278,NEWS,friday,-0.23105038396514332
2025-05-30 23:05:00,2025-05-30 23:55:00,1,3294.7400000000002,3290.98,0.47000000000000003,-180.01000000001025,885.9235442335832,TIME,fri_close,-0.20318909139697577
2025-06-02 01:10:00,2025-06-02 16:35:00,1,3308.45,3356.26,0.06,286.4400000000024,871.0473704179972,NEWS,tom,0.3288454907596425
2025-06-02 09:00:00,2025-06-02 16:35:00,1,3323.92,3356.26,0.17,548.5900000000025,887.9099999999976,NEWS,inside,0.6178441508711514
2025-06-02 10:15:00,2025-06-02 16:35:00,1,3351.57,3356.26,0.12,55.44000000000065,871.4673704179972,NEWS,lw,0.06361683969120839
2025-06-02 15:15:00,2025-06-02 16:35:00,1,3358.05,3356.26,0.12,-22.319999999999563,871.4673704179972,NEWS,tday900,-0.025611974421135043
2025-06-02 18:15:00,2025-06-02 19:50:00,1,3374.98,3371.21,0.12,-46.079999999999785,871.4673704179972,NEWS,tday,-0.052876334288795714
2025-06-03 01:05:00,2025-06-03 16:50:00,1,3385.04,3344.08,0.12,-492.36000000000035,889.8425582452829,NEWS,strong_close,-0.5533113643956357
2025-06-05 12:30:00,2025-06-05 15:20:00,1,3388.05,3394.8,0.2,133.6,885.0000000000059,NEWS,inside,0.15096045197740013
2025-06-05 13:15:00,2025-06-05 15:20:00,1,3391.52,3394.8,0.12,38.5200000000024,849.4536344053714,NEWS,lw,0.04534679521027289
2025-06-06 01:05:00,2025-06-06 15:20:00,1,3356.15,3358.17,0.08,15.599999999999854,843.2698033764162,NEWS,friday,0.01849941731286727
2025-06-06 17:30:00,2025-06-06 23:57:00,-1,3323.95,3312.55,0.12,135.95999999999563,843.5498033764162,EOD,lw,0.16117602002371206
2025-06-10 16:30:00,2025-06-11 15:20:00,1,3346.06,3337.91,0.13,-117.19240000000119,888.5740807899604,NEWS,lw,-0.13188815939332235
2025-06-11 11:00:00,2025-06-11 15:20:00,1,3345.91,3337.91,0.13,-104.91,869.1095035906776,NEWS,lw,-0.12070976046927362
2025-06-12 01:05:00,2025-06-12 15:20:00,1,3357.94,3379.64,0.13,281.1899999999976,849.0295390484862,NEWS,strong_close,0.3311898904190417
2025-06-12 13:30:00,2025-06-12 15:20:00,1,3379.7400000000002,3379.64,0.13,-2.2100000000047295,849.0295390484862,NEWS,lw,-0.0026029718618288513
2025-06-13 01:05:00,2025-06-13 23:00:00,1,3384.16,3432.31,0.09,432.7200000000008,876.8277697967549,TIME,friday,0.4935062675995122
2025-06-13 23:05:00,2025-06-13 23:55:00,1,3429.82,3432.66,0.42,116.33999999998701,886.1975340509073,TIME,fri_close,0.1312799861540846
2025-06-13 10:15:00,2025-06-13 23:57:00,1,3413.27,3434.15,0.13,270.5300000000014,844.6560005450233,EOD,lw,0.3202842338483821
2025-06-16 01:05:00,2025-06-16 23:45:00,1,3441.27,3383.78,0.13,-748.2799999999971,846.6305719346645,TIME,strong_close,-0.8838329547798833
2025-06-19 10:30:00,2025-06-20 15:15:00,-1,3352.96,3348.24,0.14,69.91740000000357,862.19401355591,TIME,lw,0.08109242108008406
2025-06-20 10:15:00,2025-06-20 15:20:00,-1,3353.06,3347.44,0.14,77.69999999999848,841.2187268733454,NEWS,lw,0.09236598938874677
2025-06-20 23:05:00,2025-06-20 23:55:00,1,3365.79,3368.6,0.66,180.8399999999964,894.153558266884,TIME,fri_close,0.20224714013386486
2025-06-23 01:05:00,2025-06-23 16:50:00,1,3383.86,3380.8,0.15,-46.94999999999918,873.5803660219506,NEWS,strong_close,-0.05374433976097336
2025-06-23 01:30:00,2025-06-23 16:50:00,1,3375.91,3380.8,0.25,120.50000000000819,885.2499999999923,NEWS,nr7,0.13611974018639847
2025-06-24 10:15:00,2025-06-24 16:50:00,-1,3321.71,3298.0499999999997,0.15,353.8500000000046,865.0103398775256,NEWS,lw,0.40907025464008356
2025-06-26 01:05:00,2025-06-26 15:20:00,1,3334.23,3334.97,0.15,10.049999999996725,846.8114665270502,NEWS,strong_close,0.011868049025379714
2025-06-26 02:45:00,2025-06-26 15:20:00,1,3338.02,3334.97,0.34,-106.08000000000618,880.5999999999976,NEWS,inside,-0.1204633204633278
2025-06-26 10:15:00,2025-06-26 15:20:00,1,3343.44,3334.97,0.15,-128.10000000000383,846.8114665270502,NEWS,lw,-0.1512733413086251
2025-06-27 01:05:00,2025-06-27 23:00:00,1,3325.46,3270.6,0.1,-549.3000000000013,829.2927903465469,TIME,friday,-0.6623716091520083
2025-06-27 23:05:00,2025-06-27 23:55:00,1,3271.85,3274.46,0.45,114.30000000000574,895.5388899556605,TIME,fri_close,0.1276326480982472
2025-07-01 01:05:00,2025-07-01 16:20:00,1,3304.27,3348.37,0.15,660.4499999999987,852.9297529008487,NEWS,strong_close,0.7743310603877769
2025-07-01 01:07:00,2025-07-01 16:20:00,1,3304.09,3348.37,0.07,309.4699999999982,398.0338846870628,NEWS,season,0.7774966200259704
2025-07-01 01:10:00,2025-07-01 16:20:00,1,3302.78,3348.37,0.07,318.6399999999979,795.5777693741256,NEWS,tom,0.4005139563548505
2025-07-01 10:15:00,2025-07-01 16:20:00,1,3336.47,3348.37,0.15,177.45000000000135,852.9297529008487,NEWS,lw,0.2080476139992616
2025-07-01 15:15:00,2025-07-01 16:20:00,1,3350.73,3348.37,0.15,-36.45000000000191,852.9297529008487,NEWS,tday900,-0.042735055115657505
2025-07-02 01:07:00,2025-07-02 15:05:00,1,3340.03,3342.02,0.07,13.439999999998474,397.47289292370095,NEWS,season,0.03381362663787596
2025-07-03 01:05:00,2025-07-03 15:20:00,1,3359.67,3350.3,0.16,-151.03999999999826,880.8273645727533,NEWS,strong_close,-0.1714751449317886
2025-07-03 01:07:00,2025-07-03 15:20:00,1,3359.36,3350.3,0.08,-73.03999999999957,440.4136822863766,NEWS,season,-0.1658440755537329
2025-07-04 01:05:00,2025-07-04 19:45:00,1,3324.95,3334.97,0.1,99.49999999999982,824.4916789807453,EOD,friday,0.12068041744581813
2025-07-04 01:07:00,2025-07-04 19:45:00,1,3325.82,3334.97,0.08,72.63999999999709,439.9155621230641,EOD,season,0.16512259682160646
2025-07-07 01:07:00,2025-07-07 23:47:00,1,3339.75,3336.81,0.08,-24.080000000000435,420.7958791142739,TIME,season,-0.05722489500297869
2025-07-08 01:07:00,2025-07-08 18:08:00,1,3343.8,3291.670478317093,0.08,-417.59617346325695,417.1961734632543,SL,season,-1.0009587815647545
2025-07-08 01:05:00,2025-07-08 18:11:00,1,3340.9,3288.770478317093,0.17,-887.3918686094212,886.5418686094155,SL,strong_close,-1.0009587815647545
2025-07-09 01:07:00,2025-07-09 17:20:00,1,3302.8,3306.68,0.08,30.479999999997236,421.00787535873616,NEWS,season,0.07239769558710883
2025-07-10 01:05:00,2025-07-10 15:20:00,1,3315.94,3319.56,0.17,60.349999999998154,872.2916111989349,NEWS,strong_close,0.06918557879634903
2025-07-10 01:07:00,2025-07-10 15:20:00,1,3316.36,3319.56,0.08,25.039999999998546,410.49016997596937,NEWS,season,0.06100024271339901
2025-07-10 12:00:00,2025-07-10 15:20:00,1,3328.86,3319.56,0.17,-159.2900000000031,872.2916111989349,NEWS,lw,-0.18261095023149937
2025-07-11 01:05:00,2025-07-11 23:00:00,1,3325.9,3356.38,0.12,364.92000000000024,883.2341051283648,TIME,friday,0.4131633933530732
2025-07-11 15:15:00,2025-07-11 23:45:00,1,3345.09,3357.91,0.18,229.49999999999477,883.6541051283648,TIME,tday900,0.25971700767084227
2025-07-11 18:15:00,2025-07-11 23:45:00,1,3365.41,3357.91,0.18,-136.26,883.6541051283648,TIME,tday,-0.154200607691633
2025-07-11 01:07:00,2025-07-11 23:47:00,1,3325.66,3357.29,0.09,284.040000000001,441.8270525641824,TIME,season,0.6428759813405488
2025-07-11 23:05:00,2025-07-11 23:55:00,1,3356.17,3357.54,0.62,80.59999999999323,897.2832587064565,TIME,fri_close,0.08982670658113914
2025-07-11 03:45:00,2025-07-11 23:57:00,1,3336.07,3355.65,0.34,663.3399999999975,876.5200000000013,EOD,nr7,0.756788207913107
2025-07-11 10:15:00,2025-07-11 23:57:00,1,3333.87,3355.65,0.18,390.7800000000036,883.6541051283648,EOD,lw,0.4422318616889542
2025-07-14 01:07:00,2025-07-14 23:47:00,1,3360.68,3342.02,0.09,-168.56999999999869,440.4694059524549,TIME,season,-0.382705354156185
2025-07-15 01:07:00,2025-07-15 15:20:00,1,3342.69,3350.81,0.09,72.44999999999902,430.86444838442236,NEWS,season,0.16815033190057554
2025-07-15 10:15:00,2025-07-15 15:20:00,1,3360.7,3350.81,0.18,-179.27999999999767,861.7288967688447,NEWS,lw,-0.2080468702769855
2025-07-16 01:07:00,2025-07-16 15:20:00,1,3327.63,3335.04,0.09,66.0599999999987,429.74984492839224,NEWS,season,0.15371733295449136
2025-07-16 18:15:00,2025-07-16 23:45:00,1,3348.86,3347.29,0.18,-29.520000000002945,859.4996898567845,TIME,tday,-0.034345562131525335
2025-07-17 01:07:00,2025-07-17 15:20:00,1,3350.22,3324.59,0.09,-231.29999999999686,436.2555702906498,NEWS,season,-0.5301938032467898
2025-07-18 01:05:00,2025-07-18 23:00:00,1,3341.79,3348.23,0.12,76.44000000000065,864.3603448254925,TIME,friday,0.0884353388695004
2025-07-18 01:07:00,2025-07-18 23:47:00,1,3340.41,3351.63,0.09,100.3500000000023,432.39017241274627,TIME,season,0.23208205551954889
2025-07-18 23:05:00,2025-07-18 23:55:00,1,3348.28,3350.7,0.89,209.14999999996604,899.7011213371901,TIME,fri_close,0.23246608794831186
2025-07-18 15:15:00,2025-07-18 23:57:00,1,3359.6000000000004,3350.33,0.18,-168.12000000000785,864.7803448254925,EOD,lw,-0.19440774874911554
2025-07-21 15:15:00,2025-07-21 23:45:00,1,3376.1400000000003,3397.96,0.19,413.2499999999945,887.603433221812,TIME,tday900,0.4655795420934603
2025-07-21 18:15:00,2025-07-21 23:45:00,1,3396.8500000000004,3397.96,0.19,19.75999999999378,887.603433221812,TIME,tday,0.022262194196646105
2025-07-21 01:07:00,2025-07-21 23:47:00,1,3350.1800000000003,3397.89,0.09,428.75999999999624,420.4437315261215,TIME,season,1.01977974185437
2025-07-21 10:15:00,2025-07-22 11:17:00,1,3368.3700000000003,3387.27,0.19,342.6687999999931,887.603433221812,TIME,lw,0.38606069689949046
2025-07-22 01:05:00,2025-07-22 15:20:00,1,3399.23,3395.15,0.19,-78.84999999999862,903.2839022773967,NEWS,strong_close,-0.08729259959266265
2025-07-22 01:07:00,2025-07-22 15:20:00,1,3399.1000000000004,3395.15,0.09,-36.18000000000245,427.8713221313984,NEWS,season,-0.08455813261747804
2025-07-22 18:15:00,2025-07-22 23:45:00,1,3428.2700000000004,3428.68,0.19,6.459999999988595,903.2839022773967,TIME,tday,0.007151682858181549
2025-07-22 17:30:00,2025-07-23 16:50:00,1,3421.9300000000003,3412.3,0.19,-199.4012000000021,903.2839022773967,NEWS,lw,-0.22075141547110885
2025-07-23 01:05:00,2025-07-23 16:50:00,1,3431.1000000000004,3412.3,0.19,-358.53000000000344,906.9057664004396,NEWS,strong_close,-0.39533324550689464
2025-07-23 01:07:00,2025-07-23 16:50:00,1,3430.4300000000003,3412.3,0.09,-163.80000000000098,429.5869419791556,NEWS,season,-0.3812965060002892
2025-07-24 01:07:00,2025-07-24 15:20:00,1,3391.1200000000003,3362.83,0.09,-255.24000000000376,435.9114461235016,NEWS,season,-0.5855317685961603
2025-07-25 01:05:00,2025-07-25 15:20:00,1,3369.6000000000004,3343.29,0.12,-316.5600000000048,863.1941142293603,NEWS,friday,-0.36673095284323415
2025-07-25 01:07:00,2025-07-25 15:20:00,1,3368.78,3343.29,0.09,-230.0400000000021,431.80705711468016,NEWS,season,-0.5327379351720684
2025-07-25 23:05:00,2025-07-25 23:55:00,1,3337.51,3336.57,0.77,-77.7700000000042,894.4859286323413,TIME,fri_close,-0.08694379364794888
2025-07-28 01:07:00,2025-07-28 23:47:00,1,3333.4100000000003,3316.71,0.09,-150.93000000000245,432.1872673207744,TIME,season,-0.34922361534538326
2025-07-29 01:07:00,2025-07-29 16:50:00,1,3312.88,3316.03,0.09,27.72000000000082,429.3710339407193,NEWS,season,0.06455954828994812
2025-07-30 01:07:00,2025-07-30 15:05:00,1,3326.8300000000004,3330.32,0.09,30.779999999998036,415.53810294495383,NEWS,season,0.07407262963819097
2025-07-30 16:00:00,2025-07-30 17:20:00,-1,3313.29,3305.92,0.19,138.6999999999979,877.2471062171248,NEWS,lw,0.15810824454936268
2025-07-31 01:07:00,2025-07-31 15:20:00,1,3277.6800000000003,3306.96,0.09,262.8899999999977,428.2918098774572,NEWS,season,0.6138104767289755
2025-07-31 10:45:00,2025-07-31 15:20:00,1,3304.3500000000004,3306.96,0.18,45.71999999999411,856.5836197549144,NEWS,lw,0.05337482406338276
2025-08-01 01:05:00,2025-08-01 15:20:00,1,3291.8,3302.6,0.12,128.75999999999672,847.7062183438491,NEWS,friday,0.15189224428665063
2025-08-01 01:07:00,2025-08-01 15:20:00,1,3290.82,3302.6,0.09,105.3899999999977,424.0631091719245,NEWS,season,0.24852432980033232
2025-08-01 01:10:00,2025-08-01 15:20:00,1,3291.3,3302.6,0.09,101.06999999999755,847.496218343849,NEWS,tom,0.11925716930926893
2025-08-01 23:05:00,2025-08-01 23:55:00,1,3359.91,3363.22,0.45,145.79999999999754,887.8739253838843,TIME,fri_close,0.16421250341027746
2025-08-04 01:05:00,2025-08-04 23:45:00,1,3364.4900000000002,3373.55,0.18,161.81999999999903,892.9100598907172,TIME,strong_close,0.18122765916625924
2025-08-04 01:07:00,2025-08-04 23:47:00,1,3363.56,3373.91,0.09,92.51999999999919,446.4550299453586,TIME,season,0.20723251793427586
2025-08-05 01:07:00,2025-08-05 16:35:00,1,3376.39,3376.0,0.09,-4.139999999998854,440.5368135206901,NEWS,season,-0.009397625517179204
2025-08-06 01:07:00,2025-08-06 17:20:00,1,3380.57,3372.86,0.09,-70.02000000000032,435.17632684064085,NEWS,season,-0.16090029645762707
2025-08-07 01:07:00,2025-08-07 15:20:00,1,3374.76,3378.88,0.09,36.44999999999901,421.5651606377381,NEWS,season,0.08646350173922802
2025-08-07 09:45:00,2025-08-07 15:20:00,1,3385.65,3378.88,0.33,-225.7199999999994,900.2400000000013,NEWS,inside,-0.250733137829911
2025-08-07 10:15:00,2025-08-07 15:20:00,1,3388.15,3378.88,0.19,-177.45999999999967,889.9708946796693,NEWS,lw,-0.19939977931960745
2025-08-08 01:05:00,2025-08-08 23:00:00,1,3403.6,3398.51,0.13,-67.07999999999599,898.8257398544973,TIME,friday,-0.07463070651587587
2025-08-08 01:07:00,2025-08-08 23:47:00,1,3402.8100000000004,3397.65,0.09,-47.07000000000278,415.0526491636141,TIME,season,-0.113407299278429
2025-08-08 23:05:00,2025-08-08 23:55:00,1,3397.9,3397.14,0.31,-25.73000000000677,885.819091341646,TIME,fri_close,-0.029046562951173884
2025-08-11 01:07:00,2025-08-11 14:25:00,1,3397.16,3352.072107625976,0.1,-451.57892374023794,451.0789237402365,SL,season,-1.0011084534738524
2025-08-12 01:07:00,2025-08-12 15:20:00,1,3343.66,3343.74,0.09,0.08999999999934516,418.0838148400546,NEWS,season,0.00021526784057348947
2025-08-13 01:07:00,2025-08-13 17:20:00,1,3349.8,3365.88,0.09,144.08999999999935,406.3363994943362,NEWS,season,0.35460766049832504
2025-08-13 11:45:00,2025-08-13 17:20:00,1,3360.22,3365.88,0.19,106.21000000000588,857.8212878213765,NEWS,lw,0.1238136678442071
2025-08-14 01:07:00,2025-08-14 15:20:00,1,3357.3100000000004,3353.62,0.1,-37.600000000005096,439.3502534465374,NEWS,season,-0.08558092252148997
2025-08-15 01:05:00,2025-08-15 15:20:00,1,3336.7700000000004,3337.63,0.13,10.269999999995743,857.8170660621236,NEWS,friday,0.01197224956964424
2025-08-15 01:07:00,2025-08-15 15:20:00,1,3336.46,3337.63,0.1,11.000000000000728,440.1395210574992,NEWS,season,0.024992075180096593
2025-08-15 23:05:00,2025-08-15 23:55:00,1,3339.4,3336.05,0.87,-297.53999999999206,900.4184193308424,TIME,fri_close,-0.3304463720556858
2025-08-18 01:07:00,2025-08-18 23:47:00,1,3333.76,3332.86,0.1,-9.700000000000909,420.5438409819638,TIME,season,-0.023065371680040657
2025-08-19 01:15:00,2025-08-19 09:10:00,1,3333.2200000000003,3337.74,0.39,173.54999999998157,882.1576465475038,TIME,drift,0.1967335438050142
2025-08-18 10:15:00,2025-08-19 11:17:00,1,3353.9300000000003,3337.44,0.21,-364.450800000005,883.142066062124,TIME,lw,-0.4126751674564305
2025-08-19 01:07:00,2025-08-19 23:47:00,1,3333.86,3315.33,0.1,-186.00000000000202,415.44785234039495,TIME,season,-0.44770961975657037
2025-08-20 01:15:00,2025-08-20 09:10:00,1,3316.8700000000003,3324.38,0.38,282.719999999991,898.7116026576307,TIME,drift,0.31458367641403956
2025-08-20 01:07:00,2025-08-20 17:20:00,1,3317.61,3342.87,0.11,277.0899999999974,448.2281634619748,NEWS,season,0.6181896243641642
2025-08-20 14:15:00,2025-08-20 17:20:00,1,3329.2000000000003,3342.87,0.22,299.1999999999916,896.4563269239496,NEWS,lw,0.3337585903673075
2025-08-21 01:15:00,2025-08-21 09:10:00,1,3351.0600000000004,3338.5,0.4,-505.2000000000161,886.5488213397999,TIME,drift,-0.5698501738872439
2025-08-21 01:05:00,2025-08-21 15:20:00,1,3351.34,3339.72,0.22,-257.1800000000076,893.3951607150962,NEWS,strong_close,-0.28786813641810444
2025-08-21 01:07:00,2025-08-21 15:20:00,1,3352.2000000000003,3339.72,0.11,-138.0500000000052,446.6975803575481,NEWS,season,-0.3090457751965132
2025-08-22 01:15:00,2025-08-22 09:10:00,1,3339.38,3329.95,0.37,-351.50000000001074,886.6233090021412,TIME,drift,-0.39644795758371143
2025-08-22 01:05:00,2025-08-22 16:50:00,1,3340.26,3333.28,0.15,-105.75000000000026,891.2710536011876,NEWS,friday,-0.11865077360328999
2025-08-22 01:07:00,2025-08-22 16:50:00,1,3338.8900000000003,3333.28,0.11,-62.480000000001404,435.9891817605806,NEWS,season,-0.1433063080778727
2025-08-22 18:15:00,2025-08-22 23:45:00,1,3376.7200000000003,3371.72,0.22,-111.54000000001001,871.9783635211612,TIME,tday,-0.1279160179497999
2025-08-22 23:05:00,2025-08-22 23:55:00,1,3372.7200000000003,3371.92,0.65,-56.55000000001182,893.1737312152907,TIME,fri_close,-0.06331355034710599
2025-08-25 01:05:00,2025-08-25 16:50:00,1,3368.88,3369.56,0.21,12.809999999996561,859.0199131210297,NEWS,strong_close,0.0149123434792736
2025-08-25 01:07:00,2025-08-25 16:50:00,1,3368.4300000000003,3369.56,0.1,10.599999999996545,409.05710148620466,NEWS,season,0.0259132526033264
2025-08-26 01:15:00,2025-08-26 09:10:00,1,3365.4100000000003,3375.82,0.43,444.6199999999937,887.0946377570057,TIME,drift,0.5012092070855068
2025-08-26 01:07:00,2025-08-26 15:20:00,1,3366.5000000000005,3378.88,0.11,135.4099999999962,430.80261080376613,NEWS,season,0.3143202863774576
2025-08-26 10:45:00,2025-08-26 15:20:00,1,3377.82,3378.88,0.22,21.7799999999988,861.6052216075323,NEWS,lw,0.025278398335798105
2025-08-26 18:15:00,2025-08-26 23:45:00,1,3381.66,3391.08,0.22,205.7000000000016,861.6052216075323,TIME,tday,0.2387404287269971
2025-08-27 01:15:00,2025-08-27 09:10:00,1,3389.69,3378.48,0.31,-349.68000000000114,890.2371390571897,TIME,drift,-0.3927942170221427
2025-08-27 01:05:00,2025-08-27 17:20:00,1,3390.8,3380.65,0.22,-224.840000000002,866.5019914927085,NEWS,strong_close,-0.25948007299172376
2025-08-27 01:07:00,2025-08-27 17:20:00,1,3390.81,3380.65,0.11,-112.5299999999984,433.25099574635425,NEWS,season,-0.2597339673879914
2025-08-28 01:15:00,2025-08-28 09:10:00,1,3397.18,3391.44,0.37,-214.96999999999193,892.6095658037234,TIME,drift,-0.24083317974127766
2025-08-28 01:05:00,2025-08-28 15:20:00,1,3398.29,3408.08,0.23,223.55999999999915,882.3685566763633,NEWS,strong_close,0.2533635160823131
2025-08-28 01:07:00,2025-08-28 15:20:00,1,3397.93,3408.08,0.11,110.880000000001,422.00235319304323,NEWS,season,0.26274735001129107
2025-08-28 18:15:00,2025-08-28 23:45:00,1,3411.84,3416.67,0.23,109.47999999999834,882.3685566763633,TIME,tday,0.12407513750532886
2025-08-29 01:15:00,2025-08-29 09:10:00,1,3417.37,3411.51,0.34,-201.6199999999889,888.4616263779735,TIME,drift,-0.22693157927590085
2025-08-28 17:15:00,2025-08-29 16:35:00,1,3411.79,3420.94,0.23,190.5596000000021,882.3685566763633,NEWS,lw,0.215963724634281
2025-08-29 01:05:00,2025-08-29 16:35:00,1,3417.1800000000003,3420.94,0.15,55.349999999996456,863.1054435647085,NEWS,friday,0.06412889689514138
2025-08-29 01:07:00,2025-08-29 16:35:00,1,3417.2,3420.94,0.11,40.3700000000026,422.21932796496856,NEWS,season,0.09561381331020471
2025-08-29 18:15:00,2025-08-29 23:45:00,1,3442.49,3449.35,0.23,156.17000000000291,882.8222311994798,TIME,tday,0.17689858102895376
2025-08-29 23:05:00,2025-08-29 23:55:00,1,3447.58,3448.08,0.6,25.8,893.2987099766912,TIME,fri_close,0.028881716397724563
2025-08-29 17:15:00,2025-08-29 23:57:00,1,3435.45,3448.85,0.23,306.5900000000021,882.8222311994798,EOD,lw,0.34728395951633656
2025-08-29 20:00:00,2025-08-29 23:57:00,1,3449.39,3448.85,0.32,-19.519999999998838,871.3691165104519,EOD,trendH4,-0.022401528388072838
2025-09-01 01:05:00,2025-09-02 03:30:00,1,3446.13,3483.14,0.22,795.1943999999949,862.033037649227,TIME,strong_close,0.9224639489090791
2025-09-01 18:15:00,2025-09-02 03:30:00,1,3478.61,3483.14,0.22,80.63439999999439,862.033037649227,TIME,tday,0.09353980239537596
2025-09-01 10:15:00,2025-09-02 14:00:00,1,3475.94,3485.62,0.22,193.9343999999964,862.033037649227,TIME,lw,0.22497328005995862
2025-09-01 01:10:00,2025-09-02 16:35:00,1,3443.62,3482.69,0.11,420.2572000000018,861.263037649227,NEWS,tom,0.48795452913789505
2025-09-01 08:00:00,2025-09-02 16:35:00,1,3475.32,3482.69,0.29,188.65079999999682,881.29134599301,NEWS,trendH4,0.21406178655644384
2025-09-02 08:00:00,2025-09-02 16:35:00,1,3496.93,3482.69,0.29,-414.9899999999936,882.4836960797986,NEWS,trendH4,-0.47025231383137994
2025-09-02 18:15:00,2025-09-02 23:45:00,1,3511.91,3534.92,0.22,504.6800000000048,883.5406778171389,TIME,tday,0.5712017710909009
2025-09-03 01:15:00,2025-09-03 09:10:00,1,3533.55,3531.22,0.21,-50.40000000000802,878.8151756212666,TIME,drift,-0.05734994273895921
2025-09-02 17:30:00,2025-09-03 16:50:00,1,3502.53,3552.85,0.22,1088.0143999999937,883.5406778171389,NEWS,lw,1.2314253631061154
2025-09-02 20:00:00,2025-09-03 16:50:00,1,3527.96,3552.85,0.25,600.6299999999968,888.1195604969123,NEWS,trendH4,0.6762940787656315
2025-09-03 01:05:00,2025-09-03 16:50:00,1,3533.16,3552.85,0.21,412.0200000000011,888.0183280651912,NEWS,strong_close,0.46397691013619924
2025-09-03 15:15:00,2025-09-03 16:50:00,1,3546.01,3552.85,0.21,142.1699999999935,888.0183280651912,NEWS,tday900,0.16009804697359414
2025-09-03 16:00:00,2025-09-03 16:50:00,1,3550.8,3552.85,0.25,49.49999999999318,887.2456554302632,NEWS,trendH4,0.05579063667095503
2025-09-03 16:30:00,2025-09-03 16:50:00,1,3560.6,3552.85,0.02,-15.64,84.57317410144678,NEWS,lw,-0.184928615558872
2025-09-03 18:15:00,2025-09-03 23:45:00,1,3563.62,3562.22,0.21,-30.870000000001905,888.0183280651912,TIME,tday,-0.03476279601938089
2025-09-03 20:00:00,2025-09-04 05:45:00,1,3572.69,3536.67716509365,0.25,-961.6808726587559,900.8208726587495,SL,trendH4,-1.0675606014993633
2025-09-04 01:15:00,2025-09-04 06:12:00,1,3560.38,3521.098513835727,0.23,-905.0841817782848,903.9341817782812,SL,drift,-1.001272216521054
2025-09-04 10:15:00,2025-09-04 15:05:00,-1,3537.0699999999997,3547.0,0.21,-210.0000000000061,902.8884474891056,NEWS,lw,-0.2325868722587017
2025-09-05 01:15:00,2025-09-05 09:10:00,1,3540.8,3554.46,0.22,298.9799999999968,896.1116381759444,TIME,drift,0.3336414652627181
2025-09-05 01:05:00,2025-09-05 15:20:00,1,3545.63,3551.89,0.13,80.46999999999693,851.5709572737697,NEWS,friday,0.09449594224962136
2025-09-05 18:15:00,2025-09-05 23:45:00,1,3584.5,3589.79,0.2,104.39999999999927,873.8727766910457,TIME,tday,0.11946819123409937
2025-09-05 23:05:00,2025-09-05 23:55:00,1,3589.83,3587.34,0.46,-117.75999999998996,897.2154948767305,TIME,fri_close,-0.13125051971619053
2025-09-05 16:00:00,2025-09-05 23:57:00,1,3580.58,3586.66,0.23,138.22999999999834,911.9775652501223,EOD,trendH4,0.15157171104542125
2025-09-05 20:00:00,2025-09-05 23:57:00,1,3595.39,3586.66,0.22,-193.6000000000004,887.7470484229376,EOD,trendH4,-0.21808013931888184
2025-09-08 15:15:00,2025-09-08 23:45:00,1,3618.03,3637.1,0.2,379.9999999999942,897.3532926416852,TIME,tday900,0.4234675496440496
2025-09-08 18:15:00,2025-09-08 23:45:00,1,3645.7400000000002,3637.1,0.2,-174.20000000000655,897.3532926416852,TIME,tday,-0.1941264398631509
2025-09-08 10:30:00,2025-09-09 11:32:00,1,3609.18,3645.4,0.2,707.1040000000052,897.3532926416852,TIME,lw,0.7879884163776653
2025-09-09 01:05:00,2025-09-09 23:45:00,1,3636.38,3628.56,0.14,-110.46000000000231,651.6496402170953,TIME,strong_close,-0.16950826515181203
2025-09-09 15:15:00,2025-09-09 23:45:00,1,3654.68,3628.56,0.19,-497.6099999999979,884.3816545803436,TIME,tday900,-0.5626643174050502
2025-09-08 12:00:00,2025-09-10 15:20:00,1,3611.43,3649.9,0.22,809.8288000000058,897.4248249845334,NEWS,trendH4,0.9023917964537729
2025-09-08 16:00:00,2025-09-10 15:20:00,1,3624.46,3649.9,0.22,523.1688000000013,890.6465837353072,NEWS,trendH4,0.5874033646498359
2025-09-08 20:00:00,2025-09-10 15:20:00,1,3640.87,3649.9,0.22,162.1488000000044,903.6112545485418,NEWS,trendH4,0.17944530812757137
2025-09-09 08:00:00,2025-09-10 15:20:00,1,3655.17,3649.9,0.01,-6.1347999999999825,39.35683940311614,NEWS,trendH4,-0.1558763379641265
2025-09-10 10:15:00,2025-09-10 15:20:00,1,3647.3,3649.9,0.19,48.069999999998274,885.9743935388905,NEWS,lw,0.05425664708885089
2025-09-11 01:15:00,2025-09-11 09:10:00,1,3640.2,3632.18,0.25,-202.24999999999955,898.7076681990505,TIME,drift,-0.22504537032080174
2025-09-11 12:15:00,2025-09-11 15:20:00,-1,3618.6899999999996,3619.41,0.19,-15.010000000004839,875.0897940003983,NEWS,lw,-0.017152525492713042
2025-09-12 01:15:00,2025-09-12 09:10:00,1,3637.07,3652.4,0.25,381.4999999999982,919.7872860313036,TIME,drift,0.41476981231833904
2025-09-12 01:05:00,2025-09-12 23:00:00,1,3636.19,3644.15,0.13,102.57000000000049,883.6550104477478,TIME,friday,0.11607471104365526
2025-09-12 23:05:00,2025-09-12 23:55:00,1,3644.57,3643.39,0.84,-105.00000000002444,913.4031741648579,TIME,fri_close,-0.11495471328532218
2025-09-12 05:30:00,2025-09-12 23:57:00,1,3650.08,3642.77,0.25,-184.49999999999864,918.0000000000023,EOD,nr7,-0.20098039215686075
2025-09-12 10:15:00,2025-09-12 23:57:00,1,3652.63,3642.77,0.2,-198.60000000000255,906.779497895126,EOD,lw,-0.2190168618291497
2025-09-15 18:15:00,2025-09-15 23:45:00,1,3665.03,3681.25,0.2,322.999999999996,879.40953375976,TIME,tday,0.36729190166846
2025-09-16 01:15:00,2025-09-16 09:10:00,1,3678.02,3682.29,0.28,117.59999999999951,918.7031384832551,TIME,drift,0.12800652906678078
2025-09-15 16:30:00,2025-09-16 15:20:00,1,3653.98,3695.44,0.2,811.9040000000008,879.40953375976,NEWS,lw,0.9232376598521155
2025-09-15 20:00:00,2025-09-16 15:20:00,1,3679.4,3695.44,0.25,379.3799999999991,916.8247482561665,NEWS,trendH4,0.4137977303967781
2025-09-16 01:05:00,2025-09-16 15:20:00,1,3680.03,3695.44,0.2,306.7999999999971,900.9231384912057,NEWS,strong_close,0.3405395942142204
2025-09-16 04:00:00,2025-09-16 15:20:00,1,3686.59,3695.44,0.26,228.27999999999767,905.5955587132371,NEWS,trendH4,0.2520772079805264
2025-09-16 12:00:00,2025-09-16 15:20:00,1,3694.4900000000002,3695.44,0.26,22.87999999999527,897.7498417386965,NEWS,trendH4,0.025485941557709387
2025-09-17 01:15:00,2025-09-17 09:10:00,1,3691.63,3676.68,0.29,-435.58000000000783,902.3484474134381,TIME,drift,-0.48271817971049685
2025-09-17 10:15:00,2025-09-17 17:20:00,-1,3671.1299999999997,3683.0299999999997,0.21,-251.3700000000019,920.9400600289262,NEWS,lw,-0.27294936001818243
2025-09-18 01:15:00,2025-09-18 09:10:00,1,3663.56,3641.28,0.19,-424.6499999999951,901.8868280727789,TIME,drift,-0.4708462157135833
2025-09-18 16:45:00,2025-09-19 17:47:00,-1,3629.89,3665.6499999999996,0.2,-709.7179999999953,902.0082163521116,TIME,lw,-0.7868198838257
2025-09-19 18:15:00,2025-09-19 23:45:00,1,3672.39,3684.69,0.2,244.60000000000363,901.9647723269609,TIME,tday,0.27118575747583246
2025-09-19 23:05:00,2025-09-19 23:55:00,1,3683.13,3685.13,0.6900000000000001,133.17,919.0774315298737,TIME,fri_close,0.1448952998207436
2025-09-22 01:05:00,2025-09-22 23:45:00,1,3688.2,3747.82,0.2,1191.000000000007,913.6244314464632,TIME,strong_close,1.3035991146979278
2025-09-22 15:15:00,2025-09-22 23:45:00,1,3721.12,3747.82,0.2,532.6000000000055,913.6244314464632,TIME,tday900,0.582952887059714
2025-09-22 18:15:00,2025-09-22 23:45:00,1,3725.39,3747.82,0.2,447.20000000000584,913.6244314464632,TIME,tday,0.48947902946508604
2025-09-23 01:15:00,2025-09-23 09:10:00,1,3745.1,3755.34,0.12,122.04000000000283,401.9142466143295,TIME,drift,0.30364686255351997
2025-09-22 10:15:00,2025-09-23 11:17:00,1,3711.64,3755.91,0.2,868.1039999999998,913.6244314464632,TIME,lw,0.9501759914909513
2025-09-22 12:00:00,2025-09-23 16:50:00,1,3720.54,3779.08,0.24,1384.204799999999,917.8618158283349,NEWS,trendH4,1.5080753727082628
2025-09-22 20:00:00,2025-09-23 16:50:00,1,3737.35,3779.08,0.23,939.8996000000004,888.413035085694,NEWS,trendH4,1.0579534100479966
2025-09-23 01:05:00,2025-09-23 16:50:00,1,3747.08,3779.08,0.19,606.67,894.3108377402729,NEWS,strong_close,0.6783659264746493
2025-09-23 12:00:00,2025-09-23 16:50:00,1,3774.5,3779.08,0.24,108.23999999999823,933.8616460134954,NEWS,trendH4,0.11590582016303734
2025-09-23 15:15:00,2025-09-23 16:50:00,1,3779.59,3779.08,0.19,-11.020000000004147,894.3108377402729,NEWS,tday900,-0.012322337530706067
2025-09-23 16:00:00,2025-09-23 16:50:00,1,3784.54,3779.08,0.13,-71.89000000000047,502.44813867777833,NEWS,trendH4,-0.14307944336142475
2025-09-23 18:15:00,2025-09-23 19:25:00,1,3779.3,3777.6,0.2,-35.400000000005456,941.3798292002872,NEWS,tday,-0.03760437487818084
2025-09-24 01:15:00,2025-09-24 09:10:00,1,3764.33,3775.63,0.2,224.60000000000366,948.2628948501929,TIME,drift,0.23685414795807874
2025-09-24 19:00:00,2025-09-25 15:20:00,-1,3741.0099999999998,3753.6099999999997,0.2,-232.7539999999982,951.809841400267,NEWS,lw,-0.24453834145860398
2025-09-26 01:15:00,2025-09-26 09:10:00,1,3746.71,3748.08,0.19,24.699999999997928,942.2321764635273,TIME,drift,0.026214345696306242
2025-09-26 01:05:00,2025-09-26 23:00:00,1,3747.5,3766.79,0.13,249.85999999999953,934.7364623302502,TIME,friday,0.2673052887838689
2025-09-26 18:15:00,2025-09-26 23:45:00,1,3774.86,3762.64,0.19,-233.51000000000485,911.2121940653718,TIME,tday,-0.25626303238787923
2025-09-26 23:05:00,2025-09-26 23:55:00,1,3768.61,3761.35,0.45,-329.8500000000098,936.9670606511921,TIME,fri_close,-0.35204012376994775
2025-09-26 16:15:00,2025-09-26 23:57:00,1,3764.66,3760.72,0.19,-76.19000000000104,911.2121940653718,EOD,lw,-0.0836138942128062
2025-09-29 15:15:00,2025-09-29 23:45:00,1,3824.72,3830.7,0.19,112.29000000000035,913.032751632131,TIME,tday900,0.12298573057677452
2025-09-29 18:15:00,2025-09-29 23:45:00,1,3824.27,3830.7,0.19,120.83999999999689,913.032751632131,TIME,tday,0.13235012630596674
2025-09-29 10:15:00,2025-09-30 11:17:00,1,3817.48,3838.06,0.19,374.5887999999986,913.032751632131,TIME,lw,0.4102687437338763
2025-09-30 04:00:00,2025-09-30 12:46:00,1,3839.27,3796.053179711685,0.18,-779.1627651896686,778.2627651896613,SL,trendH4,-1.001156421764297
2025-09-29 08:00:00,2025-09-30 16:35:00,1,3805.28,3817.61,0.21,240.76919999999845,944.8009557149126,NEWS,trendH4,0.25483589802024814
2025-09-29 12:00:00,2025-09-30 16:35:00,1,3819.01,3817.61,0.21,-47.560800000001905,936.3374079291665,NEWS,trendH4,-0.05079451018109901
2025-09-30 01:05:00,2025-09-30 16:35:00,1,3832.39,3817.61,0.18,-267.2999999999954,903.1199394057087,NEWS,strong_close,-0.29597397680743287
2025-10-01 01:05:00,2025-10-01 15:05:00,1,3860.36,3883.2,0.18,409.85999999999444,939.6299437338723,NEWS,strong_close,0.4361929956928634
2025-10-01 01:10:00,2025-10-01 15:05:00,1,3860.38,3883.2,0.09,204.74999999999736,938.9999437338723,NEWS,tom,0.2180511312767733
2025-10-01 12:00:00,2025-10-01 15:05:00,1,3893.2,3883.2,0.19,-191.33,949.4666108843098,NEWS,trendH4,-0.20151314201749546
2025-10-02 14:30:00,2025-10-02 17:46:00,1,3883.7400000000002,3832.2927409978556,0.18,-927.3106620386031,926.4106620385962,SL,lw,-1.0009714914096806
2025-10-02 15:15:00,2025-10-02 17:46:00,1,3886.66,3835.2127409978552,0.18,-927.3106620386031,926.4106620385962,SL,tday900,-1.0009714914096806
2025-10-03 01:05:00,2025-10-03 16:35:00,1,3857.37,3884.47,0.11,297.329999999999,879.5062182828526,NEWS,friday,0.3380646933690883
2025-10-03 18:15:00,2025-10-03 23:45:00,1,3880.58,3884.78,0.17,70.21000000000465,906.5545885338482,TIME,tday,0.07744707366552941
2025-10-03 23:05:00,2025-10-03 23:55:00,1,3887.03,3886.7,0.44,-17.600000000016806,934.8279330787981,TIME,fri_close,-0.01882699412078145
2025-10-03 18:30:00,2025-10-03 23:57:00,1,3887.98,3886.67,0.17,-23.459999999999074,906.5545885338482,EOD,lw,-0.025878198948769804
2025-10-06 01:05:00,2025-10-06 23:45:00,1,3888.7,3958.69,0.17,1188.6400000000042,906.9349750671445,TIME,strong_close,1.3106121526650836
2025-10-06 01:30:00,2025-10-07 02:32:00,1,3894.01,3969.66,0.16,1196.5631999999944,893.2799999999962,TIME,inside,1.339516389038151
2025-10-06 10:15:00,2025-10-07 11:17:00,1,3935.01,3947.89,0.17,204.25839999999414,906.9349750671445,TIME,lw,0.22521835149744002
2025-10-07 18:15:00,2025-10-07 23:45:00,1,3986.79,3984.01,0.01,-2.849999999999745,55.68417931039026,TIME,tday,-0.05118150317190642
2025-10-06 04:00:00,2025-10-08 17:20:00,1,3900.71,4042.63,0.19,2664.9476000000013,933.9899481675848,NEWS,trendH4,2.8532936625585963
2025-10-06 08:00:00,2025-10-08 17:20:00,1,3938.89,4042.63,0.18,1837.447200000004,913.5719533508266,NEWS,trendH4,2.011278031533871
2025-10-06 12:00:00,2025-10-08 17:20:00,1,3942.68,4042.63,0.18,1769.2272000000048,916.466355683285,NEWS,trendH4,1.9304878886480579
2025-10-07 16:00:00,2025-10-08 17:20:00,1,3979.72,4042.63,0.18,1116.8136000000056,923.7371415336488,NEWS,trendH4,1.209016666955492
2025-10-08 18:15:00,2025-10-08 19:50:00,1,4039.68,4055.13,0.18,276.8400000000049,995.315568473666,NEWS,tday,0.278142941564296
2025-10-09 17:30:00,2025-10-09 19:50:00,-1,4006.74,3984.08,0.17,384.02999999999753,965.2102406058735,NEWS,lw,0.39787186650541284
2025-10-10 01:05:00,2025-10-10 23:00:00,1,3977.7,4011.21,0.1,334.40000000000225,911.7913736056531,TIME,friday,0.36675056342946843
2025-10-10 18:15:00,2025-10-10 23:45:00,1,4009.45,4012.94,0.16,54.720000000003786,972.9507985126967,TIME,tday,0.056241281762296334
2025-10-10 23:05:00,2025-10-10 23:55:00,1,4012.89,4018.84,0.22,129.360000000006,960.703333296286,TIME,fri_close,0.13465134919034438
2025-10-13 01:05:00,2025-10-13 23:45:00,1,4013.9300000000003,4110.18,0.16,1538.88,990.0828843332184,TIME,strong_close,1.5542941145138316
2025-10-13 15:15:00,2025-10-13 23:45:00,1,4074.96,4110.18,0.16,562.4000000000041,990.0828843332184,TIME,tday900,0.568033251457284
2025-10-13 01:30:00,2025-10-14 02:32:00,1,4040.52,4115.25,0.1,738.6520000000003,927.8527040623924,TIME,inside,0.7960875651555255
2025-10-14 08:00:00,2025-10-14 09:22:00,1,4168.370000000001,4102.370802953298,0.1,-660.6919704670265,660.1919704670222,SL,trendH4,-1.0007573554698803
2025-10-13 10:15:00,2025-10-14 11:17:00,1,4071.96,4140.3,0.16,1079.6032000000025,990.0828843332184,TIME,lw,1.0904169914290283
2025-10-13 12:00:00,2025-10-14 19:10:00,1,4078.05,4129.05,0.14,701.8928,942.7321914318699,NEWS,trendH4,0.7445304259038076
2025-10-13 16:00:00,2025-10-14 19:10:00,1,4079.86,4129.05,0.15,724.8780000000008,982.9891948502959,NEWS,trendH4,0.7374221444116646
2025-10-14 04:00:00,2025-10-14 19:10:00,1,4124.660000000001,4129.05,0.15,64.79999999999127,968.6004796847731,NEWS,trendH4,0.06690064826426698
2025-10-15 10:15:00,2025-10-16 11:17:00,1,4199.68,4232.68,0.15,458.18399999999997,1016.9288621762468,TIME,lw,0.45055658959219397
2025-10-15 08:00:00,2025-10-16 15:20:00,1,4179.870000000001,4241.5,0.14,828.4583999999888,993.6399052222799,NEWS,trendH4,0.8337612002556001
2025-10-15 12:00:00,2025-10-16 15:20:00,1,4208.42,4241.5,0.14,428.75839999999897,1002.2049099611654,NEWS,trendH4,0.4278151062107778
2025-10-16 01:05:00,2025-10-16 15:20:00,1,4212.83,4241.5,0.14,400.400000000001,958.9583472194142,NEWS,strong_close,0.41753638326523435
2025-10-16 08:00:00,2025-10-16 15:20:00,1,4233.66,4241.5,0.14,108.78000000000205,988.8429342031026,NEWS,trendH4,0.11000735934637246
2025-10-16 13:00:00,2025-10-16 15:20:00,1,4239.61,4241.5,0.14,25.480000000004583,958.9583472194142,NEWS,lw,0.026570497116883262
2025-10-16 18:15:00,2025-10-16 18:50:00,1,4269.679999999999,4270.08,0.15,4.950000000008185,1027.4553720208007,NEWS,tday,0.004817727499222197
2025-10-17 04:00:00,2025-10-17 04:44:00,1,4358.38,4282.741373456309,0.13,-984.2121450679871,983.5621450679854,SL,trendH4,-1.0006608631729688
2025-10-17 01:05:00,2025-10-17 17:05:00,1,4337.53,4228.122358312354,0.09,-985.2987751888138,984.8487751888119,SL,friday,-1.0004569229422209
2025-10-16 20:00:00,2025-10-17 19:30:00,1,4282.87,4210.926507984829,0.14,-1019.31608821239,1007.4888882123845,SL,trendH4,-1.011739285800949
2025-10-17 23:05:00,2025-10-17 23:55:00,1,4221.38,4247.15,0.14,359.79999999999336,983.4848879681281,TIME,fri_close,0.36584192029969803
2025-10-20 15:15:00,2025-10-20 23:45:00,1,4281.0,4357.21,0.12,913.6800000000004,979.0596239653686,TIME,tday900,0.9332220200230821
2025-10-20 18:15:00,2025-10-20 23:45:00,1,4346.4,4357.21,0.12,128.88000000000477,979.0596239653686,TIME,tday,0.13163651819080993
2025-10-21 01:05:00,2025-10-21 11:03:00,1,4367.09,4279.739433859822,0.11,-961.6262275419552,961.076227541951,SL,strong_close,-1.0005722751060142
2025-10-20 18:00:00,2025-10-21 11:14:00,1,4332.58,4251.011698002886,0.12,-989.1972239653662,979.0596239653686,SL,lw,-1.0103544255649504
2025-10-21 11:15:00,2025-10-22 12:17:00,-1,4244.53,4070.37,0.11,1918.7750999999985,961.076227541951,TIME,lw,1.9964858613842302
2025-10-23 18:15:00,2025-10-23 23:45:00,1,4144.620000000001,4115.1,0.09,-266.3100000000039,954.6095974449474,TIME,tday,-0.27897268235391076
2025-10-24 01:05:00,2025-10-24 15:20:00,1,4126.64,4062.67,0.06,-384.24000000000154,943.266769056023,NEWS,friday,-0.40735029856350274
2025-10-24 23:05:00,2025-10-24 23:55:00,1,4101.660000000001,4112.95,0.26,291.7199999999754,1022.1436478972062,TIME,fri_close,0.2854001984947157
2025-10-27 12:00:00,2025-10-28 13:02:00,-1,4043.35,3905.12,0.09,1246.5369,940.5384284091641,TIME,lw,1.3253439331643309
2025-10-28 11:15:00,2025-10-28 16:50:00,-1,3921.74,3931.0699999999997,0.09,-84.59999999999934,964.1285406656523,NEWS,lw,-0.08774763574739726
2025-10-29 11:15:00,2025-10-29 17:20:00,1,4007.37,4017.72,0.09,92.51999999999919,980.8843591895343,NEWS,lw,0.09432304545710646
2025-10-29 15:15:00,2025-10-29 17:20:00,1,4028.61,4017.72,0.09,-98.64000000000293,980.8843591895343,NEWS,tday900,-0.10056231305544033
2025-10-29 18:15:00,2025-10-29 20:50:00,1,4009.78,3994.84,0.09,-135.0900000000005,980.8843591895343,NEWS,tday,-0.1377226568396095
2025-10-30 18:15:00,2025-10-30 23:45:00,1,4000.53,4020.14,0.09,175.85999999999703,983.9847621045673,TIME,tday,0.17872227982866723
2025-10-30 11:45:00,2025-10-31 12:47:00,1,3974.18,4004.14,0.09,261.8568000000003,983.9847621045673,TIME,lw,0.2661187551725247
2025-10-31 01:05:00,2025-10-31 16:35:00,1,4021.22,4022.01,0.06,4.32000000000251,985.2587076685268,NEWS,friday,0.0043846351890917765
2025-10-31 19:15:00,2025-10-31 23:57:00,-1,3979.04,4002.48,0.09,-211.5900000000005,985.4687076685268,EOD,lw,-0.21471001397963324
2025-11-03 01:10:00,2025-11-03 16:35:00,1,3992.82,4008.83,0.04,63.75999999999905,855.3741714089431,NEWS,tom,0.07454047846099417
2025-11-04 16:30:00,2025-11-05 15:05:00,-1,3951.33,3967.7599999999998,0.09,-145.40309999999852,937.5287326325565,NEWS,lw,-0.15509188672192517
2025-11-05 18:15:00,2025-11-05 23:45:00,1,3976.91,3982.11,0.1,51.30000000000273,1022.3272638272409,TIME,tday,0.05017962624605472
2025-11-06 01:05:00,2025-11-06 23:45:00,1,3968.9900000000002,3978.87,0.1,98.09999999999654,992.6896021252951,TIME,strong_close,0.09882243129168444
2025-11-06 15:15:00,2025-11-06 23:45:00,1,4012.03,3978.87,0.1,-332.3000000000031,992.6896021252951,TIME,tday900,-0.3347471347423874
2025-11-06 09:00:00,2025-11-07 10:02:00,1,3991.77,4009.37,0.16,267.76319999999856,990.4000000000061,TIME,inside,0.2703586429725332
2025-11-06 10:15:00,2025-11-07 11:17:00,1,4009.38,4013.14,0.1,28.951999999997632,992.6896021252951,TIME,lw,0.029165209283962434
2025-11-07 01:05:00,2025-11-07 23:00:00,1,3979.21,4004.05,0.07,173.39000000000104,1008.899862072163,TIME,friday,0.17186046556085174
2025-11-07 23:05:00,2025-11-07 23:55:00,1,4004.93,4001.5,0.34,-118.99999999999443,1017.6886483017156,TIME,fri_close,-0.11693163739084406
2025-11-07 10:15:00,2025-11-07 23:57:00,1,4009.91,4000.91,0.1,-90.7,961.0903448306314,EOD,lw,-0.0943719812480102
2025-11-07 18:45:00,2025-11-07 23:57:00,1,4021.0,4000.91,0.18,-362.88000000000255,1012.680000000001,EOD,nr7,-0.35833629576964315
2025-11-10 15:15:00,2025-11-10 23:45:00,1,4103.160000000001,4113.86,0.11,116.929999999988,1023.3122807912875,TIME,tday900,0.1142661943913842
2025-11-10 18:15:00,2025-11-10 23:45:00,1,4091.56,4113.86,0.11,244.529999999997,1023.3122807912875,TIME,tday,0.23895931338858892
2025-11-10 03:30:00,2025-11-11 04:32:00,1,4048.22,4131.22,0.14,1149.8928000000067,1028.719999999998,TIME,nr7,1.1177898747958714
2025-11-10 10:15:00,2025-11-11 11:17:00,1,4079.52,4142.5,0.11,683.2672000000002,1023.3122807912875,TIME,lw,0.6677015538909161
2025-11-11 01:05:00,2025-11-11 23:45:00,1,4116.81,4128.51,0.1,116.29999999999819,948.6636136549829,TIME,strong_close,0.12259350767330585
2025-11-12 17:15:00,2025-11-12 19:50:00,1,4162.200000000001,4202.68,0.11,444.5099999999952,1009.7549768047328,NEWS,lw,0.4402157059988969
2025-11-12 18:15:00,2025-11-12 19:50:00,1,4184.02,4202.68,0.11,204.4899999999984,1009.7549768047328,NEWS,tday,0.2025144759841504
2025-11-13 01:05:00,2025-11-13 18:50:00,1,4202.9800000000005,4201.13,0.11,-21.120000000004,1026.3210498901094,NEWS,strong_close,-0.020578356063402744
2025-11-13 15:00:00,2025-11-13 18:50:00,1,4242.830000000001,4201.13,0.11,-459.47000000000793,1026.3210498901094,NEWS,lw,-0.4476864233167628
2025-11-13 15:15:00,2025-11-13 18:50:00,1,4230.76,4201.13,0.11,-326.7000000000012,1026.3210498901094,NEWS,tday900,-0.318321445355702
2025-11-14 01:05:00,2025-11-14 16:33:00,1,4177.1900000000005,4036.602334591837,0.07,-984.6036578571445,984.2536578571426,SL,friday,-1.0003555993896573
2025-11-14 23:05:00,2025-11-14 23:55:00,1,4084.07,4085.04,0.22,19.7999999999956,1023.5754797750413,TIME,fri_close,0.01934395693451663
2025-11-19 01:05:00,2025-11-19 17:20:00,1,4067.62,4129.33,0.1,616.4000000000003,988.2841251256916,NEWS,strong_close,0.6237072764085991
2025-11-19 12:00:00,2025-11-19 17:20:00,1,4113.56,4129.33,0.1,156.9999999999953,988.2841251256916,NEWS,lw,0.15886119791717568
2025-11-20 10:15:00,2025-11-20 14:20:00,-1,4047.1299999999997,4077.41,0.1,-303.500000000002,972.820973331,NEWS,lw,-0.3119792935392819
2025-11-21 01:05:00,2025-11-21 23:00:00,1,4073.79,4067.25,0.07,-46.26999999999975,1001.880448997725,TIME,friday,-0.04618315493259497
2025-11-21 23:05:00,2025-11-21 23:55:00,1,4060.12,4065.82,0.26,146.3800000000071,1021.7387189246822,TIME,fri_close,0.143265589615771
2025-11-25 01:05:00,2025-11-25 14:20:00,1,4135.72,4137.83,0.1,20.399999999996727,946.6422297406002,NEWS,strong_close,0.0215498520550755
2025-11-26 04:30:00,2025-11-26 14:20:00,1,4162.67,4169.51,0.19,128.63000000000275,1014.0300000000035,NEWS,nr7,0.12685029042533486
2025-11-26 10:15:00,2025-11-26 14:20:00,1,4165.8,4169.51,0.11,40.0400000000004,1006.4959918064703,NEWS,lw,0.039781579187549626
2025-11-28 01:05:00,2025-11-28 21:45:00,1,4159.660000000001,4219.15,0.08,475.35999999999103,1003.5994950758446,EOD,friday,0.4736550808687552
2025-11-28 02:30:00,2025-11-28 21:45:00,1,4170.900000000001,4219.15,0.37,1782.6599999999662,1040.0699999999986,EOD,inside,1.7139807897545056
2025-11-28 13:15:00,2025-11-28 21:45:00,1,4172.320000000001,4219.15,0.12,561.1199999999882,1003.8794950758445,EOD,lw,0.5589515502133
2025-11-28 18:15:00,2025-11-28 21:45:00,1,4199.830000000001,4219.15,0.12,230.99999999998556,1003.8794950758445,EOD,tday,0.2301072998632502
2025-12-01 01:05:00,2025-12-01 16:35:00,1,4226.110000000001,4242.66,0.12,197.75999999999127,993.8023882847127,NEWS,strong_close,0.1989932831026115
2025-12-01 01:10:00,2025-12-01 16:35:00,1,4209.52,4242.66,0.06,198.41999999999652,993.3823882847128,NEWS,tom,0.1997418137668125
2025-12-01 12:15:00,2025-12-01 16:35:00,1,4258.9400000000005,4242.66,0.12,-196.20000000000786,993.8023882847127,NEWS,lw,-0.1974235545344643
2025-12-01 15:15:00,2025-12-01 16:35:00,1,4254.4800000000005,4242.66,0.12,-142.68000000000742,993.8023882847127,NEWS,tday900,-0.14356978981130328
2025-12-02 11:30:00,2025-12-03 12:32:00,-1,4194.5599999999995,4202.56,0.13,-100.43670000001183,1054.503592976884,TIME,lw,-0.09524547917041902
2025-12-03 16:00:00,2025-12-03 16:35:00,1,4237.410000000001,4239.28,0.13,23.399999999986758,1046.447622049964,NEWS,lw,0.022361367646998673
2025-12-05 01:05:00,2025-12-05 23:00:00,1,4209.26,4202.14,0.09,-64.70999999999901,1021.5963656620846,TIME,friday,-0.06334204209708716
2025-12-05 23:05:00,2025-12-05 23:55:00,1,4200.76,4196.28,0.35000000000000003,-159.25000000001657,1031.7353664811303,TIME,fri_close,-0.1543515955483427
2025-12-05 15:00:00,2025-12-05 23:57:00,1,4228.990000000001,4199.11,0.13,-389.35000000001327,984.0627965634889,EOD,lw,-0.39565564449716856
2025-12-09 11:30:00,2025-12-09 16:50:00,1,4207.42,4205.57,0.14,-26.880000000005097,1019.0511682375263,NEWS,lw,-0.02637747822466531
2025-12-09 18:15:00,2025-12-09 19:50:00,1,4218.71,4206.66,0.14,-169.68000000000254,1019.0511682375263,NEWS,tday,-0.16650783129317068
2025-12-11 01:05:00,2025-12-11 15:20:00,1,4228.81,4209.39,0.14,-272.8600000000011,983.0759562864389,NEWS,strong_close,-0.2775573934599392
2025-12-11 17:45:00,2025-12-11 19:50:00,1,4254.9400000000005,4275.05,0.14,280.55999999999545,983.0759562864389,NEWS,lw,0.28538995202345147
2025-12-11 18:15:00,2025-12-11 19:50:00,1,4256.150000000001,4275.05,0.14,263.6199999999949,983.0759562864389,NEWS,tday,0.26815832318371124
2025-12-12 16:00:00,2025-12-12 17:58:00,1,4341.240000000001,4288.242259279586,0.19,-1008.2870736878868,1007.3370736878759,SL,trendH4,-1.0009430805485329
2025-12-12 12:00:00,2025-12-12 18:39:00,1,4318.540000000001,4266.071325557459,0.2,-1050.7734888508337,1049.773488850832,SL,trendH4,-1.0009525864490028
2025-12-12 15:15:00,2025-12-12 18:39:00,1,4337.280000000001,4266.263125348349,0.14,-995.2162451231276,994.5162451231222,SL,tday900,-1.0007038597945865
2025-12-12 01:05:00,2025-12-12 23:00:00,1,4283.17,4299.35,0.09,144.99000000000262,958.6828077972964,TIME,friday,0.1512387609548739
2025-12-12 23:05:00,2025-12-12 23:55:00,1,4300.09,4300.48,0.23,7.359999999986612,999.0478311378315,TIME,fri_close,0.007367014641935803
2025-12-12 11:15:00,2025-12-12 23:57:00,1,4317.14,4300.02,0.14,-240.65999999999852,994.5162451231222,EOD,lw,-0.24198699737700569
2025-12-15 10:15:00,2025-12-16 11:17:00,1,4343.1,4284.53,0.14,-832.0872000000087,1019.5793704714703,TIME,lw,-0.8161083129950324
2025-12-17 15:45:00,2025-12-17 17:20:00,1,4338.52,4337.47,0.14,-15.680000000002547,1002.8749673963197,NEWS,lw,-0.015635049741755166
2025-12-18 18:15:00,2025-12-18 23:45:00,1,4362.490000000001,4330.89,0.14,-443.3800000000051,978.6910411537256,TIME,tday,-0.45303367595694816
2025-12-19 01:05:00,2025-12-19 16:50:00,1,4336.030000000001,4327.17,0.09,-80.37000000000523,939.4629475636679,NEWS,friday,-0.08554887684333982
2025-12-19 23:05:00,2025-12-19 23:55:00,1,4337.86,4338.53,0.45,27.000000000003276,1020.175695676082,TIME,fri_close,0.02646602944418321
2025-12-22 15:15:00,2025-12-22 23:45:00,1,4425.76,4445.08,0.15,288.7499999999956,1020.2907395498155,TIME,tday900,0.28300756716404313
2025-12-22 02:15:00,2025-12-23 03:17:00,1,4359.91,4483.83,0.2,2461.104000000001,1009.8000000000015,TIME,inside,2.437219251336896
2025-12-22 10:15:00,2025-12-23 11:17:00,1,4412.51,4479.24,0.15,987.9779999999934,1020.2907395498155,TIME,lw,0.9683298707934176
2025-12-22 04:00:00,2025-12-23 15:20:00,1,4383.19,4495.52,0.18,2006.3736000000151,986.8340587991706,NEWS,trendH4,2.0331418257305303
2025-12-22 08:00:00,2025-12-23 15:20:00,1,4400.3,4495.52,0.18,1698.3936000000044,993.1393558592123,NEWS,trendH4,1.710126167068108
2025-12-22 12:00:00,2025-12-23 15:20:00,1,4411.34,4495.52,0.18,1499.6736000000053,982.0113880662515,NEWS,trendH4,1.527144815451804
2025-12-23 04:00:00,2025-12-23 15:20:00,1,4486.96,4495.52,0.02,16.9800000000008,111.25719619734852,NEWS,trendH4,0.15261934131327198
2025-12-23 14:00:00,2025-12-23 15:20:00,1,4493.79,4495.52,0.14,23.24000000000662,995.4319742765068,NEWS,lw,0.023346648089034673
2025-12-24 04:00:00,2025-12-24 15:20:00,1,4518.94,4480.15,0.18,-699.4799999999993,1041.8261100347952,NEWS,trendH4,-0.6713980320349602
2025-12-26 01:05:00,2025-12-26 23:00:00,1,4495.889999999999,4531.16,0.1,352.0000000000044,1071.265763407779,TIME,friday,0.3285832629246595
2025-12-26 18:15:00,2025-12-26 23:45:00,1,4539.3,4532.33,0.15,-105.6000000000038,1071.615763407779,TIME,tday,-0.09854278334259639
2025-12-26 23:05:00,2025-12-26 23:55:00,1,4529.139999999999,4532.04,0.28,79.24000000001529,1044.1210892120027,TIME,fri_close,0.0758915807933902
2025-12-26 17:30:00,2025-12-26 23:57:00,1,4533.61,4531.07,0.15,-39.14999999999945,1071.615763407779,EOD,lw,-0.03653361711990962
2025-12-29 10:15:00,2025-12-29 23:50:00,-1,4483.74,4332.339999999999,0.15,2269.950000000008,1070.5217803072228,NEWS,lw,2.120414588247395
2025-12-30 15:15:00,2025-12-30 16:35:00,1,4399.62,4382.61,0.12,-204.96000000000262,1006.6847510853652,NEWS,tday900,-0.20359899142112103
2025-12-31 11:00:00,2025-12-31 15:20:00,-1,4307.24,4314.29,0.12,-85.44000000000219,1004.2244117221247,NEWS,lw,-0.08508058458117226
2026-01-02 01:05:00,2026-01-02 16:35:00,1,4327.67,4355.2,0.08,219.67999999999796,1017.0026680276876,NEWS,friday,0.21600729959345322
2026-01-02 01:07:00,2026-01-02 16:35:00,1,4331.0,4355.2,0.06,144.77999999999892,508.6413340138438,NEWS,season,0.28464065013650347
2026-01-02 01:10:00,2026-01-02 16:35:00,1,4333.49,4355.2,0.06,129.84000000000023,1016.8626680276876,NEWS,tom,0.12768685888708906
2026-01-02 10:15:00,2026-01-02 16:35:00,1,4385.3,4355.2,0.12,-362.04000000000434,1017.2826680276876,NEWS,lw,-0.3558892836559667
2026-01-02 15:15:00,2026-01-02 16:35:00,1,4400.01,4355.2,0.12,-538.5600000000048,1017.2826680276876,NEWS,tday900,-0.5294103762174259
2026-01-02 23:05:00,2026-01-02 23:55:00,1,4330.9,4333.0,0.32,64.96000000001165,1059.5929255463932,TIME,fri_close,0.06130656258063837
2026-01-05 01:07:00,2026-01-05 16:50:00,1,4354.849999999999,4436.95,0.06,492.1800000000021,511.97838158428334,NEWS,season,0.9613296531720413
2026-01-05 10:15:00,2026-01-05 16:50:00,1,4424.58,4436.95,0.12,147.5999999999987,1023.9567631685667,NEWS,lw,0.14414671137408205
2026-01-05 18:15:00,2026-01-05 23:45:00,1,4446.62,4445.96,0.12,-8.759999999998254,1023.9567631685667,TIME,tday,-0.008555048723826005
2026-01-06 01:05:00,2026-01-06 16:35:00,1,4454.62,4478.95,0.12,291.11999999999915,1056.2369943708113,NEWS,strong_close,0.27561996176191134
2026-01-06 01:07:00,2026-01-06 16:35:00,1,4454.28,4478.95,0.06,147.60000000000045,528.1184971854057,NEWS,season,0.2794827312177683
2026-01-06 18:15:00,2026-01-06 23:45:00,1,4479.08,4496.26,0.12,205.3200000000035,1056.2369943708113,TIME,tday,0.19438819232260496
2026-01-07 01:05:00,2026-01-07 15:05:00,1,4498.7699999999995,4445.66,0.12,-638.1599999999961,1040.4829233443247,NEWS,strong_close,-0.6133305849449402
2026-01-07 01:07:00,2026-01-07 15:05:00,1,4499.219999999999,4445.66,0.06,-321.77999999999696,520.2414616721624,NEWS,season,-0.61852048271149
2026-01-08 01:07:00,2026-01-08 15:20:00,1,4462.0599999999995,4425.85,0.06,-217.67999999999475,516.1156429812936,NEWS,season,-0.4217659413355244
2026-01-09 01:05:00,2026-01-09 15:20:00,1,4477.57,4463.71,0.08,-111.43999999999738,1019.8919083938312,NEWS,friday,-0.10926648116612456
2026-01-09 01:07:00,2026-01-09 15:20:00,1,4476.44,4463.71,0.06,-76.79999999999738,510.0859541969155,NEWS,season,-0.15056285978490053
2026-01-09 23:05:00,2026-01-09 23:55:00,1,4506.98,4509.97,0.33,96.36000000002281,1053.029796235789,TIME,fri_close,0.09150738216950356
2026-01-09 17:45:00,2026-01-09 23:57:00,1,4514.62,4509.38,0.12,-63.719999999997384,1020.171908393831,EOD,lw,-0.06246006136389189
2026-01-12 01:05:00,2026-01-12 19:50:00,1,4521.67,4617.41,0.12,1148.0399999999975,1002.382486365701,NEWS,strong_close,1.1453113114160656
2026-01-12 01:07:00,2026-01-12 19:50:00,1,4528.07,4617.41,0.06,535.6200000000009,501.1912431828505,NEWS,season,1.0686938514697666
2026-01-12 01:30:00,2026-01-12 19:50:00,1,4538.08,4617.41,0.12,951.1199999999991,1020.120000000006,NEWS,nr7,0.9323608987177915
2026-01-12 04:00:00,2026-01-12 19:50:00,1,4570.48,4617.41,0.15,702.9000000000044,1075.0787175123462,NEWS,trendH4,0.653812589301799
2026-01-12 10:15:00,2026-01-12 19:50:00,1,4583.639999999999,4617.41,0.12,404.4000000000052,1002.382486365701,NEWS,lw,0.4034388125297585
2026-01-12 15:15:00,2026-01-12 19:50:00,1,4606.8099999999995,4617.41,0.12,126.36000000000435,1002.382486365701,NEWS,tday900,0.12605966456790646
2026-01-13 01:07:00,2026-01-13 15:20:00,1,4593.09,4601.52,0.06,50.160000000001745,517.1675829555038,NEWS,season,0.09698983782654727
2026-01-14 01:07:00,2026-01-14 15:20:00,1,4591.94,4628.56,0.06,219.30000000000481,508.1141841729679,NEWS,season,0.4315959027141674
2026-01-14 10:15:00,2026-01-14 15:20:00,1,4627.57,4628.56,0.13,11.960000000008986,1100.9140657080973,NEWS,lw,0.01086369987680776
2026-01-15 01:07:00,2026-01-15 15:20:00,1,4616.7,4605.24,0.06,-69.18000000000022,496.02602816061295,NEWS,season,-0.1394684876850853
2026-01-16 01:07:00,2026-01-16 17:34:00,1,4617.91,4537.487638498952,0.06,-482.9541690062869,482.65416900628367,SL,season,-1.0006215630554294
2026-01-16 01:05:00,2026-01-16 23:00:00,1,4618.95,4581.94,0.09,-333.72000000000196,1085.6568802641382,TIME,friday,-0.30738993697420175
2026-01-16 23:05:00,2026-01-16 23:55:00,1,4582.85,4595.59,0.28,354.75999999999397,1087.059918262453,TIME,fri_close,0.3263481561964305
2026-01-19 01:07:00,2026-01-20 03:17:00,1,4653.92,4671.53,0.06,100.47119999999802,484.2817283629777,TIME,season,0.20746436240661364
2026-01-19 10:15:00,2026-01-20 13:45:00,1,4669.69,4732.24,0.13,801.9076000000024,1049.277078119785,TIME,lw,0.7642477060844142
2026-01-20 15:15:00,2026-01-20 23:45:00,1,4723.94,4759.24,0.13,457.99000000000234,1062.5058582540858,TIME,tday900,0.4310470351218331
2026-01-20 01:07:00,2026-01-20 23:47:00,1,4668.76,4759.7,0.06,545.2199999999976,490.38731919419337,TIME,season,1.111815046310548
2026-01-20 10:15:00,2026-01-21 11:17:00,1,4724.72,4860.88,0.13,1758.8375999999982,1062.5058582540858,TIME,lw,1.6553674375877117
2026-01-21 15:15:00,2026-01-21 21:36:00,1,4869.44,4785.940295838994,0.13,-1086.4061540930763,1085.7561540930794,SL,tday900,-1.0005986611243662
2026-01-19 04:00:00,2026-01-22 15:20:00,1,4657.62,4831.37,0.14,2375.8840000000005,1032.49058646262,NEWS,trendH4,2.3011192849127404
2026-01-20 08:00:00,2026-01-22 15:20:00,1,4714.85,4831.37,0.16,1812.3327999999929,1039.9457184872597,NEWS,trendH4,1.7427186513506432
2026-01-20 12:00:00,2026-01-22 15:20:00,1,4732.71,4831.37,0.16,1526.5727999999979,1038.9164325628965,NEWS,trendH4,1.469389406262547
2026-01-22 18:15:00,2026-01-22 18:50:00,1,4873.92,4881.3,0.13,95.03000000000142,1131.1728573721448,NEWS,tday,0.08401014874134086
2026-01-22 19:30:00,2026-01-23 20:32:00,1,4890.19,4979.28,0.13,1146.9276000000018,1131.1728573721448,TIME,lw,1.0139277940813194
2026-01-23 01:05:00,2026-01-23 23:00:00,1,4952.52,4981.49,0.08,231.19999999999476,1113.691020604696,TIME,friday,0.20759797441346084
2026-01-23 18:15:00,2026-01-23 23:45:00,1,4971.33,4982.38,0.08,87.84000000000145,742.6473470697973,TIME,tday,0.11827955805212868
2026-01-23 01:07:00,2026-01-23 23:47:00,1,4952.28,4982.46,0.06,180.66000000000173,556.985510302348,TIME,season,0.3243531414343871
2026-01-23 23:05:00,2026-01-23 23:55:00,1,4984.19,4986.18,0.27,51.84000000001866,1139.5168407722829,TIME,fri_close,0.04549296521575339
2026-01-22 20:00:00,2026-01-23 23:57:00,1,4904.78,4988.0,0.13,1070.6176000000032,1122.0983506272069,EOD,trendH4,0.954120999644614
2026-01-23 04:00:00,2026-01-23 23:57:00,1,4953.81,4988.0,0.13,443.5599999999948,1108.9701364410553,EOD,trendH4,0.3999747021353367
2026-01-26 01:05:00,2026-01-26 15:20:00,1,5014.38,5076.84,0.12,748.6800000000004,1111.5273762757888,NEWS,strong_close,0.6735596585200436
2026-01-26 01:07:00,2026-01-26 15:20:00,1,5015.26,5076.84,0.06,369.05999999999955,555.7636881378944,NEWS,season,0.6640592177523291
2026-01-26 04:00:00,2026-01-26 15:20:00,1,5071.03,5076.84,0.12,68.8800000000048,1091.3066410749452,NEWS,trendH4,0.06311699884109336
2026-01-26 10:15:00,2026-01-26 15:20:00,1,5096.4,5076.84,0.12,-235.55999999999386,1111.5273762757888,NEWS,lw,-0.2119246048525101
2026-01-26 18:15:00,2026-01-26 21:48:00,1,5101.77,5009.1627186436845,0.12,-1112.1273762757917,1111.5273762757888,SL,tday,-1.0005397977708954
2026-01-27 01:07:00,2026-01-27 16:50:00,1,5035.31,5065.21,0.06,178.97999999999783,568.8534246994736,NEWS,season,0.3146328952744783
2026-01-27 10:15:00,2026-01-27 16:50:00,1,5086.85,5065.21,0.12,-260.5200000000039,1137.7068493989473,NEWS,lw,-0.2289869311568592
2026-01-27 15:15:00,2026-01-27 16:50:00,1,5090.46,5065.21,0.12,-303.84,1137.7068493989473,NEWS,tday900,-0.26706352357860835
2026-01-27 18:15:00,2026-01-27 23:45:00,1,5095.33,5185.33,0.12,1079.16,1137.7068493989473,TIME,tday,0.9485396001352391
2026-01-28 01:05:00,2026-01-28 17:20:00,1,5182.41,5256.25,0.11,811.4700000000017,1111.2873777621996,NEWS,strong_close,0.7302071599463854
2026-01-28 01:07:00,2026-01-28 17:20:00,1,5179.54,5256.25,0.05,383.20000000000016,505.13062625554534,NEWS,season,0.758615653223409
2026-01-28 04:00:00,2026-01-28 17:20:00,1,5204.91,5256.25,0.11,563.9700000000016,1136.4417924833997,NEWS,trendH4,0.49625946857127723
2026-01-28 08:00:00,2026-01-28 17:20:00,1,5261.51,5256.25,0.11,-58.630000000002404,1150.8062028592299,NEWS,trendH4,-0.050946892582203265
2026-01-28 10:15:00,2026-01-28 17:20:00,1,5293.59,5256.25,0.11,-411.5100000000016,1111.2873777621996,NEWS,lw,-0.3703002555726491
2026-01-28 12:00:00,2026-01-28 17:20:00,1,5278.37,5256.25,0.11,-244.08999999999878,1158.6113927162683,NEWS,trendH4,-0.2106746071499867
2026-01-28 18:15:00,2026-01-28 20:50:00,1,5284.63,5278.71,0.11,-65.8900000000008,1111.2873777621996,NEWS,tday,-0.05929159398236264
2026-01-29 01:05:00,2026-01-29 15:20:00,1,5441.11,5518.48,0.1,772.9999999999989,1124.0354487602983,NEWS,strong_close,0.6877007311936137
2026-01-29 01:07:00,2026-01-29 15:20:00,1,5435.75,5518.48,0.05,413.29999999999785,562.0177243801492,NEWS,season,0.7353860600318745
2026-01-29 04:00:00,2026-01-29 15:20:00,1,5545.98,5518.48,0.09,-248.13,1160.796770591813,NEWS,trendH4,-0.2137583479608537
2026-01-29 10:15:00,2026-01-29 15:20:00,1,5538.0,5518.48,0.1,-195.90000000000435,1124.0354487602983,NEWS,lw,-0.1742827596905978
2026-01-30 01:07:00,2026-01-30 03:59:00,1,5440.51,5300.739565472258,0.04,-559.36173811097,559.1617381109679,SL,season,-1.0003576782643924
2026-01-30 01:05:00,2026-01-30 04:14:00,1,5419.81,5210.179348208388,0.05,-1048.5032589580637,1048.2532589580649,SL,friday,-1.0002384919845109
2026-01-30 10:15:00,2026-01-30 15:20:00,-1,5145.59,5074.929999999999,0.08,564.7200000000062,1118.3234762219358,NEWS,lw,0.5049701736637202
2026-01-30 23:05:00,2026-01-30 23:55:00,1,4859.42,4883.16,0.04,94.67999999999913,975.4751952262454,TIME,fri_close,0.09706038704350617
2026-02-02 01:10:00,2026-02-02 08:24:00,1,4816.34,4448.107764448479,0.03,-1104.9067066545622,1104.7567066545623,SL,tom,-1.0001357765009222
2026-02-03 15:15:00,2026-02-03 23:45:00,1,4928.99,4940.36,0.05,56.49999999999945,1027.751618244602,TIME,tday900,0.054974372209212724
2026-02-03 18:15:00,2026-02-03 23:45:00,1,4944.41,4940.36,0.05,-20.600000000000914,1027.751618244602,TIME,tday,-0.020043753407253864
2026-02-03 10:15:00,2026-02-04 11:17:00,1,4928.73,5065.43,0.05,679.1760000000036,1027.751618244602,TIME,lw,0.6608367118507047
2026-02-04 01:05:00,2026-02-04 15:05:00,1,4957.98,5040.07,0.05,410.10000000000076,1074.276502655702,NEWS,strong_close,0.38174529461102336
2026-02-04 10:15:00,2026-02-04 15:05:00,1,5077.74,5040.07,0.05,-188.70000000000036,1074.276502655702,NEWS,lw,-0.17565310190953454
2026-02-05 11:15:00,2026-02-05 15:20:00,-1,4862.94,4836.98,0.05,129.4500000000002,1082.3638953231518,NEWS,lw,0.11959933305180273
2026-02-06 01:05:00,2026-02-06 23:00:00,1,4777.35,4953.32,0.03,527.699999999998,989.2637553772053,TIME,friday,0.5334270027903595
2026-02-06 15:15:00,2026-02-06 23:45:00,1,4909.91,4960.54,0.05,252.80000000000058,1099.2986170857837,TIME,tday900,0.22996481217284506
2026-02-06 18:15:00,2026-02-06 23:45:00,1,4941.0,4960.54,0.05,97.34999999999982,1099.2986170857837,TIME,tday,0.088556465447098
2026-02-06 23:05:00,2026-02-06 23:55:00,1,4951.92,4964.33,0.19,234.45999999999722,1147.2440261887762,TIME,fri_close,0.20436802863893702
2026-02-06 14:15:00,2026-02-06 23:57:00,1,4896.09,4966.25,0.05,350.44999999999925,1099.2986170857837,EOD,lw,0.31879417890021045
2026-02-09 01:05:00,2026-02-09 23:45:00,1,4988.01,5061.7,0.05,368.09999999999803,1133.7165730082277,TIME,strong_close,0.3246843247808168
2026-02-09 18:15:00,2026-02-09 23:45:00,1,5063.88,5061.7,0.05,-11.250000000001455,1133.7165730082277,TIME,tday,-0.009923115060539748
2026-02-10 18:30:00,2026-02-11 15:20:00,-1,5010.12,5072.8099999999995,0.05,-312.079499999998,1096.0796749362114,NEWS,lw,-0.2847233710616522
2026-02-13 01:05:00,2026-02-13 15:20:00,1,4891.78,4962.01,0.03,210.4800000000014,915.8531236338816,NEWS,friday,0.22981850972442847
2026-02-13 18:15:00,2026-02-13 23:45:00,1,4997.82,5038.85,0.05,204.80000000000328,1017.7312484820907,TIME,tday,0.2012319070535125
2026-02-13 23:05:00,2026-02-13 23:55:00,1,5034.2,5042.99,0.21,183.11999999999924,1135.7037328553172,TIME,fri_close,0.16123923405588364
2026-02-13 18:30:00,2026-02-13 23:57:00,1,5028.11,5043.21,0.05,75.15000000000182,1017.7312484820907,EOD,lw,0.07384071198765424
2026-02-16 01:05:00,2026-02-17 03:15:00,1,5015.38,4950.28,0.05,-329.8240000000019,1001.8183021619415,TIME,strong_close,-0.32922536880014663
2026-02-17 10:15:00,2026-02-18 11:17:00,-1,4927.65,4917.0199999999995,0.06,65.42460000000065,1153.7818224090204,TIME,lw,0.05670448149668227
2026-02-18 15:00:00,2026-02-18 15:20:00,1,4943.31,4955.75,0.06,74.2199999999976,1139.2459779512333,NEWS,lw,0.06514835376770114
2026-02-18 18:15:00,2026-02-18 23:45:00,1,4999.83,4980.09,0.06,-118.85999999999868,1139.2459779512333,TIME,tday,-0.10433216557301431
2026-02-20 01:05:00,2026-02-20 15:20:00,1,5002.09,5029.45,0.04,109.15999999999869,1071.1254605803997,NEWS,friday,0.1019114977818278
2026-02-20 08:45:00,2026-02-20 15:20:00,1,5027.14,5029.45,0.17,38.079999999991344,1133.3899999999908,NEWS,nr7,0.033598320083988435
2026-02-20 10:45:00,2026-02-20 15:20:00,1,5022.82,5029.45,0.06,39.36000000000065,1071.2654605803998,NEWS,lw,0.03674159342230248
2026-02-20 18:15:00,2026-02-20 23:45:00,1,5054.69,5099.62,0.06,269.16000000000173,1071.2654605803998,TIME,tday,0.2512542501409257
2026-02-20 23:05:00,2026-02-20 23:55:00,1,5095.44,5103.91,0.26,218.40000000000663,1137.4948424406534,TIME,fri_close,0.19200087055462955
2026-02-23 01:05:00,2026-02-23 23:45:00,1,5117.85,5228.81,0.06,665.3400000000003,1048.8664991103713,TIME,strong_close,0.6343419306120741
2026-02-23 18:15:00,2026-02-23 23:45:00,1,5202.7,5228.81,0.06,156.2400000000035,1048.8664991103713,TIME,tday,0.14896080686390814
2026-02-23 13:00:00,2026-02-24 14:02:00,1,5163.11,5170.51,0.06,39.21120000000327,1048.8664991103713,TIME,lw,0.03738435733552503
2026-02-24 01:05:00,2026-02-24 16:50:00,1,5243.35,5133.03,0.06,-662.3400000000037,1033.3303206024875,NEWS,strong_close,-0.6409760623435724
2026-02-25 18:45:00,2026-02-26 15:20:00,1,5207.79,5171.68,0.06,-231.38639999999802,1026.472440559453,NEWS,lw,-0.225419008691443
2026-02-27 01:05:00,2026-02-27 15:20:00,1,5182.33,5218.31,0.04,143.6400000000019,955.3439921150385,NEWS,friday,0.15035421919804712
2026-02-27 18:15:00,2026-02-27 23:45:00,1,5254.04,5274.59,0.07,143.36000000000126,1114.7313241342117,TIME,tday,0.128604980317877
2026-02-27 23:05:00,2026-02-27 23:55:00,1,5259.97,5280.2,0.28,564.4799999999877,1138.9893009789037,TIME,fri_close,0.49559728042646733
2026-03-02 01:05:00,2026-03-02 16:35:00,1,5358.35,5316.42,0.07,-294.0000000000021,1092.2276581246251,NEWS,strong_close,-0.26917465220099396
2026-03-02 01:10:00,2026-03-02 16:35:00,1,5351.58,5316.42,0.03,-105.68999999999954,935.9851355353929,NEWS,tom,-0.112918459906464
2026-03-02 10:15:00,2026-03-02 16:35:00,1,5409.95,5316.42,0.07,-655.1999999999982,1092.2276581246251,NEWS,lw,-0.5998749391907806
2026-03-03 11:30:00,2026-03-04 12:32:00,-1,5242.33,5186.87,0.07,390.13870000000026,1093.456396830009,TIME,lw,0.3567940167811301
2026-03-05 16:45:00,2026-03-06 15:20:00,-1,5097.3099999999995,5077.12,0.06,122.7845999999976,1013.0945381819457,NEWS,lw,0.12119757374305992
2026-03-06 23:05:00,2026-03-06 23:55:00,1,5161.29,5171.45,0.21,211.88999999999695,1141.0645270496664,TIME,fri_close,0.18569501984945513
2026-03-06 17:15:00,2026-03-06 23:57:00,1,5149.53,5174.55,0.07,174.65000000000308,1169.5090830304412,EOD,lw,0.1493361638093897
2026-03-09 01:05:00,2026-03-09 23:45:00,1,5166.05,5139.42,0.07,-186.9000000000008,1142.002719956838,TIME,strong_close,-0.1636598553872662
2026-03-10 16:30:00,2026-03-10 16:50:00,1,5221.900000000001,5205.19,0.07,-117.46000000000663,1152.1860971027786,NEWS,lw,-0.10194533703831772
2026-03-10 18:15:00,2026-03-10 23:45:00,1,5223.71,5197.92,0.07,-181.01999999999978,1152.1860971027786,TIME,tday,-0.15711003669909082
2026-03-12 17:45:00,2026-03-12 19:50:00,-1,5148.7,5133.9,0.07,103.11000000000129,1086.7865837263757,NEWS,lw,0.09487603320097819
2026-03-13 01:05:00,2026-03-13 15:20:00,1,5084.070000000001,5106.83,0.05,113.44999999999655,1154.2828256461387,NEWS,friday,0.09828613705353371
2026-03-13 23:05:00,2026-03-13 23:55:00,1,5020.530000000001,5021.58,0.21,20.57999999998472,1130.7249478228734,TIME,fri_close,0.018200712772465114
2026-03-17 07:45:00,2026-03-18 08:47:00,1,5039.99,4999.75,0.16,-657.6767999999965,1156.3200000000118,TIME,nr7,-0.5687671232876624
2026-03-18 14:00:00,2026-03-18 15:20:00,-1,4967.8099999999995,4905.45,0.08,498.3199999999974,1122.4715716013868,NEWS,lw,0.4439488826332265
2026-03-19 10:45:00,2026-03-19 15:20:00,-1,4739.66,4616.86,0.08,981.8400000000015,1161.9978879155738,NEWS,lw,0.8449585065608468
2026-03-20 01:05:00,2026-03-20 23:00:00,1,4659.63,4501.58,0.04,-632.4800000000007,965.4513862269175,TIME,friday,-0.6551132548183467
2026-03-20 23:05:00,2026-03-20 23:55:00,1,4503.25,4497.54,0.11,-63.5800000000004,1124.1097865404608,TIME,fri_close,-0.05656031177850788
2026-03-23 10:15:00,2026-03-23 12:21:00,-1,4130.46,4298.349619297023,0.07,-1175.7173350791631,1175.367335079161,SL,lw,-1.0002977792470118
2026-03-25 01:05:00,2026-03-25 17:20:00,1,4479.67,4556.92,0.06,463.08,1119.1960916692922,NEWS,strong_close,0.41376127333442664
2026-03-25 10:15:00,2026-03-25 17:20:00,1,4557.03,4556.92,0.06,-1.0799999999980354,1119.1960916692922,NEWS,lw,-0.000964978351905433
2026-03-26 10:15:00,2026-03-26 15:20:00,-1,4447.57,4436.99,0.06,63.059999999999555,1102.1035136929142,NEWS,lw,0.05721785586972581
2026-03-27 01:05:00,2026-03-27 23:00:00,1,4387.3099999999995,4514.39,0.04,508.0400000000034,1106.0289770005631,TIME,friday,0.45933697087914965
2026-03-27 23:05:00,2026-03-27 23:55:00,1,4513.78,4495.59,0.16,-292.1599999999936,1118.8771017476072,TIME,fri_close,-0.26111893749873
2026-03-27 10:15:00,2026-03-27 23:57:00,1,4455.3099999999995,4495.49,0.06,240.66000000000176,1106.168977000563,EOD,lw,0.2175616971762889
2026-03-30 14:45:00,2026-03-30 17:20:00,1,4566.44,4523.44,0.06,-258.42,1104.3126215005227,NEWS,lw,-0.2340098220093355
2026-03-31 14:45:00,2026-03-31 16:35:00,1,4592.28,4578.39,0.06,-83.75999999999651,1094.416005679057,NEWS,lw,-0.0765339684044785
2026-04-01 01:05:00,2026-04-01 15:05:00,1,4674.8,4748.01,0.06,438.84000000000015,1103.9505767019814,NEWS,strong_close,0.3975177958700119
2026-04-01 01:10:00,2026-04-01 15:05:00,1,4669.969999999999,4748.01,0.03,233.91000000000258,1103.7405767019814,NEWS,tom,0.2119247991216691
2026-04-01 14:45:00,2026-04-01 15:05:00,1,4760.84,4748.01,0.06,-77.39999999999957,1103.9505767019814,NEWS,lw,-0.07011183438232325
2026-04-02 10:15:00,2026-04-02 15:20:00,-1,4621.099999999999,4614.009999999999,0.06,42.12000000000087,1081.3341069375542,NEWS,lw,0.03895188335387746
2026-04-08 01:05:00,2026-04-08 17:20:00,1,4744.969999999999,4773.2,0.06,168.96000000000285,1046.6080440750027,NEWS,strong_close,0.1614357934247778
2026-04-08 10:15:00,2026-04-08 17:20:00,1,4812.73,4773.2,0.06,-237.59999999999846,1046.6080440750027,NEWS,lw,-0.22701908450358846
2026-04-09 18:45:00,2026-04-09 19:50:00,1,4790.54,4784.47,0.06,-36.839999999998255,1039.556040926788,NEWS,lw,-0.03543820491597024
2026-04-10 01:05:00,2026-04-10 15:20:00,1,4772.6,4768.24,0.04,-17.72000000000233,1009.0777522891601,NEWS,friday,-0.017560589320102765
2026-04-10 23:05:00,2026-04-10 23:55:00,1,4753.25,4749.29,0.33,-132.99000000000123,1171.7334469078044,TIME,fri_close,-0.11349850970880862
2026-04-13 01:30:00,2026-04-13 16:50:00,-1,4647.2699999999995,4739.88,0.07,-648.7600000000041,1035.4400000000026,NEWS,inside,-0.6265548945375903
2026-04-14 01:05:00,2026-04-14 15:20:00,1,4747.06,4770.74,0.07,165.2699999999957,1103.465357957548,NEWS,strong_close,0.14977361890716817
2026-04-14 16:45:00,2026-04-15 17:20:00,1,4793.43,4824.63,0.07,212.3463999999987,1103.465357957548,NEWS,lw,0.192435945966659
2026-04-15 01:05:00,2026-04-15 17:20:00,1,4849.49,4824.63,0.07,-174.50999999999775,1077.301403817723,NEWS,strong_close,-0.16198809300867156
2026-04-17 01:05:00,2026-04-17 23:00:00,1,4795.75,4854.47,0.05,293.25000000000125,1072.3760417922474,TIME,friday,0.27345817938071104
2026-04-17 23:05:00,2026-04-17 23:55:00,1,4850.38,4834.56,0.3,-476.6999999999913,1164.0184599957893,TIME,fri_close,-0.40952958770234255
2026-04-17 15:45:00,2026-04-17 23:57:00,1,4823.65,4832.51,0.08,70.32000000000465,1144.054444578397,EOD,lw,0.061465606233380564
2026-04-20 16:30:00,2026-04-21 15:20:00,1,4824.64,4783.71,0.08,-334.35840000000235,1131.9305556799404,NEWS,lw,-0.295387732332357
2026-04-21 01:05:00,2026-04-21 15:20:00,1,4825.49,4783.71,0.08,-334.79999999999797,1105.735515988516,NEWS,strong_close,-0.30278488405130977
2026-04-23 03:15:00,2026-04-23 15:20:00,-1,4699.5,4731.79,0.16,-517.7599999999994,1159.6799999999978,NEWS,inside,-0.44646799116997826
2026-04-23 10:15:00,2026-04-23 15:20:00,-1,4712.21,4731.79,0.08,-157.19999999999942,1073.2286847043836,NEWS,lw,-0.1464739083481537
2026-04-24 01:05:00,2026-04-24 23:00:00,1,4695.429999999999,4716.52,0.05,105.1000000000053,982.0499710596198,TIME,friday,0.10702103059644072
2026-04-24 23:05:00,2026-04-24 23:55:00,1,4711.61,4708.2,0.38,-132.23999999999447,1148.1026446508242,TIME,fri_close,-0.11518133906939391
2026-04-28 08:15:00,2026-04-28 16:50:00,-1,4652.349999999999,4586.669999999999,0.15,984.1500000000043,1164.5999999999956,NEWS,inside,0.8450540958269003
2026-04-28 10:15:00,2026-04-28 16:50:00,-1,4634.139999999999,4586.669999999999,0.09,426.6000000000023,1105.9646639331165,NEWS,lw,0.3857266094586554
2026-04-28 15:15:00,2026-04-28 16:50:00,-1,4581.53,4586.669999999999,0.09,-46.889999999994764,1105.9646639331165,NEWS,tday900,-0.04239737627171644
2026-04-28 18:15:00,2026-04-28 23:45:00,-1,4572.65,4593.65,0.09,-189.63,1105.9646639331165,TIME,tday,-0.17146117428889926
2026-04-29 16:30:00,2026-04-29 17:20:00,-1,4537.8,4534.58,0.09,28.350000000002293,1121.107187937894,NEWS,lw,0.02528750177059145
2026-04-30 10:15:00,2026-04-30 15:20:00,1,4591.88,4631.36,0.09,354.689999999996,1105.4552459423305,NEWS,lw,0.3208542374753899
2026-05-01 01:05:00,2026-05-01 16:35:00,1,4629.0599999999995,4598.6,0.06,-183.17999999999475,1095.4491569464494,NEWS,friday,-0.16721907980705072
2026-05-01 01:10:00,2026-05-01 16:35:00,1,4631.47,4598.6,0.04,-131.75999999999956,973.6392506190662,NEWS,tom,-0.13532732982593193
2026-05-01 23:05:00,2026-05-01 23:55:00,1,4609.46,4616.35,0.31,211.42000000001016,1174.44016004369,TIME,fri_close,0.180017686037018
2026-05-04 18:15:00,2026-05-04 23:45:00,-1,4548.5199999999995,4518.94,0.09,265.58999999999935,1081.786360021703,TIME,tday,0.2455105830643594
2026-05-04 10:15:00,2026-05-05 11:17:00,-1,4591.92,4550.61,0.09,374.2569000000036,1081.786360021703,TIME,lw,0.345961932809446
2026-05-05 16:15:00,2026-05-05 16:35:00,1,4579.05,4580.38,0.09,11.339999999999344,1092.6966200201532,NEWS,lw,0.01037799494592579
2026-05-06 10:15:00,2026-05-06 15:05:00,1,4658.82,4685.49,0.09,239.40000000000063,1061.5947185901423,NEWS,lw,0.2255097880648251
2026-05-07 01:05:00,2026-05-07 15:20:00,1,4690.91,4742.76,0.09,466.0200000000033,1099.3850958337036,NEWS,strong_close,0.4238915024099025
2026-05-08 01:05:00,2026-05-08 15:20:00,1,4694.26,4707.94,0.06,81.65999999999629,1071.799731845582,NEWS,friday,0.07618960667155805
2026-05-08 10:15:00,2026-05-08 15:20:00,1,4715.5599999999995,4707.94,0.09,-69.20999999999901,1072.009731845582,NEWS,lw,-0.06456098106576554
2026-05-08 23:05:00,2026-05-08 23:55:00,1,4723.32,4715.39,0.43,-343.9999999999734,1166.3053781253893,TIME,fri_close,-0.29494848129131235
2026-05-11 07:30:00,2026-05-11 16:50:00,-1,4671.71,4737.83,0.15,-992.8499999999983,1165.199999999995,NEWS,nr7,-0.8520854788877468
2026-05-12 01:05:00,2026-05-12 15:20:00,1,4740.95,4704.73,0.1,-362.90000000000254,1147.021965316913,NEWS,strong_close,-0.31638452529523803
2026-05-15 01:05:00,2026-05-15 23:00:00,1,4653.15,4545.82,0.07,-751.7999999999995,1147.4264506892562,TIME,friday,-0.6552053942528474
2026-05-15 23:05:00,2026-05-15 23:55:00,1,4540.25,4538.42,0.29,-55.099999999997884,1160.1757893557,TIME,fri_close,-0.0474928028196464
2026-05-19 01:05:00,2026-05-19 23:45:00,1,4570.67,4483.38,0.1,-873.5999999999998,1118.4773088750453,TIME,strong_close,-0.7810618892918436
2026-05-20 18:45:00,2026-05-21 15:20:00,1,4537.17,4512.55,0.1,-270.7439999999989,1127.4289296696854,NEWS,lw,-0.2401428532433717
2026-05-21 01:05:00,2026-05-21 15:20:00,1,4544.79,4512.55,0.1,-323.0999999999978,1117.8054346932793,NEWS,strong_close,-0.28904851414383664
2026-05-21 16:00:00,2026-05-22 17:02:00,-1,4504.03,4507.61,0.1,-33.05899999999928,1117.8054346932793,TIME,lw,-0.029574914358034516
2026-05-22 17:15:00,2026-05-22 23:57:00,-1,4497.33,4508.28,0.1,-110.19999999999818,1096.6693322151878,EOD,lw,-0.10048607794785568
2026-05-25 10:15:00,2026-05-26 13:45:00,1,4561.04,4533.22,0.1,-286.84799999999706,1056.964379914103,TIME,lw,-0.2713885211754331
2026-05-26 01:05:00,2026-05-26 16:50:00,1,4571.3,4525.88,0.11,-500.3900000000008,1136.200759483691,NEWS,strong_close,-0.4404063241670306
2026-05-26 18:15:00,2026-05-26 23:45:00,-1,4509.44,4509.05,0.11,3.519999999993597,1136.200759483691,TIME,tday,0.003098044047772988
2026-05-27 15:15:00,2026-05-27 23:45:00,-1,4430.34,4453.86,0.11,-259.4899999999948,1131.799990949142,TIME,tday900,-0.22927195800945635
2026-05-27 18:15:00,2026-05-27 23:45:00,-1,4432.05,4453.86,0.11,-240.6799999999944,1131.799990949142,TIME,tday,-0.21265241378749
2026-05-27 10:15:00,2026-05-28 11:17:00,-1,4480.28,4393.889999999999,0.11,960.8753000000036,1131.799990949142,TIME,lw,0.8489797735324253
2026-05-28 10:15:00,2026-05-28 15:20:00,-1,4388.76,4388.5,0.1,1.9000000000021826,1053.6655767752502,NEWS,lw,0.0018032286921787308
2026-05-29 01:05:00,2026-05-29 16:35:00,1,4497.58,4525.05,0.07,191.8000000000018,1139.698937355869,NEWS,friday,0.16829005776295866
2026-05-29 23:05:00,2026-05-29 23:55:00,1,4544.759999999999,4539.91,0.31,-152.51999999998307,1131.0990243267452,TIME,fri_close,-0.1348423053328742
2026-05-29 18:00:00,2026-05-29 23:57:00,1,4564.44,4541.17,0.1,-233.3999999999953,1085.6608927198754,EOD,lw,-0.21498425665427157
2026-06-01 01:10:00,2026-06-01 03:20:00,1,4526.05,4538.37,0.05,61.24999999999854,1083.6279718113126,NEWS,tom,0.056523088729075126
2026-06-01 11:15:00,2026-06-01 16:35:00,-1,4495.599999999999,4466.349999999999,0.1,291.8,1083.9779718113125,NEWS,lw,0.2691936622221263
2026-06-01 15:15:00,2026-06-01 16:35:00,-1,4503.2,4466.349999999999,0.1,367.80000000000365,1083.9779718113125,NEWS,tday900,0.33930578809218315
2026-06-01 18:15:00,2026-06-01 23:45:00,-1,4464.23,4482.8,0.1,-186.40000000000617,1083.9779718113125,TIME,tday,-0.17195921397603153
2026-06-02 10:15:00,2026-06-02 16:50:00,1,4540.25,4509.77,0.1,-305.4999999999956,1076.829545253362,NEWS,lw,-0.2837032112896902
2026-06-03 08:45:00,2026-06-03 15:05:00,-1,4461.95,4463.929999999999,0.14,-28.69999999999389,1113.2799999999975,NEWS,inside,-0.025779678068405032
2026-06-03 10:30:00,2026-06-03 15:05:00,-1,4456.13,4463.929999999999,0.1,-78.69999999999273,1056.0131491638365,NEWS,lw,-0.07452558716935324
2026-06-04 10:30:00,2026-06-04 15:20:00,1,4465.41,4492.48,0.11,296.9999999999968,1133.9562880744902,NEWS,lw,0.2619148578507523
2026-06-05 01:05:00,2026-06-05 15:20:00,1,4474.1,4472.91,0.07,-8.820000000003567,1073.582618975116,NEWS,friday,-0.008215483227945217
2026-06-05 18:15:00,2026-06-05 23:45:00,-1,4352.889999999999,4324.349999999999,0.11,313.1699999999996,1124.9622674977404,TIME,tday,0.2783826702886536
2026-06-05 16:00:00,2026-06-05 23:57:00,-1,4406.21,4328.2,0.11,857.3400000000024,1124.9622674977404,EOD,lw,0.7621055610220495
2026-06-09 18:15:00,2026-06-09 23:45:00,-1,4294.75,4261.61,0.11,363.7700000000036,1160.5606796281536,TIME,tday,0.3134433264760929
2026-06-09 17:45:00,2026-06-10 15:20:00,-1,4284.98,4136.66,0.11,1634.5350999999969,1160.5606796281536,NEWS,lw,1.4084012397556893
2026-06-10 10:15:00,2026-06-10 15:20:00,-1,4200.22,4136.66,0.1,634.9000000000041,1070.2583659198704,NEWS,lw,0.5932212447172206
2026-06-10 18:15:00,2026-06-10 19:50:00,-1,4123.23,4120.65,0.11,27.6099999999992,1177.2842025118573,NEWS,tday,0.023452281055917013
2026-06-12 01:05:00,2026-06-12 23:00:00,1,4208.82,4210.7,0.06,10.860000000000655,1071.87029314496,TIME,friday,0.010131822916872224
2026-06-12 23:05:00,2026-06-12 23:55:00,1,4211.15,4216.96,0.27,154.98000000001082,1179.14473925273,TIME,fri_close,0.1314342462302191
2026-06-15 10:15:00,2026-06-16 11:17:00,1,4313.87,4340.77,0.1,260.3520000000055,1160.543159594007,TIME,lw,0.2243363358335458
2026-06-16 16:00:00,2026-06-17 15:20:00,1,4354.91,4323.61,0.09,-289.48320000000166,1066.7289262321342,NEWS,lw,-0.27137466031084856
2026-06-19 01:05:00,2026-06-19 20:00:00,1,4205.3099999999995,4155.52,0.06,-299.15999999999434,1061.0447561705537,EOD,friday,-0.28194852126662506
2026-06-22 10:15:00,2026-06-23 11:17:00,1,4199.69,4095.18,0.1,-1053.7479999999978,1160.3382404934289,TIME,lw,-0.9081386471860963
2026-06-23 15:15:00,2026-06-23 23:45:00,-1,4113.92,4110.88,0.1,29.69999999999964,1137.7497947438985,TIME,tday900,0.026104157642748645
2026-06-24 12:30:00,2026-06-24 16:50:00,-1,4069.2799999999997,4019.92,0.1,492.8999999999968,1133.4248094050483,NEWS,lw,0.434876663992142
2026-06-24 15:15:00,2026-06-24 16:50:00,-1,4038.0699999999997,4019.92,0.1,180.79999999999637,1133.4248094050483,NEWS,tday900,0.15951653651811362
2026-06-24 18:15:00,2026-06-24 23:45:00,-1,4001.79,3999.0800000000004,0.1,26.399999999995817,1133.4248094050483,TIME,tday,0.02329223763317266
2026-06-26 01:05:00,2026-06-26 23:00:00,1,4029.8,4071.62,0.06,250.49999999999827,1024.463385257693,TIME,friday,0.2445182557080726
2026-06-26 23:05:00,2026-06-26 23:55:00,1,4071.6200000000003,4081.24,0.38,362.89999999997855,1168.9141976543979,TIME,fri_close,0.3104590574125902
2026-06-26 17:00:00,2026-06-26 23:57:00,1,4073.75,4087.94,0.1,141.20000000000056,1138.525983619659,EOD,lw,0.12402000659755734
2026-06-29 01:05:00,2026-06-29 23:45:00,1,4076.1500000000005,4015.69,0.1,-605.300000000005,1137.9098419325403,TIME,strong_close,-0.5319402097551148
2026-06-30 03:45:00,2026-06-30 16:35:00,-1,3991.7999999999997,4021.88,0.12,-361.80000000000456,1158.2399999999977,NEWS,inside,-0.3123704931620435
2026-06-30 17:30:00,2026-07-01 15:05:00,1,4054.32,4024.25,0.1,-309.3480000000016,1119.4305675087874,NEWS,lw,-0.27634407079702444
2026-07-01 01:07:00,2026-07-01 15:05:00,1,4015.82,4024.25,0.05,41.79999999999918,562.8677634862228,NEWS,season,0.07426255812040711
2026-07-01 01:10:00,2026-07-01 15:05:00,1,4017.4200000000005,4024.25,0.05,33.79999999999736,1125.3855269724456,NEWS,tom,0.03003415202159867
2026-07-02 01:07:00,2026-07-02 15:20:00,1,4039.9600000000005,4061.87,0.05,109.199999999997,578.1807803800641,NEWS,season,0.18886826353552422
2026-07-03 01:05:00,2026-07-03 20:00:00,1,4125.92,4174.83,0.06,293.0399999999991,1038.987875778107,EOD,friday,0.28204371468775696
2026-07-03 01:07:00,2026-07-03 20:00:00,1,4125.19,4174.83,0.05,247.85000000000167,577.3321532100596,EOD,season,0.42930226321523207
2026-07-03 10:15:00,2026-07-03 20:00:00,1,4174.3099999999995,4174.83,0.1,4.500000000004365,1154.6643064201191,EOD,lw,0.0038972366037329136
2026-07-06 01:07:00,2026-07-06 16:35:00,1,4184.69,4149.1,0.05,-178.29999999999617,562.6227136950554,NEWS,season,-0.3169086417236894
2026-07-06 18:15:00,2026-07-06 23:45:00,-1,4139.62,4163.28,0.1,-237.29999999999853,1125.2454273901108,TIME,tday,-0.21088732664338936
2026-07-07 01:07:00,2026-07-07 23:47:00,1,4166.13,4105.75,0.05,-302.25000000000057,549.05680557398,TIME,season,-0.5504894883946126
2026-07-08 01:07:00,2026-07-08 17:20:00,1,4103.19,4054.63,0.05,-243.14999999999745,541.3491766044102,NEWS,season,-0.44915557371888054
2026-07-08 18:15:00,2026-07-08 19:50:00,-1,4033.6699999999996,4058.38,0.1,-247.80000000000493,1082.6983532088204,NEWS,tday,-0.2288726119011762
2026-07-09 01:07:00,2026-07-09 15:20:00,1,4078.0000000000005,4108.01,0.05,149.69999999999882,542.7778068469523,NEWS,season,0.2758034652699238
2026-07-09 16:30:00,2026-07-09 16:50:00,1,4126.3,4123.58,0.1,-27.90000000000255,1085.5556136939047,NEWS,lw,-0.025701124519143748
2026-07-10 01:05:00,2026-07-10 23:00:00,1,4125.3099999999995,4108.43,0.07,-118.64999999999439,1121.0817233515568,TIME,friday,-0.10583528170032193
2026-07-10 01:07:00,2026-07-10 23:47:00,1,4126.62,4112.33,0.05,-71.79999999999981,533.9651063578842,TIME,season,-0.1344657153530865
2026-07-10 23:05:00,2026-07-10 23:55:00,1,4113.83,4119.24,0.47000000000000003,250.97999999999317,1169.8011798164177,TIME,fri_close,0.21454927925391612
2026-07-13 01:07:00,2026-07-13 23:47:00,1,4089.0900000000006,3999.54,0.05,-448.1000000000032,517.6961701894639,TIME,season,-0.8655656074025229
2026-07-14 01:07:00,2026-07-14 15:20:00,1,4003.3300000000004,4027.11,0.05,118.54999999999875,528.3750151759308,NEWS,season,0.22436715702866014
2026-07-15 01:07:00,2026-07-15 15:20:00,1,4052.7300000000005,4039.23,0.05,-67.85000000000227,533.4089426633643,NEWS,season,-0.1272007170731342
2026-07-16 01:07:00,2026-07-16 15:20:00,1,4063.4300000000003,4028.85,0.05,-173.2500000000019,518.1261610445525,NEWS,season,-0.3343780203082711
2026-07-16 18:15:00,2026-07-16 23:45:00,-1,3992.77,3974.8300000000004,0.11,196.5699999999956,1139.8775542980156,TIME,tday,0.17244834698148928
2026-07-17 01:05:00,2026-07-17 23:00:00,1,3978.9200000000005,4015.33,0.07,254.37999999999585,1082.993514036878,TIME,friday,0.234885986576032
2026-07-17 01:07:00,2026-07-17 23:47:00,1,3977.53,4016.19,0.05,192.94999999999928,515.8278638270847,TIME,season,0.37405889353949245
2026-07-17 23:05:00,2026-07-17 23:55:00,1,4014.1600000000003,4016.49,0.39,88.13999999997942,1152.4785908931065,TIME,fri_close,0.07647864411231783
2026-07-17 18:45:00,2026-07-17 23:57:00,1,4015.65,4018.34,0.11,28.8200000000006,1134.8213004195861,EOD,lw,0.025396068957592496
2026-07-20 01:05:00,2026-07-20 23:45:00,1,3996.8600000000006,4008.76,0.11,130.129999999996,1104.1740646753299,TIME,strong_close,0.11785279528210914
2026-07-20 01:07:00,2026-07-20 23:47:00,1,3999.9700000000003,4008.08,0.05,40.19999999999836,501.89730212514996,TIME,season,0.0800960671232585
2026-07-20 14:45:00,2026-07-21 15:47:00,1,4032.77,4054.23,0.11,226.54720000000037,1104.1740646753299,TIME,lw,0.20517344796231385
2026-07-21 01:07:00,2026-07-21 23:47:00,1,4006.9300000000003,4079.43,0.06,434.5799999999972,584.1484223680242,TIME,season,0.7439547610833123
2026-07-21 10:15:00,2026-07-22 11:17:00,1,4072.3900000000003,4114.29,0.12,492.42239999999566,1168.2968447360483,TIME,lw,0.42148740041427396
2026-07-22 01:05:00,2026-07-22 17:20:00,1,4078.8800000000006,4149.0,0.12,840.5999999999931,1159.8642129691875,NEWS,strong_close,0.7247400088740595
2026-07-22 01:07:00,2026-07-22 17:20:00,1,4078.7900000000004,4149.0,0.06,420.8399999999974,579.9321064845938,NEWS,season,0.7256711523544132
2026-07-22 10:15:00,2026-07-22 17:20:00,1,4116.71,4149.0,0.12,386.6399999999996,1159.8642129691875,NEWS,lw,0.3333493659660581
2026-07-23 01:07:00,2026-07-23 15:20:00,1,4123.14,4077.9,0.06,-271.86000000000143,576.7798131642654,NEWS,season,-0.47134104522235837
2026-07-23 18:15:00,2026-07-23 23:45:00,-1,4051.3399999999997,4050.1600000000003,0.12,13.319999999992579,1153.5596263285308,TIME,tday,0.011546867362536383
2026-07-24 01:05:00,2026-07-24 16:50:00,1,4049.2400000000002,4058.4,0.08,72.71999999999883,1157.4025101622076,NEWS,friday,0.0628303458490057
2026-07-24 01:07:00,2026-07-24 16:50:00,1,4049.4500000000003,4058.4,0.06,53.2799999999989,578.8412550811037,NEWS,season,0.09204596170764234
2026-07-24 23:05:00,2026-07-24 23:55:00,1,4054.3500000000004,4053.26,0.49,-56.84000000000713,1189.0252053797417,TIME,fri_close,-0.04780386466395724
2026-07-27 01:07:00,2026-07-27 15:20:00,1,4090.3800000000006,4084.38,0.06,-36.42000000000273,563.2740225753105,NEWS,season,-0.06465769508327242
2026-07-28 01:07:00,2026-07-28 16:50:00,1,4080.07,4025.13,0.06,-330.06000000000034,550.1387352485028,NEWS,season,-0.5999577540216454
2026-07-29 01:07:00,2026-07-29 17:20:00,1,4026.82,4007.73,0.06,-114.96000000000086,541.1088255878954,NEWS,season,-0.21245264272875414
2026-07-30 01:07:00,2026-07-30 15:20:00,1,4067.9900000000002,4074.99,0.06,41.57999999999726,554.0967666173314,NEWS,season,0.07504104428155438
2026-07-31 01:05:00,2026-07-31 16:35:00,1,4103.41,4035.49,0.08,-543.9200000000005,1107.3911380036159,NEWS,friday,-0.49117243341911637
2026-07-31 01:07:00,2026-07-31 16:35:00,1,4104.54,4035.49,0.06,-414.72000000000105,553.8355690018079,NEWS,season,-0.7488143109830623
2026-07-31 23:05:00,2026-07-31 23:55:00,1,4048.9100000000003,4046.7,0.47000000000000003,-107.16000000002309,1163.9835370091082,TIME,fri_close,-0.09206315776198522
2026-08-03 01:07:00,2026-08-03 16:35:00,1,4076.7400000000002,4030.97,0.06,-275.04000000000264,553.1815997873932,NEWS,season,-0.4971965808438133
2026-08-03 01:10:00,2026-08-03 16:35:00,1,4075.4200000000005,4030.97,0.06,-267.1200000000043,1105.9431995747864,NEWS,tom,-0.24153139157843437
2026-08-03 18:15:00,2026-08-03 23:45:00,-1,4033.2999999999997,4056.48,0.12,-279.00000000000347,1106.3631995747864,TIME,tday,-0.25217758517929084
2026-08-04 01:07:00,2026-08-04 16:50:00,1,4049.5900000000006,4092.63,0.06,257.81999999999704,541.2343426597222,NEWS,season,0.47635558145298673
2026-08-05 01:07:00,2026-08-05 15:05:00,1,4077.55,4194.8,0.06,703.08,529.9047467554565,NEWS,season,1.3268044951566766
2026-08-05 10:15:00,2026-08-05 15:05:00,1,4166.52,4194.8,0.13,366.72999999999666,1148.126951303489,NEWS,lw,0.31941589698216
2026-08-05 20:00:00,2026-08-06 15:20:00,1,4242.530000000001,4257.08,0.16,193.52959999998836,1137.3345679241072,NEWS,trendH4,0.17016065936800254
2026-08-06 01:05:00,2026-08-06 15:20:00,1,4249.64,4257.08,0.12,88.4399999999952,1157.4573868315622,NEWS,strong_close,0.07640886049558326
2026-08-06 01:07:00,2026-08-06 15:20:00,1,4246.5,4257.08,0.06,63.059999999999555,578.7286934157811,NEWS,season,0.10896297473658319
2026-08-06 04:00:00,2026-08-06 15:20:00,1,4295.01,4257.08,0.16,-608.0000000000047,1160.8712475515065,NEWS,trendH4,-0.5237445593405727
2026-08-07 01:05:00,2026-08-07 15:20:00,1,4236.84,4314.3,0.08,619.1200000000003,1143.7418592007364,NEWS,friday,0.5413109566809512
2026-08-07 01:07:00,2026-08-07 15:20:00,1,4237.7300000000005,4314.3,0.06,458.9999999999982,572.0109296003682,NEWS,season,0.8024322198190786
2026-08-07 10:15:00,2026-08-07 15:20:00,1,4291.47,4314.3,0.12,273.11999999999915,1144.0218592007363,NEWS,lw,0.23873669703375486
2026-08-07 12:00:00,2026-08-07 15:20:00,1,4306.33,4314.3,0.16,126.40000000000407,1180.337835483237,NEWS,trendH4,0.1070879846431892
2026-08-07 23:05:00,2026-08-07 23:55:00,1,4343.84,4341.36,0.3,-76.50000000001418,1175.8051621773307,TIME,fri_close,-0.0650617997444008
2026-08-07 16:00:00,2026-08-07 23:57:00,1,4361.6900000000005,4341.35,0.15,-306.1500000000022,1156.5008847272586,EOD,trendH4,-0.2647209388622323
2026-08-10 01:07:00,2026-08-10 23:47:00,1,4336.52,4390.1,0.06,321.05999999999955,592.1215774860565,TIME,season,0.5422197268390544
2026-08-11 01:05:00,2026-08-11 16:50:00,1,4390.1,4394.82,0.12,55.79999999999214,1169.8286439026763,NEWS,strong_close,0.04769929364512501
2026-08-11 01:07:00,2026-08-11 16:50:00,1,4390.84,4394.82,0.06,23.45999999999738,584.9143219513381,NEWS,season,0.0401084383123536
2026-08-11 04:00:00,2026-08-11 16:50:00,1,4409.64,4394.82,0.16,-238.2400000000099,1164.5101669906862,NEWS,trendH4,-0.2045838729048343
2026-08-12 01:07:00,2026-08-12 15:20:00,1,4373.97,4408.33,0.06,205.73999999999805,576.7990132405284,NEWS,season,0.35669270452479657
2026-08-12 10:45:00,2026-08-12 15:20:00,1,4408.09,4408.33,0.12,2.039999999997381,1153.5980264810569,NEWS,lw,0.0017683802790649794
2026-08-12 16:00:00,2026-08-12 17:20:00,1,4437.6,4436.29,0.16,-22.080000000006404,1162.706922772572,NEWS,trendH4,-0.01899016817355383
2026-08-13 01:07:00,2026-08-13 15:20:00,1,4403.900000000001,4386.44,0.06,-105.18000000000568,569.3962265804907,NEWS,season,-0.18472198284780392
2026-08-14 01:05:00,2026-08-14 15:20:00,1,4353.320000000001,4372.23,0.08,150.71999999999156,1148.112992220911,NEWS,friday,0.13127627770193473
2026-08-14 01:07:00,2026-08-14 15:20:00,1,4356.660000000001,4372.23,0.06,92.9999999999928,574.1964961104555,NEWS,season,0.16196546065669967
2026-08-14 23:05:00,2026-08-14 23:55:00,1,4374.360000000001,4375.99,0.48,74.87999999996158,1180.7912475817968,TIME,fri_close,0.06341510419670894
2026-08-17 01:07:00,2026-08-17 23:47:00,1,4373.910000000001,4416.6,0.06,255.7199999999976,570.0781749597089,TIME,season,0.4485700579891012
2026-08-18 03:30:00,2026-08-18 17:59:00,1,4431.62,4367.4,0.18,-1157.2200000000046,1156.3200000000013,SL,nr7,-1.000778331257786
2026-08-17 17:30:00,2026-08-18 18:32:00,1,4418.43,4357.82,0.12,-737.697600000007,1140.1563499194178,TIME,lw,-0.6470144204802656
2026-08-18 01:07:00,2026-08-18 23:47:00,1,4416.110000000001,4331.95,0.06,-505.3800000000046,555.7797338911582,TIME,season,-0.9093170714623003
2026-08-19 01:07:00,2026-08-19 17:20:00,1,4342.96,4471.42,0.06,770.3400000000003,561.9554671846471,NEWS,season,1.3708203674204709
2026-08-19 15:15:00,2026-08-19 17:20:00,1,4368.4800000000005,4471.42,0.12,1234.4399999999953,1123.9109343692942,NEWS,tday900,1.0983432603516103
2026-08-19 15:45:00,2026-08-19 17:20:00,1,4417.75,4471.42,0.12,643.2000000000008,1123.9109343692942,NEWS,lw,0.5722873408656227
2026-08-19 18:15:00,2026-08-19 23:45:00,1,4485.650000000001,4519.44,0.12,404.6399999999887,1123.9109343692942,TIME,tday,0.3600285286191835
2026-08-19 20:00:00,2026-08-20 15:20:00,1,4493.530000000001,4466.94,0.15,-435.66600000001586,1145.9299847720654,NEWS,trendH4,-0.3801855312187099
2026-08-20 01:05:00,2026-08-20 15:20:00,1,4521.6,4466.94,0.11,-602.0300000000084,1113.537997707197,NEWS,strong_close,-0.5406461218562846
2026-08-20 01:07:00,2026-08-20 15:20:00,1,4523.410000000001,4466.94,0.05,-282.70000000000584,506.15363532145324,NEWS,season,-0.5585260685136951
2026-08-21 01:05:00,2026-08-21 23:00:00,1,4520.04,4616.97,0.07,678.0200000000021,1054.4945888768339,TIME,friday,0.642981013987162
2026-08-21 15:15:00,2026-08-21 23:45:00,1,4593.070000000001,4607.91,0.11,162.4699999999916,1104.9652835852546,TIME,tday900,0.1470362937311741
2026-08-21 18:15:00,2026-08-21 23:45:00,1,4595.43,4607.91,0.11,136.5099999999952,1104.9652835852546,TIME,tday,0.12354234293865272
2026-08-21 01:07:00,2026-08-21 23:47:00,1,4520.63,4607.8,0.05,435.50000000000034,502.2569470842066,TIME,season,0.8670860652664819
2026-08-21 23:05:00,2026-08-21 23:55:00,1,4617.58,4604.92,0.35000000000000003,-445.54999999999495,1170.0886865231787,TIME,fri_close,-0.38078310228253703
2026-08-21 10:15:00,2026-08-21 23:57:00,1,4561.77,4603.34,0.11,456.4999999999968,1104.9652835852546,EOD,lw,0.41313515164820575
2026-08-21 12:00:00,2026-08-21 23:57:00,1,4584.27,4603.34,0.15,284.9999999999956,1149.3832397130304,EOD,trendH4,0.2479590707022597
2026-08-24 15:15:00,2026-08-24 23:45:00,1,4657.58,4647.79,0.11,-108.4599999999996,1122.9884776148788,TIME,tday900,-0.09658157867332563
2026-08-24 18:15:00,2026-08-24 23:45:00,1,4673.17,4647.79,0.11,-279.9500000000012,1122.9884776148788,TIME,tday,-0.24929018024707475
2026-08-24 01:07:00,2026-08-24 23:47:00,1,4611.200000000001,4649.34,0.05,190.3499999999971,510.44930800676315,TIME,season,0.37290676471536144
2026-08-25 04:00:00,2026-08-25 16:47:00,1,4684.650000000001,4606.519295552306,0.15,-1173.0105667154155,1172.260566715406,SL,trendH4,-1.0006397894984311
2026-08-24 16:00:00,2026-08-25 16:50:00,1,4662.99,4607.03,0.15,-852.3720000000005,1173.583872827414,NEWS,trendH4,-0.7262983240784099
2026-08-24 16:15:00,2026-08-25 16:50:00,1,4677.39,4607.03,0.11,-783.4728000000064,1122.9884776148788,NEWS,lw,-0.6976677104150066
2026-08-25 01:07:00,2026-08-25 16:50:00,1,4658.080000000001,4607.03,0.05,-255.60000000000548,504.80292886342295,NEWS,season,-0.506336206439007
2026-08-26 01:07:00,2026-08-26 15:20:00,1,4661.160000000001,4628.97,0.05,-161.30000000000254,501.41343394460694,NEWS,season,-0.3216906231072819
2026-08-27 01:07:00,2026-08-27 15:20:00,1,4604.910000000001,4594.67,0.05,-51.55000000000346,498.0089029485637,NEWS,season,-0.10351220569510129
2026-08-28 01:07:00,2026-08-28 19:13:00,1,4602.52,4504.488346595267,0.06,-588.6099204284,588.3099204283999,SL,season,-1.000509935307196
2026-08-28 01:05:00,2026-08-28 21:17:00,1,4602.22,4455.1975198929,0.08,-1176.7398408567992,1176.3398408567996,SL,friday,-1.0003400377901919
2026-08-28 23:05:00,2026-08-28 23:55:00,1,4460.74,4454.44,0.19,-121.03000000000344,1158.4063353410302,TIME,fri_close,-0.10447974627518995
2026-08-31 01:07:00,2026-08-31 16:35:00,1,4453.96,4438.39,0.05,-78.19999999999855,521.6862479505475,NEWS,season,-0.14989852676241414
2026-09-01 01:10:00,2026-09-01 16:35:00,1,4455.910000000001,4352.96,0.05,-515.1000000000037,1022.5601747653029,NEWS,tom,-0.5037356360159723
2026-09-03 01:05:00,2026-09-03 15:20:00,1,4391.570000000001,4441.24,0.11,545.5999999999908,1161.8655688207639,NEWS,strong_close,0.4695896105723727
2026-09-03 11:30:00,2026-09-03 15:20:00,1,4438.570000000001,4441.24,0.11,28.5999999999908,1161.8655688207639,NEWS,lw,0.024615584425157194
2026-09-03 18:15:00,2026-09-03 23:45:00,1,4503.89,4472.42,0.11,-346.9400000000028,1161.8655688207639,TIME,tday,-0.29860597414219764
2026-09-04 01:05:00,2026-09-04 15:20:00,1,4476.7300000000005,4467.85,0.07,-62.65000000000077,1126.8953905456774,NEWS,friday,-0.05559522252519262
2026-09-04 23:05:00,2026-09-04 23:55:00,1,4432.95,4431.21,0.3,-54.29999999999345,1137.8794398606171,TIME,fri_close,-0.047720345493407326
2026-09-08 05:00:00,2026-09-08 19:09:00,1,4437.33,4381.349999999999,0.2,-1121.0000000000095,1120.000000000006,SL,inside,-1.0008928571428604
2026-09-09 10:15:00,2026-09-09 19:50:00,1,4406.780000000001,4406.89,0.11,0.4399999999963984,1146.2288164069614,NEWS,lw,0.00038386750856225126
2026-09-09 15:15:00,2026-09-09 19:50:00,1,4399.41,4406.89,0.11,81.5100000000052,1146.2288164069614,NEWS,tday900,0.07111145596174367
2026-09-11 01:05:00,2026-09-11 15:20:00,1,4322.580000000001,4331.26,0.07,60.26999999999567,1098.7081816856005,NEWS,friday,0.05485533010915737
2026-09-11 23:05:00,2026-09-11 23:55:00,1,4349.05,4348.49,0.31,-19.530000000012407,1147.1148327904552,TIME,fri_close,-0.01702532252373026
2026-09-11 16:00:00,2026-09-11 23:57:00,1,4388.900000000001,4348.18,0.11,-448.6900000000028,1151.2842855753906,EOD,lw,-0.3897299786175365
2026-09-14 12:30:00,2026-09-15 13:32:00,-1,4287.91,4274.4800000000005,0.11,150.7450999999932,1155.5725508914343,TIME,lw,0.13045057178253766
2026-09-16 10:15:00,2026-09-16 15:20:00,1,4335.6900000000005,4342.35,0.11,72.4899999999984,1114.708372962512,NEWS,lw,0.06503046156130045
2026-09-17 10:15:00,2026-09-17 15:20:00,1,4323.14,4365.52,0.11,465.4100000000012,1138.6356320366185,NEWS,lw,0.408743576000293
2026-09-18 01:05:00,2026-09-18 23:00:00,1,4343.2300000000005,4376.58,0.07,232.9599999999962,1101.8352193051846,TIME,friday,0.21142907389264645
2026-09-18 23:05:00,2026-09-18 23:55:00,1,4377.74,4378.31,0.38,19.0000000000235,1157.8175073602617,TIME,fri_close,0.01641018543875891
2026-09-18 10:30:00,2026-09-18 23:57:00,1,4395.91,4378.29,0.11,-194.5899999999988,1154.5602297482885,EOD,lw,-0.1685403628032661
2026-09-21 10:45:00,2026-09-22 11:47:00,-1,4347.07,4316.86,0.11,335.3251000000004,1123.3673561948399,TIME,lw,0.2984999503064078
2026-09-22 10:30:00,2026-09-23 11:32:00,-1,4315.25,4317.63,0.11,-23.1649000000012,1090.8275450380656,TIME,lw,-0.021236079071685742
2026-09-23 10:30:00,2026-09-23 17:20:00,-1,4323.74,4278.21,0.11,500.0599999999972,1079.2884346782039,NEWS,lw,0.4633237825337145
2026-09-24 13:30:00,2026-09-24 15:20:00,-1,4245.61,4269.43,0.11,-262.7900000000068,1076.462117915475,NEWS,lw,-0.24412377883662914
2026-09-25 01:05:00,2026-09-25 15:20:00,1,4274.63,4299.57,0.08,198.9599999999968,1140.750716849442,NEWS,friday,0.17441146173415542
2026-09-25 13:15:00,2026-09-25 15:20:00,1,4307.54,4299.57,0.12,-96.48000000000306,1141.030716849442,NEWS,lw,-0.08455512947661822
2026-09-25 23:05:00,2026-09-25 23:55:00,1,4291.55,4285.14,0.35000000000000003,-226.79999999999492,1149.9509718411914,TIME,fri_close,-0.19722579966767145
