entry_time,exit_time,dir,entry,exit,lots,pnl,risk_usd,reason,leg,R
2025-01-02 01:15:00,2025-01-02 09:10:00,1,2625.1,2634.37,0.23,211.59999999999957,480.5510869548342,TIME,drift,0.44032779395187865
2025-01-02 01:10:00,2025-01-02 15:20:00,1,2625.49,2637.63,0.07,84.4900000000023,482.5246342030832,NEWS,tom,0.17509986850628326
2025-01-02 10:15:00,2025-01-02 15:20:00,1,2635.29,2637.63,0.14,31.780000000002044,483.01463420308323,NEWS,lw,0.06579510795244387
2025-01-03 01:15:00,2025-01-03 09:10:00,1,2658.29,2656.05,0.19,-43.88999999999585,477.82278835056593,TIME,drift,-0.09185413728697032
2025-01-03 01:05:00,2025-01-03 16:50:00,1,2658.04,2648.85,0.09,-83.34000000000047,469.6234607277609,NEWS,friday,-0.17746132161040476
2025-01-03 17:30:00,2025-01-03 23:57:00,-1,2642.47,2640.06,0.14,32.759999999997966,487.34358890286325,EOD,lw,0.06722156758797057
2025-01-06 10:15:00,2025-01-06 16:35:00,-1,2628.02,2625.34,0.14,36.53999999999771,481.21333255265887,NEWS,lw,0.07593305822630997
2025-01-07 01:15:00,2025-01-07 09:10:00,1,2635.85,2641.49,0.17,94.68999999999785,487.0086284397889,TIME,drift,0.19443187342152976
2025-01-07 15:00:00,2025-01-07 16:50:00,1,2651.8500000000004,2660.06,0.14,113.95999999999415,481.76095165604033,NEWS,lw,0.23654885189067257
2025-01-08 01:15:00,2025-01-08 09:10:00,1,2649.3700000000003,2653.68,0.2,84.79999999998981,501.57334091619407,TIME,drift,0.16906799680599194
2025-01-08 16:15:00,2025-01-08 17:20:00,1,2662.48,2666.0,0.14,48.299999999999756,478.75945510918,NEWS,lw,0.10088573600908843
2025-01-09 01:15:00,2025-01-09 09:10:00,1,2662.43,2665.37,0.19,54.530000000001046,492.1926021115313,TIME,drift,0.11078996264077227
2025-01-10 01:15:00,2025-01-10 09:10:00,1,2670.77,2677.62,0.24,162.7199999999978,498.9934379721902,TIME,drift,0.3260964726535472
2025-01-09 14:15:00,2025-01-10 15:17:00,1,2671.81,2679.48,0.15,102.0780000000011,502.84537625658214,TIME,lw,0.20300077284177856
2025-01-10 01:05:00,2025-01-10 15:20:00,1,2670.64,2679.12,0.1,84.10000000000018,490.93142080968386,NEWS,friday,0.1713070226006224
2025-01-10 09:00:00,2025-01-10 15:20:00,1,2678.4700000000003,2679.12,0.22,12.759999999991997,501.8200000000052,NEWS,nr7,0.025427444103447182
2025-01-10 11:00:00,2025-01-10 15:20:00,1,2680.26,2679.12,0.15,-18.150000000004912,491.28142080968377,NEWS,lw,-0.03694420189978239
2025-01-10 18:15:00,2025-01-10 23:45:00,1,2691.55,2689.64,0.15,-29.70000000000464,491.28142080968377,TIME,tday,-0.06045414856327336
2025-01-10 23:05:00,2025-01-10 23:55:00,1,2692.62,2689.08,0.33,-119.12999999999882,494.329055873002,TIME,fri_close,-0.24099331929742865
2025-01-13 14:00:00,2025-01-14 15:02:00,-1,2675.9199999999996,2669.27,0.15,103.86149999999455,492.5220336089923,TIME,lw,0.2108768601456093
2025-01-15 01:15:00,2025-01-15 09:10:00,1,2676.71,2681.44,0.23,107.18000000000043,504.58171570666946,TIME,drift,0.21241356288523902
2025-01-15 08:00:00,2025-01-15 15:20:00,1,2679.53,2685.41,0.25,145.24999999999136,486.99999999999636,NEWS,inside,0.29825462012318776
2025-01-15 11:30:00,2025-01-15 15:20:00,1,2685.79,2685.41,0.15,-6.750000000001637,480.887110611835,NEWS,lw,-0.014036558375236092
2025-01-16 01:15:00,2025-01-16 09:10:00,1,2695.93,2696.36,0.22,7.920000000006403,498.3955649811566,TIME,drift,0.01589099212852314
2025-01-16 12:15:00,2025-01-16 15:20:00,1,2708.3900000000003,2707.8,0.15,-9.900000000002183,476.6666027109899,NEWS,lw,-0.0207692335559005
2025-01-16 18:15:00,2025-01-16 23:45:00,1,2718.8300000000004,2713.78,0.15,-76.80000000000273,476.6666027109899,TIME,tday,-0.16111890273665286
2025-01-17 01:15:00,2025-01-17 09:10:00,1,2714.43,2714.23,0.22,-5.939999999995998,499.4071278841239,TIME,drift,-0.011894103364448256
2025-01-17 01:05:00,2025-01-17 23:00:00,1,2714.36,2701.09,0.1,-133.3999999999998,479.67255966020457,TIME,friday,-0.27810638176696845
2025-01-17 23:05:00,2025-01-17 23:55:00,1,2700.77,2702.6,0.46,80.95999999999665,502.94107803263165,TIME,fri_close,0.1609731309215984
2025-01-21 01:15:00,2025-01-21 09:10:00,1,2707.11,2724.13,0.21,355.9499999999996,497.69049455048605,TIME,drift,0.7152035329135501
2025-01-21 15:15:00,2025-01-21 23:45:00,1,2728.18,2744.07,0.16,253.12000000000526,488.7587079323782,TIME,tday900,0.5178833561263638
2025-01-21 18:15:00,2025-01-21 23:45:00,1,2740.54,2744.07,0.16,55.36000000000321,488.7587079323782,TIME,tday,0.11326652415912046
2025-01-22 01:15:00,2025-01-22 09:10:00,1,2743.3300000000004,2749.87,0.2,129.39999999999017,495.39174415538605,TIME,drift,0.2612074212512556
2025-01-21 10:15:00,2025-01-22 11:17:00,1,2726.84,2757.32,0.16,473.8432000000003,488.7587079323782,TIME,lw,0.9694828804268762
2025-01-22 15:15:00,2025-01-22 23:45:00,1,2759.91,2756.01,0.16,-63.51999999999418,503.28737165149414,TIME,tday900,-0.12621020033059596
2025-01-23 01:15:00,2025-01-23 09:10:00,1,2755.33,2753.72,0.23,-38.640000000002935,507.27960537470324,TIME,drift,-0.07617101020937242
2025-01-21 08:00:00,2025-01-23 15:20:00,1,2726.38,2742.8,0.22,289.75760000000156,501.84185870886637,NEWS,trendH4,0.5773882647921936
2025-01-21 20:00:00,2025-01-23 15:20:00,1,2740.3700000000003,2742.8,0.2,-16.384000000003276,484.69333737319386,NEWS,trendH4,-0.033802816619672806
2025-01-22 04:00:00,2025-01-23 15:20:00,1,2748.22,2742.8,0.12,-94.49279999999541,279.0445421875841,NEWS,trendH4,-0.3386298089158606
2025-01-24 01:15:00,2025-01-24 09:10:00,1,2754.45,2773.23,0.22,411.6200000000044,500.63446991252255,TIME,drift,0.8221966818863432
2025-01-24 01:05:00,2025-01-24 16:50:00,1,2754.15,2778.27,0.11,264.5499999999988,497.86220530937237,NEWS,friday,0.5313719281735938
2025-01-24 08:00:00,2025-01-24 16:50:00,1,2775.4,2778.27,0.22,61.5999999999976,511.57061233934934,NEWS,trendH4,0.12041348450081679
2025-01-24 10:15:00,2025-01-24 16:50:00,1,2771.73,2778.27,0.17,109.9899999999994,513.3456054702625,NEWS,lw,0.21426111147720925
2025-01-24 15:15:00,2025-01-24 16:50:00,1,2782.21,2778.27,0.17,-68.17000000000093,513.3456054702625,NEWS,tday900,-0.1327955265878865
2025-01-24 16:00:00,2025-01-24 16:50:00,1,2782.61,2778.27,0.22,-97.02000000000321,507.8545276362627,NEWS,trendH4,-0.19103895844262553
2025-01-24 23:05:00,2025-01-24 23:55:00,1,2771.97,2771.64,0.49,-19.599999999996434,511.7859275937147,TIME,fri_close,-0.03829726247486048
2025-01-27 10:15:00,2025-01-27 16:50:00,-1,2754.45,2750.06,0.16,69.11999999999796,485.62103335216216,NEWS,lw,0.14233320892810997
2025-01-28 01:15:00,2025-01-28 09:10:00,1,2740.86,2740.84,0.18,-1.6199999999996726,504.67461483188106,TIME,drift,-0.003209989074919753
2025-01-28 18:15:00,2025-01-28 23:45:00,1,2757.5200000000004,2763.62,0.16,96.47999999999126,499.1052452555795,TIME,tday,0.19330592278305195
2025-01-29 01:15:00,2025-01-29 09:10:00,1,2764.2400000000002,2759.59,0.28,-132.16000000000255,516.1982759175493,TIME,drift,-0.25602565170347846
2025-01-29 03:15:00,2025-01-29 17:20:00,1,2765.4,2758.18,0.16,-116.6400000000041,487.20000000000175,NEWS,inside,-0.23940886699508143
2025-01-30 01:15:00,2025-01-30 09:10:00,1,2760.15,2765.82,0.23,128.80000000000166,503.84938174353556,TIME,drift,0.2556319500766246
2025-01-30 09:15:00,2025-01-30 15:20:00,1,2766.66,2780.72,0.23,321.76999999999873,497.7199999999933,NEWS,nr7,0.6464879852125754
2025-01-30 10:15:00,2025-01-30 15:20:00,1,2771.18,2780.72,0.16,151.5199999999994,486.87503289894363,NEWS,lw,0.3112092215898224
2025-01-30 18:15:00,2025-01-30 23:45:00,1,2794.0800000000004,2792.89,0.17,-21.420000000008663,517.3047224551276,TIME,tday,-0.041406929166139
2025-01-31 01:15:00,2025-01-31 09:10:00,1,2795.65,2794.11,0.21,-33.809999999999235,504.82187074866977,TIME,drift,-0.06697411891021626
2025-01-30 20:00:00,2025-01-31 16:35:00,1,2795.82,2808.8,0.23,278.6496000000004,513.6431489975749,NEWS,trendH4,0.5424964794017256
2025-01-31 01:05:00,2025-01-31 16:35:00,1,2794.6600000000003,2808.8,0.11,154.7699999999986,513.3613149858188,NEWS,friday,0.3014835662174388
2025-01-31 15:15:00,2025-01-31 16:35:00,1,2804.9600000000005,2808.8,0.16,60.319999999995055,498.17824483473345,NEWS,tday900,0.12108116045895526
2025-01-31 16:00:00,2025-01-31 16:35:00,1,2806.6400000000003,2808.8,0.23,48.069999999996654,500.3045742124203,NEWS,trendH4,0.09608147212259346
2025-01-31 23:05:00,2025-01-31 23:55:00,1,2801.84,2800.09,0.3,-54.6,513.4632706046341,TIME,fri_close,-0.10633671992877931
2025-01-31 20:00:00,2025-01-31 23:57:00,1,2808.7,2798.77,0.23,-229.99999999999625,507.7078455017991,EOD,trendH4,-0.45301643856354634
2025-02-03 01:10:00,2025-02-03 16:35:00,1,2802.3,2815.47,0.08,104.79999999999694,491.88551306082405,NEWS,tom,0.21305770797733967
2025-02-03 16:15:00,2025-02-03 16:35:00,1,2814.5800000000004,2815.47,0.16,13.11999999999069,492.445513060824,NEWS,lw,0.026642541462998735
2025-02-03 18:15:00,2025-02-03 23:45:00,1,2819.78,2813.22,0.16,-106.08000000000641,492.445513060824,TIME,tday,-0.2154146949997776
2025-02-04 01:15:00,2025-02-04 09:10:00,1,2813.35,2812.93,0.16,-7.840000000001164,518.2308966724054,TIME,drift,-0.015128391707909195
2025-02-04 16:00:00,2025-02-04 16:50:00,1,2831.82,2840.82,0.19,169.67,510.40348423534454,NEWS,trendH4,0.33242327930850485
2025-02-04 18:15:00,2025-02-04 23:45:00,1,2837.8300000000004,2842.14,0.15,63.59999999999236,491.3806921734853,TIME,tday,0.12943121496832838
2025-02-05 01:15:00,2025-02-05 09:10:00,1,2841.46,2855.14,0.18,244.97999999999706,497.04293858896796,TIME,drift,0.4928749228295233
2025-02-04 20:00:00,2025-02-05 15:05:00,1,2844.19,2869.84,0.19,470.9188000000018,516.0718100235766,NEWS,trendH4,0.9125063428256002
2025-02-05 08:00:00,2025-02-05 15:05:00,1,2859.42,2869.84,0.19,196.65000000000137,497.65715186896426,NEWS,trendH4,0.39515156018852987
2025-02-05 10:15:00,2025-02-05 15:05:00,1,2865.2200000000003,2869.84,0.15,68.24999999999837,497.28564273252186,NEWS,lw,0.13724506427527894
2025-02-05 12:00:00,2025-02-05 15:05:00,1,2870.48,2869.84,0.19,-13.48999999999758,505.7867942755155,NEWS,trendH4,-0.026671317149196308
2025-02-06 01:15:00,2025-02-06 09:10:00,1,2866.73,2860.04,0.16,-108.16000000000088,508.02513312422815,TIME,drift,-0.21290285253181038
2025-02-06 17:00:00,2025-02-07 15:20:00,-1,2841.77,2860.72,0.15,-280.1384999999973,507.4295253944848,NEWS,lw,-0.5520737087228272
2025-02-07 23:05:00,2025-02-07 23:55:00,1,2861.29,2861.88,0.33,17.160000000004803,518.8927466701217,TIME,fri_close,0.03307041794306294
2025-02-07 16:30:00,2025-02-07 23:57:00,1,2873.63,2861.36,0.15,-185.09999999999974,513.1631307234503,EOD,lw,-0.3607040118783442
2025-02-10 15:15:00,2025-02-10 23:45:00,1,2905.17,2907.85,0.15,39.14999999999755,513.269335671775,TIME,tday900,0.07627574312180058
2025-02-10 18:15:00,2025-02-10 23:45:00,1,2908.41,2907.85,0.15,-9.449999999999182,513.269335671775,TIME,tday,-0.018411386270779012
2025-02-11 01:15:00,2025-02-11 09:10:00,1,2911.38,2915.66,0.18,75.77999999999541,519.9100205427239,TIME,drift,0.145755990470986
2025-02-10 10:15:00,2025-02-11 11:17:00,1,2894.3700000000003,2909.72,0.15,217.2779999999918,513.269335671775,TIME,lw,0.4233216069992082
2025-02-11 04:00:00,2025-02-11 11:59:00,1,2934.06,2903.5910267056797,0.17,-519.1625460034439,518.3125460034381,SL,trendH4,-1.0016399371509719
2025-02-10 12:00:00,2025-02-11 16:50:00,1,2903.25,2900.75,0.17,-57.201600000000006,511.3025715774909,NEWS,trendH4,-0.11187426619725258
2025-02-12 01:15:00,2025-02-12 09:10:00,1,2898.33,2893.46,0.14,-69.15999999999848,498.58847574539504,TIME,drift,-0.13871158954607513
2025-02-13 01:15:00,2025-02-13 09:10:00,1,2904.37,2916.35,0.15,178.65000000000026,499.7847501062396,TIME,drift,0.357453883821034
2025-02-13 18:15:00,2025-02-13 19:50:00,1,2920.16,2918.56,0.13,-21.709999999998818,495.7733283800191,NEWS,tday,-0.043790173365997845
2025-02-14 01:15:00,2025-02-14 09:10:00,1,2928.19,2933.49,0.19,99.36999999999482,506.9549087268682,TIME,drift,0.19601348816119726
2025-02-14 01:05:00,2025-02-14 15:20:00,1,2928.37,2928.92,0.09,4.320000000001637,505.7935666521611,NEWS,friday,0.008541033901628371
2025-02-14 01:30:00,2025-02-14 15:20:00,1,2931.08,2928.92,0.17,-37.909999999997524,518.4999999999973,NEWS,nr7,-0.07311475409835627
2025-02-14 17:15:00,2025-02-14 23:57:00,-1,2914.3799999999997,2882.88,0.13,408.58999999999406,487.36380492430334,EOD,lw,0.8383675518608849
2025-02-17 18:15:00,2025-02-18 03:30:00,1,2901.0,2895.11,0.13,-87.81239999999835,511.07996171542464,TIME,tday,-0.17181734088196032
2025-02-18 01:15:00,2025-02-18 09:10:00,1,2897.76,2914.77,0.2,338.79999999999535,505.9380774943661,TIME,drift,0.6696471664633071
2025-02-18 15:15:00,2025-02-18 23:45:00,1,2914.78,2935.37,0.13,266.75999999999596,500.1935358786086,TIME,tday900,0.5333135693795444
2025-02-18 18:15:00,2025-02-18 23:45:00,1,2928.42,2935.37,0.13,89.43999999999765,500.1935358786086,TIME,tday,0.1788107873943092
2025-02-18 05:15:00,2025-02-19 06:17:00,1,2909.05,2928.16,0.17,310.16839999999445,510.85000000000036,TIME,inside,0.6071613976705378
2025-02-19 01:15:00,2025-02-19 09:10:00,1,2935.0,2933.33,0.22,-38.2800000000016,516.3245620704394,TIME,drift,-0.07413941309803361
2025-02-18 10:15:00,2025-02-19 11:17:00,1,2911.69,2942.81,0.13,393.31759999999855,500.1935358786086,TIME,lw,0.7863308335425038
2025-02-20 01:15:00,2025-02-20 09:10:00,1,2934.18,2948.4,0.18,254.7000000000046,529.6385862180232,TIME,drift,0.4808939654845286
2025-02-19 12:00:00,2025-02-20 15:20:00,1,2945.7,2944.68,0.18,-62.53919999999968,516.1886468441652,NEWS,trendH4,-0.12115570612090575
2025-02-20 10:15:00,2025-02-20 15:20:00,1,2954.47,2944.68,0.13,-128.17999999999952,496.5466712422695,NEWS,lw,-0.25814290463234096
2025-02-20 12:00:00,2025-02-20 15:20:00,1,2951.68,2944.68,0.18,-127.26,515.6714435394002,NEWS,trendH4,-0.24678504422608505
2025-02-21 01:15:00,2025-02-21 09:10:00,1,2939.08,2932.43,0.18,-120.96000000000163,512.7420774768194,TIME,drift,-0.23590808188639464
2025-02-21 01:05:00,2025-02-21 16:50:00,1,2939.82,2937.82,0.09,-18.63,508.21714726933124,NEWS,friday,-0.0366575588802929
2025-02-21 23:05:00,2025-02-21 23:55:00,1,2934.6,2935.88,0.37,44.7700000000074,517.6583996001639,TIME,fri_close,0.08648560524582904
2025-02-25 01:15:00,2025-02-25 09:10:00,1,2950.3,2937.95,0.18,-223.56000000000654,528.6104508352705,TIME,drift,-0.4229201288902893
2025-02-24 15:15:00,2025-02-25 16:17:00,1,2950.69,2940.06,0.14,-160.92720000000156,522.7876232963936,TIME,lw,-0.30782519101215244
2025-02-26 01:15:00,2025-02-26 09:10:00,1,2914.95,2909.77,0.13,-68.24999999999788,496.52812991458273,TIME,drift,-0.1374544479720391
2025-02-27 01:15:00,2025-02-27 09:10:00,1,2917.68,2891.29,0.17,-449.81999999999783,506.9370185225757,TIME,drift,-0.887329162330578
2025-02-27 10:15:00,2025-02-27 15:20:00,-1,2885.2599999999998,2889.25,0.13,-52.78000000000308,509.6685289714777,NEWS,lw,-0.10355750257233712
2025-02-28 01:15:00,2025-02-28 09:10:00,1,2877.88,2864.3,0.14,-191.099999999999,499.99828850605115,TIME,drift,-0.3822013082704507
2025-02-28 01:05:00,2025-02-28 16:35:00,1,2876.85,2844.05,0.08,-262.9599999999978,482.10159626126654,NEWS,friday,-0.5454451966956178
2025-02-28 23:05:00,2025-02-28 23:55:00,1,2854.52,2859.13,0.28,127.12000000000357,516.5736074559163,TIME,fri_close,0.24608303282480767
2025-03-03 01:10:00,2025-03-03 16:35:00,1,2874.03,2878.79,0.06,28.13999999999858,492.5314822426047,NEWS,tom,0.057133403679843854
2025-03-03 15:15:00,2025-03-03 16:35:00,1,2875.03,2878.79,0.12,44.27999999999716,492.9514822426047,NEWS,tday900,0.08982628432021811
2025-03-03 18:15:00,2025-03-03 23:45:00,1,2887.63,2894.08,0.12,76.55999999999781,492.9514822426047,TIME,tday,0.15530940215799782
2025-03-04 01:15:00,2025-03-04 09:10:00,1,2892.79,2889.67,0.15,-47.84999999999836,499.0315639832494,TIME,drift,-0.0958857183663126
2025-03-04 15:15:00,2025-03-04 23:45:00,1,2926.7200000000003,2916.24,0.12,-126.60000000000566,491.7778049395613,TIME,tday900,-0.25743333417734177
2025-03-05 01:15:00,2025-03-05 09:10:00,1,2917.12,2918.57,0.15,20.700000000004092,507.84010525271714,TIME,drift,0.040760861117306056
2025-03-04 10:30:00,2025-03-05 11:32:00,1,2914.13,2914.86,0.12,-1.617599999999781,491.7778049395613,TIME,lw,-0.003289290374132646
2025-03-06 01:15:00,2025-03-06 09:10:00,1,2917.82,2920.8,0.14,40.74000000000026,518.918094345149,TIME,drift,0.0785094997533518
2025-03-06 10:45:00,2025-03-06 15:20:00,-1,2904.43,2905.4700000000003,0.12,-13.32000000000502,491.1704542591116,NEWS,lw,-0.027118895048557218
2025-03-07 01:15:00,2025-03-07 09:10:00,1,2911.16,2913.39,0.16,34.560000000000294,521.4199915230553,TIME,drift,0.06628054267549537
2025-03-07 01:05:00,2025-03-07 15:20:00,1,2912.83,2914.58,0.08,13.440000000000001,486.13256466917534,NEWS,friday,0.027646779863731694
2025-03-07 17:00:00,2025-03-07 19:20:00,1,2926.9600000000005,2905.89,0.12,-253.68000000000742,486.4125646691753,NEWS,lw,-0.5215325804187301
2025-03-07 23:05:00,2025-03-07 23:55:00,1,2909.56,2912.2,0.3,77.09999999999619,514.9412324099077,TIME,fri_close,0.14972582335108567
2025-03-10 14:45:00,2025-03-11 15:47:00,-1,2897.39,2915.5299999999997,0.13,-232.25669999999838,520.4893061255393,TIME,lw,-0.4462276117234564
2025-03-11 18:15:00,2025-03-11 23:45:00,1,2919.67,2916.64,0.13,-40.3000000000026,518.6622128308579,TIME,tday,-0.0776998960075484
2025-03-12 01:15:00,2025-03-12 09:10:00,1,2917.54,2920.23,0.19,49.78000000000103,498.1861948580519,TIME,drift,0.09992247981537272
2025-03-12 18:15:00,2025-03-12 19:50:00,1,2928.1600000000003,2934.6,0.13,82.8099999999948,520.5406262000823,NEWS,tday,0.15908460518154596
2025-03-12 19:15:00,2025-03-12 19:50:00,1,2933.9,2934.6,0.13,8.189999999997635,520.5406262000823,NEWS,lw,0.015733642270698792
2025-03-13 01:15:00,2025-03-13 09:10:00,1,2935.36,2935.48,0.19,0.9499999999979263,497.879476083299,TIME,drift,0.0019080923107563166
2025-03-13 12:45:00,2025-03-13 15:20:00,1,2948.1200000000003,2947.76,0.13,-5.590000000001656,515.413438614362,NEWS,lw,-0.010845662105803485
2025-03-13 18:15:00,2025-03-13 19:50:00,1,2972.8500000000004,2981.96,0.13,117.51999999999575,515.413438614362,NEWS,tday,0.22801112892193232
2025-03-14 01:15:00,2025-03-14 09:10:00,1,2983.93,2984.31,0.17,5.270000000001856,515.1431146019978,TIME,drift,0.01023016682281289
2025-03-14 01:05:00,2025-03-14 23:00:00,1,2984.48,2983.93,0.08,-4.960000000001456,489.700090240882,TIME,friday,-0.01012864832751337
2025-03-14 23:05:00,2025-03-14 23:55:00,1,2982.86,2988.12,0.39,202.4099999999908,518.1233733591636,TIME,fri_close,0.3906598513163003
2025-03-17 13:00:00,2025-03-17 15:20:00,1,2995.8700000000003,2988.78,0.13,-93.08000000000189,517.5409241113633,NEWS,lw,-0.17985051164760285
2025-03-18 01:15:00,2025-03-18 09:10:00,1,3000.62,3016.35,0.22,344.5200000000004,517.220378400162,TIME,drift,0.6660990447933451
2025-03-18 15:15:00,2025-03-18 23:45:00,1,3030.3100000000004,3033.91,0.13,45.88999999999291,498.9594295319802,TIME,tday900,0.09197140545682711
2025-03-18 02:45:00,2025-03-19 03:47:00,1,3002.51,3032.18,0.25,720.1299999999904,505.5000000000023,TIME,inside,1.4245895153313297
2025-03-18 10:15:00,2025-03-19 11:17:00,1,3018.46,3032.36,0.13,169.45760000000118,498.9594295319802,TIME,lw,0.33962200124958253
2025-03-18 08:00:00,2025-03-19 17:20:00,1,3014.63,3027.61,0.19,230.1888000000003,519.8657888347763,NEWS,trendH4,0.442785051341701
2025-03-18 12:00:00,2025-03-19 17:20:00,1,3026.8100000000004,3027.61,0.18,-1.166400000004911,505.94020995129796,NEWS,trendH4,-0.0023054107522254247
2025-03-18 16:00:00,2025-03-19 17:20:00,1,3034.4500000000003,3027.61,0.18,-138.6864000000026,512.3681994537333,NEWS,trendH4,-0.27067722030341573
2025-03-20 01:15:00,2025-03-20 09:10:00,1,3049.7,3048.78,0.17,-16.829999999993507,519.8559191885291,TIME,drift,-0.03237435485252212
2025-03-20 04:00:00,2025-03-20 15:20:00,1,3053.4,3036.87,0.18,-298.8000000000036,504.5100725802808,NEWS,trendH4,-0.5922577491303836
2025-03-21 01:15:00,2025-03-21 09:10:00,1,3044.58,3031.72,0.19,-245.67000000000246,511.6307489555966,TIME,drift,-0.4801705145781292
2025-03-21 01:05:00,2025-03-21 23:00:00,1,3045.18,3019.91,0.09,-228.05999999999983,503.8063077540866,TIME,friday,-0.4526739671376215
2025-03-21 23:05:00,2025-03-21 23:55:00,1,3021.56,3023.06,0.36,51.48,524.5878272322202,TIME,fri_close,0.09813418712289573
2025-03-25 01:15:00,2025-03-25 09:10:00,1,3011.28,3016.14,0.17,81.42999999999445,499.23168490517475,TIME,drift,0.16311064073479523
2025-03-25 14:15:00,2025-03-25 16:50:00,1,3024.46,3028.64,0.14,57.53999999999772,526.3237090499503,NEWS,lw,0.10932435497511844
2025-03-26 01:15:00,2025-03-26 09:10:00,1,3022.19,3024.47,0.21,46.40999999999465,504.95406520002706,TIME,drift,0.09190935017348617
2025-03-27 01:15:00,2025-03-27 09:10:00,1,3018.7900000000004,3029.3,0.23,240.11999999999458,524.2982983277242,TIME,drift,0.457983557768296
2025-03-27 06:45:00,2025-03-27 15:20:00,1,3032.8,3052.94,0.25,501.7499999999968,507.7500000000059,NEWS,inside,0.9881831610044135
2025-03-27 10:15:00,2025-03-27 15:20:00,1,3031.77,3052.94,0.14,295.40000000000106,499.98921851755966,NEWS,lw,0.5908127396743588
2025-03-27 18:15:00,2025-03-27 23:45:00,1,3056.15,3056.35,0.14,1.8199999999974539,499.98921851755966,TIME,tday,0.0036400784908795693
2025-03-28 01:15:00,2025-03-28 09:10:00,1,3055.4500000000003,3081.28,0.18,463.6799999999987,509.10589717841765,TIME,drift,0.910773186030294
2025-03-28 01:05:00,2025-03-28 23:00:00,1,3056.29,3080.74,0.09,219.41999999999834,488.014427805264,TIME,friday,0.44961785451055375
2025-03-28 23:05:00,2025-03-28 23:55:00,1,3081.94,3084.28,0.34,77.18000000000495,531.0547326392073,TIME,fri_close,0.14533341905539554
2025-03-28 04:00:00,2025-03-28 23:57:00,1,3062.09,3084.56,0.19,425.5999999999962,509.2438175103897,EOD,trendH4,0.835748977927087
2025-03-28 08:00:00,2025-03-28 23:57:00,1,3074.01,3084.56,0.19,199.1199999999948,513.9251266348701,EOD,trendH4,0.3874494351031491
2025-03-28 10:15:00,2025-03-28 23:57:00,1,3083.55,3084.56,0.14,13.15999999999669,506.41570290916275,EOD,lw,0.025986555954717775
2025-03-31 08:00:00,2025-03-31 16:35:00,1,3113.58,3112.41,0.17,-21.080000000001238,531.2893202789546,NEWS,trendH4,-0.039677063316336074
2025-03-31 10:15:00,2025-03-31 16:35:00,1,3122.03,3112.41,0.15,-145.3500000000052,538.8033778943202,NEWS,lw,-0.2697644557612886
2025-03-31 12:00:00,2025-03-31 16:35:00,1,3122.46,3112.41,0.16,-161.92000000000291,507.82715695529987,NEWS,trendH4,-0.31884864324862305
2025-03-31 15:15:00,2025-03-31 16:35:00,1,3122.9,3112.41,0.15,-158.40000000000356,538.8033778943202,NEWS,tday900,-0.29398479389465115
2025-03-31 18:15:00,2025-03-31 23:45:00,1,3125.2400000000002,3124.5,0.14,-11.340000000003311,502.8831527013656,TIME,tday,-0.02254996998624352
2025-04-01 01:15:00,2025-04-01 09:10:00,1,3124.65,3129.03,0.14,60.34000000000153,507.9938571486239,TIME,drift,0.11878096388545077
2025-04-01 01:10:00,2025-04-01 16:35:00,1,3125.16,3130.76,0.07,38.710000000002545,517.7429275084107,NEWS,tom,0.07476683493542015
2025-04-01 08:00:00,2025-04-01 16:35:00,1,3144.97,3130.76,0.16,-228.4799999999933,509.1147672468308,NEWS,trendH4,-0.4487789683170216
2025-04-02 01:15:00,2025-04-02 09:10:00,1,3112.5400000000004,3116.07,0.14,48.439999999996445,522.9817481591239,TIME,drift,0.09262273524937233
2025-04-02 11:45:00,2025-04-02 15:05:00,1,3133.34,3119.36,0.14,-196.70000000000027,529.4862898292383,NEWS,lw,-0.3714921496143685
2025-04-03 01:15:00,2025-04-03 09:10:00,1,3144.71,3130.75,0.11,-154.3300000000004,509.38587956415125,TIME,drift,-0.30297267001600175
2025-04-03 04:00:00,2025-04-03 13:17:00,1,3151.5200000000004,3111.695805297523,0.13,-518.6245311322087,517.9745311322054,SL,trendH4,-1.0012548879547853
2025-04-03 02:00:00,2025-04-03 13:27:00,1,3146.03,3105.35,0.13,-529.7500000000038,529.1000000000014,SL,inside,-1.0012285012285056
2025-04-04 01:15:00,2025-04-04 09:10:00,1,3114.6,3107.58,0.07,-49.62999999999988,482.2035908863287,TIME,drift,-0.10292333142682737
2025-04-04 01:05:00,2025-04-04 15:20:00,1,3114.69,3100.89,0.08,-110.96000000000146,518.7277098300639,NEWS,friday,-0.21390798659349075
2025-04-04 17:00:00,2025-04-04 18:15:00,-1,3061.89,3044.01,0.12,213.71999999999585,519.007709830064,NEWS,lw,0.41178579036903534
2025-04-04 23:05:00,2025-04-04 23:55:00,1,3036.67,3037.1,0.13,4.679999999997872,513.3660200667413,TIME,fri_close,0.009116302632163769
2025-04-08 01:15:00,2025-04-08 09:10:00,1,2983.8500000000004,3004.04,0.06,120.7199999999976,515.2821672479384,TIME,drift,0.23427940587338572
2025-04-08 15:15:00,2025-04-08 23:45:00,1,3017.75,2980.71,0.1,-371.0999999999996,523.8397234748334,TIME,tday900,-0.7084227930221643
2025-04-09 01:15:00,2025-04-09 09:10:00,1,2981.86,3017.58,0.09,320.84999999999815,499.9290211912726,TIME,drift,0.641791107136469
2025-04-09 10:15:00,2025-04-09 17:20:00,1,3045.4,3081.13,0.1,356.60000000000025,520.7368860837737,NEWS,lw,0.6847988101665456
2025-04-09 15:15:00,2025-04-09 17:20:00,1,3062.94,3081.13,0.1,181.20000000000056,520.7368860837737,NEWS,tday900,0.34796843634935043
2025-04-09 18:15:00,2025-04-09 19:50:00,1,3075.19,3090.36,0.1,151.00000000000077,520.7368860837737,NEWS,tday,0.2899736969577926
2025-04-10 01:15:00,2025-04-10 09:10:00,1,3076.03,3122.79,0.06,280.13999999999857,503.87498694901524,TIME,drift,0.5559712374219216
2025-04-10 17:15:00,2025-04-10 19:50:00,1,3142.9900000000002,3165.54,0.09,202.31999999999752,518.5722547985823,NEWS,lw,0.39014813871710174
2025-04-10 18:15:00,2025-04-10 19:50:00,1,3159.59,3165.54,0.09,52.91999999999836,518.5722547985823,NEWS,tday,0.10204942418400868
2025-04-11 01:15:00,2025-04-11 09:10:00,1,3180.01,3196.79,0.08,133.67999999999796,531.8770719405393,TIME,drift,0.2513362712031749
2025-04-11 01:05:00,2025-04-11 15:20:00,1,3179.66,3218.17,0.05,192.20000000000113,457.3511495465222,NEWS,friday,0.42024601925801075
2025-04-11 04:00:00,2025-04-11 15:20:00,1,3205.82,3218.17,0.07,85.95999999999938,496.8289453397103,NEWS,trendH4,0.17301729459668183
2025-04-11 11:15:00,2025-04-11 15:20:00,1,3218.34,3218.17,0.08,-1.9200000000005821,488.02789284962364,NEWS,lw,-0.003934201360478781
2025-04-11 18:15:00,2025-04-11 23:45:00,1,3236.9,3236.0,0.08,-7.760000000000728,488.02789284962364,TIME,tday,-0.01590073049859841
2025-04-11 23:05:00,2025-04-11 23:55:00,1,3232.6,3238.06,0.2,107.80000000000074,524.1461849029039,TIME,fri_close,0.20566781387518882
2025-04-11 16:00:00,2025-04-11 23:57:00,1,3233.86,3238.09,0.07,29.120000000000132,484.01192076063404,EOD,trendH4,0.060163807441431384
2025-04-14 16:15:00,2025-04-15 17:17:00,-1,3196.43,3220.38,0.08,-189.40720000000218,493.0544719317934,TIME,lw,-0.38415065836012496
2025-04-16 01:15:00,2025-04-16 09:10:00,1,3232.4,3287.75,0.14,773.9199999999988,503.8829464642841,TIME,drift,1.535912269765326
2025-04-16 01:30:00,2025-04-16 15:20:00,1,3234.88,3306.22,0.21,1496.6699999999935,525.2100000000012,NEWS,inside,2.849660135945603
2025-04-16 04:00:00,2025-04-16 15:20:00,1,3264.6600000000003,3306.22,0.09,373.4099999999954,488.18662385303406,NEWS,trendH4,0.7648919117300692
2025-04-16 08:00:00,2025-04-16 15:20:00,1,3283.97,3306.22,0.09,199.62,492.52779266038215,NEWS,trendH4,0.4052969253202044
2025-04-16 10:15:00,2025-04-16 15:20:00,1,3297.31,3306.22,0.09,79.5599999999987,524.5115381430215,NEWS,lw,0.15168398445851655
2025-04-16 12:00:00,2025-04-16 15:20:00,1,3307.2000000000003,3306.22,0.09,-9.450000000004257,498.51490302736306,NEWS,trendH4,-0.018956303899074316
2025-04-16 18:15:00,2025-04-16 20:20:00,1,3309.4800000000005,3328.89,0.09,174.0599999999946,524.5115381430215,NEWS,tday,0.33185161305742844
2025-04-16 20:00:00,2025-04-16 20:20:00,1,3327.56,3328.89,0.09,11.339999999999344,500.21362498219514,NEWS,trendH4,0.02267031410910286
2025-04-17 01:15:00,2025-04-17 09:10:00,1,3354.44,3329.49,0.11,-275.220000000003,545.3691636164474,TIME,drift,-0.5046489944076897
2025-04-17 04:00:00,2025-04-17 15:20:00,1,3345.5000000000005,3333.77,0.1,-118.00000000000473,534.8228572738125,NEWS,trendH4,-0.22063380125803495
2025-04-17 17:45:00,2025-04-21 03:30:00,-1,3294.56,3356.7348412369784,0.08,-495.2059298958273,497.5587298958274,SL,lw,-0.9952713119906614
2025-04-21 15:15:00,2025-04-21 23:45:00,1,3402.87,3424.18,0.08,169.91999999999956,504.1902491889826,TIME,tday900,0.3370156409675219
2025-04-21 10:15:00,2025-04-22 11:17:00,1,3394.02,3468.91,0.08,592.2015999999991,504.1902491889826,TIME,lw,1.1745598034721765
2025-04-21 04:00:00,2025-04-23 01:00:00,1,3369.03,3329.2771677602323,0.09,-372.71189015791145,512.8584967193029,SL,trendH4,-0.7267343576095682
2025-04-21 08:00:00,2025-04-23 01:00:00,1,3376.73,3332.4233093722205,0.09,-413.69661565001564,503.42007188333804,SL,trendH4,-0.8217721913676204
2025-04-21 12:00:00,2025-04-23 01:00:00,1,3393.03,3337.8737146345366,0.09,-511.34296828917275,496.5865682891712,SL,trendH4,-1.029715664784974
2025-04-21 16:00:00,2025-04-23 01:00:00,1,3415.1200000000003,3354.1499999999996,0.05,-313.14800000000355,276.7448554859516,SL,trendH4,-1.1315404561003661
2025-04-23 01:15:00,2025-04-23 09:10:00,1,3335.5600000000004,3313.59,0.06,-132.24000000000152,537.3819720912043,TIME,drift,-0.2460819433249573
2025-04-23 16:30:00,2025-04-23 16:50:00,-1,3299.8999999999996,3279.44,0.07,142.72999999999706,494.98425050418797,NEWS,lw,0.28835260890546144
2025-04-24 01:15:00,2025-04-24 09:10:00,1,3310.31,3326.14,0.05,78.79999999999964,465.71006769401686,TIME,drift,0.16920398648494156
2025-04-24 14:30:00,2025-04-24 15:20:00,1,3341.77,3339.66,0.07,-15.260000000000893,522.9482326110315,NEWS,lw,-0.029180708621595573
2025-04-25 01:15:00,2025-04-25 09:10:00,1,3344.45,3291.25,0.08,-426.1599999999985,520.6833745583684,TIME,drift,-0.8184628525184956
2025-04-25 01:05:00,2025-04-25 23:00:00,1,3345.4000000000005,3304.76,0.04,-162.8400000000013,450.12124636388216,TIME,friday,-0.36176919289066384
2025-04-25 23:05:00,2025-04-25 23:55:00,1,3305.88,3316.19,0.19,194.55999999999895,520.025801554667,TIME,fri_close,0.37413528216935227
2025-04-28 10:30:00,2025-04-29 11:32:00,-1,3279.95,3320.0699999999997,0.07,-278.9212999999993,540.5830168942056,TIME,lw,-0.5159638599127234
2025-04-29 13:00:00,2025-04-29 16:50:00,-1,3309.0,3301.42,0.06,45.059999999999555,466.7442379362044,NEWS,lw,0.09654109539571532
2025-04-30 01:15:00,2025-04-30 09:10:00,1,3320.19,3309.01,0.1,-112.49999999999837,505.5313880184124,TIME,drift,-0.22253811072142748
2025-04-30 11:15:00,2025-04-30 15:05:00,-1,3284.97,3267.98,0.07,118.43999999999849,530.0895910975548,NEWS,lw,0.22343392888505414
2025-05-01 01:15:00,2025-05-01 07:38:00,1,3276.7400000000002,3221.9335290331524,0.09,-493.88823870163094,493.43823870163044,SL,drift,-1.0009119682357503
2025-05-01 01:10:00,2025-05-01 15:20:00,1,3285.26,3208.19,0.03,-231.4200000000005,447.9308990368293,NEWS,tom,-0.516642188555456
2025-05-02 01:15:00,2025-05-02 09:10:00,1,3236.59,3253.87,0.09,154.8899999999977,521.4077137063755,TIME,drift,0.2970611978464556
2025-05-02 01:05:00,2025-05-02 15:20:00,1,3239.37,3261.92,0.04,89.92000000000073,453.8036919627702,NEWS,friday,0.19814735224185376
2025-05-02 18:15:00,2025-05-02 23:45:00,1,3263.4700000000003,3239.39,0.07,-169.05000000000268,529.6009739565653,TIME,tday,-0.3192025851785294
2025-05-02 23:05:00,2025-05-02 23:55:00,1,3233.87,3240.85,0.19,131.29000000000033,537.1300397888926,TIME,fri_close,0.24442870492143956
2025-05-05 06:00:00,2025-05-05 16:35:00,1,3270.3,3314.93,0.11,490.1599999999962,520.4100000000026,NEWS,inside,0.9418727541745812
2025-05-05 10:15:00,2025-05-05 16:35:00,1,3262.11,3314.93,0.07,369.249999999998,515.0023329596677,NEWS,lw,0.7169870432973665
2025-05-05 15:15:00,2025-05-05 16:35:00,1,3316.4100000000003,3314.93,0.07,-10.85000000000331,515.0023329596677,NEWS,tday900,-0.021067865727227738
2025-05-05 18:15:00,2025-05-05 23:45:00,1,3312.09,3332.49,0.07,142.30999999999744,515.0023329596677,TIME,tday,0.2763288453125171
2025-05-06 01:15:00,2025-05-06 09:10:00,1,3330.2500000000005,3359.06,0.11,316.1399999999944,518.9631562038328,TIME,drift,0.6091761933785995
2025-05-06 11:15:00,2025-05-06 19:50:00,1,3378.18,3408.91,0.07,214.62000000000012,528.2014520339773,NEWS,lw,0.40632224537352163
2025-05-06 15:15:00,2025-05-06 19:50:00,1,3377.8300000000004,3408.91,0.07,217.06999999999633,528.2014520339773,NEWS,tday900,0.4109606271700158
2025-05-06 18:15:00,2025-05-06 19:50:00,1,3395.34,3408.91,0.07,94.49999999999798,528.2014520339773,NEWS,tday,0.1789090121507639
2025-05-07 01:15:00,2025-05-07 09:10:00,1,3412.98,3393.12,0.1,-199.30000000000126,548.3241663258358,TIME,drift,-0.3634711220835913
2025-05-07 10:30:00,2025-05-07 17:20:00,-1,3390.98,3380.88,0.07,70.20999999999938,546.2527768886931,NEWS,lw,0.128530239058731
2025-05-08 01:15:00,2025-05-08 09:10:00,1,3367.44,3357.64,0.08,-78.96000000000146,500.30927891216106,TIME,drift,-0.1578223777334028
2025-05-08 13:00:00,2025-05-08 15:20:00,-1,3331.97,3350.73,0.07,-131.81000000000157,546.3447213966434,NEWS,lw,-0.2412579363136341
2025-05-09 01:15:00,2025-05-09 09:10:00,1,3313.75,3322.4,0.08,68.64000000000073,521.8113231021741,TIME,drift,0.131541798656141
2025-05-09 01:05:00,2025-05-09 23:00:00,1,3310.6,3328.82,0.04,72.60000000000102,488.731512948349,TIME,friday,0.1485478183349181
2025-05-09 15:15:00,2025-05-09 23:45:00,1,3334.81,3328.93,0.06,-35.70000000000066,488.87151294834894,TIME,tday900,-0.07302532271658974
2025-05-09 18:15:00,2025-05-09 23:45:00,1,3340.88,3328.93,0.06,-72.12000000000162,488.87151294834894,TIME,tday,-0.14752342505099364
2025-05-09 23:05:00,2025-05-09 23:55:00,1,3328.35,3324.92,0.26,-90.99999999999575,541.8020407803225,TIME,fri_close,-0.16795802368875232
2025-05-12 10:15:00,2025-05-13 11:17:00,-1,3246.3399999999997,3259.0699999999997,0.06,-74.73540000000011,485.20783345203836,TIME,lw,-0.15402760394095644
2025-05-14 01:15:00,2025-05-14 09:10:00,1,3250.47,3236.05,0.11,-159.3899999999958,520.2759847647079,TIME,drift,-0.30635663506951816
2025-05-14 10:15:00,2025-05-14 17:20:00,-1,3226.83,3183.77,0.06,257.93999999999966,487.08450945609445,NEWS,lw,0.529559029269951
2025-05-15 01:15:00,2025-05-15 08:54:00,1,3180.8,3129.159338419818,0.1,-517.1066158018206,516.6066158018207,SL,drift,-1.000967854426765
2025-05-15 10:45:00,2025-05-15 15:20:00,-1,3132.2,3179.49,0.06,-284.1599999999998,490.51275878065917,NEWS,lw,-0.5793121481821977
2025-05-15 18:15:00,2025-05-15 23:45:00,1,3209.57,3236.85,0.06,163.25999999999848,490.51275878065917,TIME,tday,0.33283537905484506
2025-05-16 01:15:00,2025-05-16 09:10:00,1,3245.41,3225.04,0.1,-204.39999999999893,533.7667008182424,TIME,drift,-0.3829388376732047
2025-05-16 01:05:00,2025-05-16 23:00:00,1,3241.95,3192.57,0.04,-197.79999999999862,506.7432760106122,TIME,friday,-0.39033571704631026
2025-05-16 23:05:00,2025-05-16 23:55:00,1,3197.9900000000002,3201.29,0.24,77.51999999999344,540.917119721929,TIME,fri_close,0.1433121585056217
2025-05-20 01:15:00,2025-05-20 09:10:00,1,3226.97,3216.51,0.1,-105.29999999999583,497.8216505967807,TIME,drift,-0.2115215356217711
2025-05-20 10:15:00,2025-05-20 22:47:00,-1,3210.4399999999996,3293.2410320117287,0.06,-497.22619207037485,496.9261920703749,SL,lw,-1.000603711385689
2025-05-21 01:15:00,2025-05-21 09:10:00,1,3300.03,3311.14,0.11,121.4399999999964,508.2049817316745,TIME,drift,0.2389586965208364
2025-05-22 01:15:00,2025-05-22 09:10:00,1,3317.54,3333.0,0.11,169.2900000000004,508.7661215861789,TIME,drift,0.3327462124879805
2025-05-22 04:15:00,2025-05-22 14:00:00,1,3327.47,3285.5799999999995,0.12,-503.52000000000385,502.9200000000017,SL,nr7,-1.0011930326890999
2025-05-23 01:15:00,2025-05-23 09:10:00,1,3296.85,3327.91,0.1,309.89999999999947,534.7935243893619,TIME,drift,0.5794759769274499
2025-05-23 01:05:00,2025-05-23 16:50:00,1,3297.62,3343.46,0.04,183.08000000000058,475.5785437239847,NEWS,friday,0.384962699465803
2025-05-23 10:15:00,2025-05-23 16:50:00,1,3330.26,3343.46,0.06,78.7799999999989,475.7185437239847,NEWS,lw,0.1656021213369131
2025-05-23 15:15:00,2025-05-23 16:50:00,1,3350.05,3343.46,0.06,-39.96000000000087,475.7185437239847,NEWS,tday900,-0.08399924814195586
2025-05-23 18:15:00,2025-05-23 23:45:00,1,3357.28,3358.0,0.06,3.8999999999987995,475.7185437239847,TIME,tday,0.008198124818656654
2025-05-23 23:05:00,2025-05-23 23:55:00,1,3361.2400000000002,3359.86,0.26,-37.70000000000284,538.2263919080696,TIME,fri_close,-0.07004487436290953
2025-05-27 01:15:00,2025-05-27 09:10:00,1,3343.85,3325.14,0.17,-319.2600000000007,527.6765863134884,TIME,drift,-0.6050296872757793
2025-05-27 10:15:00,2025-05-27 15:20:00,-1,3308.87,3296.0099999999998,0.07,89.53000000000091,532.5616302937702,NEWS,lw,0.16811199851295072
2025-05-28 01:15:00,2025-05-28 09:10:00,1,3303.81,3300.61,0.13,-42.50999999999763,509.65192769463346,TIME,drift,-0.08340986797065195
2025-05-29 01:15:00,2025-05-29 04:16:00,1,3290.69,3247.969350243206,0.12,-513.4877970815286,512.8877970815261,SL,drift,-1.0011698465111019
2025-05-29 18:15:00,2025-05-29 18:50:00,1,3316.5,3319.19,0.07,18.340000000000384,513.6631914267714,NEWS,tday,0.03570432981397493
2025-05-30 01:15:00,2025-05-30 09:10:00,1,3316.88,3295.87,0.12,-252.96000000000262,524.489894950539,TIME,drift,-0.48229718519907333
2025-05-30 01:05:00,2025-05-30 16:35:00,1,3317.92,3292.26,0.04,-102.91999999999942,445.4439686866139,NEWS,friday,-0.23105038396514332
2025-05-30 23:05:00,2025-05-30 23:55:00,1,3294.7400000000002,3290.98,0.28,-107.24000000000612,527.7842391178793,TIME,fri_close,-0.2031890913969758
2025-06-02 01:10:00,2025-06-02 16:35:00,1,3308.45,3356.26,0.03,143.2200000000012,435.5236852089986,NEWS,tom,0.3288454907596425
2025-06-02 09:00:00,2025-06-02 16:35:00,1,3323.92,3356.26,0.1,322.70000000000147,522.2999999999986,NEWS,inside,0.6178441508711513
2025-06-02 10:15:00,2025-06-02 16:35:00,1,3351.57,3356.26,0.07,32.34000000000039,508.3559660771651,NEWS,lw,0.0636168396912084
2025-06-02 15:15:00,2025-06-02 16:35:00,1,3358.05,3356.26,0.07,-13.019999999999747,508.3559660771651,NEWS,tday900,-0.025611974421135046
2025-06-02 18:15:00,2025-06-02 19:50:00,1,3374.98,3371.21,0.07,-26.879999999999875,508.3559660771651,NEWS,tday,-0.052876334288795714
2025-06-03 01:15:00,2025-06-03 09:10:00,1,3386.55,3362.61,0.13,-312.13000000000073,534.0723016003404,TIME,drift,-0.5844339784420712
2025-06-04 01:15:00,2025-06-04 09:10:00,1,3356.55,3351.43,0.14,-72.66000000000484,510.8383246359132,TIME,drift,-0.1422367831383665
2025-06-05 01:15:00,2025-06-05 09:10:00,1,3373.86,3366.18,0.13,-100.7500000000038,526.1616785640632,TIME,drift,-0.19148106771089546
2025-06-05 12:30:00,2025-06-05 15:20:00,1,3388.05,3394.8,0.12,80.16,531.0000000000035,NEWS,inside,0.15096045197740013
2025-06-05 13:15:00,2025-06-05 15:20:00,1,3391.52,3394.8,0.07,22.470000000001402,495.51462006980006,NEWS,lw,0.04534679521027289
2025-06-06 01:15:00,2025-06-06 09:10:00,1,3356.15,3362.85,0.11,72.929999999998,518.0070928989986,TIME,drift,0.14078957798019562
2025-06-06 01:05:00,2025-06-06 15:20:00,1,3356.15,3358.17,0.05,9.74999999999991,527.0436271102602,NEWS,friday,0.01849941731286727
2025-06-06 17:30:00,2025-06-06 23:57:00,-1,3323.95,3312.55,0.07,79.30999999999747,492.0707186362429,EOD,lw,0.16117602002371206
2025-06-10 01:15:00,2025-06-10 09:10:00,1,3324.93,3319.51,0.14,-76.85999999999467,502.71101173924177,TIME,drift,-0.15289102129288998
2025-06-11 01:15:00,2025-06-11 09:10:00,1,3322.11,3339.73,0.14,245.6999999999985,518.6560080222704,TIME,drift,0.47372438803301875
2025-06-10 16:30:00,2025-06-11 15:20:00,1,3346.06,3337.91,0.07,-63.10360000000065,478.4629665792094,NEWS,lw,-0.13188815939332238
2025-06-11 11:00:00,2025-06-11 15:20:00,1,3345.91,3337.91,0.08,-64.56,534.8366175942632,NEWS,lw,-0.12070976046927362
2025-06-12 01:15:00,2025-06-12 09:10:00,1,3361.26,3372.78,0.11,125.94999999999982,506.55421103284306,TIME,drift,0.24864071259657083
2025-06-12 13:30:00,2025-06-12 15:20:00,1,3379.7400000000002,3379.64,0.08,-1.3600000000029104,522.47971633753,NEWS,lw,-0.002602971861828851
2025-06-13 01:15:00,2025-06-13 09:10:00,1,3382.86,3425.21,0.11,465.0799999999991,494.5851304253588,TIME,drift,0.9403436767296575
2025-06-13 01:05:00,2025-06-13 23:00:00,1,3384.16,3432.31,0.05,240.40000000000046,487.12653877597495,TIME,friday,0.4935062675995122
2025-06-13 23:05:00,2025-06-13 23:55:00,1,3429.82,3432.66,0.25,69.24999999999227,527.4985321731591,TIME,fri_close,0.1312799861540846
2025-06-13 10:15:00,2025-06-13 23:57:00,1,3413.27,3434.15,0.08,166.48000000000087,519.7883080277066,EOD,lw,0.3202842338483821
2025-06-16 10:15:00,2025-06-17 11:17:00,-1,3411.0699999999997,3387.2599999999998,0.08,192.67279999999957,521.0034288828705,TIME,lw,0.3698110018452784
2025-06-18 01:15:00,2025-06-18 09:10:00,1,3393.84,3386.05,0.12,-94.31999999999957,518.8204130455872,TIME,drift,-0.1817970103495368
2025-06-19 01:15:00,2025-06-19 09:10:00,1,3374.7400000000002,3354.88,0.13,-259.0900000000017,535.0930780030909,TIME,drift,-0.4841961345620417
2025-06-19 10:30:00,2025-06-20 15:15:00,-1,3352.96,3348.24,0.08,39.952800000002036,492.68229346051993,TIME,lw,0.08109242108008408
2025-06-20 10:15:00,2025-06-20 15:20:00,-1,3353.06,3347.44,0.08,44.399999999999125,480.69641535619735,NEWS,lw,0.09236598938874675
2025-06-20 23:05:00,2025-06-20 23:55:00,1,3365.79,3368.6,0.39,106.85999999999787,528.3634662486133,TIME,fri_close,0.20224714013386483
2025-06-23 01:30:00,2025-06-23 16:50:00,1,3375.91,3380.8,0.15,72.30000000000491,531.1499999999953,NEWS,nr7,0.13611974018639847
2025-06-24 01:15:00,2025-06-24 09:10:00,1,3357.82,3328.15,0.11,-327.1400000000008,505.76813339371637,TIME,drift,-0.646818133449578
2025-06-24 10:15:00,2025-06-24 16:50:00,-1,3321.71,3298.0499999999997,0.09,212.3100000000028,519.0062039265154,NEWS,lw,0.40907025464008356
2025-06-25 01:15:00,2025-06-25 09:10:00,1,3323.15,3331.06,0.12,94.07999999999825,523.4199002911436,TIME,drift,0.17974096886203184
2025-06-26 01:15:00,2025-06-26 09:10:00,1,3333.69,3331.53,0.16,-35.67999999999767,512.1246963010631,TIME,drift,-0.06967053191869983
2025-06-26 02:45:00,2025-06-26 15:20:00,1,3338.02,3334.97,0.2,-62.40000000000364,517.9999999999985,NEWS,inside,-0.12046332046332783
2025-06-26 10:15:00,2025-06-26 15:20:00,1,3343.44,3334.97,0.09,-76.86000000000229,508.08687991623015,NEWS,lw,-0.15127334130862508
2025-06-27 01:15:00,2025-06-27 07:01:00,1,3324.54,3291.050819207363,0.16,-536.9468926821911,536.1468926821916,SL,drift,-1.0014921283904068
2025-06-27 01:05:00,2025-06-27 23:00:00,1,3325.46,3270.6,0.06,-329.5800000000008,497.5756742079281,TIME,friday,-0.6623716091520083
2025-06-27 23:05:00,2025-06-27 23:55:00,1,3271.85,3274.46,0.26,66.04000000000332,517.4224697521594,TIME,fri_close,0.1276326480982472
2025-07-01 01:15:00,2025-07-01 09:10:00,1,3304.48,3328.39,0.14,333.759999999998,505.4487786517595,TIME,drift,0.66032408049392
2025-07-01 01:10:00,2025-07-01 16:20:00,1,3302.78,3348.37,0.04,182.07999999999876,454.61586821378603,NEWS,tom,0.4005139563548505
2025-07-01 10:15:00,2025-07-01 16:20:00,1,3336.47,3348.37,0.09,106.47000000000082,511.75785174050924,NEWS,lw,0.2080476139992616
2025-07-01 15:15:00,2025-07-01 16:20:00,1,3350.73,3348.37,0.09,-21.87000000000114,511.75785174050924,NEWS,tday900,-0.0427350551156575
2025-07-02 01:15:00,2025-07-02 09:10:00,1,3339.12,3337.87,0.19,-25.08,537.1512902850961,TIME,drift,-0.04669075631688168
2025-07-03 01:15:00,2025-07-03 09:10:00,1,3360.73,3360.45,0.18,-6.300000000003601,516.668912336795,TIME,drift,-0.01219349538858435
2025-07-04 01:15:00,2025-07-04 09:10:00,1,3324.65,3341.55,0.15,252.45000000000132,529.0261464875579,TIME,drift,0.4771975859343252
2025-07-04 01:05:00,2025-07-04 19:45:00,1,3324.95,3334.97,0.06,59.69999999999988,494.6950073884471,EOD,friday,0.12068041744581813
2025-07-07 10:15:00,2025-07-08 11:17:00,-1,3311.04,3327.56,0.1,-162.45899999999983,525.9948488928424,TIME,lw,-0.3088604391125826
2025-07-08 17:00:00,2025-07-09 17:20:00,-1,3315.1499999999996,3306.8599999999997,0.1,85.64099999999964,521.4952168290679,NEWS,lw,0.16422202397317567
2025-07-10 01:15:00,2025-07-10 09:10:00,1,3317.68,3322.75,0.16,80.00000000000261,511.30706046439985,TIME,drift,0.15646175495277104
2025-07-10 12:00:00,2025-07-10 15:20:00,1,3328.86,3319.56,0.1,-93.70000000000182,513.1127124699617,NEWS,lw,-0.18261095023149937
2025-07-11 01:15:00,2025-07-11 09:10:00,1,3325.44,3335.88,0.18,186.660000000001,527.5180087726193,TIME,drift,0.35384573966356986
2025-07-11 01:05:00,2025-07-11 23:00:00,1,3325.9,3356.38,0.07,212.87000000000012,515.2198946582129,TIME,friday,0.41316339335307317
2025-07-11 15:15:00,2025-07-11 23:45:00,1,3345.09,3357.91,0.11,140.2499999999968,540.0108420228896,TIME,tday900,0.2597170076708422
2025-07-11 18:15:00,2025-07-11 23:45:00,1,3365.41,3357.91,0.11,-83.27,540.0108420228896,TIME,tday,-0.154200607691633
2025-07-11 23:05:00,2025-07-11 23:55:00,1,3356.17,3357.54,0.37,48.09999999999596,535.4754930990143,TIME,fri_close,0.08982670658113914
2025-07-11 03:45:00,2025-07-11 23:57:00,1,3336.07,3355.65,0.2,390.19999999999857,515.6000000000007,EOD,nr7,0.7567882079131071
2025-07-11 10:15:00,2025-07-11 23:57:00,1,3333.87,3355.65,0.11,238.8100000000022,540.0108420228896,EOD,lw,0.4422318616889542
2025-07-14 17:45:00,2025-07-15 15:20:00,-1,3341.97,3350.99,0.11,-96.2048999999998,538.3514961641116,NEWS,lw,-0.17870276331631593
2025-07-16 01:15:00,2025-07-16 09:10:00,1,3327.32,3341.21,0.16,221.11999999999796,538.2151119836226,TIME,drift,0.41083944890556406
2025-07-16 18:15:00,2025-07-16 23:45:00,1,3348.86,3347.29,0.11,-18.0400000000018,525.249810468035,TIME,tday,-0.034345562131525335
2025-07-17 01:15:00,2025-07-17 09:10:00,1,3351.27,3335.53,0.13,-205.5299999999972,515.2762668449719,TIME,drift,-0.3988734068006935
2025-07-17 14:45:00,2025-07-17 15:20:00,-1,3325.08,3324.77,0.11,2.6399999999993997,533.201252577461,NEWS,lw,0.004951226178179079
2025-07-18 01:15:00,2025-07-18 09:10:00,1,3339.94,3333.41,0.17,-112.2000000000034,518.8040368783126,TIME,drift,-0.21626662867760285
2025-07-18 01:05:00,2025-07-18 23:00:00,1,3341.79,3348.23,0.07,44.59000000000039,504.210201148204,TIME,friday,0.0884353388695004
2025-07-18 23:05:00,2025-07-18 23:55:00,1,3348.28,3350.7,0.53,124.54999999997976,535.7770722569784,TIME,fri_close,0.23246608794831183
2025-07-18 15:15:00,2025-07-18 23:57:00,1,3359.6000000000004,3350.33,0.11,-102.7400000000048,528.4768773933565,EOD,lw,-0.19440774874911554
2025-07-21 15:15:00,2025-07-21 23:45:00,1,3376.1400000000003,3397.96,0.11,239.2499999999968,513.8756718652596,TIME,tday900,0.4655795420934602
2025-07-21 18:15:00,2025-07-21 23:45:00,1,3396.8500000000004,3397.96,0.11,11.439999999996399,513.8756718652596,TIME,tday,0.0222621941966461
2025-07-22 01:15:00,2025-07-22 09:10:00,1,3399.57,3386.41,0.21,-277.8300000000065,542.918444633134,TIME,drift,-0.5117343180111416
2025-07-21 10:15:00,2025-07-22 11:17:00,1,3368.3700000000003,3387.27,0.11,198.38719999999603,513.8756718652596,TIME,lw,0.3860606968994905
2025-07-22 18:15:00,2025-07-22 23:45:00,1,3428.2700000000004,3428.68,0.11,3.739999999993397,522.9538381605981,TIME,tday,0.007151682858181548
2025-07-23 01:15:00,2025-07-23 09:10:00,1,3430.36,3422.47,0.19,-151.24000000000623,541.2552064511431,TIME,drift,-0.2794245638608154
2025-07-22 17:30:00,2025-07-23 16:50:00,1,3421.9300000000003,3412.3,0.11,-115.44280000000121,522.9538381605981,NEWS,lw,-0.22075141547110885
2025-07-24 01:15:00,2025-07-24 09:10:00,1,3391.36,3375.64,0.15,-236.85000000000383,515.4442137332281,TIME,drift,-0.4595065648027378
2025-07-24 12:30:00,2025-07-24 15:20:00,-1,3363.08,3363.02,0.11,-0.11000000000060028,532.7806563731687,NEWS,lw,-0.00020646395225646933
2025-07-25 01:15:00,2025-07-25 09:10:00,1,3367.38,3356.0,0.17,-194.65000000000188,528.4458330935645,TIME,drift,-0.36834428017059967
2025-07-25 01:05:00,2025-07-25 15:20:00,1,3369.6000000000004,3343.29,0.07,-184.6600000000028,503.5298999671269,NEWS,friday,-0.36673095284323415
2025-07-25 23:05:00,2025-07-25 23:55:00,1,3337.51,3336.57,0.46,-46.46000000000251,534.368217105035,TIME,fri_close,-0.08694379364794888
2025-07-28 17:00:00,2025-07-29 16:50:00,-1,3302.21,3316.2200000000003,0.11,-151.0949000000024,528.2288822809466,NEWS,lw,-0.2860405878367709
2025-07-30 01:15:00,2025-07-30 09:10:00,1,3327.13,3325.93,0.17,-21.59000000000464,526.0536370862965,TIME,drift,-0.04104144231296876
2025-07-30 16:00:00,2025-07-30 17:20:00,-1,3313.29,3305.92,0.11,80.2999999999988,507.87990359938806,NEWS,lw,0.1581082445493627
2025-07-31 01:15:00,2025-07-31 09:10:00,1,3277.6000000000004,3303.36,0.13,333.96999999999696,507.7255982801583,TIME,drift,0.6577765650013876
2025-07-31 10:45:00,2025-07-31 15:20:00,1,3304.3500000000004,3306.96,0.11,27.9399999999964,523.4677676280032,NEWS,lw,0.05337482406338275
2025-08-01 01:15:00,2025-08-01 09:10:00,1,3291.55,3296.47,0.17,82.44999999999351,541.5781610683025,TIME,drift,0.15224025990515358
2025-08-01 01:05:00,2025-08-01 15:20:00,1,3291.8,3302.6,0.07,75.10999999999811,494.49529403391205,NEWS,friday,0.15189224428665066
2025-08-01 01:10:00,2025-08-01 15:20:00,1,3291.3,3302.6,0.05,56.14999999999864,470.8312324132495,NEWS,tom,0.11925716930926893
2025-08-01 23:05:00,2025-08-01 23:55:00,1,3359.91,3363.22,0.27,87.47999999999853,532.7243552303306,TIME,fri_close,0.16421250341027746
2025-08-05 01:15:00,2025-08-05 09:10:00,1,3374.97,3370.69,0.17,-73.94999999999567,523.4219058293031,TIME,drift,-0.14128182098689626
2025-08-05 13:15:00,2025-08-05 16:35:00,-1,3356.62,3376.18,0.11,-215.9299999999994,538.4338831919546,NEWS,lw,-0.4010334541353877
2025-08-06 01:15:00,2025-08-06 09:10:00,1,3380.11,3376.15,0.18,-72.54000000000066,533.1399638999818,TIME,drift,-0.13606183162365468
2025-08-06 12:45:00,2025-08-06 17:20:00,-1,3362.33,3373.04,0.11,-118.58000000000038,531.8821772496722,NEWS,lw,-0.22294411257239297
2025-08-07 01:15:00,2025-08-07 09:10:00,1,3371.95,3377.52,0.19,104.50000000000311,515.708962189704,TIME,drift,0.2026336706585345
2025-08-07 09:45:00,2025-08-07 15:20:00,1,3385.65,3378.88,0.19,-129.95999999999967,518.3200000000007,NEWS,inside,-0.250733137829911
2025-08-07 10:15:00,2025-08-07 15:20:00,1,3388.15,3378.88,0.11,-102.7399999999998,515.2463074461243,NEWS,lw,-0.19939977931960745
2025-08-08 01:15:00,2025-08-08 09:10:00,1,3394.4800000000005,3395.76,0.14,16.939999999996434,526.8879174501511,TIME,drift,0.032151050420698116
2025-08-08 01:05:00,2025-08-08 23:00:00,1,3403.6,3398.51,0.07,-36.119999999997844,483.9830906908832,TIME,friday,-0.07463070651587587
2025-08-08 23:05:00,2025-08-08 23:55:00,1,3397.9,3397.14,0.18,-14.940000000003927,514.346569166117,TIME,fri_close,-0.02904656295117388
2025-08-11 10:15:00,2025-08-12 11:17:00,-1,3362.95,3352.5,0.11,117.965099999998,496.1868161142601,TIME,lw,0.2377433179781089
2025-08-13 01:15:00,2025-08-13 09:10:00,1,3351.59,3352.49,0.14,11.619999999994906,525.1069131611914,TIME,drift,0.022128826927913497
2025-08-13 11:45:00,2025-08-13 17:20:00,1,3360.22,3365.88,0.11,61.4900000000034,496.63337715974427,NEWS,lw,0.12381366784420708
2025-08-14 01:15:00,2025-08-14 09:10:00,1,3357.09,3359.58,0.18,43.55999999999607,518.4291256070774,TIME,drift,0.08402305705526783
2025-08-14 11:15:00,2025-08-14 15:20:00,-1,3344.5699999999997,3353.81,0.12,-111.72000000000284,527.2203041358449,NEWS,lw,-0.21190382677526165
2025-08-15 01:15:00,2025-08-15 09:10:00,1,3335.65,3341.97,0.16,99.99999999999534,510.30517427817466,TIME,drift,0.1959611719427401
2025-08-15 01:05:00,2025-08-15 15:20:00,1,3336.7700000000004,3337.63,0.08,6.319999999997382,527.8874252689991,NEWS,friday,0.011972249569644242
2025-08-15 23:05:00,2025-08-15 23:55:00,1,3339.4,3336.05,0.52,-177.83999999999526,538.1811241977449,TIME,fri_close,-0.3304463720556858
2025-08-19 01:15:00,2025-08-19 09:10:00,1,3333.2200000000003,3337.74,0.23,102.34999999998912,520.2468171946817,TIME,drift,0.19673354380501418
2025-08-18 10:15:00,2025-08-19 11:17:00,1,3353.9300000000003,3337.44,0.12,-208.25760000000284,504.6526091783565,TIME,lw,-0.4126751674564305
2025-08-19 20:00:00,2025-08-20 17:20:00,-1,3317.39,3343.06,0.13,-330.146700000001,540.0822080425135,NEWS,lw,-0.6112897167943976
2025-08-21 01:15:00,2025-08-21 09:10:00,1,3351.0600000000004,3338.5,0.24,-303.1200000000096,531.9292928038799,TIME,drift,-0.5698501738872439
2025-08-21 13:45:00,2025-08-21 15:20:00,-1,3330.2999999999997,3339.91,0.13,-125.84000000000165,527.9153222407386,NEWS,lw,-0.23837156206391827
2025-08-22 01:15:00,2025-08-22 09:10:00,1,3339.38,3329.95,0.22,-209.0000000000064,527.1814269742462,TIME,drift,-0.39644795758371143
2025-08-22 01:05:00,2025-08-22 16:50:00,1,3340.26,3333.28,0.09,-63.450000000000166,534.7626321607125,NEWS,friday,-0.11865077360329003
2025-08-22 18:15:00,2025-08-22 23:45:00,1,3376.7200000000003,3371.72,0.13,-65.91000000000591,515.2599420806862,TIME,tday,-0.1279160179497999
2025-08-22 23:05:00,2025-08-22 23:55:00,1,3372.7200000000003,3371.92,0.38,-33.06000000000691,522.1631044027853,TIME,fri_close,-0.06331355034710599
2025-08-26 01:15:00,2025-08-26 09:10:00,1,3365.4100000000003,3375.82,0.25,258.49999999999636,515.7526963703522,TIME,drift,0.5012092070855069
2025-08-26 10:45:00,2025-08-26 15:20:00,1,3377.82,3378.88,0.13,12.86999999999929,509.1303582226327,NEWS,lw,0.0252783983357981
2025-08-26 18:15:00,2025-08-26 23:45:00,1,3381.66,3391.08,0.13,121.55000000000095,509.1303582226327,TIME,tday,0.2387404287269971
2025-08-27 01:15:00,2025-08-27 09:10:00,1,3389.69,3378.48,0.18,-203.04000000000065,516.9118871944972,TIME,drift,-0.3927942170221426
2025-08-27 10:15:00,2025-08-27 17:20:00,-1,3374.5099999999998,3380.85,0.13,-83.33000000000189,512.0239040638731,NEWS,lw,-0.16274630801144543
2025-08-28 01:15:00,2025-08-28 09:10:00,1,3397.18,3391.44,0.22,-127.8199999999952,530.740822910322,TIME,drift,-0.2408331797412777
2025-08-28 18:15:00,2025-08-28 23:45:00,1,3411.84,3416.67,0.13,61.87999999999906,498.7300537735966,TIME,tday,0.12407513750532886
2025-08-29 01:15:00,2025-08-29 09:10:00,1,3417.37,3411.51,0.2,-118.59999999999347,522.6244861046903,TIME,drift,-0.22693157927590085
2025-08-28 17:15:00,2025-08-29 16:35:00,1,3411.79,3420.94,0.13,107.70760000000118,498.7300537735966,NEWS,lw,0.215963724634281
2025-08-29 01:05:00,2025-08-29 16:35:00,1,3417.1800000000003,3420.94,0.09,33.20999999999787,517.8632661388251,NEWS,friday,0.06412889689514137
2025-08-29 18:15:00,2025-08-29 23:45:00,1,3442.49,3449.35,0.13,88.27000000000166,498.98647850405376,TIME,tday,0.17689858102895378
2025-08-29 23:05:00,2025-08-29 23:55:00,1,3447.58,3448.08,0.35000000000000003,15.05,521.0909141530699,TIME,fri_close,0.028881716397724563
2025-08-29 17:15:00,2025-08-29 23:57:00,1,3435.45,3448.85,0.13,173.2900000000012,498.98647850405376,EOD,lw,0.34728395951633667
2025-08-29 20:00:00,2025-08-29 23:57:00,1,3449.39,3448.85,0.19,-11.589999999999309,517.3754129280808,EOD,trendH4,-0.022401528388072838
2025-09-01 18:15:00,2025-09-02 03:30:00,1,3478.61,3483.14,0.13,47.64759999999669,509.3831586109069,TIME,tday,0.09353980239537599
2025-09-02 01:15:00,2025-09-02 09:10:00,1,3477.85,3492.1,0.17,241.06000000000003,529.1224454373287,TIME,drift,0.45558452883388806
2025-09-01 10:15:00,2025-09-02 14:00:00,1,3475.94,3485.62,0.13,114.59759999999788,509.3831586109069,TIME,lw,0.22497328005995862
2025-09-01 01:10:00,2025-09-02 16:35:00,1,3443.62,3482.69,0.06,229.23120000000097,469.7798387177602,NEWS,tom,0.4879545291378951
2025-09-01 08:00:00,2025-09-02 16:35:00,1,3475.32,3482.69,0.17,110.58839999999815,516.6190648924543,NEWS,trendH4,0.2140617865564438
2025-09-02 08:00:00,2025-09-02 16:35:00,1,3496.93,3482.69,0.17,-243.2699999999963,517.3180287364337,NEWS,trendH4,-0.47025231383138005
2025-09-02 18:15:00,2025-09-02 23:45:00,1,3511.91,3534.92,0.13,298.2200000000028,522.0922187101276,TIME,tday,0.5712017710909009
2025-09-03 01:15:00,2025-09-03 09:10:00,1,3533.55,3531.22,0.12,-28.80000000000458,502.1801003550095,TIME,drift,-0.05734994273895921
2025-09-02 17:30:00,2025-09-03 16:50:00,1,3502.53,3552.85,0.13,642.9175999999962,522.0922187101276,NEWS,lw,1.2314253631061154
2025-09-02 20:00:00,2025-09-03 16:50:00,1,3527.96,3552.85,0.15,360.37799999999805,532.8717362981473,NEWS,trendH4,0.6762940787656315
2025-09-03 15:15:00,2025-09-03 16:50:00,1,3546.01,3552.85,0.12,81.23999999999629,507.43904460868066,NEWS,tday900,0.16009804697359414
2025-09-03 16:00:00,2025-09-03 16:50:00,1,3550.8,3552.85,0.15,29.699999999995907,532.3473932581579,NEWS,trendH4,0.05579063667095503
2025-09-03 16:30:00,2025-09-03 16:50:00,1,3560.6,3552.85,0.12,-93.84,507.43904460868066,NEWS,lw,-0.184928615558872
2025-09-03 18:15:00,2025-09-03 23:45:00,1,3563.62,3562.22,0.12,-17.64000000000109,507.43904460868066,TIME,tday,-0.0347627960193809
2025-09-03 20:00:00,2025-09-04 05:45:00,1,3572.69,3536.67716509365,0.15,-577.0085235952535,540.4925235952497,SL,trendH4,-1.067560601499363
2025-09-04 01:15:00,2025-09-04 06:12:00,1,3560.38,3521.098513835727,0.13,-511.5693201355523,510.9193201355502,SL,drift,-1.001272216521054
2025-09-04 10:15:00,2025-09-04 15:05:00,-1,3537.0699999999997,3547.0,0.12,-120.0000000000035,515.9362557080603,NEWS,lw,-0.23258687225870173
2025-09-05 01:15:00,2025-09-05 09:10:00,1,3540.8,3554.46,0.13,176.6699999999981,529.5205134676036,TIME,drift,0.3336414652627181
2025-09-05 01:05:00,2025-09-05 15:20:00,1,3545.63,3551.89,0.08,49.5199999999981,524.0436660146275,NEWS,friday,0.09449594224962134
2025-09-05 18:15:00,2025-09-05 23:45:00,1,3584.5,3589.79,0.12,62.63999999999955,524.3236660146274,TIME,tday,0.11946819123409937
2025-09-05 23:05:00,2025-09-05 23:55:00,1,3589.83,3587.34,0.27,-69.1199999999941,526.6264861232984,TIME,fri_close,-0.13125051971619053
2025-09-05 16:00:00,2025-09-05 23:57:00,1,3580.58,3586.66,0.13,78.12999999999906,515.4655803587648,EOD,trendH4,0.15157171104542125
2025-09-05 20:00:00,2025-09-05 23:57:00,1,3595.39,3586.66,0.13,-114.40000000000025,524.5778013408268,EOD,trendH4,-0.21808013931888187
2025-09-08 15:15:00,2025-09-08 23:45:00,1,3618.03,3637.1,0.12,227.9999999999965,538.4119755850111,TIME,tday900,0.4234675496440496
2025-09-08 18:15:00,2025-09-08 23:45:00,1,3645.7400000000002,3637.1,0.12,-104.52000000000393,538.4119755850111,TIME,tday,-0.19412643986315092
2025-09-09 01:15:00,2025-09-09 09:10:00,1,3634.46,3640.18,0.11,62.149999999997796,399.7504501687579,TIME,drift,0.1554719950252981
2025-09-08 10:30:00,2025-09-09 11:32:00,1,3609.18,3645.4,0.12,424.262400000003,538.4119755850111,TIME,lw,0.7879884163776653
2025-09-09 15:15:00,2025-09-09 23:45:00,1,3654.68,3628.56,0.11,-288.0899999999988,512.0104315991463,TIME,tday900,-0.5626643174050502
2025-09-10 01:15:00,2025-09-10 09:10:00,1,3630.45,3644.12,0.12,163.20000000000087,532.3133387003452,TIME,drift,0.30658634329633233
2025-09-08 12:00:00,2025-09-10 15:20:00,1,3611.43,3649.9,0.13,478.5352000000033,530.2964874908607,NEWS,trendH4,0.9023917964537724
2025-09-08 16:00:00,2025-09-10 15:20:00,1,3624.46,3649.9,0.13,309.14520000000067,526.291163116318,NEWS,trendH4,0.5874033646498357
2025-09-08 20:00:00,2025-09-10 15:20:00,1,3640.87,3649.9,0.13,95.81520000000262,533.952104960502,NEWS,trendH4,0.1794453081275714
2025-09-09 16:45:00,2025-09-10 15:20:00,1,3663.86,3649.9,0.11,-163.0728000000004,512.0104315991463,NEWS,lw,-0.3184950734122354
2025-09-10 10:15:00,2025-09-10 15:20:00,1,3647.3,3649.9,0.11,27.829999999999,512.9325436277787,NEWS,lw,0.05425664708885088
2025-09-11 01:15:00,2025-09-11 09:10:00,1,3640.2,3632.18,0.15,-121.34999999999971,539.2246009194303,TIME,drift,-0.22504537032080174
2025-09-11 12:15:00,2025-09-11 15:20:00,-1,3618.6899999999996,3619.41,0.11,-8.6900000000028,506.63093336865165,NEWS,lw,-0.017152525492713042
2025-09-12 01:15:00,2025-09-12 09:10:00,1,3637.07,3652.4,0.14,213.63999999999902,515.08088017753,TIME,drift,0.41476981231833904
2025-09-12 01:05:00,2025-09-12 23:00:00,1,3636.19,3644.15,0.08,63.12000000000029,543.7876987370755,TIME,friday,0.11607471104365524
2025-09-12 23:05:00,2025-09-12 23:55:00,1,3644.57,3643.39,0.5,-62.50000000001455,543.6923655743202,TIME,fri_close,-0.11495471328532218
2025-09-12 05:30:00,2025-09-12 23:57:00,1,3650.08,3642.77,0.14,-103.31999999999925,514.0800000000013,EOD,nr7,-0.20098039215686078
2025-09-12 10:15:00,2025-09-12 23:57:00,1,3652.63,3642.77,0.12,-119.16000000000152,544.0676987370756,EOD,lw,-0.21901686182914967
2025-09-15 18:15:00,2025-09-15 23:45:00,1,3665.03,3681.25,0.12,193.7999999999976,527.645720255856,TIME,tday,0.36729190166846
2025-09-16 01:15:00,2025-09-16 09:10:00,1,3678.02,3682.29,0.16,67.1999999999997,524.9732219904314,TIME,drift,0.12800652906678076
2025-09-15 16:30:00,2025-09-16 15:20:00,1,3653.98,3695.44,0.12,487.14240000000046,527.645720255856,NEWS,lw,0.9232376598521156
2025-09-15 20:00:00,2025-09-16 15:20:00,1,3679.4,3695.44,0.14,212.4527999999995,513.4218590234533,NEWS,trendH4,0.41379773039677803
2025-09-16 04:00:00,2025-09-16 15:20:00,1,3686.59,3695.44,0.15,131.69999999999862,522.4589761807136,NEWS,trendH4,0.25207720798052635
2025-09-16 12:00:00,2025-09-16 15:20:00,1,3694.4900000000002,3695.44,0.15,13.199999999997269,517.9326010030942,NEWS,trendH4,0.02548594155770938
2025-09-17 01:15:00,2025-09-17 09:10:00,1,3691.63,3676.68,0.17,-255.34000000000466,528.9628829664982,TIME,drift,-0.48271817971049696
2025-09-17 10:15:00,2025-09-17 17:20:00,-1,3671.1299999999997,3683.0299999999997,0.12,-143.6400000000011,526.251462873672,NEWS,lw,-0.2729493600181825
2025-09-18 01:15:00,2025-09-18 09:10:00,1,3663.56,3641.28,0.11,-245.8499999999972,522.1450057263457,TIME,drift,-0.47084621571358337
2025-09-18 16:45:00,2025-09-19 17:47:00,-1,3629.89,3665.6499999999996,0.12,-425.8307999999971,541.204929811267,TIME,lw,-0.7868198838256998
2025-09-19 18:15:00,2025-09-19 23:45:00,1,3672.39,3684.69,0.12,146.76000000000218,541.1788633961766,TIME,tday,0.2711857574758324
2025-09-19 23:05:00,2025-09-19 23:55:00,1,3683.13,3685.13,0.4,77.2,532.7985110318108,TIME,fri_close,0.14489529982074362
2025-09-22 15:15:00,2025-09-22 23:45:00,1,3721.12,3747.82,0.11,292.930000000003,502.4934372955547,TIME,tday900,0.582952887059714
2025-09-22 18:15:00,2025-09-22 23:45:00,1,3725.39,3747.82,0.11,245.96000000000322,502.4934372955547,TIME,tday,0.4894790294650861
2025-09-23 01:15:00,2025-09-23 09:10:00,1,3745.1,3755.34,0.16,162.72000000000378,535.8856621524393,TIME,drift,0.30364686255351997
2025-09-22 10:15:00,2025-09-23 11:17:00,1,3711.64,3755.91,0.11,477.45719999999983,502.4934372955547,TIME,lw,0.9501759914909512
2025-09-22 12:00:00,2025-09-23 16:50:00,1,3720.54,3779.08,0.14,807.4527999999995,535.4193925665287,NEWS,trendH4,1.5080753727082628
2025-09-22 20:00:00,2025-09-23 16:50:00,1,3737.35,3779.08,0.14,572.1128000000002,540.773151791292,NEWS,trendH4,1.0579534100479966
2025-09-23 12:00:00,2025-09-23 16:50:00,1,3774.5,3779.08,0.14,63.139999999999,544.7526268412057,NEWS,trendH4,0.11590582016303738
2025-09-23 15:15:00,2025-09-23 16:50:00,1,3779.59,3779.08,0.11,-6.380000000002401,517.758906060158,NEWS,tday900,-0.012322337530706065
2025-09-23 16:00:00,2025-09-23 16:50:00,1,3784.54,3779.08,0.14,-77.42000000000053,541.0979954991459,NEWS,trendH4,-0.14307944336142478
2025-09-23 18:15:00,2025-09-23 19:25:00,1,3779.3,3777.6,0.11,-19.470000000003,517.758906060158,NEWS,tday,-0.03760437487818084
2025-09-24 01:15:00,2025-09-24 09:10:00,1,3764.33,3775.63,0.11,123.53000000000202,521.5445921676061,TIME,drift,0.23685414795807877
2025-09-24 19:00:00,2025-09-25 15:20:00,-1,3741.0099999999998,3753.6099999999997,0.11,-128.014699999999,523.4954127701469,NEWS,lw,-0.24453834145860395
2025-09-26 01:15:00,2025-09-26 09:10:00,1,3746.71,3748.08,0.11,14.299999999998798,545.5028390052,TIME,drift,0.026214345696306235
2025-09-26 01:05:00,2025-09-26 23:00:00,1,3747.5,3766.79,0.07,134.53999999999976,503.31963356244245,TIME,friday,0.26730528878386894
2025-09-26 18:15:00,2025-09-26 23:45:00,1,3774.86,3762.64,0.11,-135.1900000000028,527.5439018273205,TIME,tday,-0.25626303238787923
2025-09-26 23:05:00,2025-09-26 23:55:00,1,3768.61,3761.35,0.26,-190.58000000000567,541.3587461540221,TIME,fri_close,-0.35204012376994775
2025-09-26 16:15:00,2025-09-26 23:57:00,1,3764.66,3760.72,0.11,-44.1100000000006,527.5439018273205,EOD,lw,-0.08361389421280621
2025-09-29 15:15:00,2025-09-29 23:45:00,1,3824.72,3830.7,0.11,65.0100000000002,528.5979088396548,TIME,tday900,0.12298573057677452
2025-09-29 18:15:00,2025-09-29 23:45:00,1,3824.27,3830.7,0.11,69.9599999999982,528.5979088396548,TIME,tday,0.13235012630596674
2025-09-30 01:15:00,2025-09-30 09:10:00,1,3829.92,3869.66,0.12,476.0399999999974,553.3071258829056,TIME,drift,0.8603540018400921
2025-09-29 10:15:00,2025-09-30 11:17:00,1,3817.48,3838.06,0.11,216.86719999999917,528.5979088396548,TIME,lw,0.4102687437338762
2025-09-30 04:00:00,2025-09-30 12:46:00,1,3839.27,3796.053179711685,0.11,-476.1550231714641,475.6050231714597,SL,trendH4,-1.0011564217642968
2025-09-29 08:00:00,2025-09-30 16:35:00,1,3805.28,3817.61,0.12,137.58239999999913,539.8862604085215,NEWS,trendH4,0.25483589802024814
2025-09-29 12:00:00,2025-09-30 16:35:00,1,3819.01,3817.61,0.12,-27.177600000001092,535.0499473880951,NEWS,trendH4,-0.05079451018109902
2025-10-01 01:15:00,2025-10-01 09:10:00,1,3859.91,3859.4,0.09,-5.219999999997872,528.164995175525,TIME,drift,-0.009883275203164704
2025-10-01 01:10:00,2025-10-01 15:05:00,1,3860.38,3883.2,0.05,113.74999999999856,521.6666354077068,NEWS,tom,0.2180511312767734
2025-10-01 12:00:00,2025-10-01 15:05:00,1,3893.2,3883.2,0.11,-110.77000000000001,549.6911957751267,NEWS,trendH4,-0.20151314201749546
2025-10-02 01:15:00,2025-10-02 09:10:00,1,3863.28,3870.42,0.1,70.69999999999872,514.7691496736321,TIME,drift,0.13734311787103617
2025-10-02 14:30:00,2025-10-02 17:46:00,1,3883.7400000000002,3832.2927409978556,0.1,-515.1725900214462,514.6725900214424,SL,lw,-1.0009714914096806
2025-10-02 15:15:00,2025-10-02 17:46:00,1,3886.66,3835.2127409978552,0.1,-515.1725900214462,514.6725900214424,SL,tday900,-1.0009714914096806
2025-10-03 01:15:00,2025-10-03 09:10:00,1,3853.51,3858.24,0.1,46.59999999999563,530.2710007166974,TIME,drift,0.08787959352295818
2025-10-03 01:05:00,2025-10-03 16:35:00,1,3857.37,3884.47,0.06,162.17999999999947,479.7306645179196,NEWS,friday,0.33806469336908834
2025-10-03 18:15:00,2025-10-03 23:45:00,1,3880.58,3884.78,0.1,41.300000000002726,533.2674050199107,TIME,tday,0.0774470736655294
2025-10-03 23:05:00,2025-10-03 23:55:00,1,3887.03,3886.7,0.26,-10.400000000009932,552.398324092017,TIME,fri_close,-0.018826994120781454
2025-10-03 18:30:00,2025-10-03 23:57:00,1,3887.98,3886.67,0.1,-13.799999999999454,533.2674050199107,EOD,lw,-0.0258781989487698
2025-10-06 15:15:00,2025-10-06 23:45:00,1,3940.27,3958.69,0.1,183.50000000000074,533.4911618042026,TIME,tday900,0.34396071226264724
2025-10-06 01:30:00,2025-10-07 02:32:00,1,3894.01,3969.66,0.09,673.0667999999968,502.46999999999787,TIME,inside,1.3395163890381507
2025-10-06 10:15:00,2025-10-07 11:17:00,1,3935.01,3947.89,0.1,120.15199999999658,533.4911618042026,TIME,lw,0.22521835149744004
2025-10-07 18:15:00,2025-10-07 23:45:00,1,3986.79,3984.01,0.03,-8.549999999999237,167.05253793117078,TIME,tday,-0.05118150317190644
2025-10-06 04:00:00,2025-10-08 17:20:00,1,3900.71,4042.63,0.11,1542.8644000000008,540.7310226233386,NEWS,trendH4,2.853293662558596
2025-10-06 08:00:00,2025-10-08 17:20:00,1,3938.89,4042.63,0.1,1020.8040000000024,507.5399740837926,NEWS,trendH4,2.0112780315338714
2025-10-06 12:00:00,2025-10-08 17:20:00,1,3942.68,4042.63,0.1,982.9040000000027,509.14797537960277,NEWS,trendH4,1.9304878886480579
2025-10-07 16:00:00,2025-10-08 17:20:00,1,3979.72,4042.63,0.1,620.4520000000031,513.1873008520272,NEWS,trendH4,1.2090166669554916
2025-10-08 18:15:00,2025-10-08 19:50:00,1,4039.68,4055.13,0.1,153.80000000000277,552.9530935964812,NEWS,tday,0.27814294156429603
2025-10-09 01:15:00,2025-10-09 09:10:00,1,4025.89,4038.52,0.1,125.6000000000011,543.8053426006043,TIME,drift,0.23096499824616018
2025-10-09 17:30:00,2025-10-09 19:50:00,-1,4006.74,3984.08,0.1,225.89999999999856,567.7707297681609,NEWS,lw,0.3978718665054129
2025-10-10 01:15:00,2025-10-10 09:10:00,1,3968.9,3969.25,0.07,1.9599999999993634,557.4366402368222,TIME,drift,0.003516094670717508
2025-10-10 01:05:00,2025-10-10 23:00:00,1,3977.7,4011.21,0.06,200.64000000000132,547.0748241633919,TIME,friday,0.3667505634294684
2025-10-10 18:15:00,2025-10-10 23:45:00,1,4009.45,4012.94,0.09,30.780000000002126,547.2848241633918,TIME,tday,0.056241281762296334
2025-10-10 23:05:00,2025-10-10 23:55:00,1,4012.89,4018.84,0.13,76.44000000000355,567.6883333114417,TIME,fri_close,0.13465134919034438
2025-10-13 15:15:00,2025-10-13 23:45:00,1,4074.96,4110.18,0.09,316.35000000000224,556.9216224374353,TIME,tday900,0.568033251457284
2025-10-13 18:15:00,2025-10-13 23:45:00,1,4097.18,4110.18,0.09,116.37,556.9216224374353,TIME,tday,0.20895220316764238
2025-10-13 01:30:00,2025-10-14 02:32:00,1,4040.52,4115.25,0.06,443.1912000000001,556.7116224374354,TIME,inside,0.7960875651555254
2025-10-14 01:15:00,2025-10-14 09:10:00,1,4113.150000000001,4124.99,0.01,11.769999999999236,61.8698708920939,TIME,drift,0.19023799193838753
2025-10-14 08:00:00,2025-10-14 09:22:00,1,4168.370000000001,4102.370802953298,0.06,-396.4151822802159,396.1151822802133,SL,trendH4,-1.0007573554698805
2025-10-13 10:15:00,2025-10-14 11:17:00,1,4071.96,4140.3,0.09,607.2768000000013,556.9216224374353,TIME,lw,1.0904169914290283
2025-10-13 12:00:00,2025-10-14 19:10:00,1,4078.05,4129.05,0.08,401.0816,538.7041093896398,NEWS,trendH4,0.7445304259038078
2025-10-13 16:00:00,2025-10-14 19:10:00,1,4079.86,4129.05,0.08,386.6016000000004,524.2609039201578,NEWS,trendH4,0.7374221444116645
2025-10-14 04:00:00,2025-10-14 19:10:00,1,4124.660000000001,4129.05,0.09,38.87999999999476,581.1602878108639,NEWS,trendH4,0.06690064826426696
2025-10-15 01:15:00,2025-10-15 09:10:00,1,4161.01,4191.81,0.07,215.1100000000013,539.2962562174523,TIME,drift,0.3988716730740028
2025-10-16 01:15:00,2025-10-16 09:10:00,1,4205.38,4218.82,0.08,106.9599999999968,544.8087110223406,TIME,drift,0.19632578891641614
2025-10-15 10:15:00,2025-10-16 11:17:00,1,4199.68,4232.68,0.08,244.3648,542.3620598273317,TIME,lw,0.4505565895921939
2025-10-15 08:00:00,2025-10-16 15:20:00,1,4179.870000000001,4241.5,0.08,473.4047999999936,567.7942315555885,NEWS,trendH4,0.8337612002556002
2025-10-15 12:00:00,2025-10-16 15:20:00,1,4208.42,4241.5,0.08,245.00479999999942,572.6885199778088,NEWS,trendH4,0.4278151062107778
2025-10-16 08:00:00,2025-10-16 15:20:00,1,4233.66,4241.5,0.08,62.16000000000116,565.0531052589157,NEWS,trendH4,0.11000735934637246
2025-10-16 13:00:00,2025-10-16 15:20:00,1,4239.61,4241.5,0.08,14.560000000002619,547.9761984110938,NEWS,lw,0.026570497116883262
2025-10-16 18:15:00,2025-10-16 18:50:00,1,4269.679999999999,4270.08,0.08,2.640000000004365,547.9761984110938,NEWS,tday,0.0048177274992221965
2025-10-17 04:00:00,2025-10-17 04:44:00,1,4358.38,4282.741373456309,0.07,-529.9603858058392,529.6103858058383,SL,trendH4,-1.000660863172969
2025-10-17 01:15:00,2025-10-17 09:10:00,1,4350.179999999999,4366.77,0.07,115.6400000000074,538.7813146262121,TIME,drift,0.21463253617144176
2025-10-17 01:05:00,2025-10-17 17:05:00,1,4337.53,4228.122358312354,0.05,-547.38820843823,547.1382084382288,SL,friday,-1.000456922942221
2025-10-16 20:00:00,2025-10-17 19:30:00,1,4282.87,4210.926507984829,0.08,-582.4663361213655,575.7079361213625,SL,trendH4,-1.0117392858009486
2025-10-17 23:05:00,2025-10-17 23:55:00,1,4221.38,4247.15,0.08,205.59999999999621,561.9913645532159,TIME,fri_close,0.36584192029969814
2025-10-20 15:15:00,2025-10-20 23:45:00,1,4281.0,4357.21,0.07,532.9800000000004,571.1181139797984,TIME,tday900,0.9332220200230822
2025-10-20 18:15:00,2025-10-20 23:45:00,1,4346.4,4357.21,0.07,75.18000000000282,571.1181139797984,TIME,tday,0.13163651819081
2025-10-21 01:15:00,2025-10-21 09:10:00,1,4362.0,4325.74,0.05,-181.65000000000109,518.918719533034,TIME,drift,-0.350054822002692
2025-10-20 18:00:00,2025-10-21 11:14:00,1,4332.58,4251.011698002886,0.07,-577.031713979797,571.1181139797984,SL,lw,-1.0103544255649504
2025-10-21 11:15:00,2025-10-22 12:17:00,-1,4244.53,4070.37,0.06,1046.604599999999,524.2233968410642,TIME,lw,1.9964858613842298
2025-10-23 01:15:00,2025-10-23 09:10:00,1,4099.120000000001,4127.03,0.04,111.35999999999578,584.3545224359275,TIME,drift,0.19056924473825054
2025-10-23 18:15:00,2025-10-23 23:45:00,1,4144.620000000001,4115.1,0.05,-147.95000000000218,530.338665247193,TIME,tday,-0.2789726823539107
2025-10-24 01:15:00,2025-10-24 09:10:00,1,4126.93,4089.51,0.06,-224.9400000000004,552.2940185563505,TIME,drift,-0.4072830638071627
2025-10-24 01:05:00,2025-10-24 15:20:00,1,4126.64,4062.67,0.03,-192.12000000000077,471.6333845280115,NEWS,friday,-0.40735029856350274
2025-10-24 23:05:00,2025-10-24 23:55:00,1,4101.660000000001,4112.95,0.15,168.2999999999858,589.6982584022343,TIME,fri_close,0.2854001984947157
2025-10-27 12:00:00,2025-10-28 13:02:00,-1,4043.35,3905.12,0.05,692.5205000000001,522.5213491162024,TIME,lw,1.3253439331643309
2025-10-28 11:15:00,2025-10-28 16:50:00,-1,3921.74,3931.0699999999997,0.05,-46.99999999999964,535.6269670364735,NEWS,lw,-0.08774763574739726
2025-10-29 01:15:00,2025-10-29 09:10:00,1,3937.08,3968.76,0.07,221.27000000000203,593.4655812852967,TIME,drift,0.37284386319554885
2025-10-29 11:15:00,2025-10-29 17:20:00,1,4007.37,4017.72,0.05,51.39999999999955,544.9357551052968,NEWS,lw,0.09432304545710647
2025-10-29 15:15:00,2025-10-29 17:20:00,1,4028.61,4017.72,0.05,-54.800000000001646,544.9357551052968,NEWS,tday900,-0.10056231305544036
2025-10-29 18:15:00,2025-10-29 20:50:00,1,4009.78,3994.84,0.05,-75.05000000000027,544.9357551052968,NEWS,tday,-0.1377226568396095
2025-10-30 01:15:00,2025-10-30 09:10:00,1,3938.18,3964.87,0.06,159.72000000000034,584.7551237830514,TIME,drift,0.27313997518601935
2025-10-30 18:15:00,2025-10-30 23:45:00,1,4000.53,4020.14,0.05,97.69999999999838,546.6582011692041,TIME,tday,0.17872227982866729
2025-10-31 01:15:00,2025-10-31 09:10:00,1,4022.43,4008.83,0.06,-82.01999999999946,536.0230799486862,TIME,drift,-0.15301579925970962
2025-10-30 11:45:00,2025-10-31 12:47:00,1,3974.18,4004.14,0.05,145.47600000000023,546.6582011692041,TIME,lw,0.2661187551725248
2025-10-31 01:05:00,2025-10-31 16:35:00,1,4021.22,4022.01,0.03,2.160000000001255,492.6293538342634,NEWS,friday,0.0043846351890917765
2025-10-31 19:15:00,2025-10-31 23:57:00,-1,3979.04,4002.48,0.05,-117.55000000000028,547.4826153714038,EOD,lw,-0.21471001397963327
2025-11-03 01:10:00,2025-11-03 16:35:00,1,3992.82,4008.83,0.02,31.879999999999526,427.68708570447154,NEWS,tom,0.07454047846099417
2025-11-04 01:15:00,2025-11-04 09:10:00,1,3988.58,3986.46,0.09,-19.709999999999017,578.369453696402,TIME,drift,-0.03407856323329482
2025-11-04 16:30:00,2025-11-05 15:05:00,-1,3951.33,3967.7599999999998,0.05,-80.77949999999919,520.8492959069758,NEWS,lw,-0.1550918867219252
2025-11-05 18:15:00,2025-11-05 23:45:00,1,3976.91,3982.11,0.05,25.650000000001366,511.16363191362046,TIME,tday,0.05017962624605472
2025-11-06 01:15:00,2025-11-06 09:10:00,1,3970.13,3997.21,0.11,297.1099999999992,578.3384398688096,TIME,drift,0.5137303342094911
2025-11-06 15:15:00,2025-11-06 23:45:00,1,4012.03,3978.87,0.06,-199.38000000000184,595.613761275177,TIME,tday900,-0.3347471347423874
2025-11-07 01:15:00,2025-11-07 09:10:00,1,3981.42,4008.21,0.12,320.6399999999996,591.0276192046921,TIME,drift,0.5425127178175941
2025-11-06 09:00:00,2025-11-07 10:02:00,1,3991.77,4009.37,0.09,150.6167999999992,557.1000000000034,TIME,inside,0.2703586429725332
2025-11-06 10:15:00,2025-11-07 11:17:00,1,4009.38,4013.14,0.06,17.37119999999858,595.613761275177,TIME,lw,0.029165209283962438
2025-11-07 01:05:00,2025-11-07 23:00:00,1,3979.21,4004.05,0.04,99.08000000000058,576.5142068983788,TIME,friday,0.17186046556085174
2025-11-07 23:05:00,2025-11-07 23:55:00,1,4004.93,4001.5,0.2,-69.99999999999673,598.6403813539504,TIME,fri_close,-0.11693163739084406
2025-11-07 10:15:00,2025-11-07 23:57:00,1,4009.91,4000.91,0.06,-54.42,576.6542068983788,EOD,lw,-0.0943719812480102
2025-11-07 18:45:00,2025-11-07 23:57:00,1,4021.0,4000.91,0.1,-201.60000000000144,562.6000000000006,EOD,nr7,-0.35833629576964315
2025-11-10 15:15:00,2025-11-10 23:45:00,1,4103.160000000001,4113.86,0.06,63.77999999999345,558.1703349770659,TIME,tday900,0.11426619439138422
2025-11-10 18:15:00,2025-11-10 23:45:00,1,4091.56,4113.86,0.06,133.37999999999838,558.1703349770659,TIME,tday,0.238959313388589
2025-11-10 03:30:00,2025-11-11 04:32:00,1,4048.22,4131.22,0.08,657.0816000000037,587.8399999999989,TIME,nr7,1.1177898747958712
2025-11-11 01:15:00,2025-11-11 09:10:00,1,4119.540000000001,4127.85,0.12,98.87999999999387,584.2136305856294,TIME,drift,0.16925315470793492
2025-11-10 10:15:00,2025-11-11 11:17:00,1,4079.52,4142.5,0.06,372.6912000000001,558.1703349770659,TIME,lw,0.6677015538909162
2025-11-12 01:15:00,2025-11-12 09:10:00,1,4133.43,4122.05,0.13,-148.85000000000142,612.7523560185995,TIME,drift,-0.24292032260335075
2025-11-12 17:15:00,2025-11-12 19:50:00,1,4162.200000000001,4202.68,0.06,242.45999999999736,550.7754418934906,NEWS,lw,0.4402157059988969
2025-11-12 18:15:00,2025-11-12 19:50:00,1,4184.02,4202.68,0.06,111.53999999999913,550.7754418934906,NEWS,tday,0.20251447598415043
2025-11-13 01:15:00,2025-11-13 09:10:00,1,4199.110000000001,4210.49,0.1,113.099999999992,609.7481175602106,TIME,drift,0.18548642749819352
2025-11-13 15:00:00,2025-11-13 18:50:00,1,4242.830000000001,4201.13,0.06,-250.62000000000435,559.8114817582415,NEWS,lw,-0.44768642331676284
2025-11-13 15:15:00,2025-11-13 18:50:00,1,4230.76,4201.13,0.06,-178.20000000000064,559.8114817582415,NEWS,tday900,-0.318321445355702
2025-11-14 01:15:00,2025-11-14 09:10:00,1,4176.700000000001,4173.98,0.07,-19.530000000008148,572.1209871157616,TIME,drift,-0.03413613630652653
2025-11-14 01:05:00,2025-11-14 16:33:00,1,4177.1900000000005,4036.602334591837,0.04,-562.630661632654,562.4306616326529,SL,friday,-1.0003555993896571
2025-11-14 23:05:00,2025-11-14 23:55:00,1,4084.07,4085.04,0.13,11.699999999997399,604.8400562307063,TIME,fri_close,0.01934395693451663
2025-11-18 01:15:00,2025-11-18 09:10:00,1,4050.46,4007.26,0.06,-259.6199999999989,538.2743651038435,TIME,drift,-0.48231908638248683
2025-11-19 01:15:00,2025-11-19 09:10:00,1,4071.45,4087.24,0.08,125.75999999999972,596.6044216553646,TIME,drift,0.2107929399032286
2025-11-19 12:00:00,2025-11-19 17:20:00,1,4113.56,4129.33,0.06,94.19999999999716,592.9704750754149,NEWS,lw,0.15886119791717565
2025-11-20 01:15:00,2025-11-20 09:10:00,1,4088.53,4075.47,0.08,-105.04000000000319,605.3756910847512,TIME,drift,-0.17351208769513976
2025-11-20 10:15:00,2025-11-20 14:20:00,-1,4047.1299999999997,4077.41,0.06,-182.1000000000012,583.6925839986,NEWS,lw,-0.31197929353928194
2025-11-21 01:15:00,2025-11-21 09:10:00,1,4085.51,4030.32,0.07,-386.82000000000045,592.2804300112793,TIME,drift,-0.653102787800424
2025-11-21 01:05:00,2025-11-21 23:00:00,1,4073.79,4067.25,0.04,-26.439999999999856,572.5031137129856,TIME,friday,-0.04618315493259498
2025-11-21 23:05:00,2025-11-21 23:55:00,1,4060.12,4065.82,0.15,84.4500000000041,589.4646455334704,TIME,fri_close,0.14326558961577102
2025-11-25 01:15:00,2025-11-25 09:10:00,1,4129.370000000001,4145.81,0.09,147.32999999999637,570.712020050799,TIME,drift,0.25815121256230517
2025-11-26 01:15:00,2025-11-26 09:10:00,1,4133.530000000001,4152.49,0.09,170.00999999999215,586.1589840236079,TIME,drift,0.2900407647648456
2025-11-26 04:30:00,2025-11-26 14:20:00,1,4162.67,4169.51,0.11,74.4700000000016,587.070000000002,NEWS,nr7,0.12685029042533488
2025-11-26 10:15:00,2025-11-26 14:20:00,1,4165.8,4169.51,0.06,21.840000000000217,548.9978137126201,NEWS,lw,0.03978157918754963
2025-11-27 01:15:00,2025-11-27 09:10:00,1,4167.05,4157.41,0.11,-106.8100000000036,560.8322983003147,TIME,drift,-0.19044908847744166
2025-11-28 01:15:00,2025-11-28 09:10:00,1,4162.910000000001,4185.67,0.17,385.7299999999883,590.1599095207026,TIME,drift,0.653602513110825
2025-11-28 01:05:00,2025-11-28 21:45:00,1,4159.660000000001,4219.15,0.04,237.67999999999552,501.7997475379223,EOD,friday,0.4736550808687552
2025-11-28 02:30:00,2025-11-28 21:45:00,1,4170.900000000001,4219.15,0.21,1011.7799999999809,590.3099999999993,EOD,inside,1.7139807897545054
2025-11-28 13:15:00,2025-11-28 21:45:00,1,4172.320000000001,4219.15,0.07,327.3199999999931,585.596372127576,EOD,lw,0.5589515502133
2025-11-28 18:15:00,2025-11-28 21:45:00,1,4199.830000000001,4219.15,0.07,134.74999999999162,585.596372127576,EOD,tday,0.23010729986325024
2025-12-01 01:10:00,2025-12-01 16:35:00,1,4209.52,4242.66,0.03,99.20999999999826,496.6911941423564,NEWS,tom,0.1997418137668125
2025-12-01 12:15:00,2025-12-01 16:35:00,1,4258.9400000000005,4242.66,0.07,-114.45000000000458,579.7180598327492,NEWS,lw,-0.19742355453446428
2025-12-01 15:15:00,2025-12-01 16:35:00,1,4254.4800000000005,4242.66,0.07,-83.23000000000432,579.7180598327492,NEWS,tday900,-0.14356978981130325
2025-12-02 01:15:00,2025-12-02 02:50:00,1,4233.39,4225.42,0.1,-80.40000000000255,608.2408869550616,NEWS,drift,-0.1321844711928133
2025-12-02 11:30:00,2025-12-03 12:32:00,-1,4194.5599999999995,4202.56,0.07,-54.081300000006365,567.809626987553,TIME,lw,-0.095245479170419
2025-12-03 16:00:00,2025-12-03 16:35:00,1,4237.410000000001,4239.28,0.07,12.599999999992871,563.4717964884421,NEWS,lw,0.022361367646998673
2025-12-04 01:15:00,2025-12-04 09:10:00,1,4206.84,4189.13,0.1,-177.80000000000035,608.0220714197268,TIME,drift,-0.29242359505936805
2025-12-05 01:15:00,2025-12-05 09:10:00,1,4208.240000000001,4228.64,0.13,264.28999999999525,605.9515969236609,TIME,drift,0.4361569494028268
2025-12-05 01:05:00,2025-12-05 23:00:00,1,4209.26,4202.14,0.05,-35.949999999999456,567.5535364789359,TIME,friday,-0.06334204209708716
2025-12-05 23:05:00,2025-12-05 23:55:00,1,4200.76,4196.28,0.2,-91.00000000000946,589.5630665606458,TIME,fri_close,-0.15435159554834274
2025-12-05 15:00:00,2025-12-05 23:57:00,1,4228.990000000001,4199.11,0.08,-239.60000000000815,605.5771055775316,EOD,lw,-0.39565564449716856
2025-12-09 01:15:00,2025-12-09 09:10:00,1,4191.4400000000005,4184.83,0.13,-86.84000000000756,604.1254839589526,TIME,drift,-0.14374497071523623
2025-12-09 11:30:00,2025-12-09 16:50:00,1,4207.42,4205.57,0.08,-15.36000000000291,582.3149532785864,NEWS,lw,-0.026377478224665313
2025-12-09 18:15:00,2025-12-09 19:50:00,1,4218.71,4206.66,0.08,-96.96000000000146,582.3149532785864,NEWS,tday,-0.16650783129317073
2025-12-10 01:15:00,2025-12-10 09:10:00,1,4208.68,4207.59,0.13,-15.080000000001892,579.6514116224962,TIME,drift,-0.026015635772871873
2025-12-11 01:15:00,2025-12-11 09:10:00,1,4225.63,4211.25,0.11,-158.9500000000012,565.0831608495381,TIME,drift,-0.2812860318842947
2025-12-11 17:45:00,2025-12-11 19:50:00,1,4254.9400000000005,4275.05,0.08,160.31999999999738,561.7576893065365,NEWS,lw,0.2853899520234514
2025-12-11 18:15:00,2025-12-11 19:50:00,1,4256.150000000001,4275.05,0.08,150.6399999999971,561.7576893065365,NEWS,tday,0.2681583231837113
2025-12-12 01:15:00,2025-12-12 09:10:00,1,4281.97,4287.25,0.1,52.09999999999746,604.6938532717103,TIME,drift,0.08615930146818788
2025-12-12 16:00:00,2025-12-12 17:58:00,1,4341.240000000001,4288.242259279586,0.11,-583.745147924566,583.1951479245597,SL,trendH4,-1.0009430805485326
2025-12-12 12:00:00,2025-12-12 18:39:00,1,4318.540000000001,4266.071325557459,0.11,-577.9254188679583,577.3754188679577,SL,trendH4,-1.0009525864490023
2025-12-12 15:15:00,2025-12-12 18:39:00,1,4337.280000000001,4266.263125348349,0.08,-568.6949972132156,568.2949972132127,SL,tday900,-1.0007038597945863
2025-12-12 01:05:00,2025-12-12 23:00:00,1,4283.17,4299.35,0.05,80.55000000000146,532.6015598873869,TIME,friday,0.1512387609548739
2025-12-12 23:05:00,2025-12-12 23:55:00,1,4300.09,4300.48,0.13,4.159999999992433,564.6792089039917,TIME,fri_close,0.007367014641935803
2025-12-12 11:15:00,2025-12-12 23:57:00,1,4317.14,4300.02,0.08,-137.51999999999913,568.2949972132127,EOD,lw,-0.24198699737700563
2025-12-16 01:15:00,2025-12-16 09:10:00,1,4306.52,4286.4,0.1,-201.900000000008,558.6385291543637,TIME,drift,-0.36141438419156857
2025-12-15 10:15:00,2025-12-16 11:17:00,1,4343.1,4284.53,0.08,-475.47840000000497,582.6167831265544,TIME,lw,-0.8161083129950324
2025-12-17 01:15:00,2025-12-17 09:10:00,1,4304.55,4325.48,0.1,208.59999999999383,590.2680519675372,TIME,drift,0.3533987640101283
2025-12-17 15:45:00,2025-12-17 17:20:00,1,4338.52,4337.47,0.08,-8.960000000001456,573.071409940754,NEWS,lw,-0.015635049741755166
2025-12-18 01:15:00,2025-12-18 09:10:00,1,4336.330000000001,4331.31,0.1,-50.90000000000437,566.9753877606865,TIME,drift,-0.08977462002546156
2025-12-18 18:15:00,2025-12-18 23:45:00,1,4362.490000000001,4330.89,0.08,-253.36000000000294,559.2520235164146,TIME,tday,-0.45303367595694816
2025-12-19 01:15:00,2025-12-19 09:10:00,1,4335.030000000001,4324.87,0.09,-92.07000000000687,550.5492983434706,TIME,drift,-0.16723298036530648
2025-12-19 01:05:00,2025-12-19 16:50:00,1,4336.030000000001,4327.17,0.05,-44.65000000000292,521.9238597575933,NEWS,friday,-0.08554887684333984
2025-12-19 23:05:00,2025-12-19 23:55:00,1,4337.86,4338.53,0.26,15.600000000001891,589.4348463906251,TIME,fri_close,0.02646602944418321
2025-12-22 15:15:00,2025-12-22 23:45:00,1,4425.76,4445.08,0.08,153.99999999999767,544.155061093235,TIME,tday900,0.2830075671640431
2025-12-22 02:15:00,2025-12-23 03:17:00,1,4359.91,4483.83,0.11,1353.6072000000008,555.3900000000008,TIME,inside,2.4372192513368964
2025-12-22 10:15:00,2025-12-23 11:17:00,1,4412.51,4479.24,0.08,526.9215999999966,544.155061093235,TIME,lw,0.9683298707934178
2025-12-22 04:00:00,2025-12-23 15:20:00,1,4383.19,4495.52,0.1,1114.6520000000082,548.241143777317,NEWS,trendH4,2.03314182573053
2025-12-22 08:00:00,2025-12-23 15:20:00,1,4400.3,4495.52,0.1,943.5520000000025,551.7440865884513,NEWS,trendH4,1.710126167068108
2025-12-22 12:00:00,2025-12-23 15:20:00,1,4411.34,4495.52,0.11,916.4672000000032,600.1180704849314,NEWS,trendH4,1.527144815451804
2025-12-23 04:00:00,2025-12-23 15:20:00,1,4486.96,4495.52,0.03,25.4700000000012,166.88579429602277,NEWS,trendH4,0.152619341313272
2025-12-23 14:00:00,2025-12-23 15:20:00,1,4493.79,4495.52,0.08,13.280000000003783,568.8182710151467,NEWS,lw,0.023346648089034677
2025-12-24 01:15:00,2025-12-24 09:10:00,1,4495.45,4492.08,0.1,-34.39999999999891,587.332418558432,TIME,drift,-0.05856989826039469
2025-12-24 04:00:00,2025-12-24 15:20:00,1,4518.94,4480.15,0.1,-388.5999999999996,578.7922833526641,NEWS,trendH4,-0.6713980320349601
2025-12-26 01:15:00,2025-12-26 09:10:00,1,4489.349999999999,4514.45,0.09,225.27000000000328,593.3560230770764,TIME,drift,0.3796540209228497
2025-12-26 01:05:00,2025-12-26 23:00:00,1,4495.889999999999,4531.16,0.05,176.0000000000022,535.6328817038896,TIME,friday,0.3285832629246595
2025-12-26 18:15:00,2025-12-26 23:45:00,1,4539.3,4532.33,0.08,-56.32000000000205,571.5284071508155,TIME,tday,-0.09854278334259642
2025-12-26 23:05:00,2025-12-26 23:55:00,1,4529.139999999999,4532.04,0.16,45.280000000008734,596.6406224068586,TIME,fri_close,0.07589158079339021
2025-12-26 17:30:00,2025-12-26 23:57:00,1,4533.61,4531.07,0.08,-20.879999999999708,571.5284071508155,EOD,lw,-0.03653361711990962
2025-12-29 10:15:00,2025-12-29 23:50:00,-1,4483.74,4332.339999999999,0.08,1210.6400000000044,570.9449494971856,NEWS,lw,2.120414588247395
2025-12-30 01:15:00,2025-12-30 09:10:00,1,4340.98,4363.68,0.06,135.78000000000438,605.699712764348,TIME,drift,0.2241704876832765
2025-12-30 15:15:00,2025-12-30 16:35:00,1,4399.62,4382.61,0.07,-119.56000000000154,587.2327714664631,NEWS,tday900,-0.20359899142112103
2025-12-31 01:15:00,2025-12-31 09:10:00,1,4346.11,4325.16,0.07,-147.13999999999876,602.1616956189815,TIME,drift,-0.2443529720845973
2025-12-31 11:00:00,2025-12-31 15:20:00,-1,4307.24,4314.29,0.07,-49.840000000001275,585.7975735045728,NEWS,lw,-0.08508058458117225
2026-01-02 01:15:00,2026-01-02 09:10:00,1,4331.139999999999,4373.37,0.07,295.12000000000336,609.4535019776218,TIME,drift,0.48423710593567104
2026-01-02 01:05:00,2026-01-02 16:35:00,1,4327.67,4355.2,0.04,109.83999999999898,508.5013340138438,NEWS,friday,0.21600729959345322
2026-01-02 01:10:00,2026-01-02 16:35:00,1,4333.49,4355.2,0.03,64.92000000000012,508.4313340138438,NEWS,tom,0.12768685888708906
2026-01-02 10:15:00,2026-01-02 16:35:00,1,4385.3,4355.2,0.07,-211.19000000000256,593.4148896828178,NEWS,lw,-0.3558892836559667
2026-01-02 15:15:00,2026-01-02 16:35:00,1,4400.01,4355.2,0.07,-314.1600000000028,593.4148896828178,NEWS,tday900,-0.5294103762174258
2026-01-02 23:05:00,2026-01-02 23:55:00,1,4330.9,4333.0,0.19,38.570000000006914,629.133299543171,TIME,fri_close,0.061306562580638366
2026-01-05 10:15:00,2026-01-05 16:50:00,1,4424.58,4436.95,0.07,86.09999999999926,597.3081118483307,NEWS,lw,0.14414671137408208
2026-01-05 18:15:00,2026-01-05 23:45:00,1,4446.62,4445.96,0.07,-5.1099999999989825,597.3081118483307,TIME,tday,-0.008555048723826005
2026-01-06 01:15:00,2026-01-06 09:10:00,1,4451.83,4469.16,0.1,172.59999999999928,630.560396930475,TIME,drift,0.27372477060120537
2026-01-06 18:15:00,2026-01-06 23:45:00,1,4479.08,4496.26,0.07,119.77000000000206,616.1382467163068,TIME,tday,0.19438819232260496
2026-01-07 01:15:00,2026-01-07 09:10:00,1,4497.8,4449.03,0.1,-488.4000000000044,614.6157106004061,TIME,drift,-0.7946428826606075
2026-01-07 10:15:00,2026-01-07 15:05:00,-1,4465.74,4445.849999999999,0.07,138.74000000000228,606.9483719508561,NEWS,lw,0.2285861638512409
2026-01-08 01:15:00,2026-01-08 09:10:00,1,4460.0599999999995,4437.75,0.09,-201.4199999999954,574.0526870574832,TIME,drift,-0.3508737168925159
2026-01-08 10:15:00,2026-01-08 15:20:00,-1,4425.7699999999995,4426.04,0.07,-2.3800000000030566,602.1349168115094,NEWS,lw,-0.003952602537328167
2026-01-09 01:15:00,2026-01-09 09:10:00,1,4477.19,4474.68,0.1,-25.799999999993087,621.5317495399617,TIME,drift,-0.04151034926066036
2026-01-09 01:05:00,2026-01-09 15:20:00,1,4477.57,4463.71,0.04,-55.71999999999869,509.9459541969156,NEWS,friday,-0.10926648116612456
2026-01-09 23:05:00,2026-01-09 23:55:00,1,4506.98,4509.97,0.19,55.48000000001314,606.2898826812119,TIME,fri_close,0.09150738216950358
2026-01-09 17:45:00,2026-01-09 23:57:00,1,4514.62,4509.38,0.07,-37.169999999998474,595.1002798964015,EOD,lw,-0.062460061363891886
2026-01-12 01:30:00,2026-01-12 19:50:00,1,4538.08,4617.41,0.07,554.8199999999995,595.0700000000036,NEWS,nr7,0.9323608987177915
2026-01-12 04:00:00,2026-01-12 19:50:00,1,4570.48,4617.41,0.08,374.8800000000023,573.3753160065847,NEWS,trendH4,0.6538125893017989
2026-01-12 10:15:00,2026-01-12 19:50:00,1,4583.639999999999,4617.41,0.07,235.90000000000308,584.7231170466589,NEWS,lw,0.40343881252975855
2026-01-12 15:15:00,2026-01-12 19:50:00,1,4606.8099999999995,4617.41,0.07,73.71000000000255,584.7231170466589,NEWS,tday900,0.1260596645679065
2026-01-12 16:00:00,2026-01-12 19:50:00,1,4616.04,4617.41,0.08,10.399999999999126,564.2989915611463,NEWS,trendH4,0.018429946102202457
2026-01-12 18:15:00,2026-01-12 19:50:00,1,4629.37,4617.41,0.07,-84.21000000000025,584.7231170466589,NEWS,tday,-0.1440168817428174
2026-01-13 01:15:00,2026-01-13 09:10:00,1,4579.41,4584.6,0.09,46.08000000000458,629.7303579833616,TIME,drift,0.07317417592439157
2026-01-14 01:15:00,2026-01-14 09:10:00,1,4596.17,4632.06,0.08,286.5600000000026,601.4324667044385,TIME,drift,0.4764624722875604
2026-01-14 10:15:00,2026-01-14 15:20:00,1,4627.57,4628.56,0.07,6.440000000004839,592.7998815351293,NEWS,lw,0.010863699876807761
2026-01-15 01:15:00,2026-01-15 09:10:00,1,4617.01,4608.86,0.09,-73.9800000000049,605.7151939940255,TIME,drift,-0.12213660930674064
2026-01-15 10:15:00,2026-01-15 15:20:00,-1,4603.84,4605.44,0.07,-11.689999999996182,578.6970328540485,NEWS,lw,-0.02020055285637603
2026-01-16 01:15:00,2026-01-16 09:10:00,1,4614.36,4606.29,0.1,-81.39999999999709,632.8483150383744,TIME,drift,-0.12862481903749906
2026-01-16 01:05:00,2026-01-16 23:00:00,1,4618.95,4581.94,0.05,-185.40000000000109,603.1427112578546,TIME,friday,-0.30738993697420175
2026-01-16 23:05:00,2026-01-16 23:55:00,1,4582.85,4595.59,0.16,202.7199999999965,621.1770961499732,TIME,fri_close,0.3263481561964304
2026-01-20 01:15:00,2026-01-20 09:10:00,1,4671.12,4713.88,0.11,469.5900000000024,598.754610130767,TIME,drift,0.7842778862236146
2026-01-19 10:15:00,2026-01-20 13:45:00,1,4669.69,4732.24,0.07,431.7964000000013,564.9953497568074,TIME,lw,0.7642477060844142
2026-01-20 15:15:00,2026-01-20 23:45:00,1,4723.94,4759.24,0.07,246.6100000000013,572.1185390598923,TIME,tday900,0.4310470351218332
2026-01-20 18:15:00,2026-01-20 23:45:00,1,4741.63,4759.24,0.07,122.77999999999773,572.1185390598923,TIME,tday,0.2146058755616456
2026-01-20 10:15:00,2026-01-21 11:17:00,1,4724.72,4860.88,0.07,947.0663999999991,572.1185390598923,TIME,lw,1.6553674375877117
2026-01-21 15:15:00,2026-01-21 21:36:00,1,4869.44,4785.940295838994,0.07,-584.9879291270411,584.6379291270428,SL,tday900,-1.0005986611243662
2026-01-19 04:00:00,2026-01-22 15:20:00,1,4657.62,4831.37,0.08,1357.6480000000001,589.9946208357828,NEWS,trendH4,2.301119284912741
2026-01-20 08:00:00,2026-01-22 15:20:00,1,4714.85,4831.37,0.09,1019.4371999999956,584.9694666490835,NEWS,trendH4,1.7427186513506427
2026-01-20 12:00:00,2026-01-22 15:20:00,1,4732.71,4831.37,0.09,858.6971999999986,584.3904933166292,NEWS,trendH4,1.4693894062625468
2026-01-22 18:15:00,2026-01-22 18:50:00,1,4873.92,4881.3,0.07,51.17000000000077,609.0930770465395,NEWS,tday,0.08401014874134086
2026-01-23 01:15:00,2026-01-23 09:10:00,1,4943.4,4956.18,0.06,76.26000000000393,581.3899796352342,TIME,drift,0.13116841134387916
2026-01-22 19:30:00,2026-01-23 20:32:00,1,4890.19,4979.28,0.07,617.5764000000011,609.0930770465395,TIME,lw,1.0139277940813196
2026-01-23 01:05:00,2026-01-23 23:00:00,1,4952.52,4981.49,0.04,115.59999999999738,556.845510302348,TIME,friday,0.20759797441346084
2026-01-23 18:15:00,2026-01-23 23:45:00,1,4971.33,4982.38,0.07,76.86000000000129,649.8164286860726,TIME,tday,0.11827955805212872
2026-01-23 23:05:00,2026-01-23 23:55:00,1,4984.19,4986.18,0.15,28.800000000010368,633.064911540157,TIME,fri_close,0.045492965215753405
2026-01-22 20:00:00,2026-01-23 23:57:00,1,4904.78,4988.0,0.07,576.4864000000019,604.2068041838806,EOD,trendH4,0.9541209996446143
2026-01-23 04:00:00,2026-01-23 23:57:00,1,4953.81,4988.0,0.07,238.8399999999972,597.1377657759529,EOD,trendH4,0.3999747021353367
2026-01-26 04:00:00,2026-01-26 15:20:00,1,5071.03,5076.84,0.07,40.1800000000028,636.5955406270515,NEWS,trendH4,0.06311699884109334
2026-01-26 10:15:00,2026-01-26 15:20:00,1,5096.4,5076.84,0.07,-137.40999999999644,648.3909694942103,NEWS,lw,-0.2119246048525101
2026-01-26 18:15:00,2026-01-26 21:48:00,1,5101.77,5009.1627186436845,0.07,-648.740969494212,648.3909694942103,SL,tday,-1.0005397977708954
2026-01-27 01:15:00,2026-01-27 09:10:00,1,5040.38,5093.49,0.05,265.1999999999984,659.1795982917324,TIME,drift,0.4023182766688558
2026-01-27 10:15:00,2026-01-27 16:50:00,1,5086.85,5065.21,0.07,-151.9700000000023,663.6623288160526,NEWS,lw,-0.2289869311568592
2026-01-27 15:15:00,2026-01-27 16:50:00,1,5090.46,5065.21,0.07,-177.24,663.6623288160526,NEWS,tday900,-0.26706352357860835
2026-01-27 18:15:00,2026-01-27 23:45:00,1,5095.33,5185.33,0.07,629.5100000000001,663.6623288160526,TIME,tday,0.9485396001352391
2026-01-28 01:15:00,2026-01-28 09:10:00,1,5171.21,5272.34,0.05,505.3000000000006,594.6531836410094,TIME,drift,0.8497389972859355
2026-01-28 04:00:00,2026-01-28 17:20:00,1,5204.91,5256.25,0.06,307.62000000000086,619.8773413545816,NEWS,trendH4,0.4962594685712772
2026-01-28 08:00:00,2026-01-28 17:20:00,1,5261.51,5256.25,0.06,-31.98000000000131,627.7124742868526,NEWS,trendH4,-0.050946892582203265
2026-01-28 10:15:00,2026-01-28 17:20:00,1,5293.59,5256.25,0.06,-224.46000000000086,606.1567515066544,NEWS,lw,-0.3703002555726491
2026-01-28 12:00:00,2026-01-28 17:20:00,1,5278.37,5256.25,0.06,-133.13999999999933,631.9698505725099,NEWS,trendH4,-0.2106746071499867
2026-01-28 15:15:00,2026-01-28 17:20:00,1,5275.67,5256.25,0.06,-116.94000000000042,606.1567515066544,NEWS,tday900,-0.19292039511122505
2026-01-28 18:15:00,2026-01-28 20:50:00,1,5284.63,5278.71,0.06,-35.94000000000044,606.1567515066544,NEWS,tday,-0.059291593982362646
2026-01-29 01:15:00,2026-01-29 09:10:00,1,5475.09,5569.15,0.04,375.959999999998,602.4582590826907,TIME,drift,0.6240432334224095
2026-01-29 04:00:00,2026-01-29 15:20:00,1,5545.98,5518.48,0.05,-137.85,644.8870947732295,NEWS,trendH4,-0.21375834796085366
2026-01-29 10:15:00,2026-01-29 15:20:00,1,5538.0,5518.48,0.05,-97.95000000000218,562.0177243801492,NEWS,lw,-0.1742827596905978
2026-01-30 01:05:00,2026-01-30 04:14:00,1,5419.81,5210.179348208388,0.03,-629.1019553748383,628.9519553748389,SL,friday,-1.000238491984511
2026-01-30 01:15:00,2026-01-30 09:10:00,1,5422.42,5165.93,0.02,-513.1199999999995,624.2630920480825,TIME,drift,-0.8219611355150844
2026-01-30 10:15:00,2026-01-30 15:20:00,-1,5145.59,5074.929999999999,0.04,282.3600000000031,559.1617381109679,NEWS,lw,0.5049701736637202
2026-01-30 23:05:00,2026-01-30 23:55:00,1,4859.42,4883.16,0.02,47.33999999999956,487.7375976131227,TIME,fri_close,0.09706038704350617
2026-02-02 01:10:00,2026-02-02 08:24:00,1,4816.34,4448.107764448479,0.01,-368.3022355515207,368.2522355515208,SL,tom,-1.000135776500922
2026-02-03 01:15:00,2026-02-03 09:10:00,1,4718.68,4884.86,0.01,166.1099999999994,388.5694217785985,TIME,drift,0.42749117838368295
2026-02-03 15:15:00,2026-02-03 23:45:00,1,4928.99,4940.36,0.03,33.89999999999967,616.6509709467612,TIME,tday900,0.054974372209212724
2026-02-03 18:15:00,2026-02-03 23:45:00,1,4944.41,4940.36,0.03,-12.360000000000547,616.6509709467612,TIME,tday,-0.020043753407253864
2026-02-04 01:15:00,2026-02-04 09:10:00,1,4933.07,5064.76,0.02,263.24000000000103,492.4848673788771,TIME,drift,0.5345138854743449
2026-02-03 10:15:00,2026-02-04 11:17:00,1,4928.73,5065.43,0.03,407.5056000000021,616.6509709467612,TIME,lw,0.6608367118507048
2026-02-04 10:15:00,2026-02-04 15:05:00,1,5077.74,5040.07,0.03,-113.2200000000002,644.5659015934211,NEWS,lw,-0.1756531019095345
2026-02-05 01:15:00,2026-02-05 05:00:00,1,5009.969999999999,4804.61327405715,0.03,-616.2801778285475,616.1301778285471,SL,drift,-1.0002434550447263
2026-02-05 11:15:00,2026-02-05 15:20:00,-1,4862.94,4836.98,0.03,77.67000000000012,649.418337193891,NEWS,lw,0.11959933305180274
2026-02-06 01:15:00,2026-02-06 09:10:00,1,4769.03,4845.46,0.03,229.08000000000087,664.923812964434,TIME,drift,0.3445206736974753
2026-02-06 01:05:00,2026-02-06 23:00:00,1,4777.35,4953.32,0.02,351.7999999999987,659.5091702514702,TIME,friday,0.5334270027903596
2026-02-06 15:15:00,2026-02-06 23:45:00,1,4909.91,4960.54,0.03,151.68000000000032,659.5791702514703,TIME,tday900,0.229964812172845
2026-02-06 18:15:00,2026-02-06 23:45:00,1,4941.0,4960.54,0.03,58.40999999999988,659.5791702514703,TIME,tday,0.08855646544709798
2026-02-06 23:05:00,2026-02-06 23:55:00,1,4951.92,4964.33,0.11,135.7399999999984,664.1939098987651,TIME,fri_close,0.20436802863893702
2026-02-06 14:15:00,2026-02-06 23:57:00,1,4896.09,4966.25,0.03,210.26999999999956,659.5791702514703,EOD,lw,0.31879417890021045
2026-02-09 18:15:00,2026-02-09 23:45:00,1,5063.88,5061.7,0.02,-4.500000000000582,453.4866292032911,TIME,tday,-0.009923115060539747
2026-02-10 01:15:00,2026-02-10 09:10:00,1,5013.57,5028.6,0.05,74.80000000000328,635.4551112703268,TIME,drift,0.1177109109256702
2026-02-10 18:30:00,2026-02-11 15:20:00,-1,5010.12,5072.8099999999995,0.03,-187.2476999999988,657.6478049617268,NEWS,lw,-0.28472337106165213
2026-02-12 01:15:00,2026-02-12 09:10:00,1,5063.63,5063.47,0.05,-1.1499999999992725,590.8966340517837,TIME,drift,-0.0019461948735664844
2026-02-13 01:15:00,2026-02-13 09:10:00,1,4910.71,4958.34,0.04,190.24000000000044,573.3727405932194,TIME,drift,0.33179114829068346
2026-02-13 01:05:00,2026-02-13 15:20:00,1,4891.78,4962.01,0.02,140.32000000000096,610.5687490892544,NEWS,friday,0.2298185097244285
2026-02-13 18:15:00,2026-02-13 23:45:00,1,4997.82,5038.85,0.03,122.88000000000197,610.6387490892544,TIME,tday,0.2012319070535125
2026-02-13 23:05:00,2026-02-13 23:55:00,1,5034.2,5042.99,0.12,104.63999999999955,648.9735616316099,TIME,fri_close,0.1612392340558836
2026-02-13 18:30:00,2026-02-13 23:57:00,1,5028.11,5043.21,0.03,45.09000000000109,610.6387490892544,EOD,lw,0.07384071198765424
2026-02-17 01:15:00,2026-02-17 07:15:00,1,4991.29,4915.663376004962,0.08,-605.5729919603059,605.172991960301,SL,drift,-1.0006609680295038
2026-02-17 10:15:00,2026-02-18 11:17:00,-1,4927.65,4917.0199999999995,0.03,32.712300000000326,576.8909112045102,TIME,lw,0.05670448149668227
2026-02-18 15:00:00,2026-02-18 15:20:00,1,4943.31,4955.75,0.03,37.1099999999988,569.6229889756166,NEWS,lw,0.06514835376770114
2026-02-18 18:15:00,2026-02-18 23:45:00,1,4999.83,4980.09,0.03,-59.42999999999934,569.6229889756166,TIME,tday,-0.10433216557301431
2026-02-19 01:15:00,2026-02-19 09:10:00,1,4977.21,5020.95,0.08,349.35999999999825,644.2842608609686,TIME,drift,0.5422451256734756
2026-02-20 01:15:00,2026-02-20 09:10:00,1,4999.09,5025.59,0.08,211.44,608.9379095971855,TIME,drift,0.3472275196987954
2026-02-20 01:05:00,2026-02-20 15:20:00,1,5002.09,5029.45,0.02,54.579999999999345,535.5627302901999,NEWS,friday,0.1019114977818278
2026-02-20 08:45:00,2026-02-20 15:20:00,1,5027.14,5029.45,0.1,22.399999999994908,666.6999999999946,NEWS,nr7,0.033598320083988435
2026-02-20 10:45:00,2026-02-20 15:20:00,1,5022.82,5029.45,0.03,19.680000000000327,535.6327302901999,NEWS,lw,0.03674159342230248
2026-02-20 18:15:00,2026-02-20 23:45:00,1,5054.69,5099.62,0.03,134.58000000000087,535.6327302901999,TIME,tday,0.2512542501409257
2026-02-20 23:05:00,2026-02-20 23:55:00,1,5095.44,5103.91,0.15,126.00000000000382,656.2470244849923,TIME,fri_close,0.19200087055462958
2026-02-23 18:15:00,2026-02-23 23:45:00,1,5202.7,5228.81,0.03,78.12000000000175,524.4332495551856,TIME,tday,0.14896080686390814
2026-02-24 01:15:00,2026-02-24 03:16:00,1,5244.8,5153.258456663068,0.07,-641.2808033585283,640.9308033585263,SL,drift,-1.0005460807908872
2026-02-23 13:00:00,2026-02-24 14:02:00,1,5163.11,5170.51,0.03,19.605600000001633,524.4332495551856,TIME,lw,0.03738435733552503
2026-02-25 01:15:00,2026-02-25 09:10:00,1,5136.03,5193.16,0.06,342.36000000000064,596.3741027854695,TIME,drift,0.574069193147302
2026-02-26 01:15:00,2026-02-26 09:10:00,1,5168.99,5184.81,0.07,110.25000000000435,660.0236566862188,TIME,drift,0.16703946727233474
2026-02-25 18:45:00,2026-02-26 15:20:00,1,5207.79,5171.68,0.03,-115.69319999999901,513.2362202797265,NEWS,lw,-0.225419008691443
2026-02-27 01:15:00,2026-02-27 09:10:00,1,5184.26,5187.2,0.07,20.0899999999972,635.1894813011625,TIME,drift,0.031628357508130596
2026-02-27 01:05:00,2026-02-27 15:20:00,1,5182.33,5218.31,0.02,71.82000000000095,477.67199605751927,NEWS,friday,0.15035421919804712
2026-02-27 18:15:00,2026-02-27 23:45:00,1,5254.04,5274.59,0.04,81.92000000000073,636.9893280766925,TIME,tday,0.128604980317877
2026-02-27 23:05:00,2026-02-27 23:55:00,1,5259.97,5280.2,0.16,322.559999999993,650.8510291308021,TIME,fri_close,0.4955972804264674
2026-03-02 01:10:00,2026-03-02 16:35:00,1,5351.58,5316.42,0.02,-70.45999999999971,623.9900903569286,NEWS,tom,-0.11291845990646403
2026-03-02 10:15:00,2026-03-02 16:35:00,1,5409.95,5316.42,0.04,-374.39999999999895,624.1300903569287,NEWS,lw,-0.5998749391907805
2026-03-03 01:15:00,2026-03-03 09:10:00,1,5339.01,5313.5,0.05,-127.90000000000109,610.8983320693217,TIME,drift,-0.20936380619465766
2026-03-03 11:30:00,2026-03-04 12:32:00,-1,5242.33,5186.87,0.04,222.93640000000016,624.8322267600051,TIME,lw,0.3567940167811301
2026-03-05 01:15:00,2026-03-05 09:10:00,1,5147.09,5164.87,0.05,88.54999999999875,674.9458542466836,TIME,drift,0.1311957091711166
2026-03-05 16:45:00,2026-03-06 15:20:00,-1,5097.3099999999995,5077.12,0.04,81.8563999999984,675.3963587879639,NEWS,lw,0.12119757374305991
2026-03-06 23:05:00,2026-03-06 23:55:00,1,5161.29,5171.45,0.12,121.07999999999825,652.0368725998094,TIME,fri_close,0.18569501984945513
2026-03-06 17:15:00,2026-03-06 23:57:00,1,5149.53,5174.55,0.04,99.80000000000175,668.2909045888235,EOD,lw,0.14933616380938966
2026-03-09 10:15:00,2026-03-10 11:17:00,-1,5096.87,5179.7300000000005,0.04,-330.3436000000023,652.5729828324789,TIME,lw,-0.5062170955440923
2026-03-10 16:30:00,2026-03-10 16:50:00,1,5221.900000000001,5205.19,0.04,-67.12000000000378,658.392055487302,NEWS,lw,-0.10194533703831773
2026-03-10 18:15:00,2026-03-10 23:45:00,1,5223.71,5197.92,0.04,-103.43999999999986,658.392055487302,TIME,tday,-0.15711003669909082
2026-03-11 01:15:00,2026-03-11 09:10:00,1,5190.66,5203.4,0.06,76.01999999999869,633.5116384655331,TIME,drift,0.11999779543771498
2026-03-12 01:15:00,2026-03-12 09:10:00,1,5175.31,5154.43,0.08,-167.60000000000088,640.7952671260314,TIME,drift,-0.26154999669658513
2026-03-12 17:45:00,2026-03-12 19:50:00,-1,5148.7,5133.9,0.04,58.92000000000073,621.0209049865005,NEWS,lw,0.09487603320097816
2026-03-13 01:15:00,2026-03-13 09:10:00,1,5081.97,5105.47,0.07,164.01000000000002,647.7774652200869,TIME,drift,0.2531888014108
2026-03-13 01:05:00,2026-03-13 15:20:00,1,5084.070000000001,5106.83,0.02,45.37999999999862,461.7131302584555,NEWS,friday,0.0982861370535337
2026-03-13 23:05:00,2026-03-13 23:55:00,1,5020.530000000001,5021.58,0.12,11.759999999991269,646.1285416130705,TIME,fri_close,0.018200712772465114
2026-03-17 01:15:00,2026-03-17 09:10:00,1,5004.3,5008.43,0.06,24.360000000000653,601.4283642954385,TIME,drift,0.040503576894877436
2026-03-17 07:45:00,2026-03-18 08:47:00,1,5039.99,4999.75,0.09,-369.94319999999806,650.4300000000065,TIME,nr7,-0.5687671232876625
2026-03-18 01:15:00,2026-03-18 09:10:00,1,5002.9,5002.82,0.09,-1.349999999999345,667.086293711668,TIME,drift,-0.0020237261846408885
2026-03-18 14:00:00,2026-03-18 15:20:00,-1,4967.8099999999995,4905.45,0.04,249.1599999999987,561.2357858006934,NEWS,lw,0.4439488826332265
2026-03-19 01:15:00,2026-03-19 09:10:00,1,4818.849999999999,4833.4,0.06,86.88000000000109,668.3180664489446,TIME,drift,0.12999798204114266
2026-03-19 10:45:00,2026-03-19 15:20:00,-1,4739.66,4616.86,0.04,490.92000000000075,580.9989439577869,NEWS,lw,0.8449585065608468
2026-03-20 01:15:00,2026-03-20 09:10:00,1,4671.2699999999995,4689.45,0.03,54.330000000000865,557.9732317891094,TIME,drift,0.09737026241526824
2026-03-20 01:05:00,2026-03-20 23:00:00,1,4659.63,4501.58,0.02,-316.24000000000035,482.72569311345876,TIME,friday,-0.6551132548183467
2026-03-20 23:05:00,2026-03-20 23:55:00,1,4503.25,4497.54,0.06,-34.68000000000022,613.1507926584333,TIME,fri_close,-0.05656031177850787
2026-03-23 10:15:00,2026-03-23 12:21:00,-1,4130.46,4298.349619297023,0.04,-671.8384771880931,671.638477188092,SL,lw,-1.0002977792470116
2026-03-24 01:15:00,2026-03-24 09:10:00,1,4398.49,4369.16,0.02,-58.799999999999855,602.6110674384208,TIME,drift,-0.09757537353229655
2026-03-25 01:15:00,2026-03-25 09:10:00,1,4483.63,4540.78,0.03,171.2399999999989,633.5991699086295,TIME,drift,0.2702655055951118
2026-03-25 10:15:00,2026-03-25 17:20:00,1,4557.03,4556.92,0.03,-0.5399999999990177,559.5980458346461,NEWS,lw,-0.000964978351905433
2026-03-26 01:15:00,2026-03-26 09:10:00,1,4512.8099999999995,4438.21,0.04,-298.6799999999978,621.8545059520519,TIME,drift,-0.48030527581805044
2026-03-26 10:15:00,2026-03-26 15:20:00,-1,4447.57,4436.99,0.03,31.529999999999777,551.0517568464571,NEWS,lw,0.05721785586972581
2026-03-27 01:15:00,2026-03-27 09:10:00,1,4401.12,4461.81,0.04,242.48000000000204,639.073415809775,TIME,drift,0.37942432590902514
2026-03-27 01:05:00,2026-03-27 23:00:00,1,4387.3099999999995,4514.39,0.02,254.0200000000017,553.0144885002816,TIME,friday,0.45933697087914965
2026-03-27 23:05:00,2026-03-27 23:55:00,1,4513.78,4495.59,0.09,-164.3399999999964,629.368369733029,TIME,fri_close,-0.26111893749873
2026-03-27 10:15:00,2026-03-27 23:57:00,1,4455.3099999999995,4495.49,0.03,120.33000000000088,553.0844885002815,EOD,lw,0.2175616971762889
2026-03-30 14:45:00,2026-03-30 17:20:00,1,4566.44,4523.44,0.03,-129.21,552.1563107502614,NEWS,lw,-0.2340098220093355
2026-03-31 01:15:00,2026-03-31 09:10:00,1,4508.849999999999,4558.81,0.05,249.45000000000474,608.8162385105385,TIME,drift,0.409729544353615
2026-03-31 14:45:00,2026-03-31 16:35:00,1,4592.28,4578.39,0.03,-41.879999999998255,547.2080028395285,NEWS,lw,-0.0765339684044785
2026-04-01 01:15:00,2026-04-01 09:10:00,1,4669.3,4686.54,0.05,85.84999999999891,612.4582392189849,TIME,drift,0.14017282241067736
2026-04-01 01:10:00,2026-04-01 15:05:00,1,4669.969999999999,4748.01,0.01,77.97000000000088,367.91352556732716,NEWS,tom,0.21192479912166912
2026-04-01 14:45:00,2026-04-01 15:05:00,1,4760.84,4748.01,0.03,-38.69999999999978,551.9752883509907,NEWS,lw,-0.07011183438232325
2026-04-02 01:15:00,2026-04-02 08:33:00,1,4759.469999999999,4646.181512267127,0.05,-566.7924386643623,566.542438664361,SL,drift,-1.0004412732091008
2026-04-02 10:15:00,2026-04-02 15:20:00,-1,4621.099999999999,4614.009999999999,0.03,21.060000000000436,540.6670534687771,NEWS,lw,0.03895188335387746
2026-04-07 01:15:00,2026-04-07 09:10:00,1,4664.15,4644.08,0.06,-120.83999999999824,598.4022200167799,TIME,drift,-0.2019377535006634
2026-04-08 01:15:00,2026-04-08 09:10:00,1,4732.38,4824.35,0.05,459.50000000000125,602.6103676250874,TIME,drift,0.7625159218732163
2026-04-08 10:15:00,2026-04-08 17:20:00,1,4812.73,4773.2,0.03,-118.79999999999923,523.3040220375013,NEWS,lw,-0.22701908450358846
2026-04-09 01:15:00,2026-04-09 09:10:00,1,4712.79,4720.54,0.05,38.4,632.574080437847,TIME,drift,0.06070435256123802
2026-04-09 18:45:00,2026-04-09 19:50:00,1,4790.54,4784.47,0.03,-18.419999999999128,519.778020463394,NEWS,lw,-0.03543820491597024
2026-04-10 01:15:00,2026-04-10 09:10:00,1,4770.410000000001,4759.27,0.07,-78.4700000000023,652.7068048413526,TIME,drift,-0.12022243282583102
2026-04-10 01:05:00,2026-04-10 15:20:00,1,4772.6,4768.24,0.02,-8.860000000001165,504.53887614458006,NEWS,friday,-0.017560589320102765
2026-04-10 23:05:00,2026-04-10 23:55:00,1,4753.25,4749.29,0.19,-76.57000000000069,674.6344088257056,TIME,fri_close,-0.11349850970880859
2026-04-13 01:30:00,2026-04-13 16:50:00,-1,4647.2699999999995,4739.88,0.04,-370.7200000000023,591.6800000000014,NEWS,inside,-0.6265548945375903
2026-04-14 01:15:00,2026-04-14 09:10:00,1,4748.78,4769.38,0.07,143.71000000000257,590.5882505363714,TIME,drift,0.2433336590585494
2026-04-15 01:15:00,2026-04-15 09:10:00,1,4845.1900000000005,4817.62,0.08,-221.12000000000498,611.7820474639537,TIME,drift,-0.3614359082889457
2026-04-14 16:45:00,2026-04-15 17:20:00,1,4793.43,4824.63,0.04,121.34079999999928,630.5516331185988,NEWS,lw,0.192435945966659
2026-04-16 01:15:00,2026-04-16 09:10:00,1,4792.360000000001,4824.1,0.09,285.02999999999804,608.3786785032906,TIME,drift,0.46850754319861715
2026-04-17 01:15:00,2026-04-17 09:10:00,1,4795.64,4790.41,0.1,-53.00000000000473,649.098214249391,TIME,drift,-0.08165174211932359
2026-04-17 01:05:00,2026-04-17 23:00:00,1,4795.75,4854.47,0.03,175.95000000000076,643.4256250753483,TIME,friday,0.2734581793807111
2026-04-17 23:05:00,2026-04-17 23:55:00,1,4850.38,4834.56,0.17,-270.12999999999505,659.6104606642807,TIME,fri_close,-0.40952958770234243
2026-04-17 15:45:00,2026-04-17 23:57:00,1,4823.65,4832.51,0.04,35.16000000000233,572.0272222891984,EOD,lw,0.061465606233380564
2026-04-21 01:15:00,2026-04-21 09:10:00,1,4829.26,4787.5,0.09,-376.47000000000196,646.5920352642422,TIME,drift,-0.5822372987414705
2026-04-20 16:30:00,2026-04-21 15:20:00,1,4824.64,4783.71,0.04,-167.17920000000117,565.9652778399702,NEWS,lw,-0.295387732332357
2026-04-22 01:15:00,2026-04-22 09:10:00,1,4722.03,4760.56,0.06,230.76000000000394,632.4550203741377,TIME,drift,0.3648638916068602
2026-04-23 01:15:00,2026-04-23 09:10:00,1,4736.65,4713.12,0.1,-235.99999999999744,644.9998254243827,TIME,drift,-0.365891571900379
2026-04-23 10:15:00,2026-04-23 15:20:00,-1,4712.21,4731.79,0.05,-98.24999999999963,670.7679279402398,NEWS,lw,-0.14647390834815366
2026-04-24 01:15:00,2026-04-24 09:10:00,1,4697.5199999999995,4683.16,0.07,-101.00999999999772,604.8418202963303,TIME,drift,-0.1670023411253373
2026-04-24 01:05:00,2026-04-24 23:00:00,1,4695.429999999999,4716.52,0.03,63.060000000003164,589.2299826357719,TIME,friday,0.1070210305964407
2026-04-24 23:05:00,2026-04-24 23:55:00,1,4711.61,4708.2,0.22,-76.5599999999968,664.6910047978456,TIME,fri_close,-0.11518133906939393
2026-04-28 01:15:00,2026-04-28 08:40:00,1,4689.51,4636.385534552984,0.12,-638.3335853641983,637.7335853641924,SL,drift,-1.0009408317419306
2026-04-28 10:15:00,2026-04-28 16:50:00,-1,4634.139999999999,4586.669999999999,0.05,237.00000000000128,614.4248132961759,NEWS,lw,0.3857266094586554
2026-04-28 15:15:00,2026-04-28 16:50:00,-1,4581.53,4586.669999999999,0.05,-26.049999999997095,614.4248132961759,NEWS,tday900,-0.04239737627171644
2026-04-28 18:15:00,2026-04-28 23:45:00,-1,4572.65,4593.65,0.05,-105.35,614.4248132961759,TIME,tday,-0.17146117428889923
2026-04-29 01:15:00,2026-04-29 09:10:00,1,4596.76,4592.6,0.09,-38.06999999999869,635.280494093127,TIME,drift,-0.05992628508820222
2026-04-29 16:30:00,2026-04-29 17:20:00,-1,4537.8,4534.58,0.05,15.750000000001274,622.8373266321634,NEWS,lw,0.025287501770591445
2026-04-30 01:15:00,2026-04-30 09:10:00,1,4546.64,4565.21,0.08,147.99999999999767,648.1638622207648,TIME,drift,0.22833732120287326
2026-04-30 10:15:00,2026-04-30 15:20:00,1,4591.88,4631.36,0.05,197.04999999999782,614.1418033012948,NEWS,lw,0.3208542374753899
2026-05-01 01:15:00,2026-05-01 09:10:00,1,4631.62,4602.97,0.09,-258.4799999999967,631.5740996131188,TIME,drift,-0.4092631413453036
2026-05-01 01:05:00,2026-05-01 16:35:00,1,4629.0599999999995,4598.6,0.03,-91.58999999999737,547.7245784732247,NEWS,friday,-0.16721907980705072
2026-05-01 01:10:00,2026-05-01 16:35:00,1,4631.47,4598.6,0.02,-65.87999999999978,486.8196253095331,NEWS,tom,-0.13532732982593193
2026-05-01 23:05:00,2026-05-01 23:55:00,1,4609.46,4616.35,0.17,115.94000000000558,644.0478297013784,TIME,fri_close,0.180017686037018
2026-05-04 18:15:00,2026-05-04 23:45:00,-1,4548.5199999999995,4518.94,0.05,147.54999999999967,600.9924222342796,TIME,tday,0.2455105830643594
2026-05-04 10:15:00,2026-05-05 11:17:00,-1,4591.92,4550.61,0.05,207.920500000002,600.9924222342796,TIME,lw,0.3459619328094459
2026-05-05 16:15:00,2026-05-05 16:35:00,1,4579.05,4580.38,0.05,6.2999999999996374,607.053677788974,NEWS,lw,0.010377994945925794
2026-05-06 01:15:00,2026-05-06 09:10:00,1,4550.9,4663.49,0.11,1237.7200000000016,665.3535770601075,TIME,drift,1.860244000594269
2026-05-06 10:15:00,2026-05-06 15:05:00,1,4658.82,4685.49,0.05,133.00000000000037,589.7748436611902,NEWS,lw,0.22550978806482513
2026-05-07 01:15:00,2026-05-07 09:10:00,1,4697.5199999999995,4707.73,0.09,91.26000000000033,671.6217911831292,TIME,drift,0.13588004617782976
2026-05-08 01:15:00,2026-05-08 09:10:00,1,4691.6,4725.5,0.07,236.80999999999747,622.0483043667872,TIME,drift,0.3806939080736788
2026-05-08 01:05:00,2026-05-08 15:20:00,1,4694.26,4707.94,0.03,40.829999999998144,535.899865922791,NEWS,friday,0.07618960667155805
2026-05-08 10:15:00,2026-05-08 15:20:00,1,4715.5599999999995,4707.94,0.05,-38.449999999999456,595.5609621364346,NEWS,lw,-0.06456098106576554
2026-05-08 23:05:00,2026-05-08 23:55:00,1,4723.32,4715.39,0.25,-199.99999999998454,678.084522165924,TIME,fri_close,-0.2949484812913124
2026-05-11 07:30:00,2026-05-11 16:50:00,-1,4671.71,4737.83,0.08,-529.5199999999991,621.4399999999974,NEWS,nr7,-0.8520854788877467
2026-05-12 01:15:00,2026-05-12 09:10:00,1,4739.39,4704.71,0.08,-278.00000000000233,608.3245980562059,TIME,drift,-0.45699286349475654
2026-05-12 12:45:00,2026-05-12 15:20:00,-1,4695.17,4704.959999999999,0.05,-49.29999999999528,573.5109826584566,NEWS,lw,-0.08596173655030935
2026-05-13 01:15:00,2026-05-13 09:10:00,1,4715.05,4710.55,0.08,-36.56,613.9818696023648,TIME,drift,-0.05954573222769181
2026-05-14 01:15:00,2026-05-14 09:10:00,1,4691.47,4690.72,0.1,-8.200000000000001,631.9387414886244,TIME,drift,-0.012975941276655549
2026-05-15 01:15:00,2026-05-15 08:18:00,1,4655.7,4586.65425590147,0.09,-622.0416968867711,621.5916968867658,SL,drift,-1.000723947894187
2026-05-15 01:05:00,2026-05-15 23:00:00,1,4653.15,4545.82,0.04,-429.5999999999997,655.6722575367178,TIME,friday,-0.6552053942528474
2026-05-15 23:05:00,2026-05-15 23:55:00,1,4540.25,4538.42,0.16,-30.399999999998837,640.0969872307311,TIME,fri_close,-0.04749280281964641
2026-05-19 01:15:00,2026-05-19 09:10:00,1,4573.63,4537.7,0.07,-252.00000000000207,613.2084747344103,TIME,drift,-0.41095322452799926
2026-05-19 16:15:00,2026-05-20 17:17:00,-1,4524.3,4497.849999999999,0.05,133.62050000000363,559.2386544375227,TIME,lw,0.2389328758656677
2026-05-21 01:15:00,2026-05-21 09:10:00,1,4540.4,4531.21,0.08,-74.0799999999968,601.4605729530145,TIME,drift,-0.1231668430671745
2026-05-20 18:45:00,2026-05-21 15:20:00,1,4537.17,4512.55,0.05,-135.37199999999945,563.7144648348427,NEWS,lw,-0.2401428532433717
2026-05-21 16:00:00,2026-05-22 17:02:00,-1,4504.03,4507.61,0.05,-16.52949999999964,558.9027173466396,TIME,lw,-0.029574914358034516
2026-05-22 17:15:00,2026-05-22 23:57:00,-1,4497.33,4508.28,0.06,-66.11999999999891,658.0015993291127,EOD,lw,-0.10048607794785568
2026-05-26 01:15:00,2026-05-26 08:01:00,1,4573.73,4523.069924262443,0.13,-659.4909845882322,658.8409845882339,SL,drift,-1.0009865810039194
2026-05-25 10:15:00,2026-05-26 13:45:00,1,4561.04,4533.22,0.06,-172.10879999999824,634.1786279484618,TIME,lw,-0.2713885211754331
2026-05-26 15:15:00,2026-05-26 16:50:00,-1,4510.33,4526.11,0.06,-95.09999999999847,619.7458688092859,NEWS,tday900,-0.1534499942415325
2026-05-26 18:15:00,2026-05-26 23:45:00,-1,4509.44,4509.05,0.06,1.9199999999965076,619.7458688092859,TIME,tday,0.0030980440477729886
2026-05-27 01:15:00,2026-05-27 09:10:00,1,4505.18,4497.87,0.1,-73.800000000004,615.3025167794214,TIME,drift,-0.1199410013569966
2026-05-27 15:15:00,2026-05-27 23:45:00,-1,4430.34,4453.86,0.06,-141.53999999999715,617.3454496086229,TIME,tday900,-0.22927195800945638
2026-05-27 18:15:00,2026-05-27 23:45:00,-1,4432.05,4453.86,0.06,-131.27999999999693,617.3454496086229,TIME,tday,-0.21265241378749
2026-05-27 10:15:00,2026-05-28 11:17:00,-1,4480.28,4393.889999999999,0.06,524.113800000002,617.3454496086229,TIME,lw,0.8489797735324255
2026-05-28 10:15:00,2026-05-28 15:20:00,-1,4388.76,4388.5,0.06,1.1400000000013097,632.19934606515,NEWS,lw,0.0018032286921787315
2026-05-29 01:15:00,2026-05-29 09:10:00,1,4494.09,4514.31,0.08,161.20000000000203,661.1518159580775,TIME,drift,0.24381692087831075
2026-05-29 01:05:00,2026-05-29 16:35:00,1,4497.58,4525.05,0.04,109.60000000000102,651.2565356319252,NEWS,friday,0.16829005776295863
2026-05-29 23:05:00,2026-05-29 23:55:00,1,4544.759999999999,4539.91,0.18,-88.55999999999018,656.7671754155294,TIME,fri_close,-0.13484230533287422
2026-05-29 18:00:00,2026-05-29 23:57:00,1,4564.44,4541.17,0.06,-140.03999999999712,651.3965356319252,EOD,lw,-0.2149842566542715
2026-06-01 01:10:00,2026-06-01 03:20:00,1,4526.05,4538.37,0.03,36.749999999999126,650.1767830867874,NEWS,tom,0.05652308872907514
2026-06-01 11:15:00,2026-06-01 16:35:00,-1,4495.599999999999,4466.349999999999,0.06,175.08,650.3867830867874,NEWS,lw,0.2691936622221264
2026-06-01 15:15:00,2026-06-01 16:35:00,-1,4503.2,4466.349999999999,0.06,220.68000000000217,650.3867830867874,NEWS,tday900,0.33930578809218315
2026-06-01 18:15:00,2026-06-01 23:45:00,-1,4464.23,4482.8,0.06,-111.84000000000371,650.3867830867874,TIME,tday,-0.17195921397603156
2026-06-02 01:15:00,2026-06-02 09:10:00,1,4484.87,4520.83,0.09,323.01000000000033,610.0620067547119,TIME,drift,0.5294707692391557
2026-06-02 10:15:00,2026-06-02 16:50:00,1,4540.25,4509.77,0.06,-183.29999999999737,646.0977271520172,NEWS,lw,-0.2837032112896902
2026-06-03 01:15:00,2026-06-03 09:10:00,1,4489.82,4465.15,0.11,-272.1400000000008,610.560124166022,TIME,drift,-0.4457218695238622
2026-06-03 10:30:00,2026-06-03 15:05:00,-1,4456.13,4463.929999999999,0.06,-47.219999999995636,633.6078894983018,NEWS,lw,-0.07452558716935326
2026-06-04 01:15:00,2026-06-04 09:10:00,1,4432.18,4475.89,0.1,436.40000000000043,648.5011002093443,TIME,drift,0.6729364065213229
2026-06-04 10:30:00,2026-06-04 15:20:00,1,4465.41,4492.48,0.06,161.99999999999827,618.5216116769946,NEWS,lw,0.26191485785075236
2026-06-05 01:15:00,2026-06-05 09:10:00,1,4475.66,4440.32,0.1,-354.1000000000015,662.6734085749467,TIME,drift,-0.5343507003872084
2026-06-05 01:05:00,2026-06-05 15:20:00,1,4474.1,4472.91,0.04,-5.0400000000020375,613.4757822714948,NEWS,friday,-0.008215483227945217
2026-06-05 18:15:00,2026-06-05 23:45:00,-1,4352.889999999999,4324.349999999999,0.06,170.8199999999998,613.6157822714948,TIME,tday,0.2783826702886536
2026-06-05 16:00:00,2026-06-05 23:57:00,-1,4406.21,4328.2,0.06,467.64000000000124,613.6157822714948,EOD,lw,0.7621055610220493
2026-06-09 01:15:00,2026-06-09 09:10:00,1,4325.5599999999995,4344.07,0.08,147.52000000000174,615.2947458922719,TIME,drift,0.23975501332467108
2026-06-09 18:15:00,2026-06-09 23:45:00,-1,4294.75,4261.61,0.06,198.42000000000195,633.0330979789929,TIME,tday,0.31344332647609285
2026-06-09 17:45:00,2026-06-10 15:20:00,-1,4284.98,4136.66,0.06,891.5645999999983,633.0330979789929,NEWS,lw,1.4084012397556893
2026-06-10 10:15:00,2026-06-10 15:20:00,-1,4200.22,4136.66,0.06,380.9400000000024,642.1550195519221,NEWS,lw,0.5932212447172206
2026-06-10 18:15:00,2026-06-10 19:50:00,-1,4123.23,4120.65,0.06,15.059999999999564,642.1550195519221,NEWS,tday,0.023452281055917016
2026-06-11 01:15:00,2026-06-11 09:10:00,1,4056.4500000000003,4080.78,0.06,145.55999999999958,654.0885480894868,TIME,drift,0.22253867679714412
2026-06-12 01:15:00,2026-06-12 09:10:00,1,4209.94,4181.71,0.05,-141.4999999999978,654.5518336225304,TIME,drift,-0.21617844872098949
2026-06-12 01:05:00,2026-06-12 23:00:00,1,4208.82,4210.7,0.03,5.4300000000003275,535.93514657248,TIME,friday,0.010131822916872224
2026-06-12 23:05:00,2026-06-12 23:55:00,1,4211.15,4216.96,0.15,86.100000000006,655.080410695961,TIME,fri_close,0.13143424623021913
2026-06-16 01:15:00,2026-06-16 09:10:00,1,4310.33,4316.95,0.08,52.399999999999125,601.7958529291774,TIME,drift,0.08707271701017495
2026-06-15 10:15:00,2026-06-16 11:17:00,1,4313.87,4340.77,0.05,130.17600000000274,580.2715797970035,TIME,lw,0.2243363358335458
2026-06-17 01:15:00,2026-06-17 09:10:00,1,4332.68,4327.61,0.11,-56.540000000006806,642.7768887195539,TIME,drift,-0.08796209227845377
2026-06-16 16:00:00,2026-06-17 15:20:00,1,4354.91,4323.61,0.05,-160.82400000000092,592.6271812400745,NEWS,lw,-0.2713746603108486
2026-06-18 01:15:00,2026-06-18 09:10:00,1,4266.03,4301.19,0.06,210.5399999999991,643.9554944655473,TIME,drift,0.3269480605561684
2026-06-19 01:15:00,2026-06-19 08:00:00,1,4208.37,4124.193345160861,0.08,-673.9732387131103,673.5732387131085,SL,drift,-1.0005938478208636
2026-06-19 01:05:00,2026-06-19 20:00:00,1,4205.3099999999995,4155.52,0.03,-149.57999999999717,530.5223780852768,EOD,friday,-0.28194852126662506
2026-06-23 01:15:00,2026-06-23 07:59:00,1,4192.78,4124.038507646944,0.09,-619.3034311775035,618.8534311775014,SL,drift,-1.0007271511755955
2026-06-22 10:15:00,2026-06-23 11:17:00,1,4199.69,4095.18,0.05,-526.8739999999989,580.1691202467144,TIME,lw,-0.9081386471860963
2026-06-23 15:15:00,2026-06-23 23:45:00,-1,4113.92,4110.88,0.05,14.84999999999982,568.8748973719493,TIME,tday900,0.026104157642748645
2026-06-24 01:15:00,2026-06-24 09:10:00,1,4114.16,4090.6,0.09,-212.6699999999995,632.1052354241599,TIME,drift,-0.336447142155518
2026-06-24 12:30:00,2026-06-24 16:50:00,-1,4069.2799999999997,4019.92,0.05,246.4499999999984,566.7124047025242,NEWS,lw,0.434876663992142
2026-06-24 15:15:00,2026-06-24 16:50:00,-1,4038.0699999999997,4019.92,0.05,90.39999999999819,566.7124047025242,NEWS,tday900,0.15951653651811362
2026-06-24 18:15:00,2026-06-24 23:45:00,-1,4001.79,3999.0800000000004,0.05,13.199999999997909,566.7124047025242,TIME,tday,0.02329223763317266
2026-06-25 01:15:00,2026-06-25 09:10:00,1,4001.8800000000006,3986.03,0.06,-95.52000000000218,636.1250497767539,TIME,drift,-0.15015915508047453
2026-06-26 01:15:00,2026-06-26 09:10:00,1,4023.1700000000005,4008.73,0.07,-101.57000000000356,626.3843421177647,TIME,drift,-0.16215283999054317
2026-06-26 01:05:00,2026-06-26 23:00:00,1,4029.8,4071.62,0.03,125.24999999999913,512.2316926288465,TIME,friday,0.2445182557080726
2026-06-26 23:05:00,2026-06-26 23:55:00,1,4071.6200000000003,4081.24,0.21,200.54999999998813,645.9788987037462,TIME,fri_close,0.3104590574125902
2026-06-26 17:00:00,2026-06-26 23:57:00,1,4073.75,4087.94,0.05,70.60000000000028,569.2629918098295,EOD,lw,0.12402000659755734
2026-06-29 18:15:00,2026-06-29 23:45:00,-1,4021.8399999999997,4015.9700000000003,0.05,28.999999999997183,568.9549209662702,TIME,tday,0.05097064623458352
2026-06-29 13:00:00,2026-06-30 14:02:00,-1,4031.49,4027.37,0.05,21.970499999999454,568.9549209662702,TIME,lw,0.03861553734817235
2026-06-30 03:45:00,2026-06-30 16:35:00,-1,3991.7999999999997,4021.88,0.06,-180.90000000000228,579.1199999999989,NEWS,inside,-0.3123704931620435
2026-07-01 01:15:00,2026-07-01 09:10:00,1,4014.9000000000005,3966.91,0.09,-432.54000000000616,647.1089937011811,TIME,drift,-0.6684190827360721
2026-06-30 17:30:00,2026-07-01 15:05:00,1,4054.32,4024.25,0.05,-154.6740000000008,559.7152837543937,NEWS,lw,-0.27634407079702444
2026-07-01 01:10:00,2026-07-01 15:05:00,1,4017.4200000000005,4024.25,0.02,13.519999999998944,450.1542107889782,NEWS,tom,0.030034152021598672
2026-07-02 01:15:00,2026-07-02 09:10:00,1,4037.01,4069.85,0.07,229.38999999999785,590.4067666882966,TIME,drift,0.38852874482907745
2026-07-03 01:15:00,2026-07-03 09:10:00,1,4124.84,4170.14,0.08,361.84000000000145,663.3978231874524,TIME,drift,0.5454344095695931
2026-07-03 01:05:00,2026-07-03 20:00:00,1,4125.92,4174.83,0.03,146.51999999999956,519.4939378890535,EOD,friday,0.28204371468775696
2026-07-03 10:15:00,2026-07-03 20:00:00,1,4174.3099999999995,4174.83,0.05,2.2500000000021827,577.3321532100596,EOD,lw,0.0038972366037329136
2026-07-06 12:30:00,2026-07-06 16:35:00,-1,4143.5,4149.33,0.05,-29.499999999999638,562.6227136950554,NEWS,lw,-0.05243300578154191
2026-07-06 18:15:00,2026-07-06 23:45:00,-1,4139.62,4163.28,0.05,-118.64999999999927,562.6227136950554,TIME,tday,-0.21088732664338936
2026-07-07 01:15:00,2026-07-07 09:10:00,1,4166.3,4122.99,0.11,-477.18000000000444,630.6051304922005,TIME,drift,-0.7567017407986444
2026-07-07 10:15:00,2026-07-08 11:17:00,-1,4129.42,4106.2,0.06,140.96460000000155,658.868166688776,TIME,lw,0.21394962926868466
2026-07-08 12:00:00,2026-07-08 17:20:00,-1,4056.72,4054.86,0.06,10.739999999998036,649.6190119252922,NEWS,lw,0.016532767364932296
2026-07-08 18:15:00,2026-07-08 19:50:00,-1,4033.6699999999996,4058.38,0.06,-148.68000000000293,649.6190119252922,NEWS,tday,-0.22887261190117617
2026-07-09 01:15:00,2026-07-09 09:10:00,1,4077.4400000000005,4089.1,0.07,81.12999999999582,592.4138573301775,TIME,drift,0.13694818072896395
2026-07-09 16:30:00,2026-07-09 16:50:00,1,4126.3,4123.58,0.06,-16.74000000000153,651.3333682163427,NEWS,lw,-0.02570112451914375
2026-07-10 01:15:00,2026-07-10 09:10:00,1,4123.84,4117.76,0.11,-67.6499999999992,650.9695565358102,TIME,drift,-0.1039219105114599
2026-07-10 01:05:00,2026-07-10 23:00:00,1,4125.3099999999995,4108.43,0.04,-67.7999999999968,640.618127629461,TIME,friday,-0.10583528170032194
2026-07-10 23:05:00,2026-07-10 23:55:00,1,4113.83,4119.24,0.26,138.83999999999622,647.1240569197205,TIME,fri_close,0.21454927925391612
2026-07-13 15:15:00,2026-07-13 23:45:00,-1,4056.21,4000.3700000000003,0.06,334.61999999999813,621.2354042273566,TIME,tday900,0.5386363972867451
2026-07-13 18:15:00,2026-07-13 23:45:00,-1,4014.73,4000.3700000000003,0.06,85.73999999999802,621.2354042273566,TIME,tday,0.13801531499421646
2026-07-13 02:15:00,2026-07-14 03:17:00,-1,4070.21,3991.71,0.1,787.741,645.5000000000002,TIME,inside,1.2203578621223854
2026-07-13 10:15:00,2026-07-14 11:17:00,-1,4055.48,4020.48,0.06,211.64460000000003,621.2354042273566,TIME,lw,0.3406834165596644
2026-07-15 01:15:00,2026-07-15 09:10:00,1,4050.9900000000002,4029.92,0.09,-190.26000000000147,622.3896777887996,TIME,drift,-0.30569273043850814
2026-07-16 01:15:00,2026-07-16 09:10:00,1,4063.8100000000004,4034.9,0.09,-260.8200000000028,620.2618075583193,TIME,drift,-0.42049985477379165
2026-07-16 10:15:00,2026-07-16 15:20:00,-1,4026.25,4029.08,0.06,-17.399999999999565,621.751393253463,NEWS,lw,-0.02798546201714145
2026-07-16 18:15:00,2026-07-16 23:45:00,-1,3992.77,3974.8300000000004,0.06,107.2199999999976,621.751393253463,TIME,tday,0.1724483469814893
2026-07-17 01:15:00,2026-07-17 09:10:00,1,3976.5200000000004,3988.63,0.09,108.35999999999706,623.6842401760315,TIME,drift,0.1737417638922751
2026-07-17 01:05:00,2026-07-17 23:00:00,1,3978.9200000000005,4015.33,0.04,145.3599999999976,618.8534365925016,TIME,friday,0.23488598657603202
2026-07-17 23:05:00,2026-07-17 23:55:00,1,4014.1600000000003,4016.49,0.22,49.719999999988396,650.1161281961113,TIME,fri_close,0.07647864411231783
2026-07-17 18:45:00,2026-07-17 23:57:00,1,4015.65,4018.34,0.06,15.720000000000327,618.9934365925016,EOD,lw,0.025396068957592496
2026-07-21 01:15:00,2026-07-21 09:10:00,1,4007.28,4067.77,0.12,725.0399999999973,658.7494151367933,TIME,drift,1.100630958206526
2026-07-20 14:45:00,2026-07-21 15:47:00,1,4032.77,4054.23,0.06,123.57120000000023,602.2767625501799,TIME,lw,0.2051734479623139
2026-07-22 01:15:00,2026-07-22 09:10:00,1,4079.3300000000004,4130.71,0.12,615.7199999999958,644.2537967756892,TIME,drift,0.9557103164645717
2026-07-21 10:15:00,2026-07-22 11:17:00,1,4072.3900000000003,4114.29,0.06,246.21119999999783,584.1484223680242,TIME,lw,0.42148740041427396
2026-07-22 10:15:00,2026-07-22 17:20:00,1,4116.71,4149.0,0.07,225.53999999999976,676.5874575653595,NEWS,lw,0.333349365966058
2026-07-23 01:15:00,2026-07-23 09:10:00,1,4124.1,4122.45,0.11,-18.920000000006002,633.9724184259877,TIME,drift,-0.029843569609826478
2026-07-23 11:15:00,2026-07-23 15:20:00,-1,4091.3599999999997,4078.13,0.07,92.11999999999695,672.9097820249764,NEWS,lw,0.13689799503698957
2026-07-23 18:15:00,2026-07-23 23:45:00,-1,4051.3399999999997,4050.1600000000003,0.07,7.769999999995672,672.9097820249764,TIME,tday,0.011546867362536385
2026-07-24 01:15:00,2026-07-24 09:10:00,1,4049.26,4027.18,0.12,-265.80000000000456,674.7614888992975,TIME,drift,-0.393916968251389
2026-07-24 01:05:00,2026-07-24 16:50:00,1,4049.2400000000002,4058.4,0.04,36.35999999999942,578.7012550811038,NEWS,friday,0.0628303458490057
2026-07-24 23:05:00,2026-07-24 23:55:00,1,4054.3500000000004,4053.26,0.28,-32.480000000004075,679.4429745027096,TIME,fri_close,-0.04780386466395723
2026-07-28 01:15:00,2026-07-28 09:10:00,1,4077.28,4044.6,0.13,-425.75000000000387,660.3967654811391,TIME,drift,-0.644688196935397
2026-07-28 10:15:00,2026-07-28 16:50:00,-1,4048.81,4025.36,0.07,163.65999999999875,641.8285244565867,NEWS,lw,0.25499022521406917
2026-07-28 15:15:00,2026-07-28 16:50:00,-1,4027.77,4025.36,0.07,16.379999999998983,641.8285244565867,NEWS,tday900,0.02552083520106456
2026-07-29 01:15:00,2026-07-29 09:10:00,1,4024.7700000000004,4034.95,0.13,131.429999999992,662.6183440562435,TIME,drift,0.19834947399046973
2026-07-30 01:15:00,2026-07-30 09:10:00,1,4076.6700000000005,4035.71,0.07,-287.21000000000345,630.4539826382947,TIME,drift,-0.4555606085603588
2026-07-31 01:15:00,2026-07-31 09:10:00,1,4107.0199999999995,4081.93,0.08,-201.27999999999753,650.3393784732978,TIME,drift,-0.30949994212638915
2026-07-31 01:05:00,2026-07-31 16:35:00,1,4103.41,4035.49,0.04,-271.96000000000026,553.6955690018079,NEWS,friday,-0.49117243341911637
2026-07-31 23:05:00,2026-07-31 23:55:00,1,4048.9100000000003,4046.7,0.27,-61.56000000001327,668.671393600977,TIME,fri_close,-0.09206315776198523
2026-08-03 01:10:00,2026-08-03 16:35:00,1,4075.4200000000005,4030.97,0.03,-133.56000000000216,552.9715997873932,NEWS,tom,-0.24153139157843437
2026-08-03 18:15:00,2026-08-03 23:45:00,-1,4033.2999999999997,4056.48,0.07,-162.75000000000205,645.3785330852921,TIME,tday,-0.25217758517929084
2026-08-04 01:15:00,2026-08-04 09:10:00,1,4051.6700000000005,4063.87,0.12,145.55999999999236,664.6409750140571,TIME,drift,0.21900545628700335
2026-08-05 01:15:00,2026-08-05 09:10:00,1,4077.2300000000005,4170.04,0.11,1020.1399999999944,639.82874445098,TIME,drift,1.5943953891526854
2026-08-05 10:15:00,2026-08-05 15:05:00,1,4166.52,4194.8,0.07,197.4699999999982,618.2222045480327,NEWS,lw,0.31941589698215994
2026-08-06 01:15:00,2026-08-06 09:10:00,1,4247.870000000001,4262.68,0.08,117.91999999999592,627.6959957642438,TIME,drift,0.18786164129727134
2026-08-05 20:00:00,2026-08-06 15:20:00,1,4242.530000000001,4257.08,0.09,108.86039999999346,639.7506944573103,NEWS,trendH4,0.17016065936800256
2026-08-06 04:00:00,2026-08-06 15:20:00,1,4295.01,4257.08,0.09,-342.0000000000026,652.9900767477224,NEWS,trendH4,-0.5237445593405727
2026-08-07 01:15:00,2026-08-07 09:10:00,1,4239.280000000001,4282.26,0.08,343.2799999999965,638.0998100113355,TIME,drift,0.5379722648622921
2026-08-07 01:05:00,2026-08-07 15:20:00,1,4236.84,4314.3,0.04,309.5600000000002,571.8709296003682,NEWS,friday,0.5413109566809512
2026-08-07 10:15:00,2026-08-07 15:20:00,1,4291.47,4314.3,0.07,159.31999999999948,667.3460845337629,NEWS,lw,0.2387366970337548
2026-08-07 12:00:00,2026-08-07 15:20:00,1,4306.33,4314.3,0.09,71.1000000000023,663.9400324593208,NEWS,trendH4,0.10708798464318921
2026-08-07 23:05:00,2026-08-07 23:55:00,1,4343.84,4341.36,0.17,-43.35000000000804,666.2895919004875,TIME,fri_close,-0.06506179974440078
2026-08-07 16:00:00,2026-08-07 23:57:00,1,4361.6900000000005,4341.35,0.08,-163.28000000000117,616.8004718545379,EOD,trendH4,-0.2647209388622323
2026-08-11 01:15:00,2026-08-11 09:10:00,1,4391.570000000001,4382.39,0.1,-92.50000000000291,667.0020326183433,TIME,drift,-0.1386802370554861
2026-08-11 04:00:00,2026-08-11 16:50:00,1,4409.64,4394.82,0.09,-134.01000000000556,655.036968932261,NEWS,trendH4,-0.2045838729048343
2026-08-12 01:15:00,2026-08-12 09:10:00,1,4374.35,4386.46,0.1,120.39999999999674,640.2304716526451,TIME,drift,0.18805727832542055
2026-08-12 10:45:00,2026-08-12 15:20:00,1,4408.09,4408.33,0.07,1.1899999999984723,672.93218211395,NEWS,lw,0.001768380279064979
2026-08-12 16:00:00,2026-08-12 17:20:00,1,4437.6,4436.29,0.09,-12.420000000003602,654.0226440595717,NEWS,trendH4,-0.01899016817355383
2026-08-13 01:15:00,2026-08-13 09:10:00,1,4403.43,4379.21,0.09,-218.6100000000023,655.6830130421075,TIME,drift,-0.3334080579360126
2026-08-13 10:15:00,2026-08-13 15:20:00,-1,4376.8099999999995,4386.65,0.07,-69.37000000000103,664.2955976772392,NEWS,lw,-0.10442640330984967
2026-08-14 01:15:00,2026-08-14 09:10:00,1,4354.370000000001,4330.51,0.09,-215.3700000000052,628.0110037791572,TIME,drift,-0.3429398509006715
2026-08-14 01:05:00,2026-08-14 15:20:00,1,4353.320000000001,4372.23,0.04,75.35999999999578,574.0564961104556,NEWS,friday,0.13127627770193473
2026-08-14 23:05:00,2026-08-14 23:55:00,1,4374.360000000001,4375.99,0.27,42.1199999999784,664.1950767647608,TIME,fri_close,0.06341510419670894
2026-08-18 01:15:00,2026-08-18 09:10:00,1,4417.01,4392.87,0.11,-266.3100000000036,678.303015040383,TIME,drift,-0.39261214250116333
2026-08-18 03:30:00,2026-08-18 17:59:00,1,4431.62,4367.4,0.1,-642.9000000000026,642.4000000000008,SL,nr7,-1.000778331257786
2026-08-17 17:30:00,2026-08-18 18:32:00,1,4418.43,4357.82,0.07,-430.3236000000041,665.0912041196605,TIME,lw,-0.6470144204802655
2026-08-19 01:15:00,2026-08-19 09:10:00,1,4340.740000000001,4338.94,0.1,-18.700000000010913,636.8078907205619,TIME,drift,-0.029365214019021434
2026-08-19 15:15:00,2026-08-19 17:20:00,1,4368.4800000000005,4471.42,0.07,720.0899999999972,655.6147117154217,NEWS,tday900,1.0983432603516101
2026-08-19 15:45:00,2026-08-19 17:20:00,1,4417.75,4471.42,0.07,375.2000000000005,655.6147117154217,NEWS,lw,0.5722873408656227
2026-08-19 18:15:00,2026-08-19 23:45:00,1,4485.650000000001,4519.44,0.07,236.03999999999343,655.6147117154217,TIME,tday,0.3600285286191835
2026-08-20 01:15:00,2026-08-20 09:10:00,1,4520.25,4490.14,0.08,-241.4399999999974,648.8453468567723,TIME,drift,-0.3721071610817816
2026-08-19 20:00:00,2026-08-20 15:20:00,1,4493.530000000001,4466.94,0.08,-232.35520000000847,611.1626585451016,NEWS,trendH4,-0.3801855312187099
2026-08-21 01:15:00,2026-08-21 09:10:00,1,4518.72,4548.37,0.09,266.21999999999673,666.9167614650504,TIME,drift,0.3991802506435399
2026-08-21 01:05:00,2026-08-21 23:00:00,1,4520.04,4616.97,0.04,387.4400000000012,602.568336501048,TIME,friday,0.6429810139871619
2026-08-21 15:15:00,2026-08-21 23:45:00,1,4593.070000000001,4607.91,0.06,88.61999999999541,602.7083365010479,TIME,tday900,0.1470362937311741
2026-08-21 18:15:00,2026-08-21 23:45:00,1,4595.43,4607.91,0.06,74.45999999999738,602.7083365010479,TIME,tday,0.12354234293865274
2026-08-21 23:05:00,2026-08-21 23:55:00,1,4617.58,4604.92,0.2,-254.59999999999712,668.6221065846735,TIME,fri_close,-0.3807831022825371
2026-08-21 10:15:00,2026-08-21 23:57:00,1,4561.77,4603.34,0.06,248.99999999999827,602.7083365010479,EOD,lw,0.41313515164820575
2026-08-21 12:00:00,2026-08-21 23:57:00,1,4584.27,4603.34,0.08,151.99999999999767,613.0043945136163,EOD,trendH4,0.2479590707022597
2026-08-21 20:00:00,2026-08-21 23:57:00,1,4629.12,4603.34,0.08,-206.799999999998,629.1106660485387,EOD,trendH4,-0.3287180001237532
2026-08-24 15:15:00,2026-08-24 23:45:00,1,4657.58,4647.79,0.06,-59.15999999999978,612.5391696081157,TIME,tday900,-0.09658157867332565
2026-08-24 18:15:00,2026-08-24 23:45:00,1,4673.17,4647.79,0.06,-152.70000000000064,612.5391696081157,TIME,tday,-0.24929018024707475
2026-08-25 01:15:00,2026-08-25 09:10:00,1,4659.01,4648.07,0.08,-88.08000000000408,662.2212759772026,TIME,drift,-0.13300690146209723
2026-08-25 04:00:00,2026-08-25 16:47:00,1,4684.650000000001,4606.519295552306,0.08,-625.6056355815549,625.2056355815499,SL,trendH4,-1.0006397894984311
2026-08-24 16:00:00,2026-08-25 16:50:00,1,4662.99,4607.03,0.08,-454.59840000000037,625.9113988412876,NEWS,trendH4,-0.7262983240784099
2026-08-24 16:15:00,2026-08-25 16:50:00,1,4677.39,4607.03,0.06,-427.3488000000035,612.5391696081157,NEWS,lw,-0.6976677104150066
2026-08-26 01:15:00,2026-08-26 09:10:00,1,4664.910000000001,4639.14,0.08,-206.7200000000035,603.956253749133,TIME,drift,-0.34227644587958744
2026-08-26 12:30:00,2026-08-26 15:20:00,-1,4616.75,4629.18,0.06,-75.00000000000175,601.6961207335282,NEWS,lw,-0.12464763759581694
2026-08-27 01:15:00,2026-08-27 09:10:00,1,4602.89,4605.06,0.09,18.900000000000656,613.4821266613905,TIME,drift,0.030807743499970702
2026-08-28 01:15:00,2026-08-28 09:10:00,1,4605.14,4580.67,0.09,-220.8600000000023,618.446307744168,TIME,drift,-0.35712073503293545
2026-08-28 01:05:00,2026-08-28 21:17:00,1,4602.22,4455.1975198929,0.04,-588.3699204283996,588.1699204283998,SL,friday,-1.0003400377901919
2026-08-28 23:05:00,2026-08-28 23:55:00,1,4460.74,4454.44,0.1,-63.70000000000182,609.6875449163316,TIME,fri_close,-0.10447974627518998
2026-09-01 01:15:00,2026-09-01 09:10:00,1,4452.1,4435.58,0.08,-132.7200000000035,614.7675584013574,TIME,drift,-0.21588647316577472
2026-09-01 01:10:00,2026-09-01 16:35:00,1,4455.910000000001,4352.96,0.03,-309.06000000000216,613.5361048591817,NEWS,tom,-0.5037356360159723
2026-09-02 01:15:00,2026-09-02 09:10:00,1,4329.52,4324.18,0.08,-43.280000000001166,615.1509801804699,TIME,drift,-0.07035671143253953
2026-09-03 01:15:00,2026-09-03 09:10:00,1,4390.26,4431.31,0.09,368.82000000000164,660.0943272909386,TIME,drift,0.5587383268595233
2026-09-03 11:30:00,2026-09-03 15:20:00,1,4438.570000000001,4441.24,0.06,15.59999999999498,633.7448557204167,NEWS,lw,0.02461558442515719
2026-09-03 18:15:00,2026-09-03 23:45:00,1,4503.89,4472.42,0.06,-189.24000000000152,633.7448557204167,TIME,tday,-0.29860597414219764
2026-09-04 01:15:00,2026-09-04 09:10:00,1,4478.410000000001,4469.67,0.09,-79.29000000000622,641.8439635821609,TIME,drift,-0.12353469768179334
2026-09-04 01:05:00,2026-09-04 15:20:00,1,4476.7300000000005,4467.85,0.04,-35.80000000000044,643.9402231689585,NEWS,friday,-0.05559522252519261
2026-09-04 23:05:00,2026-09-04 23:55:00,1,4432.95,4431.21,0.17,-30.769999999996294,644.7983492543498,TIME,fri_close,-0.047720345493407326
2026-09-08 01:15:00,2026-09-08 09:10:00,1,4412.88,4413.37,0.11,4.619999999997599,639.3645735970731,TIME,drift,0.00722592428605392
2026-09-08 05:00:00,2026-09-08 19:09:00,1,4437.33,4381.349999999999,0.11,-616.5500000000052,616.0000000000032,SL,inside,-1.0008928571428604
2026-09-09 01:15:00,2026-09-09 09:10:00,1,4356.38,4400.19,0.09,393.6599999999954,651.4425207101656,TIME,drift,0.6042896916996602
2026-09-09 10:15:00,2026-09-09 19:50:00,1,4406.780000000001,4406.89,0.06,0.2399999999980355,625.2157180401608,NEWS,lw,0.00038386750856225126
2026-09-09 15:15:00,2026-09-09 19:50:00,1,4399.41,4406.89,0.06,44.460000000002836,625.2157180401608,NEWS,tday900,0.07111145596174366
2026-09-10 01:15:00,2026-09-10 09:10:00,1,4403.25,4422.52,0.09,172.80000000000393,653.5156263211971,TIME,drift,0.2644160185927586
2026-09-11 01:15:00,2026-09-11 09:10:00,1,4321.570000000001,4355.68,0.08,272.3199999999974,639.7408599926941,TIME,drift,0.4256723574028198
2026-09-11 01:05:00,2026-09-11 15:20:00,1,4322.580000000001,4331.26,0.04,34.439999999997525,627.8332466774859,NEWS,friday,0.05485533010915738
2026-09-11 23:05:00,2026-09-11 23:55:00,1,4349.05,4348.49,0.18,-11.340000000007203,666.0666771041354,TIME,fri_close,-0.017025322523730256
2026-09-11 16:00:00,2026-09-11 23:57:00,1,4388.900000000001,4348.18,0.06,-244.74000000000152,627.9732466774858,EOD,lw,-0.3897299786175365
2026-09-14 12:30:00,2026-09-15 13:32:00,-1,4287.91,4274.4800000000005,0.06,82.22459999999629,630.312300486237,TIME,lw,0.13045057178253763
2026-09-16 01:15:00,2026-09-16 09:10:00,1,4293.26,4324.36,0.1,310.29999999999455,625.0051485055047,TIME,drift,0.49647591022566046
2026-09-16 10:15:00,2026-09-16 15:20:00,1,4335.6900000000005,4342.35,0.06,39.539999999999125,608.0227488886429,NEWS,lw,0.06503046156130045
2026-09-17 01:15:00,2026-09-17 09:10:00,1,4259.43,4310.09,0.06,303.5399999999991,592.2061322550112,TIME,drift,0.5125580156425855
2026-09-17 10:15:00,2026-09-17 15:20:00,1,4323.14,4365.52,0.06,253.86000000000064,621.0739811108828,NEWS,lw,0.408743576000293
2026-09-18 01:15:00,2026-09-18 09:10:00,1,4344.67,4387.35,0.08,340.8800000000023,628.3713572874173,TIME,drift,0.542481760262799
2026-09-18 01:05:00,2026-09-18 23:00:00,1,4343.2300000000005,4376.58,0.04,133.11999999999782,629.6201253172484,TIME,friday,0.21142907389264642
2026-09-18 23:05:00,2026-09-18 23:55:00,1,4377.74,4378.31,0.22,11.000000000013607,670.3153989980464,TIME,fri_close,0.016410185438758905
2026-09-18 10:30:00,2026-09-18 23:57:00,1,4395.91,4378.29,0.06,-106.13999999999935,629.7601253172483,EOD,lw,-0.1685403628032661
2026-09-21 10:45:00,2026-09-22 11:47:00,-1,4347.07,4316.86,0.06,182.90460000000024,612.7458306517309,TIME,lw,0.2984999503064078
2026-09-22 10:30:00,2026-09-23 11:32:00,-1,4315.25,4317.63,0.06,-12.635400000000654,594.9968427480359,TIME,lw,-0.02123607907168574
2026-09-23 10:30:00,2026-09-23 17:20:00,-1,4323.74,4278.21,0.06,272.75999999999846,588.7027825517475,NEWS,lw,0.4633237825337144
2026-09-24 01:15:00,2026-09-24 09:10:00,1,4288.46,4286.01,0.11,-27.719999999998,658.2129877425451,TIME,drift,-0.04211402770259596
2026-09-24 13:30:00,2026-09-24 15:20:00,-1,4245.61,4269.43,0.06,-143.3400000000037,587.1611552266226,NEWS,lw,-0.24412377883662917
2026-09-25 01:15:00,2026-09-25 09:10:00,1,4270.68,4268.1,0.09,-23.849999999999344,634.3096350018899,TIME,drift,-0.0375999333510491
2026-09-25 01:05:00,2026-09-25 15:20:00,1,4274.63,4299.57,0.04,99.4799999999984,570.375358424721,NEWS,friday,0.17441146173415542
2026-09-25 13:15:00,2026-09-25 15:20:00,1,4307.54,4299.57,0.07,-56.280000000001785,665.6012514955079,NEWS,lw,-0.08455512947661821
2026-09-25 23:05:00,2026-09-25 23:55:00,1,4291.55,4285.14,0.2,-129.5999999999971,657.1148410521093,TIME,fri_close,-0.19722579966767145
