time,rv,naive,ewma,har,har_lev_j,garch,gjr
2020-01-02,3.636006928496959e-05,2.9833657172244842e-05,3.9961074628229864e-05,3.440357328052309e-05,3.0918907007474434e-05,,
2020-01-03,0.0001223389507114882,3.636006928496959e-05,3.9745014307634186e-05,4.280445358209709e-05,3.8698452712108606e-05,6.298203883609669e-05,3.7495011007882024e-05
2020-01-06,6.477957426344319e-05,0.0001223389507114882,4.470065049186701e-05,8.827614299814076e-05,9.612592192598906e-05,7.640650131661944e-05,6.26524751099843e-05
2020-01-07,5.5479029983316145e-05,6.477957426344319e-05,4.5905385918161944e-05,6.984450724556339e-05,6.241581556459615e-05,6.85801674497683e-05,5.7043444782904026e-05
2020-01-08,0.00019535788126748586,5.5479029983316145e-05,4.6479804562071365e-05,6.495219832504795e-05,6.117373744105485e-05,6.0919766020859236e-05,5.322627413414293e-05
2020-01-09,4.6295191715959565e-05,0.00019535788126748586,5.541248916439861e-05,0.0001309984310338175,0.00010930997929831874,6.912989590734197e-05,4.9142848865794115e-05
2020-01-10,4.5739317453136475e-05,4.6295191715959565e-05,5.486545131749214e-05,6.955094736326628e-05,6.593253699708764e-05,6.483339276445298e-05,4.572031490055999e-05
2020-01-13,2.1791169854294125e-05,4.5739317453136475e-05,5.431788328563067e-05,6.495628560760403e-05,7.103282918017989e-05,6.05847954182284e-05,4.702455218640651e-05
2020-01-14,5.7836957267723355e-05,2.1791169854294125e-05,5.236628047975004e-05,4.297482639481621e-05,4.2117608124038536e-05,7.284909001457103e-05,4.394485879270808e-05
2020-01-15,4.543171596115819e-05,5.7836957267723355e-05,5.269452108702851e-05,6.71903854737428e-05,6.830597669513599e-05,6.649915114584703e-05,4.4820921405337026e-05
2020-01-16,2.764098985943587e-05,4.543171596115819e-05,5.225875277947621e-05,5.436694535544201e-05,5.007488434777384e-05,5.870505062784637e-05,4.239718499086582e-05
2020-01-17,3.22921921875004e-05,2.764098985943587e-05,5.078168700427352e-05,4.17077138685517e-05,3.885112009684467e-05,5.9146737572733086e-05,4.0066418425718775e-05
2020-01-20,5.559406150034604e-06,3.22921921875004e-05,4.9672317315266946e-05,4.387009254748406e-05,4.073159905288001e-05,5.3223505313166014e-05,3.811288010677863e-05
2020-01-21,3.715162119075725e-05,5.559406150034604e-06,4.702554264535258e-05,1.7983422950787587e-05,1.895696919791509e-05,4.770670457494866e-05,3.6534278775680816e-05
2020-01-22,3.7593135564865564e-05,3.715162119075725e-05,4.643310735807677e-05,4.139477858708441e-05,3.709078918642127e-05,4.345153130939578e-05,3.540448073265394e-05
2020-01-23,6.24774559362673e-05,3.7593135564865564e-05,4.5902709050484026e-05,4.126907102740657e-05,3.683230930779301e-05,3.967185292785716e-05,3.420546438351465e-05
2020-01-24,8.683931345592123e-05,6.24774559362673e-05,4.689719386363115e-05,5.517799147178737e-05,4.788744500988082e-05,4.1028725096717363e-05,3.320050557807051e-05
2020-01-27,0.00013766805098957202,8.683931345592123e-05,4.929372103916886e-05,6.914116854021994e-05,8.710980745103173e-05,6.563346944682988e-05,6.829846630013985e-05
2020-01-28,8.076973170806667e-05,0.00013766805098957202,5.459618083619368e-05,0.00010705168993582283,0.00012249227431678262,0.00012195525236182713,0.00014625767662735455
2020-01-29,9.239551698261468e-05,8.076973170806667e-05,5.616659388850623e-05,8.94465638863041e-05,7.936188729698498e-05,0.00014419144322802636,0.0001271173712194586
2020-01-30,0.00022327816634628322,9.239551698261468e-05,5.834032927415296e-05,0.00010147895258866365,9.540289984331911e-05,0.0001229895360488926,0.00011300535694565642
2020-01-31,0.00018367947102086084,0.00022327816634628322,6.823659949848174e-05,0.00016569707684647387,0.0001394261791430496,0.00012866190729141254,9.924684927907441e-05
2020-02-03,0.0001437502942530172,0.00018367947102086084,7.516317178982513e-05,0.00016076914814463478,0.00023030931228056737,0.00020739971974306778,0.00021838950789731574
2020-02-04,9.10294058959218e-05,0.0001437502942530172,7.927839913761702e-05,0.00014518956911217687,0.00012942398100162028,0.00018401381183966346,0.00018757486126085357
2020-02-05,0.00015022598289326375,9.10294058959218e-05,7.998345954311538e-05,0.00011887776857342,0.00010990928325845355,0.00025444810452219217,0.00016174748159568708
2020-02-06,8.405441874661551e-05,0.00015022598289326375,8.419801094412459e-05,0.00015460694124849226,0.00013859742045007242,0.00021078778153540712,0.00014010019327081148
2020-02-07,7.08634796896554e-05,8.405441874661551e-05,8.418939541227407e-05,0.00011157746729503633,0.00010330291882676884,0.00018094653238674534,0.00012195645984158148
2020-02-10,0.00010595861684616443,7.08634796896554e-05,8.338984046891691e-05,9.64797197075183e-05,0.00011525719231460747,0.00016129693711292866,0.00011958675306324499
2020-02-11,7.908151502505641e-05,0.00010595861684616443,8.474396705155184e-05,0.00011380810523834115,0.00010088320734951111,0.00015634995027019726,0.00010476306428751394
2020-02-12,4.118251086182453e-05,7.908151502505641e-05,8.44042199299621e-05,9.900610072361184e-05,9.096734613888388e-05,0.00013112576264824724,9.237281675622299e-05
2020-02-13,9.071686949284538e-05,4.118251086182453e-05,8.181091738587369e-05,6.778199339729398e-05,6.470162852067816e-05,0.00012041355274230162,8.195362975213831e-05
2020-02-14,4.283456954833228e-05,9.071686949284538e-05,8.234527451229202e-05,9.756893129551987e-05,8.707069739212062e-05,0.00010223256860269739,7.341849480299038e-05
2020-02-17,9.065786739964477e-06,4.283456954833228e-05,7.997463221445432e-05,6.717008304472901e-05,6.364570225850316e-05,8.726265496221008e-05,6.60671310039763e-05
2020-02-18,6.659941451729553e-05,9.065786739964477e-06,7.572010148598474e-05,2.809301901676341e-05,2.9279401100390937e-05,7.569245908687638e-05,5.990544788293877e-05
2020-02-19,2.3461068541867207e-05,6.659941451729553e-05,7.517286026786337e-05,6.865860847896947e-05,6.0763409150904455e-05,6.823165790648166e-05,5.7493822945573354e-05
2020-02-20,0.00019329549108554494,2.3461068541867207e-05,7.207015276430348e-05,4.151008839127335e-05,3.9817311018050915e-05,6.880067686596797e-05,5.2719706478109664e-05
2020-02-21,0.00019504637720478186,0.00019329549108554494,7.934367306357825e-05,0.00011416034652066049,0.00012143933319415358,8.611346338191988e-05,8.201825639784204e-05
2020-02-24,0.00037468290264907055,0.00019504637720478186,8.628583531205073e-05,0.00012778324323364237,0.00015053131714825725,0.00012532612827333557,0.00014010621222143116
2020-02-25,0.0004987139834940634,0.00037468290264907055,0.00010358965935227253,0.00022195254620724418,0.0002725170290978253,0.0003395482438779514,0.0004343908548906273
2020-02-26,0.0007853680619902696,0.0004987139834940634,0.00012729711880078075,0.0002912481127782634,0.00032617489108970656,0.0003821647259674939,0.000504816123972323
2020-02-27,0.0013731954734072017,0.0007853680619902696,0.0001667813753921513,0.0004558228482116388,0.0003950717955766636,0.00032118875451908347,0.0004366782285483195
2020-02-28,0.0029516259093220008,0.0013731954734072017,0.0002391662212730564,0.0006775206848667431,0.0008513524678664359,0.00076736677103135,0.0010474337267273475
2020-03-02,0.0015529440688161473,0.0029516259093220008,0.00040191380255599757,0.0011662210086287757,0.0009087644860706174,0.0007062019781074957,0.00088244052211183
2020-03-03,0.0023734782307649653,0.0015529440688161473,0.00047097561853160825,0.0009674979968817502,0.0008081556756050182,0.0007115142122304336,0.0007441510201080932
2020-03-04,0.0005634509699292023,0.0023734782307649653,0.0005851257752656125,0.0013157896738919706,0.0012898815913439429,0.0007236159000957784,0.0008188687181489783
2020-03-05,0.0005987806111027931,0.0005634509699292023,0.0005838252869454278,0.000675585351927126,0.0006142819002251495,0.0007832655684269133,0.0006908681401738057
2020-03-06,0.0009515338936858573,0.0005987806111027931,0.0005847226063948697,0.0006623745236993828,0.0008056246855688217,0.0007375717286817014,0.0007148687100318639
2020-03-09,0.0029506416757353543,0.0009515338936858573,0.0006067312836323294,0.0007633314965626214,0.0007950964340968343,0.0006672473517783454,0.0006902528644647005
2020-03-10,0.0017254154038289058,0.0029506416757353543,0.0007473659071585135,0.0013503516279583236,0.0013703836140698286,0.0013216332457140672,0.0016318314096643778
2020-03-11,0.0012341858938498805,0.0017254154038289058,0.0008060488769587381,0.0010516727158344464,0.0008672432482754991,0.0014735269492953888,0.001372255025283791
2020-03-12,0.004570173926318805,0.0012341858938498805,0.0008317370979722071,0.0009627967987754482,0.001117201448505281,0.0014809468537990572,0.0015352411362236783
2020-03-13,0.005703021060727592,0.004570173926318805,0.0010560433076730064,0.0020299068191383836,0.0025481303325305786,0.0030684482963942855,0.0038185183014839
2020-03-16,0.007526890493926653,0.005703021060727592,0.0013348619728562857,0.0025847093564673493,0.002039623248670622,0.0035899597784176856,0.0032050325751985962
2020-03-17,0.004608554824192894,0.007526890493926653,0.001706383684120513,0.003180955401553826,0.0035839647232760712,0.0045278607297601515,0.0048819844269299036
2020-03-18,0.003527564791887362,0.004608554824192894,0.001880513952524858,0.0027776093887581987,0.0022819755607425,0.003921673062717853,0.004096379592965047
2020-03-19,0.004865442127141041,0.003527564791887362,0.001979337002886609,0.0027105670654789253,0.0024141753398292513,0.0032274054557160374,0.003502445917097844
2020-03-20,0.0029224394885336165,0.004865442127141041,0.002152503310341877,0.0032079504973316084,0.0027200069032909066,0.00262875353441998,0.0029558248665945684
2020-03-23,0.005607700856665822,0.0029224394885336165,0.0021986994810333817,0.0024881863925792815,0.002558990792631054,0.0023506972604398165,0.002774578106005847
2020-03-24,0.0018004320021189411,0.005607700856665822,0.00240323956357133,0.0033248379545348,0.0026900252053660492,0.0019114947614160915,0.0023300512686001925
2020-03-25,0.00269034021717008,0.0018004320021189411,0.0023670711098841865,0.001886000350147697,0.0016530476321388865,0.002449390659384525,0.0019574698940194937
2020-03-26,0.002281355852697137,0.00269034021717008,0.00238646725632134,0.0022403863634146417,0.001990186474875713,0.0020051835709800256,0.0016687875102539532
2020-03-27,0.0010632443557575019,0.002281355852697137,0.0023801605721038882,0.001989883562450295,0.0016862625883132898,0.001973752204942461,0.0014032298812388692
2020-03-30,0.000990878774506596,0.0010632443557575019,0.002301145599123105,0.0013184640598104262,0.0017300771037461692,0.0018577492338003303,0.00152337049676791
2020-03-31,0.000798818969444849,0.000990878774506596,0.0022225295896461136,0.001135630815485374,0.0009987054465713386,0.0017146123910952078,0.0012813482169320458
2020-04-01,0.0007893717694067476,0.000798818969444849,0.002137106952434037,0.0009700850831630579,0.0009488709806468659,0.001409205824821997,0.001100277660037737
2020-04-02,0.0010218342775898134,0.0007893717694067476,0.0020562428414523993,0.0008862448000017291,0.001174914318161962,0.0014206946128927209,0.0012961938803535264
2020-04-03,0.0006276265004039674,0.0010218342775898134,0.0019941783276206434,0.0009403923524930911,0.0007984940916270526,0.0012099634937023413,0.001090939519652374
2020-04-06,0.0006260385602994595,0.0006276265004039674,0.0019121852179876423,0.0007285502246258303,0.0007515491804834405,0.0010149419099050722,0.000959333323368653
2020-04-07,0.0009558795715354477,0.0006260385602994595,0.0018350164185263506,0.0007058377560953153,0.0006158538522757573,0.001451987048800463,0.0008085989300584299
2020-04-08,0.0006737895073923279,0.0009558795715354477,0.001782268207706896,0.000865086796705746,0.0007597876229463905,0.0011853257549173375,0.0006892615110913363
2020-04-09,0.0007465678486326309,0.0006737895073923279,0.0017157594856880211,0.0007260209873390585,0.0006311511564777858,0.001042277016452413,0.0005822375080101173
2020-04-13,0.0005303105103674418,0.0007465678486326309,0.0016576079874646972,0.0007419555112791632,0.0006396337953770137,0.0008496080597786098,0.0004925350495177376
2020-04-14,0.00030246280977630746,0.0005303105103674418,0.0015899701388388616,0.0006261651376079385,0.0005536786358978154,0.0007088175478713044,0.00041735069060835645
2020-04-15,0.00034481228259948825,0.00030246280977630746,0.0015127196990951082,0.000457169948894313,0.00041587526269461857,0.0008346279444891444,0.0003543347162457938
2020-04-16,0.0005073679488798364,0.00034481228259948825,0.0014426452541053709,0.00044754551973147296,0.0005035163430366966,0.0007190565610939474,0.00035237252840888283
2020-04-17,0.00036420567864211753,0.0005073679488798364,0.0013865286157918387,0.0005167903844427342,0.0004464201262671276,0.0007079846071401675,0.0002998730933406398
2020-04-20,0.0003318455038454284,0.00036420567864211753,0.0013251892395628553,0.0004192741421331524,0.00043714483078908546,0.0005800591344158715,0.00025882657384291625
2020-04-21,0.000634862850358939,0.0003318455038454284,0.0012655886154198095,0.00038555773302194747,0.00039657739139338163,0.0004970522211295843,0.0002510890073017869
2020-04-22,0.00031429927617393434,0.000634862850358939,0.0012277450695161573,0.0005384869483914952,0.000655572571254107,0.0005791984705542417,0.0004448671951969812
2020-04-23,0.0003397804596446353,0.00031429927617393434,0.0011729383219156238,0.0003855933749806017,0.0003457509024529598,0.0005484649034904949,0.00037739774920713163
2020-04-24,0.00024962789854479926,0.0003397804596446353,0.0011229488501793643,0.0003840982420864109,0.00035486606692174285,0.00045190504079717207,0.0003249661457453398
2020-04-27,0.00021331473531901275,0.00024962789854479926,0.0010705495930812905,0.00032294846621790926,0.00029220190548863765,0.00041353960021056467,0.00027690235936952224
2020-04-28,0.00027517142269800236,0.00021331473531901275,0.0010191155016155537,0.00028878753795962735,0.0002596400089517683,0.0003425625430161057,0.00023661756644235548
2020-04-29,0.00028150274189872886,0.00027517142269800236,0.0009744788568805007,0.00030357485690162955,0.0003406783999316567,0.0003149609401241006,0.0002458523680515592
2020-04-30,0.00039307624671584444,0.00028150274189872886,0.0009329002899815944,0.0003026886656803877,0.0002669222263273074,0.0005654199070832585,0.00021059293199400062
2020-05-01,0.0003208115501810348,0.00039307624671584444,0.0009005108473856494,0.0003540331482164648,0.0004390080549485376,0.000584403968343345,0.00034340739724550174
2020-05-04,0.00024854670944414003,0.0003208115501810348,0.0008657288895533725,0.00032710659909022244,0.0003686230173913241,0.0005371916987817346,0.0003707363226403626
2020-05-05,0.00020068614250358206,0.00024854670944414003,0.0008286979587468185,0.0002929502237116388,0.0002605136814510776,0.00045587704833765656,0.00031526475728878994
2020-05-06,0.00020674845149607244,0.00020068614250358206,0.0007910172497722243,0.0002585256480847795,0.0002327795410631542,0.0003957258812499692,0.0002687711143189919
2020-05-07,0.0001373685978280229,0.00020674845149607244,0.0007559611218756552,0.00025542454064613856,0.0002296735457765412,0.00032475105249603613,0.0002298023413467006
2020-05-08,0.00011079893245245115,0.0001373685978280229,0.0007188455704327971,0.00019656931898359448,0.00018000496192541063,0.00031218087119721773,0.00019714055857453913
2020-05-11,0.00014920437052362163,0.00011079893245245115,0.0006823627721539763,0.0001645476949520462,0.00015242392066420506,0.00027019656288521484,0.00016976499674675437
2020-05-12,0.00023679140570584327,0.00014920437052362163,0.0006503732680561551,0.0001807353793270236,0.0001619050309353693,0.00022675647343677104,0.00014682009534273128
2020-05-13,0.0006069981469793063,0.00023679140570584327,0.0006255583563151364,0.000224068063210523,0.0003199472409617909,0.0002975546514383284,0.000272744424934839
2020-05-14,0.00048558493603104706,0.0006069981469793063,0.0006244447437549867,0.0003688372666198422,0.000311583722669997,0.0002489075758023257,0.00023730578687039414
2020-05-15,0.0003334789057938802,0.00048558493603104706,0.0006161131552915504,0.00036357205495816735,0.0003047137630065405,0.0002127616223258843,0.0002034295917938269
2020-05-18,0.000154895733115667,0.0003334789057938802,0.0005991551003216903,0.00033016518833171106,0.00028918064226181545,0.0001771357259290421,0.00017503616699892892
2020-05-19,0.00021508855992570294,0.000154895733115667,0.0005724995382893289,0.000232772465524693,0.00021538563002237125,0.00020867898980668446,0.00015123814098799763
2020-05-20,0.00011717676410738123,0.00021508855992570294,0.0005510548795875113,0.0002676819435463235,0.0002553254702864704,0.00017531878205856953,0.00013339775113757515
2020-05-21,0.0001899607713240599,0.00011717676410738123,0.0005250221926587034,0.00018135884458149597,0.00016930932330630092,0.00020066866445697442,0.00011633878978678127
2020-05-22,0.00016081980346534106,0.0001899607713240599,0.0005049185073786248,0.00021079747605062476,0.0002571404290316435,0.00020405583094364405,0.0001502490388326663
2020-05-25,5.577206396592939e-05,0.00016081980346534106,0.00048427258514382776,0.00018564586949116962,0.00016621529794766225,0.00017378755401645574,0.00013046274227868096
2020-05-26,0.00012283882578697678,5.577206396592939e-05,0.00045856255387315386,0.00010654711375101011,0.00010188398239065835,0.0001597259243870003,0.00011387880415028882
2020-05-27,0.0003459123413409248,0.00012283882578697678,0.00043841913018798323,0.0001462206175840891,0.00018112447858741897,0.0001619709051437281,0.00013629740362520543
2020-05-28,0.00030675108496859186,0.0003459123413409248,0.00043286872285715975,0.0002516196582759268,0.00020826606702183017,0.00013594460350886762,0.00011876914138479233
2020-05-29,0.0003694866218950398,0.00030675108496859186,0.0004253016645838457,0.0002461931479442869,0.00020856060253041694,0.00011458104547095452,0.00010407778084139179
2020-06-01,0.00014884057180464293,0.0003694866218950398,0.00042195276202251737,0.0002834750246149133,0.00023768578862318004,0.00011758059859610058,9.176417715063026e-05
2020-06-02,0.00011435339169454601,0.00014884057180464293,0.0004055660306094449,0.00019979600146062732,0.0001821684954693934,9.972419433227663e-05,8.14594662931793e-05
2020-06-03,8.822896707089859e-05,0.00011435339169454601,0.00038809327227455094,0.00017569714699589034,0.00016461440614572772,8.934502327488617e-05,7.280657545833609e-05
2020-06-04,0.0001338601509598673,8.822896707089859e-05,0.00037010141396233177,0.00014195360298870454,0.00013327297665187705,7.718180629394065e-05,6.555413153355989e-05
2020-06-05,0.00015927484100081008,0.0001338601509598673,0.0003559269381821839,0.00016186788117633156,0.00016403040803379692,7.286503538494018e-05,6.655063702877449e-05
2020-06-08,0.00010403531346557429,0.00015927484100081008,0.00034412781235130147,0.0001653325069361827,0.00014606096338586226,9.802205652829518e-05,6.031069976916619e-05
2020-06-09,0.00012287544559339903,0.00010403531346557429,0.00032972226241815785,0.00013297328910679443,0.00012096425570473834,9.013963643700628e-05,5.508067942877315e-05
2020-06-10,0.00019820944723707002,0.00012287544559339903,0.0003173114534086723,0.00014412631652605795,0.00012934178275625778,8.322445704499208e-05,5.0697123693688355e-05
2020-06-11,0.0004657933483720784,0.00019820944723707002,0.0003101653330383761,0.0001891139887272371,0.00016383744663390018,8.99982337776918e-05,4.702303456363528e-05
2020-06-12,0.0007281891495916113,0.0004657933483720784,0.00031950301395839835,0.0003034409793727561,0.0004719149457776272,0.00042911342212797603,0.0005161279768048382
2020-06-15,0.0005039363796079589,0.0007281891495916113,0.00034402418209639125,0.00041148186422410656,0.00033300747164467575,0.00035197872652140377,0.0004371251666114528
2020-06-16,0.00037117814329158194,0.0005039363796079589,0.00035361891394708537,0.00038722012317569406,0.0003279678629276894,0.00032558969659410845,0.00037090874694739416
2020-06-17,0.00017810006539306249,0.00037117814329158194,0.0003546724677077552,0.00036326525088904564,0.00032099327361645127,0.00029799913589310327,0.0003154092751894411
2020-06-18,0.0001956793753418559,0.00017810006539306249,0.00034407812356887366,0.00025890498999711035,0.0002394364631190567,0.00024606560238027853,0.0002688922423894373
2020-06-19,0.00021675911181704598,0.0001956793753418559,0.00033517419867525256,0.00025482995127274795,0.0002318123221722202,0.0002038169975956327,0.00023001212899314256
2020-06-22,0.00012449573657295751,0.00021675911181704598,0.00032806929346376013,0.000246780483682786,0.0002472812475224238,0.00017867608260303512,0.0002086895153148407
2020-06-23,0.00022533842443171455,0.00012449573657295751,0.000315854880050312,0.00017456566976487272,0.00016033608328808638,0.00019985525586027348,0.00017944478616596535
2020-06-24,0.0003712558207412271,0.00022533842443171455,0.0003104238927131962,0.00022112912491880488,0.0001941089919516845,0.0001680562072000077,0.0001549332371015273
2020-06-25,0.00031631345254014927,0.0003712558207412271,0.00031407380839487806,0.0002935474166771293,0.0003208891882254887,0.0001856125926322564,0.00019318268197240202
2020-06-26,0.0002883603078039862,0.00031631345254014927,0.00031420818704359433,0.0002831252512719387,0.0002442844557758775,0.0001615522197530127,0.00016644769173666484
2020-06-29,0.0002148338738204409,0.0002883603078039862,0.00031265731428921785,0.0002765355281601267,0.00036728437340827154,0.00024166664853880274,0.00028499631681477806
2020-06-30,0.000139543812099337,0.0002148338738204409,0.00030678790786109125,0.00025067296278856785,0.0002245004598363716,0.0002266986661356214,0.0002434015388305043
2020-07-01,0.00012617878875453075,0.000139543812099337,0.00029675326211538606,0.00019887067312062068,0.00018338179420995153,0.00021384409465967702,0.00020853876283433327
2020-07-02,0.0001333871836427425,0.00012617878875453075,0.00028651879371373475,0.00017665372398954809,0.0001635764613092757,0.00019181789307444623,0.00017931843256550174
2020-07-03,3.093874254176538e-05,0.0001333871836427425,0.0002773308971094752,0.0001710960246987264,0.00015407028832084218,0.00016800200396973507,0.000154827333488556
2020-07-06,9.169144257559194e-05,3.093874254176538e-05,0.0002625473678354126,7.574557132274203e-05,8.329353929847055e-05,0.00014243801258753718,0.00013644962490469634
2020-07-07,0.00019401251218164573,9.169144257559194e-05,0.00025229601231982333,0.00011676024236033966,0.00010578926397630804,0.00020870379893127964,0.00011889672606310816
2020-07-08,0.00016426612280887965,0.00019401251218164573,0.0002487990023115327,0.0001676738444427213,0.00016682396379800015,0.00018330674175016324,0.00011643508080568158
2020-07-09,0.00022371148192452134,0.00016426612280887965,0.00024372702954137353,0.00015860237819583585,0.00013637640064356453,0.0001751713393019231,0.00010212148163571274
2020-07-10,0.00015552605182555311,0.00022371148192452134,0.0002425260966843624,0.0001892985727918881,0.00016071447877738222,0.00014813924775617719,9.01244996647963e-05
2020-07-13,0.0004242456917592669,0.00015552605182555311,0.00023730609399283387,0.00017872923559394393,0.0001595292095910119,0.00013718306346122318,8.006919668324666e-05
2020-07-14,0.0007854223438398668,0.0004242456917592669,0.0002485224698588199,0.0003116300358884034,0.00036407828501372366,0.0001999934383814449,0.0001831137926169382
2020-07-15,0.0003476388046254737,0.0007854223438398668,0.00028073646229768285,0.0004522640507246652,0.0003661941149353932,0.0001673642669168641,0.00015800842481083864
2020-07-16,0.0003012773387249838,0.0003476388046254737,0.0002847506028373503,0.00032837436461084893,0.0002971981913076576,0.00014114331266376466,0.00013696629268414602
2020-07-17,0.00011457341206071936,0.0003012773387249838,0.00028574220699060837,0.00031369356010053895,0.00035320770421936963,0.00015681102533284907,0.00016876777114073713
2020-07-20,0.00011125940481495296,0.00011457341206071936,0.00027547207929481504,0.00019809728496494774,0.00018823491063653565,0.00013880471813886686,0.00014598426799600594
2020-07-21,0.00021685018449762167,0.00011125940481495296,0.00026561931882602334,0.00017829774422309808,0.00016775418876803838,0.00023579019994609984,0.0001268882130334544
2020-07-22,0.000215566484445117,0.00021685018449762167,0.0002626931707663192,0.0002212245003526963,0.00023844082769425835,0.0002128373986151498,0.00013308819008832993
2020-07-23,0.00033548925788506054,0.000215566484445117,0.0002598655695870471,0.00021420461696013262,0.00018794377875954886,0.0001770577456108711,0.0001163106436596489
2020-07-24,0.00042836485272476887,0.00033548925788506054,0.00026440299088492794,0.0002639951243969098,0.00033872933256003866,0.0002595438962475806,0.0002501395519359922
2020-07-27,0.00016130580054121073,0.00042836485272476887,0.00027424070259531844,0.00032224785774442313,0.00031416125647949143,0.00023230411777390664,0.00023671351232164696
2020-07-28,0.00014691667469533744,0.00016130580054121073,0.000267464608472072,0.00021176555492200642,0.0001928245777858991,0.00024576686669397203,0.00020293317527420967
2020-07-29,0.00013658206550461305,0.00014691667469533744,0.0002602317324454679,0.00019719809073021185,0.0002485761511180078,0.00023211819200411412,0.0002116295536923118
2020-07-30,0.0003172757166166689,0.00013658206550461305,0.0002528127524290166,0.00018469354892477306,0.00017025193228707106,0.00021615294361462573,0.00018190898730709594
2020-07-31,0.0002721759569786107,0.0003172757166166689,0.00025668053028027576,0.0002703661954605063,0.00022827299300694212,0.00021837987827579204,0.00015699861397227834
2020-08-03,0.000127029912806865,0.0002721759569786107,0.0002576102558821759,0.000245541762767293,0.0002135306263965326,0.00018136742897854348,0.00013611991699062642
2020-08-04,0.00011936737500837719,0.000127029912806865,0.0002497754352976572,0.00017116342656599645,0.00015706884485377977,0.00016860528761472257,0.00011862038048057543
2020-08-05,6.619206796408044e-05,0.00011936737500837719,0.0002419509516803004,0.00016509454392729767,0.00015121824719798246,0.0001411430790863255,0.00010395309648599836
2020-08-06,9.44496787796428e-05,6.619206796408044e-05,0.00023140541865732721,0.0001202937810429281,0.00011530841942041825,0.00011872401483829353,9.165967261994249e-05
2020-08-07,0.0001859210694094588,9.44496787796428e-05,0.00022318807426466614,0.00012986506505927256,0.00011848611936783664,0.0001253308050715985,8.135590605986307e-05
2020-08-10,0.00015610900789988114,0.0001859210694094588,0.00022095205397335374,0.0001720615522893465,0.00018827409940080212,0.0001314041158436373,0.00010541811511723142
2020-08-11,0.0002888947892432774,0.00015610900789988114,0.0002170614712089454,0.00016093780204268064,0.0001574856417653299,0.00011592583118593437,9.892041439878958e-05
2020-08-12,0.00014499520283181688,0.0002888947892432774,0.00022137147029100538,0.0002261630686427211,0.00024521712408674413,0.00014197420167316488,0.00014429758552675747
2020-08-13,0.00014333642627927242,0.00014499520283181688,0.00021678889424345406,0.00017367998266115453,0.0001559489016070707,0.0001649700849463462,0.00012547451554661333
2020-08-14,0.0001439623738622202,0.00014333642627927242,0.00021238174616560317,0.00017634532061323798,0.00015936979875597615,0.00014071137486420943,0.00010969790838390354
2020-08-17,3.642992108138718e-05,0.0001439623738622202,0.0002082765838274002,0.00017302383718715411,0.00016701522153240062,0.00012152896055521892,0.00010007457794691474
2020-08-18,0.00011087292101877453,3.642992108138718e-05,0.00019796578406263942,8.353624032358854e-05,8.328805417437262e-05,0.00012082886198950479,8.84088817856654e-05
2020-08-19,7.334311439870589e-05,0.00011087292101877453,0.0001927402122800075,0.0001295999645974807,0.00011599262237081848,0.0001161988194088455,7.863124690412342e-05
2020-08-20,8.517024365428707e-05,7.334311439870589e-05,0.00018557638640712942,0.00010252670302084908,0.00012460953122221902,0.00011297358941350873,8.858844444040784e-05
2020-08-21,8.615889029905248e-05,8.517024365428707e-05,0.0001795520178419589,0.00010551031530973188,9.506105363475593e-05,0.00011928653652618185,7.878174783027167e-05
2020-08-24,0.00019503695922323146,8.615889029905248e-05,0.00017394843018938452,0.00010206944904333247,9.167065508085929e-05,0.00010595784166370495,7.056223846515738e-05
2020-08-25,8.0187304189169e-05,0.00019503695922323146,0.00017521374193141536,0.00016484989949357392,0.0001409888236268305,9.343437764902509e-05,6.367303439481108e-05
2020-08-26,9.528410731287693e-05,8.0187304189169e-05,0.00016951215566688056,0.00010712484302620489,9.854984300871589e-05,8.803618249707844e-05,5.789882931581778e-05
2020-08-27,0.00024115226732996614,9.528410731287693e-05,0.00016505847276564037,0.0001175906516972102,0.0001069785613522934,0.0001320091428891844,5.305916366593722e-05
2020-08-28,0.0001216817464211427,0.00024115226732996614,0.00016962410043949993,0.00019228788325081902,0.000172184351698688,0.00011455755267806656,5.269080377404029e-05
2020-08-31,0.00010456365346236459,0.0001216817464211427,0.0001667475591983985,0.00014434580092184926,0.00013051783197575716,9.847668786996575e-05,4.869404293097447e-05
2020-09-01,0.00012191754817295828,0.00010456365346236459,0.00016301652485423647,0.0001286448421182905,0.00011651076838826218,9.207821431161539e-05,4.5344146988874406e-05
2020-09-02,0.0003133022010388193,0.00012191754817295828,0.0001605505862533598,0.0001413170476459531,0.00012719469520140254,0.00012064590493423179,4.2536422618183654e-05
2020-09-03,0.0008557154664704535,0.0003133022010388193,0.0001697156831404874,0.0002354465545439798,0.0001996777336191382,0.00010580542245258662,4.01831208207467e-05
2020-09-04,0.0015774890261334498,0.0008557154664704535,0.0002108756701402855,0.0004072036241515753,0.0005326513958484456,0.00048505981143997465,0.0005688071910854242
2020-09-07,0.00028363520460043703,0.0015774890261334498,0.00029287247149987567,0.0006463271409452602,0.0005647369067120192,0.00048026186475672185,0.0005910870854616917
2020-09-08,0.0008070327304655756,0.00028363520460043703,0.0002923182354859094,0.00031952227236685133,0.00030531922127858565,0.00039677066566036316,0.0005041417710272323
2020-09-09,0.0006159702678510683,0.0008070327304655756,0.0003232011051846894,0.0005856183929043865,0.0007588248263336657,0.0005855692306037508,0.0007751266658832795
2020-09-10,0.0008661534624090371,0.0006159702678510683,0.0003407672549446722,0.0005455187093660073,0.0004764356873745382,0.0005890474754679161,0.0006542056204140315
2020-09-11,0.0006194778491757315,0.0008661534624090371,0.00037229042739253423,0.0006400455340639417,0.0006480532385440347,0.0005292926385138074,0.0006156588480569987
2020-09-14,0.0002437439058049667,0.0006194778491757315,0.00038712167269952616,0.0005199772389752205,0.000508216634088294,0.00045060993695470754,0.0005431007774380021
2020-09-15,0.00015840956229856115,0.0002437439058049667,0.0003785190066858526,0.00033835844499096625,0.0003154105381721216,0.00040942959015374564,0.00045973249262768747
2020-09-16,0.00021069011928875154,0.00015840956229856115,0.0003653124400226151,0.0002498073086596383,0.00023680731341645927,0.00036965224617783933,0.00038985713857180406
2020-09-17,0.000516881122200462,0.00021069011928875154,0.0003560351007785833,0.0002665651543478781,0.0003507933254067982,0.0003569588715939429,0.0004010442062085119
2020-09-18,0.0003706627587189339,0.000516881122200462,0.00036568586206389605,0.0003890599258097497,0.00040975951200498153,0.00034102703679515166,0.000402863701756858
2020-09-21,0.0005860070413404931,0.0003706627587189339,0.0003659844758631983,0.0003257393606108822,0.00033021131208878083,0.00030624694495203316,0.0003752842063372293
2020-09-22,0.0003069848893705869,0.0005860070413404931,0.0003791858297918361,0.00042855714463945583,0.00035974948007831627,0.00025337636217129326,0.0003190765783457613
2020-09-23,0.0003587655262985183,0.0003069848893705869,0.0003748537733665612,0.00033625008439001935,0.00029999666394337453,0.00023882512186971285,0.0002719660024777152
2020-09-24,0.0007265412157467584,0.0003587655262985183,0.00037388847854247866,0.00037489364240709096,0.0005292025361347971,0.0003451479938953582,0.0004285493734245495
2020-09-25,0.0002785432890706279,0.0007265412157467584,0.00039504764277473555,0.0005328544148654707,0.0004419050987372895,0.00029075196111328445,0.0003637209226253714
2020-09-28,0.00017916271698169696,0.0002785432890706279,0.0003880573815524891,0.00034043758806280355,0.0003079867178859747,0.0002896438574433637,0.0003093847807364775
2020-09-29,0.00014329434407916062,0.00017916271698169696,0.0003755237016782416,0.0002572528429409343,0.00023767258557875904,0.0003101858945696071,0.00026384279602183663
2020-09-30,0.0003537179932814751,0.00014329434407916062,0.00036158994022229677,0.00022113349772082081,0.00023598313716744694,0.00026483297678174105,0.00023714997552994895
2020-10-01,0.00016258873034111164,0.0003537179932814751,0.00036111762340584755,0.00033423888321342296,0.0002888258054431691,0.00021923713544323302,0.00020329899809618397
2020-10-02,0.000535316891145095,0.00016258873034111164,0.0003492058898219634,0.00021302547638704783,0.00019362707619901277,0.0002264247587875161,0.00017492670953700524
2020-10-05,0.00012616005386508164,0.000535316891145095,0.0003603725499013514,0.0003823855553551565,0.00044979668350577805,0.0003143890002614362,0.00031930882135258385
2020-10-06,0.0003452477604544434,0.00012616005386508164,0.00034631980013917523,0.00019264780786693863,0.0001767412489628209,0.00030418133886739464,0.00027216065758385843
2020-10-07,0.00012830652896704913,0.0003452477604544434,0.00034625547775809135,0.0003200059519443625,0.0003982008087539226,0.00034120101191480065,0.0003522617004228077
2020-10-08,9.44936839821712e-05,0.00012830652896704913,0.00033317854083062876,0.0001904367725810778,0.00017665158754315245,0.00035357361102079574,0.00029978020256348246
2020-10-09,5.2618970601608624e-05,9.44936839821712e-05,0.0003188574494197213,0.00015841842932493271,0.00014896300749892314,0.00029563849607671056,0.00025579269277307216
2020-10-12,0.00014112681709132352,5.2618970601608624e-05,0.00030288314069063454,0.00010296983382297208,9.925997864640075e-05,0.0002682527479836755,0.00021892444212314068
2020-10-13,0.0003337957759450942,0.00014112681709132352,0.0002931777612746759,0.00016080287812679397,0.00014333737527405066,0.0003459414364807263,0.00018802321783327404
2020-10-14,0.00019533012389329657,0.0003337957759450942,0.000295614842154901,0.00023617259842720407,0.0002016663416330722,0.0002851178748296035,0.00016272693007833032
2020-10-15,0.0002369258155275596,0.00019533012389329657,0.00028959775905920476,0.00019044377074974427,0.00021006949043630128,0.0002596489784144792,0.00017222005082132745
2020-10-16,0.00017070385088664694,0.0002369258155275596,0.000286437442447306,0.00022139331279204052,0.00021167986430111567,0.00022066866778969248,0.00015614197338637456
2020-10-19,0.00021723450280929028,0.00017070385088664694,0.0002794934269536665,0.00020633194177487556,0.00022413951163991678,0.00019490387658394688,0.0001501444530744853
2020-10-20,0.00027475709001754196,0.00021723450280929028,0.00027575789150500394,0.00023593497193191349,0.0002603279612916457,0.00017737747133813548,0.00014946341926576345
2020-10-21,0.00023911339419942378,0.00027475709001754196,0.0002756978434157562,0.000258647017059263,0.0002423833793443025,0.00015176834609069073,0.00013411621743928735
2020-10-22,0.0002226708161560102,0.00023911339419942378,0.0002735027764627763,0.0002452338857385374,0.00021520277769172116,0.00012771639293951659,0.00011694097426644987
2020-10-23,0.00013976913930575325,0.0002226708161560102,0.00027045285884437037,0.000236140700691915,0.00021459274733855995,0.00011042611735175152,0.00010541638526516472
2020-10-26,0.00022058245867700145,0.00013976913930575325,0.00026261183567205336,0.00018796953661284928,0.00017252591788846668,9.388102438910764e-05,9.28861320794707e-05
2020-10-27,0.00017169467396456703,0.00022058245867700145,0.0002600900730523503,0.00023008145511867824,0.0002488342967597666,0.00011960797579924243,0.0001332093857725747
2020-10-28,0.00032982523103380977,0.00017169467396456703,0.0002547863491070833,0.0001986471143826165,0.00017829539394862505,0.00010303688627328186,0.00011618091084515236
2020-10-29,0.00040754453114333095,0.00032982523103380977,0.00025928868202268696,0.0002734175799883695,0.00039818088107207536,0.0002669907023791239,0.00034074457270676475
2020-10-30,0.0004697634632941027,0.00040754453114333095,0.00026818403296992565,0.00031473486906189135,0.0002668973702729487,0.00022400207101259134,0.00029012709072729227
2020-11-02,0.0002884233545227221,0.0004697634632941027,0.00028027879878937635,0.0003644322740515323,0.00035905934351180917,0.00022151586237805298,0.00029401919050499385
2020-11-03,0.00025053471389745863,0.0002884233545227221,0.0002807674721333771,0.000298322849022923,0.0002644045324912844,0.00018472833314514667,0.000251905771228561
2020-11-04,0.0010848120002422735,0.00025053471389745863,0.00027895350663922203,0.00028612423389008835,0.0002569399195897543,0.0001829811030712562,0.00021566660828707074
2020-11-05,0.00030089342800210164,0.0010848120002422735,0.0003273050162554053,0.0006069131579045994,0.0004916002755098205,0.0004880371862720863,0.00018529265556647715
2020-11-06,0.00030230452574499413,0.00030089342800210164,0.0003257203209602071,0.00033277698917838413,0.00029821593491999884,0.00046835771964615726,0.000159834644702308
2020-11-09,0.0009224751163284802,0.00030230452574499413,0.00032431537324729433,0.0003250123536597062,0.0002902043713028966,0.0003838414859542355,0.0001387400720476209
2020-11-10,0.0006740657314658899,0.0009224751163284802,0.0003602049578321656,0.0005877124044310827,0.0006179754855967465,0.0003868126844579197,0.0002151512622887657
2020-11-11,0.0002577361240068644,0.0006740657314658899,0.0003790366042501892,0.0005510158038617262,0.0005895663534120902,0.00037901035267785615,0.00026552994924019087
2020-11-12,0.0002408112065102825,0.0002577361240068644,0.0003717585754355897,0.0003248723447370888,0.0002963928190107083,0.0003792342903519204,0.00022708575004402382
2020-11-13,0.00010577295045476664,0.0002408112065102825,0.0003639017333000713,0.00030993880457081465,0.00029830033256218855,0.0003138364250190283,0.00019758306726995435
2020-11-16,0.00019951435359460428,0.00010577295045476664,0.00034841400632935296,0.00019860530340790945,0.00019210755777349664,0.0002627489339141,0.00017013588661015142
2020-11-17,7.935936113776589e-05,0.00019951435359460428,0.00033948002716526805,0.0002386833404355877,0.00021348693211414212,0.0002234469387736051,0.0001471309576878014
2020-11-18,0.00011869543800157738,7.935936113776589e-05,0.0003238727872036179,0.00013586776570248936,0.00017297037550822916,0.00019350521260159243,0.00013785612549905614
2020-11-19,0.00010189291670603098,0.00011869543800157738,0.00031156214625149543,0.00015435088347160508,0.0001751200616159116,0.0001745809056805725,0.0001369838596347522
2020-11-20,6.550686548786981e-05,0.00010189291670603098,0.00029898199247876755,0.0001354077748185765,0.00012191263264678128,0.0001514682936197179,0.00011934449635125236
2020-11-23,0.00010834463589229132,6.550686548786981e-05,0.00028497348485931367,0.0001067768904229494,0.00011393346368562881,0.00013258095657496538,0.00011112653762842613
2020-11-24,8.557985070092422e-05,0.00010834463589229132,0.00027437575392129235,0.0001282907019060665,0.00011489416175190187,0.00011187311642282863,9.769425123143822e-05
2020-11-25,7.376498140880719e-05,8.557985070092422e-05,0.00026304799972807027,0.00011564364833449227,0.00010569427647382331,0.00012408346693657806,8.641380449229133e-05
2020-11-26,2.0511477626768208e-05,7.376498140880719e-05,0.00025169101862891445,0.00010423857001653648,9.503492259910165e-05,0.00010715320131699588,7.695906745889968e-05
2020-11-27,3.1161271263300066e-05,2.0511477626768208e-05,0.00023782024616878563,5.199911777957448e-05,5.661510008079618e-05,9.212331596292317e-05,6.990657534165885e-05
2020-11-30,0.00014042711533691484,3.1161271263300066e-05,0.0002254207076744565,5.916280856162159e-05,5.684566523623494e-05,8.903721491698289e-05,6.312348856932017e-05
2020-12-01,0.00010294518039888155,0.00014042711533691484,0.000220321092134204,0.00011837801001030175,0.00010079975682365332,7.729902790475008e-05,5.7438225991502294e-05
2020-12-02,8.392135960267931e-05,0.00010294518039888155,0.00021327853743008463,0.00010345567015441253,9.056043805812275e-05,8.035137933418915e-05,5.2673107740244496e-05
2020-12-03,7.229346184084067e-05,8.392135960267931e-05,0.00020551710676044034,9.462677337477897e-05,8.363578770257051e-05,6.971225736920616e-05,4.878250943237861e-05
2020-12-04,3.896584181778591e-05,7.229346184084067e-05,0.00019752368806526434,9.570834755299037e-05,8.753674012104953e-05,6.095761580509877e-05,4.541829542699766e-05
2020-12-07,5.0385816571560755e-05,3.896584181778591e-05,0.00018801021729041562,7.239309058391515e-05,6.992619583711312e-05,5.3846287263772305e-05,4.2598570332729314e-05
2020-12-08,5.452465939191513e-05,5.0385816571560755e-05,0.00017975275324728433,7.533401688041945e-05,7.019054015794046e-05,4.972629637506615e-05,4.023521009627304e-05
2020-12-09,0.0001735604023079693,5.452465939191513e-05,0.00017223906761596215,7.426135849757471e-05,6.77252021628769e-05,4.7856768090693076e-05,3.825435330331252e-05
2020-12-10,0.000168942188099089,0.0001735604023079693,0.00017231834769748257,0.00013065403607605118,0.00019145186685317654,0.00013562195775548247,0.00015868787766997055
2020-12-11,0.00012145331515397906,0.000168942188099089,0.00017211577812157894,0.0001357839508566324,0.00011484158984555296,0.0001145790759371251,0.0001375357779410893
2020-12-14,0.00010751310115552537,0.00012145331515397906,0.00016907603034352293,0.00012578236193639506,0.00011667944091758734,9.84506685285339e-05,0.00012104919561795032
2020-12-15,5.415424842548536e-05,0.00010751310115552537,0.0001653822545922431,0.00012478293212642594,0.00011183638473579191,8.924413405465898e-05,0.00010598881448171466
2020-12-16,4.7161514128732566e-05,5.415424842548536e-05,0.00015870857422223763,9.11961882684231e-05,8.74176805752787e-05,8.916486082638836e-05,9.336591518007504e-05
2020-12-17,4.221047716058084e-05,4.7161514128732566e-05,0.00015201575061662734,7.802051374418162e-05,7.410634911152109e-05,7.971321977132005e-05,8.278599788993664e-05
2020-12-18,8.82736862751532e-05,4.221047716058084e-05,0.00014542743420926457,6.744058688287898e-05,6.325585855224947e-05,7.204847192869233e-05,7.391841151446503e-05
2020-12-21,0.00019034814136305656,8.82736862751532e-05,0.00014199820933321792,9.204525638662235e-05,8.049375614303941e-05,6.334155316327575e-05,6.693957765964517e-05
2020-12-22,0.00012882161337435976,0.00019034814136305656,0.00014489920525500826,0.00013574589101652702,0.00012708744139740136,6.104538086444158e-05,6.692047334745047e-05
2020-12-23,5.193273476280641e-05,0.00012882161337435976,0.00014393454974216937,0.00012092267487130935,0.0001055467597335797,5.3909854883927925e-05,6.062067908287053e-05
2020-12-24,3.2092014301564826e-05,5.193273476280641e-05,0.00013841444084340758,8.0437296331648e-05,8.75843987156791e-05,5.249140550146223e-05,6.0453850073991076e-05
2020-12-28,3.4616649451182275e-05,3.2092014301564826e-05,0.000132035095250897,6.325218569530468e-05,6.192862623673846e-05,4.7668603301094146e-05,5.520066124506701e-05
2020-12-29,5.9887648287813146e-05,3.4616649451182275e-05,0.00012618998850291412,6.127835224736622e-05,5.829154117101133e-05,5.706798071634979e-05,5.079768677847387e-05
2020-12-30,3.574657337638911e-05,5.9887648287813146e-05,0.00012221184809000805,7.301611499154803e-05,6.644734003054765e-05,5.069098256107533e-05,4.7107321785932415e-05
2020-12-31,2.9725800236110298e-05,3.574657337638911e-05,0.00011702393160719091,5.309744327688485e-05,5.314097285915587e-05,4.683430592099739e-05,4.535442216482831e-05
2021-01-04,0.00019390289911358654,2.9725800236110298e-05,0.00011178604372492605,4.597085711926749e-05,4.278359904339033e-05,,
2021-01-05,0.00013586915316393585,0.00019390289911358654,0.00011671305504824571,0.0001374089205401339,0.00016044553693517278,9.841031459749946e-05,0.00011044299640516654
2021-01-06,0.0004119866889730378,0.00013586915316393585,0.00011786242093518713,0.00012520714207038514,0.00011268207087737004,9.291279038572128e-05,9.927945111496523e-05
2021-01-07,0.0001256185327574044,0.0004119866889730378,0.00013550987701745824,0.0002543883428024632,0.0002444448413859857,0.00011229627078281895,0.0001253325624063736
2021-01-08,0.00014465528926264605,0.0001256185327574044,0.000134916396361855,0.00014966122584384326,0.0001363625053424034,0.00016407087311600058,0.00012142613138930301
2021-01-11,0.00012364380903124127,0.00014465528926264605,0.00013550072993590248,0.0001793556150415989,0.000169602524764196,0.0001701682068755842,0.00011252690459232044
2021-01-12,0.00011743226087373454,0.00012364380903124127,0.00013478931468162281,0.00016086543044739588,0.0002096917644739261,0.0002068756087922935,0.00017471588429160038
2021-01-13,0.00010736108661561135,0.00011743226087373454,0.00013374789145314956,0.0001549320113648985,0.00015581286135097326,0.00017258530240060535,0.00015387073246561717
2021-01-14,7.912475262619356e-05,0.00010736108661561135,0.00013216468316289726,0.00013512613544375526,0.00012786759998406757,0.00014844295922997612,0.00013522487176383877
2021-01-15,0.00016274392788741203,7.912475262619356e-05,0.00012898228733069502,0.0001117041355592765,0.00012940114457383865,0.00013486276255553567,0.0001305868193054208
2021-01-18,2.804413183655736e-05,0.00016274392788741203,0.00013100798576409808,0.000163942286026093,0.00019126313747413164,0.00014256167126739644,0.00014796021483734885
2021-01-19,6.911106384508927e-05,2.804413183655736e-05,0.00012483015452844563,5.9504678876218104e-05,6.0152334588890756e-05,0.0001200722622077273,0.00012950331791503227
2021-01-20,6.611252083322692e-05,6.911106384508927e-05,0.00012148700908744424,9.190252916508552e-05,8.639278905288047e-05,0.00014558191336038446,0.00012100711016587985
2021-01-21,7.356653615317416e-05,6.611252083322692e-05,0.00011816453979219119,8.709525479619347e-05,8.157038292523236e-05,0.0001814805276302295,0.00011633018655029245
2021-01-22,5.2360709805788887e-05,7.356653615317416e-05,0.00011548865957385017,9.157357580530853e-05,8.358765081047342e-05,0.00015738637419563834,0.00010393365838484016
2021-01-25,0.0003058907180342662,5.2360709805788887e-05,0.00011170098258776649,7.093130639246174e-05,7.607517401468789e-05,0.0001356154167209728,9.706767948393225e-05
2021-01-26,0.00012164228659390486,0.0003058907180342662,0.0001233523667145565,0.0002083245922244211,0.00017860909241871025,0.00012124531427784922,8.779878299183024e-05
2021-01-27,0.0005090971467782891,0.00012164228659390486,0.00012324976190731743,0.0001342833071460687,0.00012120612816491087,0.00010665598922066345,7.94827122152105e-05
2021-01-28,0.0004398712587777145,0.0005090971467782891,0.0001464006049995758,0.0003259596152336722,0.0003894249616169353,0.00037257282713914927,0.0004006014391575789
2021-01-29,0.0005847892449135007,0.0004398712587777145,0.0001640088442262642,0.00034261479854473574,0.00029523880982940836,0.00030847514620165083,0.0003429471614165771
2021-02-01,0.0002582104258171655,0.0005847892449135007,0.00018925566826749846,0.0004690870837359104,0.0005245821768733406,0.0003547153841231617,0.00041235790850033613
2021-02-02,0.0001276830689840537,0.0002582104258171655,0.0001933929537204785,0.0003051645645953846,0.000281172359571046,0.0004129349047556751,0.0003717664324413734
2021-02-03,0.00011274114458737626,0.0001276830689840537,0.00018945036063629302,0.00021327556333893287,0.0002062622101827199,0.00039444230006320275,0.00032730652594962237
2021-02-04,8.769528352514463e-05,0.00011274114458737626,0.00018484780767335802,0.00018067765984257128,0.00020978206739111454,0.0003316333918735543,0.00029271505974587923
2021-02-05,5.537131263549791e-05,8.769528352514463e-05,0.00017901865622446523,0.00014236018775564899,0.0001343149913494518,0.0002860035000172358,0.00025381085515019603
2021-02-08,4.1825501795748e-05,5.537131263549791e-05,0.0001715998156091272,9.536929419036856e-05,9.125525103593995e-05,0.0002337905751686715,0.00021844363256231288
2021-02-09,3.754537342000584e-05,4.1825501795748e-05,0.00016381335678032443,7.285441127043694e-05,6.928035223766743e-05,0.00019525392678511057,0.0001892304495691905
2021-02-10,0.00018177050790670358,3.754537342000584e-05,0.0001562372777787053,6.327413349535417e-05,6.235832976536133e-05,0.00016136695046924321,0.00016413205191998534
2021-02-11,7.926194032633162e-05,0.00018177050790670358,0.00015776927158638523,0.00014834319293825443,0.00013463679735175696,0.00013743099989817713,0.0001462322857322526
2021-02-12,4.338177882101713e-05,7.926194032633162e-05,0.00015305883171078203,9.56310344048551e-05,8.432857013467074e-05,0.00011555041335639499,0.00012797126385141578
2021-02-15,7.507264135938189e-06,4.338177882101713e-05,0.00014647820853739613,6.861773256124112e-05,6.698229725665384e-05,0.00010403560089848547,0.00011361191540046289
2021-02-16,7.72089763110792e-05,7.507264135938189e-06,0.00013813995187330865,2.4452685076313382e-05,2.609103488798932e-05,8.9905870052119e-05,0.00010069789611964798
2021-02-17,0.0001143971899900497,7.72089763110792e-05,0.00013448409333957487,8.587436645540333e-05,0.00010258865476659754,9.702053973281343e-05,0.00011168031949172916
2021-02-18,0.00010831663609153056,0.0001143971899900497,0.00013327887913860338,0.00010259157392638525,9.84365426770098e-05,9.034881192774629e-05,0.00010684942222103748
2021-02-19,0.00010449964209414764,0.00010831663609153056,0.00013178114455577903,0.00010193759472799286,0.00010089304887639292,8.434018021985072e-05,0.0001020159230191239
2021-02-22,0.00017343532023637078,0.00010449964209414764,0.00013014425440808114,0.00010618406904348267,0.00010747510812351174,8.136058747975551e-05,9.999320092654785e-05
2021-02-23,0.0005933336679169486,0.00017343532023637078,0.00013274171835777856,0.0001704358925486599,0.0002609979475435549,0.00021612258872544702,0.0002578645513707365
2021-02-24,0.0004049949189841639,0.0005933336679169486,0.00016037723533132885,0.00037215343771956753,0.0003308318937644144,0.00018595143059327857,0.00023048363401094893
2021-02-25,0.0004235609614242321,0.0004049949189841639,0.000175054296350499,0.00033204702995482847,0.0002892274199657666,0.00017148816151132653,0.0002017208728072017
2021-02-26,0.0008675977932063606,0.0004235609614242321,0.00018996469625492306,0.0003733016910224457,0.0005570422671270275,0.0004654504618508277,0.0005518547627980161
2021-03-01,0.00014061002597712518,0.0008675977932063606,0.00023062268207200948,0.0006240928750111662,0.0005410817531071884,0.0003866154252441972,0.00047090384562859487
2021-03-02,0.00020152996588612966,0.00014061002597712518,0.00022522192270631644,0.0002383347835030891,0.00023406573926270296,0.0004714310649307087,0.00042626057577002706
2021-03-03,0.0003465563012231945,0.00020152996588612966,0.00022380040529710525,0.00026670358237185573,0.000364409142108775,0.00046861122794536654,0.000463570695199493
2021-03-04,0.0009850548409293604,0.0003465563012231945,0.00023116575905267065,0.0003501449871807215,0.0004498760390090726,0.0005589380824240466,0.0006033899708959508
2021-03-05,0.0008925054879881945,0.0009850548409293604,0.0002763991039652722,0.0006409300983627991,0.000646519546430001,0.0005377922480788433,0.0006118677933637681
2021-03-08,0.000624733999192288,0.0008925054879881945,0.00031336548700664765,0.0006138434833731816,0.0005183030554299833,0.0004823246841716026,0.0005275080709923571
2021-03-09,0.00023670371656063117,0.000624733999192288,0.00033204759773778616,0.0005661398576548017,0.0007013626538328894,0.0005284192897396785,0.0006085831294848585
2021-03-10,0.0005610096856584848,0.00023670371656063117,0.0003263269648671569,0.00034711243283461164,0.00033204550682015263,0.0006475950840318605,0.0005520715200064457
2021-03-11,0.00019346912645295562,0.0005610096856584848,0.0003404079281146366,0.0005654051103320169,0.0005139391306300336,0.0005229297471630745,0.00046996504986906285
2021-03-12,0.00022017137601579483,0.00019346912645295562,0.00033159160001493574,0.0002935000333524445,0.00027853508758590153,0.0004847990755598725,0.00041036011450034125
2021-03-15,0.00013111813276107958,0.00022017137601579483,0.0003249063865749873,0.00028633329776693,0.0003113400514752868,0.0004116737741044035,0.0003716632460822512
2021-03-16,0.00011742017493860623,0.00013111813276107958,0.0003132790913461529,0.00019760556120399143,0.00018823092260268715,0.0003509529097058755,0.00032042738003588685
2021-03-17,0.00029641902093827647,0.00011742017493860623,0.0003015275563617001,0.00017868537161442265,0.00016932994916764044,0.0002891926887538345,0.00027513333917602114
2021-03-18,0.0002514139561631721,0.00029641902093827647,0.00030122104423629465,0.00028021748831334037,0.00024762466764957766,0.00023625571885544264,0.00023636493728886255
2021-03-19,0.00028283757117902614,0.0002514139561631721,0.0002982326189519073,0.00026266176634462776,0.0003982525857669139,0.00037453150112708893,0.00041341363232331123
2021-03-22,0.00010502020728277448,0.00028283757117902614,0.00029730891608553445,0.00028466410020382577,0.00024386628279922943,0.0003045080488062451,0.00035278133205236166
2021-03-23,0.00013936610984025653,0.00010502020728277448,0.0002857715935573688,0.0001676507378058086,0.00016093162779379322,0.0002990051777547064,0.00030991347631199244
2021-03-24,0.00017037355555151725,0.00013936610984025653,0.0002769872645343421,0.00019657757049817433,0.00019380024398355986,0.00024747550589135565,0.0002691232665411097
2021-03-25,0.0002939159957709487,0.00017037355555151725,0.00027059044199537256,0.00021035172231806696,0.0002882532903983023,0.0002768863423032076,0.00031619196748095734
2021-03-26,0.00024380289520303485,0.0002939159957709487,0.0002719899752219072,0.00028153938169032196,0.0002549848950319002,0.0002273317167055801,0.0002717485551894221
2021-03-29,0.0002265970895839422,0.00024380289520303485,0.0002702987504207748,0.00025260534304289036,0.00022754378706562616,0.0002104883765382119,0.0002374119366770969
2021-03-30,0.00014517465849542033,0.0002265970895839422,0.0002676766507705649,0.00025537535124478354,0.00023320094479809176,0.0001737363992888092,0.0002048628469838675
2021-03-31,7.263707596708656e-05,0.00014517465849542033,0.00026032653123405616,0.00020210203137501845,0.00021112949172810965,0.00015428905337078376,0.00018833022500862456
2021-04-01,6.514890124661444e-05,7.263707596708656e-05,0.00024906516391803797,0.00013305254683122734,0.00012983997139078606,0.0001620448239160576,0.00016878500836400642
2021-04-02,9.997233770579364e-06,6.514890124661444e-05,0.00023803018815775256,0.0001134438225341504,0.00011076159917249503,0.00018406098232936325,0.0001548608753688712
2021-04-05,5.3724295529961264e-05,9.997233770579364e-06,0.00022434821089452214,3.432761713745319e-05,3.5425107214630546e-05,0.0001522695130648736,0.00013512083580930322
2021-04-06,7.657689402651933e-05,5.3724295529961264e-05,0.0002141107759726485,7.412117978764082e-05,6.671960461943507e-05,0.00017869470739171453,0.00012691610804600365
2021-04-07,7.484352189076135e-05,7.657689402651933e-05,0.00020585874305588075,8.47922827951571e-05,8.085851895387079e-05,0.00014970313411201238,0.00011322792990595534
2021-04-08,5.139321758660046e-05,7.484352189076135e-05,0.0001979978297859736,8.342289511472891e-05,7.606092487149197e-05,0.00012501609344651275,0.00010012939951162206
2021-04-09,6.261019419188863e-05,5.139321758660046e-05,0.0001892015530540112,6.724887338815544e-05,6.309400128517066e-05,0.0001251492700815206,9.238163949861903e-05
2021-04-12,6.820211228380817e-05,6.261019419188863e-05,0.00018160607152228385,8.35611917529149e-05,7.728534357135167e-05,0.00010525646923400828,8.253556418695586e-05
2021-04-13,5.624728013480702e-05,6.820211228380817e-05,0.0001748018339679753,8.84693434066946e-05,8.367075874534133e-05,8.947122312383404e-05,7.429135266301135e-05
2021-04-14,9.576811066605394e-05,5.624728013480702e-05,0.0001676885607379852,7.810586853117924e-05,7.299372310564535e-05,9.206055845168531e-05,6.987427514890224e-05
2021-04-15,5.62418219007526e-05,9.576811066605394e-05,0.00016337333373366933,0.00010457125564411623,0.00013031266842735892,0.00010859537078992277,9.709255250341343e-05
2021-04-16,6.305164658287653e-05,5.62418219007526e-05,0.0001569454430236943,7.960734549616965e-05,7.464900817596754e-05,0.00011246514525001505,8.989388199589813e-05
2021-04-19,0.00011483877610523027,6.305164658287653e-05,0.00015131181523724523,8.412492063271403e-05,7.319325020257341e-05,9.512952488747396e-05,8.045196536640679e-05
2021-04-20,0.00012404679372632224,0.00011483877610523027,0.00014912343288932435,0.00011861098500055218,0.0001261959560842202,0.00010547043868802021,9.956402115846734e-05
2021-04-21,7.881220028189224e-05,0.00012404679372632224,0.00014761883453954424,0.00012976082691868,0.00015170945640178874,0.00012211006747000583,0.0001253293022494377
2021-04-22,0.00014338487784469137,7.881220028189224e-05,0.00014349043648408512,0.000101121387999539,9.482638162109512e-05,0.00011951760650611546,0.00011305641251983094
2021-04-23,4.9712824603497004e-05,0.00014338487784469137,0.00014348410296572152,0.0001468086099688731,0.00016421112764418403,0.00012388286228867548,0.00012579070260322248
2021-04-26,3.5635622768315114e-05,4.9712824603497004e-05,0.00013785782626398805,8.305058924108464e-05,7.806096886083227e-05,0.00011790042449326654,0.00011295407493865607
2021-04-27,3.979107457234307e-05,3.5635622768315114e-05,0.00013172449405424768,6.425567284481705e-05,6.297824433805107e-05,0.0001072734875566092,0.00010119691472177887
2021-04-28,8.592233379080448e-05,3.979107457234307e-05,0.0001262084888853334,6.277891954569028e-05,7.491745026550477e-05,9.970468564307334e-05,9.934727826266218e-05
2021-04-29,8.740748917393526e-05,8.592233379080448e-05,0.00012379131957966166,9.390873657113032e-05,7.973224199162501e-05,8.49819555205975e-05,8.840673905373568e-05
2021-04-30,8.714054789316225e-05,8.740748917393526e-05,0.00012160828975531809,9.156118529750016e-05,8.809984091275756e-05,7.552069235515427e-05,8.148008332325704e-05
2021-05-03,8.13416174183951e-05,8.714054789316225e-05,0.00011954022524358874,9.492069604517562e-05,0.00010336361760975353,7.612115353079768e-05,8.474743857684717e-05
2021-05-04,0.00014171158431218508,8.13416174183951e-05,0.00011724830877407712,9.67812909642691e-05,0.00010733117774107034,7.705167452972453e-05,8.800941310573e-05
2021-05-05,0.00012491766138821877,0.00014171158431218508,0.00011871610530636361,0.00014155708574252842,0.00019782295783797994,0.00015046974054528555,0.0001749850885433353
2021-05-06,0.00019479930627149436,0.00012491766138821877,0.00011908819867127494,0.00013624110425184451,0.00013411153979518394,0.00012922578226363685,0.00015590741466475433
2021-05-07,0.00017745561756525054,0.00019479930627149436,0.00012363086512728812,0.00018145099340152921,0.00016210196515142194,0.00011765570746297625,0.00013756750794509785
2021-05-10,0.00013023199577338142,0.00017745561756525054,0.0001268603502735659,0.00018165602811679544,0.0001577378474447618,0.00010625879610450721,0.00012177776585428732
2021-05-11,0.0003439639308713034,0.00013023199577338142,0.00012706264900355483,0.00016001428268681278,0.00028405288861193276,0.0002763148505899832,0.00032348472343857036
2021-05-12,0.00034533179901594064,0.0003439639308713034,0.0001400767259156198,0.0002824477687228907,0.00025073801635174084,0.00022625193827341227,0.0002772788599952826
2021-05-13,0.0002995898506117915,0.00034533179901594064,0.0001523920303016391,0.00030417234006777837,0.00039030966832722975,0.00033848028094864645,0.00041493087093626683
2021-05-14,0.00011917399267770094,0.0002995898506117915,0.0001612238995202483,0.0002921394655917521,0.0002656569942846016,0.00028712918727116657,0.00035596797190129843
2021-05-17,0.00014442384802449784,0.00011917399267770094,0.00015870090510969545,0.0001763907181022827,0.00016735548660290735,0.000320097310612742,0.00031814975626892215
2021-05-18,9.58382306540209e-05,0.00014442384802449784,0.0001578442816845836,0.0001968009946554923,0.00020643904351127417,0.0002735899477170449,0.0002864872982571433
2021-05-19,0.0002742926212206886,9.58382306540209e-05,0.00015412391862274985,0.00014634868334708495,0.00018303053007279698,0.0002477892030603136,0.0002728190426924665
2021-05-20,9.791491078336691e-05,0.0002742926212206886,0.0001613340407786262,0.0002495486025068935,0.00021548701299516174,0.00020316116168073433,0.00023441184537172186
2021-05-21,0.00010248757631392777,9.791491078336691e-05,0.00015752889297891066,0.00013563114436711949,0.00012534757403418685,0.00023025643492835153,0.00021222269429844204
2021-05-24,5.537989552946086e-05,0.00010248757631392777,0.0001542264139790117,0.0001376168196008075,0.0001492387863420618,0.00019922688424892982,0.00019432359170854375
2021-05-25,7.002601168952845e-05,5.537989552946086e-05,0.00014829562287203864,9.355384095929113e-05,9.029157001110775e-05,0.00021077141501499322,0.00017588186699764568
2021-05-26,3.672068550290929e-05,7.002601168952845e-05,0.00014359944620108805,0.00010362040852405996,9.869474837700087e-05,0.00017362949121736695,0.0001528174772148787
2021-05-27,6.112715744656104e-05,3.672068550290929e-05,0.00013718672055919732,6.488644822671006e-05,6.376585273371246e-05,0.00014403103698047793,0.00013343109712399997
2021-05-28,3.0400178043360776e-05,6.112715744656104e-05,0.00013262314677243915,8.206769537544669e-05,7.688065365679187e-05,0.00012161499159751767,0.0001182711478302739
2021-05-31,9.615057228643008e-06,3.0400178043360776e-05,0.00012648976864869445,5.252424176907336e-05,5.095690703604871e-05,0.00010334137716373603,0.00010512095525246924
2021-06-01,5.563189921849672e-05,9.615057228643008e-06,0.00011947728596349134,2.555904908461503e-05,3.703411042806168e-05,9.123824804373267e-05,9.670251963280373e-05
2021-06-02,4.660570517570369e-05,5.563189921849672e-05,0.00011564656275879167,6.257566250219783e-05,5.610277957609935e-05,7.908010631429132e-05,8.695383766565734e-05
2021-06-03,0.0001119455686680638,4.660570517570369e-05,0.00011150411130380639,5.7886598197855455e-05,5.189637620547422e-05,6.848578249390144e-05,7.797908309118552e-05
2021-06-04,8.568322748572587e-05,0.0001119455686680638,0.00011153059874566184,9.49144458122478e-05,0.00010780275397858616,8.904497099560983e-05,0.00010306754132511387
2021-06-07,4.378882472229343e-05,8.568322748572587e-05,0.00010997975647006569,8.83590400063174e-05,8.058245593795863e-05,0.00011912519677695706,9.848833845855072e-05
2021-06-08,7.378582974639911e-05,4.378882472229343e-05,0.00010600830056519935,6.860452748356633e-05,6.699126394154978e-05,0.00010151079076472227,8.78922316707301e-05
2021-06-09,3.7341328311236196e-05,7.378582974639911e-05,0.00010407495231607133,9.1418521816247e-05,8.637262686106716e-05,8.761492526367013e-05,7.988214691096459e-05
2021-06-10,9.940438753294187e-05,3.7341328311236196e-05,0.00010007093487578122,6.300736032307781e-05,6.273740864318759e-05,7.591615503522333e-05,7.25268420284697e-05
2021-06-11,3.0215672818263303e-05,9.940438753294187e-05,0.00010003094203521088,0.00010357674384517312,9.254807159667009e-05,8.36616653263743e-05,6.878039045178787e-05
2021-06-14,3.9893909631962004e-05,3.0215672818263303e-05,9.584202588219402e-05,5.170321958461492e-05,5.128049161856487e-05,7.21633250337784e-05,6.2675605878607e-05
2021-06-15,5.013188071237432e-05,3.9893909631962004e-05,9.248513890718009e-05,5.9007637837854764e-05,5.6704528608471134e-05,7.234166622423959e-05,5.913896771788413e-05
2021-06-16,0.00015421459262744406,5.013188071237432e-05,8.994394341549174e-05,6.459947066721262e-05,7.471912459173512e-05,7.213881988455481e-05,6.430839550018803e-05
2021-06-17,0.00011588727632373261,0.00015421459262744406,9.380018236820889e-05,0.0001272103095750899,0.00013252890533621122,7.953993000883475e-05,7.727112391662135e-05
2021-06-18,0.00011622524955591176,0.00011588727632373261,9.512540800554033e-05,0.00011084283280897984,9.977693508910417e-05,0.00011587742569959942,7.74691848417171e-05
2021-06-21,0.00010851548806917907,0.00011622524955591176,9.639139849856263e-05,0.00012103089512703014,0.00014814742216348858,0.00013063385305250657,0.00010698433918534233
2021-06-22,4.5379555058337936e-05,0.00010851548806917907,9.711884387279963e-05,0.0001248112545776596,0.00011669166886349329,0.00011787244460349696,9.624389943682476e-05
2021-06-23,4.6021223722673795e-05,4.5379555058337936e-05,9.401448654393193e-05,7.863912266155004e-05,7.694246350441764e-05,0.00010994365855208392,8.757319808300419e-05
2021-06-24,3.0393441860734903e-05,4.6021223722673795e-05,9.113489077465646e-05,7.309242592536727e-05,6.924638938285164e-05,9.348751722452667e-05,7.876062075678458e-05
2021-06-25,3.4103054694208806e-05,3.0393441860734903e-05,8.749040383982117e-05,5.380040358405951e-05,5.21163645173573e-05,8.307792355875656e-05,7.163788757234692e-05
2021-06-28,3.3356045334933246e-05,3.4103054694208806e-05,8.428716289108442e-05,5.266146755294444e-05,5.337641555832615e-05,7.435274971806013e-05,6.774714652675941e-05
2021-06-29,2.180379518986632e-05,3.3356045334933246e-05,8.123129583771536e-05,4.806876858209533e-05,4.275210667447525e-05,8.399459852738696e-05,6.501261122324816e-05
2021-06-30,3.107944900155289e-05,2.180379518986632e-05,7.766564579884442e-05,3.66843241621872e-05,3.562893534643067e-05,7.481265183331312e-05,5.9950604928311165e-05
2021-07-01,4.020413174941511e-05,3.107944900155289e-05,7.487047399100692e-05,4.31238765326833e-05,4.558382975225474e-05,6.746229934912547e-05,5.759396955209725e-05
2021-07-02,3.0386300254129218e-05,4.020413174941511e-05,7.279049345651141e-05,5.0164732600106064e-05,4.838575902083582e-05,6.0765932884020296e-05,5.47259629020184e-05
2021-07-05,5.692638888284828e-06,3.0386300254129218e-05,7.024624186436846e-05,4.298965906108055e-05,4.026246973062409e-05,6.936377426511463e-05,5.3442408836415766e-05
2021-07-06,5.873407413912688e-05,5.692638888284828e-06,6.637302568580343e-05,1.588171742645074e-05,1.869151642404198e-05,6.176973429235069e-05,5.069753974588504e-05
2021-07-07,7.287197691497406e-05,5.873407413912688e-05,6.591468859300284e-05,5.693529207668331e-05,4.893647711017661e-05,5.622407675618789e-05,4.775684457650885e-05
2021-07-08,0.00018157313093212417,7.287197691497406e-05,6.633212589232112e-05,6.747679102500951e-05,5.899969904968152e-05,5.055381272977676e-05,4.505776782995052e-05
2021-07-09,5.3121681221974137e-05,0.00018157313093212417,7.324658619470933e-05,0.00012010392155930808,0.00011732236462373115,5.864849053236915e-05,5.688604867601288e-05
2021-07-12,3.0618329430102254e-05,5.3121681221974137e-05,7.203909189634522e-05,6.587904312109763e-05,6.224375027200542e-05,5.682389119200222e-05,5.3487825105814305e-05
2021-07-13,9.141700203789712e-05,3.0618329430102254e-05,6.955384614837064e-05,5.5102610530793864e-05,5.3670676466286476e-05,5.17824583687965e-05,5.001866272269e-05
2021-07-14,7.89200916770653e-05,9.141700203789712e-05,7.086563550174225e-05,0.00010048237410821034,9.048040572487156e-05,4.794907580858037e-05,4.803561183396162e-05
2021-07-15,0.0001436979842653898,7.89200916770653e-05,7.134890287226165e-05,9.377819751851228e-05,8.425873407865998e-05,4.364788439489409e-05,4.5227701323923766e-05
2021-07-16,7.270381520897694e-05,0.0001436979842653898,7.568984775584935e-05,0.00012646392796036285,0.0001330693630024233,5.8570059439824356e-05,6.324274134651253e-05
2021-07-19,0.0001698668853325582,7.270381520897694e-05,7.551068580303701e-05,9.042231868286156e-05,0.00010664066122680364,6.742924785373104e-05,7.490996718338602e-05
2021-07-20,0.00010016405102453067,0.0001698668853325582,8.117205777480831e-05,0.00015754022103831448,0.00015967398161881213,6.744955809619182e-05,7.671448486360518e-05
2021-07-21,4.8595755885344095e-05,0.00010016405102453067,8.231157736979167e-05,0.00012040630449503883,0.00011039633802748117,6.887016321271337e-05,7.100205282493323e-05
2021-07-22,3.960867647824268e-05,4.8595755885344095e-05,8.028862808072481e-05,7.989345664045725e-05,7.71676503959478e-05,6.702021650457026e-05,6.57052987965184e-05
2021-07-23,3.3367194307724005e-05,3.960867647824268e-05,7.78478309845759e-05,6.595189038145305e-05,6.384170502953043e-05,6.861082706725249e-05,6.174998873599712e-05
2021-07-26,4.302650422711668e-05,3.3367194307724005e-05,7.517899278396478e-05,5.725022255743633e-05,5.385508960413362e-05,6.700636225984295e-05,5.795026771247579e-05
2021-07-27,0.00015597987642887684,4.302650422711668e-05,7.32498434705539e-05,5.973015382452337e-05,5.6953625393805734e-05,5.883233111823565e-05,5.356230854668071e-05
2021-07-28,0.0001306021287139993,0.00015597987642887684,7.82136454480533e-05,0.00012062872350776288,0.00014871143964116136,0.00011163901216569414,0.00011767422373919061
2021-07-29,7.176277328934004e-05,0.0001306021287139993,8.135695444401008e-05,0.00011790427431815278,0.0001032599206500106,9.936300405176416e-05,0.0001046891472260986
2021-07-30,8.046770135426923e-05,7.176277328934004e-05,8.07813035747299e-05,9.016488084632588e-05,9.184234318739681e-05,9.331775493184058e-05,0.00010220438504413246
2021-08-02,5.148053710562535e-05,8.046770135426923e-05,8.076248744150227e-05,0.00010170965938874918,9.357455464074126e-05,8.0581058605995e-05,9.096064141526377e-05
2021-08-03,9.987536561062962e-05,5.148053710562535e-05,7.900557042134966e-05,8.166957642307769e-05,8.287211437505908e-05,7.062463776417661e-05,8.217321503936773e-05
2021-08-04,3.7740445557773844e-05,9.987536561062962e-05,8.025775813270646e-05,0.00011228929676129758,9.916374521169696e-05,6.37151549690453e-05,7.432076857363009e-05
2021-08-05,1.779398302610246e-05,3.7740445557773844e-05,7.770671937821052e-05,6.275112022918897e-05,6.19837127904207e-05,5.6552550002919805e-05,6.74185204608497e-05
2021-08-06,3.1205084254819434e-05,1.779398302610246e-05,7.411195519708404e-05,3.858563789695898e-05,3.873997059618648e-05,5.400646690876933e-05,6.21610965653264e-05
2021-08-09,3.712804542505611e-05,3.1205084254819434e-05,7.153754294054816e-05,4.840333407234179e-05,5.596330267344374e-05,5.841184080341803e-05,6.787995316262224e-05
2021-08-10,4.4419402600915255e-05,3.712804542505611e-05,6.947297308961862e-05,5.159892050719544e-05,4.853730270756815e-05,5.2038738944346575e-05,6.193944699738289e-05
2021-08-11,5.9262635177170514e-05,4.4419402600915255e-05,6.796975886029642e-05,5.365559055734377e-05,6.0444336844566155e-05,5.616601697311658e-05,6.692912830468398e-05
2021-08-12,3.044966230537989e-05,5.9262635177170514e-05,6.744733143930887e-05,6.433780277326822e-05,6.27023970754162e-05,5.397810010411735e-05,6.49937248472848e-05
2021-08-13,1.9844272211576256e-05,3.044966230537989e-05,6.522747129127313e-05,4.7012154962460774e-05,4.588065525243892e-05,5.000351805967778e-05,5.9788753065542146e-05
2021-08-16,5.213353710194011e-05,1.9844272211576256e-05,6.25044793464913e-05,3.637697871585284e-05,3.3965534228055034e-05,4.550406994365742e-05,5.516754627335645e-05
2021-08-17,9.050754842039421e-05,5.213353710194011e-05,6.188222281181825e-05,6.125793934087972e-05,5.706964761827427e-05,4.185462126338133e-05,5.131643156733186e-05
2021-08-18,8.041674101380588e-05,9.050754842039421e-05,6.359974234833281e-05,8.557002676906607e-05,0.00010511456312866391,6.958576914961437e-05,8.270483209112209e-05
2021-08-19,0.00013578451596592462,8.041674101380588e-05,6.460876226826121e-05,8.192851312804046e-05,9.535011547974222e-05,8.286644878302981e-05,9.891095939367308e-05
2021-08-20,5.7964660481567146e-05,0.00013578451596592462,6.887930749012103e-05,0.00011882539134877423,0.00010404675260455984,7.65727919802558e-05,8.892669438030122e-05
2021-08-23,2.6939476387082093e-05,5.7964660481567146e-05,6.82244286696078e-05,8.20053490538579e-05,7.807439236145477e-05,8.008733190027667e-05,8.192015490614615e-05
2021-08-24,2.204049494098154e-05,2.6939476387082093e-05,6.574733153265626e-05,5.266531243487669e-05,5.2856360507199854e-05,0.00010490468640072799,7.956100345701315e-05
2021-08-25,2.256000842136062e-05,2.204049494098154e-05,6.312492133715578e-05,4.3169348626655674e-05,4.386689547870892e-05,8.91034994268967e-05,7.175834782993577e-05
2021-08-26,4.2954051822079663e-05,2.256000842136062e-05,6.069102656220807e-05,4.009817716651547e-05,4.00902148606139e-05,7.710804315034867e-05,6.56932039266568e-05
2021-08-27,4.5585242237351785e-05,4.2954051822079663e-05,5.962680807780037e-05,5.1725964616737856e-05,6.030610797823685e-05,7.541227956536751e-05,6.922473276783296e-05
2021-08-30,2.54050598827772e-05,4.5585242237351785e-05,5.878431412737345e-05,5.2342950014410165e-05,4.649916466143e-05,7.585335405895556e-05,6.48007602556579e-05
2021-08-31,4.750728106791602e-05,2.54050598827772e-05,5.678155887269767e-05,3.836380047829313e-05,3.629329540114778e-05,8.328770991427184e-05,6.22256108239988e-05
2021-09-01,3.275131837224804e-05,4.750728106791602e-05,5.622510220441078e-05,5.578122919400612e-05,4.975087360031414e-05,7.266205789562558e-05,5.7864677424852494e-05
2021-09-02,2.5713761225742284e-05,3.275131837224804e-05,5.481667517448102e-05,4.706294038525415e-05,4.409843965812642e-05,6.366150747726011e-05,5.3696178730885034e-05
2021-09-03,5.217511853223535e-05,2.5713761225742284e-05,5.3070500337556697e-05,3.9958674029827564e-05,3.98690040648074e-05,5.713829868274332e-05,5.082968335143305e-05
2021-09-06,4.5475929812189116e-06,5.217511853223535e-05,5.301677742923742e-05,5.8283531342291276e-05,5.2380123891311296e-05,5.148461434874901e-05,4.768214169829835e-05
2021-09-07,3.623324549763331e-05,4.5475929812189116e-06,5.010862636235631e-05,1.4585273551640914e-05,1.5814246077744734e-05,4.666474566206832e-05,4.497390390848081e-05
2021-09-08,6.313194687495854e-05,3.623324549763331e-05,4.927610351047293e-05,4.212787489086022e-05,4.257344986874834e-05,4.506679781322004e-05,4.506738997353807e-05
2021-09-09,5.466708925440235e-05,6.313194687495854e-05,5.0107454112342076e-05,5.879783586681571e-05,5.786343267379654e-05,4.762263078853635e-05,4.937623986259457e-05
2021-09-10,4.546069984889465e-05,5.466708925440235e-05,5.03810322208657e-05,5.738392489263761e-05,5.762825189575146e-05,4.770451276350133e-05,5.082281162320046e-05
2021-09-13,8.501500719185234e-05,4.546069984889465e-05,5.008581227854744e-05,5.1628144892486736e-05,6.334498819446401e-05,5.867863188544708e-05,6.436827940380529e-05
2021-09-14,8.061374842821323e-05,8.501500719185234e-05,5.218156397334574e-05,8.698885493332539e-05,7.727986490670443e-05,5.257006103267652e-05,5.92333949300204e-05
2021-09-15,5.802323041127536e-05,8.061374842821323e-05,5.3887495040637796e-05,8.958582505259922e-05,8.524864806268185e-05,5.3016271356787526e-05,6.063311447633476e-05
2021-09-16,5.303472361934048e-05,5.802323041127536e-05,5.413563916287606e-05,7.512256058842388e-05,7.167790868136224e-05,5.406650131394854e-05,5.692923173269926e-05
2021-09-17,8.34388777136978e-05,5.303472361934048e-05,5.4069584230263926e-05,7.143689822915628e-05,7.029590292633142e-05,4.970873639970039e-05,5.378598522324774e-05
2021-09-20,0.00017119568449754113,8.34388777136978e-05,5.5831741839269966e-05,9.410951422734016e-05,0.00013222050096951013,9.079731797970635e-05,0.00010209694044696745
2021-09-21,0.00017846450615461822,0.00017119568449754113,6.275357839876626e-05,0.00014327295176148165,0.00019394190299313393,0.00016040971922600699,0.0001856367599797355
2021-09-22,0.00011853947421321535,0.00017846450615461822,6.96962340641174e-05,0.00015481427612888253,0.0001341967734143472,0.000134021873978628,0.0001615331001637265
2021-09-23,8.876118201858112e-05,0.00011853947421321535,7.26268284730633e-05,0.00013180410106109104,0.00012252692145709894,0.00013311773253873614,0.00014418648749935353
2021-09-24,8.137862290484797e-05,8.876118201858112e-05,7.359488968579438e-05,0.00011782834212742293,0.00010863330146922888,0.00011796609203877224,0.00012724398511528497
2021-09-27,0.00010735556997169173,8.137862290484797e-05,7.406191367893761e-05,0.00011287872251167889,0.00010473907779241518,9.952267610238224e-05,0.000111876793729523
2021-09-28,0.00019707631524543926,0.00010735556997169173,7.605953305650287e-05,0.00012674162888378328,0.00015504699692827782,0.00010974222883732698,0.0001268936455861136
2021-09-29,0.00019313952091189985,0.00019707631524543926,8.332053998783907e-05,0.0001756789778219171,0.00026528633034564997,0.0002484641704957217,0.00029185977421369223
2021-09-30,0.00017625233118652211,0.00019313952091189985,8.990967884328274e-05,0.00018064045211004217,0.00016485030373157366,0.0002044536235211068,0.0002510772971373956
2021-10-01,0.00020273841003584178,0.00017625233118652211,9.509023798387712e-05,0.00018095071982110982,0.00018659741011396838,0.00017717063796191044,0.0002253731517967179
2021-10-04,0.00025988832420624703,0.00020273841003584178,0.00010154912830699503,0.00020783031825472796,0.00018808383754463005,0.0001498635041023057,0.000195029595919815
2021-10-05,0.00012195377024009804,0.00025988832420624703,0.0001110494800609502,0.0002524147150086139,0.0003260696647324041,0.00021349579661345092,0.00027078657064643616
2021-10-06,0.00025344197664172596,0.00012195377024009804,0.00011170373747169908,0.00016548165146688162,0.00015872168229024837,0.00019482141919655813,0.000235858329418371
2021-10-07,7.174122174554357e-05,0.00025344197664172596,0.00012020803182190074,0.00024935435313865273,0.00022512316670610333,0.0001662240603945542,0.00020423345688312837
2021-10-08,0.0001495096074745499,7.174122174554357e-05,0.00011730002321731932,0.00012223046816442734,0.00011975433961899243,0.00014609716236751785,0.00017806163280810155
2021-10-11,0.00010145792480172178,0.0001495096074745499,0.00011923259827275318,0.00017588604996608714,0.0001772918677647159,0.00013242152955708687,0.00016599405031616964
2021-10-12,0.00016141329913427546,0.00010145792480172178,0.00011816611786449131,0.0001353870373996743,0.00016347040568904752,0.00012955582996349832,0.00016502727867654307
2021-10-13,0.0001189457690527351,0.00016141329913427546,0.00012076094874067836,0.00017620883820070163,0.00018707107648837143,0.00011991999015491744,0.00015582071881925204
2021-10-14,3.890538778203349e-05,0.0001189457690527351,0.00012065203795940179,0.00014318002481397034,0.00013325568334585046,0.0001183130102057894,0.00013880671745577635
2021-10-15,6.184477272236689e-05,3.890538778203349e-05,0.00011574723894875969,7.677975259452199e-05,7.638541238216079e-05,0.00016092539288271025,0.00013150347473543878
2021-10-18,5.491153270017614e-05,6.184477272236689e-05,0.00011251309097517612,9.216686172068069e-05,8.914677039964373e-05,0.00013593776594163345,0.00011586320792183363
2021-10-19,5.1306682103530464e-05,5.491153270017614e-05,0.00010905699747867612,8.321094664721905e-05,8.065324417594742e-05,0.00012496536548507587,0.00010418340609013422
2021-10-20,4.3192217888800985e-05,5.1306682103530464e-05,0.00010559197855616738,7.436088686972844e-05,7.151151102004587e-05,0.00011221047390265552,9.36999143282081e-05
2021-10-21,5.521289548704152e-05,4.3192217888800985e-05,0.0001018479929161254,6.333532173605847e-05,7.039008844394273e-05,0.00010011485639642572,8.907597854300201e-05
2021-10-22,7.553913243635441e-05,5.521289548704152e-05,9.904988707038036e-05,7.337654395001612e-05,6.942411073613161e-05,8.527344974867302e-05,7.975342190099306e-05
2021-10-25,5.804828757276362e-05,7.553913243635441e-05,9.76392417923388e-05,8.738327886302706e-05,9.11801132693121e-05,7.909773302801453e-05,7.78779193739976e-05
2021-10-26,8.763332571986741e-05,5.804828757276362e-05,9.526378453916429e-05,7.639201285906048e-05,6.555515010108761e-05,9.746830959401299e-05,7.50952212004184e-05
2021-10-27,7.753897895436957e-05,8.763332571986741e-05,9.480595701000649e-05,9.80460592572191e-05,9.050315240510764e-05,8.505490205888903e-05,6.981331153171238e-05
2021-10-28,8.030366938970905e-05,7.753897895436957e-05,9.376993832666828e-05,9.553943882804203e-05,8.622786935551549e-05,7.462873742173612e-05,6.381358132328673e-05
2021-10-29,4.9234645036238754e-05,8.030366938970905e-05,9.296196219045073e-05,9.946385051502175e-05,8.61104217052749e-05,6.674848988502844e-05,5.884072497187181e-05
2021-11-01,4.943760860582426e-05,4.9234645036238754e-05,9.033832316119801e-05,7.468444626943001e-05,7.054064435297061e-05,7.871532316107362e-05,5.76440665301048e-05
2021-11-02,5.133119846247067e-05,4.943760860582426e-05,8.788428028787558e-05,7.377273943706548e-05,7.17499601474684e-05,6.818937754493025e-05,5.3299431974404685e-05
2021-11-03,5.310858876014692e-05,5.133119846247067e-05,8.569109537835128e-05,7.231721738695663e-05,6.720599298267172e-05,6.105361060139696e-05,4.9895223380173194e-05
2021-11-04,6.125256710111873e-05,5.310858876014692e-05,8.373614498125903e-05,7.144892853460878e-05,6.61856370498207e-05,6.923258116007799e-05,4.9318334791442925e-05
2021-11-05,8.106441031178715e-05,6.125256710111873e-05,8.238713030845062e-05,7.542525511224321e-05,6.895697571243977e-05,8.30228473762727e-05,5.00038608179801e-05
2021-11-08,5.3398277578192154e-05,8.106441031178715e-05,8.230776710865082e-05,8.985939567640928e-05,8.324264341967278e-05,7.197678024305177e-05,4.7120870730921274e-05
2021-11-09,0.00011795964039979394,5.3398277578192154e-05,8.057319773682331e-05,7.264474758243934e-05,6.953179873942579e-05,6.465156189264588e-05,4.6210013785151304e-05
2021-11-10,0.00013321768953064087,0.00011795964039979394,8.281638429660157e-05,0.00011576559407740976,0.000124766372421208,7.35074835565948e-05,6.197484090612948e-05
2021-11-11,5.590884215790973e-05,0.00013321768953064087,8.584046261064394e-05,0.00013114833692323441,0.00016212011798956574,0.00010516947027578264,0.00010362251388061707
2021-11-12,6.313466507300556e-05,5.590884215790973e-05,8.404456538347989e-05,8.276973607650149e-05,7.663529072845669e-05,8.959782482514471e-05,9.207118658450824e-05
2021-11-15,6.826925079182937e-05,6.313466507300556e-05,8.278997136485144e-05,8.655606168691205e-05,8.173809458065679e-05,9.018249811006037e-05,8.451775081092694e-05
2021-11-16,5.472271601063915e-05,6.826925079182937e-05,8.191872813047011e-05,9.177387807015271e-05,8.455629939733278e-05,7.822320903603569e-05,7.668443449597904e-05
2021-11-17,4.137898388382752e-05,5.472271601063915e-05,8.028696740328027e-05,7.773611954486502e-05,7.45645057761671e-05,7.101893433798252e-05,6.991160077480028e-05
2021-11-18,6.37736487299017e-05,4.137898388382752e-05,7.795248839211312e-05,6.217984355526244e-05,6.00292209083345e-05,6.204482566162066e-05,6.362421998688178e-05
2021-11-19,6.121136443415367e-05,6.37736487299017e-05,7.710175801238044e-05,7.857815159982813e-05,7.209458533932872e-05,7.086315026737583e-05,6.100884113497755e-05
2021-11-22,0.00011686467912399026,6.121136443415367e-05,7.614833439768683e-05,7.684518143549312e-05,7.080260212852044e-05,6.38470355418483e-05,5.649812432361911e-05
2021-11-23,0.00024112814420825185,0.00011686467912399026,7.859131508126505e-05,0.00011166475105704821,0.0001363765074503219,8.764533855176023e-05,8.764952378788534e-05
2021-11-24,0.00014162031456562847,0.00024112814420825185,8.834352482888431e-05,0.00018004898473863935,0.00017035550212059943,8.69995027852866e-05,9.130298696948074e-05
2021-11-25,1.2369767337910277e-05,0.00014162031456562847,9.154013221308897e-05,0.00014852010065382674,0.0001321456112415816,7.527545723308638e-05,8.1737351486542e-05
2021-11-26,0.0002235590051299548,1.2369767337910277e-05,8.678991032057825e-05,3.73387952553168e-05,4.039567587073273e-05,6.571508341282452e-05,7.364784237524402e-05
2021-11-29,9.544732740757047e-05,0.0002235590051299548,9.499605600914087e-05,0.00018353621343225146,0.0002447236276779832,0.00016822355352431764,0.0001942253094421171
2021-11-30,0.00025380031726389456,9.544732740757047e-05,9.502313229304666e-05,0.00011644458453359561,0.00010941225885672626,0.00022428618731026685,0.00018187959228185583
2021-12-01,0.00027626388610349153,0.00025380031726389456,0.00010454976339129758,0.00019514997084040686,0.0002051115235828075,0.000213883606913409,0.00019106386180606133
2021-12-02,0.00042990067612272073,0.00027626388610349153,0.00011485261075402926,0.00021424687199283473,0.0002781606008050816,0.0002972417042174312,0.0003056243798567804
2021-12-03,0.00040461239574882655,0.00042990067612272073,0.0001337554946761508,0.00034296402737397507,0.0002893917505975342,0.0002543055466911986,0.00026398746374525707
2021-12-06,0.00033425544953195847,0.00040461239574882655,0.00015000690874051142,0.0003477252711489775,0.00040415651177239413,0.0003022401633719341,0.0003351060045586956
2021-12-07,9.103939484891303e-05,0.00033425544953195847,0.00016106182118799827,0.0003438008728328248,0.00030302284850112723,0.0002597514488801046,0.0002890365841673668
2021-12-08,0.00010847070765345723,9.103939484891303e-05,0.00015686047560765313,0.0001635341181398416,0.0001622718365460098,0.00038606692341114736,0.00027570583624355986
2021-12-09,0.00011172533196386886,0.00010847070765345723,0.00015395708953040138,0.0001687464773849844,0.0001651367313571766,0.0003136296733314607,0.0002368775030610389
2021-12-10,0.00017997287861899674,0.00011172533196386886,0.00015142318407640945,0.0001567378793553619,0.00020793883736766586,0.0003006217019082242,0.00025521604181125097
2021-12-13,9.971746323610034e-05,0.00017997287861899674,0.00015313616574896472,0.00019049666821803273,0.0001613584453109164,0.0002589517881195378,0.00022187854596965353
2021-12-14,0.00019073010403642334,9.971746323610034e-05,0.00014993104359819283,0.00012963496347001942,0.00018195540118430073,0.00026056932546028025,0.00024676444040063096
2021-12-15,0.00027961233727693153,0.00019073010403642334,0.00015237898722448667,0.00019129102869635953,0.00020319304988465284,0.00024107818609855235,0.00024363262399534425
2021-12-16,0.0002472704785930385,0.00027961233727693153,0.0001600129882276334,0.000249462567078734,0.00022285849201638126,0.00027570874735248225,0.00022239471603911277
2021-12-17,0.00045038794199111164,0.0002472704785930385,0.00016524843764955774,0.00024775911405284183,0.00035100810766425174,0.00036222091068832636,0.00035029695163467183
2021-12-20,0.00026717562167438615,0.00045038794199111164,0.00018235680791005106,0.00036202638111834087,0.0003159638075295593,0.0002991312608587617,0.00030443024368370224
2021-12-21,0.00014480895128400877,0.00026717562167438615,0.0001874459367359112,0.0002958463002147263,0.00030974382741890137,0.0002692782854529446,0.0002891896595768692
2021-12-22,0.00010454941922310078,0.00014480895128400877,0.00018488771760879707,0.00021188459046387077,0.0002000248837884461,0.0002746931525170332,0.00025699914545756797
2021-12-23,4.563895921187874e-05,0.00010454941922310078,0.0001800674197056553,0.00016758539224756355,0.0001633472619806994,0.0002471990540835068,0.00022482254845404825
2021-12-27,5.409126346397889e-05,4.563895921187874e-05,0.00017200171207602872,9.695714368221752e-05,9.35101209035032e-05,0.00020913743813631312,0.00019512792813786422
2021-12-28,9.611460550809142e-05,5.409126346397889e-05,0.00016492708515930573,9.180237322499774e-05,8.759624052200309e-05,0.00021081730281130036,0.00017530401148526824
2021-12-29,6.771385904025091e-05,9.611460550809142e-05,0.0001607983363802329,0.00011638337515925398,0.00011471625473610935,0.00017893809218503084,0.0001578832819691622
2021-12-30,4.348529116228891e-05,6.771385904025091e-05,0.00015521326773983399,9.194036634668739e-05,8.45909088232251e-05,0.00015063346509232853,0.00014007840588368075
2021-12-31,7.954798528952102e-05,4.348529116228891e-05,0.00014850958914518127,6.876976780311058e-05,7.538043697861666e-05,0.000129996578209538,0.00012723509553822095
2022-01-03,0.00011694271002088569,7.954798528952102e-05,0.00014437189291384168,9.832954721669866e-05,0.00010963302460899794,,
2022-01-04,0.0001048864007746383,0.00011694271002088569,0.0001427261419402643,0.00012542618003872423,0.00010772521573761668,0.00010857416831105965,0.00010421556296772851
2022-01-05,0.0001677977935456081,0.0001048864007746383,0.00014045575747032675,0.00011873602656628316,0.0001690511272225724,0.00014018392833721629,0.00015079430165969152
2022-01-06,0.0003560356207268104,0.0001677977935456081,0.00014209627963484363,0.00015952229312181013,0.0002953991220533848,0.0003192958651544829,0.0003823102318040704
2022-01-07,0.00026173677295957714,0.0003560356207268104,0.0001549326401003617,0.00026797808984396505,0.00022484687656584726,0.0002589829076282787,0.00032477162190355926
2022-01-10,0.00027627348457397155,0.00026173677295957714,0.00016134088807191467,0.00024769883495305274,0.00028679332144179856,0.0002555853043496886,0.00033048837396073725
2022-01-11,0.00025294398852201624,0.00027627348457397155,0.00016823684386203813,0.00026973037523957344,0.00023641593946551782,0.0002087432070950328,0.0002815402742375053
2022-01-12,0.00016083113898500236,0.00025294398852201624,0.00017331927254163687,0.000273329384543914,0.00023845526493107374,0.00019530798174729325,0.00024283390400255564
2022-01-13,0.00019626208460164706,0.00016083113898500236,0.00017256998452823882,0.0002160896960492501,0.00019578688494494638,0.0001622218666770151,0.00020850507151701483
2022-01-14,0.0003349462058882645,0.00019626208460164706,0.00017399151053264334,0.000230939364367792,0.0003629978901140416,0.00026538098830355435,0.0003410697644064942
2022-01-17,5.532933587628042e-05,0.0003349462058882645,0.00018364879225398064,0.00030901872000741967,0.00027085308183491866,0.00022235084097898343,0.0002909264137261118
2022-01-18,0.00027268903540857744,5.532933587628042e-05,0.00017594962487131865,0.00011037986356365144,0.00013231159695153427,0.00018773229040009253,0.00025459124973667614
2022-01-19,0.00028522343888345446,0.00027268903540857744,0.00018175398950355423,0.00025113205404999196,0.0003207049335165519,0.00024551707664632275,0.0003294948888117999
2022-01-20,0.0002951752856023327,0.00028522343888345446,0.00018796215646634827,0.0002660801337419664,0.0003015546710209712,0.0002424201870767279,0.0003313107799407559
2022-01-21,0.0006891749709088342,0.0002951752856023327,0.00019439494421450736,0.0002779789232015544,0.0003402679700454622,0.00028975669010629243,0.00039476717899363493
2022-01-24,0.0012148085505646875,0.0006891749709088342,0.0002240817458161671,0.0004515411860812688,0.0004783507225483908,0.0003331300747971203,0.00045514622768350017
2022-01-25,0.0009840439559339123,0.0012148085505646875,0.0002835253541010785,0.0007400572169823856,0.0006028250041255953,0.00027364968272263883,0.0003859192317687314
2022-01-26,0.0013378890967424778,0.0009840439559339123,0.0003255564702110487,0.0007279085139709711,0.0009094159297149304,0.000550730554095103,0.0007367077130080264
2022-01-27,0.0008749838411731824,0.0013378890967424778,0.0003862964278029347,0.0009494913744308937,0.0007879964070180289,0.00047973682488611425,0.0006239267588723952
2022-01-28,0.0008279975208122978,0.0008749838411731824,0.00041561767260514965,0.0008242673868638342,0.0007785454831464747,0.00038932687323207774,0.000530238964274865
2022-01-31,0.00032375618786590016,0.0008279975208122978,0.0004403604634975787,0.0008173316980966659,0.0007246971676320537,0.00038970451536790064,0.00045491591520755586
2022-02-01,0.00028258283129870427,0.00032375618786590016,0.000433364206959678,0.00046772462325946117,0.0004355501046485539,0.0004568004998309793,0.0003978791082215607
2022-02-02,0.00044417193012312954,0.00028258283129870427,0.0004243173244200196,0.0004047689091481433,0.00038299840149853045,0.0004077402505929177,0.0003413613182121448
2022-02-03,0.0005279135918991736,0.00044417193012312954,0.0004255086007622063,0.00047793103126293513,0.000509116719331146,0.0003887533333865449,0.00036363589562650743
2022-02-04,0.0005004124640860912,0.0005279135918991736,0.0004316529002304244,0.0005083718531883038,0.0004363657268123396,0.00031986444845596426,0.00031593699041267755
2022-02-07,0.00031090527359987354,0.0005004124640860912,0.00043577847406176445,0.0004808159627514653,0.0004728400979291047,0.0002898559373166503,0.00030596844225253786
2022-02-08,0.00019873006089782573,0.00031090527359987354,0.00042828608203405105,0.00037566496366241506,0.00036943468541009134,0.0002391775427262653,0.0002648734105130084
2022-02-09,0.00011362482358843021,0.00019873006089782573,0.00041451272076587756,0.00029185754884037264,0.00027495628122521177,0.00020780652658668278,0.00022789512965251584
2022-02-10,0.000508584173642618,0.00011362482358843021,0.00039645944693523073,0.00020046672513490788,0.0001957886037722146,0.00023571798995459004,0.000201683330747554
2022-02-11,0.0004170206024550195,0.000508584173642618,0.000403186930537674,0.00043190937627865907,0.0004515570925623499,0.00031326705711907444,0.00032258434697697813
2022-02-14,0.0005167116065266787,0.0004170206024550195,0.0004040169508527148,0.00038688089201190757,0.0005364524355011563,0.00043549916698430355,0.0004997747421524353
2022-02-15,0.00022438611273612653,0.0005167116065266787,0.0004107786301931527,0.00044731223710752074,0.0003808588860538069,0.0003513836368643524,0.00042329566892364783
2022-02-16,0.00019345498961840008,0.00022438611273612653,0.00039959507914573113,0.0002936550462107384,0.00027037065582207457,0.00035992671719602105,0.00036568716364277946
2022-02-17,0.00022608037407936447,0.00019345498961840008,0.00038722667377409127,0.00028265983232810937,0.0002679773825866735,0.0002912926245178313,0.00031106496717711607
2022-02-18,0.00032709047995425065,0.00022608037407936447,0.0003775578957924077,0.0002906420941563507,0.0004967475017217841,0.00042253344546113017,0.0004956902203705189
2022-02-21,0.0002806522229431138,0.00032709047995425065,0.00037452985084211824,0.00034596268321127277,0.0003646739742009079,0.00037406664877182255,0.00045972193335913885
2022-02-22,0.0006161653849947505,0.0002806522229431138,0.00036889719316817804,0.00030768298025081724,0.0003329255252204647,0.00037546058112469333,0.00047900488025089073
2022-02-23,0.0003020253991358381,0.0006161653849947505,0.0003837332846777725,0.0004905314376080395,0.00041366748768953854,0.00032817569502599985,0.00040771844634433064
2022-02-24,0.0014304340565278256,0.0003020253991358381,0.0003788308115452565,0.0003486107947180561,0.000528969143925299,0.00046697047096358354,0.0005955108949200028
2022-02-25,0.0005388401064114047,0.0014304340565278256,0.0004419270062442109,0.0008701230545254397,0.0007043624955146155,0.0005281382714688864,0.0005161021534075547
2022-02-28,0.0006201664487673416,0.0005388401064114047,0.00044774179225424255,0.0005430582890025926,0.0004797218532665701,0.00048154412463697265,0.0004415503327009452
2022-03-01,0.00044490619373665976,0.0006201664487673416,0.00045808727164502855,0.000612971740641003,0.0005427414951015821,0.00038726976390984194,0.00037420984297928156
2022-03-02,0.00047696203089930773,0.00044490619373665976,0.0004572964069705265,0.0005054969349460374,0.0005490460702585868,0.0003551996833701617,0.0003694926236118676
2022-03-03,0.0003246797732408967,0.00047696203089930773,0.0004584763444062534,0.000539904601908242,0.0004620938743010855,0.0003060182854181724,0.00031578179544289054
2022-03-04,0.0005841241226119345,0.0003246797732408967,0.000450448550136332,0.00040379744978786533,0.0004256449696007135,0.00027214295348025337,0.00029751050748230083
2022-03-07,0.0004167512140595804,0.0005841241226119345,0.0004584690844848682,0.0005487934500182904,0.0005927852603311801,0.00029626094236482036,0.00034536383634793644
2022-03-08,0.0011661841959598033,0.0004167512140595804,0.000455966012259351,0.00044981480901564385,0.0006704055664070223,0.0005443622827653642,0.0006723754709630067
2022-03-09,0.000464404022993751,0.0011661841959598033,0.0004985791032813783,0.0008121662312866156,0.0007087656639443205,0.0004467165017283531,0.0005781678337281179
2022-03-10,0.0004615963888537539,0.000464404022993751,0.0004965285984641208,0.0005066036939606298,0.00045559621795007125,0.000667329666925744,0.0005150977378799573
2022-03-11,0.0004079814762083153,0.0004615963888537539,0.0004944326658874988,0.0005178428542719545,0.0005696380270195977,0.0005834341493807659,0.000495495870662914
2022-03-14,0.0005121588102351203,0.0004079814762083153,0.0004892455945067478,0.0004771729231650573,0.0005872878098557275,0.0005547364250905709,0.00052598065785344
2022-03-15,0.0003882968835436129,0.0005121588102351203,0.0004906203874504502,0.0005431805683585656,0.0006196840991223321,0.0005050964116316604,0.0005178526163562251
2022-03-16,0.0005258684685565475,0.0003882968835436129,0.00048448097721604,0.0004395404361589377,0.0003944468036868695,0.0005262601220515488,0.0004485064103975743
2022-03-17,0.0002906933500424555,0.0005258684685565475,0.0004869642266964705,0.0005174956902307554,0.00045613191305020004,0.000692998570884537,0.00040366387502774147
2022-03-18,0.00019335230559814067,0.0002906933500424555,0.00047518797409722965,0.0003712709257848578,0.0003436982732596157,0.0005551627086214695,0.000342667431093879
2022-03-21,0.0003391868070292278,0.00019335230559814067,0.00045827783398728433,0.00028737103013357426,0.00027323835505734347,0.0005589491066396477,0.00030170683754242566
2022-03-22,0.00015325502800116436,0.0003391868070292278,0.00045113237236980104,0.00037385554493910407,0.000333801352078356,0.00045196924489408655,0.00026134700695352325
2022-03-23,0.00019382892028863485,0.00015325502800116436,0.00043325973170768285,0.00023406018364146704,0.00021919514754546236,0.0004110358943463548,0.0002280454637474515
2022-03-24,0.00017033518324602282,0.00019382892028863485,0.00041889388302254,0.0002475067937124004,0.0003051759913671712,0.00037080970692782595,0.00024357422778794764
2022-03-25,0.00021170232846732875,0.00017033518324602282,0.000403980361035949,0.00022300368319329961,0.0002006012072465188,0.000362979017964885,0.00021462615119697347
2022-03-28,0.00019452318654185688,0.00021170232846732875,0.0003924436790818318,0.00025041699384617283,0.00023095897312066737,0.00029459340204339305,0.00018591206674798875
2022-03-29,0.00016354934992768945,0.00019452318654185688,0.0003805684495294333,0.00022998783625340587,0.00019988062136890974,0.00027398065315439277,0.00016398194825422723
2022-03-30,0.00014547488942690472,0.00016354934992768945,0.0003675473035533286,0.00021048381657536345,0.00019511640728329594,0.00026005098915956833,0.00014588906999789023
2022-03-31,0.00013996937943434694,0.00014547488942690472,0.00035422295870574317,0.00019373642144000823,0.00022176342694228508,0.0002285714232226929,0.00014687635710910552
2022-04-01,0.00015540553702858245,0.00013996937943434694,0.00034136774394945935,0.00018688888194549517,0.0002386315795621081,0.00022377303250952285,0.00017241411002977923
2022-04-04,8.712855625840807e-05,0.00015540553702858245,0.00033021001153420675,0.00019264367305778913,0.00019472617426880866,0.00019038883571413382,0.00015751272894662407
2022-04-05,0.00015969927563884746,8.712855625840807e-05,0.0003156251242176588,0.00013554044102800203,0.00012999990099891266,0.00022106195445668734,0.00014286913437656248
2022-04-06,0.0003741391483020588,0.00015969927563884746,0.0003062695733029302,0.00018380225933787905,0.00024534809758436073,0.00026566260843566313,0.00022851406894399946
2022-04-07,0.00026654059830616796,0.0003741391483020588,0.000310341747802878,0.00030169075114882626,0.00038450716405383776,0.0003448663874983503,0.0003548864995006357
2022-04-08,0.00019234568881907956,0.00026654059830616796,0.0003077136788330754,0.0002628779578352068,0.00023169746931552015,0.000279236857174857,0.00030188992177487546
2022-04-11,0.00022098335092065984,0.00019234568881907956,0.0003007915994322357,0.0002248019203846975,0.00028307775168512106,0.0002729282781043336,0.00031303951007631597
2022-04-12,0.00038390918947628225,0.00022098335092065984,0.00029600310452154114,0.0002554073576400055,0.00038296816565604403,0.0003320980317697644,0.0004022747494194314
2022-04-13,0.00017826990239812565,0.00038390918947628225,0.0003012774696188256,0.0003582114197407148,0.00030306345801196235,0.0002741292538097843,0.0003470683685534965
2022-04-14,0.00015847783968178197,0.00017826990239812565,0.0002938970155855836,0.00022993451170110396,0.00020645450796316446,0.0002730193598771285,0.0002998112291837942
2022-04-18,0.000274009800441944,0.00015847783968178197,0.0002857718650313555,0.0002088563435460128,0.0003243011833815294,0.0003306355286719243,0.0003893174683332825
2022-04-19,0.00029414206128125796,0.000274009800441944,0.0002850661411559908,0.00028213460958762985,0.00024185969911244906,0.0002703765017726179,0.0003308612749427344
2022-04-20,0.00025757706502920326,0.00029414206128125796,0.0002856106963635069,0.0002979286975607477,0.00025108514154281925,0.00023051151273421235,0.00028278819308889905
2022-04-21,0.000280954034084096,0.00025757706502920326,0.0002839286784834487,0.00027165123951837104,0.0002425494583968875,0.00019081983625456685,0.00024387370987736737
2022-04-22,0.000431100851570991,0.000280954034084096,0.00028375019981948755,0.0002921351030717608,0.00040711450460748403,0.00029264475049933705,0.00037640822033916494
2022-04-25,0.0005970751359294368,0.000431100851570991,0.00029259123892457785,0.0003888901900407105,0.0005288902089217718,0.00041683324920172336,0.0005417332854620985
2022-04-26,0.0004929000232819378,0.0005970751359294368,0.0003108602727448695,0.0004845137677674995,0.0004147680381440763,0.00037329144048143273,0.0004611624840702215
2022-04-27,0.0007250165514732473,0.0004929000232819378,0.00032178265777709365,0.00045537516089877206,0.0008452790743587158,0.0008671568613997524,0.00109870122356419
2022-04-28,0.0004753500604107222,0.0007250165514732473,0.000345976691398863,0.0005948818084844942,0.0005022540075088352,0.0008103807784497079,0.0009330591972555197
2022-04-29,0.00041583900136763917,0.0004753500604107222,0.0003537390935395746,0.0004968961224150375,0.00043063488991047295,0.0006609342663303971,0.0007856550266867513
2022-05-02,0.0008106567268771482,0.00041583900136763917,0.00035746508800925847,0.0004643524595354369,0.0005772771303825902,0.000734071232230857,0.0009159271885705925
2022-05-03,0.0004542726930931709,0.0008106567268771482,0.000384656586341332,0.0006701857981521907,0.0005753788110839091,0.0006077731303932006,0.0007719967790073499
2022-05-04,0.0006468024431997815,0.0004542726930931709,0.0003888335527464424,0.0004975026196625385,0.00044221621496806304,0.000489191571136622,0.0006501923244935135
2022-05-05,0.0005640238539618119,0.0006468024431997815,0.00040431168617364283,0.0005946766530660928,0.0005200384816921663,0.0005206427594584734,0.0005595548706316619
2022-05-06,0.000987540223944452,0.0005640238539618119,0.00041389441624093304,0.0005638704327210835,0.0009148079732544626,0.0008170886454427836,0.0009710227718134405
2022-05-09,0.0005718559788351492,0.000987540223944452,0.0004483131647031443,0.0007982917382518947,0.0007863500645685118,0.0007273730612969677,0.0009077292560865176
2022-05-10,0.0008402778554110242,0.0005718559788351492,0.00045572573355106465,0.0005910656090689316,0.0008051306295540748,0.0008504731001805346,0.0010980033614405725
2022-05-11,0.0012366400812841266,0.0008402778554110242,0.0004787988608626623,0.0007512702549715452,0.0006533795217109531,0.0006925169818865637,0.0009232967104069074
2022-05-12,0.001109751504295187,0.0012366400812841266,0.0005242693340879503,0.0009599093298167153,0.0010227165771434649,0.0006982092524708338,0.0009545343765817553
2022-05-13,0.000490196475328362,0.001109751504295187,0.0005593982643003847,0.0009529339584001391,0.0009058968300149589,0.0005898022337893406,0.0008398860604291285
2022-05-16,0.00045215205393826406,0.000490196475328362,0.0005552461569620633,0.0006003210989671781,0.0005197226918327664,0.0007426773739804121,0.0007302363174903186
2022-05-17,0.0003538057710849456,0.00045215205393826406,0.0005490605107806354,0.0005692116990164967,0.0006321531500292315,0.0006198172353769634,0.0006463613565856055
2022-05-18,0.000336878270667652,0.0003538057710849456,0.0005373452263988942,0.000476494455395951,0.0004222852695246279,0.0006137421762419041,0.000555470915079192
2022-05-19,0.000796107121634178,0.000336878270667652,0.0005253172090550197,0.0004282197023182429,0.0009994253755409293,0.0010914118607047083,0.0012204253989292954
2022-05-20,0.000557506802748691,0.000796107121634178,0.0005415646038097692,0.00065350374298872,0.0005589794596645753,0.0008697518716910859,0.0010244607331614888
2022-05-23,0.0005178847817684487,0.000557506802748691,0.0005425211357461047,0.000550348716443743,0.000508406548982992,0.0007028690504075199,0.0008706400623609109
2022-05-24,0.00046296182946596056,0.0005178847817684487,0.0005410429545074455,0.0005356026966550567,0.00047722548466168113,0.0006128675274931913,0.0007368266097393156
2022-05-25,0.0004960120048864557,0.00046296182946596056,0.0005363580870049564,0.0005145226606294471,0.000510774454873887,0.0005806951584218444,0.0007307321853656717
2022-05-26,0.00032221270165051514,0.0004960120048864557,0.0005339373220778464,0.0005459136761569038,0.0004720843871909578,0.00047035409516453487,0.000615994762249477
2022-05-27,0.00022595404438372583,0.00032221270165051514,0.0005212338448522065,0.0004127370345646186,0.0003819915462407146,0.0005263804277810965,0.0005328111478715057
2022-05-30,6.535503156891003e-05,0.00022595404438372583,0.0005035170568240976,0.00032376255560026497,0.00030565944895442177,0.0006446124995658137,0.0004698140763941655
2022-05-31,0.00046757859817767695,6.535503156891003e-05,0.0004772273353087863,0.0001494562813353935,0.0001445927451974643,0.0005216026749144769,0.00039831381756258097
2022-06-01,0.0004045711235645177,0.00046757859817767695,0.0004766484110809198,0.00040988783362251867,0.0004154417651452645,0.0004540502785421647,0.0003804980913757048
2022-06-02,0.0003156746817967463,0.0004045711235645177,0.0004723237738299357,0.0003748642606381188,0.000373160793809455,0.0003833995223789785,0.0003444223740666602
2022-06-03,0.00032955970249434746,0.0003156746817967463,0.00046292482830794434,0.00032930684415396084,0.0002938598495136254,0.0004300040864451956,0.0003037693945893966
2022-06-06,0.0002536263303515269,0.00032955970249434746,0.0004549229207591285,0.0003440342638646989,0.0004886934824599828,0.0005001671650503891,0.0004494395450358706
2022-06-07,0.0002630626068427735,0.0002536263303515269,0.00044284512533467247,0.00032697700780014193,0.00029610179754894047,0.0004033471702477754,0.00038093309591251954
2022-06-08,0.0002640465272935224,0.0002630626068427735,0.0004320581742251586,0.00031984367100680654,0.00029347622458522925,0.000328583608651108,0.00032393120239302596
2022-06-09,0.0003428597380038996,0.0002640465272935224,0.00042197747540926044,0.00031112130519652184,0.0003169539254176836,0.00027398175772759786,0.00028482331460498515
2022-06-10,0.0007996170594343023,0.0003428597380038996,0.0004172304111649388,0.00035647573761861867,0.00047202540915050286,0.00036136522478363744,0.00041429514712044947
2022-06-13,0.0005093332926416008,0.0007996170594343023,0.0004401736100611007,0.0005809861106958192,0.0006656215229119578,0.0005544893421986718,0.0006779346180546285
2022-06-14,0.000571798973600997,0.0005093332926416008,0.0004443231910159307,0.0004807429679746632,0.0006569963407832902,0.0008462340312743074,0.00107281525343444
2022-06-15,0.0009339468400781714,0.000571798973600997,0.00045197173797103477,0.0005360761362814152,0.00046540396858689095,0.0006759702692354272,0.0009013469857692389
2022-06-16,0.0005449533018763685,0.0009339468400781714,0.00048089024409746304,0.0007484337288168855,0.0006384151900953645,0.0006222309227580403,0.0007651338496524937
2022-06-17,0.0005698521783652661,0.0005449533018763685,0.00048473402756419746,0.0005857082427183586,0.0008875340195179638,0.0007696359261099263,0.0009818874412471485
2022-06-20,0.00013237889968244082,0.0005698521783652661,0.0004898411166122616,0.0005875520887571832,0.00051516137598223,0.000625059826264601,0.0008260758658884961
2022-06-21,0.00017854621956990395,0.00013237889968244082,0.00046839338359647235,0.0002539333683302328,0.00024031711496000848,0.0005133070353592651,0.0006962750726960106
2022-06-22,0.00036532724272774847,0.00017854621956990395,0.0004510025537548782,0.00027392277445783603,0.00026213884715964634,0.0004406540160330929,0.0005893470307428322
2022-06-23,0.0004377529163590035,0.00036532724272774847,0.00044586203509325046,0.00037201938129631583,0.00033693775486053507,0.000359706752107931,0.0005028856294096565
2022-06-24,0.0002598195383444181,0.0004377529163590035,0.0004453754879691957,0.00040243046826434126,0.0003516032897828336,0.00031232291456895965,0.0004273468104838092
2022-06-27,0.0003510046076742211,0.0002598195383444181,0.00043424213099170906,0.0002924967723088899,0.0002595075362880322,0.00048095439956100214,0.0003822853724241303
2022-06-28,0.0003340634301149967,0.0003510046076742211,0.00042924787959265984,0.00036306615133931336,0.0003416514562850687,0.00039411292172260233,0.00033310877083431417
2022-06-29,0.0003890394921121874,0.0003340634301149967,0.00042353681262400006,0.0003687858119264936,0.0005866858466619233,0.0005393000315994965,0.0005585895300465455
2022-06-30,0.000574542773007512,0.0003890394921121874,0.0004214669733932913,0.0004026517103890765,0.000343954305344663,0.0004329662507075223,0.00047192127314786835
2022-07-01,0.00045974374980762103,0.000574542773007512,0.00043065152137014464,0.000500533854093682,0.0005302592852026507,0.00040264805599793066,0.0004650741147731171
2022-07-04,6.99532341254224e-05,0.00045974374980762103,0.00043239705507639326,0.00046316155139832486,0.0004000200315709281,0.00033395673987082297,0.00039469129495652195
2022-07-05,0.00043412662902758367,6.99532341254224e-05,0.000410650425819335,0.0001586297357311971,0.0001911962587666896,0.0002775609236335972,0.00034307403362646556
2022-07-06,0.0005053572757666571,0.00043412662902758367,0.00041205899801182995,0.0004112058179081614,0.00035828182874610577,0.00029852954708440107,0.0002984744975374732
2022-07-07,0.0001482629273979705,0.0005053572757666571,0.0004176568946771197,0.0004529310845383105,0.00039391433910641134,0.00024931034867350325,0.00025544730558785863
2022-07-08,0.00027376320118368077,0.0001482629273979705,0.00040149325664037074,0.00022139567544914807,0.0001944153992566977,0.0002519856375552994,0.00022322620639755953
2022-07-11,0.00021607828481673424,0.00027376320118368077,0.00039382945331296936,0.0002933440663674615,0.0002534857687587746,0.00020613093362862553,0.0001920512331615036
2022-07-12,0.00032143214668871464,0.00021607828481673424,0.00038316438320319527,0.00027868623635609344,0.0003856020988473142,0.0002662943866385894,0.00028507965914897985
2022-07-13,0.0017417137890115356,0.00032143214668871464,0.0003794604490123265,0.0003341133019702828,0.00034974592738633775,0.0002422592732914602,0.0002737630983083019
2022-07-14,0.00031983107255714727,0.0017417137890115356,0.0004611956494122793,0.0008621451579039454,0.0006093215997419492,0.00020400822715317015,0.00024090300205209904
2022-07-15,0.00022206338234677714,0.00031983107255714727,0.0004527137748009714,0.0003792285954562241,0.0003408132850250024,0.00017091082586012107,0.0002070651703929123
2022-07-18,0.00017095310144229695,0.00022206338234677714,0.0004388747512537198,0.00030899127618390414,0.0002843036526948485,0.0001889555101036551,0.000182758041877475
2022-07-19,0.00017119394108462623,0.00017095310144229695,0.0004227994522650344,0.00026525749831346734,0.00031529730327172785,0.00017443252600525026,0.0001801804430562832
2022-07-20,0.00023933785397302318,0.00017119394108462623,0.0004077031215942099,0.0002540611699574621,0.0002408282666872867,0.00032656656864058045,0.00017207730872760246
2022-07-21,0.00029521290704148363,0.00023933785397302318,0.00039760120553693874,0.0002665075905137773,0.0002409402895057423,0.0002735773392285342,0.00015015413823728742
2022-07-22,0.00022512147986360082,0.00029521290704148363,0.00039145790762721146,0.0002957291187435811,0.00026236277326033346,0.00024055844209411802,0.00013265337307376252
2022-07-25,0.00016356991958224498,0.00022512147986360082,0.0003814777219613948,0.00025720958790649963,0.00028661621530053603,0.00022907694259783362,0.0001553881894809288
2022-07-26,0.00015500424238398802,0.00016356991958224498,0.00036840325381864585,0.0002170823411121632,0.0002455404593949229,0.00020480836619171192,0.00015569208281056122
2022-07-27,0.00031674511455238673,0.00015500424238398802,0.0003555993131325664,0.00020950389548263983,0.00023372670147039164,0.00019512498160337318,0.00016760680141803281
2022-07-28,0.00027392342325615736,0.00031674511455238673,0.00035326806121775564,0.0003074147249030103,0.0002712988087426933,0.0003151718806507384,0.0001591717156433257
2022-07-29,0.0001531956048074752,0.00027392342325615736,0.0003485073829400597,0.00028383988667480013,0.00024842878328206483,0.0003680777647334611,0.00014847543462058991
2022-08-01,0.00021990812981438574,0.0001531956048074752,0.00033678867625210464,0.00020506348370745824,0.00018845777762081285,0.00029859536626935883,0.00012973672758511757
2022-08-02,0.00024018702310330626,0.00021990812981438574,0.0003297758434658415,0.00025065631757731566,0.0002256201828849891,0.00024282417230520165,0.00011417807673109814
2022-08-03,0.00015766859286268987,0.00024018702310330626,0.00032440051424408934,0.00026904628824937576,0.0002605774133738049,0.00020554389203206476,0.00010902223706727613
2022-08-04,0.00016794990937763046,0.00015766859286268987,0.0003143965989612054,0.0002080448677445527,0.00019065947605504207,0.0002667823493536641,0.0001053495969821363
2022-08-05,0.0003075405153444365,0.00016794990937763046,0.00030560979758619087,0.00020768252002136068,0.0001913803465022905,0.0002207614204950428,9.396085681439205e-05
2022-08-08,0.00024944949293988856,0.0003075405153444365,0.0003057256406516857,0.00029541562916383956,0.00026180677710538813,0.00019992750459625624,0.00010650012529468355
2022-08-09,0.00015713021138127369,0.00024944949293988856,0.00030234907178897785,0.0002679613560467937,0.0002339098869580597,0.0001651273761021689,9.509810709346875e-05
2022-08-10,0.0004544403874382551,0.00015713021138127369,0.0002936359401645156,0.0002054935489182204,0.00024240787750793734,0.00017087459741467242,0.00012582398656656852
2022-08-11,0.0001587363487775442,0.0004544403874382551,0.00030328420700094006,0.0003795018384218713,0.00026603884762920426,0.0002368431201988206,0.0001191508456851
2022-08-12,9.293989455553375e-05,0.0001587363487775442,0.0002946113355075363,0.00022013379614874588,0.00021278271630235408,0.00019713735197053215,0.00010882237414301438
2022-08-15,0.00011601089473720752,9.293989455553375e-05,0.0002825110490504162,0.00015364707732222358,0.0001491567753533065,0.00020682855345403495,0.00010051915060524417
2022-08-16,0.00011085777381415259,0.00011601089473720752,0.0002725210397916237,0.00016343391418852045,0.00014134145608033185,0.0001756567832209995,9.014143756650064e-05
2022-08-17,0.00014614234302864386,0.00011085777381415259,0.0002628212438329754,0.00015582971902458002,0.00015087298939792763,0.0001467312085972658,8.229862890999859e-05
2022-08-18,0.00013211075735932896,0.00014614234302864386,0.0002558205097847155,0.00016698700417640584,0.00019752071977312608,0.00015389621877432544,0.00011213902761388036
2022-08-19,7.80988947834882e-05,0.00013211075735932896,0.00024839792463919233,0.00015660625252242587,0.00014255916972425497,0.00012814583978769015,9.929541947391141e-05
2022-08-22,0.0001317461942800276,7.80988947834882e-05,0.0002381799828478501,0.0001178960698387315,0.00023666638088707076,0.00020654144347751212,0.00021005410733401797
2022-08-23,0.00024015296470429254,0.0001317461942800276,0.00023179395553378076,0.00015494173916793416,0.0002472830163419219,0.0002899523517143986,0.00032926308815077156
2022-08-24,0.00010809793829164067,0.00024015296470429254,0.0002322954960840115,0.0002213523761284472,0.0002049237878909373,0.00024040426824390433,0.0002856633255841355
2022-08-25,0.00015616554509838792,0.00010809793829164067,0.00022484364261646925,0.00014409048436614735,0.00013459678749963927,0.00019871222112669308,0.00024432769061437647
2022-08-26,0.0003871081623540202,0.00015616554509838792,0.00022072295676538439,0.00017582508515828941,0.00015165997073749715,0.00019332313904759326,0.0002123044826739324
2022-08-29,0.0003145396327037813,0.0003871081623540202,0.00023070606910070257,0.0003099841873274307,0.0005303826682144992,0.0005634892207767483,0.0006877800282410088
2022-08-30,0.00029594158450868687,0.0003145396327037813,0.00023573608291688737,0.00029464625273154524,0.0002588091424263594,0.0004583410581730167,0.000586824920283279
2022-08-31,0.00028390631312734876,0.00029594158450868687,0.00023934841301239537,0.0002900190308932662,0.000304512396266031,0.0004004700979235938,0.0005334210563488642
2022-09-01,0.0003068743657660134,0.00028390631312734876,0.0002420218870192926,0.0003020794771136658,0.000286123084879993,0.0003298132030584288,0.0004584450729228137
2022-09-02,0.0004411065662941057,0.0003068743657660134,0.00024591303574409594,0.00032836753667729596,0.0002882211868657489,0.00026866327379551375,0.00038971080930484475
2022-09-05,9.208828873831133e-05,0.0004411065662941057,0.0002576246475770966,0.00040006346138499345,0.00041025243732971265,0.0002588869744517026,0.0003792921872254421
2022-09-06,0.00032789741015625516,9.208828873831133e-05,0.0002476924660467695,0.00016558106132048795,0.00015881252585994392,0.00021130764524887873,0.0003223361259003389
2022-09-07,0.0002421056027741443,0.00032789741015625516,0.00025250476269333874,0.0003194602705178616,0.0003199805032358017,0.00019653282748332022,0.0003020903848204471
2022-09-08,0.0003531293411404652,0.0002421056027741443,0.0002518808130981871,0.0002707191573426388,0.0002403320834443665,0.0002238398748405158,0.00026334257719674696
2022-09-09,0.00014598470363249487,0.0003531293411404652,0.00025795572478072386,0.0003322742969549773,0.0002808934513559634,0.0001879499532677124,0.00022591765731420885
2022-09-12,0.00013084357650239433,0.00014598470363249487,0.0002512374635118302,0.00019632084560925367,0.00017689611673266307,0.00021291662167001227,0.00019941115012713477
2022-09-13,0.000843351231978402,0.00013084357650239433,0.00024401383029126406,0.000189669892187924,0.0001762884319246544,0.0002066348062484879,0.0001750035611870507
2022-09-14,0.00035151445399702306,0.000843351231978402,0.0002799740743924925,0.0005267728026101836,0.0006884114025213834,0.0008233292967413934,0.0009707383603726878
2022-09-15,0.00026254000962045115,0.00035151445399702306,0.00028426649716876436,0.00034577204701652825,0.0003039202927828517,0.0006696640511106021,0.0008169646699074993
2022-09-16,0.0002517477050486028,0.00026254000962045115,0.00028296290791586564,0.00029304871969319877,0.00039636415142261036,0.0006453818039601038,0.0008223116997097742
2022-09-19,0.00022284760532496943,0.0002517477050486028,0.0002810899957438299,0.00029741869029479136,0.00027207546465588065,0.0005178766970694187,0.0006930419890008889
2022-09-20,0.00016397096758628994,0.00022284760532496943,0.0002775954523186983,0.00028949242872316924,0.00025646595848549246,0.0004208501819663468,0.0005845560336606859
2022-09-21,0.001027226327806362,0.00016397096758628994,0.0002707779832347538,0.0002235566085533939,0.0002545180655704439,0.0003559925710556496,0.0005133035167646811
2022-09-22,0.00040232957159924324,0.001027226327806362,0.00031616488390905046,0.0006165675678639953,0.0005731616040449427,0.00040797814493441427,0.0005821588564453078
2022-09-23,0.00031124233588699523,0.00040232957159924324,0.0003213347651704621,0.0003926009652061182,0.00039472155324079677,0.00034838546128924676,0.0005144461809860796
2022-09-26,0.0004999382951279221,0.00031124233588699523,0.0003207292194134541,0.0003500983032969506,0.00041809311940229233,0.0003355227218436298,0.0005002532809290633
2022-09-27,0.0004231372597753555,0.0004999382951279221,0.00033148176395632225,0.0004715132500937795,0.00042769236247991313,0.00028262381757239284,0.0004357723302574504
2022-09-28,0.0005270039313410055,0.0004231372597753555,0.00033698109370546426,0.0004598351263219544,0.0004078639395662241,0.0002304924659144362,0.0003694432414457337
2022-09-29,0.00043594819592427194,0.0005270039313410055,0.00034838246396359687,0.0004940856081896528,0.0004335289731349453,0.00022771333466344119,0.00031753457791255214
2022-09-30,0.00043716748262186107,0.00043594819592427194,0.0003536364078812374,0.0004511973648596607,0.0005849595395486455,0.00033433074450952237,0.0004535501664255546
2022-10-03,0.00038839996459673207,0.00043716748262186107,0.0003586482723656749,0.0004623266638101935,0.0005091207380723016,0.0003252084946880149,0.0004504249742519824
2022-10-04,0.00021492996683112047,0.00038839996459673207,0.0003604333738995384,0.00042857540986055955,0.0003702648941908329,0.00034285310307742047,0.000388644182748806
2022-10-05,0.00029728621449649426,0.00021492996683112047,0.00035170316947543334,0.0003025120049544206,0.0002829607436736236,0.0004143056505942927,0.0003420985545617385
2022-10-06,0.000423287144674867,0.00029728621449649426,0.000348438152176697,0.0003457912568193974,0.00032204830157245675,0.00033575389070160557,0.00029293243179098543
2022-10-07,0.00035183374271914537,0.000423287144674867,0.00035292909172658724,0.00041396919086337587,0.0004187820061058881,0.00029954039181883546,0.00028322221248537876
2022-10-10,0.0003855340894009484,0.00035183374271914537,0.00035286337078614075,0.000371874528723626,0.0005575995191409053,0.0005026148473231973,0.0005647916931895827
2022-10-11,0.00035943570999371477,0.0003855340894009484,0.00035482361390302926,0.00038964100069503797,0.00036623849603405147,0.0004250742487778948,0.0005022338355634415
2022-10-12,0.0004133234242164256,0.00035943570999371477,0.0003551003396684704,0.0003894945174732523,0.00040335622513126254,0.0003679970415924498,0.0004552252460245601
2022-10-13,0.0020911808291247265,0.0004133234242164256,0.00035859372474134776,0.0004288222965796716,0.0003752291418660063,0.00030036937013649647,0.00038874569661655027
2022-10-14,0.0006803105313890106,0.0020911808291247265,0.00046254895100435086,0.001091836633742193,0.0007017156590423408,0.0003003358118609698,0.0003351686659780843
2022-10-17,0.00031647755548249254,0.0006803105313890106,0.00047561464582743056,0.0006418709804147678,0.0008061460616732536,0.00041685959958580175,0.0004997264456617509
2022-10-18,0.0005106203563028992,0.00031647755548249254,0.0004660664204067343,0.00042859472438305904,0.00039459155059587875,0.0005450553241872446,0.00044107860354139234
2022-10-19,0.0004483820988450505,0.0005106203563028992,0.00046873965656050423,0.0005612073931641839,0.0004900209301478577,0.00047800283999925683,0.0003774552957911773
2022-10-20,0.0005391693364912087,0.0004483820988450505,0.00046751820309757705,0.0005289855105818328,0.0006111802603943438,0.0004350428787882572,0.0003822476667505026
2022-10-21,0.0004423667130847368,0.0005391693364912087,0.00047181727110119507,0.0005356214576040653,0.0005128439862804763,0.000367859801678934,0.00034525785712787526
2022-10-24,0.00046136809518980724,0.0004423667130847368,0.00047005023762020765,0.00046967643177506935,0.00042082268148610946,0.00042689243792948977,0.00030526559080982634
2022-10-25,0.000364475874259519,0.00046136809518980724,0.00046952930907438365,0.000491722085601852,0.00044071644076262796,0.0003504517830038082,0.00026108268785310883
2022-10-26,0.00032259673897246067,0.000364475874259519,0.00046322610298549184,0.00042680499195221766,0.0003681412845032852,0.0002993106918896136,0.0002250465361493711
2022-10-27,0.0006292303051110991,0.00032259673897246067,0.00045478834114471,0.000392100367775874,0.00037978162973155503,0.00026738898348846105,0.00022246380957637607
2022-10-28,0.00030471014353934315,0.0006292303051110991,0.0004652548589826935,0.0005582452367133483,0.0006674328789027388,0.000451673230117937,0.00048203431877261096
2022-10-31,0.0001979058055463811,0.00030471014353934315,0.0004556221760560925,0.00037539406724532257,0.00034202434886122703,0.0007388596909682584,0.00044072677404137083
2022-11-01,0.00021939018134575119,0.0001979058055463811,0.0004401591938255098,0.0002844966420747742,0.0003405236395738517,0.0006392241853988871,0.00043247871851420953
2022-11-02,0.0006922617710943657,0.00021939018134575119,0.0004269130530767243,0.00028977195259134313,0.00033159145000911336,0.0005437208687069337,0.0004048977646185255
2022-11-03,0.00033356761529151224,0.0006922617710943657,0.00044283397615778287,0.0005489079690162303,0.0006556470197928906,0.0006671748569769034,0.0006305309868679272
2022-11-04,0.0007236860643262861,0.00033356761529151224,0.00043627799450580664,0.0003632889508355692,0.0004516984134480597,0.0006162959406645672,0.0006328699027882335
2022-11-07,0.00023601966041116772,0.0007236860643262861,0.0004535224786950355,0.0005722708251637855,0.00046285328805179075,0.0005183063359445961,0.0005360987694328955
2022-11-08,0.00028815739430556296,0.00023601966041116772,0.00044047230959800345,0.0003253725153010159,0.0002976330963078162,0.0004408519071907839,0.00045534167837875703
2022-11-09,0.0003068213037674757,0.00028815739430556296,0.00043133341468045707,0.00036643484168774485,0.0003380170336769522,0.0003596415955735721,0.00038615788622070103
2022-11-10,0.0011392408866790933,0.0003068213037674757,0.0004238626880256782,0.0003591244070700412,0.0004845478767696125,0.00039691167658098797,0.0004586103009799297
2022-11-11,0.0002665402383438737,0.0011392408866790933,0.00046678537994488333,0.0007629439224106077,0.0005347239027416744,0.0012704239089534387,0.0004708623303996323
2022-11-14,0.0001910208788361864,0.0002665402383438737,0.0004547706714488227,0.00033983402367363343,0.00031181274082515173,0.0010363382395466247,0.0004009705497139934
2022-11-15,0.000587981853671003,0.0001910208788361864,0.0004389456838920645,0.0002805042687982016,0.00026321201441057964,0.0008352640091615687,0.00035113121601954266
2022-11-16,0.00020800877959385259,0.000587981853671003,0.0004478878540788009,0.0005217368600624644,0.0004192938462129797,0.0006815041215039461,0.00030009399553270545
2022-11-17,0.00022366814882769672,0.00020800877959385259,0.000433495109609704,0.0002985489052029321,0.0003471286277961918,0.0005731147944701622,0.0002894420044835789
2022-11-18,0.0002547295415321405,0.00022366814882769672,0.0004209054919627836,0.0002787388064782023,0.0002536908903837498,0.0004619758731206336,0.00024973129899243275
2022-11-21,0.00011810229260709711,0.0002547295415321405,0.0004109349349369451,0.0002965330501279054,0.00027165871482186536,0.00037576962129675593,0.00021852687521549781
2022-11-22,0.00011987760263368962,0.00011810229260709711,0.0003933649763971542,0.00019306484628761237,0.0002504038861265703,0.0003290422290938501,0.00021849696378053638
2022-11-23,0.00015182578514013584,0.00011987760263368962,0.0003769557339713463,0.00017515146643846448,0.00016389657564647162,0.0002898631730839992,0.00019017201858272128
2022-11-24,1.5522369029374704e-05,0.00015182578514013584,0.0003634479370414737,0.0001930752654856121,0.00017588426563131502,0.00025308794911300475,0.0001660188964358621
2022-11-25,4.6139414486875737e-05,1.5522369029374704e-05,0.0003425724029607477,5.018389124486321e-05,5.338998273783576e-05,0.00020688370130265353,0.000144296916214063
2022-11-28,0.00013003170666169752,4.6139414486875737e-05,0.00032478642365231535,7.818440801085872e-05,0.0001279040353267294,0.00019917841876993355,0.00016106859419250826
2022-11-29,0.00015256686909689542,0.00013003170666169752,0.00031310114063287826,0.00013304648649679516,0.00014684114881117553,0.0002049651572019869,0.00018974210582379543
2022-11-30,0.0003182378776132712,0.00015256686909689542,0.0003034690843407193,0.00014628726342496502,0.00015602119821915791,0.00018840705034999623,0.00018762003598500135
2022-12-01,0.0002284721123277679,0.0003182378776132712,0.00030435521193707246,0.00022376060457882639,0.00018251245346403001,0.0005300734132275103,0.00019497250849395329
2022-12-02,0.0007385806051853665,0.0002284721123277679,0.00029980222596051424,0.00022393060533433635,0.00020064847351380604,0.0004299141283819092,0.00017318237554565552
2022-12-05,0.000128503456105234,0.0007385806051853665,0.0003261289287140055,0.0004869666178624496,0.00034869152603006997,0.0003539861849500961,0.00015887944158967366
2022-12-06,0.00015836732450661572,0.000128503456105234,0.00031427140035747924,0.00019806736879378765,0.00030108651253284174,0.00032895830547602405,0.00018988435390781126
2022-12-07,0.00024358629009302342,0.00015836732450661572,0.0003049171558064274,0.0002198679820445512,0.0003403330801267807,0.0003599308160249192,0.0002789262129398925
2022-12-08,0.00019882220408359646,0.00024358629009302342,0.00030123730386362316,0.0002695417904749774,0.0002741156797000782,0.0003012251020331432,0.0002502231784193459
2022-12-09,0.00023761727820003367,0.00019882220408359646,0.0002950923978768216,0.0002404941680346851,0.00021569743733462784,0.000263808666789118,0.0002162884142427035
2022-12-12,0.00012545131400195516,0.00023761727820003367,0.00029164389069621433,0.0002450135007103672,0.0002466732825393639,0.0002302824888393341,0.00020409032399353332
2022-12-13,0.0008312591757313388,0.00012545131400195516,0.00028167233609455877,0.0001751086733751056,0.00016306871862000277,0.00021264559153965476,0.0001782261652894493
2022-12-14,0.000695379329407025,0.0008312591757313388,0.00031464754647276573,0.000514268392465635,0.0004062551104977666,0.0001924401127977009,0.0001560858023636391
2022-12-15,0.0002298785745529079,0.000695379329407025,0.00033749145344882134,0.0005037148770965839,0.00041524148145843633,0.0001674867573188816,0.0001461320839271219
2022-12-16,0.0002465078341920133,0.0002298785745529079,0.0003310346807150665,0.0002874868677034616,0.0005467007996270377,0.00041940585898490846,0.00047702612104957767
2022-12-19,0.0001796442309515487,0.0002465078341920133,0.00032596306992368335,0.00029881755679138394,0.00034676416947063756,0.00036930075704724903,0.0004413158132297012
2022-12-20,0.00028249740258005007,0.0001796442309515487,0.0003171839395853553,0.00025976980293986425,0.00030930992732813926,0.00033165180767597035,0.0004139431690330023
2022-12-21,0.00017176658515414227,0.00028249740258005007,0.000315102747365037,0.0003060130570112508,0.00026657812955748964,0.00026876994061670554,0.0003511985938952991
2022-12-22,0.00022618999528648727,0.00017176658515414227,0.00030650257763238333,0.000217333468360596,0.0001956377117737954,0.0002487291280452174,0.00030149346033764415
2022-12-23,0.00041028323965563903,0.00022618999528648727,0.00030168382269162963,0.0002505009616365523,0.0003955578446253804,0.00036036137508533786,0.0004519552352344828
2022-12-27,0.00014796109285336454,0.00041028323965563903,0.00030819978770947024,0.0003521265455429526,0.0003044093806197881,0.00029140103456185544,0.0003828861282652492
2022-12-28,0.00021921477990246785,0.00014796109285336454,0.00029858546601810386,0.00020782352028273355,0.0003215451793925675,0.0002803351328750093,0.00037789369009129256
2022-12-29,0.00010947480978986794,0.00021921477990246785,0.0002938232248511657,0.00025140593971128774,0.0002703026019961223,0.0002584880048894151,0.00035753432107857297
2022-12-30,0.00019459749506467837,0.00010947480978986794,0.0002827623199474878,0.00017111254484701973,0.00016440196682718586,0.000291213114379505,0.00031122076387240746
2023-01-03,0.0003818165245761969,0.00019459749506467837,0.00027747243045451927,0.000234429767540041,0.0002073382053503011,,
2023-01-04,0.0003491213449961328,0.0003818165245761969,0.00028373307610182,0.0003230326063675913,0.0003513427958748976,0.00023534452916886716,0.00027782644678371507
2023-01-05,0.0002630677083571888,0.0003491213449961328,0.0002876563722354788,0.00032866001974363423,0.00028768639814377944,0.00020225246572136386,0.00024766993792282464
2023-01-06,0.0004268014861560776,0.0002630677083571888,0.0002861810524027814,0.00028907940781315247,0.0003269736059858329,0.00020629794957378026,0.00026061127547076903
2023-01-09,0.00015401728785235773,0.0004268014861560776,0.0002946182784279792,0.00040255501350855633,0.0003336036335499265,0.000258700418294184,0.00023256839410154198
2023-01-10,0.00030020021104288616,0.00015401728785235773,0.00028618221899344193,0.00024242530078762264,0.00022443066026697178,0.0002252604957531084,0.00020796853423526564
2023-01-11,0.00010916320312539745,0.00030020021104288616,0.0002870232985164086,0.0003292148554031397,0.00028421242828924,0.0002016072422602224,0.0001863889719401978
2023-01-12,0.0006054395271634874,0.00010916320312539745,0.00027635169279294794,0.00018631370577341523,0.00017743688382952348,0.00021018480445809257,0.00016745888407066866
2023-01-13,0.00011100319340958161,0.0006054395271634874,0.0002960969628551804,0.00045199281202825607,0.0003608503130804133,0.0001812344124778442,0.00015085297604305325
2023-01-16,3.21459293349407e-05,0.00011100319340958161,0.0002849913366884445,0.0001819880227140482,0.00017194563225602337,0.00016060071259903466,0.00013628589197444237
2023-01-17,0.00012157345846991464,3.21459293349407e-05,0.00026982061224723424,8.87687656592554e-05,0.00010748174630954872,0.0001414287926362351,0.00012636506512716045
2023-01-18,0.00019090470986849503,0.00012157345846991464,0.0002609257830205951,0.0001572387500744509,0.00013964999466238473,0.0001248228572213992,0.00011480453387085365
2023-01-19,0.00019120690095096476,0.00019090470986849503,0.0002567245186314691,0.00020286093185431265,0.00023055606135910045,0.00013617516472027192,0.0001376117521404231
2023-01-20,0.00012034093487855717,0.00019120690095096476,0.0002527934615706389,0.00018745481621746865,0.00019151733772701542,0.00013063623913549347,0.00013912867752491768
2023-01-23,0.00015737388736696527,0.00012034093487855717,0.000244846309969114,0.0001505441484323067,0.0001306852605488117,0.00019513147100728341,0.00012600106793018344
2023-01-24,0.00019584193339140433,0.00015737388736696527,0.00023959796461298514,0.0001904531266885791,0.00016166795488083333,0.00023111987407964493,0.00011448522716625887
2023-01-25,0.00019501179696127338,0.00019584193339140433,0.00023697260273969028,0.00021873550828994763,0.0001865728121452866,0.00019824025397909567,0.00010438326705363774
2023-01-26,0.0002327870061602684,0.00019501179696127338,0.00023445495439298526,0.00021846689365742292,0.00023821647470066666,0.00018402432531113014,0.00011163533617901003
2023-01-27,0.0001283485652634706,0.0002327870061602684,0.00023435487749902227,0.00024055361711798205,0.0002089222311251039,0.00018883563234408054,0.00010188327719890698
2023-01-30,0.00015749245217300123,0.0001283485652634706,0.00022799449876488917,0.0001812522512605202,0.00016434017399970949,0.00018390696246820367,9.332854699270746e-05
2023-01-31,0.00017667577846562998,0.00015749245217300123,0.0002237643759693759,0.0001997590219523531,0.0002861452189696056,0.00022116680303436965,0.00016283786791842258
2023-02-01,0.0004207852299867193,0.00017667577846562998,0.00022093906011915116,0.00021008401032335922,0.00017989449526993457,0.00020285919908167498,0.00014679931449920787
2023-02-02,0.00038884931775416275,0.0004207852299867193,0.0002329298303112053,0.0003374394711544011,0.0002848931780475689,0.0003109736969400036,0.00013272992692894823
2023-02-03,0.0004161723250732578,0.00038884931775416275,0.0002422849995577828,0.0003364503063277267,0.0002568607026277525,0.00028550911967646593,0.00012038793688606639
2023-02-06,0.00017340882596369425,0.0004161723250732578,0.0002527182390887113,0.00037698199690193126,0.0003693355669417549,0.0002488505108804698,0.00011560499573857026
2023-02-07,0.0003753324531475868,0.00017340882596369425,0.00024795967430121026,0.0002484417070307288,0.0002575339854828538,0.00022596467895000849,0.00012088541435147622
2023-02-08,0.00021946924074984882,0.0003753324531475868,0.0002556020410319929,0.0003792109912359424,0.0003362762257423866,0.0002353820961554371,0.00010999765830685095
2023-02-09,0.00023606354086339984,0.00021946924074984882,0.0002534340730150643,0.0002805252305798241,0.0003547039287852039,0.00023788744246745088,0.00014457129827707383
2023-02-10,0.00018738255719128437,0.00023606354086339984,0.0002523918410859644,0.0002805330958127521,0.0003002312667635846,0.00021835949769645694,0.00014823063997928385
2023-02-13,0.0001121620525295616,0.00018738255719128437,0.00024849128405228364,0.00023824098232023115,0.0002560971821194361,0.00020354123448524183,0.00015333975058056176
2023-02-14,0.00037042017079582485,0.0001121620525295616,0.00024031153016092032,0.00017930296741171746,0.0001599717638866832,0.00020982669074460708,0.0001384673477362908
2023-02-15,0.00018153740347778694,0.00037042017079582485,0.00024811804859901465,0.00032019131930923503,0.00026186081903151746,0.00018290484340710732,0.00012542093424451064
2023-02-16,0.00015519196330656288,0.00018153740347778694,0.00024412320989174098,0.00022583032841118618,0.00019833347249666666,0.00016808979676220188,0.0001139763205677052
2023-02-17,0.00015318894332460686,0.00015519196330656288,0.00023878733509663034,0.00020370280568257244,0.00031896828998499667,0.00022936487490494276,0.0002077580765928372
2023-02-20,2.097866531433926e-05,0.00015318894332460686,0.00023365143159030893,0.0001994795036625888,0.00021418354850693823,0.0002055202226929547,0.0001967333673707111
2023-02-21,0.00010698140855027943,2.097866531433926e-05,0.00022089106561375073,6.762529546518019e-05,6.948335847616986e-05,0.00017729827029857478,0.0001773787513139407
2023-02-22,0.00020862356153079678,0.00010698140855027943,0.00021405648618994246,0.0001361308700208969,0.00022827528615510225,0.00022484467788804008,0.0002480761979080511
2023-02-23,0.00015884292630010413,0.00020862356153079678,0.00021373051071039376,0.00018982171163088569,0.00015976831258312295,0.00019384002460315429,0.00022157233605045495
2023-02-24,0.00014872433177975567,0.00015884292630010413,0.0002104372556457764,0.0001665731158141407,0.00014292584623196944,0.00016665419271499345,0.00019832253946116884
2023-02-27,9.560194410893674e-05,0.00014872433177975567,0.00020673448021381517,0.00016086160432233142,0.00021656574469052954,0.0001889355914566011,0.00023280971638511562
2023-02-28,9.129943454463656e-05,9.560194410893674e-05,0.00020006652804752247,0.0001436441107291565,0.00013046477519781203,0.0001693818196571721,0.00020818022768717446
2023-03-01,0.0001595030649798304,9.129943454463656e-05,0.00019354050243734931,0.0001387783545018448,0.0001507227466726927,0.00015104447010146288,0.00019207778016741399
2023-03-02,0.00015492566287154022,0.0001595030649798304,0.00019149825618989817,0.00017828913553545752,0.0001764793315371851,0.00013626095094927448,0.0001786523324402101
2023-03-03,0.00010210498978790092,0.00015492566287154022,0.00018930390059079672,0.00017540748649137408,0.00015471551420031849,0.00012067541681161526,0.00016067212613985046
2023-03-06,9.592058705932566e-05,0.00010210498978790092,0.000184071965942623,0.0001390047039546125,0.00012436423664970593,0.00017206717249677685,0.0001448994760497297
2023-03-07,0.00020922383483051103,9.592058705932566e-05,0.00017878288320962517,0.00013410743461255057,0.00012495292659497618,0.00014861142520216709,0.0001312544139821835
2023-03-08,0.00013424313667286468,0.00020922383483051103,0.00018060934030687833,0.00020603039882438409,0.00021548094120961731,0.00015423084867683166,0.00014971282294779694
2023-03-09,0.0001939611862381795,0.00013424313667286468,0.00017782736808883752,0.00016424676826936523,0.0001502353437064668,0.0001354805425948016,0.00013528572348247758
2023-03-10,0.00041951892429662336,0.0001939611862381795,0.00017879539717779807,0.00019857720517856565,0.00025340516087369447,0.00017958512812413615,0.00019841468224476947
2023-03-13,0.0008652754625590581,0.00041951892429662336,0.00019323880880492764,0.0003180021864850474,0.0003044870880421529,0.0001724983017768716,0.00019915428282485303
2023-03-14,0.00022942936747700937,0.0008652754625590581,0.00023356100803017564,0.0005266327449988,0.0004199685817466596,0.00015036345375986907,0.00017865690808173076
2023-03-15,0.0003643148165616403,0.00022942936747700937,0.0002333131095969857,0.0002798119629341376,0.0002546149534591955,0.00019062740804244599,0.00016067613999772495
2023-03-16,0.00021846061311786517,0.0003643148165616403,0.00024117321201486502,0.0003761846496564261,0.0003238606429003972,0.00016591870181546352,0.00014490299709808187
2023-03-17,0.00022390690745522208,0.00021846061311786517,0.00023981045608104502,0.0002957597732353579,0.00027388130410497245,0.0002261824943326873,0.00013106643373381348
2023-03-20,0.0002634724019713149,0.00022390690745522208,0.0002388562431634957,0.00028699377879892155,0.00028899764664201,0.00019983637441685608,0.00012583111638177503
2023-03-21,9.602281873621013e-05,0.0002634724019713149,0.0002403332126919649,0.0002868537815004475,0.00025766625616726674,0.000173084566254416,0.00011433614176309154
2023-03-22,0.000305504778842711,9.602281873621013e-05,0.0002316745890546196,0.00016587575139640178,0.00015645475162244556,0.00017166901529368345,0.00010425248591250834
2023-03-23,0.00020077063970845127,0.000305504778842711,0.0002361044004419051,0.0002895404979165536,0.0003243183507182075,0.00018378714787951406,0.00013867745555646915
2023-03-24,0.00021964437719874247,0.00020077063970845127,0.0002339843747978979,0.00023579758431888057,0.00021334188504922084,0.0001801819130017008,0.00012560524565192785
2023-03-27,0.00010963653361253662,0.00021964437719874247,0.0002331239749419486,0.0002459600069603579,0.0002197733091391265,0.00015621194197234115,0.00011413800276913527
2023-03-28,9.174693800863767e-05,0.00010963653361253662,0.0002257147284621839,0.00016550246678195634,0.0001918347139485334,0.00014853044783943515,0.00011987398480862496
2023-03-29,6.334211277187168e-05,9.174693800863767e-05,0.00021767666103497113,0.00015110676365954416,0.0001621162002436263,0.00013505171126234694,0.00011638596614193859
2023-03-30,6.254837327861384e-05,6.334211277187168e-05,0.00020841658813918517,0.00011333595903236315,0.00010823784351832108,0.00015332476216880082,0.00010605063895556363
2023-03-31,6.30496429490101e-05,6.254837327861384e-05,0.0001996644952475509,0.00010386323510221579,9.89987152573365e-05,0.0001431963481181591,9.698425247732039e-05
2023-04-03,7.618390718033584e-05,6.30496429490101e-05,0.00019146760410963844,9.53709233824181e-05,8.364647265727811e-05,0.00015879461936256885,8.903100994415362e-05
2023-04-04,9.472594195557776e-05,7.618390718033584e-05,0.00018455058229388028,0.00010160167797109903,9.556574592014122e-05,0.00014044285955287282,8.552530416770394e-05
2023-04-05,7.865601333922232e-05,9.472594195557776e-05,0.00017916110387358213,0.00011305449714209838,0.00010858551035567794,0.00012406340192137405,8.129955216881255e-05
2023-04-06,8.29807456740707e-05,7.865601333922232e-05,0.00017313079844152055,0.0001048187186209275,0.000149813949203607,0.00013580088899400197,0.00010854454198567357
2023-04-07,1.4512763622329218e-05,8.29807456740707e-05,0.00016772179527547353,0.00010921858062099578,0.0001007552438943864,0.00012279653966591706,9.917196151666712e-05
2023-04-10,7.92421397094238e-05,1.4512763622329218e-05,0.00015852925337628485,4.224810317507708e-05,4.3738512839282915e-05,0.00010702718071048818,9.095011857951562e-05
2023-04-11,6.008595754583955e-05,7.92421397094238e-05,0.00015377202655627318,9.560544816976198e-05,8.997731931974021e-05,9.480927118269412e-05,8.466842278769112e-05
2023-04-12,0.00031301827291196476,6.008595754583955e-05,0.00014815086241564717,8.044078174599175e-05,9.43715175925103e-05,9.257272447375484e-05,8.857766740886896e-05
2023-04-13,6.415272822749277e-05,0.00031301827291196476,0.00015804290704542627,0.00019492219594409644,0.00016940501153780096,9.995715157093827e-05,0.00010329646178753467
2023-04-14,0.00013460055751796264,6.415272822749277e-05,0.00015240949631635024,8.876218673197965e-05,8.29382914347296e-05,0.00012531366938958236,9.456822498398445e-05
2023-04-17,6.371553492209781e-05,0.00013460055751796264,0.000151340959988447,0.0001470420875842686,0.0001258094301339466,0.00010913152719192825,8.691161511497767e-05
2023-04-18,8.034183860778643e-05,6.371553492209781e-05,0.00014608343448446601,0.00010050875284502549,0.00010535073774973785,9.648747891997842e-05,8.103315797186436e-05
2023-04-19,6.128344746323736e-05,8.034183860778643e-05,0.00014213893873186526,0.00011413595881501898,0.0001066738577189939,8.507777856950025e-05,7.508359920209589e-05
2023-04-20,8.386784726775895e-05,6.128344746323736e-05,0.0001372876092557476,8.906813536264299e-05,8.388863344746586e-05,7.663598676161414e-05,7.099799220711715e-05
2023-04-21,8.77744270347316e-05,8.386784726775895e-05,0.00013408242353646826,0.00010545251812763389,0.00011767375171356512,7.591622742776287e-05,7.48719670449932e-05
2023-04-24,6.504698377361947e-05,8.77744270347316e-05,0.00013130394374636406,0.000104134119224854,9.910093488491064e-05,6.873048834850842e-05,7.056638412471664e-05
2023-04-25,0.0001663440493540521,6.504698377361947e-05,0.0001273285261479994,8.98278880314559e-05,8.937541514385787e-05,6.311035764360056e-05,6.723287063346202e-05
2023-04-26,0.00012859723020327516,0.0001663440493540521,0.00012966945754036257,0.0001482262989151395,0.00014646062525733636,7.621337038998771e-05,8.574455004041854e-05
2023-04-27,0.00011845590206620852,0.00012859723020327516,0.00012960512390013733,0.0001378278747803474,0.0001198023519431604,6.842651000885404e-05,7.917128471670807e-05
2023-04-28,0.00010204258788183735,0.00011845590206620852,0.00012893617059010163,0.00013578706196144588,0.00010828125229721575,0.00013363801619720883,7.340506534366698e-05
2023-05-01,5.250531473729053e-05,0.00010204258788183735,0.00012732255562760577,0.0001279385176860486,0.00011827056869696428,0.00011773113296289443,6.834680522169974e-05
2023-05-02,6.905438476592059e-05,5.250531473729053e-05,0.00012283352117418685,9.14735855993815e-05,9.51004769247223e-05,0.00010471560203400794,6.58787260032135e-05
2023-05-03,0.00010868407298599655,6.905438476592059e-05,0.00011960677298969088,9.83410126377261e-05,0.00012643312969840603,0.00010773176370635948,8.043728265250133e-05
2023-05-04,0.00011998500716344347,0.00010868407298599655,0.00011895141098946924,0.00012114566193814318,0.00012619704973666654,0.00010358877362013979,8.508711883390201e-05
2023-05-05,5.6055562164980593e-05,0.00011998500716344347,0.00011901342675990772,0.00012729910074378708,0.00011531914718051907,9.440809335970318e-05,8.235175907302336e-05
2023-05-08,4.1485556745270356e-05,5.6055562164980593e-05,0.0001152359548842121,8.456838609508266e-05,7.779451263388592e-05,0.0001364285828665034,7.61950505254143e-05
2023-05-09,3.264653251242723e-05,4.1485556745270356e-05,0.00011081093099587558,7.177249041227862e-05,6.948535127665901e-05,0.00011858792729590965,7.07942443274147e-05
2023-05-10,0.00016029305086982213,3.264653251242723e-05,0.00010612106708686868,6.09715987324845e-05,7.549053597339167e-05,0.00011083962544316896,7.439822047650264e-05
2023-05-11,8.191732752475955e-05,0.00016029305086982213,0.00010937138611384591,0.00013517688962053645,0.00010974572699883697,0.00011150862575041385,6.921802372352034e-05
2023-05-12,6.283374379189746e-05,8.191732752475955e-05,0.00010772414259850074,9.543524552680085e-05,8.56766232237054e-05,9.786499428931792e-05,6.467383610865767e-05
2023-05-15,4.608950841659169e-05,6.283374379189746e-05,0.00010503071867010455,8.406469966828125e-05,9.423037330379023e-05,9.4186250290472e-05,6.989412028891376e-05
2023-05-16,5.845730253096587e-05,4.608950841659169e-05,0.00010149424605489377,7.282399012959622e-05,6.880723549078188e-05,8.823948731807303e-05,6.526692355019999e-05
2023-05-17,4.320136542920786e-05,5.845730253096587e-05,9.89120294434581e-05,8.466957885132863e-05,7.515050422936495e-05,7.846998747641146e-05,6.120784025389649e-05
2023-05-18,7.631130553370997e-05,4.320136542920786e-05,9.556938960260309e-05,6.68140881685956e-05,6.372688130499376e-05,8.070407391634217e-05,5.7647119122572834e-05
2023-05-19,7.979708616748405e-05,7.631130553370997e-05,9.441390455846952e-05,8.744111645954606e-05,7.721832018007803e-05,0.00012273551069349903,5.4523572733022026e-05
2023-05-22,6.180058271549804e-05,7.979708616748405e-05,9.35368954550104e-05,9.091497118768225e-05,9.880172135375347e-05,0.00011339105267885501,5.901548781395915e-05
2023-05-23,7.053173941010365e-05,6.180058271549804e-05,9.163271669063966e-05,8.190042839268496e-05,7.592165814978725e-05,0.00010201299495513404,5.572393718952335e-05
2023-05-24,0.00017778917477371671,7.053173941010365e-05,9.036665805380751e-05,8.832731876357594e-05,0.00013132013638637448,0.0001211911905212834,9.09013419336786e-05
2023-05-25,0.00012342976822066808,0.00017778917477371671,9.561200905700209e-05,0.00015252441061104445,0.00011516356869189721,0.00011202691652053744,8.369494105085904e-05
2023-05-26,8.125168615856523e-05,0.00012342976822066808,9.728107460682206e-05,0.00013203240022416,0.00011945529502270418,0.00010899936070458987,7.737332061808474e-05
2023-05-29,2.0317725012061955e-05,8.125168615856523e-05,9.631931129992664e-05,0.00010786403474601593,0.00010041852560963749,0.00019590830800911784,7.182784992530895e-05
2023-05-30,0.0001288861348839046,2.0317725012061955e-05,9.175921612265477e-05,5.088817775549142e-05,5.8001566039333585e-05,0.0001687732319715226,6.696323561771767e-05
2023-05-31,8.385979072955197e-05,0.0001288861348839046,9.398683124832976e-05,0.00012926110401542096,0.00010955997591568617,0.00014598487220524286,6.301517871879132e-05
2023-06-01,8.872526997607694e-05,8.385979072955197e-05,9.337920881720311e-05,0.00010003247888439477,0.00011892156105656728,0.00014011177822810986,7.521672682610357e-05
2023-06-02,0.00013194483270629397,8.872526997607694e-05,9.309997248673555e-05,0.00010060586675941813,9.186415075732264e-05,0.00014740434231790198,6.993603629985764e-05
2023-06-05,0.00011409529817367061,0.00013194483270629397,9.543066409990907e-05,0.00012600450109405873,9.646034638681926e-05,0.0001311161458947466,6.530369323808606e-05
2023-06-06,6.707785572892032e-05,0.00011409529817367061,9.655054214433479e-05,0.00013213606607455957,0.00011440325826390428,0.00011426019223173572,6.141161966374337e-05
2023-06-07,0.0001338753602569024,6.707785572892032e-05,9.478218095940992e-05,9.791689329736864e-05,9.036886027219524e-05,9.991918379660125e-05,5.7835859694397984e-05
2023-06-08,7.81594974079446e-05,0.0001338753602569024,9.712777171725949e-05,0.00014173997957590674,0.0002163127391798917,0.00015090910272149352,0.00013189041089034352
2023-06-09,9.546279137690929e-05,7.81594974079446e-05,9.598967525870062e-05,0.00010883178539004112,0.00010140557849093957,0.00015533071415695955,0.00011965149412780438
2023-06-12,4.6945674476841564e-05,9.546279137690929e-05,9.595806222579314e-05,0.00011696180018875061,0.00010632640560748773,0.00013478911422166583,0.00010891523513539322
2023-06-13,9.615999409920795e-05,4.6945674476841564e-05,9.301731896085605e-05,7.801632279643272e-05,7.436426020957441e-05,0.00016177068080549316,9.949714206485784e-05
2023-06-14,0.00018161743133030358,9.615999409920795e-05,9.320587946915717e-05,0.00011315595355838642,9.74406311861159e-05,0.00014358988689124646,9.123537442792172e-05
2023-06-15,0.0001083279931985796,0.00018161743133030358,9.851057258082598e-05,0.00015787618602432522,0.00013267241206091208,0.00013171764851124901,8.398796202972966e-05
2023-06-16,0.00011295704328294161,0.0001083279931985796,9.909961781789121e-05,0.00012618781283416295,0.00011539554784717675,0.0001228868161915543,7.76303653533667e-05
2023-06-19,1.7333963911628804e-05,0.00011295704328294161,9.993106334579424e-05,0.0001307815933487626,0.00013419565635583544,0.00011234885170127156,7.789097466514457e-05
2023-06-20,9.678142899554858e-05,1.7333963911628804e-05,9.49752373797443e-05,4.921346762492432e-05,7.205023661168179e-05,0.00010216661473312675,7.652556299309689e-05
2023-06-21,8.123169667398124e-05,9.678142899554858e-05,9.508360887669257e-05,0.0001128428925340853,0.0001033367485676439,8.988679206016938e-05,7.116592544636878e-05
2023-06-22,0.00011140542439138665,8.123169667398124e-05,9.425249414452989e-05,9.828527257985704e-05,0.00014758400817762817,0.00011346735890770484,0.00010747104730363833
2023-06-23,9.685891033830987e-05,0.00011140542439138665,9.52816699593413e-05,0.00011488406266970414,0.00010166693343457541,0.0001197183946743292,9.82302673163615e-05
2023-06-26,0.00011326967748303978,9.685891033830987e-05,9.537630438207943e-05,0.00010599795203136956,0.00014215051407845704,0.0001310830057087584,0.00012206837407597196
2023-06-27,6.238225190561586e-05,0.00011326967748303978,9.644990676813706e-05,0.0001298732632512214,0.00016626798031048497,0.00014016440731142628,0.00014242948389244975
2023-06-28,0.0001250510947110127,6.238225190561586e-05,9.440584747638578e-05,9.445071788141685e-05,8.692363363820734e-05,0.00014845601056722948,0.00012889661111698688
2023-06-29,8.931651747839128e-05,0.0001250510947110127,9.62445623104634e-05,0.00013705057844479434,0.00012126906927512044,0.00013022610382972064,0.00011702526417936976
2023-06-30,6.519832771882373e-05,8.931651747839128e-05,9.582887962053908e-05,0.0001146130744138104,0.00011593877855079988,0.00011676142564785728,0.00011039544564775157
2023-07-03,1.9534608840334797e-05,6.519832771882373e-05,9.399104650643617e-05,9.575853905257448e-05,8.879151647804573e-05,0.000124742788010976,0.00010079561673645712
2023-07-04,4.4235222875323595e-06,1.9534608840334797e-05,8.952366024647008e-05,4.721640464124757e-05,4.638693124346236e-05,0.00010904601271924113,9.237442624434111e-05
2023-07-05,5.0637908886343076e-05,4.4235222875323595e-06,8.441765196893381e-05,1.899247156669868e-05,2.2218391441466368e-05,9.618125122265548e-05,8.557683563726402e-05
2023-07-06,8.572161684789164e-05,5.0637908886343076e-05,8.239086738397837e-05,5.758971994389845e-05,5.268334827495377e-05,8.481446085310704e-05,7.906479050056727e-05
2023-07-07,0.00010911206737395722,8.572161684789164e-05,8.259071235181316e-05,7.408424525142878e-05,8.726063566908307e-05,8.987677762892941e-05,9.057168366813893e-05
2023-07-10,9.378932778747734e-05,0.00010911206737395722,8.418199365314184e-05,8.611716427611761e-05,7.564335727307376e-05,8.111167417803877e-05,8.508863403339555e-05
2023-07-11,9.251344050150447e-05,9.378932778747734e-05,8.475843370120199e-05,8.91792566855812e-05,8.007201699947578e-05,7.222688131450846e-05,7.867028775075288e-05
2023-07-12,8.301542940142999e-05,9.251344050150447e-05,8.522373410922014e-05,0.00010900612363140499,9.710722241090087e-05,6.621006238189139e-05,7.296557929393986e-05
2023-07-13,4.145351950947204e-05,8.301542940142999e-05,8.509123582675275e-05,0.00010727422742650003,9.272686582786708e-05,7.917558426081204e-05,6.79612779609977e-05
2023-07-14,7.479839422727846e-05,4.145351950947204e-05,8.24729728477159e-05,7.279372310171503e-05,7.060903254734977e-05,0.0001002851784312216,6.357138985006748e-05
2023-07-17,4.4046000394767794e-05,7.479839422727846e-05,8.201249813048966e-05,9.39182325160215e-05,8.89405565228181e-05,8.865327150525585e-05,6.012193741461483e-05
2023-07-18,6.0705499648825036e-05,4.4046000394767794e-05,7.973450826634635e-05,6.884509803940167e-05,6.59055368873943e-05,8.687085935164449e-05,5.669454020163378e-05
2023-07-19,6.624125318555666e-05,6.0705499648825036e-05,7.859276774929507e-05,7.78671587593719e-05,7.213379499098657e-05,8.302650043138336e-05,5.368794861657926e-05
2023-07-20,0.00010114986102870685,6.624125318555666e-05,7.785167687547076e-05,8.042970374620099e-05,7.559769353493558e-05,7.424243481198108e-05,5.150993743310161e-05
2023-07-21,0.00012042787488865679,0.00010114986102870685,7.924956792466495e-05,0.00010483485837207835,0.00017382441300902278,0.00014722850377975465,0.00014863034747721496
2023-07-24,9.977544290289097e-05,0.00012042787488865679,8.172026634250447e-05,0.00011799226062993752,0.0001134977372097647,0.00012997025013094772,0.000136907348817203
2023-07-25,5.897668004296808e-05,9.977544290289097e-05,8.280357693612767e-05,0.00011389896256033057,0.00010302285196941748,0.00011303239116115372,0.00012405246734926447
2023-07-26,0.00014425896767887906,5.897668004296808e-05,8.13739631225381e-05,8.804999459259395e-05,8.136277178729209e-05,0.00011003004421110868,0.0001127758699645216
2023-07-27,0.00012428178420657775,0.00014425896767887906,8.514706339591858e-05,0.00014302128920895302,0.0001337470573935075,0.00010465514196054174,0.00011241664342192947
2023-07-28,0.00012965513669146872,0.00012428178420657775,8.749514664455815e-05,0.00013539341889676283,0.00013418626033249423,9.421256781022877e-05,0.00010506180741600582
2023-07-31,6.71951818316432e-05,0.00012965513669146872,9.00247460473728e-05,0.00013890218900910453,0.00012247515091165265,0.00011748423738114615,9.611682673086447e-05
2023-08-01,5.910971766624424e-05,6.71951818316432e-05,8.865497219442903e-05,9.838706324618848e-05,9.322300211411905e-05,0.00010259566960222413,8.827008414889524e-05
2023-08-02,0.00011210697549317071,5.910971766624424e-05,8.688225692273794e-05,9.246922756294312e-05,0.00010268444870451283,9.404518057461503e-05,8.569475984297054e-05
2023-08-03,0.0001447981803244692,0.00011210697549317071,8.839574003696393e-05,0.00012465077630691507,0.0001817637306286891,0.00017058624407879344,0.00018706962317865478
2023-08-04,0.0001731157729197329,0.0001447981803244692,9.177988645421426e-05,0.00014462690407228814,0.0001262431751439406,0.00014739758369293894,0.00016827261660480795
2023-08-07,9.101688155142555e-05,0.0001731157729197329,9.66600396421454e-05,0.0001616127662285845,0.00015639194808188782,0.0001347194883315238,0.00015958233094218627
2023-08-08,8.296787800692092e-05,9.101688155142555e-05,9.632145015670223e-05,0.00012107646099728409,0.00010989221938420755,0.00012450181453873676,0.00014394348266258438
2023-08-09,8.580574579787933e-05,8.296787800692092e-05,9.552023582771535e-05,0.00011836573670948193,0.00014973403369709655,0.00012393886510599588,0.00014845263499246815
2023-08-10,0.00014394984020005202,8.580574579787933e-05,9.493736642592521e-05,0.00011807923510110118,0.00014970067884035872,0.00012690782900718917,0.0001566254026572815
2023-08-11,0.00011685318620827562,0.00014394984020005202,9.787811485237284e-05,0.0001517313510233076,0.00013673140588434487,0.00011053931126173673,0.0001413687633306583
2023-08-14,0.00010830272899913044,0.00011685318620827562,9.901661913372702e-05,0.00013379092236250425,0.00013759070283713847,0.0001081490759690494,0.000141212530293136
2023-08-15,9.725545572599332e-05,0.00010830272899913044,9.957378572565124e-05,0.00013105879602681706,0.00011821157683208937,0.0001122060238364232,0.00012782907145825087
2023-08-16,0.00010697270004647986,9.725545572599332e-05,9.943468592567177e-05,0.00012593656202887182,0.00016003146314461105,0.0001214534642275492,0.0001439234775612781
2023-08-17,9.812668779233711e-05,0.00010697270004647986,9.988696677292026e-05,0.0001343575975473978,0.00017778086735701555,0.0001324143751091627,0.00016199944775414267
2023-08-18,0.00011701443986854887,9.812668779233711e-05,9.978135003408528e-05,0.00012581649825706324,0.00017166545351610416,0.0001460404004561719,0.00018334078700375125
2023-08-21,8.597237705543886e-05,0.00011701443986854887,0.00010081533542415311,0.00013729971460614652,0.00012612687853915663,0.00012679550209843463,0.00016497845059211346
2023-08-22,9.696096286031377e-05,8.597237705543886e-05,9.992475792203027e-05,0.00011641866023336667,0.0001065324132463195,0.00014169417889161318,0.0001486770828038144
2023-08-23,0.00013452013783322244,9.696096286031377e-05,9.97469302183273e-05,0.00012322452085581628,0.00011241525027076704,0.00012336655837822465,0.00013477819798057633
2023-08-24,0.000152759793644918,0.00013452013783322244,0.00010183332267522103,0.0001467400509774764,0.00011633027860941542,0.0001960840467602803,0.00012218472731479512
2023-08-25,0.00024308005373255683,0.000152759793644918,0.00010488891093340286,0.00016145099999095419,0.00031929927947266256,0.0003623234501032363,0.0003523777884932983
2023-08-28,8.790428420812552e-05,0.00024308005373255683,0.00011318037950135215,0.00021275202197213003,0.00018621054614811073,0.0003175690320845403,0.00031306808780449556
2023-08-29,9.229622559656149e-05,8.790428420812552e-05,0.00011166381378375856,0.00013033655642793906,0.00011783676420853207,0.0002795431523124652,0.00027858471515823934
2023-08-30,9.753883375851053e-05,9.229622559656149e-05,0.00011050175849252675,0.0001327927375971193,0.000117539572922626,0.0002994588459284626,0.00024833510836336274
2023-08-31,6.569057903949095e-05,9.753883375851053e-05,0.00010972398300848579,0.00013362857188734114,0.00012206272456742713,0.00025785875225808967,0.0002217994582507282
2023-09-01,9.931715444732109e-05,6.569057903949095e-05,0.0001070819787703461,0.00010432157093283407,9.9368534781002e-05,0.00022024350208267143,0.00019852177627373738
2023-09-04,1.276228882049348e-05,9.931715444732109e-05,0.00010661608931096461,0.00011970467571638938,0.00010118900998882168,0.00019005792939041777,0.00017940312915449555
2023-09-05,7.439440081111263e-05,1.276228882049348e-05,0.00010098486128153635,3.864450597619042e-05,4.040465852807287e-05,0.00016340594081061524,0.00016133074226835396
2023-09-06,9.473675834771459e-05,7.439440081111263e-05,9.938943365331093e-05,8.871263120064533e-05,8.327095137866792e-05,0.00014154617511948815,0.00014585662429520937
2023-09-07,0.00010829732752312109,9.473675834771459e-05,9.911027313497516e-05,9.94884654308862e-05,0.00011100559656620721,0.00013678254917497888,0.0001483652899679023
2023-09-08,8.988387712511049e-05,0.00010829732752312109,9.966149639826393e-05,0.00010991979224584606,0.0001207124960921352,0.0001281909740695168,0.00014497568873504305
2023-09-11,5.4739696926666997e-05,8.988387712511049e-05,9.907483924187473e-05,9.981845544407136e-05,8.681186949320344e-05,0.00011156161793917127,0.00013113020050796017
2023-09-12,5.855662934047061e-05,5.4739696926666997e-05,9.641473070296228e-05,8.645752542366526e-05,8.032302863661007e-05,0.00011197082519358829,0.00011898462011335163
2023-09-13,9.596044580446745e-05,5.855662934047061e-05,9.414324462121277e-05,8.760462162866705e-05,0.00012073735040243118,0.00011992385181119331,0.00013452394270612524
2023-09-14,7.16496294827617e-05,9.596044580446745e-05,9.425227669220806e-05,0.00011118152384476268,0.00010111602076908476,0.00010599550733637752,0.00012196168874613279
2023-09-15,6.223921082975071e-05,7.16496294827617e-05,9.289611785964129e-05,9.377642569293185e-05,8.546747560391748e-05,9.719831544784252e-05,0.0001109417909349363
2023-09-18,6.138067790161592e-05,6.223921082975071e-05,9.105670343784786e-05,8.52575839795942e-05,0.0001677086897308302,0.00015006465207403956,0.0001802684883085926
2023-09-19,5.105314328057306e-05,6.138067790161592e-05,8.927614190567396e-05,8.518207875004961e-05,7.445760150565759e-05,0.000130313075484803,0.00016208985520131192
2023-09-20,9.275587549585434e-05,5.105314328057306e-05,8.69827619881679e-05,7.694760665772852e-05,8.22286630685663e-05,0.00011577507327252716,0.0001486973629577871
2023-09-21,9.18698593703343e-05,9.275587549585434e-05,8.73291487986291e-05,0.00010239175851799263,0.00014798037234748656,0.00014911402190136952,0.00019279822307761204
2023-09-22,8.848344073904677e-05,9.18698593703343e-05,8.760159143293143e-05,0.00010363918713130706,0.00017992702950739157,0.0001908330374708934,0.00024863993573104656
2023-09-25,0.00012706254004134728,8.848344073904677e-05,8.765450239129836e-05,0.00010406731564763079,8.853320429489009e-05,0.0001640902760663719,0.00022206685982154747
2023-09-26,8.703726694316614e-05,0.00012706254004134728,9.001898465030131e-05,0.00013009204664307116,0.0001148223916286468,0.00014409566350014446,0.00019875634707563062
2023-09-27,0.00013074956743742186,8.703726694316614e-05,8.984008158787321e-05,0.00011194107853823709,0.00017073229523063694,0.00016555637687875574,0.00022763868070334545
2023-09-28,0.00017280379630920645,0.00013074956743742186,9.229465073884614e-05,0.00013965306637597955,0.00012466424434351422,0.0001432139043565422,0.00020364407637446906
2023-09-29,0.00012918563356903158,0.00017280379630920645,9.712519947306779e-05,0.00016722114840434855,0.0001483658388393246,0.00012976944532286304,0.0001825954581435039
2023-10-02,0.0001727925259191101,0.00012918563356903158,9.904882551882564e-05,0.0001493350017522517,0.00013466509037897707,0.00011286805547539644,0.00016413112660627842
2023-10-03,0.00014150562034990428,0.0001727925259191101,0.00010347344754284273,0.000176167129432669,0.00015606901852556544,0.00010364762155034355,0.0001479337907348421
2023-10-04,0.00018767035679058067,0.00014150562034990428,0.00010575537791126644,0.00016565014835476704,0.000241784543933881,0.00015360402915365519,0.00021038910579815635
2023-10-05,0.00013699998516361955,0.00018767035679058067,0.00011067027664402531,0.00019677847271677964,0.00017255822087611754,0.00015307759311990218,0.00018851235293159432
2023-10-06,0.0003445142926971006,0.00013699998516361955,0.00011225005915520098,0.00016687212891299447,0.00016478729635740038,0.0001350299812288467,0.00017207294544905292
2023-10-09,0.0001267834576488398,0.0003445142926971006,0.00012618591316771501,0.00027977099526569103,0.00019969512601940883,0.00016182704085121634,0.00015490053669947016
2023-10-10,8.227955989171181e-05,0.0001267834576488398,0.00012622176583658253,0.00016933866992159291,0.00015324784685352978,0.00014081570719883842,0.0001398365051813068
2023-10-11,8.060405297157399e-05,8.227955989171181e-05,0.0001235852334798903,0.00013245156010334848,0.00012535800099403914,0.00012507307697126884,0.00012662199061381875
2023-10-12,9.105671506746789e-05,8.060405297157399e-05,0.00012100636264939132,0.00012400055807503216,0.00010741370955434925,0.00011642157145787352,0.0001150299148110164
2023-10-13,0.00011368267602482466,9.105671506746789e-05,0.00011920938379447594,0.00012812982379474565,0.0001436181549476739,0.00010926395700411991,0.00011349172768500752
2023-10-16,0.00010862150004467625,0.00011368267602482466,0.00011887778132829687,0.00013229408881441996,0.0001706547680019781,0.00013137152651649831,0.0001466575355401972
2023-10-17,0.0001047981696752793,0.00010862150004467625,0.00011826240445127965,0.0001282929154889957,0.00011163370043662567,0.00013558390357490846,0.0001326055551685101
2023-10-18,0.00015822023617599961,0.0001047981696752793,0.00011745455036471964,0.0001284823769558699,0.00012599376940325416,0.00012220010665081642,0.00012517679962603288
2023-10-19,0.0002617846448173664,0.00015822023617599961,0.00011990049151339644,0.00016473568026171718,0.00019249240439980986,0.00013328232057092707,0.0001458532556028836
2023-10-20,0.00014360239946410063,0.0002617846448173664,0.00012841354071163467,0.00022723879990798994,0.0002459334141536377,0.00015128479939925706,0.0001747710705796127
2023-10-23,0.00017142016755419706,0.00014360239946410063,0.00012932487223678264,0.00017321243595325907,0.0002192351552187667,0.00016419681454368304,0.00019743760221436284
2023-10-24,0.00012519083851661754,0.00017142016755419706,0.0001318505899558275,0.00019512369547125292,0.00017320147490670253,0.00014679968747152532,0.00017715099640677878
2023-10-25,0.0001488560628687666,0.00012519083851661754,0.0001314510048694749,0.0001700069315480674,0.00015792442727592928,0.00012977757223569953,0.00015935511967577395
2023-10-26,0.0002526983655634941,0.0001488560628687666,0.00013249530834943244,0.0001841534738398488,0.00030030051668015686,0.00021338894676001168,0.00026777053897970073
2023-10-27,0.00014609783454519966,0.0002526983655634941,0.00013970749178227615,0.0002381471226769369,0.0002734600317760994,0.00023776137472730077,0.00030573827306285955
2023-10-30,0.0001175420750261534,0.00014609783454519966,0.00014009091234805157,0.0001831968260158026,0.00016814676305335443,0.00020457010695730532,0.00027215483325288426
2023-10-31,0.0001370387277362823,0.0001175420750261534,0.00013873798210873767,0.00016051440122783316,0.00014915757215796401,0.00018702213851261534,0.0002426946682193619
2023-11-01,0.00015138422413996244,0.0001370387277362823,0.00013863602684639035,0.0001739460135907411,0.0001599679809203384,0.00016116751406967985,0.00021685153455845024
2023-11-02,5.298478251645615e-05,0.00015138422413996244,0.00013940091868400468,0.00018259913032640682,0.00016290290030688203,0.0001976049073335539,0.00019418134392456252
2023-11-03,0.00011753702413282497,5.298478251645615e-05,0.00013421595051395176,9.856295194210152e-05,9.093259695410921e-05,0.000194058632972093,0.00017429453181732363
2023-11-06,4.8540310764095006e-05,0.00011753702413282497,0.0001332152149310842,0.00014226727300168762,0.00011783758636901384,0.000191820071645402,0.00015684936330614906
2023-11-07,6.262148411315741e-05,4.8540310764095006e-05,0.00012813472068106486,8.70813412856552e-05,8.284464912940845e-05,0.00016521983696707015,0.00014154606065803392
2023-11-08,4.9005661795240336e-05,6.262148411315741e-05,0.0001242039264869904,9.264875666844134e-05,8.282150494246414e-05,0.00015438049327083636,0.00012812165195772267
2023-11-09,0.00010858600056483485,4.9005661795240336e-05,0.00011969203060548541,7.591815564702957e-05,7.382118971327898e-05,0.00013404223125312886,0.00011678744805975728
2023-11-10,6.595557419747932e-05,0.00010858600056483485,0.00011902566880304638,0.00011711075916455225,0.00012548983151096013,0.00012729967197006278,0.00011897858287046608
2023-11-13,4.057244943985565e-05,6.595557419747932e-05,0.00011584146312671236,8.846741784948879e-05,8.229080758890242e-05,0.0001681046131074283,0.00010832494191926433
2023-11-14,0.0001953039831292396,4.057244943985565e-05,0.00011132532230550094,6.891288229850033e-05,7.359244632958615e-05,0.00014605906217643322,9.99618526554558e-05
2023-11-15,5.512602450950307e-05,0.0001953039831292396,0.00011636404195492529,0.00015915666425850658,0.00010343918684008738,0.00018683344108089603,9.164302923544907e-05
2023-11-16,5.521584062102118e-05,5.512602450950307e-05,0.00011268976090819995,8.697261129367687e-05,9.509179870284955e-05,0.00016371594751316828,8.754633265819494e-05
2023-11-17,3.953266822249361e-05,5.521584062102118e-05,0.00010924132569096922,8.288731428728682e-05,7.840157358001943e-05,0.00014185563035251514,8.075184982780367e-05
2023-11-20,5.216765913827774e-05,3.953266822249361e-05,0.00010505880624286068,6.773752610466936e-05,6.737226523825609e-05,0.00012420309089169963,7.593678534132081e-05
2023-11-21,3.4687891758381326e-05,5.216765913827774e-05,0.0001018853374165857,7.821844595573259e-05,6.606139846639897e-05,0.00013145537717506326,7.056768817388015e-05
2023-11-22,9.92197904806224e-05,3.4687891758381326e-05,9.785349067709344e-05,5.6763073910614335e-05,7.766900989724323e-05,0.0001260446553603188,7.954350301623895e-05
2023-11-23,5.415301707513076e-06,9.92197904806224e-05,9.793546866530518e-05,9.780553447368793e-05,7.850458166620831e-05,0.00011152042051414765,7.373158378831478e-05
2023-11-24,1.6503573734535474e-05,5.415301707513076e-06,9.238425864783765e-05,2.028736574369851e-05,2.1951480585483495e-05,9.757909103593498e-05,6.86332347036183e-05
2023-11-27,3.1966602564582776e-05,1.6503573734535474e-05,8.783141755303951e-05,3.238978376494872e-05,4.247001837802315e-05,8.910171540048606e-05,6.760464590896004e-05
2023-11-28,4.815263842716145e-05,3.1966602564582776e-05,8.44795286537321e-05,4.269504246317211e-05,3.9413928707148175e-05,7.90214698375039e-05,6.341437677354315e-05
2023-11-29,5.399228416938891e-05,4.815263842716145e-05,8.229991524013786e-05,5.293651858192011e-05,4.663066404006648e-05,7.075554962410554e-05,5.958274365624482e-05
2023-11-30,9.825514906045532e-05,5.399228416938891e-05,8.060145737589292e-05,5.3484116836329265e-05,4.754039427903449e-05,6.400013865225031e-05,5.672660822520561e-05
2023-12-01,7.236455127503112e-05,9.825514906045532e-05,8.166067887696669e-05,8.685235686202488e-05,8.282315027797819e-05,6.463175571963699e-05,6.152217605864554e-05
2023-12-04,5.773075288388572e-05,7.236455127503112e-05,8.110291122085056e-05,8.264628905410771e-05,7.585801671626171e-05,5.971608601157338e-05,5.792286171285692e-05
2023-12-05,0.00011386779756967622,5.773075288388572e-05,7.970058172063267e-05,7.720222830303565e-05,0.00011234801837921879,7.52296286024178e-05,7.98659423641532e-05
2023-12-06,9.167119360130869e-05,0.00011386779756967622,8.17506146715753e-05,0.00011355384503477007,9.679484461776913e-05,6.743072619492479e-05,7.4014434992855e-05
2023-12-07,6.652564449644912e-05,9.167119360130869e-05,8.234584940735932e-05,0.00010634194460182289,0.00010377462415968758,6.717753518164425e-05,7.629188555448204e-05
2023-12-08,9.598066469262161e-05,6.652564449644912e-05,8.139663711270471e-05,8.875107798726852e-05,7.747523287352455e-05,7.921740058727009e-05,7.087919023984963e-05
2023-12-11,4.864267706574512e-05,9.598066469262161e-05,8.227167876749973e-05,0.00010826575843907888,9.90906189259383e-05,7.314100196227471e-05,6.613104954468832e-05
2023-12-12,4.3188868767418465e-05,4.864267706574512e-05,8.025393866539444e-05,7.686270239415182e-05,7.17584839284027e-05,7.589172282149071e-05,6.196587143091193e-05
2023-12-13,7.864147807133441e-05,4.3188868767418465e-05,7.803003447151589e-05,6.781316903181502e-05,6.0679880412745894e-05,7.562491647282374e-05,5.8312081488006196e-05
2023-12-14,8.28568546568684e-05,7.864147807133441e-05,7.806672108750501e-05,8.98253494366181e-05,7.67475711826507e-05,7.868279654102308e-05,5.510689299853365e-05
2023-12-15,5.8964795532303674e-05,8.28568546568684e-05,7.835412910166682e-05,9.316150191519537e-05,9.10051311838351e-05,7.118671718889965e-05,5.33770990106556e-05
2023-12-18,2.9818541557575644e-05,5.8964795532303674e-05,7.719076908750504e-05,7.651479927502517e-05,7.150415677007508e-05,6.520181983312123e-05,5.077781298043777e-05
2023-12-19,2.6334673613101665e-05,2.9818541557575644e-05,7.434843543570929e-05,5.3141924054847897e-05,5.194448485841702e-05,6.357280688346745e-05,4.849765955205664e-05
2023-12-20,7.04457425554416e-05,2.6334673613101665e-05,7.146760972635283e-05,4.8308561059008666e-05,4.677474079393714e-05,6.051545974935589e-05,4.6497456574578816e-05
2023-12-21,8.634676281309819e-05,7.04457425554416e-05,7.140629769609816e-05,7.712573215620966e-05,0.00011793828312880666,8.906815186231994e-05,8.610778620105338e-05
2023-12-22,3.801580219384782e-05,8.634676281309819e-05,7.230272560311817e-05,8.564516505931562e-05,7.705616256505082e-05,8.785708040689984e-05,7.948992382273758e-05
2023-12-26,1.6530554139727234e-05,3.801580219384782e-05,7.024551019856195e-05,5.5751919653385084e-05,5.304631954420433e-05,7.775274155620217e-05,7.368463657703579e-05
2023-12-27,2.9637991996405756e-05,1.6530554139727234e-05,6.702261283503186e-05,3.602474956118465e-05,3.554985868278813e-05,7.60156076236897e-05,6.859205153119851e-05
2023-12-28,1.6331211850236047e-05,2.9637991996405756e-05,6.477953558471428e-05,4.8233986784749125e-05,4.57312736275557e-05,6.782480223208064e-05,6.412471891885989e-05
2023-12-29,3.6024036639661e-05,1.6331211850236047e-05,6.187263616064559e-05,3.266488617360163e-05,3.7594914038943946e-05,6.287830196196999e-05,6.217480417517847e-05
2024-01-02,8.490253946482665e-05,3.6024036639661e-05,6.0321720189386515e-05,4.452032607870016e-05,5.2965504291473914e-05,,
2024-01-03,6.816629099733903e-05,8.490253946482665e-05,6.179656934591293e-05,6.951991570679427e-05,0.00011013765723761141,9.61056040031895e-05,0.00011215562436558579
2024-01-04,5.627697654527591e-05,6.816629099733903e-05,6.217875264499852e-05,6.962809772260065e-05,9.541129451828836e-05,0.00010719391006845594,0.00012994634123480837
2024-01-05,8.772690004404965e-05,5.627697654527591e-05,6.182464607901517e-05,6.681641378105248e-05,8.020404857385343e-05,0.00010176670763327038,0.00012630416553563727
2024-01-08,5.520402494222615e-05,8.772690004404965e-05,6.337878131691725e-05,9.227055241601748e-05,7.816476863642665e-05,9.095230063806846e-05,0.00011554765006409565
2024-01-09,6.500527871307824e-05,5.520402494222615e-05,6.28882959344358e-05,7.699055864877578e-05,7.272236722124683e-05,0.00012479888721296398,0.00010755959409611741
2024-01-10,4.772179798805128e-05,6.500527871307824e-05,6.301531490115434e-05,8.11528748234292e-05,7.399912856715088e-05,0.00011078313417213635,9.902127981458552e-05
2024-01-11,0.0001390866410664754,4.772179798805128e-05,6.209770388636816e-05,6.872024165769461e-05,6.486078213210475e-05,0.00010357844826059846,9.166651754732459e-05
2024-01-12,8.954666314497716e-05,0.0001390866410664754,6.671704011717462e-05,0.0001188854580134557,9.877211241962792e-05,9.268052555961785e-05,8.515280076684349e-05
2024-01-15,1.4239593696047521e-05,8.954666314497716e-05,6.808681749884277e-05,9.79499864111833e-05,9.003037798063734e-05,8.345967822004407e-05,7.950116828170652e-05
2024-01-16,0.00010363111796762778,1.4239593696047521e-05,6.485598407067506e-05,3.864752438579804e-05,3.7081994990248375e-05,7.527779200078709e-05,7.426661590370664e-05
2024-01-17,8.739282570785598e-05,0.00010363111796762778,6.718249210449223e-05,9.772965202384733e-05,8.632181756826794e-05,6.838024430137853e-05,6.969828711940186e-05
2024-01-18,7.871128480176756e-05,8.739282570785598e-05,6.839511212069406e-05,9.457345612670385e-05,0.00010323189800492678,7.147363217314487e-05,7.685821503848247e-05
2024-01-19,5.9252724128655673e-05,7.871128480176756e-05,6.901408248155849e-05,8.67191060569778e-05,7.44557035111589e-05,8.956772435611196e-05,7.280160887022786e-05
2024-01-22,8.091191486730274e-05,5.9252724128655673e-05,6.842840098038433e-05,7.432482483856995e-05,6.935469587344558e-05,0.00012427906875714826,6.98849559154695e-05
2024-01-23,5.742905524842934e-05,8.091191486730274e-05,6.917741181359945e-05,9.742196339979682e-05,9.297832018896312e-05,0.00011036698921980643,6.594287722466978e-05
2024-01-24,7.280985410959215e-05,5.742905524842934e-05,6.847251041968925e-05,7.994658532563584e-05,7.390862754556355e-05,0.0001005591356367288,6.239958606517653e-05
2024-01-25,7.83649729124031e-05,7.280985410959215e-05,6.873275104108344e-05,8.771952450127071e-05,8.145399909922692e-05,9.11695195334115e-05,5.92377306394615e-05
2024-01-26,7.310003547383364e-05,7.83649729124031e-05,6.931068435336262e-05,9.095182875563925e-05,9.017893116051555e-05,8.42467567787024e-05,5.91144459766196e-05
2024-01-29,4.379555153907331e-05,7.310003547383364e-05,6.95380454205909e-05,9.012708391990931e-05,9.444586681597942e-05,7.992293882982573e-05,6.099629047010636e-05
2024-01-30,5.1394762644320854e-05,4.379555153907331e-05,6.799349578769983e-05,6.860822125536045e-05,6.328775946516764e-05,8.5299553836234e-05,5.8415930545313184e-05
2024-01-31,0.00013649022502261346,5.1394762644320854e-05,6.69975717990971e-05,7.353966817479551e-05,0.00011885886340880003,0.00010367918631442874,9.004490688517978e-05
2024-02-01,0.00011808517735834674,0.00013649022502261346,7.116713099250809e-05,0.00012015199669536335,0.00013216438811097954,0.00011476412246565921,0.00011188500055072528
2024-02-02,0.00011868779347957569,0.00011808517735834674,7.398221377445843e-05,0.00011612886153020527,0.00010288365650297466,0.0001505772431160366,0.00010451546274445869
2024-02-05,6.580400628467173e-05,0.00011868779347957569,7.666454855676548e-05,0.00012084760157209527,0.00010235715490027839,0.00013307814731624467,9.634772061576742e-05
2024-02-06,6.279761834353846e-05,6.580400628467173e-05,7.601291602043987e-05,9.551508468063671e-05,8.507243751890423e-05,0.0001176705195246335,8.912370386815626e-05
2024-02-07,6.280456405734637e-05,6.279761834353846e-05,7.52199981598258e-05,9.47363230439279e-05,9.931427608913616e-05,0.00010697641810034642,8.557730552225719e-05
2024-02-08,3.082343071081885e-05,6.280456405734637e-05,7.447507211367704e-05,8.96440082821691e-05,8.378477487651287e-05,0.00010891932214758896,8.011122247862778e-05
2024-02-09,2.5559931848690696e-05,3.082343071081885e-05,7.185597362950556e-05,5.887381038157969e-05,5.737564850344475e-05,9.719630096194685e-05,7.491608701343006e-05
2024-02-12,4.545451766164685e-05,2.5559931848690696e-05,6.907821112265667e-05,4.830838271633351e-05,4.448533112430944e-05,9.605561940428698e-05,7.05521414955758e-05
2024-02-13,0.00016883087666228828,4.545451766164685e-05,6.76607895149961e-05,6.061927952053735e-05,7.373143361607867e-05,9.232590265447839e-05,7.402233423518227e-05
2024-02-14,7.472719769727866e-05,0.00016883087666228828,7.373099474383366e-05,0.00011781463920108484,0.00011483381803801964,0.00010907148694646046,0.0001030062140446598
2024-02-15,6.39467395676888e-05,7.472719769727866e-05,7.379076692104037e-05,8.33342102126492e-05,7.645261134666605e-05,0.00010590294873325436,9.531409694918161e-05
2024-02-16,0.00011330174505127093,6.39467395676888e-05,7.320012527983928e-05,8.170023310424892e-05,7.366868303052851e-05,9.568920216400511e-05,8.82630151245494e-05
2024-02-19,1.565475860703876e-05,0.00011330174505127093,7.56062224661252e-05,0.00011778333729113547,0.0001341232100795027,0.00011262210222094908,0.00011645282504433098
2024-02-20,0.00012116154214424367,1.565475860703876e-05,7.200913463458001e-05,4.443720738174291e-05,4.3188569435179565e-05,0.00010118184792823439,0.00010689574884893479
2024-02-21,0.000110022436180448,0.00012116154214424367,7.495827908515984e-05,0.00010929743654614219,0.00013574340706424537,0.00011215341027181524,0.0001261215637684356
2024-02-22,6.931937456403928e-05,0.000110022436180448,7.706212851087715e-05,0.00010777146605453388,8.707116380236737e-05,0.00010400405776335718,0.00011553953239813397
2024-02-23,6.1864908401328e-05,6.931937456403928e-05,7.659756327406689e-05,8.813891611532478e-05,8.208894804469428e-05,0.0001265617616388881,0.00010723056857920965
2024-02-26,4.402816146182733e-05,6.1864908401328e-05,7.571360398170255e-05,8.010821385502546e-05,8.035862162775936e-05,0.00011512554898359935,0.00010223271064866176
2024-02-27,4.723977977815786e-05,4.402816146182733e-05,7.381247743051005e-05,7.385713313047929e-05,6.96611541433388e-05,0.00010267007483580905,9.459805351206048e-05
2024-02-28,4.176923856059491e-05,4.723977977815786e-05,7.221811557136891e-05,7.108586086687251e-05,6.659563671046795e-05,9.225130207991103e-05,8.760585753597769e-05
2024-02-29,9.67794681870497e-05,4.176923856059491e-05,7.039118295072247e-05,6.271101066512986e-05,8.97288886545762e-05,9.520365917767916e-05,9.696250574512317e-05
2024-03-01,5.282010511737429e-05,9.67794681870497e-05,7.197448006490211e-05,9.402426892331846e-05,8.170273149697561e-05,9.864475951553666e-05,9.014424363747449e-05
2024-03-04,3.539280861713414e-05,5.282010511737429e-05,7.082521756805045e-05,7.047637929082738e-05,6.232028779169432e-05,0.00010781067740280057,8.434689951741212e-05
2024-03-05,8.041737331361408e-05,3.539280861713414e-05,6.869927303099548e-05,5.7612330908367104e-05,7.283908069261914e-05,9.96577423105136e-05,8.274595467965228e-05
2024-03-06,0.00011161741360533726,8.041737331361408e-05,6.940235904795261e-05,8.64350983109297e-05,0.00012646993742304954,0.00012047839234717423,0.00011745111596692015
2024-03-07,8.363142309721304e-05,0.00011161741360533726,7.19352623213957e-05,0.00010778878808359982,9.124052310783361e-05,0.00010732788401376342,0.00010775425836002818
2024-03-08,0.0001743874275176796,8.363142309721304e-05,7.263703196794476e-05,9.380031735305774e-05,8.26519810810088e-05,0.00010941348866725013,9.967560893446551e-05
2024-03-11,0.00014585107695557704,0.0001743874275176796,7.874205570092887e-05,0.00014296536762729262,0.00016713259272937395,0.00011578410790009932,0.0001153071781746279
2024-03-12,0.00010094971467182245,0.00014585107695557704,8.276859697620778e-05,0.00014717046240635834,0.00014218644726433466,0.00010528817537121786,0.00010857363152858726
2024-03-13,5.5329984857418943e-05,0.00010094971467182245,8.385946403794468e-05,0.00012760796535489423,0.00011867301062701749,0.00010937901323901994,0.00010045747172123203
2024-03-14,0.00011564702947418257,5.5329984857418943e-05,8.214769528711313e-05,9.265305608713944e-05,0.00011384174966870814,0.00010434972816054071,0.00010121436436612323
2024-03-15,8.030079371023019e-05,0.00011564702947418257,8.415765533833731e-05,0.00013189945773751333,0.000135709643003554,9.826469868780548e-05,9.959944302292713e-05
2024-03-18,6.228529243737619e-05,8.030079371023019e-05,8.392624364065089e-05,0.00010589421453736079,0.00014197660057627126,0.00010805587494787973,0.00011758813408322683
2024-03-19,8.363462715606824e-05,6.228529243737619e-05,8.262778656845442e-05,8.88320057752246e-05,8.016711120829192e-05,0.00010458985222161847,0.00010815816411733435
2024-03-20,0.00012974350447920576,8.363462715606824e-05,8.268819700371126e-05,9.991626490870344e-05,8.931806421763434e-05,9.353801538457457e-05,9.955010781412955e-05
2024-03-21,5.402097520778537e-05,0.00012974350447920576,8.551151545224094e-05,0.00013074721920315626,0.00011842214990649909,0.00010596512198780299,9.272875526221183e-05
2024-03-22,4.646519347827102e-05,5.402097520778537e-05,8.36220830375736e-05,8.313587152402413e-05,7.898182295339034e-05,9.45895189595334e-05,8.593754636323943e-05
2024-03-25,4.0098627080417535e-05,4.646519347827102e-05,8.139266966401545e-05,7.438159371476701e-05,7.122029431994233e-05,8.546511516722546e-05,8.060720902008687e-05
2024-03-26,3.480384584213557e-05,4.0098627080417535e-05,7.891502710899957e-05,6.726265371050789e-05,7.021501666723751e-05,7.78794758641002e-05,7.615040533575409e-05
2024-03-27,5.29819891378611e-05,3.480384584213557e-05,7.626835623298774e-05,5.908780308511521e-05,6.519104168734854e-05,7.293226908223119e-05,7.408040254595632e-05
2024-03-28,3.369947626306087e-05,5.29819891378611e-05,7.487117420728015e-05,6.69816394104464e-05,6.046062627516922e-05,6.627951967255166e-05,6.948657728223055e-05
2024-04-01,7.692919224670985e-05,3.369947626306087e-05,7.240087233062699e-05,5.2735751840817694e-05,5.426484437123878e-05,6.224661703108771e-05,6.725271426113742e-05
2024-04-02,5.850204188152497e-05,7.692919224670985e-05,7.267257152559196e-05,7.95029408962331e-05,7.199600396249878e-05,5.7255586519016467e-05,6.347143561985016e-05
2024-04-03,8.786348546964316e-05,5.850204188152497e-05,7.182233974694795e-05,7.205588650437453e-05,9.227680092333596e-05,6.507687060433756e-05,7.538671970616845e-05
2024-04-04,0.00012747063817090953,8.786348546964316e-05,7.278480849030967e-05,9.271350061967295e-05,7.708568310995895e-05,5.969058196018421e-05,7.064550559813526e-05
2024-04-05,0.00011583193185594478,0.00012747063817090953,7.606595827114569e-05,0.00011747300475614115,0.00017026299707680894,9.947031752715422e-05,0.00012408478055691237
2024-04-08,7.650953849315038e-05,0.00011583193185594478,7.845191668623365e-05,0.00012319928969058733,0.00011231198982674355,0.00010671229831677329,0.00011421639987678303
2024-04-09,0.00011336666858647171,7.650953849315038e-05,7.833537399464866e-05,0.00010200936267480508,0.00010357730168853822,9.527934614223878e-05,0.00010496432815342126
2024-04-10,0.00038465505722306604,0.00011336666858647171,8.043725167015805e-05,0.00012787296724518673,0.000113566836245267,8.62632434924556e-05,9.676035262874368e-05
2024-04-11,0.0001098401531808743,0.00038465505722306604,9.86903200033326e-05,0.00024732618318348365,0.00021220120049459943,9.558811219152574e-05,0.00011219398852936893
2024-04-12,8.425930564022395e-05,0.0001098401531808743,9.935930999398512e-05,0.00013905424293881216,0.0001214517488270814,0.00011316821004976473,0.00010406704073717032
2024-04-15,0.000137880504183325,8.425930564022395e-05,9.845330973275946e-05,0.00012052085459190723,0.0002026587598031209,0.00014489217448440238,0.00015320076631144958
2024-04-16,0.00015618791838987583,0.000137880504183325,0.00010081894139979342,0.00015760787001197594,0.0002221628255175983,0.00016731541806359174,0.0001903582622161083
2024-04-17,0.0001779782137326221,0.00015618791838987583,0.00010414108001919838,0.00017083477999476067,0.0001545232895784684,0.00014692931315396225,0.00017203043104789488
2024-04-18,0.00011909856289961414,0.0001779782137326221,0.00010857130804200384,0.00017203612211630316,0.000202977498066004,0.00015606850230149517,0.00018988683685536187
2024-04-19,0.00024645260655629557,0.00011909856289961414,0.00010920294333346046,0.0001448801540327263,0.00016907003961364283,0.00014757316371237508,0.00018436837619787534
2024-04-22,0.00011218800286903733,0.00024645260655629557,0.0001174379231268306,0.00021821073518047765,0.00028793147900760166,0.00018943955453126445,0.00024402691289532967
2024-04-23,8.247859620923121e-05,0.00011218800286903733,0.000117122927911363,0.00015079294684826105,0.00013980511625498416,0.00017547797045299433,0.00021971063583944272
2024-04-24,0.00013158167537938848,8.247859620923121e-05,0.0001150442680092351,0.00012565460918197415,0.00011560603726338348,0.00018885961370397925,0.00019914025433459082
2024-04-25,0.0002871666399280153,0.00013158167537938848,0.00011603651245144431,0.00015244820376951554,0.00016593748333704374,0.00017776852510628305,0.00019534816814314725
2024-04-26,7.226803323359524e-05,0.0002871666399280153,0.00012630432010003861,0.00023290107753216885,0.0001696320464214064,0.00018926052879079713,0.00017760180532634554
2024-04-29,7.726909335180583e-05,7.226803323359524e-05,0.000123062142888052,0.00011501855500682052,0.00010867999497422044,0.00016567690129292947,0.00016078074102853084
2024-04-30,0.00013769568027688898,7.726909335180583e-05,0.00012031455991587725,0.00011559839592455646,0.0001039044539014605,0.0001469546401191155,0.00014600459987836249
2024-05-01,0.00023856740235162196,0.00013769568027688898,0.00012135742713753797,0.0001565850965810392,0.0002481847777683928,0.0002040456147396342,0.00023022429718280995
2024-05-02,0.00013249517874928975,0.00023856740235162196,0.00012839002565038306,0.0002104088569765942,0.00017725366639471474,0.00017971301409635767,0.0002087074370944768
2024-05-03,0.00015439861216024587,0.00013249517874928975,0.00012863633483631748,0.00015334114515305053,0.0001303658600849123,0.00018229954303199247,0.0001890867796159512
2024-05-06,2.3066538732411088e-05,0.00015439861216024587,0.0001301820714757532,0.00017396257192713643,0.00013398960612736701,0.00018673800577553455,0.00017186021114197882
2024-05-07,3.2733487011942276e-05,2.3066538732411088e-05,0.00012375513951115265,6.725334014989668e-05,6.759455030660865e-05,0.00017115709036092582,0.00015599700429935325
2024-05-08,2.868443817836453e-05,3.2733487011942276e-05,0.00011829384036120002,7.055825734991575e-05,6.629354212274345e-05,0.0001502993910081567,0.000141772377470475
2024-05-09,4.570711637850894e-05,2.868443817836453e-05,0.00011291727623022988,5.681541256011892e-05,5.704285707182644e-05,0.00013381916761905983,0.0001307375450244489
2024-05-10,4.921090809555226e-05,4.570711637850894e-05,0.00010888466663912663,6.461283497019498e-05,6.0523304498027565e-05,0.00011872055000782255,0.0001194711913743871
2024-05-13,2.8064272914527357e-05,4.921090809555226e-05,0.00010530424112651217,6.091795341773046e-05,5.336013738368388e-05,0.00010542170165617026,0.00010951603097010441
2024-05-14,5.744468469026247e-05,2.8064272914527357e-05,0.00010066984303379308,4.768203669767853e-05,4.445276328502625e-05,9.434256092457175e-05,0.00010075151383176061
2024-05-15,6.88197896404825e-05,5.744468469026247e-05,9.807633353318124e-05,6.84068440246194e-05,5.6601319542860524e-05,8.811770176953242e-05,9.31420641472984e-05
2024-05-16,3.6181826201473655e-05,6.88197896404825e-05,9.632094089961932e-05,7.876630893883309e-05,6.096902228501179e-05,0.0001037583326668613,8.716112895543017e-05
2024-05-17,3.0551430481013825e-05,3.6181826201473655e-05,9.271259401773058e-05,5.7599253168171616e-05,6.152774256384183e-05,9.513987783418026e-05,8.390924728068554e-05
2024-05-20,3.16993274224627e-05,3.0551430481013825e-05,8.898292420552757e-05,5.114842519717779e-05,5.0932895822565196e-05,8.556097820314598e-05,7.840441794536238e-05
2024-05-21,1.702446432870579e-05,3.16993274224627e-05,8.554590839854368e-05,5.2134208450337855e-05,4.549860373461511e-05,8.027159328585227e-05,7.342207368258169e-05
2024-05-22,7.589047692308052e-05,1.702446432870579e-05,8.143462175435339e-05,3.5656003059060796e-05,3.433590670210731e-05,7.283263303810946e-05,6.891972773125263e-05
2024-05-23,8.788878619793753e-05,7.589047692308052e-05,8.110197306447703e-05,7.020629372588148e-05,6.283606803354774e-05,6.620753218104436e-05,6.493480567697617e-05
2024-05-24,4.745416539955999e-05,8.788878619793753e-05,8.150918185248466e-05,7.997338523062461e-05,9.904705456293028e-05,6.911866270643899e-05,7.201505177144791e-05
2024-05-27,8.966937872720685e-06,4.745416539955999e-05,7.946588086530919e-05,6.226169702918008e-05,5.828825862259908e-05,7.22461081522442e-05,6.800008009243824e-05
2024-05-28,5.299647899831251e-05,8.966937872720685e-06,7.523594428575387e-05,2.642855774049407e-05,2.5764358360762464e-05,6.709905792118628e-05,6.418126291425887e-05
2024-05-29,6.0552241254775576e-05,5.299647899831251e-05,7.39015763685074e-05,6.368634056564133e-05,5.94459089543809e-05,6.15289350521197e-05,6.0931620419548286e-05
2024-05-30,7.468385621104444e-05,6.0552241254775576e-05,7.31006162616835e-05,6.645361677771425e-05,9.096889106160756e-05,7.493728389685109e-05,8.122750166457399e-05
2024-05-31,0.00011997237267528665,7.468385621104444e-05,7.319561065864517e-05,7.196869226236333e-05,8.436374506328789e-05,7.92901906791075e-05,8.988645465813368e-05
2024-06-03,9.796991333657664e-05,0.00011997237267528665,7.600221637964366e-05,9.491653301129317e-05,8.364597602528069e-05,7.27100201036133e-05,8.445899141668896e-05
2024-06-04,0.00010613970476177201,9.796991333657664e-05,7.732027819705964e-05,0.00010278775152692763,9.106350536235898e-05,6.811699153155412e-05,7.871907579510419e-05
2024-06-05,4.876551856966488e-05,0.00010613970476177201,7.90494437909424e-05,0.00011182627227571846,0.00010222634379148656,6.226823447785198e-05,7.358336649016743e-05
2024-06-06,4.170725710592775e-05,4.876551856966488e-05,7.723240827766575e-05,7.787127534356127e-05,7.378751794709227e-05,0.00010242259900748462,7.062467929934146e-05
2024-06-07,9.088447614730894e-05,4.170725710592775e-05,7.510089920736147e-05,6.96798738127372e-05,6.878379366315808e-05,9.21757483771806e-05,6.712326309859331e-05
2024-06-10,4.284753025942365e-05,9.088447614730894e-05,7.604791382375832e-05,9.749039950882869e-05,9.04535033989201e-05,8.418447779823814e-05,6.493953465427235e-05
2024-06-11,4.848913565318163e-05,4.284753025942365e-05,7.405589080989823e-05,6.547273401240302e-05,6.092187104252326e-05,7.698221596141289e-05,6.147035562401406e-05
2024-06-12,0.00014652661484690696,4.848913565318163e-05,7.252188550049524e-05,6.541641485047995e-05,6.157838993434016e-05,7.433029794134197e-05,5.853765999603207e-05
2024-06-13,6.467770379429666e-05,0.00014652661484690696,7.696216926127997e-05,0.00011736682239237637,9.052646531351231e-05,0.00010528250568154223,5.71009287786729e-05
2024-06-14,6.0553779445863004e-05,6.467770379429666e-05,7.622510133326098e-05,8.389831351644684e-05,7.577006869401767e-05,9.41713480177017e-05,5.470467384903246e-05
2024-06-17,5.620279094845793e-05,6.0553779445863004e-05,7.52848220200171e-05,7.905260045095019e-05,7.407433638744903e-05,8.556993265866556e-05,5.2446369553914074e-05
2024-06-18,3.0841744257355396e-05,5.620279094845793e-05,7.413990015572355e-05,7.811664286298006e-05,7.234427229794974e-05,9.133829535307381e-05,5.0917982940675516e-05
2024-06-19,4.389109943351793e-06,3.0841744257355396e-05,7.154201080182146e-05,5.772649276354605e-05,5.478992873184825e-05,8.201241137436979e-05,4.905929025259551e-05
2024-06-20,0.00010670158298562164,4.389109943351793e-06,6.751283675031327e-05,1.8478462032018915e-05,1.97456902925545e-05,7.404607868947643e-05,4.742009584621439e-05
2024-06-21,7.903767187229457e-05,0.00010670158298562164,6.986416152443179e-05,8.11844085432529e-05,9.353408847737841e-05,8.05641048759977e-05,6.271151444877847e-05
2024-06-24,0.00013002611773630778,7.903767187229457e-05,7.041457214530358e-05,7.232040391280428e-05,6.936450918156512e-05,7.44179227576249e-05,6.123650865156705e-05
2024-06-25,5.34134797864203e-05,0.00013002611773630778,7.399126488076385e-05,9.628466558253851e-05,0.00011833750187850452,9.316519300942645e-05,9.093714408978745e-05
2024-06-26,6.698342218245038e-05,5.34134797864203e-05,7.275659777510323e-05,6.71702652300826e-05,6.19651552130289e-05,9.564925008536453e-05,8.478694010278979e-05
2024-06-27,6.98479501053785e-05,6.698342218245038e-05,7.241020723954407e-05,9.13688074586898e-05,8.92065730330941e-05,8.631695995631278e-05,7.953130800936664e-05
2024-06-28,0.00010796291572634558,6.98479501053785e-05,7.225647181149415e-05,9.042575140148417e-05,8.449763343504723e-05,8.022506025697318e-05,7.439090521300365e-05
2024-07-01,0.00013772248788221424,0.00010796291572634558,7.439885844638525e-05,0.00011280031007542645,0.00011937721210911431,7.795221228173261e-05,7.632651904665372e-05
2024-07-02,5.441433954327148e-05,0.00013772248788221424,7.819827621253502e-05,0.00012674460270115882,0.00011081818692011927,7.166912142801213e-05,7.151288462452377e-05
2024-07-03,2.952759079133137e-05,5.441433954327148e-05,7.677124001237922e-05,8.326666209608446e-05,7.88908380596715e-05,7.438410260840925e-05,6.755578202063283e-05
2024-07-04,3.774334782776939e-06,2.952759079133137e-05,7.393662105911634e-05,5.928641760890759e-05,5.592955660141381e-05,7.428408287376283e-05,6.398117618654674e-05
2024-07-05,3.5222188289518453e-05,3.774334782776939e-06,6.972688388253599e-05,1.874693261471848e-05,2.354723652316634e-05,6.871316613323184e-05,6.194715270541538e-05
2024-07-08,2.0765193967310023e-05,3.5222188289518453e-05,6.765660214695494e-05,4.7156469340532713e-05,4.433738354689843e-05,7.265181745937467e-05,5.9147573382935785e-05
2024-07-09,4.166501009120016e-05,2.0765193967310023e-05,6.484311765617624e-05,3.233652380469094e-05,3.082441210380581e-05,6.762537371199937e-05,5.6380959630950616e-05
2024-07-10,2.2000685367498614e-05,4.166501009120016e-05,6.345243120227768e-05,4.3229449994444175e-05,3.863809531576927e-05,6.1906441366308e-05,5.398231579104803e-05
2024-07-11,0.00014751388617204202,2.2000685367498614e-05,6.096532645219092e-05,3.1655526312222124e-05,3.0037705334722554e-05,6.622219051043682e-05,5.210201543455538e-05
2024-07-12,8.56667544543109e-05,0.00014751388617204202,6.6158240035382e-05,9.753230134041802e-05,0.00014098600381181825,0.00013436300771868623,0.00014648320639477764
2024-07-15,8.096030846969583e-05,8.56667544543109e-05,6.732875090051775e-05,8.122295185417246e-05,7.335973059107986e-05,0.00012076044167576228,0.00013341638048154796
2024-07-16,9.52217081599211e-05,8.096030846969583e-05,6.814664435466845e-05,8.743152393333819e-05,8.033541685282118e-05,0.00010835162969971524,0.0001218638646974788
2024-07-17,0.00010143024540317998,9.52217081599211e-05,6.977114818298362e-05,0.00010003527244359634,9.725576089735873e-05,9.776345774014503e-05,0.00011292349631404938
2024-07-18,0.00024250720854397507,0.00010143024540317998,7.167069401619542e-05,0.00011521723535863314,0.0002528477801184094,0.0002002471553830753,0.0002517656447110151
2024-07-19,0.00018191468734050052,0.00024250720854397507,8.192088488786225e-05,0.0001784839518211708,0.0001667054139571595,0.00017804676291960654,0.00022964877535214059
2024-07-22,0.00015237245475967394,0.00018191468734050052,8.792051303502057e-05,0.00016852385562413013,0.0002057440466832871,0.0001803701504632225,0.00023770249586028123
2024-07-23,0.00010990226368488796,0.00015237245475967394,9.178762953849979e-05,0.00016313904334592187,0.00014399861176950636,0.00017980508260225281,0.00021455192437873005
2024-07-24,0.00013692083680470646,0.00010990226368488796,9.28745075872831e-05,0.00014252522810712863,0.00013823099384029054,0.00015876093690597238,0.0001945983800185804
2024-07-25,0.00035924779751767883,0.00013692083680470646,9.551728734032852e-05,0.00016081467883043203,0.0003033194251701523,0.00030415570148403695,0.00039265084086810966
2024-07-26,0.00022850842665633614,0.00035924779751767883,0.00011134111795096959,0.0002576242317048749,0.00028233666666133383,0.0002946018987198025,0.0003899548504390762
2024-07-29,0.00014192823669284947,0.00022850842665633614,0.00011837115647329162,0.000214911397494772,0.00018314422043651685,0.00026423983584755235,0.00034836493234237305
2024-07-30,0.0002882074775165217,0.00014192823669284947,0.0001197845812864651,0.00017316444115120716,0.00016024670580179584,0.0002299947061966168,0.0003113881963803583
2024-07-31,0.00020899690773841935,0.0002882074775165217,0.00012988995506026856,0.0002564618045414814,0.0002937831434028576,0.00025357018738297963,0.00034772649381013343
2024-08-01,0.00030140960497821275,0.00020899690773841935,0.00013463637222095766,0.0002292615071764574,0.0002094966652252023,0.00038817218817467956,0.00031655132349594876
2024-08-02,0.00064264464456363,0.00030140960497821275,0.000144642766186393,0.0002690879930151568,0.0004285850906016155,0.0004776455758501925,0.00047023127257314997
2024-08-05,0.0018068361311065024,0.00064264464456363,0.00017452287888902732,0.00041351595147100397,0.0004683658324870707,0.0004966363260135769,0.0005294549274540501
2024-08-06,0.0005586825668158668,0.0018068361311065024,0.00027246167402207615,0.0008141978764460522,0.0007213151851825214,0.00048413318009180934,0.0005436497616209199
2024-08-07,0.0004222833718183342,0.0005586825668158668,0.00028963492758970365,0.0005103001528858333,0.0004726305754450548,0.0004194740807574725,0.00048565279761429286
2024-08-08,0.0004885576800115068,0.0004222833718183342,0.0002975938342434215,0.0004801193980724592,0.00048202564666215136,0.0003910778341360003,0.00046927104999231725
2024-08-09,0.00024638965057159325,0.0004885576800115068,0.0003090516649895067,0.0005370395168837627,0.0004637944708196788,0.0005174240908975337,0.0004241393798198723
2024-08-12,0.00024125248809036542,0.00024638965057159325,0.0003052919441244319,0.00037261432903558074,0.00033557373835501253,0.0004461891981683751,0.00037820710105472034
2024-08-13,8.662780405313757e-05,0.00024125248809036542,0.0003014495767623879,0.00032001381784790535,0.0002681890710470693,0.00038520706385133686,0.0003376934941404268
2024-08-14,0.00014237352091004465,8.662780405313757e-05,0.0002885602703998329,0.0001765194281472539,0.00016456768587105452,0.0004047181946396686,0.0003044415528377356
2024-08-15,0.00010266643559552293,0.00014237352091004465,0.00027978906543044564,0.00020464606893594005,0.00018472383742801558,0.00034993820279415413,0.00027264886873873433
2024-08-16,6.844720659489084e-05,0.00010266643559552293,0.00026916170764035025,0.0001579364931299947,0.00013455929916950433,0.00035592632723300866,0.00024644235636287344
2024-08-19,9.56463469591479e-05,6.844720659489084e-05,0.0002571188375776227,0.00011978487517331735,0.00011279582438952644,0.0003080940227913228,0.00022149229726856678
2024-08-20,7.349230071378357e-05,9.56463469591479e-05,0.00024743048814051416,0.00012969094132563518,0.00011727918010013458,0.0002844169423536933,0.00020010011758226943
2024-08-21,0.00010409341968307652,7.349230071378357e-05,0.0002369941968949103,0.0001133515183161354,0.00011282679465303999,0.0002488374853513731,0.00018269037069871185
2024-08-22,0.00012977525753858502,0.00010409341968307652,0.00022902015026220025,0.00012937537432286252,0.00011842545854264962,0.0002190321645290518,0.00016536388833019342
2024-08-23,0.00018271329450600605,0.00012977525753858502,0.00022306545669878336,0.00014541300230307182,0.00020059825961465878,0.00022724333541689038,0.0001965807559529106
2024-08-26,0.00010894197881227856,0.00018271329450600605,0.00022064432696721674,0.00018228327492574972,0.00013567997708781708,0.00020450477311054945,0.00017775345759939778
2024-08-27,7.811065627723053e-05,0.00010894197881227856,0.00021394218607792044,0.0001449913618485861,0.00018254814645582014,0.00019903939105811254,0.00018678302620214092
2024-08-28,0.00023258616123556192,7.811065627723053e-05,0.00020579229428987903,0.00012475139814710647,0.00011303159505814812,0.00017524547406916793,0.00016892777011013062
2024-08-29,0.00021086192468718854,0.00023258616123556192,0.00020739992630662004,0.00021645806854226607,0.0002461395760318324,0.0001948717984263903,0.00020636422079063632
2024-08-30,0.0001049571126411341,0.00021086192468718854,0.00020760764620945417,0.00021417011174099053,0.00019143744671020282,0.00017462374052101793,0.00018630273245100217
2024-09-02,2.090550185961804e-05,0.0001049571126411341,0.00020144861419535496,0.000149867474267644,0.00013953153135053844,0.00015805399932043205,0.00016863667313421417
2024-09-03,0.0001626096060879718,2.090550185961804e-05,0.00019061602745521075,6.358507771175348e-05,6.450842371641345e-05,0.0001393924252137667,0.00015289267267872383
2024-09-04,0.0002104667786487569,0.0001626096060879718,0.00018893564217317642,0.0001675742412738329,0.0003332908625226174,0.0002823644156493756,0.0003488956489924042
2024-09-05,0.00022192860396961201,0.0002104667786487569,0.0001902275103617113,0.00018494898190113125,0.0001680484356938378,0.0002463163107631094,0.0003129852230758947
2024-09-06,0.0002802833718376536,0.00022192860396961201,0.00019212957597818534,0.00018928261551700914,0.00017298459813813952,0.00021591232204655467,0.00028179199482039104
2024-09-09,0.00013360909857863609,0.0002802833718376536,0.00019741880372975347,0.00022521615527419225,0.00033535435686354224,0.0003096408354775395,0.00041190410913353445
2024-09-10,0.00015878224206052752,0.00013360909857863609,0.00019359022142068644,0.00018332422352149128,0.00016907950630961523,0.0003082949351121014,0.0003687985713658356
2024-09-11,0.00023206937269258199,0.00015878224206052752,0.00019150174265907693,0.0001973748381231843,0.00017813621348285023,0.00027009610621413666,0.0003295004718038368
2024-09-12,0.00013984622242248587,0.00023206937269258199,0.00019393580046108728,0.00023572577056904287,0.00020279630702542325,0.0002877759224700447,0.0002965816587454676
2024-09-13,7.012040287289662e-05,0.00013984622242248587,0.00019069042577877121,0.00018196978520586897,0.00016856574720561484,0.0002564354301102464,0.0002659507191131133
2024-09-16,0.0001091659753579595,7.012040287289662e-05,0.00018345622440441874,0.00012031929873567518,0.00011455718926144821,0.0002243922251921889,0.0002387489653454266
2024-09-17,9.261366827924878e-05,0.0001091659753579595,0.0001789988094616312,0.0001447494811656303,0.00015037791722727844,0.00019978151579041264,0.00021955658227780858
2024-09-18,0.00023073202563749667,9.261366827924878e-05,0.00017381570099068825,0.00012949470741551716,0.00012093371895955982,0.00017468186692766338,0.00019778225565076076
2024-09-19,0.0001129171870105285,0.00023073202563749667,0.00017723068046949679,0.00019597934004112545,0.0001781306646115671,0.00015468734417507362,0.0001801741958217858
2024-09-20,6.447275569827188e-05,0.0001129171870105285,0.00017337187086195868,0.0001402170285891272,0.00012912270061364285,0.00018891729912115147,0.00016488366292887282
2024-09-23,7.314838236043876e-05,6.447275569827188e-05,0.00016683792395213748,0.00010807048467771433,0.0001064130341032271,0.00016724821185370994,0.00015164482698792065
2024-09-24,7.572959466662003e-05,7.314838236043876e-05,0.00016121655145663556,0.00011083198026636242,0.00010258216727597282,0.00014710143347429318,0.00013790168671145938
2024-09-25,4.982984817001086e-05,7.572959466662003e-05,0.00015608733404923463,0.00011049187903693083,9.834105122920145e-05,0.00013254656085986158,0.0001258811116396514
2024-09-26,9.190476962830616e-05,4.982984817001086e-05,0.0001497118848964812,8.16595461728611e-05,7.585832032817983e-05,0.00011749202688170038,0.0001151826131192277
2024-09-27,8.543147417895705e-05,9.190476962830616e-05,0.0001462434579803907,0.00010604406297783776,9.699120327901369e-05,0.00010608233075869525,0.00010580304270347647
2024-09-30,0.00010461263150948981,8.543147417895705e-05,0.00014259473895230468,0.00010422237425454193,0.00012239229626878254,0.00010488675986753131,0.00011024636046833496
2024-10-01,0.00019422125279039098,0.00010461263150948981,0.0001403158125057358,0.00011675609023133985,0.00010650403087318035,9.368707585219433e-05,0.00010138705328876726
2024-10-02,0.00018673437364120414,0.00019422125279039098,0.00014355013892281514,0.00016553267525464108,0.0001844110309056655,0.00011260192263039988,0.00013024545530667571
2024-10-03,0.0001658578188738237,0.00018673437364120414,0.0001461411930059185,0.00018073366004059486,0.00016201252627458148,0.00010152305958828619,0.00011907275813346666
2024-10-04,0.0001544382492941923,0.0001658578188738237,0.00014732419055799283,0.00017880825927518428,0.00016756736084041533,9.571722238793553e-05,0.00011518052434678987
2024-10-07,8.055693959115345e-05,0.0001544382492941923,0.00014775103408216483,0.00018044133955944807,0.00016522332132390635,0.00010078187251608973,0.00010626949298241384
2024-10-08,0.00010045114121419088,8.055693959115345e-05,0.00014371938841270415,0.0001315016119480504,0.00017445407839369152,0.00010360535347062848,0.00011486629216483758
2024-10-09,5.810064727304202e-05,0.00010045114121419088,0.00014112329358079338,0.00013781917668137243,0.00012380345274079358,0.0001111502864162681,0.00010611798723144514
2024-10-10,6.039354123537139e-05,5.810064727304202e-05,0.00013614193480232831,9.865411750209073e-05,9.259785650160324e-05,0.00010468296257795079,9.795302716147685e-05
2024-10-11,5.1973691348544634e-05,6.039354123537139e-05,0.0001315970311883109,9.291440907937343e-05,8.761087537313212e-05,9.396953000566697e-05,9.106749889218512e-05
2024-10-14,4.3359796374327305e-05,5.1973691348544634e-05,0.0001268196307979249,7.972636099206009e-05,7.610350835357846e-05,8.491627164692006e-05,8.510942425923004e-05
2024-10-15,0.00010396118346215241,4.3359796374327305e-05,0.00012181204073250903,6.988979930885644e-05,6.615628073327881e-05,8.904961157831517e-05,7.966313103617964e-05
2024-10-16,6.284615230734607e-05,0.00010396118346215241,0.00012074098929628764,0.00010402458274040627,0.00014728240510767762,0.00011422827557667387,0.00011843237866767607
2024-10-17,0.00012013311870691044,6.284615230734607e-05,0.00011726729907695114,8.32006038124235e-05,7.849160815555179e-05,0.00010197445255413865,0.00010896081053224168
2024-10-18,5.064001101804162e-05,0.00012013311870691044,0.0001174392482547487,0.00011715204425209584,0.00010550814630195873,9.139214641349951e-05,0.00010026166662531084
2024-10-21,5.644260924855159e-05,5.064001101804162e-05,0.00011343129402054628,7.871425237418145e-05,7.474352576236489e-05,8.36806266330628e-05,9.264068266141024e-05
2024-10-22,5.721115133344601e-05,5.644260924855159e-05,0.00011001197293422659,8.395904996513213e-05,7.936721940505115e-05,7.579260405603137e-05,8.587038020833289e-05
2024-10-23,9.778733039972623e-05,5.721115133344601e-05,0.00010684392363817975,8.086850375886303e-05,7.817260942181469e-05,6.935962454985836e-05,8.049699087076758e-05
2024-10-24,8.21504988856073e-05,9.778733039972623e-05,0.00010630052804387255,0.00010639662826589821,0.00013326487620765666,8.623425786452181e-05,0.00010450435660204598
2024-10-25,8.065985659056896e-05,8.21504988856073e-05,0.00010485152629437664,9.575623100740724e-05,8.807361728708131e-05,8.012581089940387e-05,9.641337567399087e-05
2024-10-28,6.209091608811105e-05,8.065985659056896e-05,0.00010340002611214819,9.843359649085122e-05,8.850255419907586e-05,7.351379329681296e-05,8.922683115896281e-05
2024-10-29,8.272091767281024e-05,6.209091608811105e-05,0.00010092147951070597,8.794396537693113e-05,8.562517218006228e-05,6.68157465604686e-05,8.284691418809542e-05
2024-10-30,8.990215562350801e-05,8.272091767281024e-05,9.982944580043222e-05,0.00010273466824702604,9.4463731354887e-05,6.990772255889921e-05,7.753963442081187e-05
2024-10-31,0.00014654906876777557,8.990215562350801e-05,9.923380838981677e-05,0.00010593472918644687,0.00013820984147179007,7.954546927042979e-05,9.254770846212353e-05
2024-11-01,0.00010912258907697325,0.00014654906876777557,0.00010207272401249431,0.00013741186423711564,0.00019500054511474194,0.00014922623663489188,0.0001867608086577842
2024-11-04,0.0001021468505686746,0.00010912258907697325,0.00010249571591636306,0.00012267729993278482,0.00011078370072392084,0.00013487313189283892,0.00016898789140186346
2024-11-05,7.533805014960134e-05,0.0001021468505686746,0.00010247478399550176,0.0001231498164285105,0.00010836003494833103,0.0001210642314003934,0.00015525636496996077
2024-11-06,0.00016668142187651838,7.533805014960134e-05,0.00010084657996474774,0.00010630642614332386,9.537280304632371e-05,0.00012262193842266114,0.00014161834451077864
2024-11-07,5.615953115333655e-05,0.00016668142187651838,0.00010479667047945401,0.00015940513953417333,0.00014355261812490935,0.0001932248132900097,0.00013196329251659701
2024-11-08,3.5486653385040786e-05,5.615953115333655e-05,0.00010187844211988695,9.094380210365193e-05,8.613291234358688e-05,0.00019014865915626246,0.00012127939608354215
2024-11-11,4.135210646127381e-05,3.5486653385040786e-05,9.789493479579618e-05,6.806768101268147e-05,6.62839860491485e-05,0.00016665860832446952,0.00011127713032232941
2024-11-12,6.250206137241922e-05,4.135210646127381e-05,9.450236509572484e-05,6.819549819633951e-05,7.690604396391835e-05,0.00014682457951051124,0.00010270714154190677
2024-11-13,7.678209455198458e-05,6.250206137241922e-05,9.258234687232649e-05,8.109419011763409e-05,8.020094617248273e-05,0.0001305040872615416,9.587191630418168e-05
2024-11-14,9.52242413739348e-05,7.678209455198458e-05,9.163433173310599e-05,8.435632356768765e-05,7.785289864125769e-05,0.00011593654464754172,8.91256438614141e-05
2024-11-15,7.883988455658731e-05,9.52242413739348e-05,9.184972631155573e-05,9.649583827086534e-05,0.00010661114414790783,0.00011622072224443435,9.931431489899617e-05
2024-11-18,8.420331447397439e-05,7.883988455658731e-05,9.106913580625763e-05,9.398547109376575e-05,0.00019126274983202927,0.00017891565551126165,0.00019054579778518844
2024-11-19,0.00011896675193606547,8.420331447397439e-05,9.065718652632064e-05,0.00010172601964221591,9.250642011747053e-05,0.00016026910816989095,0.00017232684800682832
2024-11-20,0.0001320919004758469,0.00011896675193606547,9.235576045090534e-05,0.0001249806686163395,0.000103580381126949,0.00014364584969542507,0.00015623487974974622
2024-11-21,0.00027807626453198967,0.0001320919004758469,9.473992885240184e-05,0.00013677603717086049,0.00012594718457233835,0.00012732334563697118,0.0001425362590153113
2024-11-22,0.00011343988396956533,0.00027807626453198967,0.00010574010899317716,0.00020807182335763272,0.00018206522163732313,0.00011295645708746474,0.00012986758454007675
2024-11-25,8.461736252702222e-05,0.00011343988396956533,0.00010620209549176047,0.00014280375800450549,0.0001324140683929668,0.00010138960759440059,0.00011872315653574455
2024-11-26,8.360400305114783e-05,8.461736252702222e-05,0.00010490701151387617,0.00012522419066087292,0.00011851088079385043,9.05947564787994e-05,0.00010885635592227383
2024-11-27,5.9518914187010437e-05,8.360400305114783e-05,0.00010362883100611248,0.00012144322797016185,0.00011357888999683254,8.276965236629685e-05,0.00010021177520474041
2024-11-28,6.642715026003355e-06,5.9518914187010437e-05,0.00010098223599696636,9.839332649335456e-05,0.00013275360999101432,8.902874773922082e-05,0.00011058162787502148
2024-11-29,3.906395076419058e-05,6.642715026003355e-06,9.532186473870857e-05,2.7706250798222717e-05,2.940092949025641e-05,8.09395262726999e-05,0.00010171484509587839
2024-12-02,5.104023754887671e-05,3.906395076419058e-05,9.19463899002375e-05,5.670513456237966e-05,5.135537345926907e-05,7.460638579688421e-05,9.39169463971491e-05
2024-12-03,3.211969616900212e-05,5.104023754887671e-05,8.949202075915584e-05,6.135895089431654e-05,5.217272572611258e-05,7.880820113005373e-05,8.738054687427038e-05
2024-12-04,1.972286278690935e-05,3.211969616900212e-05,8.604968128374662e-05,4.623336519490335e-05,4.341392854565683e-05,7.350720930658798e-05,8.130211624440931e-05
2024-12-05,2.440134598033747e-05,1.972286278690935e-05,8.207007217393639e-05,3.4020700073591027e-05,3.28004698641407e-05,7.425629503412395e-05,7.612930674016635e-05
2024-12-06,3.614045421819527e-05,2.440134598033747e-05,7.860994860232045e-05,4.0898596738811685e-05,4.5702790103214066e-05,6.96538307577888e-05,7.383598833850336e-05
2024-12-09,4.285416142531511e-05,3.614045421819527e-05,7.606177893927294e-05,4.817914221714195e-05,4.5208537963929823e-05,6.952196836560022e-05,6.949424792305181e-05
2024-12-10,4.3922301182185966e-05,4.285416142531511e-05,7.406932188843546e-05,5.1300392159680895e-05,6.65919215641846e-05,7.263849602650883e-05,7.692240559815106e-05
2024-12-11,3.7857058503236835e-05,4.3922301182185966e-05,7.22605006460605e-05,5.3107928932702154e-05,5.202470763355322e-05,6.723168019377124e-05,7.326965452790791e-05
2024-12-12,4.2797341318984636e-05,3.7857058503236835e-05,7.019629411749108e-05,5.204081589670122e-05,4.766976373100505e-05,8.478163636859282e-05,6.959686579934422e-05
2024-12-13,7.779667324048852e-05,4.2797341318984636e-05,6.85523569495807e-05,5.716134081144656e-05,6.492385825342489e-05,8.248583186531857e-05,7.29152432085758e-05
2024-12-16,3.642458183213113e-05,7.779667324048852e-05,6.910701592703516e-05,7.904299255761598e-05,7.15748609427806e-05,7.905413382729388e-05,6.863156056632437e-05
2024-12-17,6.53556411888025e-05,3.642458183213113e-05,6.714606988134092e-05,5.5277930301654945e-05,5.2676691435905176e-05,0.000101604079619844,6.573785701961359e-05
2024-12-18,0.00042745974197185656,6.53556411888025e-05,6.703864415978862e-05,7.392712819224772e-05,7.970855083184508e-05,9.477266764124189e-05,6.686131059187143e-05
2024-12-19,0.00023407663338675537,0.00042745974197185656,8.866391002851278e-05,0.00020647308398826945,0.00030980804946521964,0.0002910598116519873,0.00033536060968219686
2024-12-20,0.00029402138601565065,0.00023407663338675537,9.738867343000738e-05,0.00017855221226552664,0.0001697217313314659,0.00025439783576987167,0.00030183420388458316
2024-12-23,0.00011333908018784023,0.00029402138601565065,0.00010918663618514602,0.00021854804145746997,0.0001831953480963414,0.00022506527347321644,0.00027048186420228595
2024-12-24,3.368610376524627e-05,0.00011333908018784023,0.00010943578282530768,0.00015380889490960355,0.00014463336141759905,0.00020302363194051832,0.00024293955517966603
2024-12-26,8.653013277361281e-05,3.368610376524627e-05,0.00010489080208170399,8.447380587918297e-05,8.512645123461628e-05,0.00019865250466893182,0.00021915289084572956
2024-12-27,0.00014708690806528545,8.653013277361281e-05,0.00010378916192321853,0.0001151064166893579,0.00011827384773993203,0.00017594826083530145,0.0001999738047932868
2024-12-30,0.00014192213945885305,0.00014708690806528545,0.00010638702669174256,0.00014170036498261767,0.00016859620327797038,0.00017741741133980843,0.00021001336257420544
2024-12-31,0.00017560546592443611,0.00014192213945885305,0.00010851913345776919,0.0001328591615701539,0.00017690003477558006,0.0001903133503011789,0.00023415026933374525
