entry_time,exit_time,dir,entry,exit,lots,pnl,risk_usd,reason,leg,R
2019-01-02 01:15:00,2019-01-02 09:10:00,1,1281.6200000000001,1286.26,0.62,283.33999999999213,495.9402829874593,TIME,drift,0.5713187851835719
2019-01-02 01:10:00,2019-01-02 16:35:00,1,1281.96,1284.32,0.22,50.3799999999978,485.4541100330251,NEWS,tom,0.10377911930042262
2019-01-02 08:00:00,2019-01-02 16:35:00,1,1286.44,1284.32,0.54,-118.2600000000064,493.9973695987417,NEWS,trendH4,-0.23939398725152164
2019-01-02 12:00:00,2019-01-02 16:35:00,1,1287.25,1284.32,0.55,-165.00000000000352,500.6206955839686,NEWS,trendH4,-0.329590848831235
2019-01-02 18:15:00,2019-01-02 23:45:00,1,1287.17,1284.46,0.45,-125.10000000000166,498.0621579883211,TIME,tday,-0.2511734690009015
2019-01-03 01:15:00,2019-01-03 09:10:00,1,1289.3700000000001,1291.58,0.45,96.2999999999914,493.57048535611045,TIME,drift,0.19510891120345472
2019-01-04 01:15:00,2019-01-04 09:10:00,1,1293.47,1293.69,0.47000000000000003,7.050000000001282,495.5449641498502,TIME,drift,0.014226761464716246
2019-01-04 01:05:00,2019-01-04 15:20:00,1,1294.02,1290.12,0.3,-119.10000000000272,494.19568724503273,NEWS,friday,-0.240997651484867
2019-01-04 04:00:00,2019-01-04 15:20:00,1,1297.18,1290.12,0.51,-363.6300000000088,491.2093413971914,NEWS,trendH4,-0.7402750097661069
2019-01-08 01:15:00,2019-01-08 09:10:00,1,1289.51,1282.93,0.5700000000000001,-379.0499999999959,492.89855803757456,TIME,drift,-0.7690223349590328
2019-01-09 01:15:00,2019-01-09 09:10:00,1,1285.11,1282.28,0.59,-171.09999999999567,490.1432244407765,TIME,drift,-0.3490816387295985
2019-01-09 18:15:00,2019-01-09 19:50:00,1,1289.75,1289.31,0.42,-21.420000000002293,494.29308669297205,NEWS,tday,-0.04333461376793892
2019-01-10 01:15:00,2019-01-10 09:15:00,1,1293.1100000000001,1295.68,0.53,132.49999999999662,488.14410050639503,TIME,drift,0.27143624159862356
2019-01-11 01:15:00,2019-01-11 09:10:00,1,1287.91,1293.6,0.61,342.8199999999895,494.20742342963143,TIME,drift,0.693676346706683
2019-01-11 01:05:00,2019-01-11 15:20:00,1,1287.05,1292.46,0.27,144.18000000000222,478.92033064504983,NEWS,friday,0.3010521599820341
2019-01-15 01:15:00,2019-01-15 09:10:00,1,1292.62,1290.26,0.6,-145.799999999994,493.3133631262799,TIME,drift,-0.2955525045500777
2019-01-16 01:15:00,2019-01-16 09:10:00,1,1289.45,1291.83,0.59,136.28999999999303,496.469779329841,TIME,drift,0.27451821978764523
2019-01-16 18:15:00,2019-01-16 23:45:00,1,1294.6200000000001,1293.38,0.44,-57.6400000000004,491.5759392685781,TIME,tday,-0.11725553550436921
2019-01-17 01:15:00,2019-01-17 09:10:00,1,1293.88,1291.97,0.71,-140.5800000000058,491.9044746947045,TIME,drift,-0.285787194937097
2019-01-18 01:15:00,2019-01-18 09:10:00,1,1292.28,1291.86,0.6900000000000001,-33.810000000005026,495.25259063073526,TIME,drift,-0.06826819412887042
2019-01-18 01:05:00,2019-01-18 23:00:00,1,1292.48,1280.68,0.31,-367.9699999999986,491.1195151602647,TIME,friday,-0.7492473596369321
2019-01-22 01:15:00,2019-01-22 09:10:00,1,1280.16,1279.0,0.75,-92.25000000000614,491.41920067367874,TIME,drift,-0.1877216028057961
2019-01-23 01:15:00,2019-01-23 09:10:00,1,1284.98,1283.83,0.7000000000000001,-85.40000000000639,490.5328739065916,TIME,drift,-0.1740963848556834
2019-01-24 01:15:00,2019-01-24 09:10:00,1,1283.18,1280.97,0.71,-161.88000000000258,488.66220973242986,TIME,drift,-0.33127177992470713
2019-01-25 01:15:00,2019-01-25 09:10:00,1,1281.31,1284.2,0.7000000000000001,197.40000000000703,491.7427820860939,TIME,drift,0.4014293797309798
2019-01-25 01:05:00,2019-01-25 23:00:00,1,1280.96,1299.59,0.33,612.4799999999962,490.79936222505705,TIME,friday,1.2479233820176445
2019-01-25 18:15:00,2019-01-25 23:45:00,1,1298.79,1302.97,0.49,201.3900000000031,486.9851262429857,TIME,tday,0.41354445782296384
2019-01-29 01:15:00,2019-01-29 09:10:00,1,1303.68,1305.45,0.65,110.49999999999883,491.7593080905883,TIME,drift,0.22470342336589455
2019-01-29 12:00:00,2019-01-29 16:50:00,1,1308.52,1307.01,0.62,-97.95999999999944,492.9526792290143,NEWS,trendH4,-0.19872089985028668
2019-01-29 18:15:00,2019-01-29 23:45:00,1,1310.74,1311.76,0.46,43.69999999999917,490.4660257614502,TIME,tday,0.08909893388059809
2019-01-30 01:15:00,2019-01-30 09:10:00,1,1311.3,1314.12,0.64,175.99999999999594,496.2676291946686,TIME,drift,0.35464735083689536
2019-01-30 04:00:00,2019-01-30 15:05:00,1,1314.0,1311.72,0.62,-145.6999999999983,495.27933106127944,NEWS,trendH4,-0.2941774284983665
2019-01-30 08:00:00,2019-01-30 15:05:00,1,1315.34,1311.72,0.63,-232.46999999999312,495.14582200028383,NEWS,trendH4,-0.46949805425170255
2019-01-31 01:15:00,2019-01-31 09:10:00,1,1320.49,1319.96,0.46,-27.599999999998747,487.54180863962534,TIME,drift,-0.056610529622085695
2019-01-31 16:00:00,2019-01-31 16:35:00,1,1325.51,1324.45,0.5700000000000001,-64.4099999999969,489.68585795896945,NEWS,trendH4,-0.13153330641089042
2019-02-01 01:15:00,2019-02-01 09:10:00,1,1320.78,1318.23,0.54,-141.47999999999755,491.1700790418948,TIME,drift,-0.28804686204822727
2019-02-01 01:05:00,2019-02-01 15:20:00,1,1321.23,1320.9,0.3,-11.999999999997817,482.022767753405,NEWS,friday,-0.024895089615635795
2019-02-01 01:10:00,2019-02-01 15:20:00,1,1321.14,1320.9,0.23,-7.1300000000002095,492.19771814792523,NEWS,tom,-0.01448604846611125
2019-02-05 01:15:00,2019-02-05 09:10:00,1,1312.24,1313.88,0.66,103.6200000000066,496.1074113889056,TIME,drift,0.20886605928726476
2019-02-06 01:15:00,2019-02-06 09:10:00,1,1314.8799999999999,1313.66,0.71,-91.58999999998578,492.74851252511746,TIME,drift,-0.18587575136579848
2019-02-07 01:15:00,2019-02-07 01:50:00,1,1307.75,1307.08,0.71,-52.540000000005165,496.03519994891633,NEWS,drift,-0.10591990246945367
2019-02-07 18:15:00,2019-02-07 19:50:00,1,1310.6000000000001,1310.63,0.48,-1.9200000000013095,489.3483151410521,NEWS,tday,-0.003923585594542978
2019-02-08 01:15:00,2019-02-08 09:10:00,1,1310.68,1308.11,0.67,-176.880000000011,495.26424595097865,TIME,drift,-0.35714267978375047
2019-02-08 01:05:00,2019-02-08 23:00:00,1,1310.27,1314.34,0.32,127.99999999999797,484.95486405954864,TIME,friday,0.26394208922560797
2019-02-08 18:15:00,2019-02-08 23:45:00,1,1314.3700000000001,1313.88,0.48,-26.880000000000436,486.07486405954864,TIME,tday,-0.05530012347379351
2019-02-12 01:15:00,2019-02-12 09:10:00,1,1308.14,1312.02,0.7000000000000001,266.6999999999918,491.45270366498903,TIME,drift,0.5426768395230857
2019-02-13 01:15:00,2019-02-13 09:10:00,1,1311.6299999999999,1313.09,0.71,98.69000000000257,491.60784018987755,TIME,drift,0.2007494428117435
2019-02-14 01:15:00,2019-02-14 09:10:00,1,1307.33,1308.24,0.55,46.2000000000045,496.0794047711585,TIME,drift,0.09313025204365533
2019-02-14 18:15:00,2019-02-14 23:45:00,1,1310.74,1312.35,0.48,73.9199999999952,488.22278718254773,TIME,tday,0.15140628815499413
2019-02-15 01:15:00,2019-02-15 09:10:00,1,1312.03,1314.53,0.5,121.5,496.9589789345727,TIME,drift,0.24448698011349568
2019-02-15 01:05:00,2019-02-15 23:00:00,1,1312.79,1320.93,0.32,258.2400000000032,493.78401666950845,TIME,friday,0.5229816909461535
2019-02-18 18:15:00,2019-02-19 04:43:00,1,1326.36,1324.78,0.48,-117.35039999999651,498.19372976454366,TIME,tday,-0.23555174019443934
2019-02-19 01:15:00,2019-02-19 09:10:00,1,1326.6399999999999,1323.89,0.8,-225.5999999999818,497.2410352450973,TIME,drift,-0.4537035039531287
2019-02-19 18:15:00,2019-02-19 23:45:00,1,1337.8500000000001,1341.03,0.49,152.38999999999197,496.8861396726405,TIME,tday,0.3066899795200362
2019-02-18 16:00:00,2019-02-21 15:20:00,1,1327.08,1335.4,0.61,260.83600000000996,499.4617939138436,NEWS,trendH4,0.5222341391842351
2019-02-19 12:00:00,2019-02-21 15:20:00,1,1329.25,1335.4,0.64,185.6512000000058,490.8830321174675,NEWS,trendH4,0.3781984461739956
2019-02-19 16:00:00,2019-02-21 15:20:00,1,1332.07,1335.4,0.64,5.171200000009861,494.33888051159363,NEWS,trendH4,0.010460840131891228
2019-02-22 01:15:00,2019-02-22 09:10:00,1,1324.59,1325.97,0.43,56.33000000000469,492.0350341227654,TIME,drift,0.11448371781174843
2019-02-22 01:05:00,2019-02-22 23:00:00,1,1324.53,1328.35,0.29,108.74999999999815,495.67053672163746,TIME,friday,0.21939976646437395
2019-02-22 18:15:00,2019-02-22 23:45:00,1,1330.22,1327.71,0.43,-110.93999999999961,490.97650756391755,TIME,tday,-0.22595785804590038
2019-02-26 01:15:00,2019-02-26 09:10:00,1,1327.57,1327.73,0.5700000000000001,5.1300000000046655,495.5697528943219,TIME,drift,0.010351721367261525
2019-02-27 01:15:00,2019-02-27 09:17:00,1,1328.95,1327.06,0.62,-121.52000000000622,500.1526752573303,TIME,drift,-0.24296581026480316
2019-02-28 01:15:00,2019-02-28 09:10:00,1,1320.25,1319.31,0.61,-61.61000000000334,498.1155640082834,TIME,drift,-0.12368615729296666
2019-03-01 01:05:00,2019-03-01 03:05:00,1,1314.38,1313.47,0.29,-28.420000000002375,488.7544764476613,NEWS,friday,-0.05814780502178327
2019-03-01 01:10:00,2019-03-01 03:05:00,1,1314.54,1313.47,0.22,-25.0799999999986,493.8590106597034,NEWS,tom,-0.050783724623139716
2019-03-01 01:15:00,2019-03-01 03:05:00,1,1314.56,1313.47,0.51,-59.15999999999583,496.2338877826267,NEWS,drift,-0.11921797655606833
2019-03-05 01:15:00,2019-03-05 09:10:00,1,1287.25,1286.54,0.46,-35.88000000000167,491.867417653835,TIME,drift,-0.07294648661858141
2019-03-06 01:15:00,2019-03-06 09:10:00,1,1287.71,1290.68,0.56,162.40000000000154,499.34995015272835,TIME,drift,0.325222822091663
2019-03-07 01:15:00,2019-03-07 09:10:00,1,1287.28,1284.23,0.62,-193.43999999999718,496.98413913189046,TIME,drift,-0.3892277132583939
2019-03-08 01:15:00,2019-03-08 09:10:00,1,1286.06,1292.38,0.58,362.50000000000944,492.3102616056322,TIME,drift,0.736324282207207
2019-03-08 01:05:00,2019-03-08 15:20:00,1,1285.97,1292.74,0.28,187.5999999999995,483.0573531119974,NEWS,friday,0.38835968191235515
2019-03-12 01:15:00,2019-03-12 01:50:00,1,1293.69,1293.36,0.65,-26.00000000001005,498.99365905702746,NEWS,drift,-0.05210487052910354
2019-03-13 01:15:00,2019-03-13 09:10:00,1,1301.22,1304.34,0.64,195.19999999999303,496.3327349531548,TIME,drift,0.3932845574217798
2019-03-13 18:15:00,2019-03-13 19:50:00,1,1307.69,1307.77,0.43,0.42999999999687155,494.0211618929911,NEWS,tday,0.0008704080577220556
2019-03-14 01:15:00,2019-03-14 09:10:00,1,1309.29,1303.62,0.68,-390.32000000000494,501.9317394915703,TIME,drift,-0.7776356211212664
2019-03-15 01:15:00,2019-03-15 09:10:00,1,1296.62,1299.83,0.63,197.82000000000232,497.05811951495485,TIME,drift,0.39798162877419924
2019-03-15 01:05:00,2019-03-15 16:50:00,1,1296.79,1303.84,0.28,195.43999999999875,497.6302974746623,NEWS,friday,0.3927413603870249
2019-03-19 01:15:00,2019-03-19 09:10:00,1,1303.84,1306.16,0.66,148.5000000000108,496.60424436489865,TIME,drift,0.29903087153418456
2019-03-20 01:15:00,2019-03-20 09:10:00,1,1306.58,1306.45,0.7000000000000001,-13.999999999991724,501.34091386003143,TIME,drift,-0.027925109666793246
2019-03-21 01:15:00,2019-03-21 09:10:00,1,1313.97,1318.03,0.41000000000000003,163.58999999999776,502.87293020222023,TIME,drift,0.32531080950054986
2019-03-22 01:15:00,2019-03-22 09:10:00,1,1309.21,1309.76,0.46,22.07999999999791,497.5097259406625,TIME,drift,0.04438104191480946
2019-03-22 01:05:00,2019-03-22 16:35:00,1,1309.35,1311.34,0.27,51.840000000000245,497.9920596665594,NEWS,friday,0.1040980453276921
2019-03-25 18:15:00,2019-03-25 23:45:00,1,1321.44,1321.94,0.42,18.06,504.96790930853916,TIME,tday,0.03576464893527562
2019-03-26 01:15:00,2019-03-26 09:10:00,1,1321.69,1318.56,0.58,-185.60000000000633,499.7031569821589,TIME,drift,-0.3714205071684846
2019-03-27 01:15:00,2019-03-27 09:10:00,1,1315.92,1315.86,0.55,-7.150000000009505,498.0373614966161,TIME,drift,-0.014356352661020363
2019-03-28 01:15:00,2019-03-28 09:10:00,1,1310.1799999999998,1311.66,0.49,69.09000000001203,499.6781955475611,TIME,drift,0.13826899115399924
2019-03-29 01:15:00,2019-03-29 09:10:00,1,1291.1200000000001,1289.96,0.44,-54.1200000000036,495.4175045017065,TIME,drift,-0.1092411945646486
2019-03-29 01:05:00,2019-03-29 16:35:00,1,1290.79,1297.28,0.26,166.92000000000024,499.1203249592717,NEWS,friday,0.3344283765915983
2019-04-01 01:10:00,2019-04-01 15:20:00,1,1292.96,1291.9,0.19,-21.46999999999896,486.68981782029346,NEWS,tom,-0.044114339798920134
2019-04-02 01:15:00,2019-04-02 09:10:00,1,1288.08,1288.35,0.53,10.599999999999039,504.10403551855035,TIME,drift,0.021027405561423983
2019-04-03 01:15:00,2019-04-03 09:10:00,1,1292.6299999999999,1292.88,0.61,10.98000000001387,502.4827456618803,TIME,drift,0.02185149658333202
2019-04-04 01:15:00,2019-04-04 09:10:00,1,1290.81,1292.27,0.73,101.47000000000266,502.2509373274603,TIME,drift,0.2020304840841854
2019-04-05 01:15:00,2019-04-05 09:10:00,1,1292.85,1287.42,0.56,-307.99999999999085,502.9383424972899,TIME,drift,-0.6124011115769137
2019-04-05 01:05:00,2019-04-05 15:20:00,1,1293.03,1288.06,0.28,-141.12000000000077,504.2267276957974,NEWS,friday,-0.27987409680737746
2019-04-09 01:15:00,2019-04-09 09:10:00,1,1298.3799999999999,1298.15,0.73,-21.89999999998473,503.2272059593347,TIME,drift,-0.04351910973937774
2019-04-10 01:15:00,2019-04-10 09:10:00,1,1304.46,1302.88,0.7000000000000001,-115.49999999999493,502.3126492846526,TIME,drift,-0.2299364751504454
2019-04-10 18:15:00,2019-04-10 19:50:00,1,1308.16,1309.62,0.42,58.37999999999198,491.99071455818785,NEWS,tday,0.11866077605228333
2019-04-11 01:15:00,2019-04-11 09:10:00,1,1308.6,1308.04,0.64,-40.31999999999651,500.90184122910193,TIME,drift,-0.0804948129179565
2019-04-12 01:15:00,2019-04-12 09:10:00,1,1292.9499999999998,1293.31,0.53,15.370000000006748,502.39238953382613,TIME,drift,0.030593616305113005
2019-04-12 01:05:00,2019-04-12 23:00:00,1,1292.9299999999998,1290.25,0.27,-74.24999999999558,491.1004355920217,TIME,friday,-0.15119106931861542
2019-04-16 01:15:00,2019-04-16 09:10:00,1,1288.26,1284.76,0.7000000000000001,-249.90000000000003,499.2291885284363,TIME,drift,-0.5005716928063104
2019-04-16 18:15:00,2019-04-16 23:45:00,-1,1276.0,1277.09,0.43,-49.87999999999648,496.0854346746314,TIME,tday,-0.10054719714299086
2019-04-17 01:15:00,2019-04-17 09:10:00,1,1277.37,1279.02,0.5700000000000001,90.0600000000052,501.02258747419415,TIME,drift,0.17975237494585783
2019-04-18 01:15:00,2019-04-18 09:10:00,1,1274.59,1272.01,0.73,-193.4499999999947,498.58538897037386,TIME,drift,-0.38799773174157254
2019-04-23 01:15:00,2019-04-23 09:10:00,1,1275.5,1272.21,0.79,-265.4399999999971,497.41665682567304,TIME,drift,-0.5336371357041717
2019-04-23 18:15:00,2019-04-23 23:45:00,-1,1268.66,1272.28,0.46,-169.73999999999498,495.4816795376799,TIME,tday,-0.34257573389670964
2019-04-24 01:15:00,2019-04-24 09:10:00,1,1272.1399999999999,1270.03,0.63,-137.3399999999937,492.4083959333287,TIME,drift,-0.2789148217907099
2019-04-25 01:15:00,2019-04-25 09:10:00,1,1275.25,1276.22,0.6,54.000000000001634,494.3447862639663,TIME,drift,0.10923550020241772
2019-04-26 01:15:00,2019-04-26 09:10:00,1,1277.8899999999999,1280.33,0.63,149.31000000000344,492.7626952710049,TIME,drift,0.3030058919494451
2019-04-26 01:05:00,2019-04-26 15:20:00,1,1277.62,1278.72,0.31,31.930000000004227,490.63955097611523,NEWS,friday,0.06507832468149027
2019-04-29 18:15:00,2019-04-29 23:45:00,-1,1279.38,1279.81,0.45,-22.49999999999263,489.6365780660943,TIME,tday,-0.04595244924074165
2019-04-30 01:15:00,2019-04-30 09:10:00,1,1280.4399999999998,1282.9,0.76,181.64000000002005,498.36052281506056,TIME,drift,0.3644750972127579
2019-05-01 01:15:00,2019-05-01 09:10:00,1,1283.47,1279.97,0.7000000000000001,-249.90000000000003,497.9999180829476,TIME,drift,-0.5018073114589877
2019-05-01 01:10:00,2019-05-01 15:05:00,1,1283.55,1281.49,0.23,-48.989999999998744,479.90846461290516,NEWS,tom,-0.10208196690073834
2019-05-02 01:15:00,2019-05-02 09:10:00,1,1277.78,1272.14,0.45,-256.9499999999943,494.56521446250497,TIME,drift,-0.5195472558239834
2019-05-02 18:15:00,2019-05-02 23:45:00,-1,1268.47,1271.04,0.46,-121.43999999999708,494.30714571198405,TIME,tday,-0.2456772091066554
2019-05-03 01:15:00,2019-05-03 09:10:00,1,1270.94,1272.19,0.6,70.8,494.7845149912346,TIME,drift,0.14309259456362386
2019-05-03 01:05:00,2019-05-03 15:20:00,1,1270.85,1270.99,0.3,2.1000000000030012,485.96409975389855,NEWS,friday,0.004321306864162355
2019-05-07 01:15:00,2019-05-07 09:10:00,1,1281.74,1282.94,0.66,74.580000000003,496.04833626224575,TIME,drift,0.15034825146671757
2019-05-08 01:15:00,2019-05-08 09:10:00,1,1284.3799999999999,1287.76,0.72,238.32000000000784,494.3310110002213,TIME,drift,0.48210610845108637
2019-05-09 01:15:00,2019-05-09 09:10:00,1,1281.43,1282.28,0.67,52.25999999999391,497.5453746665738,TIME,drift,0.1050356463167114
2019-05-10 01:15:00,2019-05-10 09:10:00,1,1284.43,1285.18,0.58,39.43999999999999,491.0334942422036,TIME,drift,0.08032038641450823
2019-05-10 01:05:00,2019-05-10 15:20:00,1,1284.69,1285.11,0.31,10.849999999995207,494.7150415152951,NEWS,friday,0.02193181748984634
2019-05-14 01:15:00,2019-05-14 09:10:00,1,1300.68,1298.49,0.54,-122.04000000000296,493.2025909403148,TIME,drift,-0.24744395557072754
2019-05-15 01:15:00,2019-05-15 09:10:00,1,1297.32,1295.27,0.66,-139.919999999997,492.01475913064985,TIME,drift,-0.2843817129535388
2019-05-16 01:15:00,2019-05-16 09:10:00,1,1296.87,1296.23,0.67,-47.56999999999147,496.18521558736984,TIME,drift,-0.09587145788630454
2019-05-17 01:15:00,2019-05-17 09:10:00,1,1286.86,1287.36,0.62,26.66,495.63699526186906,TIME,drift,0.05378936652199304
2019-05-17 01:05:00,2019-05-17 23:00:00,1,1286.78,1277.91,0.3,-268.19999999999675,492.53718931436936,TIME,friday,-0.5445274099471381
2019-05-21 01:15:00,2019-05-21 01:50:00,1,1277.95,1277.61,0.73,-29.930000000010622,495.15530728210194,NEWS,drift,-0.06044568150606286
2019-05-22 01:15:00,2019-05-22 09:10:00,1,1274.77,1273.2,0.77,-126.2799999999951,495.21720592785834,TIME,drift,-0.2549992174916296
2019-05-23 01:15:00,2019-05-23 09:10:00,1,1273.89,1274.42,0.88,40.4799999999976,489.7944318213643,TIME,drift,0.08264691750264995
2019-05-24 01:15:00,2019-05-24 09:10:00,1,1283.44,1283.37,0.63,-8.820000000010314,489.6117208828148,TIME,drift,-0.018014274625834215
2019-05-24 01:05:00,2019-05-24 15:20:00,1,1283.74,1283.65,0.31,-4.959999999997462,493.06775005361794,NEWS,friday,-0.010059469513992943
2019-05-28 01:15:00,2019-05-28 09:10:00,1,1285.63,1283.32,1.1500000000000001,-273.7000000000199,493.48291028878305,TIME,drift,-0.5546291356672359
2019-05-28 18:15:00,2019-05-28 23:45:00,-1,1278.6200000000001,1280.18,0.5,-81.49999999999727,486.5186238702071,TIME,tday,-0.16751671159404527
2019-05-29 01:15:00,2019-05-29 09:10:00,1,1279.89,1281.69,0.73,126.28999999999668,490.2305224679319,TIME,drift,0.2576134985725167
2019-05-30 01:15:00,2019-05-30 09:10:00,1,1279.83,1276.59,0.58,-191.9800000000005,492.48874563889404,TIME,drift,-0.3898160144775478
2019-05-31 01:15:00,2019-05-31 09:11:00,1,1288.27,1292.3,0.61,241.55999999999833,488.8672810716315,TIME,drift,0.4941218391021829
2019-05-31 01:05:00,2019-05-31 16:35:00,1,1288.62,1298.66,0.33,329.0100000000063,488.47826074213395,NEWS,friday,0.6735407211370038
2019-05-31 20:00:00,2019-06-03 16:35:00,1,1304.77,1313.2,0.62,469.0424000000039,493.89810413318406,NEWS,trendH4,0.9496744289456159
2019-06-03 01:10:00,2019-06-03 16:35:00,1,1306.88,1313.2,0.23,143.74999999999852,483.3632466432846,NEWS,tom,0.29739538741985494
2019-06-03 04:00:00,2019-06-03 16:35:00,1,1308.78,1313.2,0.62,269.70000000000454,494.94468898019977,NEWS,trendH4,0.5449093727133495
2019-06-03 08:00:00,2019-06-03 16:35:00,1,1312.78,1313.2,0.61,21.35000000000444,489.17912461939596,NEWS,trendH4,0.043644544350938376
2019-06-04 01:15:00,2019-06-04 09:10:00,1,1324.8,1325.78,0.45,40.95000000000082,500.12099110780497,TIME,drift,0.08188018645106966
2019-06-03 20:00:00,2019-06-04 16:45:00,1,1320.77,1322.87,0.56,69.1711999999949,494.56143705493514,NEWS,trendH4,0.13986371523809582
2019-06-05 01:15:00,2019-06-05 09:10:00,1,1325.39,1328.74,0.43,141.0399999999961,500.11709030395616,TIME,drift,0.28201395779991484
2019-06-05 12:00:00,2019-06-05 15:05:00,1,1332.85,1335.3,0.49,116.62000000000222,495.90558333021846,NEWS,trendH4,0.23516573299467403
2019-06-05 16:00:00,2019-06-05 16:35:00,1,1340.99,1338.47,0.46,-119.13999999999918,494.86781615368506,NEWS,trendH4,-0.2407511584123695
2019-06-06 01:15:00,2019-06-06 09:10:00,1,1332.46,1332.43,0.36,-3.5999999999990178,499.5047264000356,TIME,drift,-0.007207139011365241
2019-06-07 01:15:00,2019-06-07 09:10:00,1,1335.83,1332.02,0.42,-162.9599999999977,494.15906777443985,TIME,drift,-0.32977235596207094
2019-06-07 01:05:00,2019-06-07 15:20:00,1,1336.1200000000001,1336.96,0.28,21.559999999997707,498.65923288864695,NEWS,friday,0.04323593864913389
2019-06-07 18:15:00,2019-06-07 23:45:00,1,1345.96,1340.66,0.42,-225.5399999999981,499.6392328886469,TIME,tday,-0.45140570466423624
2019-06-11 01:15:00,2019-06-11 09:10:00,1,1328.45,1329.21,0.51,35.189999999999536,495.5058277653247,TIME,drift,0.07101833727910419
2019-06-12 01:15:00,2019-06-12 09:10:00,1,1327.1299999999999,1336.15,0.62,554.9000000000129,495.28641777364464,TIME,drift,1.1203618352676346
2019-06-13 01:15:00,2019-06-13 09:10:00,1,1333.32,1336.5,0.5700000000000001,177.27000000000362,501.69684434710666,TIME,drift,0.35334087108061746
2019-06-13 18:15:00,2019-06-13 19:50:00,1,1338.3899999999999,1339.44,0.4,39.20000000000728,495.49116465690486,NEWS,tday,0.07911341875722588
2019-06-14 01:15:00,2019-06-14 09:10:00,1,1344.07,1346.78,0.55,145.200000000002,496.2130539846507,TIME,drift,0.292616243837256
2019-06-14 01:05:00,2019-06-14 15:20:00,1,1342.58,1354.73,0.27,326.16000000000247,496.1480324854652,NEWS,friday,0.6573844470693481
2019-06-14 12:00:00,2019-06-14 15:20:00,1,1354.1399999999999,1354.73,0.46,23.9200000000067,500.3473804351929,NEWS,trendH4,0.047806785715959026
2019-06-18 01:15:00,2019-06-18 09:10:00,1,1340.27,1346.25,0.47000000000000003,277.7700000000009,506.5515219631638,TIME,drift,0.5483548818953113
2019-06-19 01:15:00,2019-06-19 09:10:00,1,1346.62,1345.44,0.37,-46.249999999993946,504.5512289925517,TIME,drift,-0.09166561756740206
2019-06-20 01:15:00,2019-06-20 09:10:00,1,1359.02,1384.25,0.35000000000000003,880.6000000000007,503.1410296968189,TIME,drift,1.7502051075632408
2019-06-20 04:00:00,2019-06-20 15:20:00,1,1371.54,1385.04,0.37,496.91,504.86542458050076,NEWS,trendH4,0.9842424848421517
2019-06-20 08:00:00,2019-06-20 15:20:00,1,1378.76,1385.04,0.33,204.9299999999991,504.34760974591103,NEWS,trendH4,0.40632689843269465
2019-06-21 01:15:00,2019-06-21 09:11:00,1,1388.36,1394.11,0.28,159.04,511.32921295753107,TIME,drift,0.31103249329353144
2019-06-21 08:00:00,2019-06-21 10:45:00,1,1404.07,1387.211706261425,0.3,-507.84881215724874,506.34881215725267,SL,trendH4,-1.0029623847513445
2019-06-21 01:05:00,2019-06-21 16:35:00,1,1388.47,1397.84,0.22,204.5999999999976,499.43547651990843,NEWS,friday,0.40966252823219673
2019-06-24 18:15:00,2019-06-24 23:45:00,1,1410.29,1418.34,0.31,247.37999999999863,501.33785073056936,TIME,tday,0.49343970266658843
2019-06-25 01:15:00,2019-06-25 09:10:00,1,1418.61,1429.04,0.29,300.4400000000019,504.369649182438,TIME,drift,0.5956742252175611
2019-06-24 20:00:00,2019-06-25 16:50:00,1,1415.21,1431.93,0.27,428.0904000000007,505.3615025892508,NEWS,trendH4,0.8470973705093348
2019-06-25 04:00:00,2019-06-25 16:50:00,1,1424.82,1431.93,0.27,190.08000000000348,504.2965810867991,NEWS,trendH4,0.37692105623711747
2019-06-25 08:00:00,2019-06-25 16:50:00,1,1436.21,1431.93,0.26,-113.09999999999928,503.392983438664,NEWS,trendH4,-0.22467536044586123
2019-06-26 01:15:00,2019-06-26 09:10:00,1,1420.22,1409.28,0.21,-231.21000000000112,501.05025849387897,TIME,drift,-0.46145071493426976
2019-06-27 01:15:00,2019-06-27 09:10:00,1,1407.75,1407.71,0.26,-2.8599999999990544,501.6290765523756,TIME,drift,-0.005701423888055737
2019-06-28 01:15:00,2019-06-28 09:10:00,1,1409.84,1415.41,0.35000000000000003,192.50000000000577,509.74002242064614,TIME,drift,0.37764348792128294
2019-06-28 01:05:00,2019-06-28 16:35:00,1,1409.8600000000001,1406.31,0.19,-68.78000000000345,496.6309646681156,NEWS,friday,-0.13849317681181475
2019-07-01 01:10:00,2019-07-01 16:35:00,1,1392.51,1393.15,0.14,7.980000000001402,490.83351162705287,NEWS,tom,0.01625805861044141
2019-07-02 01:15:00,2019-07-02 09:10:00,1,1385.14,1391.34,0.3,183.89999999999452,506.4230614248533,TIME,drift,0.3631351216166583
2019-07-02 18:15:00,2019-07-02 23:45:00,1,1397.13,1419.32,0.28,619.3599999999952,511.88397508226336,TIME,tday,1.209961690831325
2019-07-03 01:15:00,2019-07-03 09:10:00,1,1430.93,1426.28,0.28,-132.16000000000255,519.4482320653044,TIME,drift,-0.2544238132730569
2019-07-04 01:15:00,2019-07-04 09:10:00,1,1419.72,1415.15,0.28,-129.91999999999823,513.7969785897615,TIME,drift,-0.2528625223849986
2019-07-05 01:15:00,2019-07-05 09:10:00,1,1416.6100000000001,1413.69,0.39,-116.61000000000286,513.4080607955862,TIME,drift,-0.2271292737774743
2019-07-05 01:05:00,2019-07-05 15:20:00,1,1416.84,1411.19,0.17,-97.23999999999769,496.4859646764526,NEWS,friday,-0.195856493271399
2019-07-09 01:15:00,2019-07-09 09:10:00,1,1396.22,1392.79,0.33,-115.5000000000021,514.1982150434559,TIME,drift,-0.22462154986329733
2019-07-10 01:15:00,2019-07-10 09:10:00,1,1396.99,1392.69,0.4,-174.79999999999822,518.9559567275764,TIME,drift,-0.3368301254354012
2019-07-10 18:15:00,2019-07-10 19:50:00,1,1406.33,1410.66,0.25,106.50000000000387,499.9495849747635,NEWS,tday,0.21302147896648374
2019-07-11 01:15:00,2019-07-11 09:10:00,1,1420.84,1421.7,0.31,24.490000000003946,511.94304391188774,TIME,drift,0.04783735279000881
2019-07-12 01:15:00,2019-07-12 09:10:00,1,1405.36,1405.79,0.3,10.80000000000191,517.7053263805027,TIME,drift,0.02086128816852105
2019-07-12 01:05:00,2019-07-12 15:20:00,1,1404.92,1406.51,0.16,24.31999999999869,504.83949319543706,NEWS,friday,0.04817372715050991
2019-07-16 01:15:00,2019-07-16 09:10:00,1,1418.3799999999999,1413.14,0.41000000000000003,-217.70999999999108,518.3437918526595,TIME,drift,-0.4200108179589729
2019-07-17 01:15:00,2019-07-17 09:10:00,1,1406.2,1404.93,0.34,-45.55999999999939,512.7046527614714,TIME,drift,-0.08886207635255368
2019-07-17 18:15:00,2019-07-17 23:45:00,1,1422.1499999999999,1426.03,0.26,99.06000000000284,513.7893915559667,TIME,tday,0.19280273518300603
2019-07-18 01:15:00,2019-07-18 09:10:00,1,1428.01,1423.54,0.36,-163.440000000001,517.5897497678177,TIME,drift,-0.3157713228929234
2019-07-19 01:15:00,2019-07-19 09:10:00,1,1449.2,1441.26,0.27,-216.27000000000146,503.4325653354496,TIME,drift,-0.42959080300237507
2019-07-19 01:05:00,2019-07-19 23:00:00,1,1448.38,1425.44,0.16,-368.1600000000009,508.5425769527083,TIME,friday,-0.7239511826248478
2019-07-23 01:15:00,2019-07-23 09:10:00,1,1424.97,1416.42,0.4,-344.79999999999825,509.690123554891,TIME,drift,-0.6764894669630872
2019-07-24 01:15:00,2019-07-24 09:10:00,1,1417.51,1420.38,0.36,100.80000000000426,505.03197597533705,TIME,drift,0.1995913225203918
2019-07-25 01:15:00,2019-07-25 09:10:00,1,1426.23,1422.56,0.43,-160.82000000000312,513.8183360957078,TIME,drift,-0.31298999802538685
2019-07-26 01:15:00,2019-07-26 09:10:00,1,1415.62,1414.21,0.34,-50.319999999995055,509.3066506918156,TIME,drift,-0.09880098744370015
2019-07-26 01:05:00,2019-07-26 15:20:00,1,1415.22,1419.94,0.16,74.40000000000043,487.28529315259624,NEWS,friday,0.15268262975607932
2019-07-30 01:15:00,2019-07-30 09:10:00,1,1425.51,1423.53,0.47000000000000003,-96.35000000000088,504.24899955116575,TIME,drift,-0.19107623433217008
2019-07-31 01:15:00,2019-07-31 09:10:00,1,1431.31,1431.07,0.53,-16.430000000000483,507.39933254898403,TIME,drift,-0.0323808072774994
2019-08-01 01:15:00,2019-08-01 09:10:00,1,1415.81,1406.85,0.29,-261.870000000001,502.5570842680548,TIME,drift,-0.5210751339450314
2019-08-01 01:10:00,2019-08-01 15:20:00,1,1415.75,1405.45,0.13,-134.8099999999994,493.855303759082,NEWS,tom,-0.272974693141625
2019-08-02 01:15:00,2019-08-02 09:10:00,1,1443.42,1433.01,0.21,-220.0800000000017,494.81162483621625,TIME,drift,-0.4447753224731708
2019-08-02 01:05:00,2019-08-02 15:20:00,1,1445.83,1436.97,0.16,-142.8799999999984,501.6788317934989,NEWS,friday,-0.2848037249034472
2019-08-05 08:00:00,2019-08-05 16:35:00,1,1453.27,1462.74,0.26,244.40000000000074,495.1454004731807,NEWS,trendH4,0.49359238673416406
2019-08-05 12:00:00,2019-08-05 16:35:00,1,1457.47,1462.74,0.26,135.19999999999956,494.0871304495215,NEWS,trendH4,0.2736359473216684
2019-08-05 16:00:00,2019-08-05 16:35:00,1,1462.8700000000001,1462.74,0.27,-5.400000000002947,508.2934575396243,NEWS,trendH4,-0.010623784193763674
2019-08-06 01:15:00,2019-08-06 09:10:00,1,1471.77,1463.27,0.23,-197.11,506.8844196528084,TIME,drift,-0.38886576970547043
2019-08-05 20:00:00,2019-08-06 16:50:00,1,1465.99,1466.45,0.26,-10.524799999999058,508.63538523069326,NEWS,trendH4,-0.020692229258146285
2019-08-06 04:00:00,2019-08-06 16:50:00,1,1470.38,1466.45,0.25,-100.00000000000159,493.1122934333658,NEWS,trendH4,-0.2027935651405831
2019-08-07 01:15:00,2019-08-07 09:10:00,1,1476.2199999999998,1485.18,0.27,240.03000000000716,503.60440655495063,TIME,drift,0.47662410589692955
2019-08-07 04:00:00,2019-08-07 17:20:00,1,1477.85,1497.75,0.26,515.5800000000023,493.5935646484892,NEWS,trendH4,1.044543602117606
2019-08-07 08:00:00,2019-08-07 17:20:00,1,1485.01,1497.75,0.26,329.42000000000024,509.8768864160648,NEWS,trendH4,0.6460775312164084
2019-08-07 16:00:00,2019-08-07 17:20:00,1,1497.56,1497.75,0.25,3.0000000000013642,499.95465383701736,NEWS,trendH4,0.006000544203313585
2019-08-07 18:15:00,2019-08-07 19:50:00,1,1502.61,1507.65,0.24,119.28000000000456,514.421980120378,NEWS,tday,0.23187189624380417
2019-08-08 01:15:00,2019-08-08 09:10:00,1,1499.01,1502.68,0.18,64.8000000000013,497.10454578083886,TIME,drift,0.13035487313481545
2019-08-09 01:15:00,2019-08-09 09:10:00,1,1506.1,1506.6,0.22,9.46,515.9738486207947,TIME,drift,0.018334262531495952
2019-08-09 01:05:00,2019-08-09 15:20:00,1,1506.66,1497.7,0.15,-135.45000000000056,503.8272065067466,NEWS,friday,-0.2688421709878162
2019-08-12 18:15:00,2019-08-12 23:45:00,1,1505.6,1511.53,0.23,134.78000000000145,502.47360236672125,TIME,tday,0.2682329964502985
2019-08-13 01:15:00,2019-08-13 09:10:00,1,1510.3799999999999,1520.72,0.26,267.0200000000038,503.84241352650525,TIME,drift,0.5299672930094776
2019-08-13 12:00:00,2019-08-13 15:20:00,1,1523.56,1524.14,0.26,13.26000000000402,503.8722049332329,NEWS,trendH4,0.02631619658750789
2019-08-14 01:15:00,2019-08-14 09:10:00,1,1501.9999999999998,1501.62,0.17,-7.649999999997991,510.9032559273316,TIME,drift,-0.014973480617406928
2019-08-14 18:15:00,2019-08-14 23:45:00,1,1519.7,1514.22,0.2,-111.00000000000037,498.70904525277706,TIME,tday,-0.22257466764762326
2019-08-15 01:15:00,2019-08-15 09:10:00,1,1518.93,1518.33,0.19,-12.730000000002592,497.1111325646296,TIME,drift,-0.025607955980240616
2019-08-16 01:15:00,2019-08-16 09:10:00,1,1522.51,1519.49,0.22,-67.9799999999996,504.6367644440434,TIME,drift,-0.13471075591349935
2019-08-16 01:05:00,2019-08-16 23:00:00,1,1522.3,1513.96,0.13,-109.32999999999893,484.21465781391026,TIME,friday,-0.22578829086585772
2019-08-20 01:15:00,2019-08-20 09:10:00,1,1497.74,1497.63,0.31,-5.5799999999968986,510.75644918757445,TIME,drift,-0.010924972183655488
2019-08-21 01:15:00,2019-08-21 09:10:00,1,1505.3999999999999,1504.18,0.43,-55.46999999999139,511.5707079498728,TIME,drift,-0.10843075871620608
2019-08-22 01:15:00,2019-08-22 09:10:00,1,1504.6299999999999,1501.77,0.4,-117.199999999996,511.838512416183,TIME,drift,-0.22897847105475144
2019-08-23 01:15:00,2019-08-23 09:10:00,1,1498.69,1493.91,0.42,-203.69999999999885,506.6700923305062,TIME,drift,-0.40203675544188866
2019-08-23 01:05:00,2019-08-23 16:50:00,1,1498.97,1506.77,0.15,115.9499999999993,499.2217956568437,NEWS,friday,0.23226149380645492
2019-08-23 18:15:00,2019-08-23 23:45:00,1,1525.06,1525.85,0.23,16.559999999999164,510.85228000477366,TIME,tday,0.032416415954616896
2019-08-26 04:00:00,2019-08-26 10:02:00,1,1545.16,1527.3404745077512,0.28,-500.90671378296884,499.5067137829673,SL,trendH4,-1.0028027651308202
2019-08-27 01:15:00,2019-08-27 09:10:00,1,1527.56,1532.88,0.25,131.2500000000041,493.9084711654453,TIME,drift,0.26573749522923057
2019-08-27 18:15:00,2019-08-27 23:45:00,1,1539.1200000000001,1542.72,0.21,74.12999999999809,498.366826028603,TIME,tday,0.14874585571982576
2019-08-28 01:15:00,2019-08-28 09:10:00,1,1542.56,1539.68,0.32,-94.39999999999621,500.51348044827097,TIME,drift,-0.18860630869612038
2019-08-29 01:15:00,2019-08-29 09:10:00,1,1538.61,1545.26,0.31,203.98000000000283,503.11105670355903,TIME,drift,0.405437322996841
2019-08-30 01:15:00,2019-08-30 09:10:00,1,1527.61,1531.07,0.24,81.36000000000087,505.8490191662344,TIME,drift,0.16083850500313804
2019-08-30 01:05:00,2019-08-30 16:35:00,1,1528.03,1526.76,0.14,-18.759999999999746,490.1964492656122,NEWS,friday,-0.03827037104839302
2019-09-03 01:15:00,2019-09-03 09:10:00,1,1526.81,1525.4,0.33,-48.8399999999952,506.4169983749136,TIME,drift,-0.09644226034418711
2019-09-02 01:10:00,2019-09-03 16:35:00,1,1532.48,1536.45,0.11,34.157200000000294,502.1315798978406,NEWS,tom,0.06802440110807137
2019-09-03 18:15:00,2019-09-03 23:45:00,1,1549.2,1547.12,0.23,-49.450000000003556,512.3728324332934,TIME,tday,-0.0965117525165457
2019-09-04 01:15:00,2019-09-04 09:10:00,1,1546.3799999999999,1540.61,0.3,-175.19999999999945,509.6006200296466,TIME,drift,-0.3437986397854206
2019-09-05 01:15:00,2019-09-05 09:10:00,1,1552.14,1544.81,0.3,-222.00000000000463,505.1581740838223,TIME,drift,-0.43946631251218266
2019-09-06 01:15:00,2019-09-06 09:10:00,1,1518.9,1516.9,0.23,-47.61,495.52854244931166,TIME,drift,-0.09607922838242985
2019-09-06 01:05:00,2019-09-06 15:20:00,1,1518.96,1504.23,0.13,-192.40000000000023,476.2932375093638,NEWS,friday,-0.4039528274768287
2019-09-10 01:15:00,2019-09-10 09:10:00,1,1499.55,1489.51,0.27,-272.96999999999906,502.95575586091286,TIME,drift,-0.5427316355744939
2019-09-11 01:15:00,2019-09-11 09:10:00,1,1487.02,1494.28,0.27,194.1299999999998,495.30780403616325,TIME,drift,0.39193810074881447
2019-09-11 18:15:00,2019-09-11 19:50:00,1,1495.67,1493.67,0.21,-43.47,493.72626091368625,NEWS,tday,-0.08804473944641861
2019-09-12 01:15:00,2019-09-12 09:10:00,1,1496.55,1497.56,0.37,34.77999999999966,508.11442608928417,TIME,drift,0.06844914888105978
2019-09-13 01:15:00,2019-09-13 09:10:00,1,1498.45,1499.09,0.24,13.679999999996943,508.6196831473252,TIME,drift,0.026896324411484557
2019-09-13 01:05:00,2019-09-13 15:20:00,1,1497.97,1506.29,0.14,115.49999999999912,496.0658066041478,NEWS,friday,0.23283201233050554
2019-09-17 01:15:00,2019-09-17 09:10:00,1,1499.4299999999998,1495.86,0.28,-101.91999999999823,504.5424360758895,TIME,drift,-0.20200481210795157
2019-09-18 01:15:00,2019-09-18 09:10:00,1,1501.59,1501.88,0.37,8.140000000007067,501.647194351192,TIME,drift,0.01622654345856549
2019-09-19 01:15:00,2019-09-19 09:10:00,1,1493.6,1496.35,0.26,69.68000000000002,500.2872886130796,TIME,drift,0.1392799728995119
2019-09-20 01:15:00,2019-09-20 09:10:00,1,1498.83,1505.65,0.38,256.5000000000062,507.43884308111126,TIME,drift,0.5054796326638442
2019-09-20 01:05:00,2019-09-20 23:00:00,1,1499.49,1516.43,0.14,236.1800000000008,477.3575645219887,TIME,friday,0.49476538668975373
2019-09-23 18:15:00,2019-09-23 23:45:00,1,1525.21,1523.27,0.22,-44.2200000000012,494.9691954193493,TIME,tday,-0.08933889302451842
2019-09-24 01:15:00,2019-09-24 09:10:00,1,1523.1299999999999,1519.62,0.38,-136.03999999999965,509.41110366859255,TIME,drift,-0.2670534643243724
2019-09-25 01:15:00,2019-09-25 09:10:00,1,1532.55,1528.29,0.3,-129.89999999999972,498.41825214410824,TIME,drift,-0.26062448443890773
2019-09-26 01:15:00,2019-09-26 09:10:00,1,1504.51,1509.17,0.28,128.52000000000228,496.4157035518716,TIME,drift,0.2588959194490368
2019-09-27 01:15:00,2019-09-27 09:10:00,1,1504.8500000000001,1503.92,0.33,-33.0000000000021,505.9479658021465,TIME,drift,-0.06522409858429379
2019-09-27 01:05:00,2019-09-27 15:20:00,1,1504.46,1494.01,0.15,-157.8000000000007,495.584700898029,NEWS,friday,-0.3184117663722421
2019-10-01 01:15:00,2019-10-01 09:10:00,1,1473.16,1462.15,0.25,-276.9999999999998,493.9954149993329,TIME,drift,-0.5607339493229382
2019-10-01 01:10:00,2019-10-01 16:35:00,1,1473.46,1463.76,0.11,-107.4700000000005,504.3516934101752,NEWS,tom,-0.21308543503312508
2019-10-02 01:15:00,2019-10-02 09:10:00,1,1480.12,1475.7,0.25,-112.24999999999613,503.0969212823942,TIME,drift,-0.22311804197463753
2019-10-03 01:15:00,2019-10-03 09:10:00,1,1499.93,1501.86,0.27,50.21999999999558,503.3669885818056,TIME,drift,0.09976816346555867
2019-10-04 01:15:00,2019-10-04 09:10:00,1,1506.53,1507.56,0.27,25.919999999999263,498.12654962107337,TIME,drift,0.052034969868031924
2019-10-04 01:05:00,2019-10-04 15:20:00,1,1506.57,1507.17,0.14,7.4200000000019095,500.63427890381087,NEWS,friday,0.01482119845298797
2019-10-08 01:15:00,2019-10-08 09:10:00,1,1494.46,1490.5,0.32,-128.96000000000117,507.26587470714173,TIME,drift,-0.25422565646556305
2019-10-09 01:15:00,2019-10-09 09:10:00,1,1506.57,1506.01,0.31,-19.52999999999831,502.71556084545495,TIME,drift,-0.03884900631910662
2019-10-10 01:15:00,2019-10-10 09:10:00,1,1506.78,1507.5,0.32,20.80000000000087,497.1441530351853,TIME,drift,0.041838971398963136
2019-10-11 01:15:00,2019-10-11 09:10:00,1,1494.59,1497.95,0.29,95.41000000000369,508.2013940226694,TIME,drift,0.18774053184857603
2019-10-11 01:05:00,2019-10-11 23:00:00,1,1494.92,1485.85,0.14,-127.96000000000232,483.72062138735515,TIME,friday,-0.2645328612061262
2019-10-15 01:15:00,2019-10-15 09:10:00,1,1492.84,1492.15,0.4,-30.399999999993092,497.13236534787603,TIME,drift,-0.06115071582338081
2019-10-16 01:15:00,2019-10-16 09:10:00,1,1481.48,1481.71,0.4,6.400000000000727,500.382131333572,TIME,drift,0.012790224908599436
2019-10-17 01:15:00,2019-10-17 09:10:00,1,1490.41,1490.07,0.36,-14.760000000005238,507.7467041245421,TIME,drift,-0.029069612623984355
2019-10-18 01:15:00,2019-10-18 09:10:00,1,1492.8600000000001,1491.62,0.38,-49.78000000000898,496.12361381653227,TIME,drift,-0.10033789687426116
2019-10-18 01:05:00,2019-10-18 23:00:00,1,1492.43,1490.64,0.15,-27.89999999999945,484.7469832605389,TIME,friday,-0.05755579913532732
2019-10-22 01:15:00,2019-10-22 09:10:00,1,1484.63,1484.88,0.47000000000000003,8.46,502.8401658564546,TIME,drift,0.01682443164736182
2019-10-23 01:15:00,2019-10-23 09:10:00,1,1488.58,1488.72,0.52,3.640000000005203,499.5955359781375,TIME,drift,0.007285893763799545
2019-10-24 01:15:00,2019-10-24 09:10:00,1,1491.9,1492.09,0.55,6.599999999990495,499.9536300931264,TIME,drift,0.013201224279061867
2019-10-24 18:15:00,2019-10-24 23:45:00,1,1502.22,1502.64,0.27,9.450000000001964,501.85721591745937,TIME,tday,0.018830057036693496
2019-10-25 01:15:00,2019-10-25 09:10:00,1,1503.55,1504.21,0.46,27.14000000000377,503.7073787574811,TIME,drift,0.053880489237523775
2019-10-25 01:05:00,2019-10-25 23:00:00,1,1503.4,1505.56,0.18,37.61999999999738,496.4109862090693,TIME,friday,0.07578397949507362
2019-10-29 01:15:00,2019-10-29 09:10:00,1,1492.8,1491.5,0.41000000000000003,-56.16999999999813,499.563624886644,TIME,drift,-0.11243813040379726
2019-10-30 01:15:00,2019-10-30 09:10:00,1,1488.26,1487.99,0.41000000000000003,-13.939999999999255,503.7158711543134,TIME,drift,-0.02767433149972901
2019-10-31 01:15:00,2019-10-31 09:10:00,1,1494.07,1497.94,0.35000000000000003,133.00000000000418,507.1065912439477,TIME,drift,0.2622722762757849
2019-10-31 18:15:00,2019-10-31 23:45:00,1,1510.26,1512.26,0.28,54.040000000000006,494.6836652930901,TIME,tday,0.10924152906480629
2019-11-01 01:15:00,2019-11-01 09:10:00,1,1512.06,1509.54,0.41000000000000003,-106.18999999999926,508.4918489378799,TIME,drift,-0.20883323935635395
2019-11-01 01:05:00,2019-11-01 15:20:00,1,1512.39,1510.92,0.19,-29.260000000000524,508.618923446658,NEWS,friday,-0.05752833536298655
2019-11-01 01:10:00,2019-11-01 15:20:00,1,1512.1200000000001,1510.92,0.14,-17.78000000000064,499.36911777215533,NEWS,tom,-0.03560492502885017
2019-11-05 01:15:00,2019-11-05 09:10:00,1,1509.82,1506.75,0.46,-144.43999999999707,501.72879219112764,TIME,drift,-0.28788461465248016
2019-11-06 01:15:00,2019-11-06 09:10:00,1,1484.54,1485.92,0.35000000000000003,45.85000000000382,496.9966478095441,TIME,drift,0.09225414336712823
2019-11-07 01:15:00,2019-11-07 09:10:00,1,1490.68,1491.44,0.43,29.66999999999961,504.42388373549807,TIME,drift,0.05881957805066483
2019-11-08 01:15:00,2019-11-08 09:10:00,1,1468.3600000000001,1469.45,0.3,30.599999999997543,507.3343865959515,TIME,drift,0.06031524928817377
2019-11-08 01:05:00,2019-11-08 23:00:00,1,1468.62,1458.48,0.18,-183.7799999999977,499.80570387035704,TIME,friday,-0.3677028864954046
2019-11-12 01:15:00,2019-11-12 09:10:00,1,1455.56,1452.83,0.42,-117.60000000000076,500.81513225723944,TIME,drift,-0.23481718587448056
2019-11-13 01:15:00,2019-11-13 09:10:00,1,1457.61,1462.26,0.34,155.7200000000031,497.8327159953087,TIME,drift,0.3127958348190811
2019-11-14 01:15:00,2019-11-14 09:10:00,1,1464.35,1464.73,0.41000000000000003,12.710000000004477,503.6139021830936,TIME,drift,0.025237587653772982
2019-11-15 01:15:00,2019-11-15 09:10:00,1,1471.32,1464.0,0.45,-332.5499999999971,504.58996413801964,TIME,drift,-0.6590499685583031
2019-11-15 01:05:00,2019-11-15 15:20:00,1,1471.49,1465.64,0.19,-112.47999999999828,494.6083871763906,NEWS,friday,-0.22741223747159167
2019-11-19 01:15:00,2019-11-19 09:10:00,1,1470.61,1471.49,0.45,36.45000000000491,503.2260134821576,TIME,drift,0.07243266250840844
2019-11-20 01:15:00,2019-11-20 09:10:00,1,1474.53,1474.74,0.46,6.440000000001673,500.8188145021445,TIME,drift,0.012858941823908048
2019-11-21 01:15:00,2019-11-21 09:10:00,1,1475.18,1469.98,0.38,-200.26000000000172,505.55844486021596,TIME,drift,-0.396116417470531
2019-11-22 01:15:00,2019-11-22 09:10:00,1,1464.98,1467.39,0.41000000000000003,95.94000000000335,495.09350047118005,TIME,drift,0.19378157844669205
2019-11-22 01:05:00,2019-11-22 16:35:00,1,1464.87,1469.35,0.21,92.61000000000037,501.79239784591596,NEWS,friday,0.18455839585763886
2019-11-26 01:15:00,2019-11-26 01:50:00,1,1455.03,1454.22,0.56,-49.279999999996946,499.04184145774593,NEWS,drift,-0.09874923484581102
2019-11-27 01:15:00,2019-11-27 09:10:00,1,1461.75,1459.61,0.48,-106.0800000000048,496.98887180438686,TIME,drift,-0.21344542306323014
2019-11-27 18:15:00,2019-11-27 23:45:00,-1,1454.22,1454.6100000000001,0.33,-15.180000000003302,494.01194636756446,TIME,tday,-0.03072800184615127
2019-11-28 01:15:00,2019-11-28 09:10:00,1,1456.92,1455.84,0.62,-71.30000000000959,501.35889940663037,TIME,drift,-0.14221349233930974
2019-11-29 01:15:00,2019-11-29 09:10:00,1,1456.23,1457.61,0.79,103.48999999999066,501.8160659676963,TIME,drift,0.20623094200944272
2019-11-29 01:05:00,2019-12-02 03:17:00,1,1455.82,1460.76,0.24,97.80480000000131,497.54142265000974,TIME,friday,0.19657619556392406
2019-12-02 01:10:00,2019-12-02 16:35:00,1,1462.3600000000001,1458.81,0.18,-65.16000000000328,496.36560674643766,NEWS,tom,-0.13127420416396712
2019-12-03 01:15:00,2019-12-03 09:10:00,1,1461.92,1461.49,0.5,-25.000000000003183,498.2132985860286,TIME,drift,-0.05017931089145009
2019-12-04 01:15:00,2019-12-04 09:10:00,1,1476.98,1482.37,0.47000000000000003,250.03999999999402,504.18714417038115,TIME,drift,0.4959269646024481
2019-12-05 01:15:00,2019-12-05 09:10:00,1,1475.15,1477.49,0.47000000000000003,106.68999999999616,500.2783506590198,TIME,drift,0.21326127716590726
2019-12-06 01:15:00,2019-12-06 09:10:00,1,1476.38,1472.96,0.49,-171.01000000000357,505.23344848753567,TIME,drift,-0.3384771940811485
2019-12-06 01:05:00,2019-12-06 15:20:00,1,1476.28,1476.36,0.24,0.23999999999825383,490.4868157612714,NEWS,friday,0.0004893097883288796
2019-12-06 18:15:00,2019-12-06 23:45:00,-1,1459.3300000000002,1459.93,0.37,-24.789999999996635,504.97478286575114,TIME,tday,-0.049091560293986244
2019-12-10 01:15:00,2019-12-10 09:10:00,1,1462.13,1462.62,0.67,28.139999999985374,502.2123794112025,TIME,drift,0.05603207159683502
2019-12-11 01:15:00,2019-12-11 09:10:00,1,1464.47,1463.42,0.62,-69.43999999999718,503.7535748008819,TIME,drift,-0.13784517564454932
2019-12-12 01:15:00,2019-12-12 09:10:00,1,1474.92,1473.56,0.47000000000000003,-67.21000000000599,501.2107058839894,TIME,drift,-0.13409530006241022
2019-12-12 18:15:00,2019-12-12 19:50:00,-1,1466.01,1468.4,0.37,-91.0200000000037,500.6747504536831,NEWS,tday,-0.18179466793068064
2019-12-13 01:15:00,2019-12-13 09:10:00,1,1464.57,1466.3,0.35000000000000003,58.10000000000065,497.4541875511165,TIME,drift,0.11679467467349547
2019-12-13 01:05:00,2019-12-13 15:20:00,1,1466.79,1471.83,0.23,114.30999999999918,489.12642003567,NEWS,friday,0.23370236265639263
2019-12-17 01:15:00,2019-12-17 09:10:00,1,1475.6000000000001,1477.19,0.58,88.15999999999525,498.08536153796206,TIME,drift,0.17699777348962714
2019-12-18 01:15:00,2019-12-18 09:10:00,1,1476.14,1477.59,0.65,89.69999999998818,498.87043180237237,TIME,drift,0.17980620674572842
2019-12-19 01:15:00,2019-12-19 09:10:00,1,1475.68,1476.66,0.64,58.24000000000116,502.6277404718289,TIME,drift,0.11587104194712743
2019-12-20 01:15:00,2019-12-20 09:10:00,1,1479.28,1479.34,0.7000000000000001,-0.7000000000038202,500.6281027115478,TIME,drift,-0.0013982435189163695
2019-12-20 01:05:00,2019-12-20 15:20:00,1,1479.3,1478.94,0.26,-11.1799999999974,492.5195915515197,NEWS,friday,-0.02269960462847481
2019-12-24 01:15:00,2019-12-24 09:10:00,1,1485.98,1490.43,0.77,337.2600000000035,503.6464642547369,TIME,drift,0.6696363896827089
2019-12-24 04:00:00,2019-12-26 15:20:00,1,1487.78,1505.06,0.68,1116.2335999999984,505.4560631448447,NEWS,trendH4,2.2083691964342465
2019-12-24 08:00:00,2019-12-26 15:20:00,1,1490.43,1505.06,0.68,936.033599999992,505.1052599876016,NEWS,trendH4,1.8531456196337532
2019-12-24 12:00:00,2019-12-26 15:20:00,1,1491.2,1505.06,0.68,883.6735999999933,504.3639969882226,NEWS,trendH4,1.7520552721383638
2019-12-24 20:00:00,2019-12-26 15:20:00,1,1499.79,1505.06,0.62,273.1223999999989,501.42336546288334,NEWS,trendH4,0.5446942021695957
2019-12-27 01:15:00,2019-12-27 09:10:00,1,1510.75,1509.19,0.52,-84.75999999999716,518.230669891074,TIME,drift,-0.1635565104971744
2019-12-26 16:00:00,2019-12-27 17:50:00,1,1508.05,1512.47,0.67,238.19840000000494,522.9302470589306,NEWS,trendH4,0.45550702285760425
2019-12-26 20:00:00,2019-12-27 17:50:00,1,1508.78,1512.47,0.65,183.63800000000353,520.9218694908803,NEWS,trendH4,0.35252503447298333
2019-12-27 01:05:00,2019-12-27 17:50:00,1,1511.12,1512.47,0.28,35.840000000003826,519.875077492234,NEWS,friday,0.06893963867798454
2019-12-27 20:00:00,2019-12-30 16:35:00,1,1514.34,1514.5,0.64,-45.10719999999476,526.4095890771617,NEWS,trendH4,-0.08568840867635277
2019-12-31 01:15:00,2019-12-31 09:10:00,1,1515.29,1523.84,0.74,627.5199999999967,522.1337841895012,TIME,drift,1.2018375730543556
2019-12-31 04:00:00,2019-12-31 16:50:00,1,1521.49,1518.92,0.66,-174.2399999999958,525.3764452579434,NEWS,trendH4,-0.3316479099371298
2019-12-31 08:00:00,2019-12-31 16:50:00,1,1523.5,1518.92,0.66,-306.8999999999952,520.8546229950462,NEWS,trendH4,-0.5892239147945781
2020-01-02 01:15:00,2020-01-02 09:10:00,1,1520.0,1520.14,0.55,3.850000000005502,524.2479755852945,TIME,drift,0.007343852869831658
2020-01-02 01:10:00,2020-01-02 15:20:00,1,1521.1000000000001,1524.51,0.22,73.47999999999679,506.73746625554696,NEWS,tom,0.14500605321916524
2020-01-02 16:00:00,2020-01-02 16:35:00,1,1528.27,1528.53,0.6,11.399999999999451,522.3361005265302,NEWS,trendH4,0.021825027962853637
2020-01-03 01:15:00,2020-01-03 09:10:00,1,1528.62,1542.26,0.51,692.070000000005,524.6832697218192,TIME,drift,1.3190243332266574
2020-01-03 01:05:00,2020-01-03 16:50:00,1,1528.61,1545.43,0.29,485.7500000000047,510.36754410310334,NEWS,friday,0.9517650673763741
2020-01-03 04:00:00,2020-01-03 16:50:00,1,1535.13,1545.43,0.56,572.8799999999975,527.3595032430039,NEWS,trendH4,1.086317770850937
2020-01-03 08:00:00,2020-01-03 16:50:00,1,1541.59,1545.43,0.52,196.0400000000076,523.7324189322215,NEWS,trendH4,0.37431328081559523
2020-01-03 12:00:00,2020-01-03 16:50:00,1,1547.06,1545.43,0.5,-84.99999999999409,529.7344211400101,NEWS,trendH4,-0.16045776262201467
2020-01-06 04:00:00,2020-01-06 16:35:00,1,1577.98,1573.92,0.36,-148.67999999999805,523.9400399882428,NEWS,trendH4,-0.2837729294430989
2020-01-07 01:15:00,2020-01-07 09:10:00,1,1564.6,1565.44,0.28,21.560000000004077,528.2934755114942,TIME,drift,0.04081064976077864
2020-01-07 18:15:00,2020-01-07 23:45:00,1,1569.86,1575.14,0.37,192.7700000000074,535.6751593099585,TIME,tday,0.35986361631614244
2020-01-08 01:15:00,2020-01-08 09:10:00,1,1576.66,1588.89,0.32,389.1200000000006,532.1830881885595,TIME,drift,0.7311769363518936
2020-01-08 04:00:00,2020-01-08 13:34:00,1,1593.68,1575.4273442978447,0.29,-531.357015362506,529.9070153625105,SL,trendH4,-1.0027363291255986
2020-01-09 01:15:00,2020-01-09 09:10:00,1,1556.28,1545.38,0.18,-197.45999999999754,526.3808028952944,TIME,drift,-0.3751276621675648
2020-01-10 01:15:00,2020-01-10 09:10:00,1,1553.68,1549.07,0.27,-126.36000000000345,532.7315187735952,TIME,drift,-0.23719264873026033
2020-01-10 01:05:00,2020-01-10 15:20:00,1,1553.24,1549.18,0.19,-78.46999999999896,523.378981587477,NEWS,friday,-0.149929597405668
2020-01-10 18:15:00,2020-01-10 23:45:00,1,1559.8600000000001,1562.69,0.29,80.03999999999789,533.2377356504152,TIME,tday,0.1501019051143658
2020-01-14 01:15:00,2020-01-14 03:14:00,1,1548.9,1537.4170574432796,0.46,-531.4353576091405,529.1353576091393,SL,drift,-1.004346713873731
2020-01-15 01:15:00,2020-01-15 09:10:00,1,1547.01,1551.63,0.43,195.6500000000051,531.8921059608698,TIME,drift,0.36783775846148514
2020-01-16 01:15:00,2020-01-16 09:10:00,1,1555.48,1553.12,0.42,-102.06000000000535,530.6498914912335,TIME,drift,-0.1923302004513675
2020-01-17 01:15:00,2020-01-17 09:10:00,1,1551.75,1556.33,0.49,220.98999999999643,525.6936864989759,TIME,drift,0.4203778848320388
2020-01-17 01:05:00,2020-01-17 16:50:00,1,1552.68,1557.44,0.21,98.48999999999981,530.0487733706597,NEWS,friday,0.1858130891874103
2020-01-21 01:15:00,2020-01-21 09:10:00,1,1560.64,1565.8,0.72,366.4799999999895,532.952243869831,TIME,drift,0.6876413491365262
2020-01-22 01:15:00,2020-01-22 09:10:00,1,1557.63,1551.94,0.38,-218.88000000000207,529.7057436975873,TIME,drift,-0.41321054680683655
2020-01-23 01:15:00,2020-01-23 09:10:00,1,1559.13,1556.11,0.53,-163.77000000001112,526.9072360878303,TIME,drift,-0.31081372352364556
2020-01-24 01:15:00,2020-01-24 09:10:00,1,1562.66,1561.12,0.38,-61.180000000007254,520.8525333770365,TIME,drift,-0.11746126989790423
2020-01-24 01:05:00,2020-01-24 16:35:00,1,1562.29,1561.95,0.22,-9.019999999998198,519.6520049118989,NEWS,friday,-0.017357770035982902
2020-01-24 18:15:00,2020-01-24 23:45:00,1,1571.56,1570.62,0.33,-33.3300000000018,520.4220049118989,TIME,tday,-0.06404417892676188
2020-01-28 01:15:00,2020-01-28 09:10:00,1,1581.11,1579.88,0.34,-44.19999999999289,519.5924460255301,TIME,drift,-0.08506667165407776
2020-01-29 01:15:00,2020-01-29 09:10:00,1,1569.92,1568.06,0.39,-75.27000000000497,531.0232951402365,TIME,drift,-0.14174519402228317
2020-01-30 01:15:00,2020-01-30 09:10:00,1,1576.08,1580.48,0.43,186.19000000000392,531.7855698445838,TIME,drift,0.3501223247829357
2020-01-30 18:15:00,2020-01-30 23:45:00,1,1582.6000000000001,1573.67,0.33,-297.0000000000021,531.5795413965211,TIME,tday,-0.5587122469381509
2020-01-31 01:15:00,2020-01-31 09:10:00,1,1575.6000000000001,1573.46,0.31,-68.5100000000031,524.0688313646282,TIME,drift,-0.13072710281511918
2020-01-31 01:05:00,2020-01-31 16:35:00,1,1575.29,1581.81,0.22,141.8999999999996,525.1795741539128,NEWS,friday,0.2701932957476625
2020-01-31 18:15:00,2020-01-31 23:45:00,1,1587.01,1589.77,0.33,88.7699999999997,525.9495741539127,TIME,tday,0.16878043896661135
2020-02-03 01:10:00,2020-02-03 16:35:00,1,1590.57,1578.15,0.16,-199.83999999999753,517.102300536856,NEWS,tom,-0.3864612472087699
2020-02-04 01:15:00,2020-02-04 09:10:00,1,1579.22,1572.64,0.35000000000000003,-232.74999999999744,527.7062338502645,TIME,drift,-0.4410597887044096
2020-02-05 01:15:00,2020-02-05 09:10:00,1,1552.96,1560.34,0.34,248.53999999999598,526.5536977965191,TIME,drift,0.47201263810332506
2020-02-06 01:15:00,2020-02-06 09:10:00,1,1555.45,1558.65,0.38,118.94000000000173,519.1278096698699,TIME,drift,0.2291150614251229
2020-02-07 01:15:00,2020-02-07 09:10:00,1,1566.33,1563.88,0.45,-113.39999999999182,525.079691411963,TIME,drift,-0.21596721765234167
2020-02-07 01:05:00,2020-02-07 15:20:00,1,1566.19,1565.7,0.2,-11.200000000000182,522.7001413546712,NEWS,friday,-0.021427199103052415
2020-02-11 01:15:00,2020-02-11 09:10:00,1,1572.94,1566.75,0.5,-313.00000000000273,532.1301208541163,TIME,drift,-0.5882019974693592
2020-02-12 01:15:00,2020-02-12 09:10:00,1,1567.2,1565.59,0.48,-80.64000000000611,524.4716217789854,TIME,drift,-0.15375474411080367
2020-02-13 01:15:00,2020-02-13 09:10:00,1,1566.42,1574.96,0.5,423.4999999999982,524.1412739565951,TIME,drift,0.8079882677491046
2020-02-13 18:15:00,2020-02-13 19:50:00,1,1576.1000000000001,1575.62,0.33,-18.150000000008102,518.9844622280784,NEWS,tday,-0.03497214525862185
2020-02-14 01:15:00,2020-02-14 09:10:00,1,1576.88,1574.74,0.55,-121.55000000000551,531.8907325037676,TIME,drift,-0.22852438023846283
2020-02-14 01:05:00,2020-02-14 15:20:00,1,1576.25,1575.03,0.22,-28.380000000000603,511.22128635464446,NEWS,friday,-0.055514120318364106
2020-02-14 18:15:00,2020-02-14 23:45:00,1,1581.67,1584.43,0.34,91.45999999999971,527.5061738199366,TIME,tday,0.17338185700783745
2020-02-18 01:15:00,2020-02-18 09:10:00,1,1585.04,1586.3,0.8200000000000001,97.57999999999926,526.5810179712645,TIME,drift,0.185308616660626
2020-02-18 18:15:00,2020-02-18 23:45:00,1,1602.52,1602.03,0.36,-20.160000000000327,523.3400782593786,TIME,tday,-0.03852179650955109
2020-02-19 01:15:00,2020-02-19 09:10:00,1,1601.54,1604.18,0.47000000000000003,120.79000000000471,532.2507830962548,TIME,drift,0.22694189249912378
2020-02-19 12:00:00,2020-02-19 15:20:00,1,1609.1200000000001,1607.09,0.52,-109.2000000000104,528.2497194620457,NEWS,trendH4,-0.20672041267000868
2020-02-20 01:15:00,2020-02-20 09:10:00,1,1612.15,1607.69,0.41000000000000003,-185.73000000000152,527.8730302984145,TIME,drift,-0.3518459730647834
2020-02-20 16:00:00,2020-02-20 17:50:00,1,1615.91,1617.83,0.46,85.09999999999289,524.4068623658105,NEWS,trendH4,0.16227857815603808
2020-02-21 01:15:00,2020-02-21 09:10:00,1,1620.75,1631.86,0.38,419.5199999999962,523.6894223044721,TIME,drift,0.8010854948223262
2020-02-21 01:05:00,2020-02-21 16:35:00,1,1620.06,1641.76,0.23,497.49000000000103,531.687311930951,NEWS,friday,0.9356815346848242
2020-02-21 08:00:00,2020-02-21 16:35:00,1,1628.43,1641.76,0.45,596.6999999999967,528.6327726177802,NEWS,trendH4,1.128760892074755
2020-02-21 12:00:00,2020-02-21 16:35:00,1,1635.16,1641.76,0.44,287.319999999996,530.223108787182,NEWS,trendH4,0.5418850956104195
2020-02-21 16:00:00,2020-02-21 16:35:00,1,1643.24,1641.76,0.42,-65.10000000000076,533.7149554683762,NEWS,trendH4,-0.12197522166653635
2020-02-21 18:15:00,2020-02-21 23:45:00,1,1642.58,1643.46,0.35000000000000003,28.350000000003824,540.2095918140083,TIME,tday,0.05247963092399996
2020-02-24 12:00:00,2020-02-24 21:24:00,1,1682.79,1664.8251115102657,0.3,-541.0466546920267,539.5466546920303,SL,trendH4,-1.0027801117604047
2020-02-24 04:00:00,2020-02-25 02:12:00,1,1661.92,1645.6964393465548,0.33,-563.9159015636931,536.0375015636934,SL,trendH4,-1.052008301506284
2020-02-25 01:15:00,2020-02-25 09:10:00,1,1654.57,1637.81,0.17,-286.1099999999999,532.2770546226885,TIME,drift,-0.5375208221267638
2020-02-26 01:15:00,2020-02-26 09:10:00,1,1638.68,1645.14,0.13,83.07000000000048,512.8112906080175,TIME,drift,0.16198941310654075
2020-02-27 01:15:00,2020-02-27 09:10:00,1,1642.3400000000001,1648.13,0.17,97.23999999999938,523.7934548172666,TIME,drift,0.18564569508399653
2020-02-28 01:15:00,2020-02-28 09:10:00,1,1647.48,1630.04,0.17,-297.670000000001,511.0596355604321,TIME,drift,-0.5824564870469053
2020-02-28 01:05:00,2020-02-28 16:35:00,1,1642.49,1620.77,0.16,-348.64000000000044,505.685355472718,NEWS,friday,-0.6894405705581279
2020-03-02 01:10:00,2020-03-02 16:35:00,1,1587.23,1597.68,0.1,103.80000000000045,514.8660488776986,NEWS,tom,0.201605835588233
2020-03-03 01:15:00,2020-03-03 09:10:00,1,1592.52,1596.47,0.14,54.32000000000064,525.9186307844367,TIME,drift,0.10328593972603586
2020-03-04 01:15:00,2020-03-04 09:10:00,1,1647.05,1635.57,0.13,-150.15000000000023,498.58962045274035,TIME,drift,-0.30114947010661336
2020-03-05 01:15:00,2020-03-05 09:10:00,1,1638.76,1641.63,0.19,53.20000000000225,510.87599017756645,TIME,drift,0.10413486055884402
2020-03-05 18:15:00,2020-03-05 23:45:00,1,1659.77,1669.9,0.18,181.08000000000197,514.7998718826072,TIME,tday,0.3517483392872613
2020-03-06 01:15:00,2020-03-06 09:10:00,1,1670.92,1670.84,0.25,-3.7500000000038654,531.7828753560187,TIME,drift,-0.007051750204429412
2020-03-06 01:05:00,2020-03-06 15:20:00,1,1672.0,1687.94,0.12,190.44000000000065,528.6770238909924,NEWS,friday,0.36021992898119093
2020-03-09 04:00:00,2020-03-09 07:36:00,1,1700.22,1666.3086565108633,0.15,-509.7201523370505,508.9701523370507,SL,trendH4,-1.0014735638161805
2020-03-10 01:15:00,2020-03-10 09:10:00,1,1677.8600000000001,1658.53,0.11,-213.4000000000017,515.2539752277298,TIME,drift,-0.4141646843300608
2020-03-11 01:15:00,2020-03-11 09:10:00,1,1651.07,1661.83,0.14,149.65999999999988,522.6366275376524,TIME,drift,0.28635574338734593
2020-03-12 01:15:00,2020-03-12 09:10:00,1,1639.1100000000001,1635.62,0.17,-60.520000000004025,528.0908568867316,TIME,drift,-0.11460149179023707
2020-03-13 01:15:00,2020-03-13 09:10:00,1,1576.3799999999999,1585.96,0.09,85.5900000000014,529.2428027582644,TIME,drift,0.1617216135088289
2020-03-13 01:05:00,2020-03-13 19:25:00,1,1577.05,1521.7515043813034,0.09,-498.31646056826855,497.86646056826896,SL,friday,-1.000903856828367
2020-03-17 01:15:00,2020-03-17 09:10:00,1,1510.66,1490.48,0.05,-101.25000000000031,450.3510028549693,TIME,drift,-0.22482463535804934
2020-03-18 01:15:00,2020-03-18 09:10:00,1,1534.68,1515.0,0.07,-138.25000000000045,470.37795564550294,TIME,drift,-0.2939125831487554
2020-03-19 01:15:00,2020-03-19 09:10:00,1,1484.66,1475.56,0.07,-64.19000000000095,465.7617130850733,TIME,drift,-0.13781725332214326
2020-03-20 01:15:00,2020-03-20 09:10:00,1,1464.27,1488.74,0.09,219.60000000000025,475.7885591270161,TIME,drift,0.4615495597517637
2020-03-20 01:05:00,2020-03-20 16:50:00,1,1470.73,1489.32,0.06,111.11999999999951,454.3253545630473,NEWS,friday,0.24458243169560823
2020-03-24 01:15:00,2020-03-24 09:10:00,1,1561.66,1561.72,0.12,-0.1200000000006548,524.8667496867286,TIME,drift,-0.0002286294570427216
2020-03-25 01:15:00,2020-03-25 09:13:00,1,1633.53,1612.22,0.08,-171.03999999999957,509.7754479231991,TIME,drift,-0.3355202779906494
2020-03-26 01:15:00,2020-03-26 09:10:00,1,1613.07,1599.12,0.1,-140.20000000000044,508.8960936332152,TIME,drift,-0.2754982829580316
2020-03-27 01:15:00,2020-03-27 09:10:00,1,1632.59,1626.39,0.11,-68.969999999998,506.9396696525648,TIME,drift,-0.13605169239816473
2020-03-27 01:05:00,2020-03-27 23:00:00,1,1637.05,1619.2,0.06,-107.51999999999944,486.76615177414453,TIME,friday,-0.22088635293993866
2020-03-31 01:15:00,2020-03-31 09:10:00,1,1621.1499999999999,1614.75,0.17,-109.98999999999769,505.24193489303013,TIME,drift,-0.21769768580924462
2020-04-01 01:15:00,2020-04-01 09:10:00,1,1571.95,1589.83,0.16,284.9599999999981,520.7268701409434,TIME,drift,0.547235059951619
2020-04-01 01:10:00,2020-04-01 15:05:00,1,1572.31,1582.72,0.05,51.70000000000041,496.1062663782783,NEWS,tom,0.10421154398517402
2020-04-02 01:15:00,2020-04-02 09:10:00,1,1592.61,1585.34,0.16,-117.43999999999971,511.45804078420656,TIME,drift,-0.22961805394618828
2020-04-02 18:15:00,2020-04-02 23:45:00,1,1607.01,1614.27,0.1,71.8999999999999,484.80224735125853,TIME,tday,0.1483078933582284
2020-04-03 01:15:00,2020-04-03 09:10:00,1,1615.1699999999998,1609.83,0.17,-91.96999999999862,506.0896185190343,TIME,drift,-0.18172670735497332
2020-04-03 01:05:00,2020-04-03 15:20:00,1,1616.27,1613.65,0.07,-18.829999999999234,500.91469116747686,NEWS,friday,-0.037591231265572074
2020-04-06 18:15:00,2020-04-06 23:45:00,1,1649.34,1656.52,0.11,78.2100000000007,503.3312641969333,TIME,tday,0.1553847447262888
2020-04-07 01:15:00,2020-04-07 09:10:00,1,1664.65,1657.56,0.16,-114.56000000000235,500.345800530645,TIME,drift,-0.228961649879953
2020-04-08 01:15:00,2020-04-08 09:10:00,1,1649.7099999999998,1645.09,0.12,-56.279999999998694,509.6198630543795,TIME,drift,-0.11043525592328272
2020-04-09 01:15:00,2020-04-09 09:10:00,1,1646.6999999999998,1650.66,0.18,70.02000000000473,506.43078943413076,TIME,drift,0.13826173578080195
2020-04-09 18:15:00,2020-04-09 23:45:00,1,1681.0900000000001,1681.78,0.12,7.4399999999979265,524.3104402759059,TIME,tday,0.014190066472990322
2020-04-13 18:15:00,2020-04-13 23:45:00,1,1702.1599999999999,1716.12,0.11,152.7900000000004,483.6880533300866,TIME,tday,0.3158854119883148
2020-04-14 01:15:00,2020-04-14 09:10:00,1,1716.18,1714.35,0.18,-34.20000000000278,519.8462822430538,TIME,drift,-0.06578867863098921
2020-04-15 01:15:00,2020-04-15 09:10:00,1,1730.4299999999998,1725.85,0.15,-69.7499999999989,524.290287956914,TIME,drift,-0.1330369865743745
2020-04-13 20:00:00,2020-04-15 15:20:00,1,1714.69,1719.72,0.18,60.667199999999504,509.1964528568976,NEWS,trendH4,0.11914301378106644
2020-04-14 16:00:00,2020-04-15 15:20:00,1,1730.41,1719.72,0.18,-207.98640000000097,514.7304744945346,NEWS,trendH4,-0.4040685568583124
2020-04-14 20:00:00,2020-04-15 15:20:00,1,1734.4299999999998,1719.72,0.17,-264.7715999999968,500.8681201714854,NEWS,trendH4,-0.5286253792901519
2020-04-16 01:15:00,2020-04-16 09:10:00,1,1717.2,1716.04,0.16,-19.68000000000131,523.2842298772522,TIME,drift,-0.03760862429318324
2020-04-17 01:15:00,2020-04-17 09:10:00,1,1707.17,1685.88,0.16,-341.7599999999994,518.8949514137217,TIME,drift,-0.658630420413379
2020-04-17 01:05:00,2020-04-17 23:00:00,1,1713.12,1683.72,0.08,-235.7599999999989,499.92205268147546,TIME,friday,-0.47159351890046153
2020-04-21 01:15:00,2020-04-21 09:10:00,1,1694.95,1689.44,0.16,-89.27999999999986,501.608396325388,TIME,drift,-0.17798745127480856
2020-04-22 01:15:00,2020-04-22 09:10:00,1,1689.1499999999999,1684.68,0.13,-59.019999999997395,487.63340909799683,TIME,drift,-0.12103354466456684
2020-04-22 18:15:00,2020-04-22 23:45:00,1,1710.4,1713.39,0.12,35.040000000000106,488.96417993484033,TIME,tday,0.07166169105612104
2020-04-23 01:15:00,2020-04-23 09:10:00,1,1714.94,1717.36,0.16,37.59999999999753,492.53663808397727,TIME,drift,0.07633949861327219
2020-04-23 18:15:00,2020-04-23 23:45:00,1,1737.34,1730.9,0.12,-78.11999999999793,486.96959565378023,TIME,tday,-0.1604206929903253
2020-04-24 01:15:00,2020-04-24 09:10:00,1,1730.51,1724.61,0.17,-101.49000000000154,505.6203010825273,TIME,drift,-0.20072374424585526
2020-04-24 01:05:00,2020-04-24 15:20:00,1,1730.4399999999998,1733.38,0.08,22.960000000002257,479.1803388213674,NEWS,friday,0.04791515456681011
2020-04-28 01:15:00,2020-04-28 09:10:00,1,1713.3500000000001,1695.21,0.22,-400.6200000000022,512.6725507594737,TIME,drift,-0.7814344641750828
2020-04-29 01:15:00,2020-04-29 09:10:00,1,1705.68,1710.42,0.19,88.73000000000017,515.7265911938656,TIME,drift,0.17204852632205245
2020-04-30 01:15:00,2020-04-30 09:10:00,1,1713.22,1716.35,0.19,58.13999999999776,508.80201566406737,TIME,drift,0.11426841523832376
2020-05-01 01:15:00,2020-05-01 09:10:00,1,1688.68,1674.57,0.16,-226.88000000000204,497.09395275873237,TIME,drift,-0.45641271381573145
2020-05-01 01:05:00,2020-05-01 16:35:00,1,1687.31,1682.13,0.09,-47.24999999999853,484.7099355639623,NEWS,friday,-0.09748098096034061
2020-05-01 01:10:00,2020-05-01 16:35:00,1,1688.1399999999999,1682.13,0.07,-42.55999999999835,502.49882206633134,NEWS,tom,-0.08469671595445113
2020-05-05 01:15:00,2020-05-05 09:10:00,1,1702.09,1702.97,0.19,15.390000000002074,508.69076694504326,TIME,drift,0.030254136697678145
2020-05-06 01:15:00,2020-05-06 09:10:00,1,1706.24,1704.68,0.22,-35.8599999999988,511.98785641545055,TIME,drift,-0.0700407237215805
2020-05-07 01:15:00,2020-05-07 09:10:00,1,1687.35,1687.19,0.21,-4.829999999996944,494.74478553244035,TIME,drift,-0.0097626092103203
2020-05-07 18:15:00,2020-05-07 23:45:00,1,1698.78,1717.86,0.15,285.1499999999989,501.2731458721576,TIME,tday,0.5688515380249838
2020-05-08 01:15:00,2020-05-08 09:10:00,1,1713.9499999999998,1717.21,0.21,66.99000000000458,499.0501296120956,TIME,drift,0.13423501172532495
2020-05-08 01:05:00,2020-05-08 15:20:00,1,1715.51,1719.53,0.1,39.499999999999815,508.62863545271784,NEWS,friday,0.07765980372859235
2020-05-12 01:15:00,2020-05-12 09:10:00,1,1697.61,1700.09,0.24,57.84000000000044,500.94517997247806,TIME,drift,0.11546173575954592
2020-05-12 18:15:00,2020-05-12 19:50:00,1,1709.32,1702.21,0.16,-114.8799999999984,515.2998062122954,NEWS,tday,-0.22293817815384478
2020-05-13 01:15:00,2020-05-13 09:10:00,1,1705.29,1704.38,0.27,-26.45999999999607,516.5289242705236,TIME,drift,-0.051226560133809815
2020-05-13 18:15:00,2020-05-13 19:50:00,1,1715.3799999999999,1711.55,0.16,-62.39999999999883,498.2755343399886,NEWS,tday,-0.12523191627831642
2020-05-14 01:15:00,2020-05-14 09:10:00,1,1716.5,1714.84,0.25,-43.250000000002046,499.6637305865665,TIME,drift,-0.08655821375954165
2020-05-14 18:15:00,2020-05-14 23:45:00,1,1730.48,1730.89,0.17,5.780000000001391,514.5157727193638,TIME,tday,0.011233863579054981
2020-05-15 01:15:00,2020-05-15 09:10:00,1,1730.2099999999998,1736.29,0.24,144.2400000000037,511.8019333798641,TIME,drift,0.28182777475548815
2020-05-15 01:05:00,2020-05-15 15:20:00,1,1729.9099999999999,1733.57,0.11,39.4900000000009,493.3223875979138,NEWS,friday,0.08004907337022686
2020-05-15 18:15:00,2020-05-15 23:45:00,1,1744.19,1744.43,0.17,2.8900000000001542,508.66821752512334,TIME,tday,0.005681502992385043
2020-05-18 04:00:00,2020-05-18 16:57:00,1,1754.82,1733.3681218002273,0.24,-516.5250767945432,515.3250767945432,SL,trendH4,-1.002328627218113
2020-05-15 20:00:00,2020-05-18 18:26:00,1,1749.26,1729.190688975321,0.25,-523.352775616972,502.23277561697034,SL,trendH4,-1.0420522136852912
2020-05-19 01:15:00,2020-05-19 09:10:00,1,1734.6699999999998,1735.38,0.18,11.520000000004746,512.8378854228758,TIME,drift,0.02246323902241658
2020-05-20 01:15:00,2020-05-20 09:10:00,1,1745.4699999999998,1747.74,0.23,50.60000000000481,495.20011333355365,TIME,drift,0.10218091360960976
2020-05-21 01:15:00,2020-05-21 09:10:00,1,1747.4599999999998,1738.23,0.25,-232.49999999999477,502.1127077654651,TIME,drift,-0.4630434490190092
2020-05-22 01:15:00,2020-05-22 09:10:00,1,1726.9999999999998,1732.25,0.25,129.50000000000568,505.2103054893991,TIME,drift,0.25632889628915734
2020-05-22 01:05:00,2020-05-22 23:00:00,1,1726.77,1735.2,0.12,100.32000000000076,511.7719415680271,TIME,friday,0.19602481467160654
2020-05-22 18:15:00,2020-05-22 23:45:00,1,1736.14,1735.8,0.18,-7.380000000002619,512.1919415680271,TIME,tday,-0.014408660896556569
2020-05-26 01:15:00,2020-05-26 09:10:00,1,1727.04,1732.26,0.32,164.80000000000086,504.36844661868184,TIME,drift,0.3267452615341633
2020-05-27 01:15:00,2020-05-27 09:10:00,1,1710.83,1706.33,0.27,-123.39000000000001,515.0356194940383,TIME,drift,-0.23957566298271976
2020-05-28 01:15:00,2020-05-28 09:10:00,1,1708.1499999999999,1719.17,0.24,262.800000000005,506.5533884449844,TIME,drift,0.5188002015083689
2020-05-29 01:15:00,2020-05-29 09:10:00,1,1720.4399999999998,1719.6,0.27,-24.56999999999779,515.453454305524,TIME,drift,-0.04766676757089777
2020-05-29 01:05:00,2020-05-29 16:35:00,1,1720.2,1729.89,0.13,125.06000000000071,506.14600220952497,NEWS,friday,0.2470828564368087
2020-05-29 18:15:00,2020-05-29 23:45:00,1,1731.3300000000002,1731.35,0.19,-0.9500000000046658,493.6112329221012,TIME,tday,-0.0019245915340718941
2020-06-01 01:10:00,2020-06-01 16:35:00,1,1736.51,1733.68,0.09,-26.09999999999934,466.0122876081644,NEWS,tom,-0.05600710688114928
2020-06-02 01:15:00,2020-06-02 09:10:00,1,1738.9499999999998,1737.91,0.27,-29.969999999992883,511.0504389080117,TIME,drift,-0.05864391793505032
2020-06-03 01:15:00,2020-06-03 09:10:00,1,1729.18,1724.13,0.26,-133.1199999999988,502.1651057759079,TIME,drift,-0.26509209514729576
2020-06-04 01:15:00,2020-06-04 09:10:00,1,1699.4199999999998,1699.76,0.21,5.670000000003055,495.8930189230464,TIME,drift,0.011433917767821888
2020-06-05 01:15:00,2020-06-05 09:10:00,1,1715.8799999999999,1710.49,0.2,-109.19999999999746,491.67986755259517,TIME,drift,-0.22209573180930842
2020-06-05 01:05:00,2020-06-05 15:20:00,1,1715.4499999999998,1702.0,0.13,-175.75999999999763,514.0336413926883,NEWS,friday,-0.3419231463602368
2020-06-09 01:15:00,2020-06-09 09:10:00,1,1699.74,1697.37,0.27,-65.8800000000032,509.5993409954726,TIME,drift,-0.12927803217192246
2020-06-09 18:15:00,2020-06-09 19:50:00,1,1718.79,1714.85,0.18,-72.18000000000099,493.69330641458856,NEWS,tday,-0.1462041292886933
2020-06-10 01:15:00,2020-06-10 09:10:00,1,1715.67,1718.18,0.26,63.43999999999976,495.0532851647907,TIME,drift,0.12814782145902173
2020-06-11 01:15:00,2020-06-11 09:10:00,1,1738.63,1729.1,0.2,-192.000000000004,511.69103266325294,TIME,drift,-0.3752264310763492
2020-06-12 01:15:00,2020-06-12 09:10:00,1,1730.53,1731.17,0.19,10.8300000000019,503.80534830165556,TIME,drift,0.021496397441016037
2020-06-12 01:05:00,2020-06-12 23:00:00,1,1729.77,1731.14,0.12,15.600000000001419,494.5534381169281,TIME,friday,0.03154360843066889
2020-06-16 01:15:00,2020-06-16 09:10:00,1,1727.0199999999998,1722.96,0.22,-90.8599999999938,496.43422423716765,TIME,drift,-0.18302525402959754
2020-06-17 01:15:00,2020-06-17 09:10:00,1,1726.33,1727.5,0.23,25.300000000001678,491.9213173752429,TIME,drift,0.05143098927892682
2020-06-18 01:15:00,2020-06-18 09:10:00,1,1727.93,1727.47,0.3,-15.900000000001091,511.8703813623957,TIME,drift,-0.03106255133903549
2020-06-19 01:15:00,2020-06-19 09:10:00,1,1724.07,1728.05,0.28,109.48000000000052,505.0824347616487,TIME,drift,0.21675669646216217
2020-06-19 01:05:00,2020-06-19 19:50:00,1,1723.9599999999998,1742.13,0.13,235.3000000000039,495.3798953473833,NEWS,friday,0.47498899775696524
2020-06-19 18:15:00,2020-06-19 19:50:00,1,1742.2,1742.13,0.2,-2.799999999998727,508.5486106127009,NEWS,tday,-0.00550586500791985
2020-06-23 01:15:00,2020-06-23 09:10:00,1,1754.49,1753.43,0.22,-24.8599999999988,502.7526097136533,TIME,drift,-0.04944777912571753
2020-06-23 18:15:00,2020-06-23 23:45:00,1,1767.07,1770.45,0.2,66.20000000000219,499.88630200789,TIME,tday,0.13243011407613509
2020-06-24 01:15:00,2020-06-24 09:10:00,1,1769.22,1768.69,0.27,-16.199999999999264,509.7736073192474,TIME,drift,-0.031778812726673704
2020-06-23 20:00:00,2020-06-24 17:20:00,1,1765.6699999999998,1769.26,0.27,73.58040000000392,509.5253667654222,NEWS,trendH4,0.14440968948633176
2020-06-24 12:00:00,2020-06-24 17:20:00,1,1775.21,1769.26,0.28,-168.56000000000128,510.33765035708916,NEWS,trendH4,-0.33029113153234513
2020-06-25 01:15:00,2020-06-25 09:10:00,1,1763.29,1762.94,0.21,-8.81999999999809,493.15612668935626,TIME,drift,-0.01788480264700005
2020-06-26 01:15:00,2020-06-26 09:10:00,1,1764.6499999999999,1759.48,0.27,-141.4799999999958,499.43916190574737,TIME,drift,-0.2832777459023037
2020-06-26 01:05:00,2020-06-26 23:00:00,1,1764.1200000000001,1771.04,0.14,95.89999999999785,499.75831843545996,TIME,friday,0.19189275388195987
2020-06-30 01:15:00,2020-06-30 09:10:00,1,1772.89,1772.0,0.32,-30.720000000003203,510.3599703126861,TIME,drift,-0.06019280858015128
2020-06-30 18:15:00,2020-06-30 19:20:00,1,1783.72,1781.96,0.22,-40.2599999999998,503.1857842427212,NEWS,tday,-0.08001020947082167
2020-07-01 01:15:00,2020-07-01 09:10:00,1,1784.07,1784.56,0.3,12.600000000000271,502.347046764321,TIME,drift,0.025082261518522737
2020-06-30 20:00:00,2020-07-01 15:05:00,1,1783.78,1780.48,0.29,-120.77919999999868,500.9101541344103,NEWS,trendH4,-0.24111948820184975
2020-07-01 01:10:00,2020-07-01 15:05:00,1,1782.1899999999998,1780.48,0.11,-19.5799999999979,500.55822822538374,NEWS,tom,-0.039116328322909344
2020-07-02 01:15:00,2020-07-02 09:10:00,1,1771.77,1766.77,0.25,-126.75,506.45223768264316,TIME,drift,-0.25027039189315425
2020-07-02 18:15:00,2020-07-02 23:45:00,1,1776.3600000000001,1775.54,0.21,-18.690000000003437,489.4791113815901,TIME,tday,-0.038183447598508474
2020-07-03 01:15:00,2020-07-03 09:10:00,1,1776.59,1773.8,0.29,-82.93999999999895,506.3463188410562,TIME,drift,-0.16380093409158186
2020-07-03 01:05:00,2020-07-06 04:00:00,1,1777.03,1775.58,0.14,-32.40720000000064,487.22131771147656,TIME,friday,-0.06651433100714937
2020-07-06 18:15:00,2020-07-06 23:45:00,1,1783.3600000000001,1785.03,0.23,36.799999999996444,503.5628707337805,TIME,tday,0.07307925611428084
2020-07-07 01:15:00,2020-07-07 09:10:00,1,1785.73,1784.2,0.37,-59.199999999998994,503.75672553909016,TIME,drift,-0.11751704145814969
2020-07-07 18:15:00,2020-07-07 23:45:00,1,1794.13,1794.78,0.23,13.339999999996863,495.62123710993905,TIME,tday,0.026915715068597384
2020-07-08 01:15:00,2020-07-08 09:10:00,1,1794.91,1794.48,0.34,-17.000000000002164,509.7788351860813,TIME,drift,-0.033347794821251775
2020-07-07 20:00:00,2020-07-08 17:20:00,1,1796.16,1813.15,0.32,516.0064000000003,508.5211807176055,NEWS,trendH4,1.0147195821260226
2020-07-08 12:00:00,2020-07-08 17:20:00,1,1799.81,1813.15,0.34,451.18000000000495,501.9674255738599,NEWS,trendH4,0.89882326424709
2020-07-08 16:00:00,2020-07-08 17:20:00,1,1803.8400000000001,1813.15,0.34,314.1599999999982,498.5440542951666,NEWS,trendH4,0.6301549427645917
2020-07-08 18:15:00,2020-07-08 19:50:00,1,1812.06,1812.46,0.23,7.5900000000020915,499.5168630306576,NEWS,tday,0.015194682225445228
2020-07-09 01:15:00,2020-07-09 09:10:00,1,1810.4299999999998,1812.69,0.32,70.08000000000699,507.22717622288957,TIME,drift,0.1381629441108887
2020-07-10 01:15:00,2020-07-10 09:10:00,1,1802.83,1796.34,0.27,-177.12000000000026,504.1767093572554,TIME,drift,-0.3513053989062682
2020-07-10 01:05:00,2020-07-10 15:20:00,1,1802.4499999999998,1807.37,0.15,72.7500000000011,493.46514455946664,NEWS,friday,0.1474268259918287
2020-07-14 01:15:00,2020-07-14 09:10:00,1,1803.24,1797.39,0.31,-183.51999999999717,517.2023291884761,TIME,drift,-0.3548321220593726
2020-07-14 18:15:00,2020-07-14 23:45:00,1,1809.08,1808.98,0.24,-4.079999999997817,508.26059554040745,TIME,tday,-0.008027378151673871
2020-07-15 01:15:00,2020-07-15 09:10:00,1,1809.31,1806.93,0.3,-73.49999999999645,514.3595655539906,TIME,drift,-0.14289614682451435
2020-07-16 01:15:00,2020-07-16 09:10:00,1,1811.31,1808.69,0.35000000000000003,-94.14999999999618,515.7278939193521,TIME,drift,-0.18255750970630852
2020-07-17 01:15:00,2020-07-17 09:10:00,1,1798.23,1799.29,0.36,35.63999999999803,513.0877330316551,TIME,drift,0.0694618048835699
2020-07-17 01:05:00,2020-07-17 23:00:00,1,1798.51,1810.14,0.16,184.96000000000174,488.42462405330764,TIME,friday,0.37868688614645857
2020-07-17 18:15:00,2020-07-17 23:45:00,1,1810.14,1809.97,0.25,-6.000000000001819,509.3589833888621,TIME,tday,-0.011779511495179057
2020-07-20 18:15:00,2020-07-20 23:45:00,1,1817.14,1817.89,0.25,17.0,501.97619886108635,TIME,tday,0.03386614751570018
2020-07-21 01:15:00,2020-07-21 09:10:00,1,1817.93,1818.9,0.46,41.400000000001256,512.4871362143241,TIME,drift,0.08078251545164172
2020-07-21 18:15:00,2020-07-21 23:45:00,1,1838.45,1841.84,0.26,86.3199999999967,512.4927291858489,TIME,tday,0.1684316578249325
2020-07-22 01:15:00,2020-07-22 09:10:00,1,1841.6299999999999,1857.86,0.36,581.7600000000007,509.2153236691862,TIME,drift,1.1424636552727612
2020-07-21 12:00:00,2020-07-22 16:50:00,1,1824.11,1853.68,0.42,1205.618400000007,508.50211055634287,NEWS,trendH4,2.3709211328168567
2020-07-21 16:00:00,2020-07-22 16:50:00,1,1839.38,1853.68,0.38,510.5375999999983,509.85867121628564,NEWS,trendH4,1.0013316019164546
2020-07-21 20:00:00,2020-07-22 16:50:00,1,1841.97,1853.68,0.38,412.11760000000135,514.4427376554709,NEWS,trendH4,0.8010951848172497
2020-07-23 01:15:00,2020-07-23 09:10:00,1,1873.04,1873.22,0.21,2.310000000001337,516.7457865770808,TIME,drift,0.004470283183734802
2020-07-23 04:00:00,2020-07-23 15:20:00,1,1873.1299999999999,1874.95,0.29,50.750000000004746,526.4284713973393,NEWS,trendH4,0.09640436024536277
2020-07-23 12:00:00,2020-07-23 15:20:00,1,1882.58,1874.95,0.27,-207.89999999999682,522.0083362680916,NEWS,trendH4,-0.39826950175988013
2020-07-23 18:15:00,2020-07-23 23:45:00,1,1887.84,1886.27,0.25,-40.99999999999841,528.8102984321455,TIME,tday,-0.07753252938068365
2020-07-24 01:15:00,2020-07-24 09:10:00,1,1887.35,1887.55,0.18,2.3400000000008188,525.2914929145691,TIME,drift,0.004454669515048448
2020-07-23 20:00:00,2020-07-24 16:35:00,1,1893.8899999999999,1904.08,0.24,223.8048000000013,516.0392875395132,NEWS,trendH4,0.433697211441221
2020-07-24 01:05:00,2020-07-24 16:35:00,1,1890.1699999999998,1904.08,0.15,207.6000000000012,497.2414636897213,NEWS,friday,0.41750339655814306
2020-07-24 18:15:00,2020-07-24 23:45:00,1,1902.6100000000001,1901.59,0.24,-26.16000000000502,530.9508946023693,TIME,tday,-0.04927009308383654
2020-07-24 20:00:00,2020-07-27 15:20:00,1,1900.6499999999999,1936.53,0.24,840.3648000000026,525.1709035479496,NEWS,trendH4,1.6001739516082594
2020-07-27 04:00:00,2020-07-27 15:20:00,1,1915.4099999999999,1936.53,0.24,505.2000000000028,527.004940452024,NEWS,trendH4,0.9586247892983344
2020-07-27 08:00:00,2020-07-27 15:20:00,1,1932.11,1936.53,0.22,95.7000000000016,527.540468976971,NEWS,trendH4,0.18140788361807977
2020-07-27 18:15:00,2020-07-27 23:45:00,1,1941.43,1941.18,0.24,-7.68,536.2944021307718,TIME,tday,-0.014320492568049
2020-07-28 04:00:00,2020-07-28 06:07:00,1,1964.03,1938.3543422517982,0.2,-514.9131549640346,513.9131549640359,SL,trendH4,-1.001945854061799
2020-07-28 01:15:00,2020-07-28 09:10:00,1,1942.6799999999998,1942.11,0.18,-11.519999999998854,519.178099565087,TIME,drift,-0.02218891746329266
2020-07-29 01:15:00,2020-07-29 09:10:00,1,1960.2,1952.14,0.12,-97.55999999999935,535.2476605587083,TIME,drift,-0.18227076396403707
2020-07-30 01:15:00,2020-07-30 09:10:00,1,1971.57,1961.31,0.14,-144.61999999999986,533.6594455428402,TIME,drift,-0.2709967961925454
2020-07-31 01:15:00,2020-07-31 09:10:00,1,1957.2899999999997,1974.23,0.17,286.79000000000485,521.1353675532813,TIME,drift,0.5503176676464646
2020-07-31 01:05:00,2020-07-31 16:35:00,1,1956.1599999999999,1960.71,0.12,53.76000000000218,517.3350081852017,NEWS,friday,0.10391718934427215
2020-08-03 01:10:00,2020-08-03 16:35:00,1,1982.47,1969.88,0.09,-113.93999999999926,516.9267933148301,NEWS,tom,-0.22041805817290075
2020-08-04 01:15:00,2020-08-04 09:10:00,1,1976.1999999999998,1975.35,0.23,-21.159999999997908,534.1770202486244,TIME,drift,-0.039612336730901136
2020-08-04 18:15:00,2020-08-04 23:45:00,1,1994.27,2016.51,0.18,399.0600000000002,516.1641652209137,TIME,tday,0.7731261232154814
2020-08-05 01:15:00,2020-08-05 09:10:00,1,2020.35,2022.82,0.19,45.60000000000052,532.613154022712,TIME,drift,0.08561560985791203
2020-08-04 20:00:00,2020-08-05 15:05:00,1,1999.8,2040.06,0.2,787.9039999999999,531.9420547047856,NEWS,trendH4,1.4811838865367895
2020-08-05 04:00:00,2020-08-05 15:05:00,1,2020.82,2040.06,0.19,364.2300000000002,529.1995941525156,NEWS,trendH4,0.6882658339587254
2020-08-05 12:00:00,2020-08-05 15:05:00,1,2037.96,2040.06,0.19,38.569999999998274,536.974308722645,NEWS,trendH4,0.07182838987539018
2020-08-05 18:15:00,2020-08-05 23:45:00,1,2047.66,2038.08,0.17,-164.05000000000265,517.4499226738967,TIME,tday,-0.31703550974030964
2020-08-06 01:15:00,2020-08-06 09:10:00,1,2041.33,2047.9,0.15,97.50000000000244,526.0142376378195,TIME,drift,0.1853561995543072
2020-08-07 01:15:00,2020-08-07 09:10:00,1,2065.87,2063.72,0.17,-37.740000000001544,544.0921165528395,TIME,drift,-0.06936325458841017
2020-08-07 01:05:00,2020-08-07 15:20:00,1,2066.87,2052.92,0.11,-154.219999999998,524.6770736423053,NEWS,friday,-0.29393317861099516
2020-08-11 01:15:00,2020-08-11 09:10:00,1,2027.04,2009.02,0.17,-307.5299999999997,539.422145265008,TIME,drift,-0.5701100755678393
2020-08-12 01:15:00,2020-08-12 07:29:00,1,1917.12,1863.5632614504982,0.1,-536.2673854950169,535.7673854950181,SL,drift,-1.000933240830882
2020-08-12 18:15:00,2020-08-12 19:50:00,1,1944.25,1947.72,0.13,44.20000000000036,525.3986510579089,NEWS,tday,0.08412659589247534
2020-08-13 01:15:00,2020-08-13 09:10:00,1,1919.0,1932.12,0.07,91.34999999999926,481.9846332409853,TIME,drift,0.18952886399248664
2020-08-13 18:15:00,2020-08-13 19:50:00,1,1947.8500000000001,1951.6,0.12,44.15999999999727,524.7159866210646,NEWS,tday,0.08415981431091482
2020-08-14 01:15:00,2020-08-14 09:10:00,1,1948.8799999999999,1949.84,0.11,9.7900000000004,526.2317544936881,TIME,drift,0.018603970430138356
2020-08-14 01:05:00,2020-08-14 15:20:00,1,1951.85,1950.73,0.08,-9.519999999999127,533.2077018624174,NEWS,friday,-0.017854205718985574
2020-08-17 18:15:00,2020-08-17 23:45:00,1,1983.85,1984.36,0.12,5.279999999999891,521.1728660151018,TIME,tday,0.010130995576133648
2020-08-18 01:15:00,2020-08-18 09:10:00,1,1981.72,1996.73,0.18,268.91999999999985,538.756809399369,TIME,drift,0.4991491435622026
2020-08-19 01:15:00,2020-08-19 09:10:00,1,2002.6699999999998,1992.54,0.15,-152.99999999999824,526.0679922753453,TIME,drift,-0.2908369302953479
2020-08-20 01:15:00,2020-08-20 09:10:00,1,1935.39,1947.59,0.1,121.29999999999819,510.5948591821616,TIME,drift,0.2375660424671898
2020-08-21 01:15:00,2020-08-21 09:10:00,1,1949.35,1946.36,0.11,-33.6600000000001,505.8046037604683,TIME,drift,-0.06654743699395098
2020-08-21 01:05:00,2020-08-21 16:35:00,1,1948.21,1936.72,0.07,-80.92000000000006,481.62875970884954,NEWS,friday,-0.16801322256776607
2020-08-25 01:15:00,2020-08-25 09:10:00,1,1929.54,1931.69,0.17,35.36000000000155,535.199720846982,TIME,drift,0.06606879380288627
2020-08-26 01:15:00,2020-08-26 09:10:00,1,1929.86,1917.18,0.2,-254.99999999999676,535.4614840614375,TIME,drift,-0.47622472874396077
2020-08-27 01:15:00,2020-08-27 09:10:00,1,1951.3999999999999,1939.34,0.17,-206.2099999999991,532.1961536704293,TIME,drift,-0.38746991795753905
2020-08-28 01:15:00,2020-08-28 09:10:00,1,1929.17,1943.06,0.12,165.83999999999847,500.7291044643082,TIME,drift,0.3311970455111013
2020-08-28 01:05:00,2020-08-28 16:35:00,1,1930.3999999999999,1959.97,0.07,206.50000000000117,481.83674918482234,NEWS,friday,0.4285683903300455
2020-08-28 18:15:00,2020-08-28 23:45:00,1,1966.44,1964.08,0.11,-26.730000000001397,505.03802295552816,TIME,tday,-0.05292670805967246
2020-09-01 01:15:00,2020-09-01 09:10:00,1,1968.31,1985.46,0.2,341.60000000000184,522.2367009110075,TIME,drift,0.6541095242906199
2020-09-01 01:10:00,2020-09-01 16:35:00,1,1968.4999999999998,1985.22,0.06,99.90000000000151,534.4335021121569,NEWS,tom,0.1869269041053425
2020-09-02 01:15:00,2020-09-02 09:10:00,1,1970.6599999999999,1963.53,0.2,-143.99999999999764,539.7105812483384,TIME,drift,-0.26680966614908475
2020-09-03 01:15:00,2020-09-03 09:10:00,1,1941.3,1935.0,0.17,-108.28999999999924,535.2354022297267,TIME,drift,-0.2023221923454167
2020-09-04 01:15:00,2020-09-04 09:10:00,1,1930.06,1934.02,0.16,62.240000000000585,513.4454289832597,TIME,drift,0.12122028259799708
2020-09-04 01:05:00,2020-09-04 15:20:00,1,1931.96,1937.2,0.08,41.36000000000007,507.14285136312293,NEWS,friday,0.08155493050691866
2020-09-08 01:15:00,2020-09-08 09:10:00,1,1931.1000000000001,1933.3,0.26,55.37999999999528,536.7209796519719,TIME,drift,0.10318210410911373
2020-09-09 01:15:00,2020-09-09 09:10:00,1,1930.3999999999999,1927.57,0.17,-49.29999999999876,515.7271853681315,TIME,drift,-0.09559317677777235
2020-09-09 18:15:00,2020-09-09 19:50:00,1,1946.01,1948.21,0.13,27.69000000000059,511.52975637093516,NEWS,tday,0.05413174826123159
2020-09-10 01:15:00,2020-09-10 09:10:00,1,1946.6999999999998,1948.06,0.22,28.380000000002802,537.1980272441032,TIME,drift,0.052829680230949375
2020-09-11 01:15:00,2020-09-11 09:10:00,1,1947.12,1942.33,0.2,-97.19999999999928,541.4957584292606,TIME,drift,-0.17950279108732334
2020-09-11 01:05:00,2020-09-11 15:20:00,1,1946.56,1945.54,0.09,-9.809999999999837,509.7788379749955,NEWS,friday,-0.01924363914157028
2020-09-14 18:15:00,2020-09-14 23:45:00,1,1959.51,1958.31,0.14,-17.78000000000064,508.81147360555127,TIME,tday,-0.034944180550818965
2020-09-15 01:15:00,2020-09-15 09:10:00,1,1957.6399999999999,1965.82,0.3,243.3000000000019,530.2443330853337,TIME,drift,0.4588450735235806
2020-09-16 01:15:00,2020-09-16 09:10:00,1,1954.94,1959.63,0.27,124.74000000000149,539.2889893301543,TIME,drift,0.23130455556850854
2020-09-17 01:15:00,2020-09-17 09:10:00,1,1959.72,1943.72,0.22,-353.54,528.3969446114382,TIME,drift,-0.6690803260794383
2020-09-18 01:15:00,2020-09-18 09:10:00,1,1945.23,1953.35,0.22,177.0999999999976,528.0987785655016,TIME,drift,0.3353539284469892
2020-09-18 01:05:00,2020-09-18 23:00:00,1,1944.68,1950.67,0.1,59.200000000000095,502.7630179477344,TIME,friday,0.11774931306931238
2020-09-18 18:15:00,2020-09-18 23:45:00,1,1954.78,1950.92,0.16,-62.879999999998404,536.6538858109167,TIME,tday,-0.11717049230899147
2020-09-22 01:15:00,2020-09-22 09:10:00,1,1912.5,1912.49,0.16,-1.2799999999998546,516.7038337359523,TIME,drift,-0.0024772411513671183
2020-09-23 01:15:00,2020-09-23 09:10:00,1,1901.19,1880.85,0.18,-367.3800000000026,536.2217099253578,TIME,drift,-0.6851270532316605
2020-09-24 01:15:00,2020-09-24 09:10:00,1,1862.39,1854.18,0.17,-140.76000000000064,532.4815207646936,TIME,drift,-0.26434720175426185
2020-09-25 01:15:00,2020-09-25 09:10:00,1,1870.79,1869.37,0.17,-25.330000000001238,539.1712825547318,TIME,drift,-0.04697950506559104
2020-09-25 01:05:00,2020-09-25 15:20:00,1,1870.08,1857.37,0.1,-127.80000000000037,526.450989027764,NEWS,friday,-0.24275764062295352
2020-09-29 01:15:00,2020-09-29 09:10:00,1,1879.92,1880.17,0.22,3.96,536.6742287187756,TIME,drift,0.0073787780148375495
2020-09-30 01:15:00,2020-09-30 09:10:00,1,1898.6899999999998,1886.21,0.25,-313.74999999999477,526.0960550645407,TIME,drift,-0.596373983381237
2020-10-01 01:15:00,2020-10-01 09:10:00,1,1887.4199999999998,1893.66,0.19,117.23000000000448,511.1636691598237,TIME,drift,0.22933946028028568
2020-10-01 01:10:00,2020-10-01 15:20:00,1,1887.59,1900.59,0.08,103.44,521.1850533839228,NEWS,tom,0.19847077219193113
2020-10-02 01:15:00,2020-10-02 09:10:00,1,1905.5,1906.84,0.23,29.20999999999812,532.1669430087418,TIME,drift,0.05488879078969453
2020-10-02 01:05:00,2020-10-02 15:20:00,1,1905.09,1908.44,0.11,36.0800000000015,531.7374729948724,NEWS,friday,0.06785303243119264
2020-10-06 01:15:00,2020-10-06 09:10:00,1,1912.1399999999999,1910.21,0.27,-53.99999999999558,527.184884178114,TIME,drift,-0.10243085797913586
2020-10-07 01:15:00,2020-10-07 09:10:00,1,1878.44,1886.5,0.19,151.80999999999895,527.7377693024204,TIME,drift,0.28766180635633865
2020-10-08 01:15:00,2020-10-08 09:10:00,1,1887.8899999999999,1887.54,0.25,-10.499999999997726,522.5131131155979,TIME,drift,-0.020095189453503276
2020-10-09 01:15:00,2020-10-09 09:10:00,1,1894.03,1906.71,0.27,340.47000000000173,535.0541569358957,TIME,drift,0.6363281091951093
2020-10-09 01:05:00,2020-10-09 23:00:00,1,1894.36,1928.74,0.11,377.4100000000012,518.4245556458717,TIME,friday,0.7279940656549543
2020-10-13 01:15:00,2020-10-13 09:10:00,1,1923.97,1914.78,0.3,-277.80000000000166,535.310999810298,TIME,drift,-0.5189506662453184
2020-10-14 01:15:00,2020-10-14 09:10:00,1,1893.56,1895.33,0.24,40.799999999999564,529.3387316047008,TIME,drift,0.07707729958908081
2020-10-15 01:15:00,2020-10-15 09:10:00,1,1902.39,1897.24,0.25,-130.50000000000227,526.7811976410317,TIME,drift,-0.2477309375968461
2020-10-16 01:15:00,2020-10-16 09:10:00,1,1908.05,1905.93,0.24,-52.55999999999738,525.5470605623184,TIME,drift,-0.10001007320592732
2020-10-16 01:05:00,2020-10-16 15:20:00,1,1909.21,1913.41,0.11,45.4300000000005,500.761981427796,NEWS,friday,0.09072174343281483
2020-10-20 01:15:00,2020-10-20 09:10:00,1,1904.26,1900.46,0.3,-116.09999999999863,531.7462214246335,TIME,drift,-0.2183372355499736
2020-10-21 01:15:00,2020-10-21 09:10:00,1,1910.12,1916.24,0.27,163.3500000000032,535.6107490568604,TIME,drift,0.30497894280060833
2020-10-22 01:15:00,2020-10-22 09:10:00,1,1925.35,1914.25,0.29,-323.9299999999973,534.3098379617115,TIME,drift,-0.60625872290828
2020-10-23 01:15:00,2020-10-23 09:10:00,1,1905.23,1904.34,0.3,-28.800000000003,527.676385899372,TIME,drift,-0.05457890625694053
2020-10-23 01:05:00,2020-10-23 16:35:00,1,1905.1599999999999,1905.61,0.12,4.560000000000546,506.23978265672014,NEWS,friday,0.009007589202235159
2020-10-27 01:15:00,2020-10-27 09:10:00,1,1902.48,1908.5,0.3,178.49999999999946,524.7083508413272,TIME,drift,0.34018898253437213
2020-10-28 01:15:00,2020-10-28 09:10:00,1,1906.79,1909.78,0.39,113.88000000000036,536.1329010168145,TIME,drift,0.21241001957540526
2020-10-29 01:15:00,2020-10-29 09:10:00,1,1877.8799999999999,1883.1,0.26,133.90000000000072,538.3839891578433,TIME,drift,0.24870724742288713
2020-10-30 01:15:00,2020-10-30 09:10:00,1,1868.4599999999998,1869.8,0.26,33.02000000000378,539.8572707398705,TIME,drift,0.06116431469886496
2020-10-30 01:05:00,2020-10-30 16:35:00,1,1869.4899999999998,1886.93,0.13,225.81000000000367,523.8709456881652,NEWS,friday,0.43104127430349487
2020-11-02 01:10:00,2020-11-02 16:35:00,1,1879.26,1890.03,0.1,106.99999999999982,535.0866149411098,NEWS,tom,0.1999676258240471
2020-11-03 01:15:00,2020-11-03 09:10:00,1,1895.43,1893.55,0.33,-64.3500000000036,540.8320574905081,TIME,drift,-0.1189833315328816
2020-11-04 01:15:00,2020-11-04 03:00:00,1,1913.18,1895.1120535719635,0.3,-544.1383928410957,542.6383928411,SL,drift,-1.002764271787225
2020-11-05 01:15:00,2020-11-05 09:10:00,1,1905.51,1908.31,0.17,46.409999999999236,524.8956773934231,TIME,drift,0.08841756943106568
2020-11-05 20:00:00,2020-11-05 20:50:00,1,1947.9,1947.05,0.21,-19.320000000002864,536.3240505313358,NEWS,trendH4,-0.03602299762776358
2020-11-06 01:15:00,2020-11-06 09:10:00,1,1947.4,1939.87,0.2,-152.00000000000404,531.921025631182,TIME,drift,-0.28575670574337525
2020-11-06 01:05:00,2020-11-06 15:20:00,1,1946.61,1954.49,0.12,93.7200000000013,514.3395194293975,NEWS,friday,0.18221426987366873
2020-11-09 08:00:00,2020-11-09 13:59:00,1,1961.99,1937.6152872899092,0.22,-537.7836796219967,536.6836796219961,SL,trendH4,-1.002049624465524
2020-11-06 16:00:00,2020-11-09 14:02:00,1,1958.79,1933.8381931260924,0.21,-542.148744352059,524.4079443520601,SL,trendH4,-1.0338301511086352
2020-11-10 01:15:00,2020-11-10 09:10:00,1,1864.9299999999998,1887.02,0.12,264.2400000000017,534.4737040714974,TIME,drift,0.4943928915250317
2020-11-11 01:15:00,2020-11-11 09:10:00,1,1875.68,1879.41,0.18,65.88000000000032,536.1684030032795,TIME,drift,0.12287184330703158
2020-11-12 01:15:00,2020-11-12 09:10:00,1,1866.1899999999998,1869.13,0.23,66.01000000000649,531.5007392759792,TIME,drift,0.12419549987818759
2020-11-13 01:15:00,2020-11-13 09:10:00,1,1876.6299999999999,1878.41,0.27,46.1700000000054,531.0292448537808,TIME,drift,0.08694436407681903
2020-11-13 01:05:00,2020-11-13 15:20:00,1,1877.38,1887.55,0.1,100.99999999999845,492.8259774069509,NEWS,friday,0.2049404954897451
2020-11-17 01:15:00,2020-11-17 09:10:00,1,1888.24,1889.44,0.23,25.990000000001046,536.864214585795,TIME,drift,0.04841075134809091
2020-11-18 01:15:00,2020-11-18 09:10:00,1,1882.6399999999999,1880.37,0.28,-65.5199999999995,532.6363902659195,TIME,drift,-0.12301074653815625
2020-11-19 01:15:00,2020-11-19 09:10:00,1,1873.5,1862.9,0.26,-277.41999999999763,528.9531104093837,TIME,drift,-0.5244699285070621
2020-11-20 01:15:00,2020-11-20 09:10:00,1,1863.9,1866.63,0.26,69.16000000000048,524.2215894084558,TIME,drift,0.13192894264053925
2020-11-20 01:05:00,2020-11-20 23:00:00,1,1861.77,1872.87,0.11,121.32999999999902,492.2975140330201,TIME,friday,0.24645665789785198
2020-11-23 18:15:00,2020-11-23 23:45:00,-1,1833.14,1836.67,0.18,-64.79999999999951,523.4324168126699,TIME,tday,-0.12379821715014386
2020-11-24 01:15:00,2020-11-24 09:10:00,1,1837.6100000000001,1830.32,0.25,-184.00000000000477,517.2403385137984,TIME,drift,-0.35573404914376416
2020-11-24 18:15:00,2020-11-24 23:45:00,-1,1805.31,1807.01,0.17,-30.090000000000778,513.9762068079365,TIME,tday,-0.058543566027843115
2020-11-25 01:15:00,2020-11-25 09:10:00,1,1807.35,1805.97,0.24,-34.79999999999716,527.9340304276856,TIME,drift,-0.06591732677623617
2020-11-26 01:15:00,2020-11-26 09:10:00,1,1809.3,1811.12,0.29,50.74999999999815,532.6440526917847,TIME,drift,0.09527938919720692
2020-11-27 01:15:00,2020-11-27 09:10:00,1,1809.81,1808.56,0.32,-42.24,526.33284607267,TIME,drift,-0.08025339918491042
2020-11-27 01:05:00,2020-11-30 03:15:00,1,1810.76,1783.27,0.12,-340.2576000000001,513.9452596987368,TIME,friday,-0.6620502739911474
2020-12-01 01:15:00,2020-12-01 09:10:00,1,1777.57,1786.44,0.2,176.00000000000236,513.1344463243006,TIME,drift,0.34299003167830694
2020-12-01 01:10:00,2020-12-01 16:35:00,1,1777.26,1808.39,0.09,279.540000000001,523.253412699421,NEWS,tom,0.5342344516357328
2020-12-02 01:15:00,2020-12-02 09:10:00,1,1812.8300000000002,1812.28,0.27,-16.740000000004912,533.9344418275539,TIME,drift,-0.031352163652727
2020-12-03 01:15:00,2020-12-03 09:10:00,1,1829.6000000000001,1833.12,0.25,86.24999999999386,525.4976371491667,TIME,drift,0.16413013856332737
2020-12-04 01:15:00,2020-12-04 09:10:00,1,1840.79,1842.95,0.24,50.160000000001965,528.8324079040582,TIME,drift,0.09485046538430393
2020-12-04 01:05:00,2020-12-04 15:20:00,1,1841.49,1840.08,0.12,-17.760000000000982,521.1008154885669,NEWS,friday,-0.034081696808226626
2020-12-08 01:15:00,2020-12-08 09:10:00,1,1863.82,1865.58,0.22,37.1799999999998,519.5731207319282,TIME,drift,0.07155874412368357
2020-12-09 01:15:00,2020-12-09 09:10:00,1,1869.98,1859.93,0.27,-273.23999999999876,524.6542494499223,TIME,drift,-0.5208001274867768
2020-12-10 01:15:00,2020-12-10 09:10:00,1,1836.3799999999999,1836.26,0.18,-3.4199999999980353,512.5501547756595,TIME,drift,-0.006672517739254124
2020-12-11 01:15:00,2020-12-11 09:10:00,1,1837.5299999999997,1835.23,0.21,-49.76999999999427,518.3807353647421,TIME,drift,-0.09601051236013852
2020-12-11 01:05:00,2020-12-11 15:20:00,1,1837.52,1834.19,0.12,-40.79999999999913,524.4230275056464,NEWS,friday,-0.07779978730922499
2020-12-15 01:15:00,2020-12-15 09:10:00,1,1829.1399999999999,1841.79,0.25,314.5000000000023,529.8109632568624,TIME,drift,0.5936079504031078
2020-12-16 01:15:00,2020-12-16 09:10:00,1,1853.4699999999998,1856.61,0.29,89.0300000000029,524.1512585389943,TIME,drift,0.16985554942320052
2020-12-17 01:15:00,2020-12-17 09:10:00,1,1863.91,1871.82,0.23,180.31999999999664,523.2826328129146,TIME,drift,0.3445938938020615
2020-12-18 01:15:00,2020-12-18 09:10:00,1,1884.31,1882.11,0.23,-52.210000000001045,525.4425068209721,TIME,drift,-0.09936386821058989
2020-12-18 01:05:00,2020-12-18 23:00:00,1,1884.88,1881.12,0.12,-45.96000000000262,510.2820857225672,TIME,friday,-0.09006782970819475
2020-12-22 01:15:00,2020-12-22 09:10:00,1,1881.21,1870.62,0.18,-191.8800000000026,515.7001274411426,TIME,drift,-0.372076696882147
2020-12-23 01:15:00,2020-12-23 09:10:00,1,1861.9299999999998,1867.66,0.21,118.86000000000516,513.3480591392555,TIME,drift,0.23153881247608282
2020-12-24 01:15:00,2020-12-24 09:10:00,1,1872.58,1876.26,0.27,97.47000000000172,529.2427643172201,TIME,drift,0.18416879090590585
2020-12-29 01:15:00,2020-12-29 09:10:00,1,1876.1100000000001,1879.03,0.21,59.849999999996754,526.9596488488954,TIME,drift,0.1135760586806498
2020-12-30 01:15:00,2020-12-30 09:10:00,1,1878.48,1881.31,0.27,74.51999999999803,526.3787310217873,TIME,drift,0.14157106966564267
2020-12-31 01:15:00,2020-12-31 09:10:00,1,1895.07,1888.7,0.34,-218.9599999999963,526.2525196452805,TIME,drift,-0.4160740173701893
2021-01-04 01:10:00,2021-01-04 16:35:00,1,1908.55,1938.71,0.1,300.90000000000083,505.43250872306345,NEWS,tom,0.5953317105783354
2021-01-04 04:00:00,2021-01-04 16:35:00,1,1916.8,1938.71,0.26,567.8400000000021,534.6548830683859,NEWS,trendH4,1.0620682948618494
2021-01-04 08:00:00,2021-01-04 16:35:00,1,1921.95,1938.71,0.26,433.93999999999977,533.4411389149664,NEWS,trendH4,0.8134730682426282
2021-01-04 12:00:00,2021-01-04 16:35:00,1,1932.3600000000001,1938.71,0.25,156.99999999999773,521.6404634319407,NEWS,trendH4,0.30097358430953425
2021-01-05 01:15:00,2021-01-05 09:10:00,1,1944.0,1939.76,0.22,-94.8200000000002,533.8809165251735,TIME,drift,-0.1776051495100205
2021-01-05 12:00:00,2021-01-05 16:50:00,1,1945.83,1943.31,0.25,-64.74999999999955,529.8260003461552,NEWS,trendH4,-0.12220993299252196
2021-01-05 16:00:00,2021-01-05 16:50:00,1,1949.6200000000001,1943.31,0.25,-159.50000000000432,524.4722003288471,NEWS,trendH4,-0.3041152608279274
2021-01-06 01:15:00,2021-01-06 09:10:00,1,1951.2099999999998,1947.35,0.25,-98.2499999999975,534.1384985655666,TIME,drift,-0.18394105698025642
2021-01-06 12:00:00,2021-01-06 14:43:00,1,1957.8600000000001,1936.9956059560996,0.25,-523.3598510975144,522.1098510975173,SL,trendH4,-1.002394132187641
2021-01-07 01:15:00,2021-01-07 09:10:00,1,1920.97,1924.11,0.15,46.04999999999809,537.7339017036389,TIME,drift,0.08563715223106318
2021-01-08 01:15:00,2021-01-08 09:10:00,1,1916.42,1907.62,0.2,-177.40000000000364,537.6891163034483,TIME,drift,-0.3299304274923929
2021-01-08 01:05:00,2021-01-08 15:20:00,1,1916.33,1884.16,0.12,-386.8799999999981,503.9841842845551,NEWS,friday,-0.7676431365583515
2021-01-12 01:15:00,2021-01-12 09:10:00,1,1848.06,1859.72,0.17,197.0300000000014,514.8162290348802,TIME,drift,0.3827190925378774
2021-01-13 01:15:00,2021-01-13 09:10:00,1,1855.27,1859.45,0.19,78.09000000000121,533.9129523150887,TIME,drift,0.14625979696015393
2021-01-14 01:15:00,2021-01-14 09:10:00,1,1848.58,1840.63,0.23,-184.45999999999583,531.7612305718023,TIME,drift,-0.34688501040522673
2021-01-15 01:15:00,2021-01-15 09:10:00,1,1848.6,1850.02,0.21,28.35000000000153,529.4918269081983,TIME,drift,0.05354190293274681
2021-01-15 01:05:00,2021-01-15 15:20:00,1,1848.18,1848.27,0.11,0.21999999999909958,519.9748602906059,NEWS,friday,0.0004230973779696676
2021-01-15 18:15:00,2021-01-15 23:45:00,-1,1825.48,1827.22,0.17,-30.770000000000156,536.1283409054728,TIME,tday,-0.057392974130097994
2021-01-19 01:15:00,2021-01-19 09:10:00,1,1838.8999999999999,1839.98,0.23,23.230000000003557,518.07985541375,TIME,drift,0.04483864747347022
2021-01-20 01:15:00,2021-01-20 09:10:00,1,1841.25,1853.55,0.29,354.66999999999865,522.7184385769636,TIME,drift,0.6785105973409775
2021-01-21 01:15:00,2021-01-21 09:10:00,1,1871.73,1873.53,0.22,38.059999999999,520.2250001952453,TIME,drift,0.07316065161365702
2021-01-22 01:15:00,2021-01-22 09:10:00,1,1870.34,1862.07,0.27,-225.17999999999952,522.7175420550691,TIME,drift,-0.43078714962329784
2021-01-22 01:05:00,2021-01-22 16:35:00,1,1870.09,1839.96,0.11,-332.1999999999987,500.7693639032099,NEWS,friday,-0.6633792399173349
2021-01-26 01:15:00,2021-01-26 09:10:00,1,1854.71,1855.1,0.26,8.31999999999669,521.3572517396254,TIME,drift,0.015958347126150338
2021-01-27 01:15:00,2021-01-27 09:10:00,1,1851.06,1849.08,0.31,-63.550000000000566,524.3300819289204,TIME,drift,-0.12120227732540352
2021-01-28 01:15:00,2021-01-28 09:10:00,1,1843.06,1834.91,0.23,-189.05999999999688,525.0604765448189,TIME,drift,-0.3600728076965793
2021-01-29 01:15:00,2021-01-29 09:10:00,1,1843.08,1848.63,0.2,109.60000000000365,524.6485452804312,TIME,drift,0.20890175144090237
2021-01-29 01:05:00,2021-01-29 16:35:00,1,1843.4399999999998,1862.97,0.12,233.5200000000024,510.5419767366573,NEWS,friday,0.4573962781525688
2021-02-01 01:10:00,2021-02-01 16:35:00,1,1853.16,1864.88,0.09,104.85000000000025,520.3004069697531,NEWS,tom,0.2015181971712268
2021-02-02 01:15:00,2021-02-02 09:10:00,1,1859.55,1854.4,0.18,-93.95999999999755,509.57998371926834,TIME,drift,-0.18438714824356378
2021-02-02 18:15:00,2021-02-02 23:45:00,-1,1837.8,1837.3,0.18,7.74,513.7168064719136,TIME,tday,0.01506666689212779
2021-02-03 01:15:00,2021-02-03 09:10:00,1,1839.25,1837.9,0.21,-29.819999999998085,523.6857438040395,TIME,drift,-0.056942546847631156
2021-02-04 01:15:00,2021-02-04 07:54:00,1,1834.37,1816.879363581226,0.3,-526.8190925632163,525.3190925632177,SL,drift,-1.0028554073538039
2021-02-04 18:15:00,2021-02-04 23:45:00,-1,1789.74,1793.32,0.19,-69.34999999999862,531.9340832146579,TIME,tday,-0.13037329659512145
2021-02-05 01:15:00,2021-02-05 09:10:00,1,1795.23,1798.95,0.21,76.65000000000057,518.5157346037306,TIME,drift,0.14782579367351198
2021-02-05 01:05:00,2021-02-05 15:20:00,1,1795.52,1795.44,0.12,-1.7999999999991267,531.5120130534962,NEWS,friday,-0.0033865650367115195
2021-02-09 01:15:00,2021-02-09 09:10:00,1,1831.26,1840.72,0.26,244.14000000000095,523.2967514921519,TIME,drift,0.4665421661874437
2021-02-10 01:15:00,2021-02-10 09:10:00,1,1838.9,1844.26,0.26,137.5399999999974,521.8162670515632,TIME,drift,0.26357936439418517
2021-02-11 01:15:00,2021-02-11 09:10:00,1,1844.37,1843.16,0.25,-31.999999999995225,520.0436236975663,TIME,drift,-0.06153329940375342
2021-02-12 01:15:00,2021-02-12 09:10:00,1,1826.8799999999999,1819.19,0.29,-225.03999999999496,527.7800472406456,TIME,drift,-0.42638974545656927
2021-02-12 01:05:00,2021-02-12 23:00:00,1,1826.31,1821.35,0.12,-60.36000000000044,502.9093701334857,TIME,friday,-0.12002162533575238
2021-02-16 01:15:00,2021-02-16 09:10:00,1,1819.1,1823.98,0.31,149.1100000000034,525.4612604872227,TIME,drift,0.2837697299735176
2021-02-17 01:15:00,2021-02-17 09:10:00,1,1787.8899999999999,1792.85,0.2,97.80000000000072,521.3116699984479,TIME,drift,0.18760370355854858
2021-02-17 18:15:00,2021-02-17 23:45:00,-1,1770.04,1776.45,0.19,-123.12000000000155,513.1928797676161,TIME,tday,-0.23990979776600316
2021-02-18 01:15:00,2021-02-18 09:10:00,1,1778.1000000000001,1783.2,0.21,105.62999999999809,524.7759603780033,TIME,drift,0.2012858971739318
2021-02-19 01:15:00,2021-02-19 09:10:00,1,1775.79,1771.39,0.25,-111.74999999999659,518.150347187955,TIME,drift,-0.2156709931904381
2021-02-19 01:05:00,2021-02-19 16:35:00,1,1776.73,1781.17,0.13,56.81000000000072,516.5870637148711,NEWS,friday,0.10997178208735954
2021-02-23 01:15:00,2021-02-23 09:10:00,1,1810.1,1809.54,0.25,-15.749999999998636,516.636649550392,TIME,drift,-0.030485642111734088
2021-02-24 01:15:00,2021-02-24 09:10:00,1,1806.01,1807.78,0.26,44.19999999999953,517.298852577414,TIME,drift,0.0854438392425875
2021-02-25 01:15:00,2021-02-25 09:10:00,1,1803.9599999999998,1792.57,0.21,-240.6599999999973,512.872316974605,TIME,drift,-0.4692395983071038
2021-02-25 18:15:00,2021-02-25 23:45:00,-1,1777.4,1771.5,0.19,110.77000000000173,512.7860205062104,TIME,tday,0.21601602924091448
2021-02-26 01:15:00,2021-02-26 09:10:00,1,1770.79,1761.63,0.17,-156.90999999999752,514.9155817434565,TIME,drift,-0.3047295625988143
2021-02-26 01:05:00,2021-02-26 16:35:00,1,1772.4199999999998,1758.67,0.12,-165.83999999999727,502.3760481144858,NEWS,friday,-0.33011127943385593
2021-02-26 18:15:00,2021-02-26 23:46:00,-1,1727.23,1735.3700000000001,0.19,-155.9900000000019,530.7291618986238,TIME,tday,-0.29391639125682345
2021-03-01 01:10:00,2021-03-01 16:35:00,1,1738.8600000000001,1742.49,0.08,28.479999999999055,481.50911907862337,NEWS,tom,0.05914737410268795
2021-03-02 01:15:00,2021-03-02 09:10:00,1,1724.54,1721.57,0.18,-54.72000000000048,505.6304063554874,TIME,drift,-0.10822133976161465
2021-03-03 01:15:00,2021-03-03 09:10:00,1,1739.06,1733.0,0.18,-110.33999999999902,506.3288865563203,TIME,drift,-0.21792159785796777
2021-03-04 01:15:00,2021-03-04 09:10:00,1,1710.8,1717.85,0.2,139.59999999999908,520.1498047091349,TIME,drift,0.2683842207305311
2021-03-05 01:15:00,2021-03-05 09:10:00,1,1698.8899999999999,1698.18,0.17,-13.259999999996754,523.738167117937,TIME,drift,-0.025317994434060076
2021-03-05 01:05:00,2021-03-05 15:20:00,1,1697.98,1696.49,0.11,-17.1600000000001,520.5840641514528,NEWS,friday,-0.03296297597578354
2021-03-08 18:15:00,2021-03-08 23:45:00,-1,1681.63,1681.96,0.17,-6.7999999999987635,523.3091479544204,TIME,tday,-0.012994231089938897
2021-03-09 01:15:00,2021-03-09 09:10:00,1,1685.48,1691.98,0.21,135.03,530.1931215779475,TIME,drift,0.2546807842359914
2021-03-10 01:15:00,2021-03-10 09:10:00,1,1715.04,1715.9,0.24,18.960000000003056,514.2570773954014,TIME,drift,0.03686871962177219
2021-03-11 01:15:00,2021-03-11 09:10:00,1,1727.04,1733.53,0.28,179.76000000000028,524.216759361973,TIME,drift,0.3429115853121276
2021-03-12 01:15:00,2021-03-12 09:10:00,1,1721.99,1710.59,0.26,-298.2200000000024,529.9893370151162,TIME,drift,-0.5626905659641538
2021-03-12 01:05:00,2021-03-12 15:20:00,1,1721.8999999999999,1703.38,0.11,-204.48999999999728,498.7385188202562,NEWS,friday,-0.4100144510267811
2021-03-16 01:15:00,2021-03-16 09:10:00,1,1731.67,1736.08,0.28,121.51999999999593,520.2247150151901,TIME,drift,0.2335913625258032
2021-03-17 01:15:00,2021-03-17 09:10:00,1,1731.92,1736.2,0.31,130.50999999999917,517.3761862007423,TIME,drift,0.25225358932419284
2021-03-18 01:15:00,2021-03-18 09:10:00,1,1749.06,1749.76,0.25,15.750000000001137,522.0359668277795,TIME,drift,0.030170334997621128
2021-03-18 18:15:00,2021-03-18 18:45:00,-1,1727.0,1730.8600000000001,0.19,-74.67000000000242,531.8363594942788,NEWS,tday,-0.14040032928738802
2021-03-19 01:15:00,2021-03-19 09:10:00,1,1737.41,1735.65,0.23,-42.08999999999979,515.2483242707292,TIME,drift,-0.0816887664012746
2021-03-19 01:05:00,2021-03-19 23:00:00,1,1735.93,1742.54,0.12,78.47999999999878,514.1846169987265,TIME,friday,0.1526300037097243
2021-03-23 01:15:00,2021-03-23 09:10:00,1,1739.22,1738.23,0.32,-33.92000000000029,521.4040858854204,TIME,drift,-0.06505510968982756
2021-03-23 18:15:00,2021-03-23 18:50:00,-1,1727.0,1728.63,0.19,-32.30000000000207,518.236203283138,NEWS,tday,-0.06232679190564961
2021-03-24 01:15:00,2021-03-24 09:10:00,1,1727.6200000000001,1731.52,0.34,130.21999999999537,530.1443364868317,TIME,drift,0.24563121972204624
2021-03-25 01:15:00,2021-03-25 09:10:00,1,1734.8700000000001,1734.31,0.37,-23.310000000006394,520.244889664037,TIME,drift,-0.044805822148602924
2021-03-26 01:15:00,2021-03-26 09:10:00,1,1728.6499999999999,1727.7,0.28,-28.55999999999491,526.9975812533162,TIME,drift,-0.054193797117764654
2021-03-26 01:05:00,2021-03-26 23:00:00,1,1728.0,1731.69,0.13,47.06000000000071,499.2315793876509,TIME,friday,0.09426487013847104
2021-03-29 18:15:00,2021-03-29 23:45:00,-1,1710.89,1711.76,0.21,-19.739999999997707,522.591579387651,TIME,tday,-0.03777328372402812
2021-03-30 01:15:00,2021-03-30 09:10:00,1,1713.08,1705.95,0.32,-230.39999999999625,520.0747332710923,TIME,drift,-0.4430132541737973
2021-03-30 18:15:00,2021-03-30 23:45:00,-1,1685.57,1684.43,0.21,22.469999999997327,526.4836094313899,TIME,tday,0.042679391338061326
2021-03-31 01:15:00,2021-03-31 09:10:00,1,1685.27,1683.14,0.29,-63.79999999999657,527.6203356872561,TIME,drift,-0.12092028241650954
2021-04-01 01:15:00,2021-04-01 09:10:00,1,1707.55,1713.58,0.26,154.9599999999993,521.704497424414,TIME,drift,0.2970263832591368
2021-04-01 01:10:00,2021-04-01 15:20:00,1,1707.76,1716.09,0.09,74.33999999999934,479.20495624156644,NEWS,tom,0.15513195143692265
2021-04-06 01:15:00,2021-04-06 09:10:00,1,1728.24,1736.84,0.36,307.07999999999674,526.2241513696795,TIME,drift,0.5835536039171052
2021-04-07 01:15:00,2021-04-07 09:10:00,1,1743.12,1736.58,0.35000000000000003,-231.34999999999872,524.2604279017368,TIME,drift,-0.44128831337878727
2021-04-08 01:15:00,2021-04-08 09:10:00,1,1737.09,1742.81,0.36,203.40000000000097,527.6630266715013,TIME,drift,0.38547328449948126
2021-04-09 01:15:00,2021-04-09 09:10:00,1,1755.61,1750.44,0.38,-199.11999999999412,528.3041205390141,TIME,drift,-0.37690412067359513
2021-04-09 01:05:00,2021-04-09 15:20:00,1,1755.96,1744.2,0.14,-165.6199999999999,509.97084254780975,NEWS,friday,-0.32476366525694655
2021-04-13 01:15:00,2021-04-13 09:10:00,1,1733.23,1727.23,0.35000000000000003,-212.45,519.4841657595675,TIME,drift,-0.4089633794503913
2021-04-14 01:15:00,2021-04-14 09:10:00,1,1745.67,1745.02,0.29,-20.88000000000264,516.5904278704564,TIME,drift,-0.040418867391864725
2021-04-14 18:15:00,2021-04-14 18:50:00,-1,1734.93,1735.45,0.22,-12.979999999999599,529.3593433934789,NEWS,tday,-0.024520205720353964
2021-04-15 01:15:00,2021-04-15 09:10:00,1,1736.24,1742.36,0.35000000000000003,211.74999999999622,519.9045346147677,TIME,drift,0.4072863110472696
2021-04-16 01:15:00,2021-04-16 09:10:00,1,1764.5,1764.37,0.32,-6.400000000003493,522.3064807427601,TIME,drift,-0.01225334211994115
2021-04-16 01:05:00,2021-04-16 23:00:00,1,1764.13,1775.94,0.14,164.35999999999925,511.7966673709313,TIME,friday,0.32114316188166425
2021-04-19 12:00:00,2021-04-19 16:18:00,1,1787.16,1769.9836751129255,0.3,-517.3897466122363,515.88974661224,SL,trendH4,-1.0029075980087734
2021-04-20 01:17:00,2021-04-20 10:02:00,1,1770.75,1769.56,0.3,-37.80000000000164,522.0998517809712,TIME,drift,-0.07239994393995597
2021-04-16 16:00:00,2021-04-20 12:35:00,1,1780.89,1764.4327312524101,0.32,-579.7397999228793,527.2725999228817,SL,trendH4,-1.0995067826541176
2021-04-21 01:15:00,2021-04-21 09:10:00,1,1777.96,1785.64,0.3,228.3000000000019,520.8172144674669,TIME,drift,0.43834956613989334
2021-04-15 20:00:00,2021-04-21 17:20:00,1,1767.6200000000001,1793.45,0.32,722.5855999999975,532.3850568790749,NEWS,trendH4,1.357261235384607
2021-04-22 01:15:00,2021-04-22 09:10:00,1,1794.12,1789.19,0.29,-144.99999999999525,518.9902689522428,TIME,drift,-0.2793886681010932
2021-04-21 20:00:00,2021-04-22 15:20:00,1,1790.95,1785.15,0.29,-239.37759999999867,516.0991457032183,NEWS,trendH4,-0.46382095764532083
2021-04-23 01:15:00,2021-04-23 09:10:00,1,1784.32,1786.21,0.31,56.42000000000311,516.0839872977101,TIME,drift,0.10932329114767991
2021-04-23 01:05:00,2021-04-23 16:35:00,1,1784.4399999999998,1787.09,0.15,38.70000000000137,525.8285782646268,NEWS,friday,0.07359812988430867
2021-04-27 01:15:00,2021-04-27 09:10:00,1,1781.93,1781.77,0.37,-8.510000000003028,524.6026641435549,TIME,drift,-0.016221800958437966
2021-04-28 01:15:00,2021-04-28 09:10:00,1,1776.48,1768.79,0.38,-294.8800000000021,525.8273270281672,TIME,drift,-0.5607924595067805
2021-04-29 01:15:00,2021-04-29 09:10:00,1,1781.6299999999999,1782.82,0.32,35.840000000001744,514.3418162787891,TIME,drift,0.0696812875517307
2021-04-30 01:15:00,2021-04-30 09:10:00,1,1771.8,1769.53,0.26,-60.83999999999953,524.7344385025685,TIME,drift,-0.11594436258770868
2021-04-30 01:05:00,2021-04-30 16:35:00,1,1772.83,1768.79,0.15,-61.64999999999945,514.4303355923278,NEWS,friday,-0.11984129965627731
2021-05-03 01:10:00,2021-05-03 16:35:00,1,1766.79,1787.88,0.12,252.24000000000174,525.410999062877,NEWS,tom,0.4800813086324744
2021-05-04 01:30:00,2021-05-04 09:25:00,1,1792.83,1785.09,0.33,-257.7300000000003,521.5297695555718,TIME,drift,-0.49418080241062406
2021-05-05 01:15:00,2021-05-05 09:10:00,1,1778.11,1778.51,0.26,8.580000000002366,516.4850054818062,TIME,drift,0.01661229253305904
2021-05-06 01:15:00,2021-05-06 09:10:00,1,1787.24,1792.34,0.34,171.0199999999969,515.0811736281378,TIME,drift,0.33202533650252297
2021-05-06 18:15:00,2021-05-06 23:45:00,1,1814.89,1815.32,0.23,8.279999999996235,521.4984589657165,TIME,tday,0.015877324002870286
2021-05-07 01:15:00,2021-05-07 09:10:00,1,1814.54,1819.44,0.3,144.90000000000273,518.9100034173213,TIME,drift,0.27923917258436487
2021-05-06 20:00:00,2021-05-07 15:20:00,1,1815.97,1817.55,0.3,21.455999999997815,522.8262623558547,NEWS,trendH4,0.04103848935077801
2021-05-07 01:05:00,2021-05-07 15:20:00,1,1814.82,1817.55,0.14,37.240000000000265,495.9349978187595,NEWS,friday,0.07509048597858727
2021-05-07 08:00:00,2021-05-07 15:20:00,1,1819.3799999999999,1817.55,0.32,-60.799999999997674,525.6327244665079,NEWS,trendH4,-0.11567011940077888
2021-05-11 01:15:00,2021-05-11 09:10:00,1,1835.1599999999999,1835.44,0.29,6.090000000005803,528.2641208424902,TIME,drift,0.011528324108579062
2021-05-07 16:00:00,2021-05-11 16:22:00,1,1839.05,1821.0854395677804,0.29,-569.1006525343658,521.5522525343647,SL,trendH4,-1.0911670878017505
2021-05-12 01:15:00,2021-05-12 09:10:00,1,1837.15,1830.49,0.29,-195.17000000000235,514.3018969097782,TIME,drift,-0.37948528125736275
2021-05-13 01:15:00,2021-05-13 09:10:00,1,1815.39,1818.74,0.23,75.43999999999791,512.2177087545526,TIME,drift,0.14728112423802917
2021-05-14 01:15:00,2021-05-14 09:10:00,1,1826.5,1826.22,0.26,-9.09999999999929,510.45737629762164,TIME,drift,-0.01782714957711483
2021-05-14 01:05:00,2021-05-14 15:20:00,1,1827.28,1837.03,0.14,135.52000000000004,498.5305131513668,NEWS,friday,0.27183892745769134
2021-05-14 18:15:00,2021-05-14 23:46:00,1,1837.28,1843.71,0.22,139.9200000000014,522.7833947300032,TIME,tday,0.2676443081599111
2021-05-17 18:15:00,2021-05-17 23:46:00,1,1863.3600000000001,1866.4,0.22,65.3399999999992,527.0060093921456,TIME,tday,0.12398340594894364
2021-05-18 01:15:00,2021-05-18 09:11:00,1,1866.6,1870.17,0.32,112.00000000000526,521.2676025610526,TIME,drift,0.2148608496859105
2021-05-19 01:15:00,2021-05-19 09:11:00,1,1869.03,1873.33,0.36,152.27999999999835,520.2038700384455,TIME,drift,0.2927313862327555
2021-05-17 08:00:00,2021-05-19 17:20:00,1,1852.93,1884.27,0.29,860.7315999999977,524.9668825161018,NEWS,trendH4,1.6395921888912626
2021-05-17 20:00:00,2021-05-19 17:20:00,1,1868.16,1884.27,0.27,390.1607999999974,513.6063824301912,NEWS,trendH4,0.7596494384549974
2021-05-18 04:00:00,2021-05-19 17:20:00,1,1869.3300000000002,1884.27,0.29,408.18079999999503,520.5556229316363,NEWS,trendH4,0.7841252346890905
2021-05-19 20:00:00,2021-05-19 22:00:00,1,1882.19,1862.4424107203722,0.27,-535.0749105499518,533.7249105499559,SL,trendH4,-1.0025293929013073
2021-05-19 18:15:00,2021-05-19 23:45:00,1,1883.45,1869.86,0.23,-314.18000000000336,534.4395404701464,TIME,tday,-0.587868180044499
2021-05-20 01:15:00,2021-05-20 09:10:00,1,1869.36,1873.09,0.17,62.22000000000031,504.5754524205607,TIME,drift,0.12331158739791469
2021-05-20 18:15:00,2021-05-20 23:45:00,1,1879.31,1877.34,0.22,-44.8800000000006,534.3242502312484,TIME,tday,-0.08399394184444584
2021-05-21 01:15:00,2021-05-21 09:10:00,1,1878.29,1875.5,0.24,-68.63999999999913,514.7102924778312,TIME,drift,-0.13335657165424855
2021-05-21 01:05:00,2021-05-21 16:35:00,1,1878.1399999999999,1884.59,0.14,89.32000000000065,503.2655854322428,NEWS,friday,0.17748084229380762
2021-05-25 01:15:00,2021-05-25 09:10:00,1,1881.37,1875.91,0.35000000000000003,-193.54999999999333,521.6162880011312,TIME,drift,-0.371058198243176
2021-05-25 18:15:00,2021-05-25 23:45:00,1,1892.08,1899.72,0.23,174.11000000000232,524.9518878948322,TIME,tday,0.33166849003671584
2021-05-26 01:15:00,2021-05-26 09:10:00,1,1898.89,1901.76,0.32,89.59999999999651,522.5199701845952,TIME,drift,0.17147669967205798
2021-05-25 20:00:00,2021-05-26 17:20:00,1,1895.48,1904.84,0.27,229.37039999999732,514.4553458434045,NEWS,trendH4,0.445850940909098
2021-05-26 08:00:00,2021-05-26 17:20:00,1,1906.67,1904.84,0.29,-55.100000000004485,524.9555413289695,NEWS,trendH4,-0.10496126940676569
2021-05-27 01:15:00,2021-05-27 09:12:00,1,1896.29,1901.51,0.28,144.20000000000076,521.1226655440801,TIME,drift,0.2767102825002789
2021-05-28 01:15:00,2021-05-28 09:10:00,1,1897.1499999999999,1891.08,0.3,-184.19999999999808,526.3806307587449,TIME,drift,-0.34993688832069153
2021-05-28 01:05:00,2021-05-28 16:35:00,1,1897.7699999999998,1898.72,0.15,13.200000000004092,506.808569263552,NEWS,friday,0.026045337037582314
2021-06-01 01:15:00,2021-06-01 09:10:00,1,1907.4699999999998,1913.65,0.44,268.8400000000128,526.5375580103683,TIME,drift,0.510580861536033
2021-06-01 01:10:00,2021-06-01 16:35:00,1,1907.7199999999998,1907.69,0.12,-1.199999999996944,518.3263847920557,NEWS,tom,-0.0023151435759504405
2021-06-02 01:15:00,2021-06-02 09:10:00,1,1898.97,1897.19,0.31,-57.349999999999156,536.3087318658355,TIME,drift,-0.10693467510863872
2021-06-03 01:15:00,2021-06-03 09:12:00,1,1908.75,1898.33,0.38,-398.6200000000028,530.2835126599228,TIME,drift,-0.7517110950715953
2021-06-04 01:15:00,2021-06-04 09:10:00,1,1871.49,1868.98,0.29,-74.81999999999974,516.8725896762214,TIME,drift,-0.1447552094934428
2021-06-04 01:05:00,2021-06-04 13:50:00,1,1871.54,1870.35,0.15,-18.90000000000082,516.2407664636979,NEWS,friday,-0.03661082430484472
2021-06-04 18:15:00,2021-06-04 23:45:00,1,1894.3400000000001,1891.61,0.23,-64.40000000000566,528.2494501628913,TIME,tday,-0.12191210039148595
2021-06-08 01:15:00,2021-06-08 09:10:00,1,1899.32,1896.85,0.41000000000000003,-104.14000000000112,533.2401669320438,TIME,drift,-0.19529661578039512
2021-06-09 01:15:00,2021-06-09 09:10:00,1,1892.31,1892.27,0.32,-3.519999999998836,518.9031321323101,TIME,drift,-0.006783539705251394
2021-06-10 01:15:00,2021-06-10 09:10:00,1,1888.78,1884.35,0.39,-175.50000000000247,526.0505625631661,TIME,drift,-0.33361812055648005
2021-06-11 01:15:00,2021-06-11 09:10:00,1,1897.97,1901.27,0.29,93.66999999999868,515.5421887294938,TIME,drift,0.18169221073999736
2021-06-11 01:05:00,2021-06-11 23:00:00,1,1898.31,1876.52,0.15,-327.89999999999947,522.6009029489309,TIME,friday,-0.6274386403653845
2021-06-15 01:15:00,2021-06-15 09:10:00,1,1866.71,1867.87,0.28,30.519999999995925,520.9302502710802,TIME,drift,0.058587498007869596
2021-06-16 01:15:00,2021-06-16 09:10:00,1,1859.29,1859.08,0.33,-9.240000000001201,520.4774910299516,TIME,drift,-0.01775292910691785
2021-06-17 01:15:00,2021-06-17 09:10:00,1,1811.57,1813.12,0.16,23.67999999999927,506.33873170396186,TIME,drift,0.0467671116533193
2021-06-18 01:15:00,2021-06-18 09:10:00,1,1775.67,1783.04,0.16,116.79999999999825,507.23637388043153,TIME,drift,0.23026739803074725
2021-06-18 01:05:00,2021-06-18 23:00:00,1,1775.5800000000002,1761.86,0.12,-165.48000000000306,516.0175279773567,TIME,friday,-0.3206867810259043
2021-06-22 01:15:00,2021-06-22 09:10:00,1,1785.6200000000001,1780.56,0.28,-143.64000000000485,523.6319467014774,TIME,drift,-0.2743148138780272
2021-06-23 01:15:00,2021-06-23 09:10:00,1,1779.3999999999999,1780.52,0.26,27.300000000003077,526.0283757461624,TIME,drift,0.05189834096169905
2021-06-24 01:15:00,2021-06-24 09:10:00,1,1778.75,1777.38,0.27,-38.879999999997054,515.9409028183297,TIME,drift,-0.07535746785652167
2021-06-25 01:15:00,2021-06-25 09:10:00,1,1777.03,1778.98,0.32,60.16000000000145,516.0346353247551,TIME,drift,0.11658132203110956
2021-06-25 01:05:00,2021-06-25 23:00:00,1,1776.6399999999999,1779.37,0.13,34.58000000000024,519.2303222985678,TIME,friday,0.06659857584379683
2021-06-29 01:15:00,2021-06-29 09:10:00,1,1778.3,1777.24,0.35000000000000003,-39.5499999999981,519.8726136887834,TIME,drift,-0.07607632900561735
2021-06-30 01:15:00,2021-06-30 09:10:00,1,1762.48,1758.11,0.26,-115.44000000000307,524.3340046559096,TIME,drift,-0.2201650073711312
2021-07-01 01:15:00,2021-07-01 09:10:00,1,1769.8,1776.72,0.29,198.6500000000021,513.8264821187461,TIME,drift,0.3866091120505809
2021-07-01 01:10:00,2021-07-01 15:20:00,1,1769.78,1777.79,0.1,79.3999999999999,501.28106972440423,NEWS,tom,0.1583941720433462
2021-07-02 01:15:00,2021-07-02 09:10:00,1,1776.26,1778.03,0.31,52.69999999999943,522.7879707374572,TIME,drift,0.10080568595650652
2021-07-02 01:05:00,2021-07-02 15:20:00,1,1776.6299999999999,1784.75,0.14,112.70000000000167,514.726542981294,NEWS,friday,0.21895121115620683
2021-07-06 01:15:00,2021-07-06 09:10:00,1,1792.3700000000001,1806.12,0.39,533.5199999999911,530.4795052958406,TIME,drift,1.0057315969303187
2021-07-07 01:15:00,2021-07-07 09:10:00,1,1796.98,1801.41,0.31,135.160000000002,520.879882763812,TIME,drift,0.2594840086409883
2021-07-08 01:15:00,2021-07-08 09:10:00,1,1804.26,1797.93,0.29,-185.5999999999979,526.7847308232479,TIME,drift,-0.3523260814905288
2021-07-09 01:15:00,2021-07-09 09:10:00,1,1803.18,1801.01,0.25,-56.00000000000182,532.0128072715073,TIME,drift,-0.1052606238695731
2021-07-09 01:05:00,2021-07-09 23:00:00,1,1803.19,1808.07,0.15,72.14999999999823,517.8232319557682,TIME,friday,0.13933326190772607
2021-07-13 01:15:00,2021-07-13 09:10:00,1,1806.54,1808.77,0.31,66.96000000000056,529.8580982568046,TIME,drift,0.12637345776217102
2021-07-14 01:15:00,2021-07-14 09:10:00,1,1808.1,1813.79,0.28,157.36000000000155,531.5834188985042,TIME,drift,0.29602127230767983
2021-07-15 01:15:00,2021-07-15 09:10:00,1,1827.9099999999999,1831.86,0.33,128.0400000000015,535.4055075846607,TIME,drift,0.23914584027650343
2021-07-16 01:15:00,2021-07-16 09:10:00,1,1829.52,1825.15,0.36,-159.83999999999608,530.7216574469506,TIME,drift,-0.3011748206562933
2021-07-16 01:05:00,2021-07-16 15:20:00,1,1829.92,1818.47,0.16,-184.32000000000073,519.7000262540472,NEWS,friday,-0.35466613563321003
2021-07-20 01:15:00,2021-07-20 09:10:00,1,1812.4899999999998,1815.95,0.29,98.31000000000765,528.9266305440838,TIME,drift,0.18586698858191436
2021-07-21 01:15:00,2021-07-21 09:10:00,1,1810.78,1811.03,0.3,5.4,521.2777737419804,TIME,drift,0.01035916026351215
2021-07-22 01:15:00,2021-07-22 09:10:00,1,1803.9799999999998,1798.17,0.33,-194.0399999999907,523.7594995373283,TIME,drift,-0.37047538072607594
2021-07-23 01:15:00,2021-07-23 09:10:00,1,1807.33,1803.47,0.36,-141.4799999999964,531.8904375930612,TIME,drift,-0.2659946297215442
2021-07-23 01:05:00,2021-07-23 16:35:00,1,1807.32,1799.89,0.16,-119.99999999999739,505.96504404404374,NEWS,friday,-0.23717053462996054
2021-07-27 01:15:00,2021-07-27 09:10:00,1,1798.14,1797.01,0.39,-46.80000000000425,526.9641479701778,TIME,drift,-0.08881059590158832
2021-07-28 01:15:00,2021-07-28 09:10:00,1,1800.33,1806.11,0.35000000000000003,199.84999999999908,525.0549239211226,TIME,drift,0.3806268466306621
2021-07-29 01:15:00,2021-07-29 09:10:00,1,1807.8,1816.95,0.29,263.32000000000266,517.9976597916688,TIME,drift,0.5083420649157107
2021-07-30 01:15:00,2021-07-30 09:10:00,1,1829.43,1827.64,0.39,-72.53999999999859,528.2983987199224,TIME,drift,-0.13730876371339468
2021-07-30 01:05:00,2021-07-30 16:35:00,1,1829.1399999999999,1825.04,0.17,-70.88999999999847,515.9118425393546,NEWS,friday,-0.13740719664637446
2021-08-02 01:10:00,2021-08-02 16:35:00,1,1814.76,1812.41,0.13,-31.459999999998818,527.3862542809575,NEWS,tom,-0.059652673433613905
2021-08-03 01:15:00,2021-08-03 09:10:00,1,1813.5,1810.73,0.34,-96.55999999999938,520.6138625499614,TIME,drift,-0.1854733554866355
2021-08-04 01:15:00,2021-08-04 09:10:00,1,1810.58,1812.72,0.47000000000000003,97.29000000000471,532.8489634535298,TIME,drift,0.1825845721261114
2021-08-05 01:15:00,2021-08-05 09:10:00,1,1812.07,1809.68,0.34,-83.63999999999568,529.3759341717058,TIME,drift,-0.15799735991184408
2021-08-06 01:15:00,2021-08-06 09:10:00,1,1804.72,1801.59,0.36,-115.20000000000393,521.856988298956,TIME,drift,-0.22075013381637296
2021-08-06 01:05:00,2021-08-06 15:20:00,1,1804.82,1800.44,0.18,-80.09999999999788,520.163695435393,NEWS,friday,-0.1539899856581719
2021-08-06 18:15:00,2021-08-06 23:45:00,-1,1764.16,1762.1000000000001,0.27,53.729999999998526,520.793695435393,TIME,tday,0.10316945168677448
2021-08-10 01:15:00,2021-08-10 09:10:00,1,1730.04,1734.1,0.16,63.83999999999913,511.6462751792272,TIME,drift,0.12477370225677162
2021-08-11 01:15:00,2021-08-11 09:10:00,1,1729.82,1731.89,0.27,54.00000000000443,524.6418804446555,TIME,drift,0.10292735294833347
2021-08-12 01:15:00,2021-08-12 09:10:00,1,1751.3799999999999,1751.28,0.3,-5.099999999997271,526.0915098149997,TIME,drift,-0.009694130973128018
2021-08-13 01:15:00,2021-08-13 09:10:00,1,1753.1100000000001,1757.0,0.36,137.5199999999954,530.5719382055528,TIME,drift,0.25919199659352843
2021-08-13 01:05:00,2021-08-13 23:00:00,1,1753.3600000000001,1778.72,0.14,354.05999999999864,530.0003519790557,TIME,friday,0.6680372921978553
2021-08-17 01:15:00,2021-08-17 09:10:00,1,1787.3,1791.63,0.38,161.88000000000588,534.3551815061743,TIME,drift,0.30294456871124287
2021-08-18 01:15:00,2021-08-18 09:10:00,1,1786.1,1791.28,0.37,189.07000000000235,525.3958594373905,TIME,drift,0.359861990923309
2021-08-19 01:15:00,2021-08-19 09:10:00,1,1787.51,1777.03,0.32,-337.6000000000006,530.0326225944025,TIME,drift,-0.6369419269846389
2021-08-20 01:15:00,2021-08-20 09:10:00,1,1780.7,1787.01,0.31,193.43999999999832,529.9508326313315,TIME,drift,0.36501499401278953
2021-08-20 01:05:00,2021-08-20 23:00:00,1,1780.26,1782.4,0.15,31.0500000000015,523.9389706298492,TIME,friday,0.059262627406155684
2021-08-24 01:15:00,2021-08-24 09:10:00,1,1806.0,1802.82,0.37,-120.25000000000236,526.395964492335,TIME,drift,-0.2284402011249715
2021-08-25 01:15:00,2021-08-25 09:10:00,1,1803.03,1794.92,0.42,-343.5599999999958,528.3113073041147,TIME,drift,-0.6502984040851325
2021-08-26 01:15:00,2021-08-26 09:10:00,1,1791.09,1786.04,0.33,-168.9599999999985,519.9452748250519,TIME,drift,-0.32495727566107635
2021-08-27 01:15:00,2021-08-27 09:10:00,1,1792.97,1802.65,0.35000000000000003,336.35000000000224,531.2745584962336,TIME,drift,0.6331001449646619
2021-08-27 01:05:00,2021-08-27 16:50:00,1,1792.53,1792.36,0.16,-3.8400000000011643,519.156375363576,NEWS,friday,-0.007396615320984804
2021-08-31 01:15:00,2021-08-31 09:10:00,1,1810.35,1817.35,0.43,297.99,530.5663546998134,TIME,drift,0.5616451125488316
2021-09-01 01:15:00,2021-09-01 09:10:00,1,1814.82,1816.6,0.34,58.13999999999907,523.3678275630103,TIME,drift,0.11108821929448723
2021-09-01 01:10:00,2021-09-01 15:05:00,1,1814.74,1812.86,0.12,-23.40000000000131,521.6539346478778,NEWS,tom,-0.04485732483892136
2021-09-02 01:15:00,2021-09-02 09:10:00,1,1814.09,1814.56,0.37,14.80000000000101,525.3387338829916,TIME,drift,0.028172299214657574
2021-09-03 01:15:00,2021-09-03 09:10:00,1,1809.78,1813.01,0.42,132.72000000000077,525.503469420731,TIME,drift,0.2525577997540143
2021-09-03 01:05:00,2021-09-03 15:20:00,1,1809.56,1814.66,0.17,85.51000000000234,519.8350364296406,NEWS,friday,0.16449449153582796
2021-09-07 01:15:00,2021-09-07 09:10:00,1,1822.92,1816.87,0.54,-330.4800000000098,529.6410611742446,TIME,drift,-0.6239697489981549
2021-09-08 01:15:00,2021-09-08 09:10:00,1,1795.57,1795.87,0.34,7.819999999998453,532.9181725060455,TIME,drift,0.014673922570936051
2021-09-09 01:15:00,2021-09-09 09:10:00,1,1790.08,1788.09,0.33,-67.9800000000003,527.2379768022779,TIME,drift,-0.12893608387677624
2021-09-10 01:15:00,2021-09-10 09:10:00,1,1794.3999999999999,1802.49,0.3,240.60000000000437,519.7377605520336,TIME,drift,0.46292576422473863
2021-09-10 01:05:00,2021-09-10 15:20:00,1,1794.24,1799.1,0.17,81.4299999999983,525.6762125733894,NEWS,friday,0.1549052402454484
2021-09-14 01:15:00,2021-09-14 09:10:00,1,1793.5,1792.32,0.4,-50.00000000000255,526.659128836317,TIME,drift,-0.09493806764629784
2021-09-15 01:15:00,2021-09-15 09:10:00,1,1804.22,1802.46,0.3,-54.89999999999973,526.7864492156385,TIME,drift,-0.10421680375746828
2021-09-16 01:15:00,2021-09-16 09:10:00,1,1794.78,1785.97,0.39,-346.3199999999979,536.4735766985361,TIME,drift,-0.6455490354832659
2021-09-16 18:15:00,2021-09-16 23:45:00,-1,1756.92,1752.05,0.26,124.8000000000031,526.4700827882407,TIME,tday,0.23705050691399068
2021-09-17 01:15:00,2021-09-17 09:10:00,1,1753.42,1763.03,0.27,257.57999999999737,528.9374005314052,TIME,drift,0.4869763411345381
2021-09-17 01:05:00,2021-09-17 23:00:00,1,1753.86,1751.49,0.15,-36.59999999999836,504.4634593834078,TIME,friday,-0.07255233123273896
2021-09-21 01:15:00,2021-09-21 09:12:00,1,1764.42,1762.79,0.31,-52.700000000003385,533.9757752557956,TIME,drift,-0.09869361578202306
2021-09-22 01:15:00,2021-09-22 09:11:00,1,1775.03,1778.49,0.37,125.43000000000134,535.4842973762048,TIME,drift,0.2342365604642192
2021-09-23 01:15:00,2021-09-23 09:10:00,1,1768.07,1763.12,0.26,-130.52000000000118,527.157199167995,TIME,drift,-0.2475921797255147
2021-09-23 18:15:00,2021-09-23 23:45:00,-1,1748.22,1739.01,0.23,210.22000000000082,521.6382268491593,TIME,tday,0.4029996062017701
2021-09-24 01:15:00,2021-09-24 09:10:00,1,1745.05,1754.58,0.23,217.57999999999936,527.7884466490384,TIME,drift,0.41224850862391604
2021-09-24 01:05:00,2021-09-24 16:50:00,1,1744.9599999999998,1742.67,0.15,-35.39999999999604,535.8733892962081,NEWS,friday,-0.06606038050609082
2021-09-28 01:15:00,2021-09-28 09:11:00,1,1751.06,1747.41,0.35000000000000003,-130.19999999999524,529.2894461300357,TIME,drift,-0.24599016842668678
2021-09-29 01:15:00,2021-09-29 09:12:00,1,1734.47,1737.49,0.27,79.64999999999951,527.4684780207219,TIME,drift,0.15100428427283272
2021-09-30 01:15:00,2021-09-30 09:10:00,1,1727.04,1729.55,0.29,70.75999999999974,523.8504249497953,TIME,drift,0.1350767253969131
2021-10-01 01:15:00,2021-10-01 09:10:00,1,1756.1,1752.32,0.26,-100.09999999999928,522.5274163084631,TIME,drift,-0.19156889547955766
2021-10-01 01:05:00,2021-10-01 16:35:00,1,1755.99,1757.95,0.14,26.460000000000512,516.724049626817,NEWS,friday,0.051207215958131186
2021-10-01 01:10:00,2021-10-01 16:35:00,1,1756.24,1757.95,0.1,16.400000000000365,491.8848091683971,NEWS,tom,0.0333411394178384
2021-10-05 01:15:00,2021-10-05 09:10:00,1,1768.72,1757.79,0.26,-286.00000000000165,525.8222027751963,TIME,drift,-0.5439100868897213
2021-10-06 01:15:00,2021-10-06 09:14:00,1,1760.23,1753.2,0.32,-227.19999999999914,533.6686328168269,TIME,drift,-0.4257323478068869
2021-10-07 01:15:00,2021-10-07 09:10:00,1,1763.4399999999998,1758.79,0.34,-160.47999999999539,533.1316767089156,TIME,drift,-0.3010138151810023
2021-10-08 01:15:00,2021-10-08 09:12:00,1,1755.86,1759.33,0.34,115.60000000000093,535.245640953409,TIME,drift,0.21597560289157677
2021-10-08 01:05:00,2021-10-08 15:20:00,1,1756.17,1763.8,0.15,113.39999999999823,512.054220143359,NEWS,friday,0.2214609225723202
2021-10-12 01:15:00,2021-10-12 09:11:00,1,1754.08,1760.59,0.36,231.83999999999966,530.8397343683829,TIME,drift,0.4367419863093959
2021-10-13 01:15:00,2021-10-13 09:12:00,1,1760.82,1762.24,0.33,44.550000000002406,524.4257832438146,TIME,drift,0.08495005665899981
2021-10-14 01:15:00,2021-10-14 09:10:00,1,1793.05,1792.32,0.25,-20.000000000000455,533.1385309082896,TIME,drift,-0.0375137020502479
2021-10-15 01:15:00,2021-10-15 09:12:00,1,1796.48,1792.44,0.37,-152.06999999999866,531.404239746593,TIME,drift,-0.2861663280528496
2021-10-15 01:05:00,2021-10-15 15:20:00,1,1796.3999999999999,1773.2,0.15,-349.0499999999973,506.6519656703457,NEWS,friday,-0.6889344632033018
2021-10-19 01:15:00,2021-10-19 09:13:00,1,1764.47,1777.44,0.37,477.30000000000103,533.6316844465659,TIME,drift,0.8944371444042214
2021-10-20 01:15:00,2021-10-20 09:10:00,1,1769.81,1777.78,0.34,268.60000000000093,533.5201507127599,TIME,drift,0.5034486507045008
2021-10-21 01:15:00,2021-10-21 09:12:00,1,1782.98,1787.15,0.32,131.20000000000232,531.3151706547109,TIME,drift,0.24693441340726574
2021-10-22 01:15:00,2021-10-22 09:10:00,1,1783.45,1787.08,0.32,113.91999999999622,524.3296407929064,TIME,drift,0.217267900070885
2021-10-22 01:05:00,2021-10-22 16:35:00,1,1783.54,1806.08,0.16,359.5199999999994,521.7015666877686,NEWS,friday,0.6891296153901859
2021-10-26 01:15:00,2021-10-26 09:10:00,1,1807.82,1806.05,0.34,-62.55999999999939,529.1699749234184,TIME,drift,-0.11822288293861172
2021-10-27 01:15:00,2021-10-27 09:10:00,1,1792.19,1786.73,0.33,-182.4900000000012,528.3566643373716,TIME,drift,-0.3453916876942728
2021-10-28 01:15:00,2021-10-28 09:10:00,1,1796.87,1801.15,0.32,134.7200000000064,526.0244288155054,TIME,drift,0.25610977859596185
2021-10-29 01:15:00,2021-10-29 09:10:00,1,1799.73,1796.26,0.29,-102.66000000000078,529.2442520225324,TIME,drift,-0.19397470942325903
2021-10-29 01:05:00,2021-10-29 16:35:00,1,1799.67,1776.79,0.16,-367.20000000000175,520.3077484831498,NEWS,friday,-0.7057361745438114
2021-11-01 01:10:00,2021-11-01 16:35:00,1,1782.39,1786.0,0.12,42.479999999998796,533.7029093057816,NEWS,tom,0.07959484435873695
2021-11-01 18:15:00,2021-11-01 23:45:00,1,1792.3,1793.24,0.24,20.88000000000131,534.5429093057817,TIME,tday,0.03906141048081333
2021-11-02 01:15:00,2021-11-02 09:11:00,1,1793.02,1793.24,0.36,5.400000000000983,527.1236695713194,TIME,drift,0.010244275322321429
2021-11-03 01:15:00,2021-11-03 09:11:00,1,1788.32,1780.77,0.42,-320.0399999999981,530.3454570633394,TIME,drift,-0.6034557206771276
2021-11-04 01:15:00,2021-11-04 09:10:00,1,1773.46,1772.43,0.26,-28.599999999999294,526.4710944086908,TIME,drift,-0.05432397011676692
2021-11-05 01:15:00,2021-11-05 09:10:00,1,1790.95,1795.55,0.33,149.489999999997,536.3121128484,TIME,drift,0.2787369451829881
2021-11-05 01:05:00,2021-11-05 15:20:00,1,1791.3400000000001,1794.01,0.16,41.59999999999753,532.7046218420041,NEWS,friday,0.07809205757620731
2021-11-05 18:15:00,2021-11-05 23:45:00,1,1804.72,1818.09,0.24,319.1999999999974,533.2646218420041,TIME,tday,0.5985771171119807
2021-11-05 20:00:00,2021-11-08 17:20:00,1,1814.18,1820.85,0.3,174.15599999999537,532.7171723408782,NEWS,trendH4,0.3269201915055883
2021-11-08 08:00:00,2021-11-08 17:20:00,1,1821.16,1820.85,0.31,-11.780000000005357,526.9836972402866,NEWS,trendH4,-0.022353632686732013
2021-11-08 16:00:00,2021-11-08 17:20:00,1,1821.96,1820.85,0.31,-36.58000000000395,531.350861759359,NEWS,trendH4,-0.06884340015725898
2021-11-09 01:15:00,2021-11-09 09:10:00,1,1824.5,1824.79,0.37,8.139999999998654,541.2967131981857,TIME,drift,0.015037963101428154
2021-11-10 01:15:00,2021-11-10 09:10:00,1,1832.07,1825.08,0.35000000000000003,-247.10000000000034,526.5470383709413,TIME,drift,-0.46928380940949016
2021-11-10 16:00:00,2021-11-10 17:20:00,1,1849.8,1859.55,0.31,300.08,533.0650800576042,NEWS,trendH4,0.5629331412359119
2021-11-11 01:15:00,2021-11-11 09:10:00,1,1848.67,1853.48,0.2,94.7999999999989,521.2807248170778,TIME,drift,0.1818597839643219
2021-11-11 18:15:00,2021-11-11 23:45:00,1,1860.6000000000001,1861.87,0.23,27.599999999994353,540.8148486328163,TIME,tday,0.0510341017258815
2021-11-12 01:15:00,2021-11-12 09:10:00,1,1862.47,1858.5,0.3,-121.2000000000008,527.4769769531841,TIME,drift,-0.2297730617553718
2021-11-12 01:05:00,2021-11-12 16:50:00,1,1862.07,1857.97,0.15,-62.54999999999863,527.9645752332261,NEWS,friday,-0.11847385778177907
2021-11-16 01:15:00,2021-11-16 09:10:00,1,1863.6399999999999,1864.27,0.33,18.480000000003603,528.4776342888712,TIME,drift,0.034968367251474355
2021-11-16 12:00:00,2021-11-16 15:20:00,1,1873.44,1875.11,0.31,49.599999999995205,526.7631409869185,NEWS,trendH4,0.09415996705287122
2021-11-17 01:15:00,2021-11-17 09:10:00,1,1850.6,1855.1,0.29,128.47,525.5368856904876,TIME,drift,0.24445477282000294
2021-11-17 18:15:00,2021-11-17 23:45:00,1,1863.8,1866.93,0.23,70.38000000000252,532.7823514109187,TIME,tday,0.13209897027110903
2021-11-18 01:15:00,2021-11-18 09:10:00,1,1866.49,1864.88,0.35000000000000003,-58.79999999999651,532.5122087289728,TIME,drift,-0.11042000359079716
2021-11-19 01:15:00,2021-11-19 09:10:00,1,1859.09,1858.05,0.33,-36.6299999999988,528.7298399919574,TIME,drift,-0.06927923720090394
2021-11-19 01:05:00,2021-11-19 23:00:00,1,1859.55,1846.93,0.16,-203.0399999999983,535.7214767796555,TIME,friday,-0.37900291252185414
2021-11-23 01:15:00,2021-11-23 09:10:00,1,1807.89,1805.63,0.22,-51.2599999999998,520.672570240702,TIME,drift,-0.09844958795563742
2021-11-24 01:15:00,2021-11-24 09:10:00,1,1789.34,1795.83,0.26,166.92000000000024,540.2947992861743,TIME,drift,0.3089424518254318
2021-11-25 01:15:00,2021-11-25 09:10:00,1,1787.34,1794.21,0.31,210.80000000000368,530.8848281645395,TIME,drift,0.39707294090286094
2021-11-26 01:15:00,2021-11-26 09:10:00,1,1790.85,1801.7,0.47000000000000003,506.66000000000645,532.2768368887852,TIME,drift,0.9518730947630337
2021-11-26 01:05:00,2021-11-29 03:30:00,1,1790.65,1794.31,0.15,41.92799999999782,518.0456477129629,TIME,friday,0.080934952711405
2021-11-30 01:15:00,2021-11-30 09:10:00,1,1785.69,1792.12,0.29,184.43999999999525,538.1596274360078,TIME,drift,0.3427235909143461
2021-12-01 01:16:00,2021-12-01 09:11:00,1,1775.43,1788.52,0.21,273.41999999999825,523.1578433585104,TIME,drift,0.5226338541437647
2021-12-01 01:12:00,2021-12-01 15:05:00,1,1776.77,1785.95,0.1,91.10000000000063,498.21853353591837,NEWS,tom,0.18285148758608535
2021-12-02 01:15:00,2021-12-02 09:10:00,1,1782.33,1777.67,0.24,-113.5199999999965,535.6067858507782,TIME,drift,-0.21194653054978943
2021-12-03 01:15:00,2021-12-03 09:10:00,1,1770.33,1772.29,0.29,54.810000000001054,542.2974884966321,TIME,drift,0.10106998679257473
2021-12-03 01:05:00,2021-12-03 15:20:00,1,1769.98,1770.99,0.14,13.159999999999874,514.7548151834118,NEWS,friday,0.025565569494111186
2021-12-07 01:15:00,2021-12-07 09:10:00,1,1779.9299999999998,1782.57,0.35000000000000003,89.95000000000351,536.9885410608363,TIME,drift,0.1675082299192171
2021-12-08 01:15:00,2021-12-08 09:10:00,1,1784.82,1787.18,0.37,84.73000000000471,547.7966827967384,TIME,drift,0.1546741750377558
2021-12-09 01:15:00,2021-12-09 09:12:00,1,1783.4199999999998,1785.65,0.4,86.40000000000983,537.477304817869,TIME,drift,0.16075097353047782
2021-12-10 01:15:00,2021-12-10 09:10:00,1,1776.22,1773.3,0.37,-110.6300000000027,545.2180928502792,TIME,drift,-0.20290962726796832
2021-12-10 01:05:00,2021-12-10 15:20:00,1,1776.21,1777.45,0.16,18.720000000000145,518.8135695031295,NEWS,friday,0.03608232532917053
2021-12-14 01:15:00,2021-12-14 09:10:00,1,1786.4799999999998,1787.34,0.44,34.760000000005604,540.174976612486,TIME,drift,0.06434951914653748
2021-12-15 01:15:00,2021-12-15 09:11:00,1,1772.04,1768.1,0.39,-156.39000000000212,543.7005847289929,TIME,drift,-0.28763993343497063
2021-12-16 01:15:00,2021-12-16 09:10:00,1,1779.55,1785.24,0.27,151.7400000000015,534.2742976845549,TIME,drift,0.28401141634103366
2021-12-17 01:15:00,2021-12-17 09:10:00,1,1798.83,1808.01,0.37,337.0700000000024,540.4601543164297,TIME,drift,0.6236722491158043
2021-12-17 01:05:00,2021-12-17 23:00:00,1,1798.74,1796.12,0.16,-43.04000000000189,517.8361630970826,TIME,friday,-0.08311509134971877
2021-12-21 01:15:00,2021-12-21 09:10:00,1,1791.02,1791.87,0.38,29.639999999996544,538.5697422455353,TIME,drift,0.055034655078122816
2021-12-22 01:15:00,2021-12-22 09:11:00,1,1789.79,1787.99,0.43,-80.40999999999805,549.5240234254617,TIME,drift,-0.146326632817182
2021-12-23 01:27:00,2021-12-23 09:22:00,1,1804.53,1807.03,0.47000000000000003,114.21,548.801022686812,TIME,drift,0.20810821277418973
2021-12-28 01:15:00,2021-12-28 09:10:00,1,1812.17,1814.74,0.49,122.49999999999687,542.9872838340463,TIME,drift,0.22560380997326757
2021-12-29 01:15:00,2021-12-29 09:11:00,1,1807.2299999999998,1805.48,0.46,-83.71999999998954,546.5312774246705,TIME,drift,-0.1531842795795504
2021-12-30 01:15:00,2021-12-30 09:10:00,1,1804.47,1797.8,0.42,-283.08000000000305,538.4755773792406,TIME,drift,-0.5257062936405635
2021-12-31 01:15:00,2021-12-31 09:10:00,1,1815.07,1819.65,0.43,193.93000000000666,538.031937097566,TIME,drift,0.36044328715163176
2021-12-31 01:05:00,2021-12-31 23:00:00,1,1814.88,1829.25,0.19,271.69999999999794,542.4525749031601,TIME,friday,0.5008732791958863
2022-01-03 01:10:00,2022-01-03 16:35:00,1,1831.83,1805.58,0.14,-368.48,526.5356823677953,NEWS,tom,-0.6998196178138781
2022-01-04 01:15:00,2022-01-04 09:10:00,1,1803.42,1804.34,0.36,30.599999999994434,549.3466917693407,TIME,drift,0.055702528946588684
2022-01-04 18:15:00,2022-01-04 23:45:00,1,1813.97,1814.69,0.27,17.550000000000736,536.7561339568782,TIME,tday,0.032696412560067105
2022-01-05 01:15:00,2022-01-05 09:11:00,1,1813.68,1814.43,0.38,25.840000000000003,540.5505829202882,TIME,drift,0.04780311189454489
2022-01-06 01:15:00,2022-01-06 09:10:00,1,1811.1699999999998,1802.91,0.32,-266.55999999999244,545.8551422814438,TIME,drift,-0.48833468690225085
2022-01-07 01:15:00,2022-01-07 09:10:00,1,1791.4599999999998,1790.54,0.29,-28.709999999995514,542.3363316124718,TIME,drift,-0.05293762989220191
2022-01-07 01:05:00,2022-01-07 15:20:00,1,1791.53,1790.58,0.18,-18.36000000000082,546.4675897606639,NEWS,friday,-0.03359760092641896
2022-01-11 01:15:00,2022-01-11 09:10:00,1,1800.83,1808.79,0.37,291.93000000000137,546.3760546873282,TIME,drift,0.5343023316917918
2022-01-11 18:15:00,2022-01-11 23:45:00,1,1813.29,1822.17,0.28,246.68000000000308,543.2793792039799,TIME,tday,0.45405735877817016
2022-01-12 01:15:00,2022-01-12 09:10:00,1,1820.41,1819.72,0.39,-29.64000000000213,547.080386713274,TIME,drift,-0.05417850963013323
2022-01-13 01:15:00,2022-01-13 09:10:00,1,1826.04,1824.29,0.43,-78.26,547.7802082696103,TIME,drift,-0.1428675202545497
2022-01-14 01:15:00,2022-01-14 09:10:00,1,1821.73,1826.75,0.42,207.89999999999924,547.7274755412784,TIME,drift,0.37956832418265507
2022-01-14 01:05:00,2022-01-14 15:20:00,1,1821.84,1822.25,0.19,6.460000000001555,540.830517612032,NEWS,friday,0.011944592232932524
2022-01-18 01:15:00,2022-01-18 09:10:00,1,1818.76,1816.88,0.63,-122.84999999999255,545.0356572735225,TIME,drift,-0.2253980970979686
2022-01-19 01:15:00,2022-01-19 09:10:00,1,1814.71,1814.8,0.34,0.6799999999972166,550.5116955921993,TIME,drift,0.0012352144476526035
2022-01-19 18:15:00,2022-01-19 23:45:00,1,1840.2,1840.56,0.3,8.699999999996999,540.1779278017633,TIME,tday,0.016105804314147692
2022-01-20 01:15:00,2022-01-20 09:10:00,1,1839.72,1840.14,0.36,12.600000000002618,543.9542344310328,TIME,drift,0.023163713420085812
2022-01-19 20:00:00,2022-01-20 15:20:00,1,1840.5,1839.71,0.38,-123.28719999999862,542.430021484009,NEWS,trendH4,-0.22728682985263782
2022-01-20 16:00:00,2022-01-20 16:50:00,1,1846.5900000000001,1844.28,0.39,-92.82000000000674,540.1971500848243,NEWS,trendH4,-0.17182615640499344
2022-01-21 01:15:00,2022-01-21 09:10:00,1,1839.19,1842.08,0.38,107.15999999999516,538.8047651385714,TIME,drift,0.19888465532118196
2022-01-21 01:05:00,2022-01-21 23:00:00,1,1839.56,1831.92,0.19,-146.4899999999976,528.9889352478219,TIME,friday,-0.27692450680725417
2022-01-25 01:15:00,2022-01-25 09:10:00,1,1842.9099999999999,1841.42,0.31,-48.359999999993235,534.904792295505,TIME,drift,-0.0904086123297939
2022-01-26 01:15:00,2022-01-26 09:11:00,1,1848.32,1846.74,0.34,-56.09999999999753,545.1370491349389,TIME,drift,-0.10290990144408801
2022-01-25 20:00:00,2022-01-26 16:22:00,1,1849.95,1835.1010331944613,0.37,-581.4093718049354,550.1517718049388,SL,trendH4,-1.0568163216078477
2022-01-27 01:15:00,2022-01-27 09:10:00,1,1819.9,1813.82,0.27,-166.0500000000042,529.9865604202174,TIME,drift,-0.31330983160845804
2022-01-28 01:15:00,2022-01-28 09:10:00,1,1797.77,1796.38,0.25,-36.49999999999682,529.8893538066402,TIME,drift,-0.06888230483927761
2022-01-28 01:05:00,2022-01-28 23:00:00,1,1797.79,1788.76,0.18,-163.7999999999995,543.2153280812514,TIME,friday,-0.3015378829212623
2022-02-01 01:15:00,2022-02-01 09:10:00,1,1797.77,1803.35,0.36,198.35999999999737,533.5932396830827,TIME,drift,0.3717438401539896
2022-02-01 01:10:00,2022-02-01 16:35:00,1,1798.1,1804.58,0.13,83.33000000000024,510.55893643027537,NEWS,tom,0.16321328264788923
2022-02-02 01:15:00,2022-02-02 09:10:00,1,1800.8899999999999,1797.38,0.39,-139.61999999999077,545.4113228864484,TIME,drift,-0.25599028502211507
2022-02-03 01:15:00,2022-02-03 09:10:00,1,1807.52,1805.17,0.43,-104.0599999999961,536.3771887869053,TIME,drift,-0.19400526751583685
2022-02-04 01:15:00,2022-02-04 09:10:00,1,1805.58,1808.88,0.35000000000000003,113.05000000000638,543.184034683266,TIME,drift,0.2081246737414264
2022-02-04 01:05:00,2022-02-04 15:20:00,1,1805.07,1813.99,0.19,168.15000000000137,543.7774913113018,NEWS,friday,0.3092257452483241
2022-02-08 01:15:00,2022-02-08 09:10:00,1,1821.0,1819.02,0.42,-86.10000000000075,542.2305194270446,TIME,drift,-0.15878855378885628
2022-02-08 18:15:00,2022-02-08 23:45:00,1,1826.53,1826.04,0.28,-15.680000000000257,536.1883510356394,TIME,tday,-0.02924345515846173
2022-02-09 01:15:00,2022-02-09 09:10:00,1,1826.37,1827.95,0.49,73.99000000000757,537.7454924350392,TIME,drift,0.1375929711004425
2022-02-10 01:15:00,2022-02-10 09:10:00,1,1833.19,1833.83,0.51,29.069999999993506,543.5263950150531,TIME,drift,0.05348406308618812
2022-02-10 18:15:00,2022-02-10 19:50:00,1,1839.01,1833.65,0.3,-162.899999999997,546.2081158437846,NEWS,tday,-0.29823797061006385
2022-02-11 01:15:00,2022-02-11 09:10:00,1,1827.59,1822.81,0.3,-145.49999999999918,532.0367145777874,TIME,drift,-0.27347736728181393
2022-02-11 01:05:00,2022-02-11 23:00:00,1,1827.56,1861.13,0.19,636.5000000000031,522.6768021907675,TIME,friday,1.2177697524209086
2022-02-11 18:15:00,2022-02-11 23:45:00,1,1833.31,1861.03,0.29,801.8500000000007,532.5232373169213,TIME,tday,1.5057558878370496
2022-02-15 01:15:00,2022-02-15 09:10:00,1,1871.01,1877.7,0.24,158.8800000000013,541.5338794630433,TIME,drift,0.2933888460635896
2022-02-15 08:00:00,2022-02-15 10:45:00,1,1878.02,1861.6327205652124,0.33,-543.0902213479912,541.4402213479896,SL,trendH4,-1.0030474278321877
2022-02-16 01:15:00,2022-02-16 09:10:00,1,1854.05,1856.36,0.25,55.999999999998636,540.3404196797134,TIME,drift,0.10363836936942941
2022-02-16 18:15:00,2022-02-16 23:45:00,1,1862.3,1868.18,0.25,145.25000000000273,537.696027189503,TIME,tday,0.27013403978306044
2022-02-17 01:15:00,2022-02-17 09:10:00,1,1870.3,1875.95,0.3,167.40000000000273,540.3362525629844,TIME,drift,0.30980708624670655
2022-02-17 12:00:00,2022-02-17 15:20:00,1,1888.51,1890.35,0.3,53.099999999997536,540.0277039622936,NEWS,trendH4,0.09832828873480377
2022-02-17 18:15:00,2022-02-17 23:45:00,1,1895.6000000000001,1897.68,0.25,50.24999999999818,539.1998823902527,TIME,tday,0.09319364050533882
2022-02-18 01:15:00,2022-02-18 09:10:00,1,1899.25,1890.6,0.27,-235.44000000000244,548.5668726034337,TIME,drift,-0.4291910644961697
2022-02-17 16:00:00,2022-02-18 16:50:00,1,1896.05,1896.86,0.29,-1.5892000000015862,539.3239414720397,NEWS,trendH4,-0.0029466520541698883
2022-02-18 01:05:00,2022-02-18 16:50:00,1,1898.76,1896.86,0.16,-31.520000000001456,537.2524665878824,NEWS,friday,-0.05866887908432803
2022-02-22 01:15:00,2022-02-22 09:10:00,1,1912.3600000000001,1910.18,0.29,-65.25000000000183,541.0611741959216,TIME,drift,-0.12059634494559834
2022-02-22 04:00:00,2022-02-22 16:35:00,1,1909.57,1904.25,0.29,-156.30999999999815,537.2647007692947,NEWS,trendH4,-0.2909366645085414
2022-02-23 01:15:00,2022-02-23 09:10:00,1,1899.43,1897.45,0.25,-51.250000000000455,532.3800573372428,TIME,drift,-0.09626581479466559
2022-02-23 18:15:00,2022-02-23 23:45:00,1,1907.15,1907.39,0.25,4.250000000000227,548.0995767635367,TIME,tday,0.007754065465797248
2022-02-24 01:15:00,2022-02-24 09:10:00,1,1910.3700000000001,1941.66,0.32,999.0399999999988,540.8395319107208,TIME,drift,1.8472022495665417
2022-02-24 08:00:00,2022-02-24 15:20:00,1,1940.65,1964.6,0.26,620.8799999999952,543.211158058769,NEWS,trendH4,1.1429809398959794
2022-02-24 12:00:00,2022-02-24 15:20:00,1,1953.68,1964.6,0.25,271.24999999999613,542.8400001498368,NEWS,trendH4,0.4996868320778216
2022-02-24 16:00:00,2022-02-24 16:41:00,1,1959.44,1936.3945799943062,0.24,-554.7700801366515,553.5700801366514,SL,trendH4,-1.0021677472158608
2022-02-25 01:15:00,2022-02-25 09:10:00,1,1906.74,1919.74,0.1,129.3,551.0959862666575,TIME,drift,0.2346233745520983
2022-02-25 01:05:00,2022-02-25 15:20:00,1,1907.1200000000001,1892.6,0.13,-189.67000000000272,529.6747000457626,NEWS,friday,-0.3580877092744201
2022-03-01 01:15:00,2022-03-01 09:10:00,1,1908.1399999999999,1907.4,0.16,-12.959999999996509,543.4125193598131,TIME,drift,-0.02384928491390759
2022-03-01 01:10:00,2022-03-01 16:35:00,1,1908.9299999999998,1918.65,0.09,86.8500000000023,519.0857816690761,NEWS,tom,0.16731338647100585
2022-03-01 18:15:00,2022-03-01 23:45:00,1,1925.58,1943.03,0.19,330.2200000000009,548.5888806506915,TIME,tday,0.6019443915967104
2022-03-02 01:15:00,2022-03-02 09:10:00,1,1944.4599999999998,1938.64,0.18,-106.01999999999477,557.533418372314,TIME,drift,-0.1901590048351073
2022-03-03 01:15:00,2022-03-03 09:10:00,1,1929.6399999999999,1927.61,0.16,-33.59999999999956,539.0868129490157,TIME,drift,-0.062327623664534516
2022-03-04 01:15:00,2022-03-04 09:10:00,1,1936.1200000000001,1935.79,0.22,-8.8000000000034,537.9078519941958,TIME,drift,-0.016359679390027488
2022-03-04 01:05:00,2022-03-04 15:20:00,1,1937.37,1943.52,0.12,72.96000000000109,535.4512071162391,NEWS,friday,0.13625891403427629
2022-03-04 18:15:00,2022-03-04 23:45:00,1,1961.28,1968.54,0.18,129.41999999999985,535.871207116239,TIME,tday,0.24151325594906722
2022-03-07 04:00:00,2022-03-07 15:32:00,1,1998.04,1968.0107953259676,0.18,-541.7856841325827,540.8856841325822,SL,trendH4,-1.0016639375498424
2022-03-08 01:15:00,2022-03-08 09:10:00,1,1999.01,2014.77,0.14,219.6599999999999,543.3841308295337,TIME,drift,0.4042444148390303
2022-03-08 18:15:00,2022-03-08 19:34:00,1,2056.1200000000003,2024.7605856001578,0.17,-534.3000447973232,533.4500447973229,SL,tday,-1.0015934013096264
2022-03-09 01:15:00,2022-03-09 09:10:00,1,2049.53,2045.48,0.08,-32.96000000000146,533.272348990896,TIME,drift,-0.06180706736880548
2022-03-08 20:00:00,2022-03-09 15:26:00,1,2030.09,1991.3773683814823,0.14,-554.0840426592473,542.2568426592476,SL,trendH4,-1.0218110663979798
2022-03-08 12:00:00,2022-03-09 16:50:00,1,2006.46,1984.6,0.16,-363.596800000002,557.2442170595934,NEWS,trendH4,-0.6524909346185603
2022-03-10 01:15:00,2022-03-10 09:10:00,1,1993.04,1980.17,0.1,-129.39999999999893,539.5272908263426,TIME,drift,-0.23983958216795534
2022-03-11 01:15:00,2022-03-11 09:10:00,1,1998.05,1982.85,0.13,-198.5100000000006,540.1649341130246,TIME,drift,-0.3674988646309724
2022-03-11 01:05:00,2022-03-11 23:00:00,1,1997.58,1982.59,0.09,-135.54000000000008,524.8863306822624,TIME,friday,-0.2582273381435201
2022-03-15 01:15:00,2022-03-15 09:10:00,1,1953.3500000000001,1929.77,0.17,-402.0500000000026,517.2588462883848,TIME,drift,-0.7772704186403603
2022-03-16 01:15:00,2022-03-16 09:10:00,1,1917.84,1918.03,0.16,1.920000000000873,525.8741970096394,TIME,drift,0.0036510633359059428
2022-03-17 01:15:00,2022-03-17 09:10:00,1,1925.8899999999999,1930.97,0.15,75.15000000000232,529.9559769471191,TIME,drift,0.14180423142486995
2022-03-17 18:15:00,2022-03-17 23:45:00,1,1948.23,1941.14,0.13,-93.07999999999893,511.52646650510076,TIME,tday,-0.18196516914549674
2022-03-18 01:15:00,2022-03-18 09:10:00,1,1942.12,1932.15,0.2,-200.799999999996,520.4564963669465,TIME,drift,-0.38581514766687147
2022-03-18 01:05:00,2022-03-18 16:50:00,1,1942.76,1933.77,0.09,-81.54000000000008,518.6987355584901,NEWS,friday,-0.15720107725384147
2022-03-21 18:15:00,2022-03-21 19:20:00,1,1935.1,1936.39,0.14,17.080000000002677,527.2010046118796,NEWS,tday,0.03239751034347291
2022-03-22 01:15:00,2022-03-22 09:10:00,1,1936.6899999999998,1936.69,0.23,-1.6099999999947705,533.1468888671817,TIME,drift,-0.003019805673846586
2022-03-23 01:15:00,2022-03-23 09:10:00,1,1921.36,1919.06,0.25,-59.24999999999886,531.746154036769,TIME,drift,-0.11142534750876988
2022-03-23 18:15:00,2022-03-23 23:45:00,1,1932.25,1945.55,0.15,198.44999999999928,539.7305563743129,TIME,tday,0.36768346289879245
2022-03-24 01:15:00,2022-03-24 09:10:00,1,1945.01,1941.45,0.25,-90.74999999999864,534.1856249833469,TIME,drift,-0.16988476618558904
2022-03-24 18:15:00,2022-03-24 23:45:00,1,1964.22,1957.02,0.15,-109.05000000000067,536.4498023475761,TIME,tday,-0.203280902561215
2022-03-25 01:15:00,2022-03-25 09:11:00,1,1959.1200000000001,1958.59,0.21,-12.600000000004203,522.8314292973708,TIME,drift,-0.02409954584585178
2022-03-25 01:05:00,2022-03-25 23:01:00,1,1959.55,1955.11,0.1,-45.100000000000556,528.628387894178,TIME,friday,-0.08531513069068998
2022-03-29 01:15:00,2022-03-29 09:10:00,1,1923.25,1922.8,0.19,-9.880000000000864,526.0137443685007,TIME,drift,-0.018782779168369783
2022-03-30 01:15:00,2022-03-30 09:10:00,1,1921.21,1925.61,0.2,86.59999999999728,524.5486446900483,TIME,drift,0.16509431656461251
2022-03-30 18:15:00,2022-03-30 23:45:00,1,1937.05,1933.34,0.15,-56.70000000000054,526.4684650887424,TIME,tday,-0.10769875834907433
2022-03-31 01:15:00,2022-03-31 09:10:00,1,1933.7599999999998,1923.55,0.24,-246.7199999999954,522.2984863138987,TIME,drift,-0.47237356887861615
2022-04-01 01:15:00,2022-04-01 09:10:00,1,1937.6100000000001,1937.63,0.25,-1.2500000000004547,542.1441097544981,TIME,drift,-0.0023056600219570744
2022-04-01 01:05:00,2022-04-01 15:20:00,1,1937.75,1930.42,0.1,-73.99999999999928,508.99066632651807,NEWS,friday,-0.1453857701047276
2022-04-01 01:10:00,2022-04-01 15:20:00,1,1937.37,1930.42,0.07,-49.139999999998736,474.89462190475024,NEWS,tom,-0.10347558749539758
2022-04-05 01:15:00,2022-04-05 09:10:00,1,1933.47,1930.85,0.26,-69.94000000000307,523.8131123859853,TIME,drift,-0.13352090344096992
2022-04-06 01:15:00,2022-04-06 09:10:00,1,1923.1699999999998,1918.96,0.22,-94.1599999999958,536.4417420919245,TIME,drift,-0.17552698198467293
2022-04-07 01:15:00,2022-04-07 09:10:00,1,1924.5099999999998,1923.94,0.22,-14.079999999993596,527.3944546485775,TIME,drift,-0.026697284880205317
2022-04-08 01:15:00,2022-04-08 09:10:00,1,1932.1599999999999,1931.16,0.28,-29.959999999993638,536.0956488311489,TIME,drift,-0.05588554965017068
2022-04-08 01:05:00,2022-04-08 23:00:00,1,1932.1899999999998,1944.03,0.12,141.24000000000174,538.0981892344823,TIME,friday,0.2624799763792828
2022-04-08 18:15:00,2022-04-08 23:45:00,1,1943.8,1945.56,0.18,30.419999999999835,538.5181892344823,TIME,tday,0.056488342656062666
2022-04-12 01:15:00,2022-04-12 09:10:00,1,1952.48,1957.54,0.22,109.7799999999988,519.4396161031945,TIME,drift,0.21134314094785822
2022-04-12 18:15:00,2022-04-12 19:50:00,1,1973.99,1973.47,0.18,-10.619999999999672,527.2454794929976,NEWS,tday,-0.020142420206640612
2022-04-13 01:15:00,2022-04-13 09:10:00,1,1967.1299999999999,1970.06,0.21,60.06000000000134,539.3992002398654,TIME,drift,0.11134610502442951
2022-04-13 18:15:00,2022-04-13 19:50:00,1,1978.27,1979.52,0.18,21.239999999999995,526.8065166720689,NEWS,tday,0.0403184078552727
2022-04-14 01:15:00,2022-04-14 09:10:00,1,1978.54,1973.11,0.26,-143.00000000000165,527.7724744148283,TIME,drift,-0.2709500910568593
2022-04-19 01:15:00,2022-04-19 09:10:00,1,1978.45,1974.92,0.24,-86.39999999999935,532.398472919344,TIME,drift,-0.16228446247457318
2022-04-20 01:15:00,2022-04-20 09:10:00,1,1950.72,1940.11,0.22,-234.9600000000028,517.8611160868088,TIME,drift,-0.4537123809863658
2022-04-21 01:15:00,2022-04-21 09:10:00,1,1956.01,1952.59,0.27,-94.23000000000198,532.3342751303487,TIME,drift,-0.17701283648686456
2022-04-22 01:15:00,2022-04-22 09:10:00,1,1951.02,1954.76,0.25,91.75000000000023,536.4348428209513,TIME,drift,0.17103661558879035
2022-04-22 01:05:00,2022-04-22 16:35:00,1,1950.8300000000002,1936.88,0.13,-182.2600000000006,534.3328527872118,NEWS,friday,-0.34109824812247186
2022-04-26 01:15:00,2022-04-26 09:10:00,1,1899.8899999999999,1905.61,0.21,118.65000000000056,523.1604122626002,TIME,drift,0.2267946832728701
2022-04-27 01:15:00,2022-04-27 09:10:00,1,1905.85,1897.99,0.23,-182.3899999999977,525.4062685141326,TIME,drift,-0.3471408906403097
2022-04-28 01:15:00,2022-04-28 09:10:00,1,1886.1299999999999,1874.84,0.24,-272.63999999999913,526.5847715990913,TIME,drift,-0.517751394845824
2022-04-29 01:15:00,2022-04-29 09:10:00,1,1894.84,1908.15,0.24,317.76000000000414,530.9292826194495,TIME,drift,0.5984977856792328
2022-04-29 01:05:00,2022-04-29 16:35:00,1,1895.55,1908.24,0.13,164.0600000000007,533.4377162694898,NEWS,friday,0.30755230647605447
2022-05-02 01:10:00,2022-05-02 16:35:00,1,1898.3899999999999,1861.36,0.09,-333.89999999999975,492.14375680241983,NEWS,tom,-0.6784602982052053
2022-05-03 01:15:00,2022-05-03 09:10:00,1,1863.6599999999999,1861.56,0.21,-45.56999999999809,517.0831862304331,TIME,drift,-0.08812895335508021
2022-05-04 01:15:00,2022-05-04 09:10:00,1,1868.6399999999999,1862.83,0.23,-135.2399999999988,531.7281466164178,TIME,drift,-0.25434049497018496
2022-05-05 01:15:00,2022-05-05 09:10:00,1,1882.93,1899.06,0.21,337.2599999999975,535.175153735156,TIME,drift,0.6301862066019951
2022-05-06 01:15:00,2022-05-06 09:10:00,1,1877.2399999999998,1875.63,0.2,-33.59999999999346,520.0209129075965,TIME,drift,-0.06461278607455524
2022-05-06 01:05:00,2022-05-06 15:20:00,1,1876.7099999999998,1882.57,0.12,69.48000000000152,525.4292291762263,NEWS,friday,0.13223474474180477
2022-05-09 18:15:00,2022-05-09 23:45:00,-1,1860.8700000000001,1854.5500000000002,0.18,112.49999999999883,522.3857128064958,TIME,tday,0.2153581103809237
2022-05-10 01:15:00,2022-05-10 09:10:00,1,1853.4699999999998,1862.85,0.23,214.13000000000252,526.9575978851217,TIME,drift,0.4063514803835953
2022-05-11 01:15:00,2022-05-11 09:10:00,1,1840.28,1838.6,0.21,-36.750000000001336,532.4600495641612,TIME,drift,-0.06901926262840304
2022-05-12 01:15:00,2022-05-12 09:10:00,1,1851.4299999999998,1849.85,0.22,-36.2999999999984,535.0878649904669,TIME,drift,-0.06783932579118594
2022-05-12 18:15:00,2022-05-12 19:50:00,-1,1840.8600000000001,1834.2900000000002,0.18,116.99999999999885,525.4477372579706,NEWS,tday,0.22266724491109044
2022-05-13 01:15:00,2022-05-13 09:10:00,1,1822.9,1827.1,0.21,86.72999999999618,519.2710147464442,TIME,drift,0.1670226096527759
2022-05-13 01:05:00,2022-05-13 23:00:00,1,1823.12,1809.69,0.12,-161.99999999999804,535.7614703109729,TIME,friday,-0.30237336758458594
2022-05-17 01:15:00,2022-05-17 09:10:00,1,1824.35,1829.64,0.2,104.40000000000381,517.2559239613997,TIME,drift,0.2018343244876876
2022-05-18 01:15:00,2022-05-18 09:10:00,1,1814.98,1814.08,0.24,-23.280000000002183,526.4459298837257,TIME,drift,-0.04422106559954591
2022-05-19 01:15:00,2022-05-19 09:10:00,1,1815.91,1813.86,0.25,-53.00000000000455,536.7748686222938,TIME,drift,-0.09873785659160293
2022-05-20 01:15:00,2022-05-20 09:10:00,1,1842.34,1847.04,0.26,120.3800000000012,525.1207415235214,TIME,drift,0.22924251601783113
2022-05-20 01:05:00,2022-05-20 23:00:00,1,1842.34,1844.66,0.12,27.000000000001965,535.5885557285882,TIME,friday,0.05041183145385267
2022-05-24 01:15:00,2022-05-24 09:10:00,1,1853.82,1852.38,0.28,-42.27999999999517,534.5495120754443,TIME,drift,-0.07909463771810145
2022-05-25 01:15:00,2022-05-25 09:10:00,1,1865.95,1858.38,0.31,-236.839999999998,533.1755717079371,TIME,drift,-0.4442063976061795
2022-05-25 18:15:00,2022-05-25 23:45:00,-1,1849.8400000000001,1853.72,0.19,-75.04999999999775,528.7065193103841,TIME,tday,-0.14195020726789764
2022-05-26 01:15:00,2022-05-26 09:10:00,1,1853.6899999999998,1844.53,0.29,-267.6699999999957,527.579807983112,TIME,drift,-0.5073545195432573
2022-05-27 01:15:00,2022-05-27 09:10:00,1,1851.4399999999998,1853.82,0.33,76.2300000000036,527.1233727593299,TIME,drift,0.14461510139640144
2022-05-27 01:05:00,2022-05-27 23:00:00,1,1851.0,1853.44,0.13,30.81000000000071,520.3547165379622,TIME,friday,0.05920961033078862
2022-05-31 01:15:00,2022-05-31 09:10:00,1,1856.95,1854.46,0.37,-94.72000000000034,528.4997565959428,TIME,drift,-0.17922430203202006
2022-05-31 18:15:00,2022-05-31 23:45:00,-1,1843.8400000000001,1837.95,0.21,122.2200000000021,526.9568796423937,TIME,tday,0.2319354860362459
2022-06-01 01:15:00,2022-06-01 09:10:00,1,1837.66,1833.07,0.29,-135.14000000000422,531.9412449371481,TIME,drift,-0.2540506142101686
2022-06-01 01:10:00,2022-06-01 16:35:00,1,1837.6000000000001,1848.34,0.1,106.69999999999783,496.9305738334094,NEWS,tom,0.21471812284942612
2022-06-02 01:15:00,2022-06-02 09:10:00,1,1846.59,1848.75,0.29,60.61000000000237,534.9076894817233,TIME,drift,0.11330927035041864
2022-06-03 01:15:00,2022-06-03 09:10:00,1,1869.34,1868.81,0.35000000000000003,-20.999999999999048,528.62525752576,TIME,drift,-0.039725684123172476
2022-06-03 01:05:00,2022-06-03 15:20:00,1,1869.25,1866.09,0.14,-45.22000000000115,519.7558945241758,NEWS,friday,-0.08700238030277462
2022-06-03 18:15:00,2022-06-03 23:45:00,-1,1856.24,1851.42,0.21,99.74999999999866,520.2458945241758,TIME,tday,0.19173625597032615
2022-06-07 01:15:00,2022-06-07 09:10:00,1,1840.96,1839.12,0.41000000000000003,-78.31000000000597,535.947549196749,TIME,drift,-0.14611504449898693
2022-06-08 01:15:00,2022-06-08 09:10:00,1,1852.6699999999998,1849.93,0.33,-92.72999999999281,536.4102842909751,TIME,drift,-0.1728714059286968
2022-06-09 01:15:00,2022-06-09 09:10:00,1,1853.08,1851.86,0.35000000000000003,-45.150000000000965,528.671874966005,TIME,drift,-0.08540268952817705
2022-06-09 18:15:00,2022-06-09 19:50:00,-1,1843.43,1849.6000000000001,0.23,-143.52000000000172,536.4386045876406,NEWS,tday,-0.2675422662959264
2022-06-10 01:15:00,2022-06-10 09:10:00,1,1847.93,1845.31,0.36,-96.84000000000425,531.7360260020986,TIME,drift,-0.18212044184424334
2022-06-10 01:05:00,2022-06-10 15:20:00,1,1848.1,1833.71,0.15,-216.8999999999981,511.5660460928101,NEWS,friday,-0.42399217394628913
2022-06-14 01:15:00,2022-06-14 09:10:00,1,1816.3500000000001,1828.11,0.2,233.79999999999526,522.9401185474422,TIME,drift,0.4470875186425087
2022-06-15 01:15:00,2022-06-15 09:10:00,1,1808.71,1818.86,0.25,251.9999999999966,533.5553680498775,TIME,drift,0.4723033729771027
2022-06-16 01:15:00,2022-06-16 09:10:00,1,1834.06,1832.28,0.18,-33.29999999999951,524.2597901357741,TIME,drift,-0.06351812713192326
2022-06-17 01:15:00,2022-06-17 09:10:00,1,1852.12,1845.89,0.2,-125.99999999999584,529.9887742257791,TIME,drift,-0.23774088457639464
2022-06-17 01:05:00,2022-06-17 15:35:00,1,1853.72,1850.15,0.12,-43.67999999999924,518.2398743112061,NEWS,friday,-0.08428529367419756
2022-06-17 18:15:00,2022-06-17 23:45:00,-1,1839.6100000000001,1841.6100000000001,0.18,-37.26,518.6598743112062,TIME,tday,-0.07183898706157335
2022-06-21 01:15:00,2022-06-21 09:13:00,1,1838.45,1834.87,0.34,-124.10000000000527,523.7686829838027,TIME,drift,-0.23693665549653148
2022-06-22 01:15:00,2022-06-22 09:10:00,1,1830.9899999999998,1825.81,0.3,-157.49999999999508,520.1712628745873,TIME,drift,-0.3027848926709512
2022-06-23 01:15:00,2022-06-23 09:10:00,1,1838.25,1834.21,0.27,-110.96999999999902,519.8309084276485,TIME,drift,-0.2134732625569611
2022-06-24 01:15:00,2022-06-24 09:10:00,1,1824.76,1823.5,0.27,-35.909999999999755,528.5183537472976,TIME,drift,-0.0679446602854771
2022-06-24 01:05:00,2022-06-24 16:50:00,1,1824.27,1825.17,0.13,10.790000000001182,507.0527017395094,NEWS,friday,0.02127983928097553
2022-06-27 18:15:00,2022-06-27 23:45:00,-1,1824.49,1823.43,0.21,20.789999999998855,529.9177017395095,TIME,tday,0.03923250710771415
2022-06-28 01:15:00,2022-06-28 09:10:00,1,1822.49,1827.46,0.32,156.80000000000086,520.9852642844464,TIME,drift,0.30096820533947294
2022-06-29 01:15:00,2022-06-29 09:10:00,1,1820.28,1821.24,0.38,33.820000000001386,534.3099894961774,TIME,drift,0.06329658936732895
2022-06-30 01:15:00,2022-06-30 09:10:00,1,1817.66,1817.21,0.32,-16.640000000001457,529.390993189921,TIME,drift,-0.0314323443618388
2022-06-30 18:15:00,2022-06-30 23:45:00,-1,1806.06,1807.47,0.22,-32.5600000000018,521.7401443127421,TIME,tday,-0.062406545394146716
2022-07-01 01:15:00,2022-07-01 09:10:00,1,1805.9399999999998,1798.98,0.24,-168.71999999999542,533.6766595063522,TIME,drift,-0.3161464849447612
2022-07-01 01:05:00,2022-07-01 16:35:00,1,1807.1299999999999,1794.9,0.15,-184.49999999999687,530.8944552320683,NEWS,friday,-0.3475267036257649
2022-07-01 01:10:00,2022-07-01 16:35:00,1,1806.6200000000001,1794.9,0.11,-129.6900000000003,518.840134004689,NEWS,tom,-0.24996138791149922
2022-07-05 01:15:00,2022-07-05 09:10:00,1,1808.57,1810.68,0.36,73.44000000000459,528.588220262193,TIME,drift,0.13893612680883527
2022-07-05 18:15:00,2022-07-05 23:45:00,-1,1767.5900000000001,1766.06,0.23,33.5800000000046,523.3744552124828,TIME,tday,0.06416056356126817
2022-07-06 01:15:00,2022-07-06 09:10:00,1,1767.93,1765.34,0.25,-66.50000000000364,517.1937582915455,TIME,drift,-0.12857850454281228
2022-07-06 18:15:00,2022-07-06 23:45:00,-1,1737.6000000000001,1738.66,0.21,-23.729999999998853,516.1805163758006,TIME,tday,-0.04597228924216589
2022-07-07 01:15:00,2022-07-07 09:10:00,1,1739.6699999999998,1745.71,0.22,131.3400000000042,527.9062384515853,TIME,drift,0.24879418054471336
2022-07-08 01:15:00,2022-07-08 09:10:00,1,1741.12,1743.01,0.3,54.600000000003,533.7640739607805,TIME,drift,0.10229238471380309
2022-07-08 01:05:00,2022-07-08 15:20:00,1,1740.8,1743.85,0.14,41.71999999999937,520.3211595281135,NEWS,friday,0.08018124813112697
2022-07-12 01:15:00,2022-07-12 09:10:00,1,1734.07,1728.88,0.33,-173.5799999999943,521.0971736091924,TIME,drift,-0.33310485796296835
2022-07-13 01:15:00,2022-07-13 09:10:00,1,1725.29,1725.07,0.28,-8.120000000000765,522.8932619031685,TIME,drift,-0.015528981900524966
2022-07-14 01:15:00,2022-07-14 09:10:00,1,1736.58,1726.79,0.21,-207.05999999999923,525.8077647929584,TIME,drift,-0.3937941085398976
2022-07-14 18:15:00,2022-07-14 23:45:00,-1,1705.8,1711.26,0.21,-116.13000000000076,515.0393863828208,TIME,tday,-0.22547790143894575
2022-07-15 01:15:00,2022-07-15 09:10:00,1,1711.1399999999999,1706.48,0.22,-104.0599999999968,514.4338710525589,TIME,drift,-0.2022806153628348
2022-07-15 01:05:00,2022-07-15 15:20:00,1,1711.15,1707.52,0.13,-48.100000000001415,497.7615117280444,NEWS,friday,-0.09663262198199285
2022-07-19 01:15:00,2022-07-19 09:10:00,1,1709.7,1709.83,0.3,1.7999999999964529,525.7596176927684,TIME,drift,0.003423617827279189
2022-07-20 01:15:00,2022-07-20 09:10:00,1,1711.82,1707.36,0.38,-172.14000000000138,525.9882808422425,TIME,drift,-0.3272696489061714
2022-07-21 01:15:00,2022-07-21 09:10:00,1,1696.99,1692.45,0.31,-142.90999999999886,515.3937431494504,TIME,drift,-0.2772831488537469
2022-07-22 01:15:00,2022-07-22 09:10:00,1,1717.68,1716.82,0.23,-21.390000000002928,524.3708931743793,TIME,drift,-0.04079173782990601
2022-07-22 01:05:00,2022-07-22 16:35:00,1,1718.25,1725.51,0.14,100.65999999999988,518.7047246320461,NEWS,friday,0.19406031065440002
2022-07-25 18:15:00,2022-07-25 23:45:00,-1,1717.16,1719.1200000000001,0.21,-42.63000000000076,521.8893871583286,TIME,tday,-0.08168397566411491
2022-07-26 01:15:00,2022-07-26 09:10:00,1,1719.21,1722.94,0.31,113.46000000000056,522.5000526703852,TIME,drift,0.21714830346931246
2022-07-27 01:15:00,2022-07-27 09:10:00,1,1718.43,1719.35,0.35000000000000003,29.749999999994596,529.1690035408599,TIME,drift,0.056220224164542254
2022-07-28 01:15:00,2022-07-28 09:10:00,1,1735.27,1738.43,0.27,83.43000000000221,522.701973744568,TIME,drift,0.15961294234709061
2022-07-29 01:15:00,2022-07-29 09:10:00,1,1755.26,1765.6,0.26,267.0199999999979,525.0842729122021,TIME,drift,0.5085278949968581
2022-07-29 01:05:00,2022-07-29 16:35:00,1,1755.5,1756.02,0.14,6.299999999999746,508.1152341896352,NEWS,friday,0.012398762280857937
2022-08-01 01:10:00,2022-08-01 16:35:00,1,1765.4499999999998,1770.17,0.11,51.15000000000279,519.1384931232507,NEWS,tom,0.09852862131696921
2022-08-02 01:15:00,2022-08-02 09:10:00,1,1772.08,1772.95,0.28,22.40000000000331,516.3856842471702,TIME,drift,0.04337842950208793
2022-08-03 01:15:00,2022-08-03 09:10:00,1,1761.12,1768.44,0.24,174.00000000000392,532.4119288219097,TIME,drift,0.32681461586524
2022-08-04 01:15:00,2022-08-04 09:10:00,1,1764.54,1770.02,0.27,146.0700000000005,526.9798636524159,TIME,drift,0.2771832665248572
2022-08-05 01:15:00,2022-08-05 09:10:00,1,1790.6,1791.49,0.3,24.600000000002996,533.5539740177643,TIME,drift,0.0461059259192847
2022-08-05 01:05:00,2022-08-05 15:20:00,1,1791.01,1787.26,0.15,-57.3,533.853692852997,NEWS,friday,-0.1073327781883083
2022-08-09 01:15:00,2022-08-09 09:10:00,1,1788.82,1787.36,0.37,-56.61000000000135,531.008809529491,TIME,drift,-0.10660840081007612
2022-08-10 01:15:00,2022-08-10 09:10:00,1,1794.56,1788.92,0.34,-194.1399999999957,524.7441072615285,TIME,drift,-0.36997080541437655
2022-08-11 01:15:00,2022-08-11 09:10:00,1,1791.8899999999999,1786.46,0.28,-153.99999999999542,515.9721402670734,TIME,drift,-0.2984657270841855
2022-08-12 01:15:00,2022-08-12 09:10:00,1,1789.58,1792.05,0.31,74.40000000000084,527.0368408918927,TIME,drift,0.14116660208059723
2022-08-12 01:05:00,2022-08-12 23:00:00,1,1790.2599999999998,1801.37,0.15,165.6000000000019,509.4771145959786,TIME,friday,0.3250391337623176
2022-08-16 01:15:00,2022-08-16 09:10:00,1,1779.27,1782.01,0.31,82.77000000000028,525.5194921168104,TIME,drift,0.15750129394173354
2022-08-17 01:15:00,2022-08-17 09:10:00,1,1775.7599999999998,1780.8,0.39,193.83000000000746,522.480929894738,TIME,drift,0.3709800471359932
2022-08-17 18:15:00,2022-08-17 23:45:00,-1,1762.67,1763.04,0.24,-10.55999999999738,528.3378992292966,TIME,tday,-0.019987208972518516
2022-08-18 01:15:00,2022-08-18 09:10:00,1,1763.03,1763.34,0.3,7.199999999998363,521.5616249885529,TIME,drift,0.013804696616926881
2022-08-19 01:15:00,2022-08-19 09:10:00,1,1758.8,1755.9,0.38,-112.85999999999481,534.1711364135916,TIME,drift,-0.2112806033619363
2022-08-19 01:05:00,2022-08-19 23:00:00,1,1759.3,1746.54,0.16,-205.27999999999986,520.5142090293423,TIME,friday,-0.3943792435230675
2022-08-23 01:15:00,2022-08-23 09:10:00,1,1735.4699999999998,1737.07,0.34,52.02000000000464,523.3133986080273,TIME,drift,0.09940506040619974
2022-08-24 01:15:00,2022-08-24 09:10:00,1,1747.83,1745.17,0.33,-90.08999999999521,529.6782384441386,TIME,drift,-0.17008438984509341
2022-08-25 01:15:00,2022-08-25 09:10:00,1,1751.33,1756.26,0.35000000000000003,170.10000000000227,526.0611166444464,TIME,drift,0.3233464603599837
2022-08-26 01:15:00,2022-08-26 09:10:00,1,1757.68,1757.42,0.38,-12.539999999999655,533.949911987438,TIME,drift,-0.023485348940922156
2022-08-26 01:05:00,2022-08-26 16:50:00,1,1758.48,1751.0,0.17,-128.35000000000034,519.9675026057823,NEWS,friday,-0.24684234948681005
2022-08-26 18:15:00,2022-08-26 23:45:00,-1,1736.57,1738.7,0.26,-57.20000000000284,530.7696105000134,TIME,tday,-0.10776803884102817
2022-08-30 01:15:00,2022-08-30 09:10:00,1,1737.82,1733.9,0.31,-123.68999999999521,517.5054833480833,TIME,drift,-0.23901196022071738
2022-08-30 18:15:00,2022-08-30 23:45:00,-1,1724.8600000000001,1724.39,0.25,10.000000000000682,526.2783760523071,TIME,tday,0.019001350720529657
2022-08-31 01:15:00,2022-08-31 09:10:00,1,1723.1899999999998,1724.72,0.35000000000000003,51.100000000007,522.3624310186414,TIME,drift,0.09782479934546329
2022-09-01 01:15:00,2022-09-01 09:10:00,1,1710.1799999999998,1706.23,0.33,-132.659999999994,530.6430947857132,TIME,drift,-0.24999854196456733
2022-09-01 01:10:00,2022-09-01 15:20:00,1,1710.9799999999998,1701.4,0.12,-115.7999999999964,494.7994067894199,NEWS,tom,-0.23403423369357304
2022-09-02 01:15:00,2022-09-02 09:10:00,1,1696.1599999999999,1701.81,0.27,150.6600000000025,513.2734253914017,TIME,drift,0.2935277622937818
2022-09-02 01:05:00,2022-09-02 15:20:00,1,1697.59,1705.62,0.17,135.31999999999957,529.7528075913476,NEWS,friday,0.25543989207960116
2022-09-06 01:15:00,2022-09-06 09:10:00,1,1711.99,1716.56,0.45,202.49999999999713,522.7632164816941,TIME,drift,0.3873646683920581
2022-09-07 01:15:00,2022-09-07 09:10:00,1,1702.11,1696.76,0.34,-184.27999999999693,529.5184575358355,TIME,drift,-0.34801430880721596
2022-09-08 01:15:00,2022-09-08 09:10:00,1,1718.7,1716.74,0.28,-56.84000000000103,515.0237071744076,TIME,drift,-0.11036385162120844
2022-09-09 01:15:00,2022-09-09 09:10:00,1,1709.03,1719.52,0.3,312.60000000000025,529.5266851739594,TIME,drift,0.5903385207061006
2022-09-09 01:05:00,2022-09-09 23:00:00,1,1708.9299999999998,1715.69,0.16,107.04000000000349,510.69406952112763,TIME,friday,0.20959710791310687
2022-09-13 01:15:00,2022-09-13 09:10:00,1,1725.4299999999998,1723.17,0.3,-69.8999999999929,520.7265172037514,TIME,drift,-0.13423552995793034
2022-09-13 18:15:00,2022-09-13 19:50:00,-1,1704.3500000000001,1704.25,0.24,0.7200000000032742,514.2356007605639,NEWS,tday,0.001400136433452645
2022-09-14 01:15:00,2022-09-14 09:10:00,1,1701.87,1702.28,0.26,8.840000000002128,520.9158137119974,TIME,drift,0.016970112573486903
2022-09-15 01:15:00,2022-09-15 09:10:00,1,1697.3799999999999,1688.32,0.34,-310.4199999999982,522.2572344517981,TIME,drift,-0.5943814264743297
2022-09-15 18:15:00,2022-09-15 23:45:00,-1,1667.1200000000001,1664.0800000000002,0.24,71.27999999999912,521.9015129006905,TIME,tday,0.13657749256910579
2022-09-16 01:15:00,2022-09-16 09:10:00,1,1664.6699999999998,1663.2,0.24,-36.9599999999952,525.743926191597,TIME,drift,-0.0703003841960237
2022-09-16 01:05:00,2022-09-16 23:00:00,1,1664.98,1673.24,0.15,122.84999999999985,514.832120605512,TIME,friday,0.23862147500725417
2022-09-20 01:15:00,2022-09-20 09:10:00,1,1675.9299999999998,1671.06,0.31,-153.1399999999966,527.7392272091157,TIME,drift,-0.2901811957580996
2022-09-21 01:15:00,2022-09-21 09:10:00,1,1664.84,1667.52,0.35000000000000003,91.35000000000224,521.0997076683286,TIME,drift,0.1753023435932246
2022-09-22 01:15:00,2022-09-22 09:10:00,1,1670.85,1662.13,0.2,-175.799999999996,527.5896477332742,TIME,drift,-0.33321351310682396
2022-09-23 01:15:00,2022-09-23 09:10:00,1,1671.06,1673.46,0.22,51.260000000002,523.1348719513799,TIME,drift,0.09798620345991024
2022-09-23 01:05:00,2022-09-23 16:35:00,1,1671.8,1649.89,0.14,-307.719999999998,501.7685140843781,NEWS,friday,-0.6132708437505733
2022-09-23 18:15:00,2022-09-23 23:45:00,-1,1643.69,1644.01,0.22,-8.579999999998599,526.1755861836342,TIME,tday,-0.0163063437857875
2022-09-27 01:15:00,2022-09-27 09:10:00,1,1624.99,1634.38,0.2,186.400000000002,529.7875807086069,TIME,drift,0.3518391272039378
2022-09-28 01:15:00,2022-09-28 09:10:00,1,1630.1599999999999,1623.48,0.27,-182.24999999999557,528.5792259223948,TIME,drift,-0.3447922110104895
2022-09-29 01:15:00,2022-09-29 09:10:00,1,1658.9699999999998,1645.59,0.21,-282.44999999999754,511.8716607643883,TIME,drift,-0.5517984714727305
2022-09-30 01:15:00,2022-09-30 09:10:00,1,1662.78,1668.14,0.24,126.96000000000302,525.2795229363942,TIME,drift,0.24169988445442703
2022-09-30 01:05:00,2022-09-30 16:35:00,1,1661.61,1669.33,0.13,99.45000000000036,510.3661561840068,NEWS,friday,0.19486009954810712
2022-10-03 01:10:00,2022-10-03 16:35:00,1,1665.13,1667.36,0.1,21.599999999997912,508.8963392228635,NEWS,tom,0.04244479343864668
2022-10-04 01:15:00,2022-10-04 09:10:00,1,1699.35,1703.36,0.22,86.6799999999998,529.2520439266808,TIME,drift,0.16377829995118146
2022-10-05 01:15:00,2022-10-05 09:10:00,1,1725.6899999999998,1719.32,0.24,-154.5599999999974,531.2933933896797,TIME,drift,-0.2909127083510233
2022-10-06 01:15:00,2022-10-06 09:10:00,1,1715.4599999999998,1723.66,0.23,186.99000000000626,529.4571109280851,TIME,drift,0.3531730826548568
2022-10-07 01:15:00,2022-10-07 09:10:00,1,1711.78,1713.31,0.28,40.87999999999924,519.9966558686747,TIME,drift,0.07861589019588522
2022-10-07 01:05:00,2022-10-07 15:20:00,1,1712.01,1709.76,0.13,-30.16,518.144013911667,NEWS,friday,-0.05820775535417392
2022-10-10 18:15:00,2022-10-10 23:45:00,-1,1667.8300000000002,1668.16,0.2,-7.999999999998545,528.4752513444446,TIME,tday,-0.01513788957883362
2022-10-11 01:15:00,2022-10-11 09:10:00,1,1668.78,1667.04,0.28,-50.680000000000256,516.4298582517334,TIME,drift,-0.09813530180374722
2022-10-12 01:15:00,2022-10-12 09:10:00,1,1666.82,1668.96,0.24,49.6800000000024,522.5321679658209,TIME,drift,0.0950754863445115
2022-10-13 01:15:00,2022-10-13 09:10:00,1,1673.71,1669.66,0.28,-115.35999999999873,521.356110853847,TIME,drift,-0.2212691049330347
2022-10-14 01:15:00,2022-10-14 09:10:00,1,1665.57,1670.34,0.19,89.29999999999966,515.2934037584788,TIME,drift,0.17329932684691443
2022-10-14 01:05:00,2022-10-14 15:20:00,1,1666.12,1655.03,0.13,-145.07999999999893,526.0130986387823,NEWS,friday,-0.2758106221602413
2022-10-14 18:15:00,2022-10-14 23:45:00,-1,1647.05,1643.53,0.19,65.54999999999966,512.9689166224032,TIME,tday,0.12778552047872144
2022-10-18 01:15:00,2022-10-18 09:10:00,1,1651.26,1655.12,0.26,98.53999999999742,515.2912880973603,TIME,drift,0.19123164368612236
2022-10-19 01:15:00,2022-10-19 09:10:00,1,1652.73,1646.51,0.31,-194.99000000000083,531.5264635017706,TIME,drift,-0.3668490910412615
2022-10-19 18:15:00,2022-10-19 23:45:00,-1,1634.21,1629.17,0.2,99.39999999999927,525.266441544967,TIME,tday,0.1892372939486366
2022-10-20 01:15:00,2022-10-20 09:10:00,1,1629.69,1630.99,0.33,40.5899999999985,528.1924994778007,TIME,drift,0.07684698294680053
2022-10-21 01:15:00,2022-10-21 09:10:00,1,1627.7,1621.76,0.26,-156.2600000000014,514.3110055462257,TIME,drift,-0.30382394760159753
2022-10-21 01:05:00,2022-10-21 23:00:00,1,1628.49,1655.19,0.13,346.19000000000057,508.1727954365914,TIME,friday,0.6812446536075883
2022-10-24 18:15:00,2022-10-24 23:45:00,-1,1647.6200000000001,1650.0900000000001,0.19,-48.26000000000052,515.1377672997734,TIME,tday,-0.09368367660745916
2022-10-25 01:15:00,2022-10-25 09:10:00,1,1650.9699999999998,1649.32,0.27,-46.439999999996324,525.269979213976,TIME,drift,-0.08841167749485708
2022-10-26 01:15:00,2022-10-26 09:10:00,1,1652.89,1659.64,0.27,180.36000000000004,518.450589195701,TIME,drift,0.3478827177722023
2022-10-27 01:15:00,2022-10-27 09:10:00,1,1664.99,1666.07,0.3,30.299999999997816,522.4378833833034,TIME,drift,0.05799732554571898
2022-10-28 01:15:00,2022-10-28 09:10:00,1,1661.8899999999999,1660.27,0.29,-49.00999999999683,522.7575065703959,TIME,drift,-0.09375283833135549
2022-10-28 01:05:00,2022-10-28 23:00:00,1,1662.4199999999998,1645.04,0.13,-226.84999999999846,506.010274989659,TIME,friday,-0.44831105456234943
2022-11-01 01:15:00,2022-11-01 09:10:00,1,1633.4399999999998,1641.95,0.35000000000000003,295.4000000000077,525.6790322981512,TIME,drift,0.5619398565481771
2022-11-01 01:10:00,2022-11-01 16:35:00,1,1633.02,1652.78,0.1,196.89999999999992,505.56282822214746,NEWS,tom,0.38946692479827816
2022-11-02 01:15:00,2022-11-02 09:10:00,1,1646.66,1650.07,0.31,103.53999999999549,531.7103358788167,TIME,drift,0.19473008706679254
2022-11-03 01:15:00,2022-11-03 09:10:00,1,1636.36,1634.82,0.22,-35.4199999999992,516.1902889010325,TIME,drift,-0.06861810607752475
2022-11-04 01:15:00,2022-11-04 09:10:00,1,1629.8999999999999,1647.47,0.27,472.50000000000443,516.2785428430196,TIME,drift,0.9152036367772763
2022-11-04 01:05:00,2022-11-04 15:20:00,1,1629.4199999999998,1650.38,0.13,271.5700000000034,505.2650046515877,NEWS,friday,0.5374803271547931
2022-11-08 01:15:00,2022-11-08 09:10:00,1,1674.66,1669.71,0.34,-170.68000000000154,532.9978005523158,TIME,drift,-0.3202264621413736
2022-11-09 01:15:00,2022-11-09 09:10:00,1,1712.28,1710.76,0.24,-38.15999999999956,524.5330352043029,TIME,drift,-0.07275042264046619
2022-11-10 01:15:00,2022-11-10 09:10:00,1,1706.35,1708.32,0.27,51.300000000000736,529.9198434989776,TIME,drift,0.09680709380738582
2022-11-10 16:00:00,2022-11-10 19:50:00,1,1733.33,1747.63,0.24,341.52000000000436,518.6027687478863,NEWS,trendH4,0.6585387132131394
2022-11-11 01:15:00,2022-11-11 09:10:00,1,1753.29,1757.26,0.23,89.70000000000064,521.6966450163334,TIME,drift,0.17193900105911605
2022-11-11 01:05:00,2022-11-11 23:00:00,1,1753.4299999999998,1767.82,0.12,171.8400000000012,538.8277612643689,TIME,friday,0.3189145258528915
2022-11-15 01:15:00,2022-11-15 09:10:00,1,1770.8,1771.11,0.29,6.959999999998418,524.1489016447823,TIME,drift,0.013278669435646812
2022-11-11 08:00:00,2022-11-15 15:20:00,1,1760.9,1775.33,0.23,293.71919999999625,518.3251987077724,NEWS,trendH4,0.5666697292206948
2022-11-11 12:00:00,2022-11-15 15:20:00,1,1764.1,1775.33,0.24,229.68960000000044,539.4620230668348,NEWS,trendH4,0.42577529126928704
2022-11-15 12:00:00,2022-11-15 15:20:00,1,1776.94,1775.33,0.26,-43.68000000000331,536.8886542026319,NEWS,trendH4,-0.08135765145731252
2022-11-16 01:15:00,2022-11-16 09:10:00,1,1779.37,1773.05,0.22,-140.5799999999986,531.0567940076998,TIME,drift,-0.2647174494070409
2022-11-17 01:15:00,2022-11-17 09:10:00,1,1774.37,1765.98,0.29,-245.33999999999628,535.2344199046127,TIME,drift,-0.45837859240016704
2022-11-18 01:15:00,2022-11-18 09:10:00,1,1760.53,1765.27,0.33,154.1100000000003,527.3121598970708,TIME,drift,0.29225572956649043
2022-11-18 01:05:00,2022-11-18 16:50:00,1,1760.63,1751.68,0.13,-117.26000000000059,524.493037102706,NEWS,friday,-0.22356826822286066
2022-11-22 01:15:00,2022-11-22 09:10:00,1,1737.93,1741.62,0.34,123.07999999999413,537.1138773075106,TIME,drift,0.22915066096780043
2022-11-23 01:15:00,2022-11-23 09:10:00,1,1740.3799999999999,1739.28,0.41000000000000003,-47.969999999996276,532.051562282492,TIME,drift,-0.09016043444023697
2022-11-24 01:15:00,2022-11-24 09:10:00,1,1750.53,1757.17,0.28,183.96000000000282,524.7288549308815,TIME,drift,0.35058106347941254
2022-11-25 01:15:00,2022-11-25 09:10:00,1,1755.29,1755.61,0.46,11.49999999999707,541.5397326771696,TIME,drift,0.02123574560844387
2022-11-25 01:05:00,2022-11-28 03:16:00,1,1754.97,1749.48,0.15,-95.32200000000013,540.5770329426648,TIME,friday,-0.17633379553901665
2022-11-29 01:15:00,2022-11-29 09:10:00,1,1741.75,1751.77,0.33,328.3499999999994,535.0146138748436,TIME,drift,0.6137215535514523
2022-11-30 01:15:00,2022-11-30 09:10:00,1,1749.2099999999998,1754.9,0.33,185.4600000000093,531.3026705932824,TIME,drift,0.34906656838919
2022-12-01 01:15:00,2022-12-01 09:10:00,1,1770.46,1780.3,0.25,244.24999999999795,529.4868467039953,TIME,drift,0.461295689440504
2022-12-01 01:10:00,2022-12-01 15:20:00,1,1770.58,1785.04,0.11,158.2900000000004,512.6399077158361,NEWS,tom,0.3087742440991209
2022-12-01 16:00:00,2022-12-01 16:35:00,1,1789.5800000000002,1798.19,0.28,239.1199999999972,535.1934238132343,NEWS,trendH4,0.4467917380155302
2022-12-01 18:15:00,2022-12-01 23:45:00,1,1799.3,1802.94,0.23,82.1100000000023,536.7467217029196,TIME,tday,0.15297718026016902
2022-12-02 01:15:00,2022-12-02 09:10:00,1,1804.1200000000001,1800.27,0.27,-105.8400000000037,540.600587296846,TIME,drift,-0.19578225123511847
2022-12-01 20:00:00,2022-12-02 15:20:00,1,1801.77,1799.88,0.27,-74.37959999999657,530.5189043146232,NEWS,trendH4,-0.14020160147938082
2022-12-02 01:05:00,2022-12-02 15:20:00,1,1802.68,1799.88,0.15,-43.049999999999315,544.8245065158507,NEWS,friday,-0.07901626943197508
2022-12-05 04:00:00,2022-12-05 16:35:00,1,1806.67,1790.98,0.27,-425.5200000000015,545.0380537233111,NEWS,trendH4,-0.7807161299897364
2022-12-06 01:15:00,2022-12-06 09:10:00,1,1769.56,1769.22,0.29,-11.889999999997626,544.4680454891638,TIME,drift,-0.0218378288652649
2022-12-07 01:15:00,2022-12-07 09:10:00,1,1770.98,1773.19,0.35000000000000003,74.90000000000128,540.5646131420392,TIME,drift,0.13855882937775746
2022-12-08 01:15:00,2022-12-08 09:10:00,1,1787.58,1785.75,0.29,-55.099999999997884,537.4474710177884,TIME,drift,-0.10252164717726281
2022-12-09 01:15:00,2022-12-09 09:10:00,1,1790.32,1796.62,0.36,224.27999999999832,541.2858920413815,TIME,drift,0.41434665727968395
2022-12-09 01:05:00,2022-12-09 15:20:00,1,1789.96,1802.41,0.15,185.70000000000067,537.0784917515575,NEWS,friday,0.34575951718785647
2022-12-13 01:15:00,2022-12-13 09:10:00,1,1782.1,1787.13,0.35000000000000003,173.60000000000701,546.5356887173737,TIME,drift,0.3176370794877398
2022-12-13 16:00:00,2022-12-13 19:50:00,1,1811.18,1807.56,0.3,-110.70000000000353,546.2387961932675,NEWS,trendH4,-0.20265861885217726
2022-12-14 01:15:00,2022-12-14 09:10:00,1,1810.6100000000001,1810.72,0.23,0.9199999999976989,537.924183723274,TIME,drift,0.0017102781913054448
2022-12-15 01:15:00,2022-12-15 09:10:00,1,1807.76,1793.45,0.28,-402.6399999999985,538.3368119262041,TIME,drift,-0.7479332475134414
2022-12-16 01:15:00,2022-12-16 09:10:00,1,1776.6499999999999,1783.77,0.27,190.35000000000323,542.8570812582133,TIME,drift,0.35064477663037447
2022-12-16 01:05:00,2022-12-16 16:35:00,1,1776.47,1785.33,0.14,123.05999999999861,524.8176356429802,NEWS,friday,0.23448144963579906
2022-12-16 18:15:00,2022-12-16 23:45:00,1,1790.46,1792.71,0.21,45.78,525.3076356429801,TIME,tday,0.08714893310843458
2022-12-20 01:15:00,2022-12-20 09:10:00,1,1787.9299999999998,1793.08,0.4,203.20000000000363,546.7125556310395,TIME,drift,0.37167611738029555
2022-12-20 18:15:00,2022-12-20 23:45:00,1,1817.3400000000001,1817.95,0.22,11.8799999999978,527.1531946843054,TIME,tday,0.022536143420533266
2022-12-21 01:15:00,2022-12-21 09:10:00,1,1818.0,1813.19,0.28,-136.6399999999985,530.8812322325067,TIME,drift,-0.2573833688288215
2022-12-22 01:15:00,2022-12-22 09:10:00,1,1814.4999999999998,1814.69,0.39,4.680000000010997,539.4386570949828,TIME,drift,0.008675685248836286
2022-12-23 01:15:00,2022-12-23 09:10:00,1,1793.69,1797.43,0.29,106.43000000000026,530.6914866209951,TIME,drift,0.20054966526344442
2022-12-23 01:05:00,2022-12-23 15:20:00,1,1793.0,1798.11,0.14,70.5599999999986,520.0567980246122,NEWS,friday,0.13567748805133256
2022-12-23 18:15:00,2022-12-23 23:45:00,1,1802.77,1797.57,0.22,-115.94000000000102,545.334740787689,TIME,tday,-0.2126033632710355
2022-12-27 01:15:00,2022-12-27 09:10:00,1,1801.24,1807.46,0.38,233.70000000000107,538.7898832744427,TIME,drift,0.4337497923675037
2022-12-28 01:15:00,2022-12-28 09:10:00,1,1813.67,1807.46,0.27,-169.56000000000097,547.1879874964158,TIME,drift,-0.309875223642609
2022-12-29 01:15:00,2022-12-29 09:10:00,1,1805.34,1807.47,0.32,65.9200000000035,541.856035777007,TIME,drift,0.12165593007647499
2022-12-30 01:15:00,2022-12-30 09:10:00,1,1814.75,1821.51,0.35000000000000003,234.14999999999972,533.2287542275975,TIME,drift,0.4391173546879989
2022-12-30 01:05:00,2022-12-30 16:35:00,1,1815.12,1822.11,0.15,103.80000000000014,531.1790464458899,NEWS,friday,0.19541433476061265
2023-01-03 01:15:00,2023-01-03 09:10:00,1,1827.46,1841.25,0.33,452.75999999999885,541.5545717079696,TIME,drift,0.8360376288064045
2023-01-03 01:10:00,2023-01-03 16:35:00,1,1830.73,1844.6,0.12,165.5999999999987,547.708769813072,NEWS,tom,0.3023504627404751
2023-01-03 08:00:00,2023-01-03 16:35:00,1,1840.53,1844.6,0.33,131.9999999999979,545.4330401024819,NEWS,trendH4,0.24200954158405275
2023-01-04 01:15:00,2023-01-04 09:10:00,1,1838.78,1849.21,0.24,248.64000000000152,546.3843908820878,TIME,drift,0.45506424442066307
2023-01-04 12:00:00,2023-01-04 16:50:00,1,1860.76,1857.19,0.29,-105.55999999999814,541.7521631840707,NEWS,trendH4,-0.19484924504885107
2023-01-04 18:15:00,2023-01-04 23:45:00,1,1859.3400000000001,1853.66,0.24,-138.00000000000153,554.4695719692812,TIME,tday,-0.24888651600821662
2023-01-05 01:15:00,2023-01-05 09:10:00,1,1855.4499999999998,1851.98,0.24,-84.9599999999952,535.9600521071362,TIME,drift,-0.15851927707293387
2023-01-06 01:15:00,2023-01-06 09:10:00,1,1832.34,1839.63,0.26,187.72000000000497,550.1299883983876,TIME,drift,0.34122844411103764
2023-01-06 01:05:00,2023-01-06 15:20:00,1,1832.05,1835.91,0.15,56.850000000001906,545.7681010657296,NEWS,friday,0.10416512047697557
2023-01-06 18:15:00,2023-01-06 23:45:00,1,1862.32,1866.42,0.22,88.660000000003,534.15325437538,TIME,tday,0.16598232674568064
2023-01-10 01:15:00,2023-01-10 09:10:00,1,1871.01,1873.15,0.28,57.9600000000028,550.9412123553063,TIME,drift,0.10520178686981932
2023-01-09 04:00:00,2023-01-10 15:50:00,1,1874.6200000000001,1870.9,0.26,-119.2048000000007,536.7499956736768,NEWS,trendH4,-0.2220862616875969
2023-01-09 08:00:00,2023-01-10 15:50:00,1,1878.16,1870.9,0.27,-219.36959999999976,543.7400149626851,NEWS,trendH4,-0.40344575341775113
2023-01-11 01:15:00,2023-01-11 09:10:00,1,1876.9499999999998,1882.34,0.34,180.88000000000343,545.7272105187194,TIME,drift,0.33144764731096166
2023-01-11 08:00:00,2023-01-11 17:20:00,1,1882.46,1872.77,0.3,-292.80000000000166,553.3725344816986,NEWS,trendH4,-0.5291191408229988
2023-01-11 12:00:00,2023-01-11 17:20:00,1,1884.8,1872.77,0.3,-362.9999999999992,544.5589077576136,NEWS,trendH4,-0.6665945498803091
2023-01-12 01:15:00,2023-01-12 09:10:00,1,1877.58,1883.65,0.34,204.00000000000557,548.1209456652875,TIME,drift,0.3721806320544792
2023-01-12 16:00:00,2023-01-12 16:53:00,1,1899.89,1880.4742196790746,0.28,-545.6018489859134,544.2018489859137,SL,trendH4,-1.0025725748683298
2023-01-13 01:15:00,2023-01-13 09:10:00,1,1896.55,1896.49,0.22,-2.8599999999987995,531.3428692358776,TIME,drift,-0.005382588467050957
2023-01-13 01:05:00,2023-01-13 23:00:00,1,1896.07,1920.62,0.15,367.1999999999993,541.0518409349489,TIME,friday,0.6786780345585185
2023-01-13 18:15:00,2023-01-13 23:45:00,1,1911.27,1919.98,0.22,190.0800000000008,529.5418000252834,TIME,tday,0.3589518334358596
2023-01-17 01:15:00,2023-01-17 09:10:00,1,1916.54,1908.19,0.36,-303.1199999999967,551.1944509028558,TIME,drift,-0.5499329674010442
2023-01-16 04:00:00,2023-01-17 21:14:00,1,1924.3500000000001,1903.8853902645667,0.26,-554.5646531212695,532.5998531212718,SL,trendH4,-1.0412407173439389
2023-01-18 01:15:00,2023-01-18 09:10:00,1,1908.52,1904.16,0.3,-132.899999999997,533.6105942539863,TIME,drift,-0.2490580236432481
2023-01-13 12:00:00,2023-01-18 15:20:00,1,1904.5,1917.44,0.27,283.1112000000015,542.9700906766594,NEWS,trendH4,0.5214121456435713
2023-01-13 20:00:00,2023-01-18 15:20:00,1,1917.03,1917.44,0.25,-51.10999999999795,532.1200757737827,NEWS,trendH4,-0.09604974953383655
2023-01-19 01:15:00,2023-01-19 09:10:00,1,1904.52,1909.37,0.28,133.83999999999745,535.2988643738157,TIME,drift,0.25002855209969743
2023-01-20 01:15:00,2023-01-20 09:10:00,1,1932.7,1927.67,0.27,-137.69999999999925,535.2872596974802,TIME,drift,-0.25724505395069736
2023-01-20 01:05:00,2023-01-20 16:50:00,1,1932.34,1924.75,0.14,-107.23999999999887,515.517892373421,NEWS,friday,-0.20802381757550797
2023-01-24 01:15:00,2023-01-24 09:10:00,1,1931.39,1938.5,0.26,183.0399999999974,537.3156189185784,TIME,drift,0.3406563918026254
2023-01-25 01:15:00,2023-01-25 09:10:00,1,1937.14,1932.22,0.28,-139.72000000000207,540.8001710685626,TIME,drift,-0.25835790644061835
2023-01-26 01:15:00,2023-01-26 09:10:00,1,1947.89,1943.26,0.25,-117.50000000000273,534.0163448688403,TIME,drift,-0.22003071840219027
2023-01-27 01:15:00,2023-01-27 09:10:00,1,1929.9199999999998,1924.9,0.25,-127.24999999999386,540.898849625937,TIME,drift,-0.23525655506199472
2023-01-27 01:05:00,2023-01-27 23:00:00,1,1929.19,1926.54,0.14,-38.08000000000127,521.9375472701195,TIME,friday,-0.07295892046696086
2023-01-31 01:15:00,2023-01-31 09:10:00,1,1923.14,1914.82,0.32,-268.48000000000525,544.3878751375178,TIME,drift,-0.49317777316804595
2023-02-01 01:15:00,2023-02-01 09:10:00,1,1927.5,1927.62,0.29,1.4499999999968352,540.9427034654027,TIME,drift,0.002680505699971186
2023-02-01 01:10:00,2023-02-01 15:05:00,1,1927.48,1929.93,0.11,26.1800000000005,530.5376362236909,NEWS,tom,0.04934616926773921
2023-02-02 01:15:00,2023-02-02 09:10:00,1,1956.0,1956.63,0.21,11.760000000002291,539.966226334748,TIME,drift,0.02177913992848836
2023-02-03 01:15:00,2023-02-03 09:10:00,1,1912.5,1917.39,0.2,96.400000000002,535.45541415247,TIME,drift,0.1800336637786844
2023-02-03 01:05:00,2023-02-03 15:20:00,1,1913.3,1914.75,0.13,17.94000000000059,517.1275962836675,NEWS,friday,0.034691631483073485
2023-02-07 01:15:00,2023-02-07 09:10:00,1,1868.1,1874.31,0.26,159.64000000000095,541.4901260624274,TIME,drift,0.2948160867878805
2023-02-08 01:15:00,2023-02-08 09:10:00,1,1872.5,1874.33,0.2,35.199999999998546,547.041424218621,TIME,drift,0.0643461325625884
2023-02-09 01:15:00,2023-02-09 09:10:00,1,1875.94,1879.8,0.26,98.53999999999742,527.1803043884227,TIME,drift,0.18691897094735516
2023-02-10 01:15:00,2023-02-10 09:10:00,1,1862.49,1860.99,0.23,-36.11,546.141446820736,TIME,drift,-0.06611840249482595
2023-02-10 01:05:00,2023-02-10 23:00:00,1,1862.37,1864.24,0.13,23.400000000001537,529.2705896481968,TIME,friday,0.04421178969259445
2023-02-14 01:15:00,2023-02-14 09:10:00,1,1853.85,1861.61,0.31,238.38999999999973,547.0729211997412,TIME,drift,0.4357554372773669
2023-02-15 01:15:00,2023-02-15 09:10:00,1,1854.34,1842.85,0.2,-231.2000000000002,524.8832945965815,TIME,drift,-0.4404788690745006
2023-02-16 01:15:00,2023-02-16 09:10:00,1,1837.11,1837.71,0.28,14.840000000003819,537.330215509894,TIME,drift,0.027618026255831443
2023-02-17 01:15:00,2023-02-17 09:10:00,1,1835.4099999999999,1823.31,0.24,-292.0799999999978,531.2814587923515,TIME,drift,-0.5497650918665989
2023-02-17 01:05:00,2023-02-17 23:00:00,1,1835.59,1841.78,0.14,85.68000000000076,538.5100532575528,TIME,friday,0.15910566475352808
2023-02-21 01:15:00,2023-02-21 09:10:00,1,1842.59,1837.44,0.45,-234.89999999999387,544.8624369404174,TIME,drift,-0.43111799249556454
2023-02-22 01:15:00,2023-02-22 09:10:00,1,1835.14,1835.5,0.33,9.569999999996698,530.5737860751254,TIME,drift,0.01803707655968072
2023-02-23 01:15:00,2023-02-23 09:10:00,1,1826.05,1831.81,0.3,170.69999999999973,544.934143499674,TIME,drift,0.3132488614197137
2023-02-24 01:15:00,2023-02-24 09:10:00,1,1822.78,1825.52,0.34,90.78000000000033,546.3848198263556,TIME,drift,0.16614663641067254
2023-02-24 01:05:00,2023-02-24 16:50:00,1,1822.91,1810.66,0.15,-184.8,519.9416778752832,NEWS,friday,-0.35542447905922137
2023-02-28 01:15:00,2023-02-28 09:10:00,1,1817.6399999999999,1813.32,0.39,-171.2099999999975,536.4912091779463,TIME,drift,-0.3191291806297047
2023-03-01 01:15:00,2023-03-01 09:10:00,1,1827.4099999999999,1834.86,0.36,265.68000000000166,539.263984358004,TIME,drift,0.492671507288392
2023-03-01 01:10:00,2023-03-01 16:35:00,1,1827.36,1839.92,0.12,149.88000000000207,539.065973291349,NEWS,tom,0.27803646942300403
2023-03-02 01:15:00,2023-03-02 09:10:00,1,1838.03,1833.67,0.32,-141.7599999999968,543.7451486587477,TIME,drift,-0.2607103720367441
2023-03-03 01:15:00,2023-03-03 09:10:00,1,1836.8899999999999,1844.13,0.36,258.12000000000853,532.1765261599677,TIME,drift,0.4850270301520587
2023-03-03 01:05:00,2023-03-03 16:35:00,1,1836.54,1844.12,0.16,120.15999999999883,515.1936198277449,NEWS,friday,0.23323270198915574
2023-03-07 01:15:00,2023-03-07 09:10:00,1,1846.81,1846.62,0.42,-10.920000000002291,544.3850326622858,TIME,drift,-0.020059331805282406
2023-03-08 01:15:00,2023-03-08 09:10:00,1,1814.3799999999999,1813.43,0.33,-33.659999999994,544.8201248517754,TIME,drift,-0.06178185875411924
2023-03-09 01:15:00,2023-03-09 09:10:00,1,1815.58,1813.48,0.4,-86.79999999999636,544.9881448002587,TIME,drift,-0.15926951958158475
2023-03-10 01:15:00,2023-03-10 09:10:00,1,1831.7199999999998,1832.63,0.34,28.560000000010515,540.4779225138496,TIME,drift,0.05284212140835164
2023-03-10 01:05:00,2023-03-10 15:20:00,1,1831.2899999999997,1835.2,0.16,61.44000000000495,523.2639340131772,NEWS,friday,0.11741684455259577
2023-03-14 01:15:00,2023-03-14 09:10:00,1,1911.47,1906.84,0.16,-75.20000000000175,526.6049569692173,TIME,drift,-0.1428015422277872
2023-03-15 01:15:00,2023-03-15 09:10:00,1,1904.6999999999998,1899.97,0.21,-100.79999999999559,530.1603649436399,TIME,drift,-0.1901311502430239
2023-03-15 18:15:00,2023-03-15 23:45:00,1,1923.44,1917.86,0.22,-124.30000000000341,540.727015709926,TIME,tday,-0.2298756976971248
2023-03-16 01:15:00,2023-03-16 09:10:00,1,1920.86,1919.88,0.16,-16.799999999996654,541.8353575352361,TIME,drift,-0.031005728523178063
2023-03-17 01:15:00,2023-03-17 09:10:00,1,1919.8100000000002,1928.42,0.21,179.3399999999979,544.8149354995364,TIME,drift,0.32917599778273793
2023-03-17 01:05:00,2023-03-17 23:00:00,1,1920.06,1976.25,0.13,729.5600000000007,515.9902250167116,TIME,friday,1.4139027536352498
2023-03-17 18:15:00,2023-03-17 23:45:00,1,1957.34,1983.43,0.2,520.4000000000029,529.6874102735504,TIME,tday,0.9824662431211059
2023-03-20 12:00:00,2023-03-20 17:12:00,1,1996.59,1967.2778473118071,0.18,-528.8787483874701,527.9787483874713,SL,trendH4,-1.0017046140640082
2023-03-21 01:15:00,2023-03-21 09:10:00,1,1979.4099999999999,1982.08,0.15,39.000000000001094,524.6397187565751,TIME,drift,0.07433672786428223
2023-03-17 16:00:00,2023-03-21 16:50:00,1,1945.16,1953.48,0.21,139.86839999999867,526.5681500604619,NEWS,trendH4,0.2656225979181206
2023-03-17 20:00:00,2023-03-21 16:50:00,1,1962.01,1953.48,0.21,-213.9815999999994,543.5522425574391,NEWS,trendH4,-0.39367255480946195
2023-03-22 01:15:00,2023-03-22 09:10:00,1,1940.57,1939.99,0.2,-12.999999999998545,550.8639287716287,TIME,drift,-0.023599294346586173
2023-03-22 18:15:00,2023-03-22 20:50:00,1,1951.53,1948.68,0.17,-49.63999999999845,543.7554826222089,NEWS,tday,-0.09129103353701243
2023-03-23 01:15:00,2023-03-23 09:10:00,1,1966.1100000000001,1978.39,0.16,195.35999999999956,542.7733992604104,TIME,drift,0.35992920851721816
2023-03-23 18:15:00,2023-03-23 23:45:00,1,1982.3600000000001,1993.22,0.16,172.6399999999984,526.3463041404179,TIME,tday,0.3279969834345825
2023-03-24 01:15:00,2023-03-24 09:10:00,1,1992.94,1990.01,0.17,-51.00000000000109,551.1115922650233,TIME,drift,-0.09254024178732166
2023-03-24 01:05:00,2023-03-24 15:20:00,1,1992.84,1994.19,0.11,14.080000000001501,549.4850099916055,NEWS,friday,0.02562399290968211
2023-03-28 01:15:00,2023-03-28 09:10:00,1,1956.74,1957.51,0.22,15.3999999999996,536.6471772060016,TIME,drift,0.02869669431632552
2023-03-28 18:15:00,2023-03-28 23:45:00,1,1969.68,1973.41,0.16,58.560000000000294,529.7266873893942,TIME,tday,0.11054757367161626
2023-03-29 01:15:00,2023-03-29 09:10:00,1,1974.3200000000002,1963.13,0.28,-315.2800000000015,550.295653397714,TIME,drift,-0.572928385047846
2023-03-30 01:15:00,2023-03-30 09:10:00,1,1964.1499999999999,1966.75,0.28,70.84000000000384,534.2345728884777,TIME,drift,0.13260092774787866
2023-03-30 18:15:00,2023-03-30 23:45:00,1,1974.56,1980.8,0.17,104.89000000000016,533.9360117569288,TIME,tday,0.19644676082974286
2023-03-31 01:15:00,2023-03-31 09:10:00,1,1980.4099999999999,1980.38,0.3,-2.9999999999923603,538.5122568809567,TIME,drift,-0.005570903840458991
2023-03-31 01:05:00,2023-03-31 16:35:00,1,1980.37,1981.98,0.11,16.9400000000014,515.1268677389128,NEWS,friday,0.03288510279876778
2023-04-03 01:10:00,2023-04-03 16:35:00,1,1966.53,1973.18,0.09,59.22000000000081,548.2296842030546,NEWS,tom,0.1080204186427577
2023-04-03 18:15:00,2023-04-03 23:45:00,1,1986.42,1984.04,0.18,-44.10000000000196,548.8596842030546,TIME,tday,-0.08034840464559763
2023-04-04 01:15:00,2023-04-04 09:10:00,1,1985.4899999999998,1979.67,0.25,-147.24999999999272,549.1773990221201,TIME,drift,-0.26812829563305046
2023-04-04 18:15:00,2023-04-04 23:45:00,1,2021.9,2020.93,0.17,-17.680000000000465,530.944802416171,TIME,tday,-0.033299130002862956
2023-04-05 01:15:00,2023-04-05 09:10:00,1,2020.7,2024.26,0.24,83.75999999999868,540.9094420575515,TIME,drift,0.15485031964202026
2023-04-04 20:00:00,2023-04-05 15:05:00,1,2020.98,2022.95,0.23,25.419600000000628,545.5650406476531,NEWS,trendH4,0.04659316141266021
2023-04-05 16:00:00,2023-04-05 16:35:00,1,2031.75,2024.38,0.26,-193.43999999999716,551.3410698930427,NEWS,trendH4,-0.35085360145131855
2023-04-06 01:15:00,2023-04-06 09:10:00,1,2020.52,2016.07,0.26,-117.52000000000118,537.4494537938218,TIME,drift,-0.21866242335988045
2023-04-11 01:15:00,2023-04-11 09:10:00,1,1990.7,2000.11,0.29,270.8599999999958,547.8428496436385,TIME,drift,0.4944118558381937
2023-04-11 18:15:00,2023-04-11 23:45:00,1,2004.62,2003.15,0.18,-27.7199999999964,550.0841655017347,TIME,tday,-0.050392288559538596
2023-04-12 01:15:00,2023-04-12 09:10:00,1,2003.79,2017.47,0.34,462.74000000000217,541.0076813029835,TIME,drift,0.8553298150693933
2023-04-13 01:15:00,2023-04-13 09:10:00,1,2014.76,2017.56,0.23,62.789999999998955,547.5632507279475,TIME,drift,0.11467168389500935
2023-04-13 16:00:00,2023-04-13 19:50:00,1,2045.3,2039.13,0.24,-149.7599999999963,544.1909723324504,NEWS,trendH4,-0.27519750898864004
2023-04-14 01:15:00,2023-04-14 09:10:00,1,2040.4699999999998,2044.03,0.24,83.76000000000414,548.8931981554764,TIME,drift,0.15259799225327395
2023-04-14 01:05:00,2023-04-14 15:20:00,1,2040.42,2037.02,0.12,-41.640000000001095,538.1538307606818,NEWS,friday,-0.07737564543792776
2023-04-18 01:15:00,2023-04-18 09:10:00,1,1994.64,2000.44,0.24,137.5199999999989,537.646600354514,TIME,drift,0.2557813997323164
2023-04-18 18:15:00,2023-04-18 23:45:00,1,2008.42,2004.83,0.17,-62.22000000000248,541.9114160361223,TIME,tday,-0.11481581335768551
2023-04-19 01:15:00,2023-04-19 09:10:00,1,2005.99,1996.94,0.3,-273.59999999999866,536.4706930193917,TIME,drift,-0.5099999003861874
2023-04-20 01:15:00,2023-04-20 09:10:00,1,1995.08,1996.28,0.25,28.250000000001137,539.2251639978688,TIME,drift,0.052389988238962806
2023-04-21 01:15:00,2023-04-21 09:10:00,1,2003.94,1997.86,0.27,-166.0500000000042,540.9837933846268,TIME,drift,-0.3069408030897268
2023-04-21 01:05:00,2023-04-21 16:35:00,1,2004.4099999999999,1992.45,0.11,-132.3299999999979,510.1461134886263,NEWS,friday,-0.2593962719720851
2023-04-25 01:15:00,2023-04-25 09:10:00,1,1992.53,1996.81,0.31,130.50999999999917,544.5916919505308,TIME,drift,0.239647431147103
2023-04-26 01:15:00,2023-04-26 09:10:00,1,1997.96,1995.53,0.22,-55.00000000000141,536.6238638515989,TIME,drift,-0.10249264653502518
2023-04-27 01:15:00,2023-04-27 09:10:00,1,1990.33,1998.48,0.24,193.92000000000218,531.6619665457283,TIME,drift,0.3647430363693753
2023-04-28 01:15:00,2023-04-28 09:10:00,1,1988.1499999999999,1985.71,0.25,-62.74999999999568,547.0585227624994,TIME,drift,-0.11470436413845624
2023-04-28 01:05:00,2023-04-28 16:35:00,1,1987.74,1988.85,0.12,12.4799999999988,533.3675848852195,NEWS,friday,0.023398497309664014
2023-05-01 01:10:00,2023-05-01 16:35:00,1,1990.71,2000.2,0.09,84.78000000000009,519.2784716791322,NEWS,tom,0.16326500061875582
2023-05-02 01:15:00,2023-05-02 09:10:00,1,1982.32,1984.52,0.27,57.51000000000123,546.0342820108133,TIME,drift,0.10532305735130078
2023-05-02 18:15:00,2023-05-02 23:45:00,1,2012.68,2015.96,0.19,60.98999999999949,549.004255971213,TIME,tday,0.11109203496447485
2023-05-03 01:15:00,2023-05-03 09:10:00,1,2015.84,2014.95,0.25,-23.999999999996817,540.9646897551937,TIME,drift,-0.04436518769988055
2023-05-04 01:15:00,2023-05-04 09:10:00,1,2050.57,2040.56,0.19,-191.52000000000416,529.215470700194,TIME,drift,-0.36189418224415854
2023-05-04 04:00:00,2023-05-04 15:20:00,1,2054.63,2040.92,0.21,-289.38000000000073,528.8157674083288,NEWS,trendH4,-0.5472227150453968
2023-05-05 01:15:00,2023-05-05 09:10:00,1,2048.41,2047.17,0.18,-23.579999999996073,535.3877646232934,TIME,drift,-0.044042844379507444
2023-05-05 01:05:00,2023-05-05 15:20:00,1,2049.4100000000003,2036.51,0.11,-142.6700000000035,518.2488986704858,NEWS,friday,-0.2752924325859808
2023-05-09 01:15:00,2023-05-09 09:10:00,1,2022.3899999999999,2026.67,0.32,134.7200000000064,536.7030873582092,TIME,drift,0.2510140209238089
2023-05-10 01:15:00,2023-05-10 09:10:00,1,2035.27,2028.99,0.36,-228.599999999999,540.138869299491,TIME,drift,-0.42322449464981393
2023-05-11 01:15:00,2023-05-11 09:10:00,1,2030.81,2031.5,0.25,15.500000000001364,542.4668807446958,TIME,drift,0.028573172944167655
2023-05-12 01:15:00,2023-05-12 09:10:00,1,2016.4399999999998,2009.55,0.22,-153.1199999999972,525.8101505509366,TIME,drift,-0.2912077673653888
2023-05-12 01:05:00,2023-05-12 23:00:00,1,2015.36,2010.9,0.12,-54.359999999997704,547.8583008684033,TIME,friday,-0.09922273681686004
2023-05-16 01:15:00,2023-05-16 09:10:00,1,2016.44,2010.75,0.33,-190.0800000000018,543.2708943762213,TIME,drift,-0.3498806985017114
2023-05-17 01:15:00,2023-05-17 09:10:00,1,1989.09,1987.81,0.29,-39.1499999999992,542.0202497778118,TIME,drift,-0.07222977373271165
2023-05-18 01:15:00,2023-05-18 09:10:00,1,1983.29,1978.34,0.33,-165.6600000000015,545.4294372776028,TIME,drift,-0.30372398091833624
2023-05-19 01:15:00,2023-05-19 09:10:00,1,1958.32,1964.79,0.32,204.80000000000086,534.6987544457033,TIME,drift,0.38301940727785544
2023-05-19 01:05:00,2023-05-19 17:50:00,1,1958.52,1958.31,0.12,-3.3600000000004364,516.4945937413204,NEWS,friday,-0.006505392390773501
2023-05-23 01:15:00,2023-05-23 09:10:00,1,1972.1399999999999,1962.22,0.3,-299.6999999999954,530.1657824531944,TIME,drift,-0.565294875525948
2023-05-24 01:15:00,2023-05-24 09:10:00,1,1976.4799999999998,1978.2,0.28,46.20000000000714,531.4000465987415,TIME,drift,0.08694015044920124
2023-05-25 01:15:00,2023-05-25 09:10:00,1,1959.21,1955.56,0.26,-96.72000000000236,535.1631614091835,TIME,drift,-0.18072992869187915
2023-05-26 01:15:00,2023-05-26 09:10:00,1,1942.31,1948.64,0.28,175.28000000000435,540.9583300938126,TIME,drift,0.32401756336686305
2023-05-26 01:05:00,2023-05-26 15:20:00,1,1941.66,1952.84,0.13,144.42999999999788,534.1481598908985,NEWS,friday,0.27039314341080606
2023-05-30 01:15:00,2023-05-30 08:53:00,1,1944.06,1932.4713469958149,0.47000000000000003,-547.956691196698,545.6066911967041,SL,drift,-1.0043071319283852
2023-05-31 01:15:00,2023-05-31 09:10:00,1,1959.6,1962.51,0.32,90.88000000000262,528.612451139396,TIME,drift,0.17192179223950482
2023-06-01 01:15:00,2023-06-01 09:10:00,1,1964.09,1962.38,0.28,-49.83999999999465,529.0907481753562,TIME,drift,-0.09419934136417031
2023-06-01 01:10:00,2023-06-01 15:05:00,1,1963.78,1966.6,0.1,27.499999999999364,514.6166691934974,NEWS,tom,0.05343783372407489
2023-06-02 01:15:00,2023-06-02 09:10:00,1,1977.2,1979.72,0.31,75.94999999999943,540.5679567985038,TIME,drift,0.14050037381018818
2023-06-02 01:05:00,2023-06-02 15:20:00,1,1977.25,1978.48,0.13,15.080000000000236,507.65348443054137,NEWS,friday,0.029705301869278364
2023-06-06 01:15:00,2023-06-06 09:10:00,1,1961.9499999999998,1958.95,0.3,-92.09999999999317,534.7858840816248,TIME,drift,-0.17221845740777983
2023-06-07 01:15:00,2023-06-07 09:10:00,1,1963.77,1963.39,0.35000000000000003,-15.749999999995861,538.5573192045711,TIME,drift,-0.029244797978529045
2023-06-08 01:15:00,2023-06-08 09:10:00,1,1943.01,1944.81,0.27,46.70999999999878,528.575725132288,TIME,drift,0.08836955194699596
2023-06-09 01:15:00,2023-06-09 09:10:00,1,1966.6499999999999,1964.59,0.33,-70.2899999999982,541.3726762514492,TIME,drift,-0.1298366228726159
2023-06-09 01:05:00,2023-06-09 23:00:00,1,1966.27,1960.12,0.13,-80.86000000000118,513.7214394572745,TIME,friday,-0.1574004777480699
2023-06-13 01:15:00,2023-06-13 09:10:00,1,1957.53,1959.46,0.35000000000000003,65.10000000000223,539.7800329249069,TIME,drift,0.1206046834434478
2023-06-14 01:15:00,2023-06-14 09:10:00,1,1944.06,1946.93,0.26,72.80000000000308,528.5074355628356,TIME,drift,0.13774640639156666
2023-06-15 01:15:00,2023-06-15 09:10:00,1,1944.28,1936.23,0.26,-211.11999999999884,533.4644251121375,TIME,drift,-0.3957527251336771
2023-06-16 01:15:00,2023-06-16 09:10:00,1,1957.9,1959.51,0.26,40.0399999999974,542.9064293501485,TIME,drift,0.07375119879851989
2023-06-16 01:05:00,2023-06-16 23:00:00,1,1957.74,1955.37,0.13,-31.720000000001537,505.72148704856943,TIME,friday,-0.06272227068128342
2023-06-20 01:15:00,2023-06-20 09:10:00,1,1953.06,1949.07,0.46,-186.76000000000045,536.923038582634,TIME,drift,-0.34783383572626775
2023-06-20 18:15:00,2023-06-20 23:45:00,-1,1935.66,1936.04,0.22,-9.899999999997398,531.1993037275199,TIME,tday,-0.018637072621382103
2023-06-21 01:15:00,2023-06-21 09:10:00,1,1937.09,1932.11,0.35000000000000003,-176.75000000000065,540.0565262510119,TIME,drift,-0.32728055566140746
2023-06-22 01:15:00,2023-06-22 09:10:00,1,1933.25,1930.96,0.32,-75.51999999999883,528.544463114933,TIME,drift,-0.14288296495422156
2023-06-23 01:15:00,2023-06-23 09:10:00,1,1914.2099999999998,1915.8,0.32,48.640000000004655,525.9665487807796,TIME,drift,0.09247736403152433
2023-06-23 01:05:00,2023-06-23 16:35:00,1,1914.49,1934.02,0.15,291.8999999999996,538.8300445850556,NEWS,friday,0.5417292575524201
2023-06-27 01:15:00,2023-06-27 09:10:00,1,1923.85,1925.1,0.39,46.02000000000001,534.0713872906778,TIME,drift,0.08616825595817365
2023-06-27 18:15:00,2023-06-27 23:45:00,-1,1914.89,1913.25,0.23,36.1100000000023,537.4414304539937,TIME,tday,0.06718871667466918
2023-06-28 01:15:00,2023-06-28 09:10:00,1,1915.14,1916.11,0.33,29.6999999999934,530.0987504971171,TIME,drift,0.056027296748278076
2023-06-29 01:15:00,2023-06-29 09:10:00,1,1910.02,1904.86,0.37,-193.51000000000303,535.914502890379,TIME,drift,-0.36108371569781045
2023-06-30 01:15:00,2023-06-30 09:10:00,1,1908.49,1904.92,0.32,-116.47999999999796,535.0386476387401,TIME,drift,-0.2177038995482914
2023-06-30 01:05:00,2023-06-30 16:35:00,1,1909.03,1911.27,0.16,34.72000000000015,535.4774645864205,NEWS,friday,0.06483932993672546
2023-07-03 01:10:00,2023-07-03 16:35:00,1,1919.1200000000001,1924.42,0.12,62.75999999999945,535.0862171159619,NEWS,tom,0.11728950960140007
2023-07-04 01:15:00,2023-07-04 09:10:00,1,1921.6200000000001,1924.16,0.39,96.32999999999858,539.22465492103,TIME,drift,0.17864539226995507
2023-07-05 01:15:00,2023-07-05 09:10:00,1,1925.77,1924.71,0.54,-61.01999999999706,538.1511824507288,TIME,drift,-0.1133882113240248
2023-07-06 01:15:00,2023-07-06 09:10:00,1,1917.75,1919.79,0.38,74.85999999999862,534.9778193619835,TIME,drift,0.1399310350647377
2023-07-07 01:15:00,2023-07-07 09:10:00,1,1910.88,1914.31,0.31,104.15999999999492,532.2241879119443,TIME,drift,0.19570700160893106
2023-07-07 01:05:00,2023-07-07 15:20:00,1,1911.21,1914.45,0.16,50.72000000000014,518.1541057644991,NEWS,friday,0.09788593670442199
2023-07-11 01:15:00,2023-07-11 09:10:00,1,1925.59,1929.99,0.38,164.54000000000346,536.5769473939437,TIME,drift,0.3066475382499085
2023-07-12 01:15:00,2023-07-12 09:10:00,1,1932.56,1938.77,0.41000000000000003,251.74000000000152,534.9483893681743,TIME,drift,0.4705874529266847
2023-07-13 01:15:00,2023-07-13 09:10:00,1,1957.54,1958.63,0.33,33.6600000000048,535.8201541226517,TIME,drift,0.06281958552887854
2023-07-14 01:15:00,2023-07-14 09:10:00,1,1960.97,1959.79,0.37,-46.25000000000236,537.9675407625043,TIME,drift,-0.08597172969664404
2023-07-14 01:05:00,2023-07-14 23:00:00,1,1960.77,1954.32,0.17,-110.84000000000077,526.6452721542636,TIME,friday,-0.2104642457846537
2023-07-18 01:15:00,2023-07-18 09:10:00,1,1954.99,1959.01,0.4,157.99999999999926,540.6373507639303,TIME,drift,0.2922476587619084
2023-07-19 01:15:00,2023-07-19 09:10:00,1,1979.06,1979.74,0.31,18.910000000001972,530.1075885116322,TIME,drift,0.035672003966392994
2023-07-18 20:00:00,2023-07-19 17:20:00,1,1978.14,1973.77,0.34,-177.98320000000402,531.9278797348371,NEWS,trendH4,-0.334600247102535
2023-07-20 01:15:00,2023-07-20 09:10:00,1,1977.85,1979.81,0.37,69.93000000000134,533.761772260268,TIME,drift,0.1310135038406286
2023-07-20 08:00:00,2023-07-20 15:20:00,1,1984.79,1981.19,0.38,-139.45999999999654,540.5032800467374,NEWS,trendH4,-0.2580187857286221
2023-07-21 01:15:00,2023-07-21 09:10:00,1,1970.66,1969.77,0.34,-32.640000000003404,538.6316805768588,TIME,drift,-0.060597995210840395
2023-07-21 01:05:00,2023-07-21 23:00:00,1,1970.69,1962.36,0.18,-151.20000000000277,537.8024614865818,TIME,friday,-0.28114412043049974
2023-07-25 01:15:00,2023-07-25 09:10:00,1,1955.46,1962.42,0.38,261.82000000000136,534.0032935765181,TIME,drift,0.4902966014431235
2023-07-26 01:15:00,2023-07-26 09:10:00,1,1964.51,1966.1,0.36,54.71999999999704,534.1625968900087,TIME,drift,0.10244071808581655
2023-07-27 01:15:00,2023-07-27 09:10:00,1,1973.24,1975.65,0.31,72.54000000000254,541.306167492369,TIME,drift,0.13400918806458115
2023-07-28 01:15:00,2023-07-28 09:10:00,1,1947.17,1951.97,0.25,118.24999999999886,537.7388617859546,TIME,drift,0.21990227674314516
2023-07-28 01:05:00,2023-07-28 23:00:00,1,1947.01,1958.99,0.17,202.4700000000003,520.6227051493648,TIME,friday,0.3888996734053548
2023-07-31 18:15:00,2023-07-31 23:45:00,1,1968.73,1965.14,0.26,-95.15999999999788,527.983541569987,TIME,tday,-0.18023289081518448
2023-08-01 01:15:00,2023-08-01 09:10:00,1,1966.08,1957.9,0.35000000000000003,-288.7499999999943,540.9269019357977,TIME,drift,-0.5338059522768307
2023-08-01 01:10:00,2023-08-01 16:35:00,1,1965.72,1945.65,0.13,-261.8199999999992,530.236145743559,NEWS,tom,-0.49377999237084197
2023-08-02 01:15:00,2023-08-02 09:10:00,1,1950.29,1950.0,0.38,-13.679999999998618,536.420065431683,TIME,drift,-0.025502401721288454
2023-08-03 01:15:00,2023-08-03 09:10:00,1,1936.19,1934.81,0.36,-52.20000000000393,535.2456825009228,TIME,drift,-0.09752530792233702
2023-08-04 01:15:00,2023-08-04 09:10:00,1,1934.87,1934.01,0.35000000000000003,-32.5499999999965,530.3012452348094,TIME,drift,-0.06138020661366513
2023-08-04 01:05:00,2023-08-04 15:20:00,1,1934.97,1931.29,0.18,-67.50000000000115,539.8754560910826,NEWS,friday,-0.12502883625925235
2023-08-07 18:15:00,2023-08-07 23:45:00,-1,1934.17,1936.3500000000001,0.24,-54.00000000000152,537.1600589958142,TIME,tday,-0.10052869548966654
2023-08-08 01:15:00,2023-08-08 09:10:00,1,1936.9,1933.95,0.4,-120.80000000000182,535.295924076678,TIME,drift,-0.22566956811480957
2023-08-09 01:15:00,2023-08-09 09:10:00,1,1924.93,1931.43,0.39,250.77,532.1752366041694,TIME,drift,0.47121696529919915
2023-08-09 18:15:00,2023-08-09 19:50:00,-1,1917.42,1917.03,0.25,8.000000000002501,535.4722043489189,NEWS,tday,0.014940084536656217
2023-08-10 01:15:00,2023-08-10 09:10:00,1,1915.93,1916.1,0.44,4.399999999993198,542.7074583960901,TIME,drift,0.008107498675247425
2023-08-11 01:15:00,2023-08-11 09:10:00,1,1913.58,1916.17,0.35000000000000003,88.2000000000051,541.5026815124121,TIME,drift,0.1628800798431197
2023-08-11 01:05:00,2023-08-11 15:20:00,1,1912.71,1918.77,0.17,101.82999999999909,534.34453360034,NEWS,friday,0.19056992931860375
2023-08-15 01:15:00,2023-08-15 09:10:00,1,1907.7,1905.71,0.42,-86.52000000000038,537.1595007099971,TIME,drift,-0.1610694772886666
2023-08-16 01:15:00,2023-08-16 09:10:00,1,1902.25,1904.97,0.39,103.35000000000106,544.1106792874675,TIME,drift,0.18994297288070433
2023-08-17 01:15:00,2023-08-17 09:10:00,1,1895.03,1893.85,0.43,-53.750000000002736,545.3442589043151,TIME,drift,-0.09856159503355767
2023-08-18 01:15:00,2023-08-18 09:10:00,1,1889.71,1892.53,0.4,109.99999999999746,540.5800971379246,TIME,drift,0.2034851090197127
2023-08-18 01:05:00,2023-08-18 23:01:00,1,1889.92,1889.44,0.19,-10.450000000000346,543.7416574372842,TIME,friday,-0.019218685670052162
2023-08-22 01:15:00,2023-08-22 09:10:00,1,1895.1200000000001,1896.52,0.41000000000000003,54.529999999994416,545.1896313061106,TIME,drift,0.10002024409260482
2023-08-23 01:15:00,2023-08-23 09:10:00,1,1898.31,1903.15,0.43,205.11000000000627,534.2534377129897,TIME,drift,0.3839189147346113
2023-08-24 01:15:00,2023-08-24 09:10:00,1,1917.35,1922.27,0.43,208.55000000000314,546.7870020877484,TIME,drift,0.381409944281256
2023-08-25 01:15:00,2023-08-25 09:10:00,1,1917.1,1913.65,0.48,-168.95999999999128,544.0580776871985,TIME,drift,-0.31055508029261053
2023-08-25 01:05:00,2023-08-25 16:55:00,1,1917.09,1915.14,0.2,-40.39999999999636,534.878562307727,NEWS,friday,-0.07553116323393307
2023-08-25 18:15:00,2023-08-25 23:45:00,-1,1904.74,1914.41,0.3,-292.2000000000022,535.578562307727,TIME,tday,-0.5455782224384722
2023-08-29 01:15:00,2023-08-29 09:10:00,1,1920.59,1925.03,0.47000000000000003,205.3900000000026,537.8772133901307,TIME,drift,0.3818529487528784
2023-08-30 01:15:00,2023-08-30 09:10:00,1,1937.02,1936.29,0.42,-33.60000000000076,537.0164776063999,TIME,drift,-0.06256791253364016
2023-08-31 01:15:00,2023-08-31 09:10:00,1,1944.58,1944.9,0.53,13.250000000008676,536.6470828692442,TIME,drift,0.024690341982604388
2023-09-01 01:15:00,2023-09-01 09:10:00,1,1940.34,1939.86,0.54,-29.700000000000987,543.48970473686,TIME,drift,-0.05464684931682517
2023-09-01 01:05:00,2023-09-01 15:20:00,1,1940.26,1946.19,0.21,123.06000000000134,538.5954686880259,NEWS,friday,0.22848316993784842
2023-09-01 01:10:00,2023-09-01 15:20:00,1,1940.26,1946.19,0.15,87.90000000000096,512.5980654171675,NEWS,tom,0.17147938302979224
2023-09-05 01:15:00,2023-09-05 09:10:00,1,1938.8,1936.42,0.67,-164.1499999999921,541.3916703292576,TIME,drift,-0.3032000841464021
2023-09-06 01:15:00,2023-09-06 09:10:00,1,1926.74,1927.45,0.54,34.56000000000196,540.0014061909078,TIME,drift,0.06399983334077448
2023-09-06 18:15:00,2023-09-06 23:45:00,-1,1916.6000000000001,1916.72,0.33,-6.269999999996399,543.9475144656233,TIME,tday,-0.011526847413129699
2023-09-07 01:15:00,2023-09-07 09:10:00,1,1918.19,1919.24,0.44,43.119999999998,539.4576728856238,TIME,drift,0.07993212844548851
2023-09-08 01:15:00,2023-09-08 09:10:00,1,1920.08,1926.87,0.49,329.2799999999982,542.9089838292826,TIME,drift,0.6065105014057753
2023-09-08 01:05:00,2023-09-08 23:00:00,1,1919.6100000000001,1919.16,0.23,-11.960000000001045,539.713295159526,TIME,friday,-0.022159913619444863
2023-09-12 01:15:00,2023-09-12 09:11:00,1,1923.32,1919.61,0.53,-200.34000000000196,545.0324807712849,TIME,drift,-0.36757442366828735
2023-09-13 01:15:00,2023-09-13 09:10:00,1,1913.71,1910.24,0.53,-187.62000000000148,545.7005501270677,TIME,drift,-0.3438149365184142
2023-09-14 01:15:00,2023-09-14 09:12:00,1,1909.55,1907.7,0.49,-94.07999999999555,541.6574751383596,TIME,drift,-0.17368910117221958
2023-09-15 01:15:00,2023-09-15 09:10:00,1,1911.1200000000001,1916.25,0.42,212.519999999995,542.2828149542618,TIME,drift,0.3918988286912979
2023-09-15 01:05:00,2023-09-15 23:01:00,1,1911.0,1922.48,0.24,273.84000000000043,534.6592115759208,TIME,friday,0.5121767175634185
2023-09-19 01:15:00,2023-09-19 09:10:00,1,1934.02,1930.2,0.52,-202.27999999999668,542.3028769569061,TIME,drift,-0.37300189358219243
2023-09-20 01:15:00,2023-09-20 09:10:00,1,1932.24,1931.21,0.6,-65.99999999999835,538.7448580963844,TIME,drift,-0.12250696968729229
2023-09-21 01:15:00,2023-09-21 09:10:00,1,1930.63,1928.45,0.36,-81.00000000000229,538.8679091298209,TIME,drift,-0.15031513034577135
2023-09-22 01:15:00,2023-09-22 09:10:00,1,1920.27,1925.03,0.41000000000000003,192.28999999999965,542.8502656588043,TIME,drift,0.3542229085337852
2023-09-22 01:05:00,2023-09-22 16:35:00,1,1920.1499999999999,1925.66,0.24,130.56000000000523,541.8826575304524,NEWS,friday,0.2409377716478555
2023-09-25 18:15:00,2023-09-25 23:45:00,-1,1916.82,1915.91,0.37,31.079999999994616,543.4062664129912,TIME,tday,0.05719477658061028
2023-09-26 01:15:00,2023-09-26 09:10:00,1,1916.39,1913.34,0.52,-162.24000000000945,540.3751321524627,TIME,drift,-0.30023587383409545
2023-09-26 18:15:00,2023-09-26 23:45:00,-1,1903.93,1900.7,0.37,116.92000000000067,536.6493902406352,TIME,tday,0.2178703677415405
2023-09-27 01:15:00,2023-09-27 09:10:00,1,1901.3700000000001,1898.03,0.49,-167.09000000000714,537.8386011032619,TIME,drift,-0.3106694083638798
2023-09-27 18:15:00,2023-09-27 23:45:00,-1,1883.27,1876.15,0.37,260.849999999996,545.2544337948757,TIME,tday,0.47840051145393814
2023-09-28 01:15:00,2023-09-28 09:10:00,1,1877.17,1876.92,0.38,-12.16,541.5822213627542,TIME,drift,-0.022452731128068507
2023-09-28 18:15:00,2023-09-28 23:45:00,-1,1859.96,1865.13,0.34,-178.1600000000025,541.5614280643533,TIME,tday,-0.3289746846203232
2023-09-29 01:15:00,2023-09-29 09:14:00,1,1865.85,1867.83,0.34,64.94000000000062,543.9635629108916,TIME,drift,0.11938299626631178
2023-09-29 01:05:00,2023-09-29 16:35:00,1,1865.35,1875.01,0.22,210.98000000000184,539.2457828563186,NEWS,friday,0.39125016218479586
2023-09-29 18:15:00,2023-09-29 23:45:00,-1,1856.57,1848.78,0.33,254.7599999999988,540.0157828563185,TIME,tday,0.4717639892902585
2023-10-02 01:11:00,2023-10-02 16:35:00,1,1848.6599999999999,1834.35,0.15,-215.69999999999916,526.7003361774118,NEWS,tom,-0.4095307809474106
2023-10-02 18:15:00,2023-10-02 23:45:00,-1,1830.32,1828.04,0.31,68.50999999999915,545.3420140499923,TIME,tday,0.12562758458899656
2023-10-03 01:15:00,2023-10-03 09:10:00,1,1829.24,1821.91,0.31,-229.39999999999773,534.3502155470977,TIME,drift,-0.42930646105405823
2023-10-04 01:15:00,2023-10-04 09:10:00,1,1823.92,1819.69,0.29,-124.70000000000053,533.2598382544285,TIME,drift,-0.23384472456840782
2023-10-05 01:15:00,2023-10-05 09:10:00,1,1822.38,1824.9,0.31,75.94999999999943,547.377236773334,TIME,drift,0.13875257299281873
2023-10-06 01:15:00,2023-10-06 09:10:00,1,1821.28,1821.33,0.37,-0.7400000000016822,547.3339823119504,TIME,drift,-0.0013520081411278475
2023-10-06 01:05:00,2023-10-06 15:20:00,1,1820.97,1821.06,0.2,0.3999999999983628,525.4213544242785,NEWS,friday,0.000761293762863247
2023-10-10 01:15:00,2023-10-10 09:10:00,1,1860.95,1859.62,0.31,-43.400000000004795,545.0715033605169,TIME,drift,-0.07962258113372607
2023-10-11 01:15:00,2023-10-11 09:10:00,1,1860.59,1859.74,0.39,-35.87999999999645,545.5421232270847,TIME,drift,-0.06576944010803949
2023-10-12 01:15:00,2023-10-12 09:10:00,1,1875.3,1879.2,0.41000000000000003,157.03000000000375,541.3594622658919,TIME,drift,0.2900660484306406
2023-10-13 01:15:00,2023-10-13 09:10:00,1,1869.85,1876.45,0.41000000000000003,267.73000000000565,540.1785325521217,TIME,drift,0.49563243236470605
2023-10-13 01:05:00,2023-10-13 23:00:00,1,1869.44,1928.34,0.19,1117.7699999999975,525.2872935213771,TIME,friday,2.1279212609670877
2023-10-17 01:15:00,2023-10-17 09:10:00,1,1919.17,1917.33,0.33,-63.030000000004804,545.4415223457119,TIME,drift,-0.11555775902234139
2023-10-18 01:15:00,2023-10-18 09:10:00,1,1924.1,1937.88,0.32,438.7200000000064,547.4754540637897,TIME,drift,0.8013509952701705
2023-10-18 16:00:00,2023-10-18 17:20:00,1,1949.04,1957.56,0.31,261.9499999999994,549.2657124881675,NEWS,trendH4,0.47690943389378676
2023-10-19 01:15:00,2023-10-19 09:10:00,1,1949.99,1946.13,0.24,-94.31999999999759,548.4910452276382,TIME,drift,-0.17196269806164713
2023-10-20 01:15:00,2023-10-20 09:10:00,1,1973.35,1979.99,0.25,164.2500000000025,553.4019644692811,TIME,drift,0.29680053658197647
2023-10-20 01:05:00,2023-10-20 23:01:00,1,1973.34,1980.0,0.15,98.85000000000123,531.645614545738,TIME,friday,0.18593212714537885
2023-10-20 12:00:00,2023-10-23 01:00:00,1,1983.94,1964.1643317693288,0.28,-577.9331104587957,554.2787104587964,SL,trendH4,-1.0426760031616942
2023-10-24 01:15:00,2023-10-24 09:10:00,1,1973.8700000000001,1976.82,0.26,74.87999999999528,555.4478857324132,TIME,drift,0.1348101269685428
2023-10-25 01:15:00,2023-10-25 09:10:00,1,1970.64,1973.72,0.27,81.26999999999803,543.7146201797881,TIME,drift,0.14947179454752346
2023-10-26 01:15:00,2023-10-26 09:10:00,1,1981.6,1984.6,0.23,67.39,540.3071408524555,TIME,drift,0.12472535508910207
2023-10-27 01:15:00,2023-10-27 09:10:00,1,1984.67,1989.47,0.27,127.70999999999877,542.8299791783722,TIME,drift,0.23526703553348452
2023-10-27 01:05:00,2023-10-27 23:03:00,1,1984.1200000000001,2006.39,0.15,332.9999999999997,531.6655573877902,TIME,friday,0.6263335951949088
2023-10-31 01:15:00,2023-10-31 09:10:00,1,1996.22,1992.94,0.31,-103.84999999999916,559.3220120746503,TIME,drift,-0.18567121936573944
2023-11-01 01:15:00,2023-11-01 09:10:00,1,1984.59,1980.67,0.29,-115.70999999999552,553.2820599352174,TIME,drift,-0.209133836751446
2023-11-01 01:10:00,2023-11-01 15:05:00,1,1984.45,1984.17,0.11,-3.8499999999997,528.9582612695408,NEWS,tom,-0.007278457076668775
2023-11-02 01:15:00,2023-11-02 09:10:00,1,1982.84,1984.96,0.26,53.300000000003074,550.5027791102673,TIME,drift,0.09682058296989439
2023-11-03 01:15:00,2023-11-03 09:10:00,1,1986.1200000000001,1986.21,0.35000000000000003,0.6999999999971354,548.0918657789891,TIME,drift,0.0012771581621672911
2023-11-03 01:05:00,2023-11-03 15:20:00,1,1986.24,1987.2,0.16,14.240000000000581,554.1995333277499,NEWS,friday,0.025694716692551127
2023-11-07 01:15:00,2023-11-07 09:10:00,1,1977.55,1969.31,0.4,-332.4000000000004,558.1347115238771,TIME,drift,-0.5955551467000638
2023-11-08 01:15:00,2023-11-08 09:10:00,1,1969.04,1967.61,0.36,-54.000000000002295,550.5486520367325,TIME,drift,-0.0980839745955811
2023-11-09 01:15:00,2023-11-09 09:10:00,1,1951.78,1948.92,0.36,-105.47999999999638,553.3866000635223,TIME,drift,-0.19060815709648282
2023-11-09 18:15:00,2023-11-09 19:50:00,1,1961.42,1961.1,0.24,-9.360000000003929,539.9710430907396,NEWS,tday,-0.017334262864223675
2023-11-10 01:15:00,2023-11-10 09:10:00,1,1958.82,1955.47,0.31,-106.01999999999718,546.3885186366128,TIME,drift,-0.19403775222902883
2023-11-10 01:05:00,2023-11-10 23:00:00,1,1958.38,1936.09,0.16,-357.76000000000306,537.2016828699723,TIME,friday,-0.665969618875147
2023-11-14 01:15:00,2023-11-14 09:10:00,1,1946.5,1946.16,0.39,-15.989999999996808,552.4621796214274,TIME,drift,-0.028943157721590815
2023-11-14 18:15:00,2023-11-14 23:45:00,1,1965.83,1962.85,0.24,-73.20000000000044,538.1741041072725,TIME,tday,-0.1360154631026426
2023-11-15 01:15:00,2023-11-15 09:10:00,1,1963.09,1968.3,0.37,190.18000000000134,549.8292143305631,TIME,drift,0.3458892234956128
2023-11-16 01:15:00,2023-11-16 09:10:00,1,1961.03,1966.37,0.37,194.98999999999697,554.8283523494573,TIME,drift,0.3514420255819641
2023-11-16 18:15:00,2023-11-16 23:45:00,1,1988.02,1980.85,0.24,-173.76000000000175,541.397467316985,TIME,tday,-0.3209471977419989
2023-11-17 01:15:00,2023-11-17 09:10:00,1,1981.3700000000001,1983.66,0.37,82.13999999999865,550.9963610889993,TIME,drift,0.14907539468619294
2023-11-17 01:05:00,2023-11-17 23:00:00,1,1981.48,1980.77,0.15,-11.700000000000546,521.4379737804111,TIME,friday,-0.022437951565314404
2023-11-21 01:15:00,2023-11-21 09:10:00,1,1980.01,1991.52,0.35000000000000003,400.39999999999975,540.6251382492189,TIME,drift,0.7406240880634415
2023-11-21 18:15:00,2023-11-21 23:45:00,1,2002.79,1998.59,0.24,-102.4800000000011,537.8463541164055,TIME,tday,-0.19053768648921895
2023-11-22 01:15:00,2023-11-22 09:10:00,1,1998.76,2001.49,0.32,85.12000000000059,550.9903659400024,TIME,drift,0.1544854597498885
2023-11-23 01:15:00,2023-11-23 09:10:00,1,1990.33,1995.02,0.34,157.08000000000186,552.3355604255266,TIME,drift,0.2843923354834973
2023-11-24 01:15:00,2023-11-24 09:10:00,1,1994.14,1993.68,0.52,-27.560000000001892,558.0602902863234,TIME,drift,-0.049385345059871064
2023-11-24 01:05:00,2023-11-24 16:35:00,1,1993.39,2002.12,0.17,147.21999999999645,554.1102141010755,NEWS,friday,0.26568721574430676
2023-11-27 04:00:00,2023-11-27 16:50:00,1,2012.2,2010.98,0.4,-51.60000000000109,554.7893393080285,NEWS,trendH4,-0.09300827601402753
2023-11-28 01:15:00,2023-11-28 09:10:00,1,2014.01,2016.17,0.4,83.60000000000328,550.685831582686,TIME,drift,0.151810697144204
2023-11-28 16:00:00,2023-11-28 16:50:00,1,2021.65,2027.55,0.41000000000000003,239.0299999999944,551.6588289809325,NEWS,trendH4,0.43329316498305553
2023-11-28 18:15:00,2023-11-28 23:45:00,1,2034.64,2040.86,0.26,159.8999999999948,541.5881734213932,TIME,tday,0.2952427838109041
2023-11-29 01:15:00,2023-11-29 09:10:00,1,2042.01,2043.41,0.35000000000000003,46.55000000000318,554.9886766709865,TIME,drift,0.08387558513666646
2023-11-28 20:00:00,2023-11-29 15:20:00,1,2040.91,2040.3,0.37,-54.56760000000472,555.9560326507266,NEWS,trendH4,-0.0981509270433373
2023-11-29 04:00:00,2023-11-29 15:20:00,1,2048.93,2040.3,0.36,-313.1999999999957,548.5318000222185,NEWS,trendH4,-0.5709787472436593
2023-11-30 01:15:00,2023-11-30 09:16:00,1,2045.39,2044.69,0.32,-24.640000000001457,544.0880941931955,TIME,drift,-0.04528678400239402
2023-12-01 01:15:00,2023-12-01 09:10:00,1,2038.17,2041.28,0.34,103.35999999999662,557.9329360742447,TIME,drift,0.1852552400424025
2023-12-01 01:05:00,2023-12-01 16:35:00,1,2037.76,2037.98,0.17,2.5500000000004635,532.165521749179,NEWS,friday,0.004791742222643152
2023-12-01 01:10:00,2023-12-01 16:35:00,1,2039.2,2037.98,0.13,-16.770000000000355,542.296806489359,NEWS,tom,-0.03092402499760879
2023-12-01 20:00:00,2023-12-04 03:07:00,1,2067.4900000000002,2090.3247048554513,0.3,659.097145663531,546.352951445489,SL,trendH4,1.2063578020760282
2023-12-04 04:00:00,2023-12-04 09:56:00,1,2087.94,2063.2718570440147,0.22,-544.2391450316773,543.139145031673,SL,trendH4,-1.0020252637101679
2023-12-05 01:15:00,2023-12-05 09:10:00,1,2029.19,2033.69,0.13,57.59,521.2400735215396,TIME,drift,0.11048651653146575
2023-12-06 01:15:00,2023-12-06 09:10:00,1,2019.39,2027.46,0.21,167.99999999999866,542.1965245978687,TIME,drift,0.30985075037985416
2023-12-07 01:15:00,2023-12-07 09:10:00,1,2025.8600000000001,2028.99,0.26,79.55999999999693,551.175792203356,TIME,drift,0.14434596207854375
2023-12-08 01:15:00,2023-12-08 09:10:00,1,2028.43,2029.59,0.29,31.60999999999578,548.8008344001449,TIME,drift,0.05759830892849574
2023-12-08 01:05:00,2023-12-08 15:20:00,1,2029.08,2028.14,0.13,-13.129999999997754,552.4291405950468,NEWS,friday,-0.0237677541518806
2023-12-12 01:15:00,2023-12-12 09:10:00,1,1983.1200000000001,1987.79,0.3,137.99999999999537,552.6255605784579,TIME,drift,0.24971700522781573
2023-12-13 01:15:00,2023-12-13 09:10:00,1,1980.6,1975.47,0.35000000000000003,-181.99999999999588,548.6759297823819,TIME,drift,-0.3317076440225498
2023-12-14 01:15:00,2023-12-14 09:10:00,1,2025.91,2033.14,0.22,157.5200000000004,553.2276919591253,TIME,drift,0.2847290587392336
2023-12-15 01:15:00,2023-12-15 09:10:00,1,2036.91,2036.39,0.24,-14.159999999999563,557.9157322910551,TIME,drift,-0.025380176934341286
2023-12-15 01:05:00,2023-12-15 16:35:00,1,2036.7,2034.96,0.12,-21.72000000000011,540.1184928051214,NEWS,friday,-0.040213398151203165
2023-12-19 01:15:00,2023-12-19 09:10:00,1,2027.63,2023.4,0.32,-137.6000000000006,558.2174137004182,TIME,drift,-0.2464989386265316
2023-12-19 18:15:00,2023-12-19 23:45:00,1,2043.94,2040.05,0.19,-75.2400000000019,552.9374037407155,TIME,tday,-0.13607326885645737
2023-12-20 01:15:00,2023-12-20 09:10:00,1,2040.81,2041.99,0.36,39.96000000000228,550.9864827036768,TIME,drift,0.07252446521722197
2023-12-21 01:15:00,2023-12-21 09:10:00,1,2032.81,2035.26,0.35000000000000003,83.3000000000016,559.7142849155398,TIME,drift,0.14882593181014037
2023-12-21 18:15:00,2023-12-21 23:45:00,1,2042.51,2045.6,0.2,60.39999999999837,558.3666016765893,TIME,tday,0.1081726589997275
2023-12-22 01:15:00,2023-12-22 09:10:00,1,2049.09,2047.67,0.34,-50.660000000002476,555.0380124121062,TIME,drift,-0.09127302791360584
2023-12-22 01:05:00,2023-12-22 15:20:00,1,2047.5,2062.67,0.13,196.30000000000095,525.2626197321979,NEWS,friday,0.3737178177652988
2023-12-26 01:15:00,2023-12-26 09:10:00,1,2054.32,2063.47,0.28,254.23999999998986,546.4023121419281,TIME,drift,0.46529817746076996
2023-12-27 01:15:00,2023-12-27 09:10:00,1,2067.27,2064.95,0.37,-88.43000000000606,560.9265493747023,TIME,drift,-0.15764987429920044
2023-12-27 18:15:00,2023-12-27 23:45:00,1,2079.11,2077.1,0.21,-43.68000000000458,547.1881468941839,TIME,tday,-0.07982629055093822
2023-12-28 01:15:00,2023-12-28 09:10:00,1,2079.35,2086.33,0.34,234.94000000000065,560.9166708383823,TIME,drift,0.4188500934529975
2023-12-29 01:15:00,2023-12-29 09:10:00,1,2066.17,2073.93,0.31,238.38999999999265,550.2439599357582,TIME,drift,0.4332441923175768
2023-12-29 01:05:00,2023-12-29 16:35:00,1,2067.05,2060.77,0.14,-88.9000000000028,539.1962593118222,NEWS,friday,-0.16487503105727427
2024-01-02 01:15:00,2024-01-02 09:10:00,1,2065.78,2075.16,0.34,316.5399999999883,552.383639033578,TIME,drift,0.5730437645723729
2024-01-02 01:10:00,2024-01-02 16:35:00,1,2064.85,2068.84,0.11,43.1200000000026,550.3166332080993,NEWS,tom,0.07835489134433812
2024-01-03 01:15:00,2024-01-03 09:10:00,1,2059.13,2063.1,0.29,113.09999999999418,556.7550586132429,TIME,drift,0.20314139629319572
2024-01-04 01:15:00,2024-01-04 09:10:00,1,2043.19,2048.34,0.24,121.92000000000216,545.4457081450206,TIME,drift,0.22352362147029056
2024-01-05 01:15:00,2024-01-05 09:10:00,1,2044.71,2043.47,0.36,-47.16000000000033,566.3535128601638,TIME,drift,-0.08326954619180481
2024-01-05 01:05:00,2024-01-05 15:20:00,1,2043.33,2040.98,0.15,-36.29999999999863,558.9614853243339,NEWS,friday,-0.06494186263823845
2024-01-05 18:15:00,2024-01-05 23:45:00,1,2055.86,2044.87,0.22,-243.3200000000052,547.0534523171265,TIME,tday,-0.444782861655268
2024-01-09 01:15:00,2024-01-09 09:10:00,1,2028.41,2035.03,0.28,183.39999999999696,556.4965074700511,TIME,drift,0.32956181671969786
2024-01-10 01:15:00,2024-01-10 09:10:00,1,2031.1200000000001,2026.33,0.33,-160.3800000000063,561.0304960233606,TIME,drift,-0.2858668131889363
2024-01-11 01:15:00,2024-01-11 09:10:00,1,2026.03,2034.5,0.35000000000000003,294.000000000001,555.1981411004243,TIME,drift,0.5295406778871442
2024-01-12 01:15:00,2024-01-12 09:10:00,1,2034.33,2035.16,0.25,19.000000000003865,552.0398504131998,TIME,drift,0.03441780513812986
2024-01-12 01:05:00,2024-01-12 15:20:00,1,2029.49,2045.37,0.14,221.33999999999838,530.8342671812579,NEWS,friday,0.4169662994352622
2024-01-16 01:15:00,2024-01-16 09:10:00,1,2055.59,2050.18,0.43,-235.6400000000133,568.5746022923026,TIME,drift,-0.41443989768447553
2024-01-17 01:15:00,2024-01-17 09:10:00,1,2027.76,2018.47,0.31,-290.1599999999989,558.026020086497,TIME,drift,-0.519975753021378
2024-01-18 01:15:00,2024-01-18 09:10:00,1,2007.81,2013.1,0.28,146.15999999999897,557.1490592311934,TIME,drift,0.2623355412314332
2024-01-19 01:15:00,2024-01-19 09:10:00,1,2023.8700000000001,2024.84,0.36,32.399999999992794,556.308118132991,TIME,drift,0.05824110586185487
2024-01-19 01:05:00,2024-01-19 16:50:00,1,2024.4099999999999,2027.33,0.15,42.750000000001094,567.7086138731477,NEWS,friday,0.07530271508184905
2024-01-23 01:15:00,2024-01-23 09:10:00,1,2021.49,2034.8,0.37,489.879999999998,556.9008486647357,TIME,drift,0.8796538938207196
2024-01-24 01:15:00,2024-01-24 09:10:00,1,2029.66,2027.39,0.36,-84.23999999999933,565.9436948300274,TIME,drift,-0.14884872959897455
2024-01-25 01:15:00,2024-01-25 09:10:00,1,2016.73,2013.98,0.32,-90.24,563.1120996786535,TIME,drift,-0.16025228378416395
2024-01-26 01:15:00,2024-01-26 09:10:00,1,2020.6599999999999,2021.86,0.31,35.03000000000141,562.360462198032,TIME,drift,0.06229100791169383
2024-01-26 01:05:00,2024-01-26 23:00:00,1,2020.4199999999998,2018.58,0.16,-30.55999999999869,558.2885288784486,TIME,friday,-0.054738720964571816
2024-01-30 01:15:00,2024-01-30 09:10:00,1,2033.22,2034.75,0.3,43.79999999999918,553.4385014742345,TIME,drift,0.07914158462652296
2024-01-31 01:15:00,2024-01-31 09:10:00,1,2036.58,2035.41,0.32,-39.679999999995054,559.5558542836907,TIME,drift,-0.07091338549355537
2024-02-01 01:15:00,2024-02-01 09:10:00,1,2041.08,2042.3,0.25,28.750000000000682,557.6079374248841,TIME,drift,0.05155952430084197
2024-02-01 01:10:00,2024-02-01 15:20:00,1,2040.86,2033.84,0.12,-85.07999999999979,532.0816335198185,NEWS,tom,-0.15990027589785394
2024-02-01 18:15:00,2024-02-01 23:45:00,1,2060.12,2054.8,0.25,-134.74999999999272,555.1267015831443,TIME,tday,-0.2427373779998412
2024-02-02 01:15:00,2024-02-02 09:10:00,1,2055.87,2054.79,0.23,-26.449999999998326,550.3352648848445,TIME,drift,-0.04806161205303259
2024-02-02 01:05:00,2024-02-02 15:20:00,1,2054.65,2055.8,0.16,17.280000000001454,555.0158025541172,NEWS,friday,0.03113424864748163
2024-02-06 01:15:00,2024-02-06 09:10:00,1,2025.23,2027.6,0.32,73.59999999999651,554.316416282451,TIME,drift,0.13277615065705317
2024-02-06 18:15:00,2024-02-06 23:45:00,1,2036.75,2035.68,0.23,-26.219999999998535,549.554443989765,TIME,tday,-0.04771137834796012
2024-02-07 01:15:00,2024-02-07 09:10:00,1,2036.1,2033.78,0.37,-88.42999999999765,554.8818210125368,TIME,drift,-0.15936726822052383
2024-02-08 01:15:00,2024-02-08 09:10:00,1,2036.33,2033.03,0.41000000000000003,-138.16999999999817,555.5946097375845,TIME,drift,-0.24868851781203904
2024-02-09 01:15:00,2024-02-09 09:10:00,1,2034.84,2033.81,0.35000000000000003,-38.499999999999055,553.3988413822466,TIME,drift,-0.06957007698793885
2024-02-09 01:05:00,2024-02-09 23:00:00,1,2035.13,2025.09,0.16,-161.76000000000306,536.5165851611791,TIME,friday,-0.30150046517463663
2024-02-13 01:15:00,2024-02-13 09:10:00,1,2019.1200000000001,2024.36,0.43,222.3099999999906,565.8981973200745,TIME,drift,0.3928445099362122
2024-02-14 01:15:00,2024-02-14 09:10:00,1,1992.32,1990.16,0.33,-73.5899999999952,567.3809318868862,TIME,drift,-0.12970122163828057
2024-02-15 01:15:00,2024-02-15 09:10:00,1,1993.55,1993.19,0.38,-16.3399999999962,561.5771097160209,TIME,drift,-0.02909662754640949
2024-02-16 01:15:00,2024-02-16 09:10:00,1,2004.8700000000001,2003.78,0.42,-48.72000000000611,556.3858779418503,TIME,drift,-0.08756512688680786
2024-02-16 01:05:00,2024-02-16 15:20:00,1,2004.8600000000001,2006.02,0.17,18.52999999999753,558.6876103384013,NEWS,friday,0.03316701436921747
2024-02-20 01:15:00,2024-02-20 09:10:00,1,2016.83,2018.9,0.51,102.00000000000836,563.752721409786,TIME,drift,0.18093039044660436
2024-02-21 01:15:00,2024-02-21 09:10:00,1,2024.35,2030.12,0.52,296.39999999999907,562.1898260720966,TIME,drift,0.5272240553887007
2024-02-22 01:15:00,2024-02-22 09:10:00,1,2026.5,2030.24,0.45,165.1500000000004,557.088548397966,TIME,drift,0.2964519742416651
2024-02-23 01:15:00,2024-02-23 09:10:00,1,2025.25,2019.71,0.46,-258.05999999999835,564.5770477749571,TIME,drift,-0.4570855315798495
2024-02-23 01:05:00,2024-02-23 23:00:00,1,2024.75,2036.57,0.19,223.24999999999878,563.3716893972039,TIME,friday,0.3962747937136701
2024-02-23 18:15:00,2024-02-23 23:45:00,1,2033.54,2035.98,0.28,66.36000000000153,554.1413088814635,TIME,tday,0.11975284812090524
2024-02-27 01:15:00,2024-02-27 09:10:00,1,2031.14,2033.96,0.46,126.49999999999707,560.0962920859496,TIME,drift,0.225854021509189
2024-02-28 01:15:00,2024-02-28 09:10:00,1,2030.57,2028.89,0.53,-92.74999999999132,561.4612896609755,TIME,drift,-0.1651939353753063
2024-02-29 01:15:00,2024-02-29 09:10:00,1,2035.16,2037.14,0.49,93.59000000000088,563.7253535738859,TIME,drift,0.16602056197519297
2024-02-29 18:15:00,2024-02-29 23:45:00,1,2045.9,2043.12,0.3,-85.500000000006,557.3849639369982,TIME,tday,-0.15339488061552758
2024-03-01 01:15:00,2024-03-01 09:10:00,1,2043.8,2047.8,0.43,168.99,563.6855724035167,TIME,drift,0.2997947938944724
2024-03-01 01:05:00,2024-03-01 16:35:00,1,2043.81,2052.37,0.2,169.7999999999989,565.6003236557838,NEWS,friday,0.3002119922819152
2024-03-01 01:10:00,2024-03-01 16:35:00,1,2043.74,2052.37,0.15,128.39999999999822,565.2503236557837,NEWS,tom,0.2271559955411702
2024-03-01 18:15:00,2024-03-01 23:45:00,1,2073.84,2083.43,0.3,285.5999999999907,566.3003236557837,TIME,tday,0.5043260405649846
2024-03-04 18:15:00,2024-03-04 23:45:00,1,2115.94,2115.24,0.27,-20.79000000000737,568.3438419123339,TIME,tday,-0.03657996879152285
2024-03-05 01:15:00,2024-03-05 09:10:00,1,2113.9900000000002,2115.49,0.01,1.4299999999995452,20.940894223186547,TIME,drift,0.06828743723924623
2024-03-01 20:00:00,2024-03-05 16:35:00,1,2085.03,2132.05,0.34,1542.2535999999996,560.1945108020144,NEWS,trendH4,2.753068033087292
2024-03-04 16:00:00,2024-03-05 16:35:00,1,2091.9,2132.05,0.35000000000000003,1374.9820000000034,561.759915262706,NEWS,trendH4,2.447632810107135
2024-03-04 20:00:00,2024-03-05 16:35:00,1,2116.68,2132.05,0.31,449.6612000000107,563.7743429853338,NEWS,trendH4,0.7975907481332621
2024-03-05 12:00:00,2024-03-05 16:35:00,1,2124.7,2132.05,0.01,7.280000000000364,17.78765918189347,NEWS,trendH4,0.4092725144751407
2024-03-06 01:15:00,2024-03-06 09:10:00,1,2127.33,2129.42,0.26,52.52000000000378,585.3418091209959,TIME,drift,0.089725352232865
2024-03-06 18:15:00,2024-03-06 23:45:00,1,2145.9800000000005,2147.72,0.25,41.749999999983174,576.9746753740766,TIME,tday,0.07236019496508217
2024-03-07 01:15:00,2024-03-07 09:10:00,1,2148.93,2155.68,0.23,153.64,576.1661035259092,TIME,drift,0.2666592134799042
2024-03-06 20:00:00,2024-03-07 15:20:00,1,2145.01,2159.39,0.3,357.76799999998957,584.3218051485227,NEWS,trendH4,0.6122790504267631
2024-03-07 08:00:00,2024-03-07 15:20:00,1,2154.6200000000003,2159.39,0.29,136.29999999998628,582.3201161829066,NEWS,trendH4,0.23406369832014265
2024-03-08 01:15:00,2024-03-08 09:10:00,1,2159.56,2159.81,0.28,5.040000000000001,578.2216624221177,TIME,drift,0.008716380460199125
2024-03-08 01:05:00,2024-03-08 15:20:00,1,2159.14,2164.93,0.17,97.23999999999938,592.744308882568,NEWS,friday,0.1640504995877812
2024-03-08 12:00:00,2024-03-08 15:20:00,1,2169.27,2164.93,0.3,-132.30000000000436,581.6296194303452,NEWS,trendH4,-0.2274643442842208
2024-03-12 01:15:00,2024-03-12 09:10:00,1,2182.63,2176.53,0.27,-166.58999999999756,576.2442896978567,TIME,drift,-0.28909614026257163
2024-03-08 16:00:00,2024-03-12 15:20:00,1,2171.38,2169.98,0.27,-82.60920000000246,575.5258246129454,NEWS,trendH4,-0.1435369126234415
2024-03-13 01:15:00,2024-03-13 09:10:00,1,2159.86,2159.53,0.23,-9.199999999998328,574.8952053796264,TIME,drift,-0.016002916555762886
2024-03-13 18:15:00,2024-03-13 19:50:00,1,2171.15,2173.25,0.24,48.71999999999781,589.2726244606424,NEWS,tday,0.08267820017023686
2024-03-14 01:15:00,2024-03-14 09:10:00,1,2174.53,2168.16,0.31,-199.6400000000107,577.7959034503396,TIME,drift,-0.3455199298019415
2024-03-15 01:15:00,2024-03-15 09:10:00,1,2162.45,2169.27,0.34,229.5000000000056,588.1899566444815,TIME,drift,0.3901800726235824
2024-03-15 01:05:00,2024-03-15 23:00:00,1,2162.48,2156.88,0.16,-90.71999999999855,587.4499670094312,TIME,friday,-0.1544301729419317
2024-03-19 01:15:00,2024-03-19 09:10:00,1,2161.08,2154.59,0.41000000000000003,-268.95999999999106,592.2867026346551,TIME,drift,-0.4541044038361533
2024-03-20 01:15:00,2024-03-20 09:10:00,1,2158.45,2157.13,0.39,-54.209999999988646,579.6394787042691,TIME,drift,-0.09352365046143878
2024-03-21 01:15:00,2024-03-21 09:10:00,1,2193.5000000000005,2209.44,0.26,412.6199999999896,586.3723063529393,TIME,drift,0.7036826185847057
2024-03-21 04:00:00,2024-03-21 15:20:00,1,2199.19,2208.53,0.27,250.29000000000394,571.7638176412803,NEWS,trendH4,0.43775068004921175
2024-03-22 01:15:00,2024-03-22 09:10:00,1,2182.68,2173.28,0.21,-198.86999999999236,581.4335732400018,TIME,drift,-0.3420339126476682
2024-03-22 01:05:00,2024-03-22 23:00:00,1,2182.4,2163.96,0.14,-259.1400000000008,555.5862138835907,TIME,friday,-0.4664262602712765
2024-03-25 18:15:00,2024-03-25 23:45:00,1,2177.28,2171.74,0.22,-123.42000000000921,586.5791740500241,TIME,tday,-0.2104063789852243
2024-03-26 01:15:00,2024-03-26 09:10:00,1,2172.27,2173.88,0.33,50.82000000000421,574.9254591842792,TIME,drift,0.08839406776681813
2024-03-27 01:15:00,2024-03-27 09:10:00,1,2178.7400000000002,2178.4,0.27,-11.07000000000393,590.8755352397338,TIME,drift,-0.018734910044147516
2024-03-27 18:15:00,2024-03-27 23:45:00,1,2192.89,2194.51,0.22,34.100000000007604,583.0364306859906,TIME,tday,0.058486911289378836
2024-03-28 01:15:00,2024-03-28 09:10:00,1,2193.4900000000002,2196.12,0.28,71.67999999999034,584.971031110445,TIME,drift,0.12253598244672198
2024-03-28 18:15:00,2024-03-28 23:45:00,1,2214.01,2223.42,0.22,205.4799999999968,579.4823999227056,TIME,tday,0.35459230518028645
2024-04-01 01:10:00,2024-04-01 16:35:00,1,2242.2200000000003,2252.97,0.1,106.79999999999546,558.3448830516343,NEWS,tom,0.19127962526723627
2024-04-01 04:00:00,2024-04-01 16:35:00,1,2250.3300000000004,2252.97,0.22,56.539999999987195,568.2072199727356,NEWS,trendH4,0.09950595137228309
2024-04-01 08:00:00,2024-04-01 16:35:00,1,2260.53,2252.97,0.22,-167.8600000000088,574.2818589740986,NEWS,trendH4,-0.2922954945849677
2024-04-02 01:15:00,2024-04-02 09:10:00,1,2250.84,2254.26,0.18,60.300000000001305,562.8032967865533,TIME,drift,0.10714222952192559
2024-04-03 01:15:00,2024-04-03 09:10:00,1,2280.81,2283.61,0.18,49.140000000003276,570.6858453204081,TIME,drift,0.0861069192497913
2024-04-03 04:00:00,2024-04-03 15:05:00,1,2283.5000000000005,2273.53,0.2,-200.8000000000051,568.8541916819848,NEWS,trendH4,-0.35299027929508753
2024-04-04 01:15:00,2024-04-04 09:10:00,1,2299.9,2295.97,0.21,-84.00000000000611,583.2561062824942,TIME,drift,-0.14401906657334088
2024-04-03 20:00:00,2024-04-04 15:20:00,1,2294.07,2284.77,0.2,-235.08800000000366,581.6260682136757,NEWS,trendH4,-0.40419096193886184
2024-04-04 04:00:00,2024-04-04 15:20:00,1,2302.52,2284.77,0.21,-374.22,589.160277890984,NEWS,trendH4,-0.63517520451242
2024-04-05 01:15:00,2024-04-05 09:10:00,1,2291.96,2282.96,0.18,-163.26,561.3482888304706,TIME,drift,-0.290835481729428
2024-04-05 01:05:00,2024-04-05 15:20:00,1,2291.94,2293.61,0.13,20.80000000000095,570.0466643382138,NEWS,friday,0.036488240877873335
2024-04-05 18:15:00,2024-04-05 23:45:00,1,2324.26,2327.62,0.2,65.79999999999345,585.1299121417577,TIME,tday,0.11245365966532962
2024-04-09 01:15:00,2024-04-09 09:10:00,1,2337.75,2346.08,0.17,140.41999999999877,567.6841893537503,TIME,drift,0.24735584085907414
2024-04-10 01:15:00,2024-04-10 09:10:00,1,2352.61,2356.27,0.18,64.61999999999738,583.3146751966912,TIME,drift,0.11078068621916257
2024-04-05 20:00:00,2024-04-10 15:20:00,1,2327.51,2347.94,0.18,323.5607999999971,563.8380197441935,NEWS,trendH4,0.5738541720666384
2024-04-08 08:00:00,2024-04-10 15:20:00,1,2342.3900000000003,2347.94,0.16,62.24639999999563,564.0763197139362,NEWS,trendH4,0.11035102489599824
2024-04-09 12:00:00,2024-04-10 15:20:00,1,2357.9,2347.94,0.17,-184.0216000000006,557.6575245943357,NEWS,trendH4,-0.3299903469138445
2024-04-11 01:15:00,2024-04-11 09:10:00,1,2335.09,2338.07,0.15,43.650000000000276,576.0931182432776,TIME,drift,0.07576900090927206
2024-04-12 01:15:00,2024-04-12 09:10:00,1,2377.07,2385.71,0.16,137.11999999999796,559.0569105899858,TIME,drift,0.24527019951384202
2024-04-12 12:00:00,2024-04-12 19:46:00,1,2396.94,2363.307095772899,0.17,-572.949371860715,572.0993718607128,SL,trendH4,-1.0014857558700643
2024-04-12 08:00:00,2024-04-12 20:36:00,1,2384.4500000000003,2350.8632587083152,0.17,-572.1646019586456,571.3146019586451,SL,trendH4,-1.0014877967359601
2024-04-12 04:00:00,2024-04-12 21:25:00,1,2379.01,2345.4181670613843,0.17,-572.25115995647,571.401159956469,SL,trendH4,-1.0014875713589133
2024-04-12 01:05:00,2024-04-12 23:00:00,1,2374.18,2343.3,0.11,-340.4499999999962,571.1733262494813,TIME,friday,-0.5960537447284293
2024-04-16 01:15:00,2024-04-16 09:10:00,1,2388.34,2386.08,0.11,-25.6300000000024,548.4818084102443,TIME,drift,-0.046728988285482206
2024-04-17 01:15:00,2024-04-17 09:10:00,1,2384.93,2376.21,0.12,-105.4799999999976,540.0873018124801,TIME,drift,-0.1953017588934549
2024-04-18 01:15:00,2024-04-18 09:10:00,1,2365.93,2378.8,0.14,179.20000000000485,553.7209653223566,TIME,drift,0.32362870691681506
2024-04-19 01:15:00,2024-04-19 09:10:00,1,2380.53,2384.1,0.19,66.49999999999447,560.7108737813822,TIME,drift,0.11859944778941886
2024-04-19 01:05:00,2024-04-19 23:00:00,1,2379.79,2387.6,0.09,69.65999999999951,540.237906665367,TIME,friday,0.12894319176893332
2024-04-23 01:15:00,2024-04-23 04:53:00,1,2331.07,2297.7193230359226,0.17,-568.1515083893191,567.301508389319,SL,drift,-1.001498321417148
2024-04-24 01:15:00,2024-04-24 09:10:00,1,2321.72,2327.57,0.15,86.70000000000546,550.543038801624,TIME,drift,0.15748087595245372
2024-04-25 01:15:00,2024-04-25 09:10:00,1,2317.83,2318.69,0.19,15.01000000000242,570.9462951945277,TIME,drift,0.026289688060570297
2024-04-26 01:15:00,2024-04-26 09:10:00,1,2332.96,2339.63,0.18,118.80000000000129,550.9559486937653,TIME,drift,0.2156252242700318
2024-04-26 01:05:00,2024-04-26 23:00:00,1,2332.68,2339.99,0.09,65.15999999999951,553.5428975547843,TIME,friday,0.11771445408808738
2024-04-30 01:15:00,2024-04-30 09:10:00,1,2336.37,2319.66,0.21,-352.3800000000008,568.6937593723235,TIME,drift,-0.6196305026960878
2024-05-01 01:15:00,2024-05-01 09:10:00,1,2288.98,2287.54,0.21,-31.71000000000114,579.4513628106592,TIME,drift,-0.05472417882700305
2024-05-01 01:10:00,2024-05-01 15:05:00,1,2289.21,2295.83,0.07,45.84999999999924,558.3843087406881,NEWS,tom,0.08211190623068142
2024-05-01 18:15:00,2024-05-01 20:50:00,1,2304.91,2298.98,0.14,-83.99999999999773,558.8743087406881,NEWS,tday,-0.15030213177856572
2024-05-02 01:15:00,2024-05-02 09:10:00,1,2320.44,2315.12,0.15,-80.85000000000245,559.5641444943386,TIME,drift,-0.14448745652397757
2024-05-03 01:15:00,2024-05-03 09:10:00,1,2305.45,2304.16,0.19,-25.839999999999307,570.0029179191027,TIME,drift,-0.04533310126610024
2024-05-03 01:05:00,2024-05-03 15:20:00,1,2305.3900000000003,2299.58,0.09,-52.920000000003604,545.7490690203645,NEWS,friday,-0.09696764136491622
2024-05-06 18:15:00,2024-05-06 23:45:00,1,2323.27,2325.59,0.14,31.5000000000023,569.3094738714624,TIME,tday,0.05533018761446838
2024-05-07 01:15:00,2024-05-07 09:10:00,1,2326.28,2319.71,0.2,-132.8000000000033,563.3697354475051,TIME,drift,-0.23572441266216657
2024-05-08 01:15:00,2024-05-08 09:10:00,1,2316.39,2317.53,0.26,27.820000000008516,558.2433126601533,TIME,drift,0.049834900605329316
2024-05-09 01:15:00,2024-05-09 09:10:00,1,2310.02,2315.73,0.27,152.280000000001,565.1274147445472,TIME,drift,0.2694613569027361
2024-05-09 18:15:00,2024-05-09 19:50:00,1,2336.39,2330.94,0.15,-82.79999999999727,564.639262584185,NEWS,tday,-0.14664229975975535
2024-05-10 01:15:00,2024-05-10 09:11:00,1,2346.68,2358.76,0.22,264.2200000000084,570.7563451258856,TIME,drift,0.4629295885299921
2024-05-10 01:05:00,2024-05-10 23:01:00,1,2346.21,2363.84,0.1,175.6000000000011,567.5114581138859,TIME,friday,0.309421065406511
2024-05-14 01:15:00,2024-05-14 09:10:00,1,2337.36,2343.76,0.27,170.91000000000247,576.5201966075848,TIME,drift,0.29645101941907226
2024-05-15 01:15:00,2024-05-15 09:10:00,1,2357.09,2358.42,0.26,32.75999999999811,574.3682911885713,TIME,drift,0.05703657479455572
2024-05-15 18:15:00,2024-05-15 23:45:00,1,2380.96,2386.9,0.16,93.92000000000087,580.609707862471,TIME,tday,0.1617609880237271
2024-05-16 01:15:00,2024-05-16 09:10:00,1,2388.56,2389.84,0.18,21.7800000000036,554.2187201748394,TIME,drift,0.03929856428006016
2024-05-17 01:15:00,2024-05-17 09:10:00,1,2378.23,2382.43,0.25,103.24999999999545,573.5068489215001,TIME,drift,0.18003272357454966
2024-05-17 01:05:00,2024-05-17 23:00:00,1,2378.35,2416.42,0.1,380.00000000000165,535.601533619695,TIME,friday,0.7094826585575489
2024-05-17 18:15:00,2024-05-17 23:45:00,1,2408.27,2417.69,0.16,149.60000000000116,571.681635861008,TIME,tday,0.2616841098537109
2024-05-20 08:00:00,2024-05-20 15:42:00,1,2437.52,2412.6654364892897,0.23,-573.2649607463358,572.1149607463354,SL,trendH4,-1.0020100855228469
2024-05-21 01:15:00,2024-05-21 09:10:00,1,2428.07,2415.0,0.16,-210.24000000000265,567.7524170484044,TIME,drift,-0.3703022544456705
2024-05-22 01:15:00,2024-05-22 09:10:00,1,2421.38,2416.65,0.2,-96.00000000000038,579.9126326475848,TIME,drift,-0.16554217755476963
2024-05-23 01:15:00,2024-05-23 09:10:00,1,2379.53,2363.13,0.18,-296.4600000000016,554.0369064454256,TIME,drift,-0.5350907070469751
2024-05-24 01:15:00,2024-05-24 09:10:00,1,2330.05,2338.31,0.17,139.22999999999598,577.1953719529145,TIME,drift,0.2412181503273624
2024-05-24 01:05:00,2024-05-24 15:20:00,1,2329.6,2339.75,0.09,90.72000000000082,524.8444900283952,NEWS,friday,0.17285120016234273
2024-05-27 18:15:00,2024-05-28 04:30:00,1,2354.67,2351.27,0.15,-63.97200000000136,565.5097912991375,TIME,tday,-0.11312270978198168
2024-05-28 01:15:00,2024-05-28 09:10:00,1,2352.7,2347.88,0.29,-141.80999999999156,579.1278567038527,TIME,drift,-0.24486820718159413
2024-05-29 01:15:00,2024-05-29 09:10:00,1,2361.5,2355.25,0.25,-158.0,568.184434520263,TIME,drift,-0.27807871951544155
2024-05-30 01:15:00,2024-05-30 09:10:00,1,2338.63,2326.36,0.25,-308.49999999999955,557.319662120109,TIME,drift,-0.5535422863539922
2024-05-31 01:15:00,2024-05-31 09:10:00,1,2343.38,2343.99,0.24,12.959999999992142,570.3991145723674,TIME,drift,0.022720932885227838
2024-05-31 01:05:00,2024-05-31 16:35:00,1,2343.72,2351.16,0.11,81.0700000000006,576.6217366259926,NEWS,friday,0.1405947692405222
2024-06-03 01:10:00,2024-06-03 16:35:00,1,2327.3,2333.83,0.08,51.67999999999796,563.7501351437512,NEWS,tom,0.09167181837893489
2024-06-03 18:15:00,2024-06-03 23:45:00,1,2339.23,2349.81,0.16,168.15999999999883,564.3101351437512,TIME,tday,0.29799216694409025
2024-06-04 01:15:00,2024-06-04 09:10:00,1,2351.4,2349.7,0.22,-38.940000000006,561.4827634108901,TIME,drift,-0.06935208440496671
2024-06-05 01:15:00,2024-06-05 09:10:00,1,2328.33,2335.63,0.22,159.060000000004,573.8219597625862,TIME,drift,0.27719399248124577
2024-06-05 18:15:00,2024-06-05 23:45:00,1,2352.97,2354.05,0.16,16.16000000000611,571.7563920372138,TIME,tday,0.02826378546014455
2024-06-06 01:15:00,2024-06-06 09:10:00,1,2355.68,2366.91,0.25,279.00000000000045,563.4435403573675,TIME,drift,0.4951694003325391
2024-06-06 18:15:00,2024-06-06 23:45:00,1,2370.53,2373.23,0.16,42.07999999999709,567.0080783202702,TIME,tday,0.07421411018456164
2024-06-07 01:15:00,2024-06-07 09:10:00,1,2375.92,2375.7,0.23,-6.6700000000058575,566.3917727668393,TIME,drift,-0.01177630099996461
2024-06-07 01:05:00,2024-06-07 15:20:00,1,2376.4900000000002,2335.74,0.11,-449.0200000000049,572.1462178557946,NEWS,friday,-0.784799385169015
2024-06-11 01:15:00,2024-06-11 09:10:00,1,2311.62,2300.94,0.23,-247.24999999999628,555.1634027315613,TIME,drift,-0.44536437161285525
2024-06-12 01:15:00,2024-06-12 09:10:00,1,2316.17,2314.34,0.27,-51.299999999998036,568.9310854199731,TIME,drift,-0.09016909308467376
2024-06-13 01:15:00,2024-06-13 09:10:00,1,2323.54,2314.17,0.19,-179.35999999999794,560.3201840592604,TIME,drift,-0.3201026932505228
2024-06-14 01:15:00,2024-06-14 09:10:00,1,2304.08,2308.55,0.19,83.60000000000484,548.854192894841,TIME,drift,0.15231732048737828
2024-06-14 01:05:00,2024-06-14 23:00:00,1,2303.91,2332.44,0.1,284.600000000002,546.7364438777732,TIME,friday,0.5205433133036699
2024-06-18 01:15:00,2024-06-18 09:10:00,1,2320.4,2321.27,0.27,21.599999999997053,567.8384766393823,TIME,drift,0.0380389862410021
2024-06-19 01:15:00,2024-06-19 09:10:00,1,2329.53,2330.01,0.26,10.660000000000474,559.4575238148689,TIME,drift,0.01905417220473023
2024-06-20 01:15:00,2024-06-20 05:20:00,1,2329.89,2336.4,0.37,238.28000000000807,573.6137432649897,NEWS,drift,0.415401483659939
2024-06-20 18:15:00,2024-06-20 23:45:00,1,2357.91,2359.07,0.17,18.530000000005256,562.6887871391817,TIME,tday,0.032931169810963085
2024-06-21 01:15:00,2024-06-21 09:10:00,1,2359.18,2362.35,0.26,80.6000000000019,579.1512654638713,TIME,drift,0.1391691684131007
2024-06-21 01:05:00,2024-06-21 16:50:00,1,2359.72,2346.98,0.11,-140.9099999999976,551.2706085771197,NEWS,friday,-0.2556094916137454
2024-06-25 01:15:00,2024-06-25 09:10:00,1,2334.0,2324.05,0.29,-290.5799999999947,569.7532331041889,TIME,drift,-0.5100102695632397
2024-06-26 01:15:00,2024-06-26 05:20:00,1,2319.94,2317.37,0.27,-71.28000000000442,567.4395168010816,NEWS,drift,-0.1256169122690691
2024-06-27 01:15:00,2024-06-27 09:10:00,1,2298.87,2299.26,0.25,8.000000000008185,567.4114663351531,TIME,drift,0.014099115852697313
2024-06-28 01:15:00,2024-06-28 09:10:00,1,2326.34,2325.96,0.31,-13.950000000003383,572.7818790507479,TIME,drift,-0.024354820762001496
2024-06-28 01:05:00,2024-06-28 16:35:00,1,2327.25,2327.74,0.11,4.619999999997599,538.2474409387164,NEWS,friday,0.008583412848076358
2024-07-01 01:10:00,2024-07-01 16:35:00,1,2325.29,2327.37,0.09,18.089999999999346,571.7019531586996,NEWS,tom,0.03164236172371046
2024-07-02 01:15:00,2024-07-02 09:10:00,1,2332.1,2331.66,0.27,-13.770000000001474,570.0713691503249,TIME,drift,-0.02415487032882438
2024-07-03 01:15:00,2024-07-03 05:20:00,1,2330.86,2329.07,0.27,-50.21999999999902,562.9501095784692,NEWS,drift,-0.0892086157290265
2024-07-03 18:15:00,2024-07-03 23:45:00,1,2363.22,2355.86,0.19,-141.1699999999938,570.301587753,TIME,tday,-0.247535695203316
2024-07-04 01:15:00,2024-07-04 09:10:00,1,2356.8,2355.67,0.26,-31.200000000002838,563.2264721352615,TIME,drift,-0.05539512353124981
2024-07-05 01:15:00,2024-07-05 09:10:00,1,2356.67,2366.12,0.38,356.43999999999306,570.5004964425037,TIME,drift,0.6247847323931572
2024-07-05 01:05:00,2024-07-05 15:20:00,1,2357.06,2366.96,0.13,127.79000000000119,570.391834704622,NEWS,friday,0.22403897150136687
2024-07-05 18:15:00,2024-07-05 23:45:00,1,2383.3,2391.21,0.19,148.95999999999722,556.2097363788625,TIME,tday,0.2678126437875461
2024-07-09 01:15:00,2024-07-09 09:10:00,1,2359.34,2365.39,0.24,143.51999999999344,575.11075790345,TIME,drift,0.24955193069799553
2024-07-10 01:15:00,2024-07-10 05:20:00,1,2363.8,2368.09,0.25,105.49999999999909,561.8797192973108,NEWS,drift,0.18776260537030567
2024-07-11 01:15:00,2024-07-11 09:10:00,1,2371.69,2382.22,0.29,303.33999999999264,565.6270198737794,TIME,drift,0.536289797590793
2024-07-11 16:00:00,2024-07-11 19:50:00,1,2406.46,2414.26,0.27,208.71000000000492,577.0987535699438,NEWS,trendH4,0.36165387415744865
2024-07-11 18:15:00,2024-07-11 19:50:00,1,2418.81,2414.26,0.19,-87.77999999999481,568.931848727528,NEWS,tday,-0.1542891300536671
2024-07-12 01:15:00,2024-07-12 09:10:00,1,2413.06,2407.52,0.21,-117.80999999999922,564.2418301290795,TIME,drift,-0.20879345292965654
2024-07-12 01:05:00,2024-07-12 15:20:00,1,2413.36,2403.12,0.12,-123.72000000000284,569.5489195572993,NEWS,friday,-0.2172245363860374
2024-07-15 18:15:00,2024-07-15 19:20:00,1,2433.54,2432.03,0.18,-28.43999999999574,563.8297110174925,NEWS,tday,-0.050440761535380324
2024-07-16 01:15:00,2024-07-16 09:10:00,1,2421.39,2429.86,0.24,201.6000000000061,567.2347211388293,TIME,drift,0.3554084270357368
2024-07-15 20:00:00,2024-07-16 15:20:00,1,2430.45,2441.22,0.23,227.81959999999958,561.0486533384371,NEWS,trendH4,0.4060603276460833
2024-07-16 18:15:00,2024-07-16 23:45:00,1,2456.5,2468.82,0.18,220.50000000000296,572.9918745162425,TIME,tday,0.3848222109365226
2024-07-16 20:00:00,2024-07-17 05:20:00,1,2459.37,2480.34,0.22,442.31440000000566,565.1569151892726,NEWS,trendH4,0.7826399856611033
2024-07-17 01:15:00,2024-07-17 05:20:00,1,2467.68,2480.34,0.21,264.39000000000647,573.4152303018162,NEWS,drift,0.4610794866066693
2024-07-18 01:15:00,2024-07-18 09:10:00,1,2459.1,2466.47,0.18,131.39999999999804,561.7709732115466,TIME,drift,0.23390314962128994
2024-07-19 01:15:00,2024-07-19 09:07:00,1,2445.11,2419.0800423256105,0.22,-574.1990688365713,573.0990688365678,SL,drift,-1.0019193889151428
2024-07-19 01:05:00,2024-07-19 16:19:00,1,2445.0,2395.311795787409,0.11,-547.3402463384987,546.790246338497,SL,friday,-1.0010058701735898
2024-07-23 01:15:00,2024-07-23 09:10:00,1,2397.3,2391.78,0.23,-128.5699999999996,567.7023577116539,TIME,drift,-0.2264743104436825
2024-07-24 01:15:00,2024-07-24 05:20:00,1,2408.89,2414.23,0.27,142.29000000000397,580.4484103229496,NEWS,drift,0.24513806476071962
2024-07-24 18:15:00,2024-07-24 23:45:00,1,2426.68,2397.54,0.17,-496.5699999999979,566.7668851156571,TIME,tday,-0.8761450484155676
2024-07-25 01:15:00,2024-07-25 06:20:00,1,2395.7400000000002,2369.301691785847,0.21,-556.6744724972139,555.6244724972123,SL,drift,-1.001889765573648
2024-07-26 01:15:00,2024-07-26 09:10:00,1,2365.1,2371.89,0.16,107.51999999999943,554.7120326440019,TIME,drift,0.1938303005390234
2024-07-26 01:05:00,2024-07-26 23:00:00,1,2364.56,2386.34,0.11,238.8100000000022,568.988718230795,TIME,friday,0.4197095519618639
2024-07-26 18:15:00,2024-07-26 23:45:00,1,2382.73,2387.92,0.16,81.92000000000087,552.1199691934982,TIME,tday,0.14837355026239027
2024-07-30 01:15:00,2024-07-30 09:10:00,1,2383.33,2388.79,0.22,118.5800000000008,571.645773314715,TIME,drift,0.2074361528336142
2024-07-31 01:15:00,2024-07-31 05:20:00,1,2410.21,2405.85,0.23,-101.89000000000293,577.0199969322173,NEWS,drift,-0.17657966888792587
2024-08-01 01:15:00,2024-08-01 09:10:00,1,2447.35,2445.66,0.19,-33.440000000001035,562.8310110428682,TIME,drift,-0.059413925927855576
2024-08-01 01:10:00,2024-08-01 15:20:00,1,2447.56,2444.3,0.08,-26.63999999999811,567.4572521901164,NEWS,tom,-0.04694626757730264
2024-08-02 01:15:00,2024-08-02 09:10:00,1,2444.64,2465.03,0.18,365.7600000000059,555.6586236343944,TIME,drift,0.658245880551049
2024-08-02 01:05:00,2024-08-02 15:20:00,1,2447.37,2457.17,0.1,97.30000000000182,528.554304361932,NEWS,friday,0.18408704497726466
2024-08-06 01:15:00,2024-08-06 09:10:00,1,2411.81,2397.96,0.11,-153.119999999999,567.0252704873355,TIME,drift,-0.27004087466577725
2024-08-07 01:15:00,2024-08-07 09:10:00,1,2389.34,2392.16,0.16,43.999999999995346,570.0318849585183,TIME,drift,0.0771886646361848
2024-08-08 01:15:00,2024-08-08 09:10:00,1,2382.14,2393.38,0.19,212.23000000000448,557.0813833556765,TIME,drift,0.38096767607203136
2024-08-09 01:15:00,2024-08-09 09:10:00,1,2426.56,2418.72,0.2,-158.20000000000292,561.504188846989,TIME,drift,-0.2817432231892267
2024-08-09 01:05:00,2024-08-09 23:00:00,1,2426.91,2429.06,0.09,18.720000000000816,551.4348785411381,TIME,friday,0.03394779824142783
2024-08-12 18:15:00,2024-08-12 23:45:00,1,2459.19,2471.7,0.14,174.1599999999967,551.5046978544293,TIME,tday,0.3157906010185367
2024-08-13 01:15:00,2024-08-13 09:10:00,1,2471.6,2462.26,0.25,-235.24999999999227,569.8216254008128,TIME,drift,-0.4128484941836269
2024-08-14 01:15:00,2024-08-14 09:10:00,1,2464.26,2461.19,0.24,-75.36000000000394,565.56472955606,TIME,drift,-0.1332473474064724
2024-08-15 01:15:00,2024-08-15 09:10:00,1,2448.19,2454.87,0.2,132.19999999999675,555.2182015534372,TIME,drift,0.23810458596298936
2024-08-16 01:15:00,2024-08-16 09:10:00,1,2455.78,2455.24,0.21,-12.810000000008785,581.3078490083849,TIME,drift,-0.02203651648925871
2024-08-16 01:05:00,2024-08-16 23:00:00,1,2456.1,2507.84,0.1,516.7000000000024,580.8035779944838,TIME,friday,0.8896295056999628
2024-08-16 18:15:00,2024-08-16 23:45:00,1,2490.04,2507.57,0.15,261.900000000003,581.1535779944837,TIME,tday,0.45065540317896646
2024-08-20 01:15:00,2024-08-20 09:10:00,1,2504.37,2498.47,0.24,-143.2800000000022,585.292710550524,TIME,drift,-0.24480058852131198
2024-08-20 16:00:00,2024-08-21 16:44:00,1,2526.9,2498.6349482455303,0.2,-582.5970350893964,565.7010350893933,SL,trendH4,-1.029867366244669
2024-08-16 16:00:00,2024-08-21 17:20:00,1,2491.85,2503.03,0.19,165.78640000000553,564.579298296071,NEWS,trendH4,0.29364590678467545
2024-08-16 20:00:00,2024-08-21 17:20:00,1,2496.08,2503.03,0.19,85.41640000000517,579.6798333812674,NEWS,trendH4,0.1473509946029553
2024-08-20 12:00:00,2024-08-21 17:20:00,1,2520.09,2503.03,0.2,-358.4959999999989,575.5905632519933,NEWS,trendH4,-0.6228316148453766
2024-08-22 01:15:00,2024-08-22 09:10:00,1,2513.03,2505.79,0.21,-153.51000000000496,562.9980408223072,TIME,drift,-0.27266524724631436
2024-08-23 01:15:00,2024-08-23 09:10:00,1,2484.88,2491.7,0.21,141.7499999999939,563.4277850973758,TIME,drift,0.25158503671503457
2024-08-23 01:05:00,2024-08-23 16:50:00,1,2485.5,2495.2,0.1,96.29999999999818,573.6408332173828,NEWS,friday,0.16787507866181664
2024-08-23 18:15:00,2024-08-23 23:45:00,1,2516.18,2510.85,0.15,-80.9999999999989,573.9908332173828,TIME,tday,-0.14111723622130118
2024-08-27 01:15:00,2024-08-27 09:10:00,1,2517.83,2515.7,0.27,-59.40000000000295,562.132951721368,TIME,drift,-0.10566895219023861
2024-08-28 01:15:00,2024-08-28 09:10:00,1,2525.59,2505.8,0.25,-496.4999999999991,576.3410623723856,TIME,drift,-0.8614690717268387
2024-08-29 01:15:00,2024-08-29 09:10:00,1,2505.79,2518.94,0.25,327.0000000000023,569.2753905949604,TIME,drift,0.5744144317537571
2024-08-29 18:15:00,2024-08-29 23:45:00,1,2523.7200000000003,2521.77,0.16,-32.32000000000437,569.6682142863161,TIME,tday,-0.056734778577202286
2024-08-30 01:15:00,2024-08-30 09:10:00,1,2521.3,2515.5,0.24,-140.88000000000437,565.3543331573962,TIME,drift,-0.2491888568594078
2024-08-30 01:05:00,2024-08-30 16:35:00,1,2520.92,2516.24,0.11,-52.250000000003205,574.7053212697087,NEWS,friday,-0.09091615836193437
2024-09-03 01:15:00,2024-09-03 09:10:00,1,2499.19,2494.99,0.3,-128.10000000000818,569.0935102353769,TIME,drift,-0.2250948178042411
2024-09-02 01:10:00,2024-09-03 16:35:00,1,2504.55,2488.89,0.08,-132.19840000000247,554.7216745632012,NEWS,tom,-0.23831482716823368
2024-09-04 01:15:00,2024-09-04 09:10:00,1,2492.66,2492.51,0.21,-4.61999999999236,576.1265168220158,TIME,drift,-0.008019071966131405
2024-09-05 01:15:00,2024-09-05 09:10:00,1,2495.12,2502.91,0.24,185.27999999999912,575.8667060987551,TIME,drift,0.3217411217522715
2024-09-06 01:15:00,2024-09-06 09:10:00,1,2516.48,2518.85,0.27,62.09999999999706,571.1166040389991,TIME,drift,0.10873436275678043
2024-09-06 01:05:00,2024-09-06 15:20:00,1,2516.47,2514.3,0.11,-24.639999999995798,541.319854729789,NEWS,friday,-0.045518374736680155
2024-09-10 01:15:00,2024-09-10 09:10:00,1,2506.42,2505.47,0.24,-24.480000000006548,564.9436667668463,TIME,drift,-0.04333175401382012
2024-09-11 01:15:00,2024-09-11 09:10:00,1,2516.81,2523.03,0.29,178.35000000000738,572.7850288973718,TIME,drift,0.3113733617363157
2024-09-12 01:15:00,2024-09-12 09:10:00,1,2513.3,2521.38,0.25,200.24999999999818,561.0299381576159,TIME,drift,0.3569328236878152
2024-09-12 18:15:00,2024-09-12 19:50:00,1,2550.6000000000004,2548.21,0.18,-44.28000000000589,566.6213460093561,NEWS,tday,-0.07814742651660486
2024-09-13 01:15:00,2024-09-13 09:10:00,1,2558.45,2566.12,0.21,159.6000000000015,578.3705423102366,TIME,drift,0.27594766386700315
2024-09-13 01:05:00,2024-09-13 23:00:00,1,2558.54,2582.6,0.11,263.8899999999994,539.7619790436779,TIME,friday,0.48890068260744474
2024-09-17 01:15:00,2024-09-17 09:10:00,1,2582.84,2581.26,0.28,-46.199999999997964,566.4559066559526,TIME,drift,-0.0815597462346851
2024-09-13 04:00:00,2024-09-17 15:20:00,1,2561.81,2579.9,0.24,394.32960000000344,562.3171680799477,NEWS,trendH4,0.7012583331689056
2024-09-13 08:00:00,2024-09-17 15:20:00,1,2569.03,2579.9,0.24,221.04959999999738,558.7173096759509,NEWS,trendH4,0.3956376438886481
2024-09-13 16:00:00,2024-09-17 15:20:00,1,2575.9800000000005,2579.9,0.25,56.50999999999045,574.7068458151522,NEWS,trendH4,0.09832839196449425
2024-09-18 01:15:00,2024-09-18 09:10:00,1,2570.39,2568.5,0.23,-45.07999999999707,578.2764139916745,TIME,drift,-0.07795579918057334
2024-09-19 01:15:00,2024-09-19 09:10:00,1,2558.13,2575.31,0.15,256.64999999999753,581.180438973459,TIME,drift,0.44160123567358756
2024-09-20 01:15:00,2024-09-20 09:10:00,1,2586.86,2597.79,0.19,206.3399999999969,574.3857659651833,TIME,drift,0.3592359216166654
2024-09-20 01:05:00,2024-09-20 23:00:00,1,2586.63,2621.06,0.11,377.9599999999982,548.6700409521782,TIME,friday,0.6888657513431484
2024-09-20 18:15:00,2024-09-20 23:45:00,1,2614.11,2621.09,0.17,117.47000000000033,565.6930724961835,TIME,tday,0.2076567766362259
2024-09-24 01:15:00,2024-09-24 09:10:00,1,2627.79,2627.81,0.28,-1.4000000000005093,573.3559294822608,TIME,drift,-0.0024417642305796096
2024-09-20 12:00:00,2024-09-24 16:50:00,1,2610.0,2633.08,0.22,471.2487999999984,587.3137356914373,NEWS,trendH4,0.8023800080977214
2024-09-20 16:00:00,2024-09-24 16:50:00,1,2615.79,2633.08,0.21,328.23839999999916,568.0242739565537,NEWS,trendH4,0.5778598117183722
2024-09-23 08:00:00,2024-09-24 16:50:00,1,2629.59,2633.08,0.22,57.75439999999519,585.7080666661977,NEWS,trendH4,0.09860612015936282
2024-09-24 18:15:00,2024-09-24 23:45:00,1,2646.46,2659.35,0.18,230.75999999999772,592.5209383353509,TIME,tday,0.3894545915091253
2024-09-25 01:15:00,2024-09-25 09:10:00,1,2658.33,2655.48,0.21,-61.31999999999808,576.3545442595466,TIME,drift,-0.10639284553360644
2024-09-24 20:00:00,2024-09-25 16:50:00,1,2653.7400000000002,2663.93,0.22,205.1543999999912,584.1869085552648,NEWS,trendH4,0.35117938624703593
2024-09-26 01:15:00,2024-09-26 09:10:00,1,2658.2,2660.33,0.24,49.44000000000262,580.998894290736,TIME,drift,0.085094826316937
2024-09-27 01:15:00,2024-09-27 09:10:00,1,2672.64,2665.87,0.19,-129.95999999999967,568.8445217232746,TIME,drift,-0.22846313014722364
2024-09-27 01:05:00,2024-09-27 23:00:00,1,2672.31,2652.08,0.12,-243.60000000000022,584.8563781059643,TIME,friday,-0.41651251336078404
2024-10-01 01:15:00,2024-10-01 09:10:00,1,2633.8,2643.89,0.2,200.3999999999938,595.0831053876171,TIME,drift,0.33675968648019333
2024-10-01 01:10:00,2024-10-01 16:35:00,1,2633.9,2663.37,0.09,264.59999999999815,594.5083056117745,NEWS,tom,0.4450736810610466
2024-10-02 01:15:00,2024-10-02 09:10:00,1,2662.53,2648.05,0.19,-276.45000000000033,577.8766104641522,TIME,drift,-0.4783893222083428
2024-10-03 01:15:00,2024-10-03 09:10:00,1,2659.72,2652.94,0.23,-157.54999999999416,593.8209871122784,TIME,drift,-0.2653156480139779
2024-10-04 01:15:00,2024-10-04 09:10:00,1,2655.97,2666.24,0.22,224.3999999999996,572.8318643231958,TIME,drift,0.3917379845220893
2024-10-04 01:05:00,2024-10-04 15:20:00,1,2656.17,2658.05,0.12,21.72000000000131,579.702462619923,NEWS,friday,0.037467496518540484
2024-10-04 18:15:00,2024-10-04 23:45:00,1,2666.7700000000004,2651.86,0.18,-269.64000000000556,580.1224626199231,TIME,tday,-0.4647984130493232
2024-10-08 01:15:00,2024-10-08 09:10:00,1,2643.09,2646.4,0.21,68.03999999999886,586.0703583313987,TIME,drift,0.11609527598992651
2024-10-09 01:15:00,2024-10-09 09:10:00,1,2621.3,2616.76,0.16,-73.75999999999942,564.9924801374013,TIME,drift,-0.13055041012592172
2024-10-10 01:15:00,2024-10-10 09:10:00,1,2608.2400000000002,2613.66,0.23,123.04999999999123,583.8196657701328,TIME,drift,0.21076713789295284
2024-10-10 18:15:00,2024-10-10 19:50:00,1,2624.8900000000003,2620.26,0.18,-84.60000000000196,577.4234942442633,NEWS,tday,-0.14651291615823
2024-10-11 01:15:00,2024-10-11 09:10:00,1,2629.09,2645.07,0.21,334.11000000000035,580.9744939829735,TIME,drift,0.5750854873325851
2024-10-11 01:05:00,2024-10-11 15:20:00,1,2628.75,2646.71,0.12,214.68000000000043,572.658958941102,NEWS,friday,0.3748828105247198
2024-10-11 18:15:00,2024-10-11 23:45:00,1,2657.23,2656.71,0.18,-10.619999999999672,573.078958941102,TIME,tday,-0.018531477790813707
2024-10-15 01:15:00,2024-10-15 09:10:00,1,2649.2,2643.91,0.25,-133.9999999999991,598.7388405359253,TIME,drift,-0.22380375370346275
2024-10-15 18:15:00,2024-10-15 23:45:00,1,2662.4,2662.24,0.19,-4.370000000005875,595.8491771995122,TIME,tday,-0.007334070713237956
2024-10-16 01:15:00,2024-10-16 09:10:00,1,2661.91,2670.65,0.23,199.41000000000543,575.2805507234701,TIME,drift,0.34663087383925695
2024-10-17 01:15:00,2024-10-17 09:10:00,1,2674.51,2681.0,0.26,166.91999999999433,583.227891607989,TIME,drift,0.2862003042066239
2024-10-18 01:15:00,2024-10-18 09:10:00,1,2693.44,2711.69,0.24,436.32,581.7392816397904,TIME,drift,0.7500267108834621
2024-10-18 01:05:00,2024-10-18 23:00:00,1,2693.3,2719.66,0.13,341.7699999999957,593.6394416524639,TIME,friday,0.5757198326456198
2024-10-18 18:15:00,2024-10-18 23:45:00,1,2718.4900000000002,2721.31,0.19,52.249999999994465,578.8612508408622,TIME,tday,0.09026342655359183
2024-10-21 16:00:00,2024-10-21 21:56:00,1,2738.82,2715.9764284004173,0.26,-595.7528615891555,594.4528615891485,SL,trendH4,-1.0021868849222657
2024-10-22 01:15:00,2024-10-22 09:10:00,1,2719.69,2731.48,0.23,269.55999999999915,584.9640938996492,TIME,drift,0.46081460864201734
2024-10-22 18:15:00,2024-10-22 23:45:00,1,2744.03,2747.97,0.19,73.5299999999924,573.9685275107432,TIME,tday,0.1281080694770605
2024-10-17 20:00:00,2024-10-23 16:50:00,1,2692.45,2737.18,0.24,995.5392000000004,578.2903638556934,NEWS,trendH4,1.7215213363790847
2024-10-18 08:00:00,2024-10-23 16:50:00,1,2710.41,2737.18,0.25,607.8899999999995,586.3369903237244,NEWS,trendH4,1.0367587411880246
2024-10-21 08:00:00,2024-10-23 16:50:00,1,2730.63,2737.18,0.26,127.15039999999291,597.9624505142934,NEWS,trendH4,0.21263943896583112
2024-10-24 01:15:00,2024-10-24 09:10:00,1,2716.83,2729.37,0.22,274.3399999999992,594.1969597865409,TIME,drift,0.4616987607923019
2024-10-25 01:15:00,2024-10-25 09:10:00,1,2735.21,2727.47,0.26,-203.06000000000617,611.5807282258403,TIME,drift,-0.33202485073241483
2024-10-25 01:05:00,2024-10-25 15:20:00,1,2736.06,2726.31,0.13,-127.66,611.6597151939447,NEWS,friday,-0.20871081882435502
2024-10-29 01:15:00,2024-10-29 09:10:00,1,2740.27,2750.94,0.28,296.80000000000206,607.6212748909185,TIME,drift,0.48846215934964465
2024-10-29 18:15:00,2024-10-29 23:45:00,1,2767.18,2773.68,0.19,122.17000000000002,583.2655090234841,TIME,tday,0.20945863952171576
2024-10-30 01:15:00,2024-10-30 09:10:00,1,2773.48,2784.51,0.24,263.0400000000048,599.9293046301657,TIME,drift,0.4384516608372036
2024-10-29 20:00:00,2024-10-30 15:05:00,1,2769.5800000000004,2777.77,0.25,183.12999999999,590.753934921973,NEWS,trendH4,0.3099937032568016
2024-10-30 04:00:00,2024-10-30 15:05:00,1,2778.3700000000003,2777.77,0.26,-17.42000000000946,591.8533933177628,NEWS,trendH4,-0.02943296464409516
2024-10-30 08:00:00,2024-10-30 15:05:00,1,2780.37,2777.77,0.27,-72.08999999999756,600.2886361000235,NEWS,trendH4,-0.1200922284125757
2024-10-31 01:15:00,2024-10-31 09:10:00,1,2787.76,2784.19,0.25,-91.00000000000409,612.9855168715195,TIME,drift,-0.1484537521611257
2024-11-01 01:15:00,2024-11-01 09:10:00,1,2747.4600000000005,2756.81,0.21,194.8799999999885,606.4968381755151,TIME,drift,0.3213207188123739
2024-11-01 01:05:00,2024-11-01 15:20:00,1,2745.59,2751.16,0.12,65.9999999999965,578.8971543624883,NEWS,friday,0.11400988846227642
2024-11-01 01:10:00,2024-11-01 15:20:00,1,2747.1,2751.16,0.09,35.909999999999506,578.6871543624883,NEWS,tom,0.06205425458175207
2024-11-05 01:15:00,2024-11-05 09:10:00,1,2737.58,2740.67,0.26,78.52000000000379,596.0618033362333,TIME,drift,0.13173130631843447
2024-11-06 01:15:00,2024-11-06 08:28:00,1,2743.53,2719.897992679196,0.26,-616.2521903409146,614.9521903409062,SL,drift,-1.0021139854779404
2024-11-07 01:15:00,2024-11-07 09:10:00,1,2663.8500000000004,2660.02,0.12,-46.80000000000459,574.1451287479142,TIME,drift,-0.08151249162744831
2024-11-07 18:15:00,2024-11-07 20:50:00,1,2697.21,2695.3,0.17,-33.659999999997524,600.8998587360869,NEWS,tday,-0.05601598920458538
2024-11-08 01:15:00,2024-11-08 09:10:00,1,2704.91,2684.6,0.15,-305.6999999999992,575.5544781980624,TIME,drift,-0.531139990356917
2024-11-08 01:05:00,2024-11-08 23:00:00,1,2704.43,2685.08,0.1,-194.19999999999908,563.8982035862899,TIME,friday,-0.34438839982983177
2024-11-12 01:15:00,2024-11-12 09:10:00,1,2621.23,2606.38,0.19,-283.47999999999826,600.6203546085434,TIME,drift,-0.47197867642157654
2024-11-13 01:15:00,2024-11-13 09:10:00,1,2599.25,2605.59,0.2,125.4000000000029,603.1217591723263,TIME,drift,0.20791821567189245
2024-11-14 01:15:00,2024-11-14 09:10:00,1,2575.77,2554.4,0.19,-407.3599999999979,593.4767436924005,TIME,drift,-0.6863958939073995
2024-11-15 01:15:00,2024-11-15 09:10:00,1,2566.18,2560.96,0.17,-89.9299999999966,600.183039042726,TIME,drift,-0.14983762310816423
2024-11-15 01:05:00,2024-11-15 15:20:00,1,2566.69,2572.2,0.1,54.39999999999764,606.5114714184655,NEWS,friday,0.08969327467586198
2024-11-19 01:15:00,2024-11-19 09:10:00,1,2611.68,2620.04,0.23,190.67000000000291,601.2805444416516,TIME,drift,0.3171065516132055
2024-11-20 01:15:00,2024-11-20 09:10:00,1,2633.74,2627.72,0.23,-140.0699999999996,584.5610328270506,TIME,drift,-0.23961569816344738
2024-11-21 01:15:00,2024-11-21 09:10:00,1,2649.07,2660.8,0.25,291.50000000000045,586.9859035184664,TIME,drift,0.4966047706643605
2024-11-21 18:15:00,2024-11-21 23:45:00,1,2668.77,2670.11,0.15,19.050000000002182,587.1866627234173,TIME,tday,0.03244283497797243
2024-11-22 01:15:00,2024-11-22 09:10:00,1,2669.3,2692.62,0.24,557.9999999999931,591.9904484584054,TIME,drift,0.942582775538142
2024-11-22 01:05:00,2024-11-22 23:00:00,1,2669.85,2705.81,0.1,358.9000000000004,571.4019011003161,TIME,friday,0.6281043155594812
2024-11-22 18:15:00,2024-11-22 23:45:00,1,2706.55,2711.92,0.16,84.79999999999825,609.8686945070039,TIME,tday,0.13904632384606583
2024-11-26 01:15:00,2024-11-26 09:10:00,1,2628.21,2621.93,0.13,-82.5500000000026,581.8620093000005,TIME,drift,-0.14187212548781628
2024-11-27 01:15:00,2024-11-27 09:10:00,1,2631.4900000000002,2647.82,0.17,276.4199999999988,594.4513694314912,TIME,drift,0.46500019045183716
2024-11-28 01:15:00,2024-11-28 09:10:00,1,2637.15,2636.07,0.22,-25.2999999999984,610.2255332662507,TIME,drift,-0.04146008093856607
2024-11-29 01:15:00,2024-11-29 09:10:00,1,2638.8,2662.08,0.28,649.879999999993,601.9289878332165,TIME,drift,1.0796622411214771
2024-11-29 01:05:00,2024-12-02 02:15:00,1,2639.13,2644.77,0.09,42.97679999999885,557.0138097941255,TIME,friday,0.07715571722698088
2024-12-02 01:10:00,2024-12-02 16:35:00,1,2648.75,2648.84,0.07,0.1400000000010187,568.5070020239727,NEWS,tom,0.00024625906013927195
2024-12-03 01:15:00,2024-12-03 09:10:00,1,2640.17,2645.71,0.22,120.33999999999921,618.3216205927736,TIME,drift,0.19462363273765435
2024-12-04 01:15:00,2024-12-04 09:10:00,1,2641.77,2648.21,0.24,152.8800000000013,616.0309929878576,TIME,drift,0.24816933196576144
2024-12-05 01:15:00,2024-12-05 09:10:00,1,2649.5,2647.38,0.24,-52.55999999999738,598.8427894209951,TIME,drift,-0.08776927923072468
2024-12-06 01:15:00,2024-12-06 09:10:00,1,2632.23,2638.31,0.24,144.23999999999825,609.0081352915648,TIME,drift,0.23684412677171024
2024-12-06 01:05:00,2024-12-06 15:20:00,1,2632.14,2634.13,0.11,21.1200000000026,614.3398121026772,NEWS,friday,0.03437836777615957
2024-12-10 01:15:00,2024-12-10 09:10:00,1,2660.89,2669.82,0.23,203.7800000000067,612.4201042181013,TIME,drift,0.3327454448285625
2024-12-10 18:15:00,2024-12-10 23:45:00,1,2689.6200000000003,2693.0,0.16,52.95999999999448,604.0581484000124,TIME,tday,0.08767367866863691
2024-12-11 01:15:00,2024-12-11 09:10:00,1,2695.08,2691.3,0.26,-100.09999999999337,608.5441878230756,TIME,drift,-0.1644909309841208
2024-12-11 18:15:00,2024-12-11 19:50:00,1,2716.22,2717.49,0.16,19.199999999999708,603.96256637144,NEWS,tday,0.031790049696874115
2024-12-12 01:15:00,2024-12-12 09:10:00,1,2718.98,2719.22,0.21,3.5699999999954164,610.9614631300302,TIME,drift,0.005843249067962274
2024-12-13 01:15:00,2024-12-13 09:10:00,1,2681.0600000000004,2687.84,0.21,140.90999999999465,605.0603014807189,TIME,drift,0.23288587873829458
2024-12-13 01:05:00,2024-12-13 23:00:00,1,2680.69,2647.83,0.1,-329.30000000000126,588.9559648442604,TIME,friday,-0.5591249934739674
2024-12-17 01:15:00,2024-12-17 09:10:00,1,2652.18,2650.32,0.3,-57.89999999999018,607.4659996801744,TIME,drift,-0.0953139764702453
2024-12-18 01:15:00,2024-12-18 09:10:00,1,2646.4900000000002,2647.05,0.26,12.739999999998583,601.3804728507466,TIME,drift,0.02118459207630517
2024-12-19 01:15:00,2024-12-19 09:10:00,1,2589.91,2613.93,0.18,431.0999999999996,600.0040908517949,TIME,drift,0.7184951012383751
2024-12-20 01:15:00,2024-12-20 09:10:00,1,2595.41,2607.15,0.2,233.40000000000472,599.703375271756,TIME,drift,0.3891924068198538
2024-12-20 01:05:00,2024-12-20 23:00:00,1,2594.4,2622.71,0.1,282.39999999999947,599.4331604854366,TIME,friday,0.4711117412511924
2024-12-24 01:15:00,2024-12-24 09:10:00,1,2614.73,2620.56,0.28,161.27999999999798,617.9164900220032,TIME,drift,0.26100614339367284
2024-12-26 01:15:00,2024-12-26 09:10:00,1,2618.21,2628.16,0.35000000000000003,345.7999999999937,614.061553561737,TIME,drift,0.5631357279970588
2024-12-27 01:15:00,2024-12-27 09:10:00,1,2632.84,2637.13,0.35000000000000003,147.69999999999874,621.1649721667558,TIME,drift,0.23777902267217302
2024-12-27 01:05:00,2024-12-27 19:50:00,1,2633.47,2615.42,0.11,-199.319999999997,596.5154424272968,NEWS,friday,-0.3341405533257257
2024-12-30 18:15:00,2024-12-30 23:45:00,-1,2600.2799999999997,2607.47,0.17,-123.42000000000093,603.372739291916,TIME,tday,-0.20455017597387584
2024-12-31 01:15:00,2024-12-31 09:10:00,1,2604.59,2608.4,0.26,97.23999999999859,613.2214561888786,TIME,drift,0.15857240319726787
2025-01-02 01:15:00,2025-01-02 09:10:00,1,2625.1,2634.37,0.3,275.99999999999943,626.805765593262,TIME,drift,0.4403277939518787
2025-01-02 01:10:00,2025-01-02 15:20:00,1,2625.49,2637.63,0.09,108.63000000000294,620.388815403964,NEWS,tom,0.17509986850628326
2025-01-03 01:15:00,2025-01-03 09:10:00,1,2658.29,2656.05,0.25,-57.74999999999454,628.7141951981131,TIME,drift,-0.09185413728697034
2025-01-03 01:05:00,2025-01-03 16:50:00,1,2658.04,2648.85,0.12,-111.12000000000064,626.1646143036812,NEWS,friday,-0.1774613216104048
2025-01-07 01:15:00,2025-01-07 09:10:00,1,2635.85,2641.49,0.21,116.96999999999733,601.5988939550332,TIME,drift,0.1944318734215298
2025-01-08 01:15:00,2025-01-08 09:10:00,1,2649.3700000000003,2653.68,0.25,105.99999999998727,626.9666761452426,TIME,drift,0.16906799680599197
2025-01-09 01:15:00,2025-01-09 09:10:00,1,2662.43,2665.37,0.24,68.8800000000013,621.71697108825,TIME,drift,0.11078996264077225
2025-01-10 01:15:00,2025-01-10 09:10:00,1,2670.77,2677.62,0.3,203.39999999999728,623.7417974652377,TIME,drift,0.32609647265354724
2025-01-10 01:05:00,2025-01-10 15:20:00,1,2670.64,2679.12,0.12,100.9200000000002,589.1177049716206,NEWS,friday,0.1713070226006224
2025-01-10 18:15:00,2025-01-10 23:45:00,1,2691.55,2689.64,0.19,-37.620000000005874,622.2897996922661,TIME,tday,-0.06045414856327336
2025-01-14 01:15:00,2025-01-14 09:10:00,1,2665.6,2669.34,0.24,88.08000000000567,609.1208423068807,TIME,drift,0.14460184889820293
2025-01-15 01:15:00,2025-01-15 09:10:00,1,2676.71,2681.44,0.28,130.4800000000005,614.2733930342063,TIME,drift,0.212413562885239
2025-01-16 01:15:00,2025-01-16 09:10:00,1,2695.93,2696.36,0.27,9.720000000007857,611.6672842950559,TIME,drift,0.01589099212852314
2025-01-16 18:15:00,2025-01-16 23:45:00,1,2718.8300000000004,2713.78,0.19,-97.28000000000345,603.7776967672539,TIME,tday,-0.16111890273665283
2025-01-17 01:15:00,2025-01-17 09:10:00,1,2714.43,2714.23,0.27,-7.289999999995089,612.9087478577884,TIME,drift,-0.011894103364448258
2025-01-17 01:05:00,2025-01-17 23:00:00,1,2714.36,2701.09,0.13,-173.41999999999976,623.574327558266,TIME,friday,-0.27810638176696845
2025-01-21 01:15:00,2025-01-21 09:10:00,1,2707.11,2724.13,0.26,440.6999999999996,616.1882313482208,TIME,drift,0.7152035329135503
2025-01-21 18:15:00,2025-01-21 23:45:00,1,2740.54,2744.07,0.2,69.200000000004,610.9483849154727,TIME,tday,0.11326652415912042
2025-01-22 01:15:00,2025-01-22 09:10:00,1,2743.3300000000004,2749.87,0.25,161.74999999998772,619.2396801942325,TIME,drift,0.2612074212512557
2025-01-23 01:15:00,2025-01-23 09:10:00,1,2755.33,2753.72,0.15,-25.20000000000191,330.83452524437166,TIME,drift,-0.07617101020937242
2025-01-21 08:00:00,2025-01-23 15:20:00,1,2726.38,2742.8,0.27,355.611600000002,615.8968265972452,NEWS,trendH4,0.5773882647921936
2025-01-21 20:00:00,2025-01-23 15:20:00,1,2740.3700000000003,2742.8,0.26,-21.299200000004262,630.101338585152,NEWS,trendH4,-0.03380281661967281
2025-01-22 04:00:00,2025-01-23 15:20:00,1,2748.22,2742.8,0.27,-212.60879999998969,627.8502199220643,NEWS,trendH4,-0.3386298089158606
2025-01-24 01:15:00,2025-01-24 09:10:00,1,2754.45,2773.23,0.27,505.1700000000054,614.4150312562778,TIME,drift,0.8221966818863432
2025-01-24 01:05:00,2025-01-24 16:50:00,1,2754.15,2778.27,0.14,336.6999999999985,633.642806757383,NEWS,friday,0.5313719281735938
2025-01-24 08:00:00,2025-01-24 16:50:00,1,2775.4,2778.27,0.27,75.59999999999707,627.8366605982924,NEWS,trendH4,0.12041348450081682
2025-01-24 16:00:00,2025-01-24 16:50:00,1,2782.61,2778.27,0.27,-119.07000000000394,623.2760111899588,NEWS,trendH4,-0.19103895844262553
2025-01-28 01:15:00,2025-01-28 09:10:00,1,2740.86,2740.84,0.22,-1.9799999999995999,616.8245292389657,TIME,drift,-0.003209989074919753
2025-01-28 18:15:00,2025-01-28 23:45:00,1,2757.5200000000004,2763.62,0.2,120.5999999999891,623.8815565694745,TIME,tday,0.19330592278305195
2025-01-29 01:15:00,2025-01-29 09:10:00,1,2764.2400000000002,2759.59,0.34,-160.4800000000031,626.8121921855956,TIME,drift,-0.25602565170347846
2025-01-30 01:15:00,2025-01-30 09:10:00,1,2760.15,2765.82,0.29,162.4000000000021,635.2883508940231,TIME,drift,0.25563195007662465
2025-01-30 18:15:00,2025-01-30 23:45:00,1,2794.0800000000004,2792.89,0.21,-26.460000000010695,639.0234806798635,TIME,tday,-0.04140692916613899
2025-01-31 01:15:00,2025-01-31 09:10:00,1,2795.65,2794.11,0.26,-41.859999999999054,625.0175542602578,TIME,drift,-0.06697411891021626
2025-01-30 20:00:00,2025-01-31 16:35:00,1,2795.82,2808.8,0.28,339.22560000000055,625.3047031274825,NEWS,trendH4,0.5424964794017257
2025-01-31 01:05:00,2025-01-31 16:35:00,1,2794.6600000000003,2808.8,0.13,182.90999999999835,606.6997358923313,NEWS,friday,0.3014835662174389
2025-01-31 16:00:00,2025-01-31 16:35:00,1,2806.6400000000003,2808.8,0.29,60.60999999999578,630.8188109634864,NEWS,trendH4,0.09608147212259348
2025-01-31 20:00:00,2025-02-03 01:38:00,1,2808.7,2786.6457458477475,0.29,-664.6525704153158,640.1533704153118,SL,trendH4,-1.0382708287298554
2025-02-03 01:10:00,2025-02-03 16:35:00,1,2802.3,2815.47,0.1,130.99999999999622,614.8568913260301,NEWS,tom,0.21305770797733972
2025-02-03 18:15:00,2025-02-03 23:45:00,1,2819.78,2813.22,0.2,-132.60000000000804,615.55689132603,TIME,tday,-0.21541469499977764
2025-02-04 01:15:00,2025-02-04 09:10:00,1,2813.35,2812.93,0.19,-9.310000000001384,615.3991897984814,TIME,drift,-0.015128391707909196
2025-02-04 16:00:00,2025-02-04 16:50:00,1,2831.82,2840.82,0.23,205.39000000000001,617.8568493375224,NEWS,trendH4,0.3324232793085049
2025-02-04 18:15:00,2025-02-04 23:45:00,1,2837.8300000000004,2842.14,0.19,80.55999999999032,622.4155434197481,TIME,tday,0.12943121496832835
2025-02-05 01:15:00,2025-02-05 09:10:00,1,2841.46,2855.14,0.23,313.0299999999962,635.1104215303479,TIME,drift,0.4928749228295233
2025-02-04 20:00:00,2025-02-05 15:05:00,1,2844.19,2869.84,0.23,570.0596000000021,624.7185068706455,NEWS,trendH4,0.9125063428256
2025-02-05 08:00:00,2025-02-05 15:05:00,1,2859.42,2869.84,0.24,248.4000000000017,628.6195602555338,NEWS,trendH4,0.3951515601885298
2025-02-05 12:00:00,2025-02-05 15:05:00,1,2870.48,2869.84,0.24,-17.039999999996944,638.8885822427563,NEWS,trendH4,-0.026671317149196308
2025-02-06 01:15:00,2025-02-06 09:10:00,1,2866.73,2860.04,0.2,-135.2000000000011,635.0314164052852,TIME,drift,-0.21290285253181038
2025-02-07 01:15:00,2025-02-07 09:10:00,1,2856.5,2862.46,0.22,129.5800000000008,628.7313500903964,TIME,drift,0.20609756453431236
2025-02-07 01:05:00,2025-02-07 15:20:00,1,2856.19,2860.54,0.12,51.3599999999989,615.3757568681405,NEWS,friday,0.08346120143144355
2025-02-10 18:15:00,2025-02-10 23:45:00,1,2908.41,2907.85,0.18,-11.339999999999018,615.9232028061301,TIME,tday,-0.018411386270779005
2025-02-11 01:15:00,2025-02-11 09:10:00,1,2911.38,2915.66,0.22,92.61999999999439,635.4455806633292,TIME,drift,0.14575599047098603
2025-02-11 04:00:00,2025-02-11 11:59:00,1,2934.06,2903.5910267056797,0.21,-641.3184391807247,640.2684391807176,SL,trendH4,-1.0016399371509717
2025-02-10 12:00:00,2025-02-11 16:50:00,1,2903.25,2900.75,0.21,-70.6608,631.6090590074887,NEWS,trendH4,-0.11187426619725258
2025-02-12 01:15:00,2025-02-12 09:10:00,1,2898.33,2893.46,0.18,-88.91999999999804,641.0423259583649,TIME,drift,-0.13871158954607515
2025-02-13 01:15:00,2025-02-13 09:10:00,1,2904.37,2916.35,0.19,226.29000000000033,633.0606834679036,TIME,drift,0.35745388382103394
2025-02-13 18:15:00,2025-02-13 19:50:00,1,2920.16,2918.56,0.16,-26.719999999998546,610.1825580061774,NEWS,tday,-0.04379017336599785
2025-02-14 01:15:00,2025-02-14 09:10:00,1,2928.19,2933.49,0.24,125.51999999999344,640.3640952339388,TIME,drift,0.19601348816119724
2025-02-14 01:05:00,2025-02-14 15:20:00,1,2928.37,2928.92,0.11,5.280000000002001,618.192137019308,NEWS,friday,0.008541033901628373
2025-02-17 18:15:00,2025-02-18 03:30:00,1,2901.0,2895.11,0.16,-108.07679999999797,629.021491342061,TIME,tday,-0.17181734088196035
2025-02-18 01:15:00,2025-02-18 09:10:00,1,2897.76,2914.77,0.25,423.4999999999941,632.4225968679576,TIME,drift,0.6696471664633069
2025-02-18 18:15:00,2025-02-18 23:45:00,1,2928.42,2935.37,0.16,110.0799999999971,615.6228133890567,TIME,tday,0.1788107873943092
2025-02-19 01:15:00,2025-02-19 09:10:00,1,2935.0,2933.33,0.27,-46.980000000001965,633.6710534500846,TIME,drift,-0.07413941309803362
2025-02-20 01:15:00,2025-02-20 09:10:00,1,2934.18,2948.4,0.21,297.1500000000053,617.9116839210271,TIME,drift,0.4808939654845285
2025-02-19 12:00:00,2025-02-20 15:20:00,1,2945.7,2944.68,0.22,-76.43679999999961,630.8972350317575,NEWS,trendH4,-0.12115570612090573
2025-02-20 12:00:00,2025-02-20 15:20:00,1,2951.68,2944.68,0.22,-155.54,630.265097659267,NEWS,trendH4,-0.24678504422608502
2025-02-21 01:15:00,2025-02-21 09:10:00,1,2939.08,2932.43,0.22,-147.840000000002,626.6847613605571,TIME,drift,-0.23590808188639464
2025-02-21 01:05:00,2025-02-21 16:50:00,1,2939.82,2937.82,0.11,-22.77,621.1542911069605,NEWS,friday,-0.0366575588802929
2025-02-25 01:15:00,2025-02-25 09:10:00,1,2950.3,2937.95,0.21,-260.82000000000767,616.7121926411489,TIME,drift,-0.42292012889028935
2025-02-26 01:15:00,2025-02-26 09:10:00,1,2914.95,2909.77,0.16,-83.99999999999739,611.1115445102556,TIME,drift,-0.1374544479720391
2025-02-27 01:15:00,2025-02-27 09:10:00,1,2917.68,2891.29,0.21,-555.6599999999974,626.2163169984758,TIME,drift,-0.8873291623305782
2025-02-28 01:15:00,2025-02-28 09:10:00,1,2877.88,2864.3,0.17,-232.04999999999876,607.140778900205,TIME,drift,-0.3822013082704507
2025-02-28 01:05:00,2025-02-28 16:35:00,1,2876.85,2844.05,0.1,-328.69999999999726,602.6269953265831,NEWS,friday,-0.5454451966956178
2025-03-03 01:10:00,2025-03-03 16:35:00,1,2874.03,2878.79,0.07,32.82999999999834,574.6200626163723,NEWS,tom,0.05713340367984385
2025-03-03 18:15:00,2025-03-03 23:45:00,1,2887.63,2894.08,0.15,95.69999999999727,616.1893528032559,TIME,tday,0.15530940215799782
2025-03-04 01:15:00,2025-03-04 09:10:00,1,2892.79,2889.67,0.19,-60.609999999997925,632.1066477121159,TIME,drift,-0.09588571836631261
2025-03-05 01:15:00,2025-03-05 09:10:00,1,2917.12,2918.57,0.18,24.840000000004906,609.4081263032606,TIME,drift,0.04076086111730604
2025-03-06 01:15:00,2025-03-06 09:10:00,1,2917.82,2920.8,0.17,49.47000000000032,630.114828847681,TIME,drift,0.0785094997533518
2025-03-07 01:15:00,2025-03-07 09:10:00,1,2911.16,2913.39,0.19,41.04000000000035,619.1862399336281,TIME,drift,0.06628054267549535
2025-03-07 01:05:00,2025-03-07 15:20:00,1,2912.83,2914.58,0.1,16.8,607.6657058364692,NEWS,friday,0.02764677986373169
2025-03-11 01:15:00,2025-03-11 09:10:00,1,2887.7400000000002,2895.97,0.17,138.71999999999258,617.8734222832182,TIME,drift,0.22451200358704973
2025-03-11 18:15:00,2025-03-11 23:45:00,1,2919.67,2916.64,0.16,-49.6000000000032,638.3534927149021,TIME,tday,-0.0776998960075484
2025-03-12 01:15:00,2025-03-12 09:10:00,1,2917.54,2920.23,0.24,62.88000000000131,629.2878250838551,TIME,drift,0.09992247981537272
2025-03-12 18:15:00,2025-03-12 19:50:00,1,2928.1600000000003,2934.6,0.15,95.549999999994,600.6237994616334,NEWS,tday,0.15908460518154596
2025-03-13 01:15:00,2025-03-13 09:10:00,1,2935.36,2935.48,0.24,1.1999999999973807,628.9003908420618,TIME,drift,0.001908092310756317
2025-03-13 18:15:00,2025-03-13 19:50:00,1,2972.8500000000004,2981.96,0.16,144.63999999999476,634.3550013715225,NEWS,tday,0.22801112892193232
2025-03-14 01:15:00,2025-03-14 09:10:00,1,2983.93,2984.31,0.21,6.510000000002292,636.3532592142326,TIME,drift,0.010230166822812888
2025-03-14 01:05:00,2025-03-14 23:00:00,1,2984.48,2983.93,0.1,-6.200000000001819,612.1251128011025,TIME,friday,-0.010128648327513368
2025-03-18 01:15:00,2025-03-18 09:10:00,1,3000.62,3016.35,0.27,422.8200000000005,634.7704644001988,TIME,drift,0.6660990447933451
2025-03-18 18:15:00,2025-03-18 23:45:00,1,3029.2200000000003,3033.91,0.16,73.91999999999359,614.1039132701295,TIME,tday,0.1203705079916629
2025-03-19 01:15:00,2025-03-19 09:10:00,1,3032.98,3042.81,0.25,243.99999999999818,635.2844440596274,TIME,drift,0.3840799224372264
2025-03-18 08:00:00,2025-03-19 17:20:00,1,3014.63,3027.61,0.23,278.6496000000004,629.3112180631501,NEWS,trendH4,0.44278505134170115
2025-03-18 12:00:00,2025-03-19 17:20:00,1,3026.8100000000004,3027.61,0.22,-1.4256000000060034,618.3713677182532,NEWS,trendH4,-0.002305410752225426
2025-03-18 16:00:00,2025-03-19 17:20:00,1,3034.4500000000003,3027.61,0.22,-169.5056000000032,626.2277993323407,NEWS,trendH4,-0.27067722030341573
2025-03-20 01:15:00,2025-03-20 09:10:00,1,3049.7,3048.78,0.21,-20.789999999991977,642.1749589975948,TIME,drift,-0.03237435485252212
2025-03-20 04:00:00,2025-03-20 15:20:00,1,3053.4,3036.87,0.23,-381.8000000000046,644.6517594081366,NEWS,trendH4,-0.5922577491303836
2025-03-21 01:15:00,2025-03-21 09:10:00,1,3044.58,3031.72,0.23,-297.39000000000294,619.3424855778275,TIME,drift,-0.48017051457812915
2025-03-21 01:05:00,2025-03-21 23:00:00,1,3045.18,3019.91,0.11,-278.7399999999998,615.7632650327726,TIME,friday,-0.4526739671376215
2025-03-25 01:15:00,2025-03-25 09:10:00,1,3011.28,3016.14,0.21,100.58999999999311,616.6979637063922,TIME,drift,0.1631106407347952
2025-03-26 01:15:00,2025-03-26 09:10:00,1,3022.19,3024.47,0.26,57.45999999999338,625.1812235809859,TIME,drift,0.09190935017348616
2025-03-27 01:15:00,2025-03-27 09:10:00,1,3018.7900000000004,3029.3,0.28,292.3199999999934,638.2761892685338,TIME,drift,0.457983557768296
2025-03-27 18:15:00,2025-03-27 23:45:00,1,3056.15,3056.35,0.17,2.209999999996908,607.129765342751,TIME,tday,0.0036400784908795693
2025-03-28 01:15:00,2025-03-28 09:10:00,1,3055.4500000000003,3081.28,0.22,566.7199999999984,622.2405409958438,TIME,drift,0.910773186030294
2025-03-28 01:05:00,2025-03-28 23:00:00,1,3056.29,3080.74,0.11,268.179999999998,596.462078428656,TIME,friday,0.44961785451055386
2025-03-28 04:00:00,2025-03-31 16:35:00,1,3062.09,3112.41,0.23,1137.4695999999933,616.4530422494191,NEWS,trendH4,1.845184502374098
2025-03-28 08:00:00,2025-03-31 16:35:00,1,3074.01,3112.41,0.23,863.3095999999917,622.1198901369481,NEWS,trendH4,1.3876900798171719
2025-03-31 08:00:00,2025-03-31 16:35:00,1,3113.58,3112.41,0.2,-24.800000000001454,625.0462591517113,NEWS,trendH4,-0.039677063316336074
2025-03-31 12:00:00,2025-03-31 16:35:00,1,3122.46,3112.41,0.2,-202.40000000000367,634.7839461941248,NEWS,trendH4,-0.3188486432486231
2025-03-31 18:15:00,2025-03-31 23:45:00,1,3125.2400000000002,3124.5,0.18,-14.580000000004256,646.5640534731842,TIME,tday,-0.022549969986243524
2025-04-01 01:15:00,2025-04-01 09:10:00,1,3124.65,3129.03,0.18,77.58000000000196,653.1349591910878,TIME,drift,0.11878096388545077
2025-04-01 01:10:00,2025-04-01 16:35:00,1,3125.16,3130.76,0.08,44.24000000000291,591.706202866755,NEWS,tom,0.07476683493542016
2025-04-01 08:00:00,2025-04-01 16:35:00,1,3144.97,3130.76,0.2,-285.5999999999916,636.3934590585386,NEWS,trendH4,-0.44877896831702146
2025-04-02 01:15:00,2025-04-02 09:10:00,1,3112.5400000000004,3116.07,0.17,58.81999999999568,635.0492656217933,TIME,drift,0.09262273524937231
2025-04-03 01:15:00,2025-04-03 09:10:00,1,3144.71,3130.75,0.14,-196.42000000000053,648.3093012634653,TIME,drift,-0.30297267001600175
2025-04-03 04:00:00,2025-04-03 13:17:00,1,3151.5200000000004,3111.695805297523,0.16,-638.3071152396416,637.5071152396373,SL,trendH4,-1.0012548879547856
2025-04-04 01:15:00,2025-04-04 09:10:00,1,3114.6,3107.58,0.09,-63.80999999999984,619.9760454252797,TIME,drift,-0.10292333142682736
2025-04-04 01:05:00,2025-04-04 15:20:00,1,3114.69,3100.89,0.1,-138.7000000000018,648.4096372875799,NEWS,friday,-0.2139079865934907
2025-04-08 01:15:00,2025-04-08 09:10:00,1,2983.8500000000004,3004.04,0.07,140.8399999999972,601.1625284559282,TIME,drift,0.23427940587338572
2025-04-09 01:15:00,2025-04-09 09:10:00,1,2981.86,3017.58,0.11,392.1499999999978,611.0243592337777,TIME,drift,0.6417911071364691
2025-04-09 18:15:00,2025-04-09 19:50:00,1,3075.19,3090.36,0.12,181.20000000000087,624.8842633005285,NEWS,tday,0.2899736969577925
2025-04-10 01:15:00,2025-04-10 09:10:00,1,3076.03,3122.79,0.07,326.82999999999834,587.8541514405179,TIME,drift,0.5559712374219214
2025-04-10 18:15:00,2025-04-10 19:50:00,1,3159.59,3165.54,0.11,64.679999999998,633.8105336427117,NEWS,tday,0.10204942418400871
2025-04-11 01:15:00,2025-04-11 09:10:00,1,3180.01,3196.79,0.09,150.3899999999977,598.3617059331067,TIME,drift,0.2513362712031749
2025-04-11 01:05:00,2025-04-11 15:20:00,1,3179.66,3218.17,0.07,269.0800000000015,640.2916093651311,NEWS,friday,0.42024601925801064
2025-04-11 04:00:00,2025-04-11 15:20:00,1,3205.82,3218.17,0.09,110.51999999999917,638.7800725796274,NEWS,trendH4,0.1730172945966818
2025-04-11 18:15:00,2025-04-11 23:45:00,1,3236.9,3236.0,0.1,-9.700000000000909,610.0348660620296,TIME,tday,-0.015900730498598407
2025-04-15 01:15:00,2025-04-15 09:10:00,1,3212.82,3226.26,0.12,160.44000000000065,649.4984016832503,TIME,drift,0.2470213930999704
2025-04-16 01:15:00,2025-04-16 09:10:00,1,3232.4,3287.75,0.18,995.0399999999984,647.8495025969366,TIME,drift,1.535912269765326
2025-04-11 16:00:00,2025-04-16 15:20:00,1,3233.86,3306.22,0.09,629.150399999997,622.301040977958,NEWS,trendH4,1.0110065042013672
2025-04-16 04:00:00,2025-04-16 15:20:00,1,3264.6600000000003,3306.22,0.12,497.87999999999386,650.915498470712,NEWS,trendH4,0.7648919117300692
2025-04-16 08:00:00,2025-04-16 15:20:00,1,3283.97,3306.22,0.12,266.16,656.7037235471762,NEWS,trendH4,0.4052969253202044
2025-04-16 12:00:00,2025-04-16 15:20:00,1,3307.2000000000003,3306.22,0.11,-11.550000000005202,609.2959925889993,NEWS,trendH4,-0.018956303899074316
2025-04-16 18:15:00,2025-04-16 20:20:00,1,3309.4800000000005,3328.89,0.11,212.7399999999934,641.0696577303597,NEWS,tday,0.3318516130574284
2025-04-16 20:00:00,2025-04-16 20:20:00,1,3327.56,3328.89,0.12,15.119999999999127,666.9514999762603,NEWS,trendH4,0.022670314109102856
2025-04-17 01:15:00,2025-04-17 09:10:00,1,3354.44,3329.49,0.13,-325.2600000000036,644.5271933648925,TIME,drift,-0.5046489944076897
2025-04-17 04:00:00,2025-04-17 15:20:00,1,3345.5000000000005,3333.77,0.12,-141.60000000000568,641.7874287285749,NEWS,trendH4,-0.22063380125803497
2025-04-21 04:00:00,2025-04-23 01:00:00,1,3369.03,3329.2771677602323,0.11,-455.5367546374473,626.8270515458147,SL,trendH4,-0.7267343576095682
2025-04-21 08:00:00,2025-04-23 01:00:00,1,3376.73,3332.4233093722205,0.11,-505.62919690557464,615.2911989685243,SL,trendH4,-0.8217721913676201
2025-04-21 12:00:00,2025-04-23 01:00:00,1,3393.03,3337.8737146345366,0.12,-681.7906243855638,662.1154243855616,SL,trendH4,-1.0297156647849741
2025-04-21 16:00:00,2025-04-23 01:00:00,1,3415.1200000000003,3354.1499999999996,0.12,-751.5552000000085,664.1876531662838,SL,trendH4,-1.1315404561003661
2025-04-23 01:15:00,2025-04-23 09:10:00,1,3335.5600000000004,3313.59,0.07,-154.28000000000182,626.9456341064051,TIME,drift,-0.24608194332495734
2025-04-24 01:15:00,2025-04-24 09:10:00,1,3310.31,3326.14,0.07,110.3199999999995,651.9940947716236,TIME,drift,0.16920398648494153
2025-04-25 01:15:00,2025-04-25 09:10:00,1,3344.45,3291.25,0.1,-532.6999999999983,650.8542181979606,TIME,drift,-0.8184628525184959
2025-04-25 01:05:00,2025-04-25 23:00:00,1,3345.4000000000005,3304.76,0.05,-203.55000000000163,562.6515579548527,TIME,friday,-0.36176919289066384
2025-04-29 01:15:00,2025-04-29 09:10:00,1,3339.43,3312.99,0.1,-265.10000000000053,612.1559651055027,TIME,drift,-0.4330595715984105
2025-04-30 01:15:00,2025-04-30 09:10:00,1,3320.19,3309.01,0.12,-134.99999999999804,606.6376656220948,TIME,drift,-0.22253811072142748
2025-05-01 01:15:00,2025-05-01 07:38:00,1,3276.7400000000002,3221.9335290331524,0.11,-603.6411806353267,603.0911806353262,SL,drift,-1.0009119682357501
2025-05-01 01:10:00,2025-05-01 15:20:00,1,3285.26,3208.19,0.04,-308.5600000000006,597.2411987157724,NEWS,tom,-0.516642188555456
2025-05-02 01:15:00,2025-05-02 09:10:00,1,3236.59,3253.87,0.11,189.3099999999972,637.2760945300145,TIME,drift,0.2970611978464556
2025-05-02 01:05:00,2025-05-02 15:20:00,1,3239.37,3261.92,0.05,112.40000000000092,567.2546149534627,NEWS,friday,0.19814735224185379
2025-05-02 18:15:00,2025-05-02 23:45:00,1,3263.4700000000003,3239.39,0.08,-193.20000000000306,605.2582559503603,TIME,tday,-0.31920258517852945
2025-05-05 18:15:00,2025-05-05 23:45:00,1,3312.09,3332.49,0.08,162.6399999999971,588.5740948110487,TIME,tday,0.27632884531251717
2025-05-06 01:15:00,2025-05-06 09:10:00,1,3330.2500000000005,3359.06,0.13,373.6199999999934,613.3200936954388,TIME,drift,0.6091761933785995
2025-05-06 18:15:00,2025-05-06 19:50:00,1,3395.34,3408.91,0.08,107.99999999999768,603.6588023245454,NEWS,tday,0.1789090121507639
2025-05-07 01:15:00,2025-05-07 09:10:00,1,3412.98,3393.12,0.11,-219.2300000000014,603.1565829584194,TIME,drift,-0.3634711220835913
2025-05-08 01:15:00,2025-05-08 09:10:00,1,3367.44,3357.64,0.1,-98.70000000000182,625.3865986402013,TIME,drift,-0.1578223777334028
2025-05-09 01:15:00,2025-05-09 09:10:00,1,3313.75,3322.4,0.09,77.22000000000082,587.0377384899458,TIME,drift,0.13154179865614102
2025-05-09 01:05:00,2025-05-09 23:00:00,1,3310.6,3328.82,0.05,90.75000000000128,610.9143911854362,TIME,friday,0.14854781833491812
2025-05-09 18:15:00,2025-05-09 23:45:00,1,3340.88,3328.93,0.07,-84.14000000000192,570.3500984397406,TIME,tday,-0.14752342505099364
2025-05-13 01:15:00,2025-05-13 09:10:00,1,3236.19,3249.08,0.11,141.0199999999986,644.3554188870387,TIME,drift,0.21885437115369502
2025-05-14 01:15:00,2025-05-14 09:10:00,1,3250.47,3236.05,0.13,-188.36999999999503,614.8716183582912,TIME,drift,-0.3063566350695181
2025-05-15 01:15:00,2025-05-15 08:54:00,1,3180.8,3129.159338419818,0.12,-620.5279389621845,619.9279389621848,SL,drift,-1.0009678544267646
2025-05-15 18:15:00,2025-05-15 23:45:00,1,3209.57,3236.85,0.07,190.46999999999824,572.2648852441025,TIME,tday,0.332835379054845
2025-05-16 01:15:00,2025-05-16 09:10:00,1,3245.41,3225.04,0.12,-245.2799999999987,640.5200409818907,TIME,drift,-0.38293883767320475
2025-05-16 01:05:00,2025-05-16 23:00:00,1,3241.95,3192.57,0.05,-247.2499999999983,633.4290950132653,TIME,friday,-0.39033571704631026
2025-05-20 01:15:00,2025-05-20 09:10:00,1,3226.97,3216.51,0.12,-126.35999999999497,597.3859807161368,TIME,drift,-0.21152153562177106
2025-05-20 18:15:00,2025-05-20 23:45:00,1,3279.33,3290.39,0.07,76.92999999999962,579.7472240821041,TIME,tday,0.13269576257445737
2025-05-21 01:15:00,2025-05-21 09:10:00,1,3300.03,3311.14,0.13,143.51999999999575,600.6058875010699,TIME,drift,0.23895869652083637
2025-05-22 01:15:00,2025-05-22 09:10:00,1,3317.54,3333.0,0.13,200.07000000000048,601.269052783666,TIME,drift,0.3327462124879805
2025-05-23 01:15:00,2025-05-23 09:10:00,1,3296.85,3327.91,0.12,371.87999999999937,641.7522292672342,TIME,drift,0.57947597692745
2025-05-23 01:05:00,2025-05-23 16:50:00,1,3297.62,3343.46,0.05,228.85000000000073,594.4731796549809,NEWS,friday,0.384962699465803
2025-05-23 18:15:00,2025-05-23 23:45:00,1,3357.28,3358.0,0.08,5.199999999998399,634.2913916319795,TIME,tday,0.008198124818656654
2025-05-27 01:15:00,2025-05-27 09:10:00,1,3343.85,3325.14,0.2,-375.6000000000007,620.7959838982217,TIME,drift,-0.6050296872757791
2025-05-28 01:15:00,2025-05-28 09:10:00,1,3303.81,3300.61,0.16,-52.31999999999709,627.2639110087796,TIME,drift,-0.08340986797065196
2025-05-29 01:15:00,2025-05-29 04:16:00,1,3290.69,3247.969350243206,0.15,-641.8597463519106,641.1097463519076,SL,drift,-1.0011698465111016
2025-05-29 18:15:00,2025-05-29 18:50:00,1,3316.5,3319.19,0.08,20.960000000000438,587.0436473448816,NEWS,tday,0.03570432981397492
2025-05-30 01:15:00,2025-05-30 09:10:00,1,3316.88,3295.87,0.14,-295.12000000000313,611.9048774422956,TIME,drift,-0.48229718519907333
2025-05-30 01:05:00,2025-05-30 16:35:00,1,3317.92,3292.26,0.05,-128.64999999999927,556.8049608582673,NEWS,friday,-0.23105038396514332
2025-06-02 01:10:00,2025-06-02 16:35:00,1,3308.45,3356.26,0.04,190.9600000000016,580.6982469453314,NEWS,tom,0.32884549075964253
2025-06-02 18:15:00,2025-06-02 19:50:00,1,3374.98,3371.21,0.08,-30.719999999999853,580.9782469453315,NEWS,tday,-0.05287633428879571
2025-06-03 01:15:00,2025-06-03 09:10:00,1,3386.55,3362.61,0.15,-360.15000000000083,616.2372710773159,TIME,drift,-0.5844339784420712
2025-06-04 01:15:00,2025-06-04 09:10:00,1,3356.55,3351.43,0.17,-88.23000000000587,620.3036799150375,TIME,drift,-0.14223678313836646
2025-06-05 01:15:00,2025-06-05 09:10:00,1,3373.86,3366.18,0.15,-116.25000000000436,607.1096291123806,TIME,drift,-0.19148106771089543
2025-06-06 01:15:00,2025-06-06 09:10:00,1,3356.15,3362.85,0.13,86.18999999999764,612.1902006988166,TIME,drift,0.1407895779801956
2025-06-06 01:05:00,2025-06-06 15:20:00,1,3356.15,3358.17,0.06,11.699999999999891,632.4523525323121,NEWS,friday,0.01849941731286727
2025-06-10 01:15:00,2025-06-10 09:10:00,1,3324.93,3319.51,0.17,-93.32999999999352,610.4347999690792,TIME,drift,-0.15289102129288998
2025-06-11 01:15:00,2025-06-11 09:10:00,1,3322.11,3339.73,0.17,298.3499999999982,629.7965811698997,TIME,drift,0.4737243880330188
2025-06-12 01:15:00,2025-06-12 09:10:00,1,3361.26,3372.78,0.13,148.84999999999977,598.6549766751782,TIME,drift,0.24864071259657078
2025-06-13 01:15:00,2025-06-13 09:10:00,1,3382.86,3425.21,0.14,591.9199999999987,629.4719841777294,TIME,drift,0.9403436767296572
2025-06-13 01:05:00,2025-06-13 23:00:00,1,3384.16,3432.31,0.06,288.48000000000053,584.5518465311699,TIME,friday,0.4935062675995122
2025-06-17 01:15:00,2025-06-17 09:10:00,1,3387.97,3388.19,0.15,2.25000000000382,632.0555020061589,TIME,drift,0.0035598139607396304
2025-06-18 01:15:00,2025-06-18 09:10:00,1,3393.84,3386.05,0.14,-110.0399999999995,605.2904818865185,TIME,drift,-0.18179701034953677
2025-06-19 01:15:00,2025-06-19 09:10:00,1,3374.7400000000002,3354.88,0.15,-298.9500000000019,617.4150900035663,TIME,drift,-0.48419613456204175
2025-06-20 01:15:00,2025-06-20 09:10:00,1,3365.17,3345.36,0.17,-337.95999999999907,635.5202371323198,TIME,drift,-0.5317847965392696
2025-06-20 01:05:00,2025-06-20 15:20:00,1,3370.48,3347.26,0.07,-163.02999999999864,630.669045155009,NEWS,friday,-0.25850325341388575
2025-06-24 01:15:00,2025-06-24 09:10:00,1,3357.82,3328.15,0.13,-386.62000000000097,597.7259758289375,TIME,drift,-0.6468181334495781
2025-06-25 01:15:00,2025-06-25 09:10:00,1,3323.15,3331.06,0.14,109.75999999999797,610.6565503396675,TIME,drift,0.17974096886203186
2025-06-26 01:15:00,2025-06-26 09:10:00,1,3333.69,3331.53,0.2,-44.59999999999709,640.155870376329,TIME,drift,-0.06967053191869982
2025-06-27 01:15:00,2025-06-27 07:01:00,1,3324.54,3291.050819207363,0.19,-637.624435060102,636.6744350601025,SL,drift,-1.001492128390407
2025-06-27 01:05:00,2025-06-27 23:00:00,1,3325.46,3270.6,0.07,-384.5100000000009,580.5049532425828,TIME,friday,-0.6623716091520083
2025-07-01 01:15:00,2025-07-01 09:10:00,1,3304.48,3328.39,0.17,405.27999999999753,613.7592312199937,TIME,drift,0.6603240804939199
2025-07-01 01:10:00,2025-07-01 16:20:00,1,3302.78,3348.37,0.05,227.59999999999846,568.2698352672326,NEWS,tom,0.4005139563548505
2025-07-02 01:15:00,2025-07-02 09:10:00,1,3339.12,3337.87,0.22,-29.040000000000003,621.9646519090587,TIME,drift,-0.04669075631688169
2025-07-03 01:15:00,2025-07-03 09:10:00,1,3360.73,3360.45,0.22,-7.700000000004402,631.4842261894161,TIME,drift,-0.01219349538858435
2025-07-04 01:15:00,2025-07-04 09:10:00,1,3324.65,3341.55,0.18,302.94000000000165,634.8313757850696,TIME,drift,0.47719758593432526
2025-07-04 01:05:00,2025-07-07 04:15:00,1,3324.95,3311.0,0.07,-103.70359999999874,577.1441752865217,TIME,friday,-0.17968404506294355
2025-07-08 01:15:00,2025-07-08 09:10:00,1,3344.56,3332.74,0.2,-237.80000000000328,637.6521257657952,TIME,drift,-0.37293061591289267
2025-07-09 01:15:00,2025-07-09 09:10:00,1,3303.84,3290.05,0.19,-263.3399999999993,620.2657461739698,TIME,drift,-0.42455995937931207
2025-07-10 01:15:00,2025-07-10 09:10:00,1,3317.68,3322.75,0.19,95.00000000000311,607.1771343014748,TIME,drift,0.15646175495277106
2025-07-11 01:15:00,2025-07-11 09:10:00,1,3325.44,3335.88,0.21,217.77000000000112,615.4376769013892,TIME,drift,0.35384573966356975
2025-07-11 01:05:00,2025-07-11 23:00:00,1,3325.9,3356.38,0.08,243.28000000000014,588.8227367522433,TIME,friday,0.41316339335307317
2025-07-11 18:15:00,2025-07-11 23:45:00,1,3365.41,3357.91,0.12,-90.83999999999999,589.1027367522431,TIME,tday,-0.154200607691633
2025-07-15 01:15:00,2025-07-15 09:10:00,1,3342.15,3362.17,0.2,398.9999999999997,634.13183468233,TIME,drift,0.6292067014738029
2025-07-16 01:15:00,2025-07-16 09:10:00,1,3327.32,3341.21,0.19,262.5799999999976,639.1304454805518,TIME,drift,0.4108394489055641
2025-07-16 18:15:00,2025-07-16 23:45:00,1,3348.86,3347.29,0.13,-21.32000000000213,620.7497760076777,TIME,tday,-0.034345562131525335
2025-07-17 01:15:00,2025-07-17 09:10:00,1,3351.27,3335.53,0.16,-252.9599999999965,634.186174578427,TIME,drift,-0.3988734068006935
2025-07-18 01:15:00,2025-07-18 09:10:00,1,3339.94,3333.41,0.2,-132.000000000004,610.3576904450736,TIME,drift,-0.21626662867760288
2025-07-18 01:05:00,2025-07-18 23:00:00,1,3341.79,3348.23,0.08,50.96000000000043,576.2402298836616,TIME,friday,0.0884353388695004
2025-07-21 18:15:00,2025-07-21 23:45:00,1,3396.8500000000004,3397.96,0.13,13.519999999995743,607.3076122043977,TIME,tday,0.0222621941966461
2025-07-22 01:15:00,2025-07-22 09:10:00,1,3399.57,3386.41,0.24,-317.5200000000074,620.4782224378673,TIME,drift,-0.5117343180111416
2025-07-22 18:15:00,2025-07-22 23:45:00,1,3428.2700000000004,3428.68,0.13,4.419999999992196,618.0363541897977,TIME,tday,0.007151682858181548
2025-07-23 01:15:00,2025-07-23 09:10:00,1,3430.36,3422.47,0.22,-175.1200000000072,626.7165548381657,TIME,drift,-0.2794245638608153
2025-07-24 01:15:00,2025-07-24 09:10:00,1,3391.36,3375.64,0.18,-284.2200000000046,618.5330564798737,TIME,drift,-0.4595065648027378
2025-07-25 01:15:00,2025-07-25 09:10:00,1,3367.38,3356.0,0.2,-229.00000000000222,621.7009801100759,TIME,drift,-0.36834428017059967
2025-07-25 01:05:00,2025-07-25 15:20:00,1,3369.6000000000004,3343.29,0.08,-211.0400000000032,575.4627428195736,NEWS,friday,-0.36673095284323415
2025-07-29 01:15:00,2025-07-29 09:10:00,1,3312.9100000000003,3319.04,0.2,121.19999999999308,631.8603909695396,TIME,drift,0.19181452379697564
2025-07-30 01:15:00,2025-07-30 09:10:00,1,3327.13,3325.93,0.2,-25.400000000005456,618.8866318662311,TIME,drift,-0.04104144231296875
2025-07-31 01:15:00,2025-07-31 09:10:00,1,3277.6000000000004,3303.36,0.16,411.03999999999627,624.8930440371179,TIME,drift,0.6577765650013877
2025-08-01 01:15:00,2025-08-01 09:10:00,1,3291.55,3296.47,0.19,92.14999999999274,605.2932388410438,TIME,drift,0.15224025990515364
2025-08-01 01:05:00,2025-08-01 15:20:00,1,3291.8,3302.6,0.09,96.56999999999755,635.7796637578869,NEWS,friday,0.15189224428665063
2025-08-01 01:10:00,2025-08-01 15:20:00,1,3291.3,3302.6,0.06,67.37999999999836,564.9974788958993,NEWS,tom,0.11925716930926891
2025-08-05 01:15:00,2025-08-05 09:10:00,1,3374.97,3370.69,0.2,-86.99999999999491,615.790477446239,TIME,drift,-0.14128182098689623
2025-08-06 01:15:00,2025-08-06 09:10:00,1,3380.11,3376.15,0.21,-84.63000000000075,621.9966245499788,TIME,drift,-0.13606183162365462
2025-08-07 01:15:00,2025-08-07 09:10:00,1,3371.95,3377.52,0.23,126.50000000000377,624.2792700191154,TIME,drift,0.2026336706585345
2025-08-08 01:15:00,2025-08-08 09:10:00,1,3394.4800000000005,3395.76,0.16,19.359999999995924,602.1576199430299,TIME,drift,0.03215105042069811
2025-08-08 01:05:00,2025-08-08 23:00:00,1,3403.6,3398.51,0.09,-46.43999999999722,622.2639737454211,TIME,friday,-0.07463070651587587
2025-08-12 01:15:00,2025-08-12 09:10:00,1,3346.44,3349.78,0.15,49.05000000000218,632.2706579269458,TIME,drift,0.07757753643166776
2025-08-13 01:15:00,2025-08-13 09:10:00,1,3351.59,3352.49,0.17,14.109999999993816,637.6298231243038,TIME,drift,0.0221288269279135
2025-08-14 01:15:00,2025-08-14 09:10:00,1,3357.09,3359.58,0.22,53.2399999999952,633.6355979642058,TIME,drift,0.08402305705526782
2025-08-15 01:15:00,2025-08-15 09:10:00,1,3335.65,3341.97,0.2,124.99999999999417,637.8814678477183,TIME,drift,0.1959611719427401
2025-08-15 01:05:00,2025-08-15 15:20:00,1,3336.7700000000004,3337.63,0.09,7.109999999997053,593.8733534276239,NEWS,friday,0.011972249569644242
2025-08-19 01:15:00,2025-08-19 09:10:00,1,3333.2200000000003,3337.74,0.28,124.59999999998678,633.3439513674386,TIME,drift,0.1967335438050142
2025-08-20 01:15:00,2025-08-20 09:10:00,1,3316.8700000000003,3324.38,0.27,200.87999999999366,638.5582439935797,TIME,drift,0.31458367641403967
2025-08-21 01:15:00,2025-08-21 09:10:00,1,3351.0600000000004,3338.5,0.28,-353.6400000000112,620.58417493786,TIME,drift,-0.5698501738872437
2025-08-22 01:15:00,2025-08-22 09:10:00,1,3339.38,3329.95,0.26,-247.0000000000076,623.0325955150182,TIME,drift,-0.39644795758371143
2025-08-22 01:05:00,2025-08-22 16:50:00,1,3340.26,3333.28,0.1,-70.50000000000018,594.1807024007918,NEWS,friday,-0.11865077360329002
2025-08-22 18:15:00,2025-08-22 23:45:00,1,3376.7200000000003,3371.72,0.16,-81.12000000000728,634.1660825608445,TIME,tday,-0.1279160179497999
2025-08-26 01:15:00,2025-08-26 09:10:00,1,3365.4100000000003,3375.82,0.3,310.1999999999956,618.9032356444226,TIME,drift,0.5012092070855068
2025-08-26 18:15:00,2025-08-26 23:45:00,1,3381.66,3391.08,0.16,149.60000000000116,626.6219793509325,TIME,tday,0.2387404287269971
2025-08-27 01:15:00,2025-08-27 09:10:00,1,3389.69,3378.48,0.22,-248.16000000000082,631.781195459941,TIME,drift,-0.3927942170221427
2025-08-28 01:15:00,2025-08-28 09:10:00,1,3397.18,3391.44,0.26,-151.05999999999432,627.2391543485624,TIME,drift,-0.24083317974127766
2025-08-28 18:15:00,2025-08-28 23:45:00,1,3411.84,3416.67,0.16,76.15999999999883,613.8216046444265,TIME,tday,0.12407513750532886
2025-08-29 01:15:00,2025-08-29 09:10:00,1,3417.37,3411.51,0.24,-142.31999999999212,627.1493833256283,TIME,drift,-0.22693157927590082
2025-08-29 01:05:00,2025-08-29 16:35:00,1,3417.1800000000003,3420.94,0.11,40.589999999997396,632.9439919474529,NEWS,friday,0.06412889689514137
2025-08-29 18:15:00,2025-08-29 23:45:00,1,3442.49,3449.35,0.16,108.64000000000203,614.1372043126815,TIME,tday,0.17689858102895376
2025-09-01 18:15:00,2025-09-02 03:30:00,1,3478.61,3483.14,0.16,58.64319999999592,626.9331182903469,TIME,tday,0.09353980239537597
2025-08-29 20:00:00,2025-09-02 16:35:00,1,3449.39,3482.69,0.23,727.7292000000043,626.2965524918873,NEWS,trendH4,1.1619562603443054
2025-09-01 01:10:00,2025-09-02 16:35:00,1,3443.62,3482.69,0.08,305.6416000000013,626.373118290347,NEWS,tom,0.48795452913789505
2025-09-01 08:00:00,2025-09-02 16:35:00,1,3475.32,3482.69,0.2,130.10399999999782,607.7871351675932,NEWS,trendH4,0.21406178655644387
2025-09-02 08:00:00,2025-09-02 16:35:00,1,3496.93,3482.69,0.2,-286.1999999999956,608.6094455722749,NEWS,trendH4,-0.47025231383138
2025-09-02 18:15:00,2025-09-02 23:45:00,1,3511.91,3534.92,0.15,344.10000000000326,602.4140985116856,TIME,tday,0.571201771090901
2025-09-03 01:15:00,2025-09-03 09:10:00,1,3533.55,3531.22,0.15,-36.00000000000573,627.7251254437618,TIME,drift,-0.05734994273895921
2025-09-02 20:00:00,2025-09-03 16:50:00,1,3527.96,3552.85,0.18,432.4535999999977,639.4460835577769,NEWS,trendH4,0.6762940787656314
2025-09-03 16:00:00,2025-09-03 16:50:00,1,3550.8,3552.85,0.18,35.63999999999509,638.8168719097895,NEWS,trendH4,0.05579063667095504
2025-09-03 18:15:00,2025-09-03 23:45:00,1,3563.62,3562.22,0.15,-22.050000000001365,634.2988057608509,TIME,tday,-0.0347627960193809
2025-09-03 20:00:00,2025-09-04 05:45:00,1,3572.69,3536.67716509365,0.17,-653.9429934079541,612.5581934079497,SL,trendH4,-1.0675606014993633
2025-09-04 01:15:00,2025-09-04 06:12:00,1,3560.38,3521.098513835727,0.16,-629.623778628372,628.8237786283695,SL,drift,-1.0012722165210537
2025-09-05 01:15:00,2025-09-05 09:10:00,1,3540.8,3554.46,0.15,203.8499999999978,610.9852078472348,TIME,drift,0.3336414652627181
2025-09-05 01:05:00,2025-09-05 15:20:00,1,3545.63,3551.89,0.09,55.70999999999787,589.5491242664559,NEWS,friday,0.09449594224962136
2025-09-05 18:15:00,2025-09-05 23:45:00,1,3584.5,3589.79,0.14,73.07999999999949,611.710943683732,TIME,tday,0.11946819123409937
2025-09-05 16:00:00,2025-09-10 15:20:00,1,3580.58,3649.9,0.16,1069.8496000000027,634.419175826172,NEWS,trendH4,1.6863449920264337
2025-09-05 20:00:00,2025-09-10 15:20:00,1,3595.39,3649.9,0.15,780.8340000000034,605.2820784701847,NEWS,trendH4,1.2900332386736377
2025-09-08 12:00:00,2025-09-10 15:20:00,1,3611.43,3649.9,0.15,552.1560000000038,611.8805624894546,NEWS,trendH4,0.9023917964537725
2025-09-08 16:00:00,2025-09-10 15:20:00,1,3624.46,3649.9,0.15,356.70600000000076,607.2590343649822,NEWS,trendH4,0.5874033646498357
2025-09-11 01:15:00,2025-09-11 09:10:00,1,3640.2,3632.18,0.18,-145.61999999999966,647.0695211033163,TIME,drift,-0.22504537032080174
2025-09-12 01:15:00,2025-09-12 09:10:00,1,3637.07,3652.4,0.17,259.41999999999877,625.4553545012865,TIME,drift,0.414769812318339
2025-09-12 01:05:00,2025-09-12 23:00:00,1,3636.19,3644.15,0.09,71.01000000000033,611.76116107921,TIME,friday,0.11607471104365526
2025-09-15 18:15:00,2025-09-15 23:45:00,1,3665.03,3681.25,0.14,226.09999999999724,615.5866736318321,TIME,tday,0.36729190166845993
2025-09-16 01:15:00,2025-09-16 09:10:00,1,3678.02,3682.29,0.2,83.99999999999963,656.2165274880393,TIME,drift,0.12800652906678076
2025-09-15 20:00:00,2025-09-16 15:20:00,1,3679.4,3695.44,0.17,257.97839999999945,623.4408288141932,NEWS,trendH4,0.4137977303967782
2025-09-16 04:00:00,2025-09-16 15:20:00,1,3686.59,3695.44,0.18,158.03999999999837,626.9507714168564,NEWS,trendH4,0.2520772079805264
2025-09-16 12:00:00,2025-09-16 15:20:00,1,3694.4900000000002,3695.44,0.19,16.719999999996546,656.0479612705859,NEWS,trendH4,0.02548594155770939
2025-09-17 01:15:00,2025-09-17 09:10:00,1,3691.63,3676.68,0.21,-315.42000000000576,653.4247377821448,TIME,drift,-0.482718179710497
2025-09-18 01:15:00,2025-09-18 09:10:00,1,3663.56,3641.28,0.13,-290.5499999999967,617.0804613129541,TIME,drift,-0.47084621571358337
2025-09-19 01:15:00,2025-09-19 09:10:00,1,3643.03,3652.23,0.16,146.07999999999709,639.1536383628436,TIME,drift,0.22855224664631943
2025-09-19 01:05:00,2025-09-19 23:00:00,1,3643.29,3684.43,0.09,369.62999999999886,608.5112213206986,TIME,friday,0.6074333340932686
2025-09-19 18:15:00,2025-09-19 23:45:00,1,3672.39,3684.69,0.14,171.22000000000259,631.3753406288727,TIME,tday,0.27118575747583246
2025-09-22 18:15:00,2025-09-22 23:45:00,1,3725.39,3747.82,0.14,313.04000000000406,639.5371020125242,TIME,tday,0.48947902946508604
2025-09-23 01:15:00,2025-09-23 09:10:00,1,3745.1,3755.34,0.19,193.23000000000448,636.3642238060218,TIME,drift,0.3036468625535199
2025-09-22 12:00:00,2025-09-23 16:50:00,1,3720.54,3779.08,0.17,980.4783999999994,650.1521195450706,NEWS,trendH4,1.5080753727082628
2025-09-22 20:00:00,2025-09-23 16:50:00,1,3737.35,3779.08,0.17,694.7084000000002,656.653112889426,NEWS,trendH4,1.0579534100479966
2025-09-23 12:00:00,2025-09-23 16:50:00,1,3774.5,3779.08,0.17,76.66999999999877,661.4853325928926,NEWS,trendH4,0.11590582016303735
2025-09-23 16:00:00,2025-09-23 16:50:00,1,3784.54,3779.08,0.17,-94.01000000000062,657.0475659632486,NEWS,trendH4,-0.14307944336142472
2025-09-23 18:15:00,2025-09-23 19:25:00,1,3779.3,3777.6,0.14,-24.78000000000382,658.9658804402011,NEWS,tday,-0.03760437487818084
2025-09-24 01:15:00,2025-09-24 09:10:00,1,3764.33,3775.63,0.14,157.22000000000256,663.784026395135,TIME,drift,0.23685414795807874
2025-09-25 01:15:00,2025-09-25 09:10:00,1,3739.77,3741.17,0.15,19.950000000001364,650.2343293691259,TIME,drift,0.03068124689657245
2025-09-26 01:15:00,2025-09-26 09:10:00,1,3746.71,3748.08,0.13,16.89999999999858,644.6851733697819,TIME,drift,0.026214345696306235
2025-09-26 01:05:00,2025-09-26 23:00:00,1,3747.5,3766.79,0.09,172.97999999999968,647.1252431517116,TIME,friday,0.26730528878386894
2025-09-26 18:15:00,2025-09-26 23:45:00,1,3774.86,3762.64,0.14,-172.06000000000358,671.4195114165898,TIME,tday,-0.25626303238787923
2025-09-29 18:15:00,2025-09-29 23:45:00,1,3824.27,3830.7,0.13,82.67999999999788,624.7066195377738,TIME,tday,0.13235012630596674
2025-09-30 01:15:00,2025-09-30 09:10:00,1,3829.92,3869.66,0.14,555.3799999999969,645.5249801967232,TIME,drift,0.860354001840092
2025-09-30 04:00:00,2025-09-30 12:46:00,1,3839.27,3796.053179711685,0.15,-649.3023043247238,648.5523043247177,SL,trendH4,-1.001156421764297
2025-09-29 08:00:00,2025-09-30 16:35:00,1,3805.28,3817.61,0.14,160.512799999999,629.8673038099417,NEWS,trendH4,0.2548358980202482
2025-09-29 12:00:00,2025-09-30 16:35:00,1,3819.01,3817.61,0.15,-33.972000000001366,668.812434235119,NEWS,trendH4,-0.05079451018109901
2025-10-01 01:15:00,2025-10-01 09:10:00,1,3859.91,3859.4,0.11,-6.379999999997398,645.5349941034194,TIME,drift,-0.009883275203164704
2025-10-01 01:10:00,2025-10-01 15:05:00,1,3860.38,3883.2,0.06,136.49999999999827,625.9999624892482,NEWS,tom,0.21805113127677336
2025-10-01 12:00:00,2025-10-01 15:05:00,1,3893.2,3883.2,0.13,-130.91,649.6350495524225,NEWS,trendH4,-0.20151314201749543
2025-10-02 01:15:00,2025-10-02 09:10:00,1,3863.28,3870.42,0.13,91.90999999999835,669.1998945757217,TIME,drift,0.1373431178710362
2025-10-03 01:15:00,2025-10-03 09:10:00,1,3853.51,3858.24,0.12,55.91999999999476,636.3252008600368,TIME,drift,0.08787959352295818
2025-10-03 01:05:00,2025-10-03 16:35:00,1,3857.37,3884.47,0.08,216.23999999999927,639.6408860238928,NEWS,friday,0.3380646933690883
2025-10-03 18:15:00,2025-10-03 23:45:00,1,3880.58,3884.78,0.12,49.56000000000327,639.9208860238929,TIME,tday,0.0774470736655294
2025-10-06 18:15:00,2025-10-06 23:45:00,1,3955.18,3958.69,0.12,41.280000000002616,640.1893941650432,TIME,tday,0.06448091826613497
2025-10-07 01:15:00,2025-10-07 09:10:00,1,3971.23,3963.59,0.13,-100.22999999999834,640.0708586316424,TIME,drift,-0.1565920376601307
2025-10-06 04:00:00,2025-10-08 17:20:00,1,3900.71,4042.63,0.13,1823.385200000001,639.0457540094002,NEWS,trendH4,2.853293662558596
2025-10-06 08:00:00,2025-10-08 17:20:00,1,3938.89,4042.63,0.13,1327.045200000003,659.8019663089303,NEWS,trendH4,2.011278031533871
2025-10-06 12:00:00,2025-10-08 17:20:00,1,3942.68,4042.63,0.13,1277.7752000000035,661.8923679934836,NEWS,trendH4,1.9304878886480576
2025-10-07 16:00:00,2025-10-08 17:20:00,1,3979.72,4042.63,0.13,806.5876000000042,667.1434911076353,NEWS,trendH4,1.209016666955492
2025-10-08 18:15:00,2025-10-08 19:50:00,1,4039.68,4055.13,0.12,184.56000000000327,663.5437123157773,NEWS,tday,0.278142941564296
2025-10-09 01:15:00,2025-10-09 09:10:00,1,4025.89,4038.52,0.12,150.72000000000128,652.5664111207251,TIME,drift,0.23096499824616012
2025-10-10 01:15:00,2025-10-10 09:10:00,1,3968.9,3969.25,0.08,2.2399999999992724,637.0704459849396,TIME,drift,0.003516094670717508
2025-10-10 01:05:00,2025-10-10 23:00:00,1,3977.7,4011.21,0.07,234.08000000000155,638.2539615239572,TIME,friday,0.36675056342946843
2025-10-10 18:15:00,2025-10-10 23:45:00,1,4009.45,4012.94,0.11,37.6200000000026,668.9036739774789,TIME,tday,0.056241281762296334
2025-10-13 18:15:00,2025-10-13 23:45:00,1,4097.18,4110.18,0.11,142.23,680.6819829790876,TIME,tday,0.20895220316764235
2025-10-14 01:15:00,2025-10-14 09:10:00,1,4113.150000000001,4124.99,0.11,129.4699999999916,680.5685798130329,TIME,drift,0.1902379919383875
2025-10-13 12:00:00,2025-10-14 19:10:00,1,4078.05,4129.05,0.1,501.3520000000001,673.3801367370498,NEWS,trendH4,0.7445304259038079
2025-10-13 16:00:00,2025-10-14 19:10:00,1,4079.86,4129.05,0.1,483.25200000000063,655.3261299001974,NEWS,trendH4,0.7374221444116645
2025-10-13 20:00:00,2025-10-14 19:10:00,1,4105.96,4129.05,0.1,222.2520000000015,661.4248234051875,NEWS,trendH4,0.33602004662569246
2025-10-15 01:15:00,2025-10-15 09:10:00,1,4161.01,4191.81,0.09,276.57000000000164,693.3809008510101,TIME,drift,0.3988716730740028
2025-10-16 01:15:00,2025-10-16 09:10:00,1,4205.38,4218.82,0.1,133.699999999996,681.0108887779257,TIME,drift,0.19632578891641617
2025-10-15 08:00:00,2025-10-16 15:20:00,1,4179.870000000001,4241.5,0.1,591.7559999999919,709.7427894444857,NEWS,trendH4,0.8337612002556
2025-10-15 12:00:00,2025-10-16 15:20:00,1,4208.42,4241.5,0.09,275.6303999999993,644.2745849750348,NEWS,trendH4,0.42781510621077784
2025-10-16 08:00:00,2025-10-16 15:20:00,1,4233.66,4241.5,0.1,77.70000000000145,706.3163815736447,NEWS,trendH4,0.11000735934637246
2025-10-16 18:15:00,2025-10-16 18:50:00,1,4269.679999999999,4270.08,0.1,3.3000000000054577,684.9702480138673,NEWS,tday,0.004817727499222198
2025-10-17 04:00:00,2025-10-17 04:44:00,1,4358.38,4282.741373456309,0.09,-681.3776388932218,680.9276388932205,SL,trendH4,-1.000660863172969
2025-10-17 01:15:00,2025-10-17 09:10:00,1,4350.179999999999,4366.77,0.09,148.6800000000095,692.718833090844,TIME,drift,0.21463253617144176
2025-10-17 01:05:00,2025-10-17 17:05:00,1,4337.53,4228.122358312354,0.06,-656.8658501258759,656.5658501258746,SL,friday,-1.0004569229422209
2025-10-16 20:00:00,2025-10-17 19:30:00,1,4282.87,4210.926507984829,0.09,-655.2746281365363,647.6714281365328,SL,trendH4,-1.011739285800949
2025-10-20 18:15:00,2025-10-20 23:45:00,1,4346.4,4357.21,0.08,85.9200000000032,652.7064159769124,TIME,tday,0.13163651819080996
2025-10-21 01:15:00,2025-10-21 09:10:00,1,4362.0,4325.74,0.06,-217.9800000000013,622.7024634396407,TIME,drift,-0.35005482200269206
2025-10-22 01:15:00,2025-10-22 09:10:00,1,4118.62,4134.99,0.05,81.49999999999946,654.6193253127916,TIME,drift,0.12449983807162576
2025-10-23 01:15:00,2025-10-23 09:10:00,1,4099.120000000001,4127.03,0.04,111.35999999999578,584.3545224359275,TIME,drift,0.19056924473825054
2025-10-23 18:15:00,2025-10-23 23:45:00,1,4144.620000000001,4115.1,0.06,-177.5400000000026,636.4063982966317,TIME,tday,-0.2789726823539107
2025-10-24 01:15:00,2025-10-24 09:10:00,1,4126.93,4089.51,0.07,-262.4300000000006,644.3430216490757,TIME,drift,-0.4072830638071628
2025-10-24 01:05:00,2025-10-24 15:20:00,1,4126.64,4062.67,0.04,-256.16000000000105,628.8445127040154,NEWS,friday,-0.4073502985635027
2025-10-28 01:15:00,2025-10-28 09:10:00,1,3985.63,3957.05,0.07,-200.5499999999995,628.8729522306448,TIME,drift,-0.3189038410518982
2025-10-29 01:15:00,2025-10-29 09:10:00,1,3937.08,3968.76,0.08,252.88000000000233,678.2463786117676,TIME,drift,0.3728438631955489
2025-10-29 18:15:00,2025-10-29 20:50:00,1,4009.78,3994.84,0.06,-90.06000000000031,653.9229061263561,NEWS,tday,-0.1377226568396095
2025-10-30 01:15:00,2025-10-30 09:10:00,1,3938.18,3964.87,0.07,186.3400000000004,682.2143110802268,TIME,drift,0.2731399751860193
2025-10-30 18:15:00,2025-10-30 23:45:00,1,4000.53,4020.14,0.06,117.23999999999803,655.9898414030448,TIME,tday,0.17872227982866726
2025-10-31 01:15:00,2025-10-31 09:10:00,1,4022.43,4008.83,0.07,-95.68999999999937,625.3602599401339,TIME,drift,-0.15301579925970965
2025-10-31 01:05:00,2025-10-31 16:35:00,1,4021.22,4022.01,0.04,2.880000000001673,656.8391384456845,NEWS,friday,0.0043846351890917765
2025-11-03 01:10:00,2025-11-03 16:35:00,1,3992.82,4008.83,0.03,47.81999999999929,641.5306285567073,NEWS,tom,0.07454047846099417
2025-11-04 01:15:00,2025-11-04 09:10:00,1,3988.58,3986.46,0.1,-21.899999999998908,642.6327263293356,TIME,drift,-0.03407856323329482
2025-11-05 01:15:00,2025-11-05 09:10:00,1,3935.96,3964.44,0.1,284.1000000000002,677.2738664074396,TIME,drift,0.41947580453235606
2025-11-05 18:15:00,2025-11-05 23:45:00,1,3976.91,3982.11,0.06,30.780000000001635,613.3963582963445,TIME,tday,0.05017962624605472
2025-11-06 01:15:00,2025-11-06 09:10:00,1,3970.13,3997.21,0.13,351.12999999999903,683.4908834813205,TIME,drift,0.513730334209491
2025-11-07 01:15:00,2025-11-07 09:10:00,1,3981.42,4008.21,0.14,374.0799999999995,689.5322224054742,TIME,drift,0.542512717817594
2025-11-07 01:05:00,2025-11-07 23:00:00,1,3979.21,4004.05,0.04,99.08000000000058,576.5142068983788,TIME,friday,0.17186046556085174
2025-11-10 18:15:00,2025-11-10 23:45:00,1,4091.56,4113.86,0.07,155.6099999999981,651.1987241399104,TIME,tday,0.23895931338858892
2025-11-11 01:15:00,2025-11-11 09:10:00,1,4119.540000000001,4127.85,0.14,115.35999999999287,681.5825690165677,TIME,drift,0.16925315470793492
2025-11-12 01:15:00,2025-11-12 09:10:00,1,4133.43,4122.05,0.15,-171.75000000000165,707.02194925223,TIME,drift,-0.24292032260335084
2025-11-12 18:15:00,2025-11-12 19:50:00,1,4184.02,4202.68,0.07,130.129999999999,642.5713488757391,NEWS,tday,0.2025144759841504
2025-11-13 01:15:00,2025-11-13 09:10:00,1,4199.110000000001,4210.49,0.11,124.40999999999119,670.7229293162317,TIME,drift,0.18548642749819352
2025-11-14 01:15:00,2025-11-14 09:10:00,1,4176.700000000001,4173.98,0.08,-22.320000000009312,653.8525567037275,TIME,drift,-0.03413613630652654
2025-11-14 01:05:00,2025-11-14 16:33:00,1,4177.1900000000005,4036.602334591837,0.05,-703.2883270408175,703.0383270408161,SL,friday,-1.0003555993896573
2025-11-18 01:15:00,2025-11-18 09:10:00,1,4050.46,4007.26,0.07,-302.8899999999988,627.9867592878174,TIME,drift,-0.48231908638248683
2025-11-19 01:15:00,2025-11-19 09:10:00,1,4071.45,4087.24,0.09,141.47999999999968,671.1799743622851,TIME,drift,0.21079293990322862
2025-11-20 01:15:00,2025-11-20 09:10:00,1,4088.53,4075.47,0.09,-118.1700000000036,681.047652470345,TIME,drift,-0.1735120876951398
2025-11-21 01:15:00,2025-11-21 09:10:00,1,4085.51,4030.32,0.08,-442.0800000000005,676.8919200128906,TIME,drift,-0.653102787800424
2025-11-21 01:05:00,2025-11-21 23:00:00,1,4073.79,4067.25,0.04,-26.439999999999856,572.5031137129856,TIME,friday,-0.04618315493259498
2025-11-25 01:15:00,2025-11-25 09:10:00,1,4129.370000000001,4145.81,0.11,180.0699999999956,697.536913395421,TIME,drift,0.25815121256230517
2025-11-26 01:15:00,2025-11-26 09:10:00,1,4133.530000000001,4152.49,0.1,188.8999999999913,651.2877600262311,TIME,drift,0.2900407647648456
2025-11-27 01:15:00,2025-11-27 09:10:00,1,4167.05,4157.41,0.13,-126.23000000000425,662.8018070821902,TIME,drift,-0.19044908847744166
2025-11-28 01:15:00,2025-11-28 09:10:00,1,4162.910000000001,4185.67,0.2,453.7999999999862,694.305775906709,TIME,drift,0.653602513110825
2025-11-28 18:15:00,2025-12-01 03:00:00,1,4199.830000000001,4230.81,0.08,240.92159999999652,669.2529967172297,TIME,tday,0.35998583671906936
2025-11-28 01:05:00,2025-12-01 04:55:00,1,4159.660000000001,4238.76,0.05,391.17599999999726,627.2496844224029,TIME,friday,0.6236368223289074
2025-12-01 01:10:00,2025-12-01 16:35:00,1,4209.52,4242.66,0.04,132.27999999999767,662.2549255231419,NEWS,tom,0.19974181376681246
2025-12-02 01:15:00,2025-12-02 02:50:00,1,4233.39,4225.42,0.11,-88.4400000000028,669.0649756505677,NEWS,drift,-0.1321844711928133
2025-12-03 01:15:00,2025-12-03 09:10:00,1,4208.160000000001,4209.27,0.1,10.399999999996727,652.0190631978594,TIME,drift,0.015950453885488283
2025-12-04 01:15:00,2025-12-04 09:10:00,1,4206.84,4189.13,0.11,-195.5800000000004,668.8242785616994,TIME,drift,-0.2924235950593681
2025-12-05 01:15:00,2025-12-05 09:10:00,1,4208.240000000001,4228.64,0.15,304.94999999999453,699.174919527301,TIME,drift,0.43615694940282684
2025-12-05 01:05:00,2025-12-05 23:00:00,1,4209.26,4202.14,0.06,-43.13999999999935,681.0642437747231,TIME,friday,-0.06334204209708717
2025-12-09 01:15:00,2025-12-09 09:10:00,1,4191.4400000000005,4184.83,0.15,-100.20000000000873,697.0678661064837,TIME,drift,-0.14374497071523626
2025-12-09 18:15:00,2025-12-09 19:50:00,1,4218.71,4206.66,0.09,-109.08000000000162,655.1043224384097,NEWS,tday,-0.1665078312931707
2025-12-10 01:15:00,2025-12-10 09:10:00,1,4208.68,4207.59,0.15,-17.400000000002183,668.828551872111,TIME,drift,-0.026015635772871876
2025-12-11 01:15:00,2025-12-11 09:10:00,1,4225.63,4211.25,0.13,-187.85000000000142,667.8255537312723,TIME,drift,-0.2812860318842947
2025-12-11 18:15:00,2025-12-11 19:50:00,1,4256.150000000001,4275.05,0.1,188.29999999999637,702.1971116331706,NEWS,tday,0.2681583231837113
2025-12-12 01:15:00,2025-12-12 09:10:00,1,4281.97,4287.25,0.11,57.309999999997196,665.1632385988812,TIME,drift,0.08615930146818788
2025-12-12 16:00:00,2025-12-12 17:58:00,1,4341.240000000001,4288.242259279586,0.13,-689.8806293653962,689.2306293653888,SL,trendH4,-1.0009430805485326
2025-12-12 12:00:00,2025-12-12 18:39:00,1,4318.540000000001,4266.071325557459,0.13,-683.0027677530417,682.3527677530409,SL,trendH4,-1.0009525864490023
2025-12-12 01:05:00,2025-12-12 23:00:00,1,4283.17,4299.35,0.06,96.66000000000174,639.1218718648643,TIME,friday,0.15123876095487387
2025-12-16 01:15:00,2025-12-16 09:10:00,1,4306.52,4286.4,0.12,-242.2800000000096,670.3662349852364,TIME,drift,-0.3614143841915687
2025-12-17 01:15:00,2025-12-17 09:10:00,1,4304.55,4325.48,0.11,229.4599999999932,649.294857164291,TIME,drift,0.3533987640101282
2025-12-18 01:15:00,2025-12-18 09:10:00,1,4336.330000000001,4331.31,0.12,-61.080000000005235,680.3704653128237,TIME,drift,-0.08977462002546158
2025-12-18 18:15:00,2025-12-18 23:45:00,1,4362.490000000001,4330.89,0.1,-316.7000000000036,699.0650293955182,TIME,tday,-0.45303367595694816
2025-12-19 01:15:00,2025-12-19 09:10:00,1,4335.030000000001,4324.87,0.11,-112.5300000000084,672.8935868642418,TIME,drift,-0.16723298036530648
2025-12-19 01:05:00,2025-12-19 16:50:00,1,4336.030000000001,4327.17,0.06,-53.580000000003494,626.3086317091119,NEWS,friday,-0.08554887684333982
2025-12-22 04:00:00,2025-12-23 15:20:00,1,4383.19,4495.52,0.12,1337.5824000000098,657.8893725327804,NEWS,trendH4,2.03314182573053
2025-12-22 08:00:00,2025-12-23 15:20:00,1,4400.3,4495.52,0.12,1132.262400000003,662.0929039061416,NEWS,trendH4,1.7101261670681078
2025-12-22 12:00:00,2025-12-23 15:20:00,1,4411.34,4495.52,0.12,999.7824000000035,654.6742587108344,NEWS,trendH4,1.5271448154518037
2025-12-22 16:00:00,2025-12-23 15:20:00,1,4423.87,4495.52,0.13,920.2076000000072,701.4004245899007,NEWS,trendH4,1.3119575747876686
2025-12-24 01:15:00,2025-12-24 09:10:00,1,4495.45,4492.08,0.12,-41.279999999998694,704.7989022701183,TIME,drift,-0.058569898260394694
2025-12-24 04:00:00,2025-12-24 15:20:00,1,4518.94,4480.15,0.12,-466.31999999999954,694.5507400231969,NEWS,trendH4,-0.67139803203496
2025-12-26 01:15:00,2025-12-26 09:10:00,1,4489.349999999999,4514.45,0.1,250.30000000000368,659.2844700856406,TIME,drift,0.3796540209228497
2025-12-26 01:05:00,2025-12-26 23:00:00,1,4495.889999999999,4531.16,0.06,211.20000000000263,642.7594580446674,TIME,friday,0.32858326292465956
2025-12-26 18:15:00,2025-12-26 23:45:00,1,4539.3,4532.33,0.1,-70.40000000000255,714.4105089385193,TIME,tday,-0.09854278334259642
2025-12-30 01:15:00,2025-12-30 09:10:00,1,4340.98,4363.68,0.07,158.41000000000508,706.6496648917395,TIME,drift,0.2241704876832764
2025-12-31 01:15:00,2025-12-31 09:10:00,1,4346.11,4325.16,0.08,-168.15999999999855,688.1847949931216,TIME,drift,-0.24435297208459728
2026-01-02 01:15:00,2026-01-02 09:10:00,1,4331.139999999999,4373.37,0.08,337.2800000000038,696.5182879744249,TIME,drift,0.484237105935671
2026-01-02 01:05:00,2026-01-02 16:35:00,1,4327.67,4355.2,0.05,137.29999999999873,635.6266675173048,NEWS,friday,0.21600729959345322
2026-01-02 01:10:00,2026-01-02 16:35:00,1,4333.49,4355.2,0.04,86.56000000000014,677.9084453517918,NEWS,tom,0.12768685888708903
2026-01-05 18:15:00,2026-01-05 23:45:00,1,4446.62,4445.96,0.08,-5.839999999998836,682.6378421123778,TIME,tday,-0.008555048723826005
2026-01-06 01:15:00,2026-01-06 09:10:00,1,4451.83,4469.16,0.11,189.8599999999992,693.6164366235224,TIME,drift,0.27372477060120537
2026-01-06 18:15:00,2026-01-06 23:45:00,1,4479.08,4496.26,0.08,136.88000000000233,704.1579962472076,TIME,tday,0.19438819232260496
2026-01-07 01:15:00,2026-01-07 09:10:00,1,4497.8,4449.03,0.11,-537.2400000000048,676.0772816604467,TIME,drift,-0.7946428826606075
2026-01-08 01:15:00,2026-01-08 09:10:00,1,4460.0599999999995,4437.75,0.11,-246.1799999999944,701.6199508480352,TIME,drift,-0.3508737168925159
2026-01-09 01:15:00,2026-01-09 09:10:00,1,4477.19,4474.68,0.11,-28.379999999992396,683.6849244939577,TIME,drift,-0.04151034926066036
2026-01-09 01:05:00,2026-01-09 15:20:00,1,4477.57,4463.71,0.05,-69.64999999999836,637.4324427461445,NEWS,friday,-0.10926648116612454
2026-01-12 04:00:00,2026-01-12 19:50:00,1,4570.48,4617.41,0.1,468.6000000000029,716.719145008231,NEWS,trendH4,0.6538125893017989
2026-01-12 16:00:00,2026-01-12 19:50:00,1,4616.04,4617.41,0.1,12.999999999998911,705.3737394514329,NEWS,trendH4,0.01842994610220246
2026-01-12 18:15:00,2026-01-12 19:50:00,1,4629.37,4617.41,0.08,-96.2400000000003,668.2549909104673,NEWS,tday,-0.1440168817428174
2026-01-13 01:15:00,2026-01-13 09:10:00,1,4579.41,4584.6,0.1,51.2000000000051,699.7003977592908,TIME,drift,0.07317417592439156
2026-01-14 01:15:00,2026-01-14 09:10:00,1,4596.17,4632.06,0.09,322.38000000000295,676.6115250424933,TIME,drift,0.4764624722875604
2026-01-15 01:15:00,2026-01-15 09:10:00,1,4617.01,4608.86,0.1,-82.20000000000546,673.0168822155839,TIME,drift,-0.12213660930674065
2026-01-16 01:15:00,2026-01-16 09:10:00,1,4614.36,4606.29,0.11,-89.5399999999968,696.1331465422118,TIME,drift,-0.12862481903749906
2026-01-16 01:05:00,2026-01-16 23:00:00,1,4618.95,4581.94,0.06,-222.4800000000013,723.7712535094254,TIME,friday,-0.3073899369742018
2026-01-20 01:15:00,2026-01-20 09:10:00,1,4671.12,4713.88,0.13,554.9700000000029,707.6190846999973,TIME,drift,0.7842778862236147
2026-01-20 18:15:00,2026-01-20 23:45:00,1,4741.63,4759.24,0.08,140.31999999999738,653.8497589255911,TIME,tday,0.2146058755616456
2026-01-21 01:15:00,2026-01-21 09:10:00,1,4758.31,4839.69,0.08,650.4799999999937,483.62881409610395,TIME,drift,1.344998438969631
2026-01-19 04:00:00,2026-01-22 15:20:00,1,4657.62,4831.37,0.09,1527.3539999999998,663.7439484402556,NEWS,trendH4,2.3011192849127404
2026-01-20 08:00:00,2026-01-22 15:20:00,1,4714.85,4831.37,0.11,1245.9787999999949,714.962681459991,NEWS,trendH4,1.742718651350643
2026-01-20 12:00:00,2026-01-22 15:20:00,1,4732.71,4831.37,0.11,1049.5187999999985,714.2550473869912,NEWS,trendH4,1.469389406262547
2026-01-22 18:15:00,2026-01-22 18:50:00,1,4873.92,4881.3,0.08,58.48000000000087,696.1063737674738,NEWS,tday,0.08401014874134084
2026-01-23 01:15:00,2026-01-23 09:10:00,1,4943.4,4956.18,0.07,88.9700000000046,678.28830957444,TIME,drift,0.1311684113438792
2026-01-23 01:05:00,2026-01-23 23:00:00,1,4952.52,4981.49,0.05,144.49999999999673,696.056887877935,TIME,friday,0.20759797441346084
2026-01-23 18:15:00,2026-01-23 23:45:00,1,4971.33,4982.38,0.08,87.84000000000145,742.6473470697973,TIME,tday,0.11827955805212868
2026-01-22 20:00:00,2026-01-26 15:20:00,1,4904.78,5076.84,0.08,1363.2032000000033,690.522061924435,NEWS,trendH4,1.9741631370920354
2026-01-23 04:00:00,2026-01-26 15:20:00,1,4953.81,5076.84,0.08,977.321599999998,682.4431608868033,NEWS,trendH4,1.4320923060171251
2026-01-26 04:00:00,2026-01-26 15:20:00,1,5071.03,5076.84,0.08,45.9200000000032,727.5377607166301,NEWS,trendH4,0.06311699884109336
2026-01-26 18:15:00,2026-01-26 21:48:00,1,5101.77,5009.1627186436845,0.08,-741.4182508505278,741.018250850526,SL,tday,-1.0005397977708952
2026-01-27 01:15:00,2026-01-27 09:10:00,1,5040.38,5093.49,0.05,265.1999999999984,659.1795982917324,TIME,drift,0.4023182766688558
2026-01-27 18:15:00,2026-01-27 23:45:00,1,5095.33,5185.33,0.08,719.44,758.4712329326316,TIME,tday,0.948539600135239
2026-01-28 01:15:00,2026-01-28 09:10:00,1,5171.21,5272.34,0.06,606.3600000000007,713.5838203692111,TIME,drift,0.8497389972859356
2026-01-28 04:00:00,2026-01-28 17:20:00,1,5204.91,5256.25,0.07,358.89000000000107,723.1902315803453,NEWS,trendH4,0.49625946857127723
2026-01-28 08:00:00,2026-01-28 17:20:00,1,5261.51,5256.25,0.07,-37.31000000000153,732.3312200013282,NEWS,trendH4,-0.05094689258220326
2026-01-28 12:00:00,2026-01-28 17:20:00,1,5278.37,5256.25,0.07,-155.32999999999925,737.2981590012618,NEWS,trendH4,-0.2106746071499867
2026-01-28 18:15:00,2026-01-28 20:50:00,1,5284.63,5278.71,0.07,-41.93000000000052,707.1828767577634,NEWS,tday,-0.05929159398236265
2026-01-29 01:15:00,2026-01-29 09:10:00,1,5475.09,5569.15,0.05,469.94999999999743,753.0728238533634,TIME,drift,0.6240432334224094
2026-01-29 04:00:00,2026-01-29 15:20:00,1,5545.98,5518.48,0.05,-137.85,644.8870947732295,NEWS,trendH4,-0.21375834796085366
2026-01-30 01:05:00,2026-01-30 04:14:00,1,5419.81,5210.179348208388,0.03,-629.1019553748383,628.9519553748389,SL,friday,-1.000238491984511
2026-01-30 01:15:00,2026-01-30 09:10:00,1,5422.42,5165.93,0.02,-513.1199999999995,624.2630920480825,TIME,drift,-0.8219611355150844
2026-02-02 01:10:00,2026-02-02 08:24:00,1,4816.34,4448.107764448479,0.02,-736.6044711030414,736.5044711030416,SL,tom,-1.000135776500922
2026-02-03 01:15:00,2026-02-03 09:10:00,1,4718.68,4884.86,0.01,166.1099999999994,388.5694217785985,TIME,drift,0.42749117838368295
2026-02-03 18:15:00,2026-02-03 23:45:00,1,4944.41,4940.36,0.03,-12.360000000000547,616.6509709467612,TIME,tday,-0.020043753407253864
2026-02-04 01:15:00,2026-02-04 09:10:00,1,4933.07,5064.76,0.03,394.8600000000015,738.7273010683156,TIME,drift,0.5345138854743449
2026-02-05 01:15:00,2026-02-05 05:00:00,1,5009.969999999999,4804.61327405715,0.03,-616.2801778285475,616.1301778285471,SL,drift,-1.0002434550447263
2026-02-06 01:15:00,2026-02-06 09:10:00,1,4769.03,4845.46,0.03,229.08000000000087,664.923812964434,TIME,drift,0.3445206736974753
2026-02-06 01:05:00,2026-02-06 23:00:00,1,4777.35,4953.32,0.02,351.7999999999987,659.5091702514702,TIME,friday,0.5334270027903596
2026-02-06 18:15:00,2026-02-06 23:45:00,1,4941.0,4960.54,0.03,58.40999999999988,659.5791702514703,TIME,tday,0.08855646544709798
2026-02-09 18:15:00,2026-02-09 23:45:00,1,5063.88,5061.7,0.03,-6.750000000000873,680.2299438049366,TIME,tday,-0.009923115060539748
2026-02-10 01:15:00,2026-02-10 09:10:00,1,5013.57,5028.6,0.06,89.76000000000393,762.5461335243921,TIME,drift,0.1177109109256702
2026-02-11 01:15:00,2026-02-11 09:10:00,1,5034.5,5063.76,0.06,175.1400000000013,671.0222280430654,TIME,drift,0.2610047665794478
2026-02-12 01:15:00,2026-02-12 09:10:00,1,5063.63,5063.47,0.06,-1.3799999999991268,709.0759608621404,TIME,drift,-0.0019461948735664844
2026-02-13 01:15:00,2026-02-13 09:10:00,1,4910.71,4958.34,0.05,237.80000000000058,716.7159257415243,TIME,drift,0.33179114829068346
2026-02-13 01:05:00,2026-02-13 15:20:00,1,4891.78,4962.01,0.02,140.32000000000096,610.5687490892544,NEWS,friday,0.2298185097244285
2026-02-13 18:15:00,2026-02-13 23:45:00,1,4997.82,5038.85,0.03,122.88000000000197,610.6387490892544,TIME,tday,0.2012319070535125
2026-02-17 01:15:00,2026-02-17 07:15:00,1,4991.29,4915.663376004962,0.1,-756.9662399503826,756.4662399503763,SL,drift,-1.000660968029504
2026-02-18 01:15:00,2026-02-18 09:10:00,1,4882.95,4938.55,0.06,333.18000000000217,658.0633701183386,TIME,drift,0.5063038228979176
2026-02-18 18:15:00,2026-02-18 23:45:00,1,4999.83,4980.09,0.04,-79.23999999999913,759.4973186341556,TIME,tday,-0.10433216557301431
2026-02-19 01:15:00,2026-02-19 09:10:00,1,4977.21,5020.95,0.09,393.02999999999804,724.8197934685896,TIME,drift,0.5422451256734756
2026-02-20 01:15:00,2026-02-20 09:10:00,1,4999.09,5025.59,0.1,264.30000000000007,761.1723869964819,TIME,drift,0.34722751969879545
2026-02-20 01:05:00,2026-02-20 15:20:00,1,5002.09,5029.45,0.02,54.579999999999345,535.5627302901999,NEWS,friday,0.1019114977818278
2026-02-20 18:15:00,2026-02-20 23:45:00,1,5054.69,5099.62,0.04,179.44000000000116,714.1769737202666,TIME,tday,0.2512542501409257
2026-02-23 18:15:00,2026-02-23 23:45:00,1,5202.7,5228.81,0.04,104.16000000000233,699.2443327402475,TIME,tday,0.14896080686390814
2026-02-24 01:15:00,2026-02-24 03:16:00,1,5244.8,5153.258456663068,0.08,-732.8923466954607,732.4923466954585,SL,drift,-1.000546080790887
2026-02-25 01:15:00,2026-02-25 09:10:00,1,5136.03,5193.16,0.07,399.42000000000075,695.7697865830479,TIME,drift,0.5740691931473019
2026-02-26 01:15:00,2026-02-26 09:10:00,1,5168.99,5184.81,0.08,126.00000000000496,754.3127504985358,TIME,drift,0.1670394672723347
2026-02-27 01:15:00,2026-02-27 09:10:00,1,5184.26,5187.2,0.08,22.9599999999968,725.930835772757,TIME,drift,0.0316283575081306
2026-02-27 01:05:00,2026-02-27 15:20:00,1,5182.33,5218.31,0.03,107.73000000000143,716.5079940862789,NEWS,friday,0.15035421919804712
2026-02-27 18:15:00,2026-02-27 23:45:00,1,5254.04,5274.59,0.04,81.92000000000073,636.9893280766925,TIME,tday,0.128604980317877
2026-03-02 01:10:00,2026-03-02 16:35:00,1,5351.58,5316.42,0.02,-70.45999999999971,623.9900903569286,NEWS,tom,-0.11291845990646403
2026-03-03 01:15:00,2026-03-03 09:10:00,1,5339.01,5313.5,0.06,-153.4800000000013,733.0779984831859,TIME,drift,-0.2093638061946577
2026-03-04 01:15:00,2026-03-04 09:10:00,1,5117.42,5174.87,0.03,172.13999999999945,685.8889766675791,TIME,drift,0.250973562567442
2026-03-05 01:15:00,2026-03-05 09:10:00,1,5147.09,5164.87,0.05,88.54999999999875,674.9458542466836,TIME,drift,0.1311957091711166
2026-03-06 01:15:00,2026-03-06 09:10:00,1,5086.5,5108.38,0.06,130.86000000000067,765.8011093759708,TIME,drift,0.17087987781401193
2026-03-06 01:05:00,2026-03-06 15:20:00,1,5090.66,5076.93,0.03,-41.39999999999869,751.7222676624264,NEWS,friday,-0.05507353151681555
2026-03-10 01:15:00,2026-03-10 09:10:00,1,5132.9800000000005,5175.67,0.06,255.7199999999976,742.3182410450789,TIME,drift,0.34448836881602163
2026-03-10 18:15:00,2026-03-10 23:45:00,1,5223.71,5197.92,0.04,-103.43999999999986,658.392055487302,TIME,tday,-0.15711003669909082
2026-03-11 01:15:00,2026-03-11 09:10:00,1,5190.66,5203.4,0.07,88.68999999999849,739.0969115431221,TIME,drift,0.11999779543771498
2026-03-12 01:15:00,2026-03-12 09:10:00,1,5175.31,5154.43,0.09,-188.55000000000098,720.8946755167852,TIME,drift,-0.26154999669658513
2026-03-13 01:15:00,2026-03-13 09:10:00,1,5081.97,5105.47,0.08,187.44,740.3171031086707,TIME,drift,0.2531888014108
2026-03-13 01:05:00,2026-03-13 15:20:00,1,5084.070000000001,5106.83,0.03,68.06999999999793,692.5696953876832,NEWS,friday,0.09828613705353373
2026-03-17 01:15:00,2026-03-17 09:10:00,1,5004.3,5008.43,0.07,28.42000000000077,701.666425011345,TIME,drift,0.04050357689487744
2026-03-18 01:15:00,2026-03-18 09:10:00,1,5002.9,5002.82,0.1,-1.4999999999992726,741.2069930129645,TIME,drift,-0.002023726184640889
2026-03-19 01:15:00,2026-03-19 09:10:00,1,4818.849999999999,4833.4,0.06,86.88000000000109,668.3180664489446,TIME,drift,0.12999798204114266
2026-03-20 01:15:00,2026-03-20 09:10:00,1,4671.2699999999995,4689.45,0.04,72.44000000000116,743.9643090521458,TIME,drift,0.09737026241526825
2026-03-20 01:05:00,2026-03-20 23:00:00,1,4659.63,4501.58,0.03,-474.3600000000005,724.0885396701881,TIME,friday,-0.6551132548183468
2026-03-24 01:15:00,2026-03-24 09:10:00,1,4398.49,4369.16,0.02,-58.799999999999855,602.6110674384208,TIME,drift,-0.09757537353229655
2026-03-25 01:15:00,2026-03-25 09:10:00,1,4483.63,4540.78,0.03,171.2399999999989,633.5991699086295,TIME,drift,0.2702655055951118
2026-03-26 01:15:00,2026-03-26 09:10:00,1,4512.8099999999995,4438.21,0.04,-298.6799999999978,621.8545059520519,TIME,drift,-0.48030527581805044
2026-03-27 01:15:00,2026-03-27 09:10:00,1,4401.12,4461.81,0.04,242.48000000000204,639.073415809775,TIME,drift,0.37942432590902514
2026-03-27 01:05:00,2026-03-27 23:00:00,1,4387.3099999999995,4514.39,0.02,254.0200000000017,553.0144885002816,TIME,friday,0.45933697087914965
2026-03-31 01:15:00,2026-03-31 09:10:00,1,4508.849999999999,4558.81,0.06,299.34000000000566,730.5794862126461,TIME,drift,0.409729544353615
2026-04-01 01:15:00,2026-04-01 09:10:00,1,4669.3,4686.54,0.06,103.01999999999869,734.9498870627817,TIME,drift,0.14017282241067736
2026-04-01 01:10:00,2026-04-01 15:05:00,1,4669.969999999999,4748.01,0.02,155.94000000000176,735.8270511346543,NEWS,tom,0.21192479912166912
2026-04-02 01:15:00,2026-04-02 08:33:00,1,4759.469999999999,4646.181512267127,0.06,-680.1509263972347,679.8509263972331,SL,drift,-1.000441273209101
2026-04-07 01:15:00,2026-04-07 09:10:00,1,4664.15,4644.08,0.07,-140.979999999998,698.1359233529099,TIME,drift,-0.20193775350066345
2026-04-08 01:15:00,2026-04-08 09:10:00,1,4732.38,4824.35,0.06,551.4000000000016,723.1324411501048,TIME,drift,0.7625159218732164
2026-04-09 01:15:00,2026-04-09 09:10:00,1,4712.79,4720.54,0.06,46.08,759.0888965254163,TIME,drift,0.06070435256123802
2026-04-10 01:15:00,2026-04-10 09:10:00,1,4770.410000000001,4759.27,0.08,-89.68000000000262,745.9506341044029,TIME,drift,-0.12022243282583102
2026-04-10 01:05:00,2026-04-10 15:20:00,1,4772.6,4768.24,0.03,-13.290000000001747,756.80831421687,NEWS,friday,-0.01756058932010277
2026-04-14 01:15:00,2026-04-14 09:10:00,1,4748.78,4769.38,0.09,184.77000000000328,759.3277506896203,TIME,drift,0.24333365905854942
2026-04-15 01:15:00,2026-04-15 09:10:00,1,4845.1900000000005,4817.62,0.1,-276.4000000000062,764.7275593299423,TIME,drift,-0.3614359082889455
2026-04-16 01:15:00,2026-04-16 09:10:00,1,4792.360000000001,4824.1,0.11,348.3699999999976,743.5739403929109,TIME,drift,0.46850754319861704
2026-04-17 01:15:00,2026-04-17 09:10:00,1,4795.64,4790.41,0.11,-58.300000000005205,714.0080356743301,TIME,drift,-0.08165174211932359
2026-04-17 01:05:00,2026-04-17 23:00:00,1,4795.75,4854.47,0.03,175.95000000000076,643.4256250753483,TIME,friday,0.2734581793807111
2026-04-21 01:15:00,2026-04-21 09:10:00,1,4829.26,4787.5,0.1,-418.3000000000022,718.435594738047,TIME,drift,-0.5822372987414703
2026-04-22 01:15:00,2026-04-22 09:10:00,1,4722.03,4760.56,0.07,269.2200000000046,737.864190436494,TIME,drift,0.36486389160686017
2026-04-23 01:15:00,2026-04-23 09:10:00,1,4736.65,4713.12,0.12,-283.1999999999969,773.9997905092591,TIME,drift,-0.3658915719003791
2026-04-24 01:15:00,2026-04-24 09:10:00,1,4697.5199999999995,4683.16,0.08,-115.43999999999738,691.2477946243774,TIME,drift,-0.1670023411253373
2026-04-24 01:05:00,2026-04-24 23:00:00,1,4695.429999999999,4716.52,0.03,63.060000000003164,589.2299826357719,TIME,friday,0.1070210305964407
2026-04-28 01:15:00,2026-04-28 08:40:00,1,4689.51,4636.385534552984,0.14,-744.7225162582313,744.0225162582246,SL,drift,-1.0009408317419304
2026-04-28 18:15:00,2026-04-28 23:45:00,-1,4572.65,4593.65,0.06,-126.42,737.3097759554109,TIME,tday,-0.1714611742888993
2026-04-29 01:15:00,2026-04-29 09:10:00,1,4596.76,4592.6,0.1,-42.299999999998555,705.8672156590301,TIME,drift,-0.05992628508820222
2026-04-30 01:15:00,2026-04-30 09:10:00,1,4546.64,4565.21,0.09,166.49999999999739,729.1843449983603,TIME,drift,0.2283373212028733
2026-05-01 01:15:00,2026-05-01 09:10:00,1,4631.62,4602.97,0.1,-287.19999999999635,701.7489995701321,TIME,drift,-0.40926314134530356
2026-05-01 01:05:00,2026-05-01 16:35:00,1,4629.0599999999995,4598.6,0.04,-122.11999999999651,730.2994379642996,NEWS,friday,-0.16721907980705072
2026-05-01 01:10:00,2026-05-01 16:35:00,1,4631.47,4598.6,0.03,-98.81999999999965,730.2294379642996,NEWS,tom,-0.1353273298259319
2026-05-04 18:15:00,2026-05-04 23:45:00,-1,4548.5199999999995,4518.94,0.06,177.05999999999958,721.1909066811354,TIME,tday,0.2455105830643594
2026-05-05 01:15:00,2026-05-05 09:10:00,1,4521.48,4543.97,0.09,201.7800000000062,758.4876105207163,TIME,drift,0.26602939481302845
2026-05-06 01:15:00,2026-05-06 09:10:00,1,4550.9,4663.49,0.12,1350.2400000000018,725.8402658837535,TIME,drift,1.8602440005942693
2026-05-07 01:15:00,2026-05-07 09:10:00,1,4697.5199999999995,4707.73,0.1,101.40000000000036,746.2464346479214,TIME,drift,0.13588004617782973
2026-05-08 01:15:00,2026-05-08 09:10:00,1,4691.6,4725.5,0.08,270.6399999999971,710.9123478477568,TIME,drift,0.3806939080736788
2026-05-08 01:05:00,2026-05-08 15:20:00,1,4694.26,4707.94,0.04,54.439999999997525,714.5331545637215,NEWS,friday,0.07618960667155804
2026-05-12 01:15:00,2026-05-12 09:10:00,1,4739.39,4704.71,0.1,-347.5000000000029,760.4057475702575,TIME,drift,-0.45699286349475643
2026-05-13 01:15:00,2026-05-13 09:10:00,1,4715.05,4710.55,0.1,-45.7,767.4773370029561,TIME,drift,-0.0595457322276918
2026-05-14 01:15:00,2026-05-14 09:10:00,1,4691.47,4690.72,0.12,-9.84,758.3264897863492,TIME,drift,-0.012975941276655549
2026-05-15 01:15:00,2026-05-15 08:18:00,1,4655.7,4586.65425590147,0.11,-760.2731850838313,759.7231850838249,SL,drift,-1.000723947894187
2026-05-15 01:05:00,2026-05-15 23:00:00,1,4653.15,4545.82,0.04,-429.5999999999997,655.6722575367178,TIME,friday,-0.6552053942528474
2026-05-19 01:15:00,2026-05-19 09:10:00,1,4573.63,4537.7,0.08,-288.00000000000233,700.8096854107546,TIME,drift,-0.4109532245279992
2026-05-20 01:15:00,2026-05-20 09:10:00,1,4483.12,4469.62,0.09,-122.12999999999998,710.5561491851691,TIME,drift,-0.17187944983665635
2026-05-21 01:15:00,2026-05-21 09:10:00,1,4540.4,4531.21,0.1,-92.59999999999602,751.8257161912682,TIME,drift,-0.12316684306717451
2026-05-22 01:15:00,2026-05-22 09:10:00,1,4542.2,4522.73,0.09,-175.8600000000023,703.5040904026547,TIME,drift,-0.249977224580667
2026-05-22 01:05:00,2026-05-22 23:00:00,1,4545.14,4508.29,0.04,-147.68000000000146,657.8615993291126,TIME,friday,-0.2244849070847205
2026-05-26 01:15:00,2026-05-26 08:01:00,1,4573.73,4523.069924262443,0.15,-760.9511360633448,760.2011360633468,SL,drift,-1.0009865810039194
2026-05-26 18:15:00,2026-05-26 23:45:00,-1,4509.44,4509.05,0.07,2.2399999999959253,723.036846944167,TIME,tday,0.0030980440477729877
2026-05-27 01:15:00,2026-05-27 09:10:00,1,4505.18,4497.87,0.12,-88.56000000000479,738.3630201353055,TIME,drift,-0.1199410013569966
2026-05-27 18:15:00,2026-05-27 23:45:00,-1,4432.05,4453.86,0.07,-153.15999999999644,720.2363578767267,TIME,tday,-0.21265241378749003
2026-05-28 01:15:00,2026-05-28 06:19:00,1,4458.21,4383.821173540558,0.1,-744.5882645944159,744.0882645944176,SL,drift,-1.0006719632922458
2026-05-29 01:15:00,2026-05-29 09:10:00,1,4494.09,4514.31,0.09,181.3500000000023,743.7957929528371,TIME,drift,0.24381692087831075
2026-05-29 01:05:00,2026-05-29 16:35:00,1,4497.58,4525.05,0.04,109.60000000000102,651.2565356319252,NEWS,friday,0.16829005776295863
2026-06-01 01:10:00,2026-06-01 03:20:00,1,4526.05,4538.37,0.03,36.749999999999126,650.1767830867874,NEWS,tom,0.05652308872907514
2026-06-01 18:15:00,2026-06-01 23:45:00,-1,4464.23,4482.8,0.07,-130.48000000000434,758.7845802679188,TIME,tday,-0.17195921397603153
2026-06-02 01:15:00,2026-06-02 09:10:00,1,4484.87,4520.83,0.11,394.7900000000004,745.6313415890924,TIME,drift,0.5294707692391557
2026-06-03 01:15:00,2026-06-03 09:10:00,1,4489.82,4465.15,0.13,-321.62000000000097,721.5710558325715,TIME,drift,-0.4457218695238623
2026-06-04 01:15:00,2026-06-04 09:10:00,1,4432.18,4475.89,0.11,480.0400000000004,713.3512102302786,TIME,drift,0.6729364065213228
2026-06-05 01:15:00,2026-06-05 09:10:00,1,4475.66,4440.32,0.11,-389.5100000000016,728.9407494324413,TIME,drift,-0.5343507003872084
2026-06-05 01:05:00,2026-06-05 15:20:00,1,4474.1,4472.91,0.04,-5.0400000000020375,613.4757822714948,NEWS,friday,-0.008215483227945217
2026-06-05 18:15:00,2026-06-05 23:45:00,-1,4352.889999999999,4324.349999999999,0.07,199.28999999999974,715.8850793167439,TIME,tday,0.27838267028865354
2026-06-09 01:15:00,2026-06-09 09:10:00,1,4325.5599999999995,4344.07,0.09,165.96000000000194,692.2065891288057,TIME,drift,0.23975501332467108
2026-06-09 18:15:00,2026-06-09 23:45:00,-1,4294.75,4261.61,0.07,231.49000000000228,738.5386143088251,TIME,tday,0.31344332647609285
2026-06-10 01:15:00,2026-06-10 07:45:00,1,4255.61,4172.606148384194,0.09,-747.6646645422505,747.2146645422501,SL,drift,-1.0006022365745137
2026-06-10 18:15:00,2026-06-10 19:50:00,-1,4123.23,4120.65,0.07,17.569999999999496,749.1808561439093,NEWS,tday,0.023452281055917016
2026-06-11 01:15:00,2026-06-11 09:10:00,1,4056.4500000000003,4080.78,0.06,145.55999999999958,654.0885480894868,TIME,drift,0.22253867679714412
2026-06-12 01:15:00,2026-06-12 09:10:00,1,4209.94,4181.71,0.05,-141.4999999999978,654.5518336225304,TIME,drift,-0.21617844872098949
2026-06-12 01:05:00,2026-06-12 23:00:00,1,4208.82,4210.7,0.04,7.240000000000435,714.5801954299734,TIME,friday,0.010131822916872223
2026-06-16 01:15:00,2026-06-16 09:10:00,1,4310.33,4316.95,0.1,65.4999999999989,752.2448161614717,TIME,drift,0.08707271701017495
2026-06-17 01:15:00,2026-06-17 09:10:00,1,4332.68,4327.61,0.13,-66.82000000000804,759.645413941291,TIME,drift,-0.08796209227845375
2026-06-18 01:15:00,2026-06-18 09:10:00,1,4266.03,4301.19,0.07,245.629999999999,751.2814102098054,TIME,drift,0.3269480605561684
2026-06-19 01:15:00,2026-06-19 08:00:00,1,4208.37,4124.193345160861,0.09,-758.2198935522491,757.7698935522469,SL,drift,-1.0005938478208638
2026-06-19 01:05:00,2026-06-22 04:00:00,1,4205.3099999999995,4200.77,0.04,-21.61919999999622,707.3631707803692,TIME,friday,-0.030563083990004358
2026-06-23 01:15:00,2026-06-23 07:59:00,1,4192.78,4124.038507646944,0.11,-756.9264158836154,756.3764158836129,SL,drift,-1.0007271511755955
2026-06-24 01:15:00,2026-06-24 09:10:00,1,4114.16,4090.6,0.1,-236.29999999999944,702.3391504712889,TIME,drift,-0.3364471421555179
2026-06-24 18:15:00,2026-06-24 23:45:00,-1,4001.79,3999.0800000000004,0.06,15.83999999999749,680.0548856430289,TIME,tday,0.023292237633172664
2026-06-25 01:15:00,2026-06-25 09:10:00,1,4001.8800000000006,3986.03,0.07,-111.44000000000254,742.145891406213,TIME,drift,-0.15015915508047453
2026-06-26 01:15:00,2026-06-26 09:10:00,1,4023.1700000000005,4008.73,0.08,-116.08000000000409,715.8678195631596,TIME,drift,-0.16215283999054322
2026-06-26 01:05:00,2026-06-26 23:00:00,1,4029.8,4071.62,0.04,166.99999999999883,682.9755901717954,TIME,friday,0.24451825570807256
2026-06-29 18:15:00,2026-06-29 23:45:00,-1,4021.8399999999997,4015.9700000000003,0.06,34.799999999996615,682.7459051595241,TIME,tday,0.05097064623458352
2026-06-30 01:15:00,2026-06-30 04:07:00,1,4018.7900000000004,3951.48331569263,0.11,-741.1435273810725,740.5935273810697,SL,drift,-1.0007426475923273
2026-07-01 01:15:00,2026-07-01 09:10:00,1,4014.9000000000005,3966.91,0.1,-480.60000000000696,719.0099930013125,TIME,drift,-0.6684190827360721
2026-07-01 01:10:00,2026-07-01 15:05:00,1,4017.4200000000005,4024.25,0.03,20.279999999998417,675.2313161834674,NEWS,tom,0.03003415202159867
2026-07-02 01:15:00,2026-07-02 09:10:00,1,4037.01,4069.85,0.08,262.1599999999975,674.7505905009103,TIME,drift,0.38852874482907745
2026-07-03 01:15:00,2026-07-03 09:10:00,1,4124.84,4170.14,0.09,407.0700000000016,746.322551085884,TIME,drift,0.545434409569593
2026-07-03 01:05:00,2026-07-06 04:00:00,1,4125.92,4179.76,0.04,211.90080000000057,692.6585838520715,TIME,friday,0.30592387785272207
2026-07-06 18:15:00,2026-07-06 23:45:00,-1,4139.62,4163.28,0.06,-142.37999999999911,675.1472564340664,TIME,tday,-0.21088732664338933
2026-07-07 01:15:00,2026-07-07 09:10:00,1,4166.3,4122.99,0.13,-563.9400000000052,745.2606087635097,TIME,drift,-0.7567017407986443
2026-07-08 01:15:00,2026-07-08 09:10:00,1,4104.38,4125.67,0.11,233.4199999999996,732.5959581902422,TIME,drift,0.3186203764713981
2026-07-08 18:15:00,2026-07-08 19:50:00,-1,4033.6699999999996,4058.38,0.06,-148.68000000000293,649.6190119252922,NEWS,tday,-0.22887261190117617
2026-07-09 01:15:00,2026-07-09 09:10:00,1,4077.4400000000005,4089.1,0.08,92.7199999999952,677.0444083773457,TIME,drift,0.13694818072896392
2026-07-10 01:15:00,2026-07-10 09:10:00,1,4123.84,4117.76,0.12,-73.79999999999913,710.1486071299747,TIME,drift,-0.10392191051145991
2026-07-10 01:05:00,2026-07-10 23:00:00,1,4125.3099999999995,4108.43,0.04,-67.7999999999968,640.618127629461,TIME,friday,-0.10583528170032194
2026-07-13 18:15:00,2026-07-13 23:45:00,-1,4014.73,4000.3700000000003,0.07,100.02999999999773,724.7746382652496,TIME,tday,0.1380153149942165
2026-07-14 01:15:00,2026-07-14 09:10:00,1,4004.26,4031.81,0.1,274.7999999999973,708.1463991604568,TIME,drift,0.38805535172640365
2026-07-15 01:15:00,2026-07-15 09:10:00,1,4050.9900000000002,4029.92,0.1,-211.40000000000165,691.5440864319997,TIME,drift,-0.3056927304385081
2026-07-16 01:15:00,2026-07-16 09:10:00,1,4063.8100000000004,4034.9,0.1,-289.8000000000031,689.1797861759105,TIME,drift,-0.42049985477379154
2026-07-16 18:15:00,2026-07-16 23:45:00,-1,3992.77,3974.8300000000004,0.07,125.0899999999972,725.3766254623737,TIME,tday,0.17244834698148928
2026-07-17 01:15:00,2026-07-17 09:10:00,1,3976.5200000000004,3988.63,0.1,120.39999999999674,692.9824890844794,TIME,drift,0.1737417638922751
2026-07-17 01:05:00,2026-07-17 23:00:00,1,3978.9200000000005,4015.33,0.04,145.3599999999976,618.8534365925016,TIME,friday,0.23488598657603202
2026-07-21 01:15:00,2026-07-21 09:10:00,1,4007.28,4067.77,0.13,785.4599999999972,713.6451997315261,TIME,drift,1.1006309582065261
2026-07-22 01:15:00,2026-07-22 09:10:00,1,4079.3300000000004,4130.71,0.14,718.3399999999951,751.6294295716375,TIME,drift,0.9557103164645716
2026-07-23 01:15:00,2026-07-23 09:10:00,1,4124.1,4122.45,0.13,-22.360000000007094,749.2401308670765,TIME,drift,-0.029843569609826474
2026-07-23 18:15:00,2026-07-23 23:45:00,-1,4051.3399999999997,4050.1600000000003,0.07,7.769999999995672,672.9097820249764,TIME,tday,0.011546867362536385
2026-07-24 01:15:00,2026-07-24 09:10:00,1,4049.26,4027.18,0.13,-287.950000000005,730.9916129742392,TIME,drift,-0.393916968251389
2026-07-24 01:05:00,2026-07-24 16:50:00,1,4049.2400000000002,4058.4,0.05,45.44999999999927,723.3765688513797,NEWS,friday,0.0628303458490057
2026-07-28 01:15:00,2026-07-28 09:10:00,1,4077.28,4044.6,0.14,-458.50000000000415,711.196516671996,TIME,drift,-0.644688196935397
2026-07-29 01:15:00,2026-07-29 09:10:00,1,4024.7700000000004,4034.95,0.14,141.53999999999138,713.5889859067238,TIME,drift,0.19834947399046973
2026-07-30 01:15:00,2026-07-30 09:10:00,1,4076.6700000000005,4035.71,0.08,-328.24000000000393,720.5188373009082,TIME,drift,-0.45556060856035885
2026-07-31 01:15:00,2026-07-31 09:10:00,1,4107.0199999999995,4081.93,0.09,-226.4399999999972,731.6318007824599,TIME,drift,-0.30949994212638915
2026-07-31 01:05:00,2026-07-31 16:35:00,1,4103.41,4035.49,0.05,-339.9500000000004,692.11946125226,NEWS,friday,-0.4911724334191164
2026-08-03 01:10:00,2026-08-03 16:35:00,1,4075.4200000000005,4030.97,0.04,-178.0800000000029,737.295466383191,NEWS,tom,-0.2415313915784344
2026-08-03 18:15:00,2026-08-03 23:45:00,-1,4033.2999999999997,4056.48,0.08,-186.00000000000233,737.5754663831909,TIME,tday,-0.2521775851792909
2026-08-04 01:15:00,2026-08-04 09:10:00,1,4051.6700000000005,4063.87,0.13,157.68999999999173,720.0277229318953,TIME,drift,0.21900545628700333
2026-08-05 01:15:00,2026-08-05 09:10:00,1,4077.2300000000005,4170.04,0.12,1112.879999999994,697.9949939465236,TIME,drift,1.5943953891526859
2026-08-06 01:15:00,2026-08-06 09:10:00,1,4247.870000000001,4262.68,0.09,132.6599999999954,706.1579952347741,TIME,drift,0.18786164129727134
2026-08-05 20:00:00,2026-08-06 15:20:00,1,4242.530000000001,4257.08,0.1,120.95599999999274,710.834104952567,NEWS,trendH4,0.17016065936800256
2026-08-06 04:00:00,2026-08-06 15:20:00,1,4295.01,4257.08,0.1,-380.00000000000296,725.5445297196916,NEWS,trendH4,-0.5237445593405727
2026-08-07 01:15:00,2026-08-07 09:10:00,1,4239.280000000001,4282.26,0.09,386.1899999999961,717.8622862627524,TIME,drift,0.5379722648622922
2026-08-07 01:05:00,2026-08-07 15:20:00,1,4236.84,4314.3,0.05,386.95000000000016,714.8386620004603,NEWS,friday,0.541310956680951
2026-08-07 12:00:00,2026-08-07 15:20:00,1,4306.33,4314.3,0.1,79.00000000000254,737.7111471770232,NEWS,trendH4,0.1070879846431892
2026-08-11 01:15:00,2026-08-11 09:10:00,1,4391.570000000001,4382.39,0.11,-101.7500000000032,733.7022358801776,TIME,drift,-0.1386802370554861
2026-08-07 16:00:00,2026-08-11 16:50:00,1,4361.6900000000005,4394.82,0.09,283.2335999999928,693.9005308363552,NEWS,trendH4,0.40817608203673317
2026-08-11 04:00:00,2026-08-11 16:50:00,1,4409.64,4394.82,0.1,-148.90000000000617,727.8188543691789,NEWS,trendH4,-0.20458387290483426
2026-08-12 01:15:00,2026-08-12 09:10:00,1,4374.35,4386.46,0.11,132.4399999999964,704.2535188179095,TIME,drift,0.18805727832542052
2026-08-12 16:00:00,2026-08-12 17:20:00,1,4437.6,4436.29,0.1,-13.800000000004003,726.6918267328574,NEWS,trendH4,-0.01899016817355383
2026-08-13 01:15:00,2026-08-13 09:10:00,1,4403.43,4379.21,0.1,-242.90000000000254,728.5366811578973,TIME,drift,-0.3334080579360126
2026-08-14 01:15:00,2026-08-14 09:10:00,1,4354.370000000001,4330.51,0.1,-239.3000000000058,697.7900041990637,TIME,drift,-0.3429398509006715
2026-08-14 01:05:00,2026-08-14 15:20:00,1,4353.320000000001,4372.23,0.05,94.19999999999473,717.5706201380694,NEWS,friday,0.13127627770193473
2026-08-18 01:15:00,2026-08-18 09:10:00,1,4417.01,4392.87,0.12,-290.5200000000039,739.9669254985996,TIME,drift,-0.39261214250116333
2026-08-19 01:15:00,2026-08-19 09:10:00,1,4340.740000000001,4338.94,0.11,-20.570000000012005,700.4886797926181,TIME,drift,-0.029365214019021434
2026-08-19 18:15:00,2026-08-19 23:45:00,1,4485.650000000001,4519.44,0.08,269.75999999999243,749.2739562461962,TIME,tday,0.3600285286191834
2026-08-20 01:15:00,2026-08-20 09:10:00,1,4520.25,4490.14,0.09,-271.61999999999705,729.9510152138687,TIME,drift,-0.3721071610817816
2026-08-19 20:00:00,2026-08-20 15:20:00,1,4493.530000000001,4466.94,0.09,-261.3996000000095,687.5579908632393,NEWS,trendH4,-0.3801855312187099
2026-08-21 01:15:00,2026-08-21 09:10:00,1,4518.72,4548.37,0.1,295.7999999999964,741.0186238500561,TIME,drift,0.39918025064353985
2026-08-21 01:05:00,2026-08-21 23:00:00,1,4520.04,4616.97,0.05,484.3000000000015,753.2104206263099,TIME,friday,0.6429810139871619
2026-08-21 18:15:00,2026-08-21 23:45:00,1,4595.43,4607.91,0.07,86.86999999999695,703.1597259178893,TIME,tday,0.12354234293865274
2026-08-24 18:15:00,2026-08-24 23:45:00,1,4673.17,4647.79,0.07,-178.15000000000077,714.6290312094684,TIME,tday,-0.24929018024707475
2026-08-25 01:15:00,2026-08-25 09:10:00,1,4659.01,4648.07,0.09,-99.09000000000458,744.998935474353,TIME,drift,-0.1330069014620972
2026-08-21 12:00:00,2026-08-25 16:50:00,1,4584.27,4607.03,0.09,189.9035999999938,689.6299438278182,NEWS,trendH4,0.27537029344451946
2026-08-21 20:00:00,2026-08-25 16:50:00,1,4629.12,4607.03,0.09,-213.7464000000013,707.749499304606,NEWS,trendH4,-0.3020085499318844
2026-08-24 16:00:00,2026-08-25 16:50:00,1,4662.99,4607.03,0.09,-511.42320000000035,704.1503236964485,NEWS,trendH4,-0.7262983240784099
2026-08-26 01:15:00,2026-08-26 09:10:00,1,4664.910000000001,4639.14,0.09,-232.56000000000392,679.4507854677746,TIME,drift,-0.34227644587958744
2026-08-27 01:15:00,2026-08-27 09:10:00,1,4602.89,4605.06,0.11,23.1000000000008,749.8114881416994,TIME,drift,0.030807743499970702
2026-08-28 01:15:00,2026-08-28 09:10:00,1,4605.14,4580.67,0.1,-245.40000000000256,687.1625641601868,TIME,drift,-0.35712073503293545
2026-08-28 01:05:00,2026-08-28 21:17:00,1,4602.22,4455.1975198929,0.05,-735.4624005354996,735.2124005354998,SL,friday,-1.0003400377901919
2026-09-01 01:15:00,2026-09-01 09:10:00,1,4452.1,4435.58,0.09,-149.31000000000392,691.613503201527,TIME,drift,-0.21588647316577475
2026-09-01 01:10:00,2026-09-01 16:35:00,1,4455.910000000001,4352.96,0.03,-309.06000000000216,613.5361048591817,NEWS,tom,-0.5037356360159723
2026-09-02 01:15:00,2026-09-02 09:10:00,1,4329.52,4324.18,0.09,-48.69000000000131,692.0448527030286,TIME,drift,-0.07035671143253953
2026-09-03 01:15:00,2026-09-03 09:10:00,1,4390.26,4431.31,0.1,409.80000000000183,733.4381414343762,TIME,drift,0.5587383268595234
2026-09-03 18:15:00,2026-09-03 23:45:00,1,4503.89,4472.42,0.07,-220.7800000000018,739.3689983404862,TIME,tday,-0.29860597414219764
2026-09-04 01:15:00,2026-09-04 09:10:00,1,4478.410000000001,4469.67,0.1,-88.10000000000692,713.1599595357343,TIME,drift,-0.12353469768179336
2026-09-04 01:05:00,2026-09-04 15:20:00,1,4476.7300000000005,4467.85,0.04,-35.80000000000044,643.9402231689585,NEWS,friday,-0.05559522252519261
2026-09-08 01:15:00,2026-09-08 09:10:00,1,4412.88,4413.37,0.12,5.039999999997381,697.4886257422615,TIME,drift,0.00722592428605392
2026-09-09 01:15:00,2026-09-09 09:10:00,1,4356.38,4400.19,0.1,437.399999999995,723.8250230112952,TIME,drift,0.6042896916996601
2026-09-10 01:15:00,2026-09-10 09:10:00,1,4403.25,4422.52,0.1,192.00000000000438,726.1284736902192,TIME,drift,0.26441601859275854
2026-09-11 01:15:00,2026-09-11 09:10:00,1,4321.570000000001,4355.68,0.09,306.35999999999706,719.7084674917809,TIME,drift,0.4256723574028198
2026-09-11 01:05:00,2026-09-11 15:20:00,1,4322.580000000001,4331.26,0.04,34.439999999997525,627.8332466774859,NEWS,friday,0.05485533010915738
2026-09-15 01:15:00,2026-09-15 09:10:00,1,4297.39,4288.72,0.09,-78.66000000000065,720.501002544792,TIME,drift,-0.10917403268305728
2026-09-16 01:15:00,2026-09-16 09:10:00,1,4293.26,4324.36,0.11,341.329999999994,687.5056633560552,TIME,drift,0.4964759102256605
2026-09-17 01:15:00,2026-09-17 09:10:00,1,4259.43,4310.09,0.07,354.129999999999,690.9071542975131,TIME,drift,0.5125580156425855
2026-09-18 01:15:00,2026-09-18 09:10:00,1,4344.67,4387.35,0.09,383.4900000000026,706.9177769483443,TIME,drift,0.5424817602627992
2026-09-18 01:05:00,2026-09-18 23:00:00,1,4343.2300000000005,4376.58,0.04,133.11999999999782,629.6201253172484,TIME,friday,0.21142907389264642
2026-09-22 01:15:00,2026-09-22 09:10:00,1,4349.84,4318.99,0.12,-371.04000000000434,715.783740587522,TIME,drift,-0.5183688577438924
2026-09-23 01:15:00,2026-09-23 09:10:00,1,4364.56,4331.53,0.1,-331.00000000000654,699.9035784335783,TIME,drift,-0.4729222855822544
2026-09-24 01:15:00,2026-09-24 09:10:00,1,4288.46,4286.01,0.12,-30.239999999997817,718.0505320827764,TIME,drift,-0.042114027702595966
2026-09-25 01:15:00,2026-09-25 09:10:00,1,4270.68,4268.1,0.1,-26.49999999999927,704.7884833354333,TIME,drift,-0.0375999333510491
2026-09-25 01:05:00,2026-09-25 15:20:00,1,4274.63,4299.57,0.05,124.34999999999802,712.9691980309012,NEWS,friday,0.17441146173415545
