entry_time,exit_time,dir,entry,exit,lots,pnl,risk_usd,reason,leg,R
2019-01-02 01:10:00,2019-01-02 16:35:00,1,1281.96,1284.32,0.22,50.3799999999978,485.4541100330251,NEWS,tom,0.10377911930042262
2019-01-02 08:00:00,2019-01-02 16:35:00,1,1286.44,1284.32,0.54,-118.2600000000064,493.9973695987417,NEWS,trendH4,-0.23939398725152164
2019-01-02 12:00:00,2019-01-02 16:35:00,1,1287.25,1284.32,0.54,-162.00000000000344,491.5185011188055,NEWS,trendH4,-0.329590848831235
2019-01-02 18:15:00,2019-01-02 23:45:00,1,1287.17,1284.46,0.45,-125.10000000000166,498.0621579883211,TIME,tday,-0.2511734690009015
2019-01-04 01:05:00,2019-01-04 15:20:00,1,1294.02,1290.12,0.3,-119.10000000000272,494.19568724503273,NEWS,friday,-0.240997651484867
2019-01-04 04:00:00,2019-01-04 15:20:00,1,1297.18,1290.12,0.51,-363.6300000000088,491.2093413971914,NEWS,trendH4,-0.7402750097661069
2019-01-09 18:15:00,2019-01-09 19:50:00,1,1289.75,1289.31,0.42,-21.420000000002293,494.29308669297205,NEWS,tday,-0.04333461376793892
2019-01-11 01:05:00,2019-01-11 15:20:00,1,1287.05,1292.46,0.27,144.18000000000222,478.92033064504983,NEWS,friday,0.3010521599820341
2019-01-16 18:15:00,2019-01-16 23:45:00,1,1294.6200000000001,1293.38,0.44,-57.6400000000004,491.5759392685781,TIME,tday,-0.11725553550436921
2019-01-18 01:05:00,2019-01-18 23:00:00,1,1292.48,1280.68,0.31,-367.9699999999986,491.1195151602647,TIME,friday,-0.7492473596369321
2019-01-25 01:05:00,2019-01-25 23:00:00,1,1280.96,1299.59,0.33,612.4799999999962,490.79936222505705,TIME,friday,1.2479233820176445
2019-01-25 18:15:00,2019-01-25 23:45:00,1,1298.79,1302.97,0.49,201.3900000000031,486.9851262429857,TIME,tday,0.41354445782296384
2019-01-29 12:00:00,2019-01-29 16:50:00,1,1308.52,1307.01,0.62,-97.95999999999944,492.9526792290143,NEWS,trendH4,-0.19872089985028668
2019-01-29 18:15:00,2019-01-29 23:45:00,1,1310.74,1311.76,0.46,43.69999999999917,490.4660257614502,TIME,tday,0.08909893388059809
2019-01-30 04:00:00,2019-01-30 15:05:00,1,1314.0,1311.72,0.62,-145.6999999999983,495.27933106127944,NEWS,trendH4,-0.2941774284983665
2019-01-30 08:00:00,2019-01-30 15:05:00,1,1315.34,1311.72,0.63,-232.46999999999312,495.14582200028383,NEWS,trendH4,-0.46949805425170255
2019-01-31 16:00:00,2019-01-31 16:35:00,1,1325.51,1324.45,0.5700000000000001,-64.4099999999969,489.68585795896945,NEWS,trendH4,-0.13153330641089042
2019-02-01 01:05:00,2019-02-01 15:20:00,1,1321.23,1320.9,0.3,-11.999999999997817,482.022767753405,NEWS,friday,-0.024895089615635795
2019-02-01 01:10:00,2019-02-01 15:20:00,1,1321.14,1320.9,0.23,-7.1300000000002095,492.19771814792523,NEWS,tom,-0.01448604846611125
2019-02-07 18:15:00,2019-02-07 19:50:00,1,1310.6000000000001,1310.63,0.48,-1.9200000000013095,489.3483151410521,NEWS,tday,-0.003923585594542978
2019-02-08 01:05:00,2019-02-08 23:00:00,1,1310.27,1314.34,0.32,127.99999999999797,484.95486405954864,TIME,friday,0.26394208922560797
2019-02-08 18:15:00,2019-02-08 23:45:00,1,1314.3700000000001,1313.88,0.48,-26.880000000000436,486.07486405954864,TIME,tday,-0.05530012347379351
2019-02-14 18:15:00,2019-02-14 23:45:00,1,1310.74,1312.35,0.48,73.9199999999952,488.22278718254773,TIME,tday,0.15140628815499413
2019-02-15 01:05:00,2019-02-15 23:00:00,1,1312.79,1320.93,0.32,258.2400000000032,493.78401666950845,TIME,friday,0.5229816909461535
2019-02-18 18:15:00,2019-02-19 04:43:00,1,1326.36,1324.78,0.47000000000000003,-114.90559999999658,487.81469372778236,TIME,tday,-0.23555174019443934
2019-02-19 18:15:00,2019-02-19 23:45:00,1,1337.8500000000001,1341.03,0.49,152.38999999999197,496.8861396726405,TIME,tday,0.3066899795200362
2019-02-18 16:00:00,2019-02-21 15:20:00,1,1327.08,1335.4,0.6,256.5600000000097,491.2738956529609,NEWS,trendH4,0.522234139184235
2019-02-19 12:00:00,2019-02-21 15:20:00,1,1329.25,1335.4,0.64,185.6512000000058,490.8830321174675,NEWS,trendH4,0.3781984461739956
2019-02-19 16:00:00,2019-02-21 15:20:00,1,1332.07,1335.4,0.64,5.171200000009861,494.33888051159363,NEWS,trendH4,0.010460840131891228
2019-02-22 01:05:00,2019-02-22 23:00:00,1,1324.53,1328.35,0.29,108.74999999999815,495.67053672163746,TIME,friday,0.21939976646437395
2019-02-22 18:15:00,2019-02-22 23:45:00,1,1330.22,1327.71,0.43,-110.93999999999961,490.97650756391755,TIME,tday,-0.22595785804590038
2019-03-01 01:05:00,2019-03-01 03:05:00,1,1314.38,1313.47,0.29,-28.420000000002375,488.7544764476613,NEWS,friday,-0.05814780502178327
2019-03-01 01:10:00,2019-03-01 03:05:00,1,1314.54,1313.47,0.22,-25.0799999999986,493.8590106597034,NEWS,tom,-0.050783724623139716
2019-03-08 01:05:00,2019-03-08 15:20:00,1,1285.97,1292.74,0.28,187.5999999999995,483.0573531119974,NEWS,friday,0.38835968191235515
2019-03-13 18:15:00,2019-03-13 19:50:00,1,1307.69,1307.77,0.43,0.42999999999687155,494.0211618929911,NEWS,tday,0.0008704080577220556
2019-03-15 01:05:00,2019-03-15 16:50:00,1,1296.79,1303.84,0.28,195.43999999999875,497.6302974746623,NEWS,friday,0.3927413603870249
2019-03-22 01:05:00,2019-03-22 16:35:00,1,1309.35,1311.34,0.27,51.840000000000245,497.9920596665594,NEWS,friday,0.1040980453276921
2019-03-25 18:15:00,2019-03-25 23:45:00,1,1321.44,1321.94,0.41000000000000003,17.63,492.9448638488121,TIME,tday,0.03576464893527561
2019-03-29 01:05:00,2019-03-29 16:35:00,1,1290.79,1297.28,0.26,166.92000000000024,499.1203249592717,NEWS,friday,0.3344283765915983
2019-04-01 01:10:00,2019-04-01 15:20:00,1,1292.96,1291.9,0.19,-21.46999999999896,486.68981782029346,NEWS,tom,-0.044114339798920134
2019-04-05 01:05:00,2019-04-05 15:20:00,1,1293.03,1288.06,0.27,-136.08000000000072,486.21863027809036,NEWS,friday,-0.27987409680737746
2019-04-10 18:15:00,2019-04-10 19:50:00,1,1308.16,1309.62,0.42,58.37999999999198,491.99071455818785,NEWS,tday,0.11866077605228333
2019-04-12 01:05:00,2019-04-12 23:00:00,1,1292.9299999999998,1290.25,0.27,-74.24999999999558,491.1004355920217,TIME,friday,-0.15119106931861542
2019-04-16 18:15:00,2019-04-16 23:45:00,-1,1276.0,1277.09,0.43,-49.87999999999648,496.0854346746314,TIME,tday,-0.10054719714299086
2019-04-23 18:15:00,2019-04-23 23:45:00,-1,1268.66,1272.28,0.46,-169.73999999999498,495.4816795376799,TIME,tday,-0.34257573389670964
2019-04-26 01:05:00,2019-04-26 15:20:00,1,1277.62,1278.72,0.31,31.930000000004227,490.63955097611523,NEWS,friday,0.06507832468149027
2019-04-29 18:15:00,2019-04-29 23:45:00,-1,1279.38,1279.81,0.46,-22.99999999999247,500.5173909120075,TIME,tday,-0.04595244924074165
2019-05-01 01:10:00,2019-05-01 15:05:00,1,1283.55,1281.49,0.24,-51.11999999999869,500.77405003085755,NEWS,tom,-0.10208196690073834
2019-05-02 18:15:00,2019-05-02 23:45:00,-1,1268.47,1271.04,0.46,-121.43999999999708,494.30714571198405,TIME,tday,-0.2456772091066554
2019-05-03 01:05:00,2019-05-03 15:20:00,1,1270.85,1270.99,0.3,2.1000000000030012,485.96409975389855,NEWS,friday,0.004321306864162355
2019-05-10 01:05:00,2019-05-10 15:20:00,1,1284.69,1285.11,0.31,10.849999999995207,494.7150415152951,NEWS,friday,0.02193181748984634
2019-05-17 01:05:00,2019-05-17 23:00:00,1,1286.78,1277.91,0.3,-268.19999999999675,492.53718931436936,TIME,friday,-0.5445274099471381
2019-05-24 01:05:00,2019-05-24 15:20:00,1,1283.74,1283.65,0.31,-4.959999999997462,493.06775005361794,NEWS,friday,-0.010059469513992943
2019-05-28 18:15:00,2019-05-28 23:45:00,-1,1278.6200000000001,1280.18,0.51,-83.12999999999721,496.24899634761124,TIME,tday,-0.16751671159404527
2019-05-31 01:05:00,2019-05-31 16:35:00,1,1288.62,1298.66,0.33,329.0100000000063,488.47826074213395,NEWS,friday,0.6735407211370038
2019-05-31 20:00:00,2019-06-03 16:35:00,1,1304.77,1313.2,0.62,469.0424000000039,493.89810413318406,NEWS,trendH4,0.9496744289456159
2019-06-03 01:10:00,2019-06-03 16:35:00,1,1306.88,1313.2,0.23,143.74999999999852,483.3632466432846,NEWS,tom,0.29739538741985494
2019-06-03 04:00:00,2019-06-03 16:35:00,1,1308.78,1313.2,0.62,269.70000000000454,494.94468898019977,NEWS,trendH4,0.5449093727133495
2019-06-03 08:00:00,2019-06-03 16:35:00,1,1312.78,1313.2,0.62,21.70000000000451,497.1984545311894,NEWS,trendH4,0.043644544350938376
2019-06-03 20:00:00,2019-06-04 16:45:00,1,1320.77,1322.87,0.5700000000000001,70.40639999999482,503.392891288059,NEWS,trendH4,0.13986371523809585
2019-06-05 12:00:00,2019-06-05 15:05:00,1,1332.85,1335.3,0.49,116.62000000000222,495.90558333021846,NEWS,trendH4,0.23516573299467403
2019-06-05 16:00:00,2019-06-05 16:35:00,1,1340.99,1338.47,0.47000000000000003,-121.72999999999915,505.6258121570261,NEWS,trendH4,-0.24075115841236946
2019-06-07 01:05:00,2019-06-07 15:20:00,1,1336.1200000000001,1336.96,0.28,21.559999999997707,498.65923288864695,NEWS,friday,0.04323593864913389
2019-06-07 18:15:00,2019-06-07 23:45:00,1,1345.96,1340.66,0.42,-225.5399999999981,499.6392328886469,TIME,tday,-0.45140570466423624
2019-06-13 18:15:00,2019-06-13 19:50:00,1,1338.3899999999999,1339.44,0.4,39.20000000000728,495.49116465690486,NEWS,tday,0.07911341875722588
2019-06-14 01:05:00,2019-06-14 15:20:00,1,1342.58,1354.73,0.27,326.16000000000247,496.1480324854652,NEWS,friday,0.6573844470693481
2019-06-14 12:00:00,2019-06-14 15:20:00,1,1354.1399999999999,1354.73,0.46,23.9200000000067,500.3473804351929,NEWS,trendH4,0.047806785715959026
2019-06-20 04:00:00,2019-06-20 15:20:00,1,1371.54,1385.04,0.37,496.91,504.86542458050076,NEWS,trendH4,0.9842424848421517
2019-06-20 08:00:00,2019-06-20 15:20:00,1,1378.76,1385.04,0.33,204.9299999999991,504.34760974591103,NEWS,trendH4,0.40632689843269465
2019-06-21 08:00:00,2019-06-21 10:45:00,1,1404.07,1387.211706261425,0.3,-507.84881215724874,506.34881215725267,SL,trendH4,-1.0029623847513445
2019-06-21 01:05:00,2019-06-21 16:35:00,1,1388.47,1397.84,0.22,204.5999999999976,499.43547651990843,NEWS,friday,0.40966252823219673
2019-06-24 18:15:00,2019-06-24 23:45:00,1,1410.29,1418.34,0.31,247.37999999999863,501.33785073056936,TIME,tday,0.49343970266658843
2019-06-24 20:00:00,2019-06-25 16:50:00,1,1415.21,1431.93,0.27,428.0904000000007,505.3615025892508,NEWS,trendH4,0.8470973705093348
2019-06-25 04:00:00,2019-06-25 16:50:00,1,1424.82,1431.93,0.27,190.08000000000348,504.2965810867991,NEWS,trendH4,0.37692105623711747
2019-06-25 08:00:00,2019-06-25 16:50:00,1,1436.21,1431.93,0.26,-113.09999999999928,503.392983438664,NEWS,trendH4,-0.22467536044586123
2019-06-28 01:05:00,2019-06-28 16:35:00,1,1409.8600000000001,1406.31,0.19,-68.78000000000345,496.6309646681156,NEWS,friday,-0.13849317681181475
2019-07-01 01:10:00,2019-07-01 16:35:00,1,1392.51,1393.15,0.14,7.980000000001402,490.83351162705287,NEWS,tom,0.01625805861044141
2019-07-02 18:15:00,2019-07-02 23:45:00,1,1397.13,1419.32,0.27,597.2399999999953,493.6024045436111,TIME,tday,1.2099616908313249
2019-07-05 01:05:00,2019-07-05 15:20:00,1,1416.84,1411.19,0.17,-97.23999999999769,496.4859646764526,NEWS,friday,-0.195856493271399
2019-07-10 18:15:00,2019-07-10 19:50:00,1,1406.33,1410.66,0.25,106.50000000000387,499.9495849747635,NEWS,tday,0.21302147896648374
2019-07-12 01:05:00,2019-07-12 15:20:00,1,1404.92,1406.51,0.16,24.31999999999869,504.83949319543706,NEWS,friday,0.04817372715050991
2019-07-17 18:15:00,2019-07-17 23:45:00,1,1422.1499999999999,1426.03,0.26,99.06000000000284,513.7893915559667,TIME,tday,0.19280273518300603
2019-07-19 01:05:00,2019-07-19 23:00:00,1,1448.38,1425.44,0.16,-368.1600000000009,508.5425769527083,TIME,friday,-0.7239511826248478
2019-07-26 01:05:00,2019-07-26 15:20:00,1,1415.22,1419.94,0.16,74.40000000000043,487.28529315259624,NEWS,friday,0.15268262975607932
2019-08-01 01:10:00,2019-08-01 15:20:00,1,1415.75,1405.45,0.13,-134.8099999999994,493.855303759082,NEWS,tom,-0.272974693141625
2019-08-02 01:05:00,2019-08-02 15:20:00,1,1445.83,1436.97,0.16,-142.8799999999984,501.6788317934989,NEWS,friday,-0.2848037249034472
2019-08-05 08:00:00,2019-08-05 16:35:00,1,1453.27,1462.74,0.26,244.40000000000074,495.1454004731807,NEWS,trendH4,0.49359238673416406
2019-08-05 12:00:00,2019-08-05 16:35:00,1,1457.47,1462.74,0.26,135.19999999999956,494.0871304495215,NEWS,trendH4,0.2736359473216684
2019-08-05 16:00:00,2019-08-05 16:35:00,1,1462.8700000000001,1462.74,0.27,-5.400000000002947,508.2934575396243,NEWS,trendH4,-0.010623784193763674
2019-08-05 20:00:00,2019-08-06 16:50:00,1,1465.99,1466.45,0.26,-10.524799999999058,508.63538523069326,NEWS,trendH4,-0.020692229258146285
2019-08-06 04:00:00,2019-08-06 16:50:00,1,1470.38,1466.45,0.26,-104.00000000000166,512.8367851707004,NEWS,trendH4,-0.2027935651405831
2019-08-07 04:00:00,2019-08-07 17:20:00,1,1477.85,1497.75,0.27,535.4100000000025,512.5779325195849,NEWS,trendH4,1.0445436021176062
2019-08-07 08:00:00,2019-08-07 17:20:00,1,1485.01,1497.75,0.26,329.42000000000024,509.8768864160648,NEWS,trendH4,0.6460775312164084
2019-08-07 16:00:00,2019-08-07 17:20:00,1,1497.56,1497.75,0.25,3.0000000000013642,499.95465383701736,NEWS,trendH4,0.006000544203313585
2019-08-07 18:15:00,2019-08-07 19:50:00,1,1502.61,1507.65,0.24,119.28000000000456,514.421980120378,NEWS,tday,0.23187189624380417
2019-08-09 01:05:00,2019-08-09 15:20:00,1,1506.66,1497.7,0.15,-135.45000000000056,503.8272065067466,NEWS,friday,-0.2688421709878162
2019-08-12 18:15:00,2019-08-12 23:45:00,1,1505.6,1511.53,0.23,134.78000000000145,502.47360236672125,TIME,tday,0.2682329964502985
2019-08-13 12:00:00,2019-08-13 15:20:00,1,1523.56,1524.14,0.26,13.26000000000402,503.8722049332329,NEWS,trendH4,0.02631619658750789
2019-08-14 18:15:00,2019-08-14 23:45:00,1,1519.7,1514.22,0.2,-111.00000000000037,498.70904525277706,TIME,tday,-0.22257466764762326
2019-08-16 01:05:00,2019-08-16 23:00:00,1,1522.3,1513.96,0.13,-109.32999999999893,484.21465781391026,TIME,friday,-0.22578829086585772
2019-08-23 01:05:00,2019-08-23 16:50:00,1,1498.97,1506.77,0.15,115.9499999999993,499.2217956568437,NEWS,friday,0.23226149380645492
2019-08-23 18:15:00,2019-08-23 23:45:00,1,1525.06,1525.85,0.23,16.559999999999164,510.85228000477366,TIME,tday,0.032416415954616896
2019-08-26 04:00:00,2019-08-26 10:02:00,1,1545.16,1527.3404745077512,0.29,-518.7962392752177,517.346239275216,SL,trendH4,-1.0028027651308205
2019-08-27 18:15:00,2019-08-27 23:45:00,1,1539.1200000000001,1542.72,0.21,74.12999999999809,498.366826028603,TIME,tday,0.14874585571982576
2019-08-30 01:05:00,2019-08-30 16:35:00,1,1528.03,1526.76,0.14,-18.759999999999746,490.1964492656122,NEWS,friday,-0.03827037104839302
2019-09-02 01:10:00,2019-09-03 16:35:00,1,1532.48,1536.45,0.11,34.157200000000294,502.1315798978406,NEWS,tom,0.06802440110807137
2019-09-03 18:15:00,2019-09-03 23:45:00,1,1549.2,1547.12,0.23,-49.450000000003556,512.3728324332934,TIME,tday,-0.0965117525165457
2019-09-06 01:05:00,2019-09-06 15:20:00,1,1518.96,1504.23,0.14,-207.20000000000027,512.9311788562379,NEWS,friday,-0.40395282747682876
2019-09-11 18:15:00,2019-09-11 19:50:00,1,1495.67,1493.67,0.21,-43.47,493.72626091368625,NEWS,tday,-0.08804473944641861
2019-09-13 01:05:00,2019-09-13 15:20:00,1,1497.97,1506.29,0.14,115.49999999999912,496.0658066041478,NEWS,friday,0.23283201233050554
2019-09-20 01:05:00,2019-09-20 23:00:00,1,1499.49,1516.43,0.15,253.05000000000078,511.4545334164164,TIME,friday,0.4947653866897537
2019-09-23 18:15:00,2019-09-23 23:45:00,1,1525.21,1523.27,0.22,-44.2200000000012,494.9691954193493,TIME,tday,-0.08933889302451842
2019-09-27 01:05:00,2019-09-27 15:20:00,1,1504.46,1494.01,0.15,-157.8000000000007,495.584700898029,NEWS,friday,-0.3184117663722421
2019-10-01 01:10:00,2019-10-01 16:35:00,1,1473.46,1463.76,0.11,-107.4700000000005,504.3516934101752,NEWS,tom,-0.21308543503312508
2019-10-04 01:05:00,2019-10-04 15:20:00,1,1506.57,1507.17,0.14,7.4200000000019095,500.63427890381087,NEWS,friday,0.01482119845298797
2019-10-11 01:05:00,2019-10-11 23:00:00,1,1494.92,1485.85,0.14,-127.96000000000232,483.72062138735515,TIME,friday,-0.2645328612061262
2019-10-18 01:05:00,2019-10-18 23:00:00,1,1492.43,1490.64,0.15,-27.89999999999945,484.7469832605389,TIME,friday,-0.05755579913532732
2019-10-24 18:15:00,2019-10-24 23:45:00,1,1502.22,1502.64,0.27,9.450000000001964,501.85721591745937,TIME,tday,0.018830057036693496
2019-10-25 01:05:00,2019-10-25 23:00:00,1,1503.4,1505.56,0.18,37.61999999999738,496.4109862090693,TIME,friday,0.07578397949507362
2019-10-31 18:15:00,2019-10-31 23:45:00,1,1510.26,1512.26,0.29,55.96999999999999,512.3509390535575,TIME,tday,0.10924152906480629
2019-11-01 01:05:00,2019-11-01 15:20:00,1,1512.39,1510.92,0.19,-29.260000000000524,508.618923446658,NEWS,friday,-0.05752833536298655
2019-11-01 01:10:00,2019-11-01 15:20:00,1,1512.1200000000001,1510.92,0.14,-17.78000000000064,499.36911777215533,NEWS,tom,-0.03560492502885017
2019-11-08 01:05:00,2019-11-08 23:00:00,1,1468.62,1458.48,0.18,-183.7799999999977,499.80570387035704,TIME,friday,-0.3677028864954046
2019-11-15 01:05:00,2019-11-15 15:20:00,1,1471.49,1465.64,0.19,-112.47999999999828,494.6083871763906,NEWS,friday,-0.22741223747159167
2019-11-22 01:05:00,2019-11-22 16:35:00,1,1464.87,1469.35,0.21,92.61000000000037,501.79239784591596,NEWS,friday,0.18455839585763886
2019-11-27 18:15:00,2019-11-27 23:45:00,-1,1454.22,1454.6100000000001,0.34,-15.640000000003402,508.98200534839975,TIME,tday,-0.03072800184615127
2019-11-29 01:05:00,2019-12-02 03:17:00,1,1455.82,1460.76,0.24,97.80480000000131,497.54142265000974,TIME,friday,0.19657619556392406
2019-12-02 01:10:00,2019-12-02 16:35:00,1,1462.3600000000001,1458.81,0.18,-65.16000000000328,496.36560674643766,NEWS,tom,-0.13127420416396712
2019-12-06 01:05:00,2019-12-06 15:20:00,1,1476.28,1476.36,0.25,0.249999999998181,510.92376641799103,NEWS,friday,0.0004893097883288794
2019-12-06 18:15:00,2019-12-06 23:45:00,-1,1459.3300000000002,1459.93,0.37,-24.789999999996635,504.97478286575114,TIME,tday,-0.049091560293986244
2019-12-12 18:15:00,2019-12-12 19:50:00,-1,1466.01,1468.4,0.37,-91.0200000000037,500.6747504536831,NEWS,tday,-0.18179466793068064
2019-12-13 01:05:00,2019-12-13 15:20:00,1,1466.79,1471.83,0.24,119.2799999999991,510.3927861241773,NEWS,friday,0.2337023626563926
2019-12-20 01:05:00,2019-12-20 15:20:00,1,1479.3,1478.94,0.27,-11.6099999999973,511.46265276503965,NEWS,friday,-0.022699604628474812
2019-12-24 04:00:00,2019-12-26 15:20:00,1,1487.78,1505.06,0.6900000000000001,1132.6487999999981,512.8892405440336,NEWS,trendH4,2.208369196434246
2019-12-24 08:00:00,2019-12-26 15:20:00,1,1490.43,1505.06,0.6900000000000001,949.798799999992,512.533278516831,NEWS,trendH4,1.8531456196337535
2019-12-24 12:00:00,2019-12-26 15:20:00,1,1491.2,1505.06,0.6900000000000001,896.6687999999932,511.7811145909906,NEWS,trendH4,1.7520552721383638
2019-12-24 20:00:00,2019-12-26 15:20:00,1,1499.79,1505.06,0.63,277.5275999999988,509.5108390993815,NEWS,trendH4,0.5446942021695956
2019-12-26 16:00:00,2019-12-27 17:50:00,1,1508.05,1512.47,0.67,238.19840000000494,522.9302470589306,NEWS,trendH4,0.45550702285760425
2019-12-26 20:00:00,2019-12-27 17:50:00,1,1508.78,1512.47,0.66,186.46320000000358,528.9360520984324,NEWS,trendH4,0.35252503447298333
2019-12-27 01:05:00,2019-12-27 17:50:00,1,1511.12,1512.47,0.28,35.840000000003826,519.875077492234,NEWS,friday,0.06893963867798454
2019-12-27 20:00:00,2019-12-30 16:35:00,1,1514.34,1514.5,0.64,-45.10719999999476,526.4095890771617,NEWS,trendH4,-0.08568840867635277
2019-12-31 04:00:00,2019-12-31 16:50:00,1,1521.49,1518.92,0.66,-174.2399999999958,525.3764452579434,NEWS,trendH4,-0.3316479099371298
2019-12-31 08:00:00,2019-12-31 16:50:00,1,1523.5,1518.92,0.67,-311.5499999999952,528.7463597070923,NEWS,trendH4,-0.5892239147945783
2020-01-02 01:10:00,2020-01-02 15:20:00,1,1521.1000000000001,1524.51,0.22,73.47999999999679,506.73746625554696,NEWS,tom,0.14500605321916524
2020-01-02 16:00:00,2020-01-02 16:35:00,1,1528.27,1528.53,0.6,11.399999999999451,522.3361005265302,NEWS,trendH4,0.021825027962853637
2020-01-03 01:05:00,2020-01-03 16:50:00,1,1528.61,1545.43,0.3,502.5000000000049,527.9664249342449,NEWS,friday,0.951765067376374
2020-01-03 04:00:00,2020-01-03 16:50:00,1,1535.13,1545.43,0.56,572.8799999999975,527.3595032430039,NEWS,trendH4,1.086317770850937
2020-01-03 08:00:00,2020-01-03 16:50:00,1,1541.59,1545.43,0.52,196.0400000000076,523.7324189322215,NEWS,trendH4,0.37431328081559523
2020-01-03 12:00:00,2020-01-03 16:50:00,1,1547.06,1545.43,0.5,-84.99999999999409,529.7344211400101,NEWS,trendH4,-0.16045776262201467
2020-01-06 04:00:00,2020-01-06 16:35:00,1,1577.98,1573.92,0.36,-148.67999999999805,523.9400399882428,NEWS,trendH4,-0.2837729294430989
2020-01-07 18:15:00,2020-01-07 23:45:00,1,1569.86,1575.14,0.36,187.5600000000072,521.1974523015813,TIME,tday,0.35986361631614244
2020-01-08 04:00:00,2020-01-08 13:34:00,1,1593.68,1575.4273442978447,0.29,-531.357015362506,529.9070153625105,SL,trendH4,-1.0027363291255986
2020-01-10 01:05:00,2020-01-10 15:20:00,1,1553.24,1549.18,0.19,-78.46999999999896,523.378981587477,NEWS,friday,-0.149929597405668
2020-01-10 18:15:00,2020-01-10 23:45:00,1,1559.8600000000001,1562.69,0.28,77.27999999999797,514.8502275245388,TIME,tday,0.1501019051143658
2020-01-17 01:05:00,2020-01-17 16:50:00,1,1552.68,1557.44,0.21,98.48999999999981,530.0487733706597,NEWS,friday,0.1858130891874103
2020-01-24 01:05:00,2020-01-24 16:35:00,1,1562.29,1561.95,0.22,-9.019999999998198,519.6520049118989,NEWS,friday,-0.017357770035982902
2020-01-24 18:15:00,2020-01-24 23:45:00,1,1571.56,1570.62,0.33,-33.3300000000018,520.4220049118989,TIME,tday,-0.06404417892676188
2020-01-30 18:15:00,2020-01-30 23:45:00,1,1582.6000000000001,1573.67,0.33,-297.0000000000021,531.5795413965211,TIME,tday,-0.5587122469381509
2020-01-31 01:05:00,2020-01-31 16:35:00,1,1575.29,1581.81,0.22,141.8999999999996,525.1795741539128,NEWS,friday,0.2701932957476625
2020-01-31 18:15:00,2020-01-31 23:45:00,1,1587.01,1589.77,0.33,88.7699999999997,525.9495741539127,TIME,tday,0.16878043896661135
2020-02-03 01:10:00,2020-02-03 16:35:00,1,1590.57,1578.15,0.16,-199.83999999999753,517.102300536856,NEWS,tom,-0.3864612472087699
2020-02-07 01:05:00,2020-02-07 15:20:00,1,1566.19,1565.7,0.2,-11.200000000000182,522.7001413546712,NEWS,friday,-0.021427199103052415
2020-02-13 18:15:00,2020-02-13 19:50:00,1,1576.1000000000001,1575.62,0.33,-18.150000000008102,518.9844622280784,NEWS,tday,-0.03497214525862185
2020-02-14 01:05:00,2020-02-14 15:20:00,1,1576.25,1575.03,0.22,-28.380000000000603,511.22128635464446,NEWS,friday,-0.055514120318364106
2020-02-14 18:15:00,2020-02-14 23:45:00,1,1581.67,1584.43,0.34,91.45999999999971,527.5061738199366,TIME,tday,0.17338185700783745
2020-02-18 18:15:00,2020-02-18 23:45:00,1,1602.52,1602.03,0.36,-20.160000000000327,523.3400782593786,TIME,tday,-0.03852179650955109
2020-02-19 12:00:00,2020-02-19 15:20:00,1,1609.1200000000001,1607.09,0.52,-109.2000000000104,528.2497194620457,NEWS,trendH4,-0.20672041267000868
2020-02-20 16:00:00,2020-02-20 17:50:00,1,1615.91,1617.83,0.46,85.09999999999289,524.4068623658105,NEWS,trendH4,0.16227857815603808
2020-02-21 01:05:00,2020-02-21 16:35:00,1,1620.06,1641.76,0.23,497.49000000000103,531.687311930951,NEWS,friday,0.9356815346848242
2020-02-21 08:00:00,2020-02-21 16:35:00,1,1628.43,1641.76,0.45,596.6999999999967,528.6327726177802,NEWS,trendH4,1.128760892074755
2020-02-21 12:00:00,2020-02-21 16:35:00,1,1635.16,1641.76,0.44,287.319999999996,530.223108787182,NEWS,trendH4,0.5418850956104195
2020-02-21 16:00:00,2020-02-21 16:35:00,1,1643.24,1641.76,0.41000000000000003,-63.55000000000075,521.0074565286529,NEWS,trendH4,-0.12197522166653636
2020-02-21 18:15:00,2020-02-21 23:45:00,1,1642.58,1643.46,0.34,27.54000000000371,524.7750320478938,TIME,tday,0.05247963092399995
2020-02-24 12:00:00,2020-02-24 21:24:00,1,1682.79,1664.8251115102657,0.29,-523.0117662022924,521.561766202296,SL,trendH4,-1.0027801117604047
2020-02-24 04:00:00,2020-02-25 02:12:00,1,1661.92,1645.6964393465548,0.33,-563.9159015636931,536.0375015636934,SL,trendH4,-1.052008301506284
2020-02-28 01:05:00,2020-02-28 16:35:00,1,1642.49,1620.77,0.16,-348.64000000000044,505.685355472718,NEWS,friday,-0.6894405705581279
2020-03-02 01:10:00,2020-03-02 16:35:00,1,1587.23,1597.68,0.1,103.80000000000045,514.8660488776986,NEWS,tom,0.201605835588233
2020-03-05 18:15:00,2020-03-05 23:45:00,1,1659.77,1669.9,0.18,181.08000000000197,514.7998718826072,TIME,tday,0.3517483392872613
2020-03-06 01:05:00,2020-03-06 15:20:00,1,1672.0,1687.94,0.12,190.44000000000065,528.6770238909924,NEWS,friday,0.36021992898119093
2020-03-09 04:00:00,2020-03-09 07:36:00,1,1700.22,1666.3086565108633,0.15,-509.7201523370505,508.9701523370507,SL,trendH4,-1.0014735638161805
2020-03-13 01:05:00,2020-03-13 19:25:00,1,1577.05,1521.7515043813034,0.09,-498.31646056826855,497.86646056826896,SL,friday,-1.000903856828367
2020-03-20 01:05:00,2020-03-20 16:50:00,1,1470.73,1489.32,0.06,111.11999999999951,454.3253545630473,NEWS,friday,0.24458243169560823
2020-03-27 01:05:00,2020-03-27 23:00:00,1,1637.05,1619.2,0.06,-107.51999999999944,486.76615177414453,TIME,friday,-0.22088635293993866
2020-04-01 01:10:00,2020-04-01 15:05:00,1,1572.31,1582.72,0.05,51.70000000000041,496.1062663782783,NEWS,tom,0.10421154398517402
2020-04-02 18:15:00,2020-04-02 23:45:00,1,1607.01,1614.27,0.1,71.8999999999999,484.80224735125853,TIME,tday,0.1483078933582284
2020-04-03 01:05:00,2020-04-03 15:20:00,1,1616.27,1613.65,0.07,-18.829999999999234,500.91469116747686,NEWS,friday,-0.037591231265572074
2020-04-06 18:15:00,2020-04-06 23:45:00,1,1649.34,1656.52,0.11,78.2100000000007,503.3312641969333,TIME,tday,0.1553847447262888
2020-04-09 18:15:00,2020-04-09 23:45:00,1,1681.0900000000001,1681.78,0.12,7.4399999999979265,524.3104402759059,TIME,tday,0.014190066472990322
2020-04-13 18:15:00,2020-04-13 23:45:00,1,1702.1599999999999,1716.12,0.12,166.68000000000043,527.6596945419126,TIME,tday,0.3158854119883149
2020-04-13 20:00:00,2020-04-15 15:20:00,1,1714.69,1719.72,0.18,60.667199999999504,509.1964528568976,NEWS,trendH4,0.11914301378106644
2020-04-14 16:00:00,2020-04-15 15:20:00,1,1730.41,1719.72,0.18,-207.98640000000097,514.7304744945346,NEWS,trendH4,-0.4040685568583124
2020-04-14 20:00:00,2020-04-15 15:20:00,1,1734.4299999999998,1719.72,0.18,-280.34639999999655,530.3309507698079,NEWS,trendH4,-0.5286253792901519
2020-04-17 01:05:00,2020-04-17 23:00:00,1,1713.12,1683.72,0.08,-235.7599999999989,499.92205268147546,TIME,friday,-0.47159351890046153
2020-04-22 18:15:00,2020-04-22 23:45:00,1,1710.4,1713.39,0.12,35.040000000000106,488.96417993484033,TIME,tday,0.07166169105612104
2020-04-23 18:15:00,2020-04-23 23:45:00,1,1737.34,1730.9,0.13,-84.62999999999775,527.5503952915952,TIME,tday,-0.1604206929903253
2020-04-24 01:05:00,2020-04-24 15:20:00,1,1730.4399999999998,1733.38,0.08,22.960000000002257,479.1803388213674,NEWS,friday,0.04791515456681011
2020-05-01 01:05:00,2020-05-01 16:35:00,1,1687.31,1682.13,0.09,-47.24999999999853,484.7099355639623,NEWS,friday,-0.09748098096034061
2020-05-01 01:10:00,2020-05-01 16:35:00,1,1688.1399999999999,1682.13,0.07,-42.55999999999835,502.49882206633134,NEWS,tom,-0.08469671595445113
2020-05-07 18:15:00,2020-05-07 23:45:00,1,1698.78,1717.86,0.15,285.1499999999989,501.2731458721576,TIME,tday,0.5688515380249838
2020-05-08 01:05:00,2020-05-08 15:20:00,1,1715.51,1719.53,0.1,39.499999999999815,508.62863545271784,NEWS,friday,0.07765980372859235
2020-05-12 18:15:00,2020-05-12 19:50:00,1,1709.32,1702.21,0.16,-114.8799999999984,515.2998062122954,NEWS,tday,-0.22293817815384478
2020-05-13 18:15:00,2020-05-13 19:50:00,1,1715.3799999999999,1711.55,0.16,-62.39999999999883,498.2755343399886,NEWS,tday,-0.12523191627831642
2020-05-14 18:15:00,2020-05-14 23:45:00,1,1730.48,1730.89,0.17,5.780000000001391,514.5157727193638,TIME,tday,0.011233863579054981
2020-05-15 01:05:00,2020-05-15 15:20:00,1,1729.9099999999999,1733.57,0.11,39.4900000000009,493.3223875979138,NEWS,friday,0.08004907337022686
2020-05-15 18:15:00,2020-05-15 23:45:00,1,1744.19,1744.43,0.17,2.8900000000001542,508.66821752512334,TIME,tday,0.005681502992385043
2020-05-18 04:00:00,2020-05-18 16:57:00,1,1754.82,1733.3681218002273,0.24,-516.5250767945432,515.3250767945432,SL,trendH4,-1.002328627218113
2020-05-15 20:00:00,2020-05-18 18:26:00,1,1749.26,1729.190688975321,0.26,-544.286886641651,522.3220866416492,SL,trendH4,-1.0420522136852912
2020-05-22 01:05:00,2020-05-22 23:00:00,1,1726.77,1735.2,0.12,100.32000000000076,511.7719415680271,TIME,friday,0.19602481467160654
2020-05-22 18:15:00,2020-05-22 23:45:00,1,1736.14,1735.8,0.18,-7.380000000002619,512.1919415680271,TIME,tday,-0.014408660896556569
2020-05-29 01:05:00,2020-05-29 16:35:00,1,1720.2,1729.89,0.13,125.06000000000071,506.14600220952497,NEWS,friday,0.2470828564368087
2020-05-29 18:15:00,2020-05-29 23:45:00,1,1731.3300000000002,1731.35,0.2,-1.0000000000049114,519.5907714969486,TIME,tday,-0.0019245915340718944
2020-06-01 01:10:00,2020-06-01 16:35:00,1,1736.51,1733.68,0.1,-28.999999999999275,517.7914306757383,NEWS,tom,-0.056007106881149286
2020-06-05 01:05:00,2020-06-05 15:20:00,1,1715.4499999999998,1702.0,0.13,-175.75999999999763,514.0336413926883,NEWS,friday,-0.3419231463602368
2020-06-09 18:15:00,2020-06-09 19:50:00,1,1718.79,1714.85,0.19,-76.19000000000104,521.1207123265102,NEWS,tday,-0.14620412928869328
2020-06-12 01:05:00,2020-06-12 23:00:00,1,1729.77,1731.14,0.12,15.600000000001419,494.5534381169281,TIME,friday,0.03154360843066889
2020-06-19 01:05:00,2020-06-19 19:50:00,1,1723.9599999999998,1742.13,0.13,235.3000000000039,495.3798953473833,NEWS,friday,0.47498899775696524
2020-06-19 18:15:00,2020-06-19 19:50:00,1,1742.2,1742.13,0.2,-2.799999999998727,508.5486106127009,NEWS,tday,-0.00550586500791985
2020-06-23 18:15:00,2020-06-23 23:45:00,1,1767.07,1770.45,0.2,66.20000000000219,499.88630200789,TIME,tday,0.13243011407613509
2020-06-23 20:00:00,2020-06-24 17:20:00,1,1765.6699999999998,1769.26,0.27,73.58040000000392,509.5253667654222,NEWS,trendH4,0.14440968948633176
2020-06-24 12:00:00,2020-06-24 17:20:00,1,1775.21,1769.26,0.28,-168.56000000000128,510.33765035708916,NEWS,trendH4,-0.33029113153234513
2020-06-26 01:05:00,2020-06-26 23:00:00,1,1764.1200000000001,1771.04,0.14,95.89999999999785,499.75831843545996,TIME,friday,0.19189275388195987
2020-06-30 18:15:00,2020-06-30 19:20:00,1,1783.72,1781.96,0.22,-40.2599999999998,503.1857842427212,NEWS,tday,-0.08001020947082167
2020-06-30 20:00:00,2020-07-01 15:05:00,1,1783.78,1780.48,0.3,-124.94399999999862,518.1829180700796,NEWS,trendH4,-0.24111948820184972
2020-07-01 01:10:00,2020-07-01 15:05:00,1,1782.1899999999998,1780.48,0.11,-19.5799999999979,500.55822822538374,NEWS,tom,-0.039116328322909344
2020-07-02 18:15:00,2020-07-02 23:45:00,1,1776.3600000000001,1775.54,0.22,-19.5800000000036,512.7876404949992,TIME,tday,-0.03818344759850847
2020-07-03 01:05:00,2020-07-06 04:00:00,1,1777.03,1775.58,0.15,-34.72200000000068,522.0228404051534,TIME,friday,-0.06651433100714937
2020-07-06 18:15:00,2020-07-06 23:45:00,1,1783.3600000000001,1785.03,0.23,36.799999999996444,503.5628707337805,TIME,tday,0.07307925611428084
2020-07-07 18:15:00,2020-07-07 23:45:00,1,1794.13,1794.78,0.24,13.919999999996724,517.1699865495016,TIME,tday,0.02691571506859738
2020-07-07 20:00:00,2020-07-08 17:20:00,1,1796.16,1813.15,0.32,516.0064000000003,508.5211807176055,NEWS,trendH4,1.0147195821260226
2020-07-08 12:00:00,2020-07-08 17:20:00,1,1799.81,1813.15,0.35000000000000003,464.4500000000051,516.7311733848558,NEWS,trendH4,0.89882326424709
2020-07-08 16:00:00,2020-07-08 17:20:00,1,1803.8400000000001,1813.15,0.35000000000000003,323.3999999999981,513.2071147156126,NEWS,trendH4,0.6301549427645916
2020-07-08 18:15:00,2020-07-08 19:50:00,1,1812.06,1812.46,0.24,7.920000000002181,521.2349875102514,NEWS,tday,0.015194682225445228
2020-07-10 01:05:00,2020-07-10 15:20:00,1,1802.4499999999998,1807.37,0.16,77.60000000000116,526.3628208634311,NEWS,friday,0.14742682599182869
2020-07-14 18:15:00,2020-07-14 23:45:00,1,1809.08,1808.98,0.25,-4.249999999997726,529.4381203545911,TIME,tday,-0.008027378151673871
2020-07-17 01:05:00,2020-07-17 23:00:00,1,1798.51,1810.14,0.17,196.5200000000019,518.9511630566394,TIME,friday,0.3786868861464586
2020-07-17 18:15:00,2020-07-17 23:45:00,1,1810.14,1809.97,0.26,-6.240000000001892,529.7333427244166,TIME,tday,-0.011779511495179055
2020-07-20 18:15:00,2020-07-20 23:45:00,1,1817.14,1817.89,0.26,17.68,522.0552468155298,TIME,tday,0.03386614751570018
2020-07-21 18:15:00,2020-07-21 23:45:00,1,1838.45,1841.84,0.26,86.3199999999967,512.4927291858489,TIME,tday,0.1684316578249325
2020-07-21 12:00:00,2020-07-22 16:50:00,1,1824.11,1853.68,0.43,1234.323600000007,520.6093036648273,NEWS,trendH4,2.3709211328168562
2020-07-21 16:00:00,2020-07-22 16:50:00,1,1839.38,1853.68,0.39,523.9727999999982,523.2760046693458,NEWS,trendH4,1.0013316019164546
2020-07-21 20:00:00,2020-07-22 16:50:00,1,1841.97,1853.68,0.39,422.96280000000144,527.980704435878,NEWS,trendH4,0.8010951848172498
2020-07-22 08:00:00,2020-07-22 16:50:00,1,1856.53,1853.68,0.35000000000000003,-102.19999999999683,528.1038181423045,NEWS,trendH4,-0.1935225546361373
2020-07-23 04:00:00,2020-07-23 15:20:00,1,1873.1299999999999,1874.95,0.29,50.750000000004746,526.4284713973393,NEWS,trendH4,0.09640436024536277
2020-07-23 12:00:00,2020-07-23 15:20:00,1,1882.58,1874.95,0.28,-215.59999999999673,541.341978352095,NEWS,trendH4,-0.3982695017598802
2020-07-23 18:15:00,2020-07-23 23:45:00,1,1887.84,1886.27,0.25,-40.99999999999841,528.8102984321455,TIME,tday,-0.07753252938068365
2020-07-23 20:00:00,2020-07-24 16:35:00,1,1893.8899999999999,1904.08,0.25,233.13000000000136,537.5409245203263,NEWS,trendH4,0.43369721144122103
2020-07-24 01:05:00,2020-07-24 16:35:00,1,1890.1699999999998,1904.08,0.16,221.44000000000133,530.3908946023694,NEWS,friday,0.41750339655814317
2020-07-24 18:15:00,2020-07-24 23:45:00,1,1902.6100000000001,1901.59,0.24,-26.16000000000502,530.9508946023693,TIME,tday,-0.04927009308383654
2020-07-24 20:00:00,2020-07-27 15:20:00,1,1900.6499999999999,1936.53,0.24,840.3648000000026,525.1709035479496,NEWS,trendH4,1.6001739516082594
2020-07-27 04:00:00,2020-07-27 15:20:00,1,1915.4099999999999,1936.53,0.24,505.2000000000028,527.004940452024,NEWS,trendH4,0.9586247892983344
2020-07-27 08:00:00,2020-07-27 15:20:00,1,1932.11,1936.53,0.22,95.7000000000016,527.540468976971,NEWS,trendH4,0.18140788361807977
2020-07-27 18:15:00,2020-07-27 23:45:00,1,1941.43,1941.18,0.24,-7.68,536.2944021307718,TIME,tday,-0.014320492568049
2020-07-28 04:00:00,2020-07-28 06:07:00,1,1964.03,1938.3543422517982,0.21,-540.6588127122363,539.6088127122378,SL,trendH4,-1.001945854061799
2020-07-31 01:05:00,2020-07-31 16:35:00,1,1956.1599999999999,1960.71,0.12,53.76000000000218,517.3350081852017,NEWS,friday,0.10391718934427215
2020-08-03 01:10:00,2020-08-03 16:35:00,1,1982.47,1969.88,0.09,-113.93999999999926,516.9267933148301,NEWS,tom,-0.22041805817290075
2020-08-04 18:15:00,2020-08-04 23:45:00,1,1994.27,2016.51,0.19,421.2300000000002,544.8399521776311,TIME,tday,0.7731261232154814
2020-08-04 20:00:00,2020-08-05 15:05:00,1,1999.8,2040.06,0.2,787.9039999999999,531.9420547047856,NEWS,trendH4,1.4811838865367895
2020-08-05 04:00:00,2020-08-05 15:05:00,1,2020.82,2040.06,0.19,364.2300000000002,529.1995941525156,NEWS,trendH4,0.6882658339587254
2020-08-05 12:00:00,2020-08-05 15:05:00,1,2037.96,2040.06,0.19,38.569999999998274,536.974308722645,NEWS,trendH4,0.07182838987539018
2020-08-05 18:15:00,2020-08-05 23:45:00,1,2047.66,2038.08,0.18,-173.70000000000277,547.88815341942,TIME,tday,-0.31703550974030964
2020-08-07 01:05:00,2020-08-07 15:20:00,1,2066.87,2052.92,0.11,-154.219999999998,524.6770736423053,NEWS,friday,-0.29393317861099516
2020-08-12 18:15:00,2020-08-12 19:50:00,1,1944.25,1947.72,0.13,44.20000000000036,525.3986510579089,NEWS,tday,0.08412659589247534
2020-08-13 18:15:00,2020-08-13 19:50:00,1,1947.8500000000001,1951.6,0.12,44.15999999999727,524.7159866210646,NEWS,tday,0.08415981431091482
2020-08-14 01:05:00,2020-08-14 15:20:00,1,1951.85,1950.73,0.08,-9.519999999999127,533.2077018624174,NEWS,friday,-0.017854205718985574
2020-08-17 18:15:00,2020-08-17 23:45:00,1,1983.85,1984.36,0.12,5.279999999999891,521.1728660151018,TIME,tday,0.010130995576133648
2020-08-21 01:05:00,2020-08-21 16:35:00,1,1948.21,1936.72,0.08,-92.48000000000008,550.4328682386852,NEWS,friday,-0.1680132225677661
2020-08-28 01:05:00,2020-08-28 16:35:00,1,1930.3999999999999,1959.97,0.08,236.0000000000013,550.6705704969398,NEWS,friday,0.4285683903300454
2020-08-28 18:15:00,2020-08-28 23:45:00,1,1966.44,1964.08,0.12,-29.160000000001528,550.9505704969398,TIME,tday,-0.052926708059672464
2020-09-01 01:10:00,2020-09-01 16:35:00,1,1968.4999999999998,1985.22,0.06,99.90000000000151,534.4335021121569,NEWS,tom,0.1869269041053425
2020-09-04 01:05:00,2020-09-04 15:20:00,1,1931.96,1937.2,0.08,41.36000000000007,507.14285136312293,NEWS,friday,0.08155493050691866
2020-09-09 18:15:00,2020-09-09 19:50:00,1,1946.01,1948.21,0.14,29.820000000000636,550.8781991686994,NEWS,tday,0.05413174826123159
2020-09-11 01:05:00,2020-09-11 15:20:00,1,1946.56,1945.54,0.09,-9.809999999999837,509.7788379749955,NEWS,friday,-0.01924363914157028
2020-09-14 18:15:00,2020-09-14 23:45:00,1,1959.51,1958.31,0.15,-19.050000000000683,545.155150291662,TIME,tday,-0.03494418055081896
2020-09-18 01:05:00,2020-09-18 23:00:00,1,1944.68,1950.67,0.11,65.1200000000001,553.0393197425078,TIME,friday,0.11774931306931238
2020-09-18 18:15:00,2020-09-18 23:45:00,1,1954.78,1950.92,0.16,-62.879999999998404,536.6538858109167,TIME,tday,-0.11717049230899147
2020-09-25 01:05:00,2020-09-25 15:20:00,1,1870.08,1857.37,0.1,-127.80000000000037,526.450989027764,NEWS,friday,-0.24275764062295352
2020-10-01 01:10:00,2020-10-01 15:20:00,1,1887.59,1900.59,0.08,103.44,521.1850533839228,NEWS,tom,0.19847077219193113
2020-10-02 01:05:00,2020-10-02 15:20:00,1,1905.09,1908.44,0.11,36.0800000000015,531.7374729948724,NEWS,friday,0.06785303243119264
2020-10-09 01:05:00,2020-10-09 23:00:00,1,1894.36,1928.74,0.11,377.4100000000012,518.4245556458717,TIME,friday,0.7279940656549543
2020-10-16 01:05:00,2020-10-16 15:20:00,1,1909.21,1913.41,0.12,49.56000000000054,546.285797921232,NEWS,friday,0.09072174343281485
2020-10-23 01:05:00,2020-10-23 16:35:00,1,1905.1599999999999,1905.61,0.13,4.940000000000591,548.4264312114468,NEWS,friday,0.009007589202235157
2020-10-30 01:05:00,2020-10-30 16:35:00,1,1869.4899999999998,1886.93,0.13,225.81000000000367,523.8709456881652,NEWS,friday,0.43104127430349487
2020-11-02 01:10:00,2020-11-02 16:35:00,1,1879.26,1890.03,0.1,106.99999999999982,535.0866149411098,NEWS,tom,0.1999676258240471
2020-11-05 20:00:00,2020-11-05 20:50:00,1,1947.9,1947.05,0.21,-19.320000000002864,536.3240505313358,NEWS,trendH4,-0.03602299762776358
2020-11-06 01:05:00,2020-11-06 15:20:00,1,1946.61,1954.49,0.13,101.53000000000142,557.201146048514,NEWS,friday,0.1822142698736687
2020-11-09 08:00:00,2020-11-09 13:59:00,1,1961.99,1937.6152872899092,0.22,-537.7836796219967,536.6836796219961,SL,trendH4,-1.002049624465524
2020-11-06 16:00:00,2020-11-09 14:02:00,1,1958.79,1933.8381931260924,0.22,-567.9653512259665,549.3797512259678,SL,trendH4,-1.033830151108635
2020-11-13 01:05:00,2020-11-13 15:20:00,1,1877.38,1887.55,0.11,111.0999999999983,542.108575147646,NEWS,friday,0.20494049548974513
2020-11-20 01:05:00,2020-11-20 23:00:00,1,1861.77,1872.87,0.12,132.3599999999989,537.0518334905673,TIME,friday,0.24645665789785196
2020-11-23 18:15:00,2020-11-23 23:45:00,-1,1833.14,1836.67,0.19,-68.39999999999948,552.5119955244849,TIME,tday,-0.12379821715014384
2020-11-24 18:15:00,2020-11-24 23:45:00,-1,1805.31,1807.01,0.18,-31.860000000000817,544.2101013260503,TIME,tday,-0.05854356602784311
2020-11-27 01:05:00,2020-11-30 03:15:00,1,1810.76,1783.27,0.12,-340.2576000000001,513.9452596987368,TIME,friday,-0.6620502739911474
2020-12-01 01:10:00,2020-12-01 16:35:00,1,1777.26,1808.39,0.09,279.540000000001,523.253412699421,NEWS,tom,0.5342344516357328
2020-12-04 01:05:00,2020-12-04 15:20:00,1,1841.49,1840.08,0.12,-17.760000000000982,521.1008154885669,NEWS,friday,-0.034081696808226626
2020-12-11 01:05:00,2020-12-11 15:20:00,1,1837.52,1834.19,0.12,-40.79999999999913,524.4230275056464,NEWS,friday,-0.07779978730922499
2020-12-18 01:05:00,2020-12-18 23:00:00,1,1884.88,1881.12,0.13,-49.790000000002834,552.8055928661145,TIME,friday,-0.09006782970819474
2021-01-04 01:10:00,2021-01-04 16:35:00,1,1908.55,1938.71,0.1,300.90000000000083,505.43250872306345,NEWS,tom,0.5953317105783354
2021-01-04 04:00:00,2021-01-04 16:35:00,1,1916.8,1938.71,0.26,567.8400000000021,534.6548830683859,NEWS,trendH4,1.0620682948618494
2021-01-04 08:00:00,2021-01-04 16:35:00,1,1921.95,1938.71,0.26,433.93999999999977,533.4411389149664,NEWS,trendH4,0.8134730682426282
2021-01-04 12:00:00,2021-01-04 16:35:00,1,1932.3600000000001,1938.71,0.26,163.27999999999764,542.5060819692184,NEWS,trendH4,0.30097358430953425
2021-01-05 12:00:00,2021-01-05 16:50:00,1,1945.83,1943.31,0.26,-67.33999999999952,551.0190403600014,NEWS,trendH4,-0.12220993299252195
2021-01-05 16:00:00,2021-01-05 16:50:00,1,1949.6200000000001,1943.31,0.26,-165.8800000000045,545.451088342001,NEWS,trendH4,-0.3041152608279274
2021-01-06 12:00:00,2021-01-06 14:43:00,1,1957.8600000000001,1936.9956059560996,0.26,-544.294245141415,542.994245141418,SL,trendH4,-1.0023941321876413
2021-01-08 01:05:00,2021-01-08 15:20:00,1,1916.33,1884.16,0.13,-419.119999999998,545.9828663082681,NEWS,friday,-0.7676431365583516
2021-01-15 01:05:00,2021-01-15 15:20:00,1,1848.18,1848.27,0.11,0.21999999999909958,519.9748602906059,NEWS,friday,0.0004230973779696676
2021-01-15 18:15:00,2021-01-15 23:45:00,-1,1825.48,1827.22,0.17,-30.770000000000156,536.1283409054728,TIME,tday,-0.057392974130097994
2021-01-22 01:05:00,2021-01-22 16:35:00,1,1870.09,1839.96,0.12,-362.3999999999985,546.2938515307744,NEWS,friday,-0.6633792399173348
2021-01-29 01:05:00,2021-01-29 16:35:00,1,1843.4399999999998,1862.97,0.13,252.9800000000026,553.0871414647121,NEWS,friday,0.4573962781525688
2021-02-01 01:10:00,2021-02-01 16:35:00,1,1853.16,1864.88,0.09,104.85000000000025,520.3004069697531,NEWS,tom,0.2015181971712268
2021-02-02 18:15:00,2021-02-02 23:45:00,-1,1837.8,1837.3,0.19,8.17,542.2566290536865,TIME,tday,0.015066666892127791
2021-02-04 18:15:00,2021-02-04 23:45:00,-1,1789.74,1793.32,0.19,-69.34999999999862,531.9340832146579,TIME,tday,-0.13037329659512145
2021-02-05 01:05:00,2021-02-05 15:20:00,1,1795.52,1795.44,0.12,-1.7999999999991267,531.5120130534962,NEWS,friday,-0.0033865650367115195
2021-02-12 01:05:00,2021-02-12 23:00:00,1,1826.31,1821.35,0.13,-65.39000000000047,544.8184843112763,TIME,friday,-0.12002162533575235
2021-02-17 18:15:00,2021-02-17 23:45:00,-1,1770.04,1776.45,0.2,-129.60000000000164,540.2030313343328,TIME,tday,-0.23990979776600316
2021-02-19 01:05:00,2021-02-19 16:35:00,1,1776.73,1781.17,0.13,56.81000000000072,516.5870637148711,NEWS,friday,0.10997178208735954
2021-02-25 18:15:00,2021-02-25 23:45:00,-1,1777.4,1771.5,0.2,116.60000000000181,539.77475842759,TIME,tday,0.21601602924091445
2021-02-26 01:05:00,2021-02-26 16:35:00,1,1772.4199999999998,1758.67,0.13,-179.65999999999704,544.240718790693,NEWS,friday,-0.3301112794338559
2021-02-26 18:15:00,2021-02-26 23:46:00,-1,1727.23,1735.3700000000001,0.19,-155.9900000000019,530.7291618986238,TIME,tday,-0.29391639125682345
2021-03-01 01:10:00,2021-03-01 16:35:00,1,1738.8600000000001,1742.49,0.09,32.03999999999893,541.6977589634512,NEWS,tom,0.05914737410268795
2021-03-05 01:05:00,2021-03-05 15:20:00,1,1697.98,1696.49,0.11,-17.1600000000001,520.5840641514528,NEWS,friday,-0.03296297597578354
2021-03-08 18:15:00,2021-03-08 23:45:00,-1,1681.63,1681.96,0.17,-6.7999999999987635,523.3091479544204,TIME,tday,-0.012994231089938897
2021-03-12 01:05:00,2021-03-12 15:20:00,1,1721.8999999999999,1703.38,0.12,-223.07999999999706,544.0783841675521,NEWS,friday,-0.4100144510267812
2021-03-18 18:15:00,2021-03-18 18:45:00,-1,1727.0,1730.8600000000001,0.19,-74.67000000000242,531.8363594942788,NEWS,tday,-0.14040032928738802
2021-03-19 01:05:00,2021-03-19 23:00:00,1,1735.93,1742.54,0.12,78.47999999999878,514.1846169987265,TIME,friday,0.1526300037097243
2021-03-23 18:15:00,2021-03-23 18:50:00,-1,1727.0,1728.63,0.2,-34.00000000000218,545.511792929619,NEWS,tday,-0.0623267919056496
2021-03-26 01:05:00,2021-03-26 23:00:00,1,1728.0,1731.69,0.14,50.680000000000774,537.6340085713164,TIME,friday,0.09426487013847105
2021-03-29 18:15:00,2021-03-29 23:45:00,-1,1710.89,1711.76,0.22,-20.679999999997598,547.4768926918248,TIME,tday,-0.03777328372402813
2021-03-30 18:15:00,2021-03-30 23:45:00,-1,1685.57,1684.43,0.22,23.5399999999972,551.5542574995513,TIME,tday,0.04267939133806133
2021-04-01 01:10:00,2021-04-01 15:20:00,1,1707.76,1716.09,0.1,82.59999999999927,532.4499513795183,NEWS,tom,0.15513195143692265
2021-04-09 01:05:00,2021-04-09 15:20:00,1,1755.96,1744.2,0.15,-177.44999999999987,546.3973313012247,NEWS,friday,-0.3247636652569466
2021-04-14 18:15:00,2021-04-14 18:50:00,-1,1734.93,1735.45,0.22,-12.979999999999599,529.3593433934789,NEWS,tday,-0.024520205720353964
2021-04-16 01:05:00,2021-04-16 23:00:00,1,1764.13,1775.94,0.15,176.09999999999917,548.3535721831406,TIME,friday,0.3211431618816642
2021-04-19 12:00:00,2021-04-19 16:18:00,1,1787.16,1769.9836751129255,0.32,-551.8823963863854,550.2823963863893,SL,trendH4,-1.0029075980087732
2021-04-16 16:00:00,2021-04-20 12:35:00,1,1780.89,1764.4327312524101,0.33,-597.8566686704693,543.7498686704718,SL,trendH4,-1.0995067826541174
2021-04-15 20:00:00,2021-04-21 17:20:00,1,1767.6200000000001,1793.45,0.33,745.1663999999977,549.0220899065461,NEWS,trendH4,1.3572612353846074
2021-04-21 20:00:00,2021-04-22 15:20:00,1,1790.95,1785.15,0.3,-247.63199999999864,533.8956679688465,NEWS,trendH4,-0.46382095764532083
2021-04-23 01:05:00,2021-04-23 16:35:00,1,1784.4399999999998,1787.09,0.15,38.70000000000137,525.8285782646268,NEWS,friday,0.07359812988430867
2021-04-30 01:05:00,2021-04-30 16:35:00,1,1772.83,1768.79,0.16,-65.75999999999942,548.725691298483,NEWS,friday,-0.11984129965627732
2021-05-03 01:10:00,2021-05-03 16:35:00,1,1766.79,1787.88,0.12,252.24000000000174,525.410999062877,NEWS,tom,0.4800813086324744
2021-05-06 18:15:00,2021-05-06 23:45:00,1,1814.89,1815.32,0.24,8.639999999996071,544.1723050077042,TIME,tday,0.015877324002870286
2021-05-06 20:00:00,2021-05-07 15:20:00,1,1815.97,1817.55,0.31,22.171199999997743,540.2538044343833,NEWS,trendH4,0.04103848935077801
2021-05-07 01:05:00,2021-05-07 15:20:00,1,1814.82,1817.55,0.15,39.900000000000276,531.3589262343851,NEWS,friday,0.07509048597858727
2021-05-07 08:00:00,2021-05-07 15:20:00,1,1819.3799999999999,1817.55,0.33,-62.6999999999976,542.0587471060862,NEWS,trendH4,-0.11567011940077888
2021-05-07 16:00:00,2021-05-11 16:22:00,1,1839.05,1821.0854395677804,0.3,-588.7248129665854,539.5368129665842,SL,trendH4,-1.0911670878017505
2021-05-14 01:05:00,2021-05-14 15:20:00,1,1827.28,1837.03,0.15,145.2,534.1398355193215,NEWS,friday,0.2718389274576913
2021-05-14 18:15:00,2021-05-14 23:46:00,1,1837.28,1843.71,0.23,146.28000000000145,546.5462763086398,TIME,tday,0.26764430815991097
2021-05-17 18:15:00,2021-05-17 23:46:00,1,1863.3600000000001,1866.4,0.22,65.3399999999992,527.0060093921456,TIME,tday,0.12398340594894364
2021-05-17 08:00:00,2021-05-19 17:20:00,1,1852.93,1884.27,0.3,890.4119999999974,543.0691888097605,NEWS,trendH4,1.6395921888912623
2021-05-17 20:00:00,2021-05-19 17:20:00,1,1868.16,1884.27,0.28,404.6111999999972,532.6288410387167,NEWS,trendH4,0.7596494384549974
2021-05-18 04:00:00,2021-05-19 17:20:00,1,1869.3300000000002,1884.27,0.3,422.25599999999474,538.5058168258306,NEWS,trendH4,0.7841252346890903
2021-05-19 20:00:00,2021-05-19 22:00:00,1,1882.19,1862.4424107203722,0.28,-554.8924998295797,553.4924998295838,SL,trendH4,-1.0025293929013075
2021-05-19 18:15:00,2021-05-19 23:45:00,1,1883.45,1869.86,0.23,-314.18000000000336,534.4395404701464,TIME,tday,-0.587868180044499
2021-05-20 18:15:00,2021-05-20 23:45:00,1,1879.31,1877.34,0.22,-44.8800000000006,534.3242502312484,TIME,tday,-0.08399394184444584
2021-05-21 01:05:00,2021-05-21 16:35:00,1,1878.1399999999999,1884.59,0.15,95.70000000000068,539.2131272488315,NEWS,friday,0.17748084229380762
2021-05-25 18:15:00,2021-05-25 23:45:00,1,1892.08,1899.72,0.24,181.6800000000024,547.7758830206944,TIME,tday,0.3316684900367158
2021-05-25 20:00:00,2021-05-26 17:20:00,1,1895.48,1904.84,0.29,246.36079999999708,552.5631492392122,NEWS,trendH4,0.445850940909098
2021-05-26 08:00:00,2021-05-26 17:20:00,1,1906.67,1904.84,0.3,-57.00000000000463,543.0574565472099,NEWS,trendH4,-0.10496126940676566
2021-05-28 01:05:00,2021-05-28 16:35:00,1,1897.7699999999998,1898.72,0.16,14.080000000004365,540.5958072144555,NEWS,friday,0.02604533703758231
2021-06-01 01:10:00,2021-06-01 16:35:00,1,1907.7199999999998,1907.69,0.12,-1.199999999996944,518.3263847920557,NEWS,tom,-0.0023151435759504405
2021-06-04 01:05:00,2021-06-04 13:50:00,1,1871.54,1870.35,0.16,-20.160000000000874,550.6568175612779,NEWS,friday,-0.03661082430484471
2021-06-04 18:15:00,2021-06-04 23:45:00,1,1894.3400000000001,1891.61,0.24,-67.2000000000059,551.2168175612778,TIME,tday,-0.12191210039148595
2021-06-11 01:05:00,2021-06-11 23:00:00,1,1898.31,1876.52,0.15,-327.89999999999947,522.6009029489309,TIME,friday,-0.6274386403653845
2021-06-18 01:05:00,2021-06-18 23:00:00,1,1775.5800000000002,1761.86,0.12,-165.48000000000306,516.0175279773567,TIME,friday,-0.3206867810259043
2021-06-25 01:05:00,2021-06-25 23:00:00,1,1776.6399999999999,1779.37,0.13,34.58000000000024,519.2303222985678,TIME,friday,0.06659857584379683
2021-07-01 01:10:00,2021-07-01 15:20:00,1,1769.78,1777.79,0.11,87.3399999999999,551.4091766968446,NEWS,tom,0.15839417204334622
2021-07-02 01:05:00,2021-07-02 15:20:00,1,1776.6299999999999,1784.75,0.15,120.75000000000178,551.4927246228149,NEWS,friday,0.21895121115620686
2021-07-09 01:05:00,2021-07-09 23:00:00,1,1803.19,1808.07,0.16,76.9599999999981,552.3447807528194,TIME,friday,0.13933326190772605
2021-07-16 01:05:00,2021-07-16 15:20:00,1,1829.92,1818.47,0.17,-195.8400000000008,552.1812778949252,NEWS,friday,-0.3546661356332101
2021-07-23 01:05:00,2021-07-23 16:35:00,1,1807.32,1799.89,0.17,-127.49999999999723,537.5878592967965,NEWS,friday,-0.23717053462996052
2021-07-30 01:05:00,2021-07-30 16:35:00,1,1829.1399999999999,1825.04,0.18,-75.05999999999837,546.2595979828459,NEWS,friday,-0.13740719664637446
2021-08-02 01:10:00,2021-08-02 16:35:00,1,1814.76,1812.41,0.13,-31.459999999998818,527.3862542809575,NEWS,tom,-0.059652673433613905
2021-08-06 01:05:00,2021-08-06 15:20:00,1,1804.82,1800.44,0.19,-84.54999999999775,549.0616785151371,NEWS,friday,-0.15398998565817187
2021-08-06 18:15:00,2021-08-06 23:45:00,-1,1764.16,1762.1000000000001,0.28,55.71999999999848,540.0823508218891,TIME,tday,0.10316945168677448
2021-08-13 01:05:00,2021-08-13 23:00:00,1,1753.3600000000001,1778.72,0.14,354.05999999999864,530.0003519790557,TIME,friday,0.6680372921978553
2021-08-20 01:05:00,2021-08-20 23:00:00,1,1780.26,1782.4,0.15,31.0500000000015,523.9389706298492,TIME,friday,0.059262627406155684
2021-08-27 01:05:00,2021-08-27 16:50:00,1,1792.53,1792.36,0.17,-4.080000000001237,551.6036488237995,NEWS,friday,-0.007396615320984804
2021-09-01 01:10:00,2021-09-01 15:05:00,1,1814.74,1812.86,0.12,-23.40000000000131,521.6539346478778,NEWS,tom,-0.04485732483892136
2021-09-03 01:05:00,2021-09-03 15:20:00,1,1809.56,1814.66,0.18,90.54000000000245,550.4135679843253,NEWS,friday,0.16449449153582796
2021-09-10 01:05:00,2021-09-10 15:20:00,1,1794.24,1799.1,0.17,81.4299999999983,525.6762125733894,NEWS,friday,0.1549052402454484
2021-09-16 18:15:00,2021-09-16 23:45:00,-1,1756.92,1752.05,0.27,129.6000000000032,546.71893212625,TIME,tday,0.23705050691399063
2021-09-17 01:05:00,2021-09-17 23:00:00,1,1753.86,1751.49,0.16,-39.03999999999825,538.094356675635,TIME,friday,-0.07255233123273895
2021-09-23 18:15:00,2021-09-23 23:45:00,-1,1748.22,1739.01,0.24,219.36000000000087,544.3181497556444,TIME,tday,0.40299960620177017
2021-09-24 01:05:00,2021-09-24 16:50:00,1,1744.9599999999998,1742.67,0.15,-35.39999999999604,535.8733892962081,NEWS,friday,-0.06606038050609082
2021-10-01 01:05:00,2021-10-01 16:35:00,1,1755.99,1757.95,0.15,28.35000000000054,553.6329103144467,NEWS,friday,0.05120721595813118
2021-10-01 01:10:00,2021-10-01 16:35:00,1,1756.24,1757.95,0.11,18.0400000000004,541.0732900852367,NEWS,tom,0.0333411394178384
2021-10-08 01:05:00,2021-10-08 15:20:00,1,1756.17,1763.8,0.16,120.9599999999981,546.1911681529162,NEWS,friday,0.2214609225723202
2021-10-15 01:05:00,2021-10-15 15:20:00,1,1796.3999999999999,1773.2,0.16,-372.3199999999971,540.4287633817021,NEWS,friday,-0.6889344632033018
2021-10-22 01:05:00,2021-10-22 16:35:00,1,1783.54,1806.08,0.17,381.9899999999994,554.3079146057541,NEWS,friday,0.6891296153901859
2021-10-29 01:05:00,2021-10-29 16:35:00,1,1799.67,1776.79,0.17,-390.15000000000185,552.8269827633467,NEWS,friday,-0.7057361745438114
2021-11-01 01:10:00,2021-11-01 16:35:00,1,1782.39,1786.0,0.12,42.479999999998796,533.7029093057816,NEWS,tom,0.07959484435873695
2021-11-01 18:15:00,2021-11-01 23:45:00,1,1792.3,1793.24,0.24,20.88000000000131,534.5429093057817,TIME,tday,0.03906141048081333
2021-11-05 01:05:00,2021-11-05 15:20:00,1,1791.3400000000001,1794.01,0.16,41.59999999999753,532.7046218420041,NEWS,friday,0.07809205757620731
2021-11-05 18:15:00,2021-11-05 23:45:00,1,1804.72,1818.09,0.24,319.1999999999974,533.2646218420041,TIME,tday,0.5985771171119807
2021-11-05 20:00:00,2021-11-08 17:20:00,1,1814.18,1820.85,0.31,179.9611999999952,550.4744114189075,NEWS,trendH4,0.3269201915055882
2021-11-08 08:00:00,2021-11-08 17:20:00,1,1821.16,1820.85,0.32,-12.16000000000553,543.983171344812,NEWS,trendH4,-0.02235363268673201
2021-11-08 16:00:00,2021-11-08 17:20:00,1,1821.96,1820.85,0.32,-37.76000000000408,548.4912121386932,NEWS,trendH4,-0.06884340015725897
2021-11-10 16:00:00,2021-11-10 17:20:00,1,1849.8,1859.55,0.32,309.76,550.2607278013978,NEWS,trendH4,0.562933141235912
2021-11-11 18:15:00,2021-11-11 23:45:00,1,1860.6000000000001,1861.87,0.23,27.599999999994353,540.8148486328163,TIME,tday,0.0510341017258815
2021-11-12 01:05:00,2021-11-12 16:50:00,1,1862.07,1857.97,0.15,-62.54999999999863,527.9645752332261,NEWS,friday,-0.11847385778177907
2021-11-16 12:00:00,2021-11-16 15:20:00,1,1873.44,1875.11,0.32,51.19999999999506,543.7555003735933,NEWS,trendH4,0.09415996705287123
2021-11-17 18:15:00,2021-11-17 23:45:00,1,1863.8,1866.93,0.24,73.44000000000261,555.946801472263,TIME,tday,0.132098970271109
2021-11-19 01:05:00,2021-11-19 23:00:00,1,1859.55,1846.93,0.16,-203.0399999999983,535.7214767796555,TIME,friday,-0.37900291252185414
2021-11-26 01:05:00,2021-11-29 03:30:00,1,1790.65,1794.31,0.16,44.723199999997675,552.5820242271604,TIME,friday,0.08093495271140498
2021-12-01 01:12:00,2021-12-01 15:05:00,1,1776.77,1785.95,0.11,100.21000000000069,548.0403868895102,NEWS,tom,0.18285148758608538
2021-12-03 01:05:00,2021-12-03 15:20:00,1,1769.98,1770.99,0.15,14.099999999999863,551.5230162679411,NEWS,friday,0.025565569494111186
2021-12-10 01:05:00,2021-12-10 15:20:00,1,1776.21,1777.45,0.17,19.890000000000157,551.2394175970752,NEWS,friday,0.03608232532917053
2021-12-17 01:05:00,2021-12-17 23:00:00,1,1798.74,1796.12,0.17,-45.73000000000201,550.2009232906503,TIME,friday,-0.08311509134971877
2021-12-31 01:05:00,2021-12-31 23:00:00,1,1814.88,1829.25,0.19,271.69999999999794,542.4525749031601,TIME,friday,0.5008732791958863
2022-01-03 01:10:00,2022-01-03 16:35:00,1,1831.83,1805.58,0.14,-368.48,526.5356823677953,NEWS,tom,-0.6998196178138781
2022-01-04 18:15:00,2022-01-04 23:45:00,1,1813.97,1814.69,0.28,18.200000000000767,556.6359907700959,TIME,tday,0.03269641256006712
2022-01-07 01:05:00,2022-01-07 15:20:00,1,1791.53,1790.58,0.18,-18.36000000000082,546.4675897606639,NEWS,friday,-0.03359760092641896
2022-01-11 18:15:00,2022-01-11 23:45:00,1,1813.29,1822.17,0.28,246.68000000000308,543.2793792039799,TIME,tday,0.45405735877817016
2022-01-14 01:05:00,2022-01-14 15:20:00,1,1821.84,1822.25,0.19,6.460000000001555,540.830517612032,NEWS,friday,0.011944592232932524
2022-01-19 18:15:00,2022-01-19 23:45:00,1,1840.2,1840.56,0.31,8.989999999996899,558.1838587284888,TIME,tday,0.01610580431414769
2022-01-19 20:00:00,2022-01-20 15:20:00,1,1840.5,1839.71,0.39,-126.53159999999858,556.7044957335883,NEWS,trendH4,-0.22728682985263776
2022-01-20 16:00:00,2022-01-20 16:50:00,1,1846.5900000000001,1844.28,0.4,-95.20000000000692,554.0483590613583,NEWS,trendH4,-0.17182615640499346
2022-01-21 01:05:00,2022-01-21 23:00:00,1,1839.56,1831.92,0.2,-154.1999999999975,556.8304581556021,TIME,friday,-0.27692450680725417
2022-01-25 20:00:00,2022-01-26 16:22:00,1,1849.95,1835.1010331944613,0.37,-581.4093718049354,550.1517718049388,SL,trendH4,-1.0568163216078477
2022-01-28 01:05:00,2022-01-28 23:00:00,1,1797.79,1788.76,0.18,-163.7999999999995,543.2153280812514,TIME,friday,-0.3015378829212623
2022-02-01 01:10:00,2022-02-01 16:35:00,1,1798.1,1804.58,0.14,89.74000000000026,549.8327007710658,NEWS,tom,0.16321328264788923
2022-02-04 01:05:00,2022-02-04 15:20:00,1,1805.07,1813.99,0.19,168.15000000000137,543.7774913113018,NEWS,friday,0.3092257452483241
2022-02-08 18:15:00,2022-02-08 23:45:00,1,1826.53,1826.04,0.29,-16.240000000000265,555.3379350011978,TIME,tday,-0.02924345515846173
2022-02-10 18:15:00,2022-02-10 19:50:00,1,1839.01,1833.65,0.3,-162.899999999997,546.2081158437846,NEWS,tday,-0.29823797061006385
2022-02-11 01:05:00,2022-02-11 23:00:00,1,1827.56,1861.13,0.2,670.0000000000033,550.186107569229,TIME,friday,1.2177697524209086
2022-02-11 18:15:00,2022-02-11 23:45:00,1,1833.31,1861.03,0.3,829.5000000000008,550.8861075692289,TIME,tday,1.5057558878370498
2022-02-15 08:00:00,2022-02-15 10:45:00,1,1878.02,1861.6327205652124,0.34,-559.547500782779,557.847500782777,SL,trendH4,-1.0030474278321881
2022-02-16 18:15:00,2022-02-16 23:45:00,1,1862.3,1868.18,0.26,151.06000000000284,559.2038682770831,TIME,tday,0.27013403978306044
2022-02-17 12:00:00,2022-02-17 15:20:00,1,1888.51,1890.35,0.31,54.86999999999746,558.0286274277034,NEWS,trendH4,0.09832828873480377
2022-02-17 18:15:00,2022-02-17 23:45:00,1,1895.6000000000001,1897.68,0.25,50.24999999999818,539.1998823902527,TIME,tday,0.09319364050533882
2022-02-17 16:00:00,2022-02-18 16:50:00,1,1896.05,1896.86,0.3,-1.6440000000016397,557.921318764179,NEWS,trendH4,-0.0029466520541698857
2022-02-18 01:05:00,2022-02-18 16:50:00,1,1898.76,1896.86,0.16,-31.520000000001456,537.2524665878824,NEWS,friday,-0.05866887908432803
2022-02-22 04:00:00,2022-02-22 16:35:00,1,1909.57,1904.25,0.3,-161.69999999999808,555.7910697613394,NEWS,trendH4,-0.29093666450854133
2022-02-23 18:15:00,2022-02-23 23:45:00,1,1907.15,1907.39,0.25,4.250000000000227,548.0995767635367,TIME,tday,0.007754065465797248
2022-02-24 08:00:00,2022-02-24 15:20:00,1,1940.65,1964.6,0.26,620.8799999999952,543.211158058769,NEWS,trendH4,1.1429809398959794
2022-02-24 12:00:00,2022-02-24 15:20:00,1,1953.68,1964.6,0.25,271.24999999999613,542.8400001498368,NEWS,trendH4,0.4996868320778216
2022-02-24 16:00:00,2022-02-24 16:41:00,1,1959.44,1936.3945799943062,0.24,-554.7700801366515,553.5700801366514,SL,trendH4,-1.0021677472158608
2022-02-25 01:05:00,2022-02-25 15:20:00,1,1907.1200000000001,1892.6,0.13,-189.67000000000272,529.6747000457626,NEWS,friday,-0.3580877092744201
2022-03-01 01:10:00,2022-03-01 16:35:00,1,1908.9299999999998,1918.65,0.09,86.8500000000023,519.0857816690761,NEWS,tom,0.16731338647100585
2022-03-01 18:15:00,2022-03-01 23:45:00,1,1925.58,1943.03,0.19,330.2200000000009,548.5888806506915,TIME,tday,0.6019443915967104
2022-03-04 01:05:00,2022-03-04 15:20:00,1,1937.37,1943.52,0.12,72.96000000000109,535.4512071162391,NEWS,friday,0.13625891403427629
2022-03-04 18:15:00,2022-03-04 23:45:00,1,1961.28,1968.54,0.18,129.41999999999985,535.871207116239,TIME,tday,0.24151325594906722
2022-03-07 04:00:00,2022-03-07 15:32:00,1,1998.04,1968.0107953259676,0.18,-541.7856841325827,540.8856841325822,SL,trendH4,-1.0016639375498424
2022-03-08 18:15:00,2022-03-08 19:34:00,1,2056.1200000000003,2024.7605856001578,0.17,-534.3000447973232,533.4500447973229,SL,tday,-1.0015934013096264
2022-03-08 20:00:00,2022-03-09 15:26:00,1,2030.09,1991.3773683814823,0.14,-554.0840426592473,542.2568426592476,SL,trendH4,-1.0218110663979798
2022-03-08 12:00:00,2022-03-09 16:50:00,1,2006.46,1984.6,0.16,-363.596800000002,557.2442170595934,NEWS,trendH4,-0.6524909346185603
2022-03-11 01:05:00,2022-03-11 23:00:00,1,1997.58,1982.59,0.09,-135.54000000000008,524.8863306822624,TIME,friday,-0.2582273381435201
2022-03-17 18:15:00,2022-03-17 23:45:00,1,1948.23,1941.14,0.14,-100.23999999999886,550.8746562362624,TIME,tday,-0.18196516914549676
2022-03-18 01:05:00,2022-03-18 16:50:00,1,1942.76,1933.77,0.09,-81.54000000000008,518.6987355584901,NEWS,friday,-0.15720107725384147
2022-03-21 18:15:00,2022-03-21 19:20:00,1,1935.1,1936.39,0.14,17.080000000002677,527.2010046118796,NEWS,tday,0.03239751034347291
2022-03-23 18:15:00,2022-03-23 23:45:00,1,1932.25,1945.55,0.15,198.44999999999928,539.7305563743129,TIME,tday,0.36768346289879245
2022-03-24 18:15:00,2022-03-24 23:45:00,1,1964.22,1957.02,0.15,-109.05000000000067,536.4498023475761,TIME,tday,-0.203280902561215
2022-03-25 01:05:00,2022-03-25 23:01:00,1,1959.55,1955.11,0.1,-45.100000000000556,528.628387894178,TIME,friday,-0.08531513069068998
2022-03-30 18:15:00,2022-03-30 23:45:00,1,1937.05,1933.34,0.15,-56.70000000000054,526.4684650887424,TIME,tday,-0.10769875834907433
2022-04-01 01:05:00,2022-04-01 15:20:00,1,1937.75,1930.42,0.1,-73.99999999999928,508.99066632651807,NEWS,friday,-0.1453857701047276
2022-04-01 01:10:00,2022-04-01 15:20:00,1,1937.37,1930.42,0.08,-56.159999999998554,542.7367107482859,NEWS,tom,-0.1034755874953976
2022-04-08 01:05:00,2022-04-08 23:00:00,1,1932.1899999999998,1944.03,0.12,141.24000000000174,538.0981892344823,TIME,friday,0.2624799763792828
2022-04-08 18:15:00,2022-04-08 23:45:00,1,1943.8,1945.56,0.18,30.419999999999835,538.5181892344823,TIME,tday,0.056488342656062666
2022-04-12 18:15:00,2022-04-12 19:50:00,1,1973.99,1973.47,0.18,-10.619999999999672,527.2454794929976,NEWS,tday,-0.020142420206640612
2022-04-13 18:15:00,2022-04-13 19:50:00,1,1978.27,1979.52,0.18,21.239999999999995,526.8065166720689,NEWS,tday,0.0403184078552727
2022-04-22 01:05:00,2022-04-22 16:35:00,1,1950.8300000000002,1936.88,0.13,-182.2600000000006,534.3328527872118,NEWS,friday,-0.34109824812247186
2022-04-29 01:05:00,2022-04-29 16:35:00,1,1895.55,1908.24,0.13,164.0600000000007,533.4377162694898,NEWS,friday,0.30755230647605447
2022-05-02 01:10:00,2022-05-02 16:35:00,1,1898.3899999999999,1861.36,0.1,-370.9999999999998,546.8263964471332,NEWS,tom,-0.6784602982052053
2022-05-06 01:05:00,2022-05-06 15:20:00,1,1876.7099999999998,1882.57,0.12,69.48000000000152,525.4292291762263,NEWS,friday,0.13223474474180477
2022-05-09 18:15:00,2022-05-09 23:45:00,-1,1860.8700000000001,1854.5500000000002,0.18,112.49999999999883,522.3857128064958,TIME,tday,0.2153581103809237
2022-05-12 18:15:00,2022-05-12 19:50:00,-1,1840.8600000000001,1834.2900000000002,0.18,116.99999999999885,525.4477372579706,NEWS,tday,0.22266724491109044
2022-05-13 01:05:00,2022-05-13 23:00:00,1,1823.12,1809.69,0.12,-161.99999999999804,535.7614703109729,TIME,friday,-0.30237336758458594
2022-05-20 01:05:00,2022-05-20 23:00:00,1,1842.34,1844.66,0.12,27.000000000001965,535.5885557285882,TIME,friday,0.05041183145385267
2022-05-25 18:15:00,2022-05-25 23:45:00,-1,1849.8400000000001,1853.72,0.19,-75.04999999999775,528.7065193103841,TIME,tday,-0.14195020726789764
2022-05-27 01:05:00,2022-05-27 23:00:00,1,1851.0,1853.44,0.13,30.81000000000071,520.3547165379622,TIME,friday,0.05920961033078862
2022-05-31 18:15:00,2022-05-31 23:45:00,-1,1843.8400000000001,1837.95,0.21,122.2200000000021,526.9568796423937,TIME,tday,0.2319354860362459
2022-06-01 01:10:00,2022-06-01 16:35:00,1,1837.6000000000001,1848.34,0.11,117.3699999999976,546.6236312167504,NEWS,tom,0.21471812284942612
2022-06-03 01:05:00,2022-06-03 15:20:00,1,1869.25,1866.09,0.14,-45.22000000000115,519.7558945241758,NEWS,friday,-0.08700238030277462
2022-06-03 18:15:00,2022-06-03 23:45:00,-1,1856.24,1851.42,0.22,104.4999999999986,545.0195085491365,TIME,tday,0.19173625597032615
2022-06-09 18:15:00,2022-06-09 19:50:00,-1,1843.43,1849.6000000000001,0.23,-143.52000000000172,536.4386045876406,NEWS,tday,-0.2675422662959264
2022-06-10 01:05:00,2022-06-10 15:20:00,1,1848.1,1833.71,0.16,-231.35999999999797,545.6704491656641,NEWS,friday,-0.42399217394628913
2022-06-17 01:05:00,2022-06-17 15:35:00,1,1853.72,1850.15,0.12,-43.67999999999924,518.2398743112061,NEWS,friday,-0.08428529367419756
2022-06-17 18:15:00,2022-06-17 23:45:00,-1,1839.6100000000001,1841.6100000000001,0.19,-39.33,547.4743117729399,TIME,tday,-0.07183898706157334
2022-06-24 01:05:00,2022-06-24 16:50:00,1,1824.27,1825.17,0.14,11.620000000001273,546.0567557194717,NEWS,friday,0.02127983928097553
2022-06-27 18:15:00,2022-06-27 23:45:00,-1,1824.49,1823.43,0.21,20.789999999998855,529.9177017395095,TIME,tday,0.03923250710771415
2022-06-30 18:15:00,2022-06-30 23:45:00,-1,1806.06,1807.47,0.23,-34.04000000000188,545.4556054178668,TIME,tday,-0.062406545394146716
2022-07-01 01:05:00,2022-07-01 16:35:00,1,1807.1299999999999,1794.9,0.15,-184.49999999999687,530.8944552320683,NEWS,friday,-0.3475267036257649
2022-07-01 01:10:00,2022-07-01 16:35:00,1,1806.6200000000001,1794.9,0.11,-129.6900000000003,518.840134004689,NEWS,tom,-0.24996138791149922
2022-07-05 18:15:00,2022-07-05 23:45:00,-1,1767.5900000000001,1766.06,0.24,35.0400000000048,546.1298663086776,TIME,tday,0.06416056356126817
2022-07-06 18:15:00,2022-07-06 23:45:00,-1,1737.6000000000001,1738.66,0.22,-24.8599999999988,540.7605409651245,TIME,tday,-0.045972289242165884
2022-07-08 01:05:00,2022-07-08 15:20:00,1,1740.8,1743.85,0.14,41.71999999999937,520.3211595281135,NEWS,friday,0.08018124813112697
2022-07-14 18:15:00,2022-07-14 23:45:00,-1,1705.8,1711.26,0.22,-121.6600000000008,539.5650714486694,TIME,tday,-0.22547790143894575
2022-07-15 01:05:00,2022-07-15 15:20:00,1,1711.15,1707.52,0.14,-51.800000000001525,536.0508587840479,NEWS,friday,-0.09663262198199284
2022-07-22 01:05:00,2022-07-22 16:35:00,1,1718.25,1725.51,0.14,100.65999999999988,518.7047246320461,NEWS,friday,0.19406031065440002
2022-07-25 18:15:00,2022-07-25 23:45:00,-1,1717.16,1719.1200000000001,0.22,-44.6600000000008,546.7412627372967,TIME,tday,-0.08168397566411492
2022-07-29 01:05:00,2022-07-29 16:35:00,1,1755.5,1756.02,0.15,6.749999999999726,544.4091794888948,NEWS,friday,0.012398762280857937
2022-08-01 01:10:00,2022-08-01 16:35:00,1,1765.4499999999998,1770.17,0.11,51.15000000000279,519.1384931232507,NEWS,tom,0.09852862131696921
2022-08-05 01:05:00,2022-08-05 15:20:00,1,1791.01,1787.26,0.15,-57.3,533.853692852997,NEWS,friday,-0.1073327781883083
2022-08-12 01:05:00,2022-08-12 23:00:00,1,1790.2599999999998,1801.37,0.16,176.64000000000203,543.4422555690438,TIME,friday,0.32503913376231763
2022-08-17 18:15:00,2022-08-17 23:45:00,-1,1762.67,1763.04,0.24,-10.55999999999738,528.3378992292966,TIME,tday,-0.019987208972518516
2022-08-19 01:05:00,2022-08-19 23:00:00,1,1759.3,1746.54,0.16,-205.27999999999986,520.5142090293423,TIME,friday,-0.3943792435230675
2022-08-26 01:05:00,2022-08-26 16:50:00,1,1758.48,1751.0,0.17,-128.35000000000034,519.9675026057823,NEWS,friday,-0.24684234948681005
2022-08-26 18:15:00,2022-08-26 23:45:00,-1,1736.57,1738.7,0.26,-57.20000000000284,530.7696105000134,TIME,tday,-0.10776803884102817
2022-08-30 18:15:00,2022-08-30 23:45:00,-1,1724.8600000000001,1724.39,0.25,10.000000000000682,526.2783760523071,TIME,tday,0.019001350720529657
2022-09-01 01:10:00,2022-09-01 15:20:00,1,1710.9799999999998,1701.4,0.13,-125.4499999999961,536.0326906885382,NEWS,tom,-0.23403423369357304
2022-09-02 01:05:00,2022-09-02 15:20:00,1,1697.59,1705.62,0.17,135.31999999999957,529.7528075913476,NEWS,friday,0.25543989207960116
2022-09-09 01:05:00,2022-09-09 23:00:00,1,1708.9299999999998,1715.69,0.17,113.73000000000371,542.6124488661981,TIME,friday,0.2095971079131069
2022-09-13 18:15:00,2022-09-13 19:50:00,-1,1704.3500000000001,1704.25,0.25,0.7500000000034106,535.6620841255874,NEWS,tday,0.001400136433452645
2022-09-15 18:15:00,2022-09-15 23:45:00,-1,1667.1200000000001,1664.0800000000002,0.25,74.24999999999909,543.6474092715526,TIME,tday,0.13657749256910579
2022-09-16 01:05:00,2022-09-16 23:00:00,1,1664.98,1673.24,0.15,122.84999999999985,514.832120605512,TIME,friday,0.23862147500725417
2022-09-23 01:05:00,2022-09-23 16:35:00,1,1671.8,1649.89,0.15,-329.69999999999783,537.6091222332622,NEWS,friday,-0.6132708437505734
2022-09-23 18:15:00,2022-09-23 23:45:00,-1,1643.69,1644.01,0.22,-8.579999999998599,526.1755861836342,TIME,tday,-0.0163063437857875
2022-09-30 01:05:00,2022-09-30 16:35:00,1,1661.61,1669.33,0.13,99.45000000000036,510.3661561840068,NEWS,friday,0.19486009954810712
2022-10-03 01:10:00,2022-10-03 16:35:00,1,1665.13,1667.36,0.1,21.599999999997912,508.8963392228635,NEWS,tom,0.04244479343864668
2022-10-07 01:05:00,2022-10-07 15:20:00,1,1712.01,1709.76,0.13,-30.16,518.144013911667,NEWS,friday,-0.05820775535417392
2022-10-10 18:15:00,2022-10-10 23:45:00,-1,1667.8300000000002,1668.16,0.2,-7.999999999998545,528.4752513444446,TIME,tday,-0.01513788957883362
2022-10-14 01:05:00,2022-10-14 15:20:00,1,1666.12,1655.03,0.13,-145.07999999999893,526.0130986387823,NEWS,friday,-0.2758106221602413
2022-10-14 18:15:00,2022-10-14 23:45:00,-1,1647.05,1643.53,0.2,68.99999999999963,539.9672806551613,TIME,tday,0.1277855204787214
2022-10-19 18:15:00,2022-10-19 23:45:00,-1,1634.21,1629.17,0.2,99.39999999999927,525.266441544967,TIME,tday,0.1892372939486366
2022-10-21 01:05:00,2022-10-21 23:00:00,1,1628.49,1655.19,0.14,372.8200000000006,547.2630104701755,TIME,friday,0.6812446536075882
2022-10-24 18:15:00,2022-10-24 23:45:00,-1,1647.6200000000001,1650.0900000000001,0.2,-50.800000000000544,542.2502813681825,TIME,tday,-0.09368367660745915
2022-10-28 01:05:00,2022-10-28 23:00:00,1,1662.4199999999998,1645.04,0.14,-244.29999999999836,544.9341422965559,TIME,friday,-0.44831105456234943
2022-11-01 01:10:00,2022-11-01 16:35:00,1,1633.02,1652.78,0.1,196.89999999999992,505.56282822214746,NEWS,tom,0.38946692479827816
2022-11-04 01:05:00,2022-11-04 15:20:00,1,1629.4199999999998,1650.38,0.14,292.46000000000373,544.1315434709405,NEWS,friday,0.5374803271547933
2022-11-10 16:00:00,2022-11-10 19:50:00,1,1733.33,1747.63,0.25,355.75000000000455,540.211217445715,NEWS,trendH4,0.6585387132131394
2022-11-11 01:05:00,2022-11-11 23:00:00,1,1753.4299999999998,1767.82,0.12,171.8400000000012,538.8277612643689,TIME,friday,0.3189145258528915
2022-11-11 08:00:00,2022-11-15 15:20:00,1,1760.9,1775.33,0.24,306.4895999999961,540.8610769124581,NEWS,trendH4,0.5666697292206949
2022-11-11 12:00:00,2022-11-15 15:20:00,1,1764.1,1775.33,0.24,229.68960000000044,539.4620230668348,NEWS,trendH4,0.42577529126928704
2022-11-15 12:00:00,2022-11-15 15:20:00,1,1776.94,1775.33,0.26,-43.68000000000331,536.8886542026319,NEWS,trendH4,-0.08135765145731252
2022-11-18 01:05:00,2022-11-18 16:50:00,1,1760.63,1751.68,0.13,-117.26000000000059,524.493037102706,NEWS,friday,-0.22356826822286066
2022-11-25 01:05:00,2022-11-28 03:16:00,1,1754.97,1749.48,0.15,-95.32200000000013,540.5770329426648,TIME,friday,-0.17633379553901665
2022-12-01 01:10:00,2022-12-01 15:20:00,1,1770.58,1785.04,0.11,158.2900000000004,512.6399077158361,NEWS,tom,0.3087742440991209
2022-12-01 16:00:00,2022-12-01 16:35:00,1,1789.5800000000002,1798.19,0.29,247.65999999999707,554.3074746637069,NEWS,trendH4,0.4467917380155302
2022-12-01 18:15:00,2022-12-01 23:45:00,1,1799.3,1802.94,0.23,82.1100000000023,536.7467217029196,TIME,tday,0.15297718026016902
2022-12-01 20:00:00,2022-12-02 15:20:00,1,1801.77,1799.88,0.28,-77.13439999999645,550.1677526225723,NEWS,trendH4,-0.14020160147938082
2022-12-02 01:05:00,2022-12-02 15:20:00,1,1802.68,1799.88,0.15,-43.049999999999315,544.8245065158507,NEWS,friday,-0.07901626943197508
2022-12-05 04:00:00,2022-12-05 16:35:00,1,1806.67,1790.98,0.27,-425.5200000000015,545.0380537233111,NEWS,trendH4,-0.7807161299897364
2022-12-09 01:05:00,2022-12-09 15:20:00,1,1789.96,1802.41,0.15,185.70000000000067,537.0784917515575,NEWS,friday,0.34575951718785647
2022-12-13 16:00:00,2022-12-13 19:50:00,1,1811.18,1807.56,0.3,-110.70000000000353,546.2387961932675,NEWS,trendH4,-0.20265861885217726
2022-12-16 01:05:00,2022-12-16 16:35:00,1,1776.47,1785.33,0.14,123.05999999999861,524.8176356429802,NEWS,friday,0.23448144963579906
2022-12-16 18:15:00,2022-12-16 23:45:00,1,1790.46,1792.71,0.22,47.96,550.3222849593126,TIME,tday,0.08714893310843456
2022-12-20 18:15:00,2022-12-20 23:45:00,1,1817.3400000000001,1817.95,0.23,12.4199999999977,551.1147035335921,TIME,tday,0.02253614342053326
2022-12-23 01:05:00,2022-12-23 15:20:00,1,1793.0,1798.11,0.14,70.5599999999986,520.0567980246122,NEWS,friday,0.13567748805133256
2022-12-23 18:15:00,2022-12-23 23:45:00,1,1802.77,1797.57,0.22,-115.94000000000102,545.334740787689,TIME,tday,-0.2126033632710355
2022-12-30 01:05:00,2022-12-30 16:35:00,1,1815.12,1822.11,0.15,103.80000000000014,531.1790464458899,NEWS,friday,0.19541433476061265
2023-01-03 01:10:00,2023-01-03 16:35:00,1,1830.73,1844.6,0.12,165.5999999999987,547.708769813072,NEWS,tom,0.3023504627404751
2023-01-03 08:00:00,2023-01-03 16:35:00,1,1840.53,1844.6,0.33,131.9999999999979,545.4330401024819,NEWS,trendH4,0.24200954158405275
2023-01-04 12:00:00,2023-01-04 16:50:00,1,1860.76,1857.19,0.29,-105.55999999999814,541.7521631840707,NEWS,trendH4,-0.19484924504885107
2023-01-04 18:15:00,2023-01-04 23:45:00,1,1859.3400000000001,1853.66,0.24,-138.00000000000153,554.4695719692812,TIME,tday,-0.24888651600821662
2023-01-06 01:05:00,2023-01-06 15:20:00,1,1832.05,1835.91,0.15,56.850000000001906,545.7681010657296,NEWS,friday,0.10416512047697557
2023-01-06 18:15:00,2023-01-06 23:45:00,1,1862.32,1866.42,0.22,88.660000000003,534.15325437538,TIME,tday,0.16598232674568064
2023-01-09 04:00:00,2023-01-10 15:50:00,1,1874.6200000000001,1870.9,0.26,-119.2048000000007,536.7499956736768,NEWS,trendH4,-0.2220862616875969
2023-01-09 08:00:00,2023-01-10 15:50:00,1,1878.16,1870.9,0.27,-219.36959999999976,543.7400149626851,NEWS,trendH4,-0.40344575341775113
2023-01-11 08:00:00,2023-01-11 17:20:00,1,1882.46,1872.77,0.3,-292.80000000000166,553.3725344816986,NEWS,trendH4,-0.5291191408229988
2023-01-11 12:00:00,2023-01-11 17:20:00,1,1884.8,1872.77,0.3,-362.9999999999992,544.5589077576136,NEWS,trendH4,-0.6665945498803091
2023-01-12 16:00:00,2023-01-12 16:53:00,1,1899.89,1880.4742196790746,0.28,-545.6018489859134,544.2018489859137,SL,trendH4,-1.0025725748683298
2023-01-13 01:05:00,2023-01-13 23:00:00,1,1896.07,1920.62,0.15,367.1999999999993,541.0518409349489,TIME,friday,0.6786780345585185
2023-01-13 18:15:00,2023-01-13 23:45:00,1,1911.27,1919.98,0.22,190.0800000000008,529.5418000252834,TIME,tday,0.3589518334358596
2023-01-16 04:00:00,2023-01-17 21:14:00,1,1924.3500000000001,1903.8853902645667,0.26,-554.5646531212695,532.5998531212718,SL,trendH4,-1.0412407173439389
2023-01-13 12:00:00,2023-01-18 15:20:00,1,1904.5,1917.44,0.27,283.1112000000015,542.9700906766594,NEWS,trendH4,0.5214121456435713
2023-01-13 20:00:00,2023-01-18 15:20:00,1,1917.03,1917.44,0.25,-51.10999999999795,532.1200757737827,NEWS,trendH4,-0.09604974953383655
2023-01-20 01:05:00,2023-01-20 16:50:00,1,1932.34,1924.75,0.14,-107.23999999999887,515.517892373421,NEWS,friday,-0.20802381757550797
2023-01-27 01:05:00,2023-01-27 23:00:00,1,1929.19,1926.54,0.14,-38.08000000000127,521.9375472701195,TIME,friday,-0.07295892046696086
2023-02-01 01:10:00,2023-02-01 15:05:00,1,1927.48,1929.93,0.11,26.1800000000005,530.5376362236909,NEWS,tom,0.04934616926773921
2023-02-03 01:05:00,2023-02-03 15:20:00,1,1913.3,1914.75,0.13,17.94000000000059,517.1275962836675,NEWS,friday,0.034691631483073485
2023-02-10 01:05:00,2023-02-10 23:00:00,1,1862.37,1864.24,0.13,23.400000000001537,529.2705896481968,TIME,friday,0.04421178969259445
2023-02-17 01:05:00,2023-02-17 23:00:00,1,1835.59,1841.78,0.14,85.68000000000076,538.5100532575528,TIME,friday,0.15910566475352808
2023-02-24 01:05:00,2023-02-24 16:50:00,1,1822.91,1810.66,0.15,-184.8,519.9416778752832,NEWS,friday,-0.35542447905922137
2023-03-01 01:10:00,2023-03-01 16:35:00,1,1827.36,1839.92,0.12,149.88000000000207,539.065973291349,NEWS,tom,0.27803646942300403
2023-03-03 01:05:00,2023-03-03 16:35:00,1,1836.54,1844.12,0.17,127.66999999999877,547.393221066979,NEWS,friday,0.23323270198915574
2023-03-10 01:05:00,2023-03-10 15:20:00,1,1831.2899999999997,1835.2,0.16,61.44000000000495,523.2639340131772,NEWS,friday,0.11741684455259577
2023-03-15 18:15:00,2023-03-15 23:45:00,1,1923.44,1917.86,0.22,-124.30000000000341,540.727015709926,TIME,tday,-0.2298756976971248
2023-03-17 01:05:00,2023-03-17 23:00:00,1,1920.06,1976.25,0.13,729.5600000000007,515.9902250167116,TIME,friday,1.4139027536352498
2023-03-17 18:15:00,2023-03-17 23:45:00,1,1957.34,1983.43,0.2,520.4000000000029,529.6874102735504,TIME,tday,0.9824662431211059
2023-03-20 12:00:00,2023-03-20 17:12:00,1,1996.59,1967.2778473118071,0.18,-528.8787483874701,527.9787483874713,SL,trendH4,-1.0017046140640082
2023-03-17 16:00:00,2023-03-21 16:50:00,1,1945.16,1953.48,0.21,139.86839999999867,526.5681500604619,NEWS,trendH4,0.2656225979181206
2023-03-17 20:00:00,2023-03-21 16:50:00,1,1962.01,1953.48,0.21,-213.9815999999994,543.5522425574391,NEWS,trendH4,-0.39367255480946195
2023-03-22 18:15:00,2023-03-22 20:50:00,1,1951.53,1948.68,0.17,-49.63999999999845,543.7554826222089,NEWS,tday,-0.09129103353701243
2023-03-23 18:15:00,2023-03-23 23:45:00,1,1982.3600000000001,1993.22,0.16,172.6399999999984,526.3463041404179,TIME,tday,0.3279969834345825
2023-03-24 01:05:00,2023-03-24 15:20:00,1,1992.84,1994.19,0.11,14.080000000001501,549.4850099916055,NEWS,friday,0.02562399290968211
2023-03-28 18:15:00,2023-03-28 23:45:00,1,1969.68,1973.41,0.16,58.560000000000294,529.7266873893942,TIME,tday,0.11054757367161626
2023-03-30 18:15:00,2023-03-30 23:45:00,1,1974.56,1980.8,0.17,104.89000000000016,533.9360117569288,TIME,tday,0.19644676082974286
2023-03-31 01:05:00,2023-03-31 16:35:00,1,1980.37,1981.98,0.11,16.9400000000014,515.1268677389128,NEWS,friday,0.03288510279876778
2023-04-03 01:10:00,2023-04-03 16:35:00,1,1966.53,1973.18,0.09,59.22000000000081,548.2296842030546,NEWS,tom,0.1080204186427577
2023-04-03 18:15:00,2023-04-03 23:45:00,1,1986.42,1984.04,0.18,-44.10000000000196,548.8596842030546,TIME,tday,-0.08034840464559763
2023-04-04 18:15:00,2023-04-04 23:45:00,1,2021.9,2020.93,0.17,-17.680000000000465,530.944802416171,TIME,tday,-0.033299130002862956
2023-04-04 20:00:00,2023-04-05 15:05:00,1,2020.98,2022.95,0.23,25.419600000000628,545.5650406476531,NEWS,trendH4,0.04659316141266021
2023-04-05 16:00:00,2023-04-05 16:35:00,1,2031.75,2024.38,0.26,-193.43999999999716,551.3410698930427,NEWS,trendH4,-0.35085360145131855
2023-04-11 18:15:00,2023-04-11 23:45:00,1,2004.62,2003.15,0.18,-27.7199999999964,550.0841655017347,TIME,tday,-0.050392288559538596
2023-04-13 16:00:00,2023-04-13 19:50:00,1,2045.3,2039.13,0.24,-149.7599999999963,544.1909723324504,NEWS,trendH4,-0.27519750898864004
2023-04-14 01:05:00,2023-04-14 15:20:00,1,2040.42,2037.02,0.12,-41.640000000001095,538.1538307606818,NEWS,friday,-0.07737564543792776
2023-04-18 18:15:00,2023-04-18 23:45:00,1,2008.42,2004.83,0.17,-62.22000000000248,541.9114160361223,TIME,tday,-0.11481581335768551
2023-04-21 01:05:00,2023-04-21 16:35:00,1,2004.4099999999999,1992.45,0.11,-132.3299999999979,510.1461134886263,NEWS,friday,-0.2593962719720851
2023-04-28 01:05:00,2023-04-28 16:35:00,1,1987.74,1988.85,0.12,12.4799999999988,533.3675848852195,NEWS,friday,0.023398497309664014
2023-05-01 01:10:00,2023-05-01 16:35:00,1,1990.71,2000.2,0.09,84.78000000000009,519.2784716791322,NEWS,tom,0.16326500061875582
2023-05-02 18:15:00,2023-05-02 23:45:00,1,2012.68,2015.96,0.19,60.98999999999949,549.004255971213,TIME,tday,0.11109203496447485
2023-05-04 04:00:00,2023-05-04 15:20:00,1,2054.63,2040.92,0.21,-289.38000000000073,528.8157674083288,NEWS,trendH4,-0.5472227150453968
2023-05-05 01:05:00,2023-05-05 15:20:00,1,2049.4100000000003,2036.51,0.11,-142.6700000000035,518.2488986704858,NEWS,friday,-0.2752924325859808
2023-05-12 01:05:00,2023-05-12 23:00:00,1,2015.36,2010.9,0.12,-54.359999999997704,547.8583008684033,TIME,friday,-0.09922273681686004
2023-05-19 01:05:00,2023-05-19 17:50:00,1,1958.52,1958.31,0.12,-3.3600000000004364,516.4945937413204,NEWS,friday,-0.006505392390773501
2023-05-26 01:05:00,2023-05-26 15:20:00,1,1941.66,1952.84,0.13,144.42999999999788,534.1481598908985,NEWS,friday,0.27039314341080606
2023-06-01 01:10:00,2023-06-01 15:05:00,1,1963.78,1966.6,0.1,27.499999999999364,514.6166691934974,NEWS,tom,0.05343783372407489
2023-06-02 01:05:00,2023-06-02 15:20:00,1,1977.25,1978.48,0.14,16.240000000000258,546.70375246366,NEWS,friday,0.02970530186927837
2023-06-09 01:05:00,2023-06-09 23:00:00,1,1966.27,1960.12,0.13,-80.86000000000118,513.7214394572745,TIME,friday,-0.1574004777480699
2023-06-16 01:05:00,2023-06-16 23:00:00,1,1957.74,1955.37,0.14,-34.16000000000165,544.6231398984594,TIME,friday,-0.06272227068128342
2023-06-20 18:15:00,2023-06-20 23:45:00,-1,1935.66,1936.04,0.22,-9.899999999997398,531.1993037275199,TIME,tday,-0.018637072621382103
2023-06-23 01:05:00,2023-06-23 16:35:00,1,1914.49,1934.02,0.15,291.8999999999996,538.8300445850556,NEWS,friday,0.5417292575524201
2023-06-27 18:15:00,2023-06-27 23:45:00,-1,1914.89,1913.25,0.23,36.1100000000023,537.4414304539937,TIME,tday,0.06718871667466918
2023-06-30 01:05:00,2023-06-30 16:35:00,1,1909.03,1911.27,0.16,34.72000000000015,535.4774645864205,NEWS,friday,0.06483932993672546
2023-07-03 01:10:00,2023-07-03 16:35:00,1,1919.1200000000001,1924.42,0.12,62.75999999999945,535.0862171159619,NEWS,tom,0.11728950960140007
2023-07-07 01:05:00,2023-07-07 15:20:00,1,1911.21,1914.45,0.17,53.890000000000164,550.5387373747803,NEWS,friday,0.09788593670442201
2023-07-14 01:05:00,2023-07-14 23:00:00,1,1960.77,1954.32,0.17,-110.84000000000077,526.6452721542636,TIME,friday,-0.2104642457846537
2023-07-18 20:00:00,2023-07-19 17:20:00,1,1978.14,1973.77,0.35000000000000003,-183.21800000000417,547.572817374097,NEWS,trendH4,-0.3346002471025351
2023-07-20 08:00:00,2023-07-20 15:20:00,1,1984.79,1981.19,0.38,-139.45999999999654,540.5032800467374,NEWS,trendH4,-0.2580187857286221
2023-07-21 01:05:00,2023-07-21 23:00:00,1,1970.69,1962.36,0.18,-151.20000000000277,537.8024614865818,TIME,friday,-0.28114412043049974
2023-07-28 01:05:00,2023-07-28 23:00:00,1,1947.01,1958.99,0.17,202.4700000000003,520.6227051493648,TIME,friday,0.3888996734053548
2023-07-31 18:15:00,2023-07-31 23:45:00,1,1968.73,1965.14,0.27,-98.81999999999779,548.2906008611403,TIME,tday,-0.18023289081518448
2023-08-01 01:10:00,2023-08-01 16:35:00,1,1965.72,1945.65,0.13,-261.8199999999992,530.236145743559,NEWS,tom,-0.49377999237084197
2023-08-04 01:05:00,2023-08-04 15:20:00,1,1934.97,1931.29,0.18,-67.50000000000115,539.8754560910826,NEWS,friday,-0.12502883625925235
2023-08-07 18:15:00,2023-08-07 23:45:00,-1,1934.17,1936.3500000000001,0.24,-54.00000000000152,537.1600589958142,TIME,tday,-0.10052869548966654
2023-08-09 18:15:00,2023-08-09 19:50:00,-1,1917.42,1917.03,0.25,8.000000000002501,535.4722043489189,NEWS,tday,0.014940084536656217
2023-08-11 01:05:00,2023-08-11 15:20:00,1,1912.71,1918.77,0.17,101.82999999999909,534.34453360034,NEWS,friday,0.19056992931860375
2023-08-18 01:05:00,2023-08-18 23:01:00,1,1889.92,1889.44,0.19,-10.450000000000346,543.7416574372842,TIME,friday,-0.019218685670052162
2023-08-25 01:05:00,2023-08-25 16:55:00,1,1917.09,1915.14,0.2,-40.39999999999636,534.878562307727,NEWS,friday,-0.07553116323393307
2023-08-25 18:15:00,2023-08-25 23:45:00,-1,1904.74,1914.41,0.3,-292.2000000000022,535.578562307727,TIME,tday,-0.5455782224384722
2023-09-01 01:05:00,2023-09-01 15:20:00,1,1940.26,1946.19,0.21,123.06000000000134,538.5954686880259,NEWS,friday,0.22848316993784842
2023-09-01 01:10:00,2023-09-01 15:20:00,1,1940.26,1946.19,0.16,93.76000000000101,546.771269778312,NEWS,tom,0.1714793830297922
2023-09-06 18:15:00,2023-09-06 23:45:00,-1,1916.6000000000001,1916.72,0.33,-6.269999999996399,543.9475144656233,TIME,tday,-0.011526847413129699
2023-09-08 01:05:00,2023-09-08 23:00:00,1,1919.6100000000001,1919.16,0.23,-11.960000000001045,539.713295159526,TIME,friday,-0.022159913619444863
2023-09-15 01:05:00,2023-09-15 23:01:00,1,1911.0,1922.48,0.24,273.84000000000043,534.6592115759208,TIME,friday,0.5121767175634185
2023-09-22 01:05:00,2023-09-22 16:35:00,1,1920.1499999999999,1925.66,0.24,130.56000000000523,541.8826575304524,NEWS,friday,0.2409377716478555
2023-09-25 18:15:00,2023-09-25 23:45:00,-1,1916.82,1915.91,0.37,31.079999999994616,543.4062664129912,TIME,tday,0.05719477658061028
2023-09-26 18:15:00,2023-09-26 23:45:00,-1,1903.93,1900.7,0.37,116.92000000000067,536.6493902406352,TIME,tday,0.2178703677415405
2023-09-27 18:15:00,2023-09-27 23:45:00,-1,1883.27,1876.15,0.37,260.849999999996,545.2544337948757,TIME,tday,0.47840051145393814
2023-09-28 18:15:00,2023-09-28 23:45:00,-1,1859.96,1865.13,0.34,-178.1600000000025,541.5614280643533,TIME,tday,-0.3289746846203232
2023-09-29 01:05:00,2023-09-29 16:35:00,1,1865.35,1875.01,0.22,210.98000000000184,539.2457828563186,NEWS,friday,0.39125016218479586
2023-09-29 18:15:00,2023-09-29 23:45:00,-1,1856.57,1848.78,0.33,254.7599999999988,540.0157828563185,TIME,tday,0.4717639892902585
2023-10-02 01:11:00,2023-10-02 16:35:00,1,1848.6599999999999,1834.35,0.15,-215.69999999999916,526.7003361774118,NEWS,tom,-0.4095307809474106
2023-10-02 18:15:00,2023-10-02 23:45:00,-1,1830.32,1828.04,0.31,68.50999999999915,545.3420140499923,TIME,tday,0.12562758458899656
2023-10-06 01:05:00,2023-10-06 15:20:00,1,1820.97,1821.06,0.21,0.41999999999828086,551.6924221454924,NEWS,friday,0.000761293762863247
2023-10-13 01:05:00,2023-10-13 23:00:00,1,1869.44,1928.34,0.2,1176.5999999999972,552.933993180397,TIME,friday,2.1279212609670872
2023-10-18 16:00:00,2023-10-18 17:20:00,1,1949.04,1957.56,0.31,261.9499999999994,549.2657124881675,NEWS,trendH4,0.47690943389378676
2023-10-20 01:05:00,2023-10-20 23:01:00,1,1973.34,1980.0,0.15,98.85000000000123,531.645614545738,TIME,friday,0.18593212714537885
2023-10-20 12:00:00,2023-10-23 01:00:00,1,1983.94,1964.1643317693288,0.28,-577.9331104587957,554.2787104587964,SL,trendH4,-1.0426760031616942
2023-10-27 01:05:00,2023-10-27 23:03:00,1,1984.1200000000001,2006.39,0.15,332.9999999999997,531.6655573877902,TIME,friday,0.6263335951949088
2023-11-01 01:10:00,2023-11-01 15:05:00,1,1984.45,1984.17,0.11,-3.8499999999997,528.9582612695408,NEWS,tom,-0.007278457076668775
2023-11-03 01:05:00,2023-11-03 15:20:00,1,1986.24,1987.2,0.16,14.240000000000581,554.1995333277499,NEWS,friday,0.025694716692551127
2023-11-09 18:15:00,2023-11-09 19:50:00,1,1961.42,1961.1,0.24,-9.360000000003929,539.9710430907396,NEWS,tday,-0.017334262864223675
2023-11-10 01:05:00,2023-11-10 23:00:00,1,1958.38,1936.09,0.16,-357.76000000000306,537.2016828699723,TIME,friday,-0.665969618875147
2023-11-14 18:15:00,2023-11-14 23:45:00,1,1965.83,1962.85,0.24,-73.20000000000044,538.1741041072725,TIME,tday,-0.1360154631026426
2023-11-16 18:15:00,2023-11-16 23:45:00,1,1988.02,1980.85,0.24,-173.76000000000175,541.397467316985,TIME,tday,-0.3209471977419989
2023-11-17 01:05:00,2023-11-17 23:00:00,1,1981.48,1980.77,0.16,-12.480000000000583,556.2005053657718,TIME,friday,-0.022437951565314404
2023-11-21 18:15:00,2023-11-21 23:45:00,1,2002.79,1998.59,0.24,-102.4800000000011,537.8463541164055,TIME,tday,-0.19053768648921895
2023-11-24 01:05:00,2023-11-24 16:35:00,1,1993.39,2002.12,0.17,147.21999999999645,554.1102141010755,NEWS,friday,0.26568721574430676
2023-11-27 04:00:00,2023-11-27 16:50:00,1,2012.2,2010.98,0.4,-51.60000000000109,554.7893393080285,NEWS,trendH4,-0.09300827601402753
2023-11-28 16:00:00,2023-11-28 16:50:00,1,2021.65,2027.55,0.41000000000000003,239.0299999999944,551.6588289809325,NEWS,trendH4,0.43329316498305553
2023-11-28 18:15:00,2023-11-28 23:45:00,1,2034.64,2040.86,0.26,159.8999999999948,541.5881734213932,TIME,tday,0.2952427838109041
2023-11-28 20:00:00,2023-11-29 15:20:00,1,2040.91,2040.3,0.37,-54.56760000000472,555.9560326507266,NEWS,trendH4,-0.0981509270433373
2023-11-29 04:00:00,2023-11-29 15:20:00,1,2048.93,2040.3,0.36,-313.1999999999957,548.5318000222185,NEWS,trendH4,-0.5709787472436593
2023-12-01 01:05:00,2023-12-01 16:35:00,1,2037.76,2037.98,0.17,2.5500000000004635,532.165521749179,NEWS,friday,0.004791742222643152
2023-12-01 01:10:00,2023-12-01 16:35:00,1,2039.2,2037.98,0.13,-16.770000000000355,542.296806489359,NEWS,tom,-0.03092402499760879
2023-12-01 20:00:00,2023-12-04 03:07:00,1,2067.4900000000002,2090.3247048554513,0.3,659.097145663531,546.352951445489,SL,trendH4,1.2063578020760282
2023-12-04 04:00:00,2023-12-04 09:56:00,1,2087.94,2063.2718570440147,0.22,-544.2391450316773,543.139145031673,SL,trendH4,-1.0020252637101679
2023-12-08 01:05:00,2023-12-08 15:20:00,1,2029.08,2028.14,0.13,-13.129999999997754,552.4291405950468,NEWS,friday,-0.0237677541518806
2023-12-15 01:05:00,2023-12-15 16:35:00,1,2036.7,2034.96,0.12,-21.72000000000011,540.1184928051214,NEWS,friday,-0.040213398151203165
2023-12-19 18:15:00,2023-12-19 23:45:00,1,2043.94,2040.05,0.19,-75.2400000000019,552.9374037407155,TIME,tday,-0.13607326885645737
2023-12-21 18:15:00,2023-12-21 23:45:00,1,2042.51,2045.6,0.19,57.37999999999845,530.4482715927599,TIME,tday,0.10817265899972749
2023-12-22 01:05:00,2023-12-22 15:20:00,1,2047.5,2062.67,0.13,196.30000000000095,525.2626197321979,NEWS,friday,0.3737178177652988
2023-12-27 18:15:00,2023-12-27 23:45:00,1,2079.11,2077.1,0.21,-43.68000000000458,547.1881468941839,TIME,tday,-0.07982629055093822
2023-12-29 01:05:00,2023-12-29 16:35:00,1,2067.05,2060.77,0.14,-88.9000000000028,539.1962593118222,NEWS,friday,-0.16487503105727427
2024-01-02 01:10:00,2024-01-02 16:35:00,1,2064.85,2068.84,0.11,43.1200000000026,550.3166332080993,NEWS,tom,0.07835489134433812
2024-01-05 01:05:00,2024-01-05 15:20:00,1,2043.33,2040.98,0.14,-33.879999999998724,521.6973863027117,NEWS,friday,-0.06494186263823845
2024-01-05 18:15:00,2024-01-05 23:45:00,1,2055.86,2044.87,0.22,-243.3200000000052,547.0534523171265,TIME,tday,-0.444782861655268
2024-01-12 01:05:00,2024-01-12 15:20:00,1,2029.49,2045.37,0.14,221.33999999999838,530.8342671812579,NEWS,friday,0.4169662994352622
2024-01-19 01:05:00,2024-01-19 16:50:00,1,2024.4099999999999,2027.33,0.14,39.90000000000102,529.8613729482712,NEWS,friday,0.07530271508184905
2024-01-26 01:05:00,2024-01-26 23:00:00,1,2020.4199999999998,2018.58,0.15,-28.64999999999877,523.3954958235455,TIME,friday,-0.054738720964571816
2024-02-01 01:10:00,2024-02-01 15:20:00,1,2040.86,2033.84,0.12,-85.07999999999979,532.0816335198185,NEWS,tom,-0.15990027589785394
2024-02-01 18:15:00,2024-02-01 23:45:00,1,2060.12,2054.8,0.25,-134.74999999999272,555.1267015831443,TIME,tday,-0.2427373779998412
2024-02-02 01:05:00,2024-02-02 15:20:00,1,2054.65,2055.8,0.16,17.280000000001454,555.0158025541172,NEWS,friday,0.03113424864748163
2024-02-06 18:15:00,2024-02-06 23:45:00,1,2036.75,2035.68,0.23,-26.219999999998535,549.554443989765,TIME,tday,-0.04771137834796012
2024-02-09 01:05:00,2024-02-09 23:00:00,1,2035.13,2025.09,0.16,-161.76000000000306,536.5165851611791,TIME,friday,-0.30150046517463663
2024-02-16 01:05:00,2024-02-16 15:20:00,1,2004.8600000000001,2006.02,0.16,17.43999999999767,525.8236332596717,NEWS,friday,0.03316701436921747
2024-02-23 01:05:00,2024-02-23 23:00:00,1,2024.75,2036.57,0.18,211.49999999999886,533.7205478499826,TIME,friday,0.39627479371367014
2024-02-23 18:15:00,2024-02-23 23:45:00,1,2033.54,2035.98,0.28,66.36000000000153,554.1413088814635,TIME,tday,0.11975284812090524
2024-02-29 18:15:00,2024-02-29 23:45:00,1,2045.9,2043.12,0.29,-82.6500000000058,538.8054651390983,TIME,tday,-0.1533948806155276
2024-03-01 01:05:00,2024-03-01 16:35:00,1,2043.81,2052.37,0.19,161.30999999999895,537.3203074729945,NEWS,friday,0.30021199228191525
2024-03-01 01:10:00,2024-03-01 16:35:00,1,2043.74,2052.37,0.14,119.83999999999834,527.5669687453982,NEWS,tom,0.2271559955411702
2024-03-01 18:15:00,2024-03-01 23:45:00,1,2073.84,2083.43,0.29,276.07999999999106,547.423646200591,TIME,tday,0.5043260405649846
2024-03-04 18:15:00,2024-03-04 23:45:00,1,2115.94,2115.24,0.26,-20.020000000007094,547.2940699896549,TIME,tday,-0.036579968791522845
2024-03-01 20:00:00,2024-03-05 16:35:00,1,2085.03,2132.05,0.33,1496.8931999999995,543.7182016607787,NEWS,trendH4,2.753068033087292
2024-03-04 16:00:00,2024-03-05 16:35:00,1,2091.9,2132.05,0.34,1335.696800000003,545.7096319694858,NEWS,trendH4,2.4476328101071347
2024-03-04 20:00:00,2024-03-05 16:35:00,1,2116.68,2132.05,0.3,435.15600000001035,545.5880738567746,NEWS,trendH4,0.7975907481332621
2024-03-05 12:00:00,2024-03-05 16:35:00,1,2124.7,2132.05,0.02,14.560000000000729,35.57531836378694,NEWS,trendH4,0.4092725144751407
2024-03-06 18:15:00,2024-03-06 23:45:00,1,2145.9800000000005,2147.72,0.24,40.07999999998384,553.8956883591135,TIME,tday,0.07236019496508216
2024-03-06 20:00:00,2024-03-07 15:20:00,1,2145.01,2159.39,0.29,345.84239999998994,564.8444116435719,NEWS,trendH4,0.6122790504267632
2024-03-07 08:00:00,2024-03-07 15:20:00,1,2154.6200000000003,2159.39,0.28,131.59999999998678,562.2401121765996,NEWS,trendH4,0.23406369832014265
2024-03-08 01:05:00,2024-03-08 15:20:00,1,2159.14,2164.93,0.16,91.51999999999941,557.876996595358,NEWS,friday,0.16405049958778123
2024-03-08 12:00:00,2024-03-08 15:20:00,1,2169.27,2164.93,0.29,-127.89000000000422,562.2419654493336,NEWS,trendH4,-0.22746434428422083
2024-03-08 16:00:00,2024-03-12 15:20:00,1,2171.38,2169.98,0.27,-82.60920000000246,575.5258246129454,NEWS,trendH4,-0.1435369126234415
2024-03-13 18:15:00,2024-03-13 19:50:00,1,2171.15,2173.25,0.23,46.68999999999791,564.7195984414491,NEWS,tday,0.08267820017023686
2024-03-15 01:05:00,2024-03-15 23:00:00,1,2162.48,2156.88,0.15,-85.04999999999863,550.7343440713418,TIME,friday,-0.1544301729419317
2024-03-21 04:00:00,2024-03-21 15:20:00,1,2199.19,2208.53,0.27,250.29000000000394,571.7638176412803,NEWS,trendH4,0.43775068004921175
2024-03-22 01:05:00,2024-03-22 23:00:00,1,2182.4,2163.96,0.14,-259.1400000000008,555.5862138835907,TIME,friday,-0.4664262602712765
2024-03-25 18:15:00,2024-03-25 23:45:00,1,2177.28,2171.74,0.21,-117.81000000000878,559.9164843204776,TIME,tday,-0.21040637898522427
2024-03-27 18:15:00,2024-03-27 23:45:00,1,2192.89,2194.51,0.21,32.55000000000726,556.5347747457182,TIME,tday,0.05848691128937884
2024-03-28 18:15:00,2024-03-28 23:45:00,1,2214.01,2223.42,0.21,196.13999999999695,553.1422908353098,TIME,tday,0.35459230518028645
2024-04-01 01:10:00,2024-04-01 16:35:00,1,2242.2200000000003,2252.97,0.1,106.79999999999546,558.3448830516343,NEWS,tom,0.19127962526723627
2024-04-01 04:00:00,2024-04-01 16:35:00,1,2250.3300000000004,2252.97,0.22,56.539999999987195,568.2072199727356,NEWS,trendH4,0.09950595137228309
2024-04-01 08:00:00,2024-04-01 16:35:00,1,2260.53,2252.97,0.22,-167.8600000000088,574.2818589740986,NEWS,trendH4,-0.2922954945849677
2024-04-03 04:00:00,2024-04-03 15:05:00,1,2283.5000000000005,2273.53,0.2,-200.8000000000051,568.8541916819848,NEWS,trendH4,-0.35299027929508753
2024-04-03 20:00:00,2024-04-04 15:20:00,1,2294.07,2284.77,0.19,-223.33360000000346,552.544764802992,NEWS,trendH4,-0.4041909619388618
2024-04-04 04:00:00,2024-04-04 15:20:00,1,2302.52,2284.77,0.2,-356.4,561.105026562842,NEWS,trendH4,-0.6351752045124199
2024-04-05 01:05:00,2024-04-05 15:20:00,1,2291.94,2293.61,0.13,20.80000000000095,570.0466643382138,NEWS,friday,0.036488240877873335
2024-04-05 18:15:00,2024-04-05 23:45:00,1,2324.26,2327.62,0.19,62.50999999999378,555.8734165346698,TIME,tday,0.11245365966532965
2024-04-05 20:00:00,2024-04-10 15:20:00,1,2327.51,2347.94,0.18,323.5607999999971,563.8380197441935,NEWS,trendH4,0.5738541720666384
2024-04-08 08:00:00,2024-04-10 15:20:00,1,2342.3900000000003,2347.94,0.16,62.24639999999563,564.0763197139362,NEWS,trendH4,0.11035102489599824
2024-04-09 12:00:00,2024-04-10 15:20:00,1,2357.9,2347.94,0.17,-184.0216000000006,557.6575245943357,NEWS,trendH4,-0.3299903469138445
2024-04-12 12:00:00,2024-04-12 19:46:00,1,2396.94,2363.307095772899,0.17,-572.949371860715,572.0993718607128,SL,trendH4,-1.0014857558700643
2024-04-12 08:00:00,2024-04-12 20:36:00,1,2384.4500000000003,2350.8632587083152,0.17,-572.1646019586456,571.3146019586451,SL,trendH4,-1.0014877967359601
2024-04-12 04:00:00,2024-04-12 21:25:00,1,2379.01,2345.4181670613843,0.17,-572.25115995647,571.401159956469,SL,trendH4,-1.0014875713589133
2024-04-12 01:05:00,2024-04-12 23:00:00,1,2374.18,2343.3,0.11,-340.4499999999962,571.1733262494813,TIME,friday,-0.5960537447284293
2024-04-19 01:05:00,2024-04-19 23:00:00,1,2379.79,2387.6,0.09,69.65999999999951,540.237906665367,TIME,friday,0.12894319176893332
2024-04-26 01:05:00,2024-04-26 23:00:00,1,2332.68,2339.99,0.09,65.15999999999951,553.5428975547843,TIME,friday,0.11771445408808738
2024-05-01 01:10:00,2024-05-01 15:05:00,1,2289.21,2295.83,0.07,45.84999999999924,558.3843087406881,NEWS,tom,0.08211190623068142
2024-05-01 18:15:00,2024-05-01 20:50:00,1,2304.91,2298.98,0.14,-83.99999999999773,558.8743087406881,NEWS,tday,-0.15030213177856572
2024-05-03 01:05:00,2024-05-03 15:20:00,1,2305.3900000000003,2299.58,0.09,-52.920000000003604,545.7490690203645,NEWS,friday,-0.09696764136491622
2024-05-06 18:15:00,2024-05-06 23:45:00,1,2323.27,2325.59,0.13,29.250000000002128,528.6445114520722,TIME,tday,0.055330187614468375
2024-05-09 18:15:00,2024-05-09 19:50:00,1,2336.39,2330.94,0.15,-82.79999999999727,564.639262584185,NEWS,tday,-0.14664229975975535
2024-05-10 01:05:00,2024-05-10 23:01:00,1,2346.21,2363.84,0.09,158.040000000001,510.76031230249725,TIME,friday,0.309421065406511
2024-05-15 18:15:00,2024-05-15 23:45:00,1,2380.96,2386.9,0.15,88.05000000000082,544.3216011210666,TIME,tday,0.16176098802372713
2024-05-17 01:05:00,2024-05-17 23:00:00,1,2378.35,2416.42,0.1,380.00000000000165,535.601533619695,TIME,friday,0.7094826585575489
2024-05-17 18:15:00,2024-05-17 23:45:00,1,2408.27,2417.69,0.15,140.25000000000108,535.9515336196949,TIME,tday,0.2616841098537109
2024-05-20 08:00:00,2024-05-20 15:42:00,1,2437.52,2412.6654364892897,0.22,-548.3403972356255,547.2403972356252,SL,trendH4,-1.0020100855228469
2024-05-24 01:05:00,2024-05-24 15:20:00,1,2329.6,2339.75,0.09,90.72000000000082,524.8444900283952,NEWS,friday,0.17285120016234273
2024-05-27 18:15:00,2024-05-28 04:30:00,1,2354.67,2351.27,0.15,-63.97200000000136,565.5097912991375,TIME,tday,-0.11312270978198168
2024-05-31 01:05:00,2024-05-31 16:35:00,1,2343.72,2351.16,0.1,73.70000000000056,524.2015787509024,NEWS,friday,0.14059476924052222
2024-06-03 01:10:00,2024-06-03 16:35:00,1,2327.3,2333.83,0.08,51.67999999999796,563.7501351437512,NEWS,tom,0.09167181837893489
2024-06-03 18:15:00,2024-06-03 23:45:00,1,2339.23,2349.81,0.16,168.15999999999883,564.3101351437512,TIME,tday,0.29799216694409025
2024-06-05 18:15:00,2024-06-05 23:45:00,1,2352.97,2354.05,0.15,15.150000000005729,536.0216175348879,TIME,tday,0.02826378546014455
2024-06-06 18:15:00,2024-06-06 23:45:00,1,2370.53,2373.23,0.16,42.07999999999709,567.0080783202702,TIME,tday,0.07421411018456164
2024-06-07 01:05:00,2024-06-07 15:20:00,1,2376.4900000000002,2335.74,0.1,-408.20000000000454,520.1329253234496,NEWS,friday,-0.7847993851690152
2024-06-14 01:05:00,2024-06-14 23:00:00,1,2303.91,2332.44,0.1,284.600000000002,546.7364438777732,TIME,friday,0.5205433133036699
2024-06-20 18:15:00,2024-06-20 23:45:00,1,2357.91,2359.07,0.17,18.530000000005256,562.6887871391817,TIME,tday,0.032931169810963085
2024-06-21 01:05:00,2024-06-21 16:50:00,1,2359.72,2346.98,0.11,-140.9099999999976,551.2706085771197,NEWS,friday,-0.2556094916137454
2024-06-28 01:05:00,2024-06-28 16:35:00,1,2327.25,2327.74,0.11,4.619999999997599,538.2474409387164,NEWS,friday,0.008583412848076358
2024-07-01 01:10:00,2024-07-01 16:35:00,1,2325.29,2327.37,0.08,16.07999999999942,508.179513918844,NEWS,tom,0.03164236172371047
2024-07-03 18:15:00,2024-07-03 23:45:00,1,2363.22,2355.86,0.18,-133.73999999999407,540.2857147133685,TIME,tday,-0.2475356952033159
2024-07-05 01:05:00,2024-07-05 15:20:00,1,2357.06,2366.96,0.12,117.96000000000107,526.5155397273435,NEWS,friday,0.2240389715013668
2024-07-05 18:15:00,2024-07-05 23:45:00,1,2383.3,2391.21,0.19,148.95999999999722,556.2097363788625,TIME,tday,0.2678126437875461
2024-07-11 16:00:00,2024-07-11 19:50:00,1,2406.46,2414.26,0.26,200.98000000000476,555.7247256599459,NEWS,trendH4,0.3616538741574487
2024-07-11 18:15:00,2024-07-11 19:50:00,1,2418.81,2414.26,0.18,-83.1599999999951,538.9880672155529,NEWS,tday,-0.1542891300536671
2024-07-12 01:05:00,2024-07-12 15:20:00,1,2413.36,2403.12,0.11,-113.4100000000026,522.086509594191,NEWS,friday,-0.21722453638603736
2024-07-15 18:15:00,2024-07-15 19:20:00,1,2433.54,2432.03,0.18,-28.43999999999574,563.8297110174925,NEWS,tday,-0.050440761535380324
2024-07-15 20:00:00,2024-07-16 15:20:00,1,2430.45,2441.22,0.23,227.81959999999958,561.0486533384371,NEWS,trendH4,0.4060603276460833
2024-07-16 18:15:00,2024-07-16 23:45:00,1,2456.5,2468.82,0.17,208.25000000000279,541.1589925986736,TIME,tday,0.38482221093652247
2024-07-16 20:00:00,2024-07-17 05:20:00,1,2459.37,2480.34,0.22,442.31440000000566,565.1569151892726,NEWS,trendH4,0.7826399856611033
2024-07-19 01:05:00,2024-07-19 16:19:00,1,2445.0,2395.311795787409,0.11,-547.3402463384987,546.790246338497,SL,friday,-1.0010058701735898
2024-07-24 18:15:00,2024-07-24 23:45:00,1,2426.68,2397.54,0.17,-496.5699999999979,566.7668851156571,TIME,tday,-0.8761450484155676
2024-07-26 01:05:00,2024-07-26 23:00:00,1,2364.56,2386.34,0.1,217.100000000002,517.2624711189045,TIME,friday,0.419709551961864
2024-07-26 18:15:00,2024-07-26 23:45:00,1,2382.73,2387.92,0.16,81.92000000000087,552.1199691934982,TIME,tday,0.14837355026239027
2024-08-01 01:10:00,2024-08-01 15:20:00,1,2447.56,2444.3,0.08,-26.63999999999811,567.4572521901164,NEWS,tom,-0.04694626757730264
2024-08-02 01:05:00,2024-08-02 15:20:00,1,2447.37,2457.17,0.1,97.30000000000182,528.554304361932,NEWS,friday,0.18408704497726466
2024-08-09 01:05:00,2024-08-09 23:00:00,1,2426.91,2429.06,0.09,18.720000000000816,551.4348785411381,TIME,friday,0.03394779824142783
2024-08-12 18:15:00,2024-08-12 23:45:00,1,2459.19,2471.7,0.14,174.1599999999967,551.5046978544293,TIME,tday,0.3157906010185367
2024-08-16 01:05:00,2024-08-16 23:00:00,1,2456.1,2507.84,0.09,465.03000000000213,522.7232201950353,TIME,friday,0.8896295056999629
2024-08-16 18:15:00,2024-08-16 23:45:00,1,2490.04,2507.57,0.14,244.4400000000028,542.4100061281849,TIME,tday,0.4506554031789664
2024-08-20 16:00:00,2024-08-21 16:44:00,1,2526.9,2498.6349482455303,0.2,-582.5970350893964,565.7010350893933,SL,trendH4,-1.029867366244669
2024-08-16 16:00:00,2024-08-21 17:20:00,1,2491.85,2503.03,0.19,165.78640000000553,564.579298296071,NEWS,trendH4,0.29364590678467545
2024-08-16 20:00:00,2024-08-21 17:20:00,1,2496.08,2503.03,0.18,80.92080000000489,549.1703684664637,NEWS,trendH4,0.14735099460295534
2024-08-20 12:00:00,2024-08-21 17:20:00,1,2520.09,2503.03,0.19,-340.57119999999895,546.8110350893937,NEWS,trendH4,-0.6228316148453765
2024-08-23 01:05:00,2024-08-23 16:50:00,1,2485.5,2495.2,0.09,86.66999999999837,516.2767498956445,NEWS,friday,0.16787507866181667
2024-08-23 18:15:00,2024-08-23 23:45:00,1,2516.18,2510.85,0.14,-75.59999999999899,535.7247776695574,TIME,tday,-0.14111723622130118
2024-08-29 18:15:00,2024-08-29 23:45:00,1,2523.7200000000003,2521.77,0.16,-32.32000000000437,569.6682142863161,TIME,tday,-0.056734778577202286
2024-08-30 01:05:00,2024-08-30 16:35:00,1,2520.92,2516.24,0.1,-47.50000000000291,522.4593829724625,NEWS,friday,-0.09091615836193435
2024-09-02 01:10:00,2024-09-03 16:35:00,1,2504.55,2488.89,0.08,-132.19840000000247,554.7216745632012,NEWS,tom,-0.23831482716823368
2024-09-06 01:05:00,2024-09-06 15:20:00,1,2516.47,2514.3,0.11,-24.639999999995798,541.319854729789,NEWS,friday,-0.045518374736680155
2024-09-12 18:15:00,2024-09-12 19:50:00,1,2550.6000000000004,2548.21,0.18,-44.28000000000589,566.6213460093561,NEWS,tday,-0.07814742651660486
2024-09-13 01:05:00,2024-09-13 23:00:00,1,2558.54,2582.6,0.11,263.8899999999994,539.7619790436779,TIME,friday,0.48890068260744474
2024-09-13 04:00:00,2024-09-17 15:20:00,1,2561.81,2579.9,0.24,394.32960000000344,562.3171680799477,NEWS,trendH4,0.7012583331689056
2024-09-13 08:00:00,2024-09-17 15:20:00,1,2569.03,2579.9,0.24,221.04959999999738,558.7173096759509,NEWS,trendH4,0.3956376438886481
2024-09-13 16:00:00,2024-09-17 15:20:00,1,2575.9800000000005,2579.9,0.24,54.24959999999083,551.7185719825461,NEWS,trendH4,0.09832839196449425
2024-09-20 01:05:00,2024-09-20 23:00:00,1,2586.63,2621.06,0.11,377.9599999999982,548.6700409521782,TIME,friday,0.6888657513431484
2024-09-20 18:15:00,2024-09-20 23:45:00,1,2614.11,2621.09,0.17,117.47000000000033,565.6930724961835,TIME,tday,0.2076567766362259
2024-09-20 12:00:00,2024-09-24 16:50:00,1,2610.0,2633.08,0.21,449.82839999999845,560.6176567963719,NEWS,trendH4,0.8023800080977214
2024-09-20 16:00:00,2024-09-24 16:50:00,1,2615.79,2633.08,0.21,328.23839999999916,568.0242739565537,NEWS,trendH4,0.5778598117183722
2024-09-23 08:00:00,2024-09-24 16:50:00,1,2629.59,2633.08,0.21,55.12919999999542,559.0849727268251,NEWS,trendH4,0.09860612015936286
2024-09-24 08:00:00,2024-09-24 16:50:00,1,2638.38,2633.08,0.23,-123.51000000000418,572.5180290936173,NEWS,trendH4,-0.2157311974882943
2024-09-24 18:15:00,2024-09-24 23:45:00,1,2646.46,2659.35,0.17,217.93999999999787,559.6031084278316,TIME,tday,0.38945459150912526
2024-09-24 20:00:00,2024-09-25 16:50:00,1,2653.7400000000002,2663.93,0.21,195.8291999999916,557.6329581663891,NEWS,trendH4,0.35117938624703593
2024-09-27 01:05:00,2024-09-27 23:00:00,1,2672.31,2652.08,0.11,-223.3000000000002,536.118346597134,TIME,friday,-0.41651251336078404
2024-10-01 01:10:00,2024-10-01 16:35:00,1,2633.9,2663.37,0.08,235.19999999999843,528.4518272104663,NEWS,tom,0.4450736810610467
2024-10-04 01:05:00,2024-10-04 15:20:00,1,2656.17,2658.05,0.12,21.72000000000131,579.702462619923,NEWS,friday,0.037467496518540484
2024-10-04 18:15:00,2024-10-04 23:45:00,1,2666.7700000000004,2651.86,0.18,-269.64000000000556,580.1224626199231,TIME,tday,-0.4647984130493232
2024-10-10 18:15:00,2024-10-10 19:50:00,1,2624.8900000000003,2620.26,0.18,-84.60000000000196,577.4234942442633,NEWS,tday,-0.14651291615823
2024-10-11 01:05:00,2024-10-11 15:20:00,1,2628.75,2646.71,0.12,214.68000000000043,572.658958941102,NEWS,friday,0.3748828105247198
2024-10-11 18:15:00,2024-10-11 23:45:00,1,2657.23,2656.71,0.18,-10.619999999999672,573.078958941102,TIME,tday,-0.018531477790813707
2024-10-15 18:15:00,2024-10-15 23:45:00,1,2662.4,2662.24,0.18,-4.140000000005566,564.4886941890114,TIME,tday,-0.007334070713237956
2024-10-18 01:05:00,2024-10-18 23:00:00,1,2693.3,2719.66,0.12,315.4799999999961,547.9748692176589,TIME,friday,0.57571983264562
2024-10-18 18:15:00,2024-10-18 23:45:00,1,2718.4900000000002,2721.31,0.19,52.249999999994465,578.8612508408622,TIME,tday,0.09026342655359183
2024-10-21 16:00:00,2024-10-21 21:56:00,1,2738.82,2715.9764284004173,0.25,-572.8392899895725,571.5892899895658,SL,trendH4,-1.0021868849222657
2024-10-22 18:15:00,2024-10-22 23:45:00,1,2744.03,2747.97,0.19,73.5299999999924,573.9685275107432,TIME,tday,0.1281080694770605
2024-10-17 20:00:00,2024-10-23 16:50:00,1,2692.45,2737.18,0.24,995.5392000000004,578.2903638556934,NEWS,trendH4,1.7215213363790847
2024-10-18 08:00:00,2024-10-23 16:50:00,1,2710.41,2737.18,0.24,583.5743999999995,562.8835107107755,NEWS,trendH4,1.0367587411880246
2024-10-21 08:00:00,2024-10-23 16:50:00,1,2730.63,2737.18,0.25,122.25999999999317,574.9638947252821,NEWS,trendH4,0.21263943896583112
2024-10-25 01:05:00,2024-10-25 15:20:00,1,2736.06,2726.31,0.12,-117.84,564.6089678713336,NEWS,friday,-0.20871081882435505
2024-10-29 18:15:00,2024-10-29 23:45:00,1,2767.18,2773.68,0.19,122.17000000000002,583.2655090234841,TIME,tday,0.20945863952171576
2024-10-29 20:00:00,2024-10-30 15:05:00,1,2769.5800000000004,2777.77,0.24,175.8047999999904,567.123777525094,NEWS,trendH4,0.30999370325680164
2024-10-30 04:00:00,2024-10-30 15:05:00,1,2778.3700000000003,2777.77,0.25,-16.750000000009095,569.0898012670796,NEWS,trendH4,-0.02943296464409516
2024-10-30 08:00:00,2024-10-30 15:05:00,1,2780.37,2777.77,0.26,-69.41999999999763,578.0557236518745,NEWS,trendH4,-0.12009222841257566
2024-11-01 01:05:00,2024-11-01 15:20:00,1,2745.59,2751.16,0.12,65.9999999999965,578.8971543624883,NEWS,friday,0.11400988846227642
2024-11-01 01:10:00,2024-11-01 15:20:00,1,2747.1,2751.16,0.09,35.909999999999506,578.6871543624883,NEWS,tom,0.06205425458175207
2024-11-07 18:15:00,2024-11-07 20:50:00,1,2697.21,2695.3,0.16,-31.679999999997673,565.5528082221995,NEWS,tday,-0.056015989204585385
2024-11-08 01:05:00,2024-11-08 23:00:00,1,2704.43,2685.08,0.1,-194.19999999999908,563.8982035862899,TIME,friday,-0.34438839982983177
2024-11-15 01:05:00,2024-11-15 15:20:00,1,2566.69,2572.2,0.09,48.95999999999787,545.8603242766188,NEWS,friday,0.089693274675862
2024-11-21 18:15:00,2024-11-21 23:45:00,1,2668.77,2670.11,0.15,19.050000000002182,587.1866627234173,TIME,tday,0.03244283497797243
2024-11-22 01:05:00,2024-11-22 23:00:00,1,2669.85,2705.81,0.1,358.9000000000004,571.4019011003161,TIME,friday,0.6281043155594812
2024-11-22 18:15:00,2024-11-22 23:45:00,1,2706.55,2711.92,0.15,79.49999999999837,571.7519011003161,TIME,tday,0.13904632384606586
2024-11-29 01:05:00,2024-12-02 02:15:00,1,2639.13,2644.77,0.09,42.97679999999885,557.0138097941255,TIME,friday,0.07715571722698088
2024-12-02 01:10:00,2024-12-02 16:35:00,1,2648.75,2648.84,0.07,0.1400000000010187,568.5070020239727,NEWS,tom,0.00024625906013927195
2024-12-06 01:05:00,2024-12-06 15:20:00,1,2632.14,2634.13,0.1,19.200000000002365,558.4907382751611,NEWS,friday,0.03437836777615957
2024-12-10 18:15:00,2024-12-10 23:45:00,1,2689.6200000000003,2693.0,0.15,49.64999999999482,566.3045141250117,TIME,tday,0.0876736786686369
2024-12-11 18:15:00,2024-12-11 19:50:00,1,2716.22,2717.49,0.15,17.999999999999726,566.214905973225,NEWS,tday,0.031790049696874115
2024-12-13 01:05:00,2024-12-13 23:00:00,1,2680.69,2647.83,0.1,-329.30000000000126,588.9559648442604,TIME,friday,-0.5591249934739674
2024-12-20 01:05:00,2024-12-20 23:00:00,1,2594.4,2622.71,0.09,254.1599999999995,539.4898444368929,TIME,friday,0.4711117412511924
2024-12-27 01:05:00,2024-12-27 19:50:00,1,2633.47,2615.42,0.1,-181.19999999999726,542.286765842997,NEWS,friday,-0.3341405533257257
2024-12-30 18:15:00,2024-12-30 23:45:00,-1,2600.2799999999997,2607.47,0.16,-116.16000000000088,567.8802252159209,TIME,tday,-0.20455017597387587
2025-01-02 01:10:00,2025-01-02 15:20:00,1,2625.49,2637.63,0.08,96.56000000000262,551.4567248035236,NEWS,tom,0.17509986850628326
2025-01-03 01:05:00,2025-01-03 16:50:00,1,2658.04,2648.85,0.11,-101.86000000000058,573.9842297783745,NEWS,friday,-0.17746132161040476
2025-01-10 01:05:00,2025-01-10 15:20:00,1,2670.64,2679.12,0.12,100.9200000000002,589.1177049716206,NEWS,friday,0.1713070226006224
2025-01-10 18:15:00,2025-01-10 23:45:00,1,2691.55,2689.64,0.18,-35.640000000005564,589.5377049716205,TIME,tday,-0.06045414856327335
2025-01-16 18:15:00,2025-01-16 23:45:00,1,2718.8300000000004,2713.78,0.18,-92.16000000000328,571.9999232531878,TIME,tday,-0.16111890273665289
2025-01-17 01:05:00,2025-01-17 23:00:00,1,2714.36,2701.09,0.12,-160.07999999999979,575.6070715922455,TIME,friday,-0.2781063817669685
2025-01-21 18:15:00,2025-01-21 23:45:00,1,2740.54,2744.07,0.19,65.7400000000038,580.4009656696991,TIME,tday,0.11326652415912045
2025-01-21 08:00:00,2025-01-23 15:20:00,1,2726.38,2742.8,0.25,329.2700000000018,570.2748394418936,NEWS,trendH4,0.5773882647921936
2025-01-21 20:00:00,2025-01-23 15:20:00,1,2740.3700000000003,2742.8,0.24,-19.66080000000393,581.6320048478326,NEWS,trendH4,-0.033802816619672806
2025-01-22 04:00:00,2025-01-23 15:20:00,1,2748.22,2742.8,0.25,-196.85999999999046,581.3427962241336,NEWS,trendH4,-0.33862980891586064
2025-01-22 08:00:00,2025-01-23 15:20:00,1,2758.27,2742.8,0.25,-448.109999999995,583.1631564129262,NEWS,trendH4,-0.7684127419097396
2025-01-24 01:05:00,2025-01-24 16:50:00,1,2754.15,2778.27,0.12,288.5999999999987,543.1224057920426,NEWS,friday,0.5313719281735938
2025-01-24 08:00:00,2025-01-24 16:50:00,1,2775.4,2778.27,0.25,69.99999999999727,581.3302412947152,NEWS,trendH4,0.12041348450081679
2025-01-24 16:00:00,2025-01-24 16:50:00,1,2782.61,2778.27,0.25,-110.25000000000364,577.1074177684803,NEWS,trendH4,-0.19103895844262553
2025-01-28 18:15:00,2025-01-28 23:45:00,1,2757.5200000000004,2763.62,0.18,108.53999999999017,561.4934009125269,TIME,tday,0.19330592278305198
2025-01-30 18:15:00,2025-01-30 23:45:00,1,2794.0800000000004,2792.89,0.19,-23.940000000009675,578.1641015674955,TIME,tday,-0.04140692916613899
2025-01-30 20:00:00,2025-01-31 16:35:00,1,2795.82,2808.8,0.26,314.99520000000047,580.6400814755194,NEWS,trendH4,0.5424964794017257
2025-01-31 01:05:00,2025-01-31 16:35:00,1,2794.6600000000003,2808.8,0.12,168.83999999999847,560.0305254390751,NEWS,friday,0.3014835662174389
2025-01-31 16:00:00,2025-01-31 16:35:00,1,2806.6400000000003,2808.8,0.27,56.42999999999608,587.3140653797977,NEWS,trendH4,0.09608147212259348
2025-01-31 20:00:00,2025-02-03 01:38:00,1,2808.7,2786.6457458477475,0.26,-595.8954079585591,573.9306079585555,SL,trendH4,-1.0382708287298552
2025-02-03 01:10:00,2025-02-03 16:35:00,1,2802.3,2815.47,0.09,117.89999999999657,553.3712021934269,NEWS,tom,0.21305770797733972
2025-02-03 18:15:00,2025-02-03 23:45:00,1,2819.78,2813.22,0.19,-125.97000000000762,584.7790467597285,TIME,tday,-0.2154146949997776
2025-02-04 16:00:00,2025-02-04 16:50:00,1,2831.82,2840.82,0.21,187.53,564.1301667864334,NEWS,trendH4,0.3324232793085049
2025-02-04 18:15:00,2025-02-04 23:45:00,1,2837.8300000000004,2842.14,0.18,76.31999999999083,589.6568306081823,TIME,tday,0.12943121496832835
2025-02-04 20:00:00,2025-02-05 15:05:00,1,2844.19,2869.84,0.21,520.4892000000018,570.3951584471109,NEWS,trendH4,0.9125063428256
2025-02-05 08:00:00,2025-02-05 15:05:00,1,2859.42,2869.84,0.22,227.70000000000164,576.234596900906,NEWS,trendH4,0.3951515601885299
2025-02-05 12:00:00,2025-02-05 15:05:00,1,2870.48,2869.84,0.22,-15.619999999997198,585.64786705586,NEWS,trendH4,-0.026671317149196305
2025-02-07 01:05:00,2025-02-07 15:20:00,1,2856.19,2860.54,0.11,47.079999999998996,564.0944437957954,NEWS,friday,0.08346120143144356
2025-02-10 18:15:00,2025-02-10 23:45:00,1,2908.41,2907.85,0.17,-10.709999999999074,581.7052470946785,TIME,tday,-0.01841138627077901
2025-02-11 04:00:00,2025-02-11 11:59:00,1,2934.06,2903.5910267056797,0.19,-580.2404925920843,579.2904925920778,SL,trendH4,-1.0016399371509717
2025-02-10 12:00:00,2025-02-11 16:50:00,1,2903.25,2900.75,0.19,-63.9312,571.4558152924898,NEWS,trendH4,-0.11187426619725258
2025-02-13 18:15:00,2025-02-13 19:50:00,1,2920.16,2918.56,0.15,-25.049999999998633,572.0461481307913,NEWS,tday,-0.043790173365997845
2025-02-14 01:05:00,2025-02-14 15:20:00,1,2928.37,2928.92,0.1,4.800000000001819,561.9928518357345,NEWS,friday,0.008541033901628371
2025-02-17 18:15:00,2025-02-18 03:30:00,1,2901.0,2895.11,0.15,-101.32199999999808,589.7076481331823,TIME,tday,-0.17181734088196032
2025-02-18 18:15:00,2025-02-18 23:45:00,1,2928.42,2935.37,0.15,103.19999999999727,577.1463875522406,TIME,tday,0.1788107873943092
2025-02-19 12:00:00,2025-02-20 15:20:00,1,2945.7,2944.68,0.2,-69.48799999999963,573.5429409379614,NEWS,trendH4,-0.12115570612090572
2025-02-20 12:00:00,2025-02-20 15:20:00,1,2951.68,2944.68,0.2,-141.4,572.9682705993337,NEWS,trendH4,-0.24678504422608502
2025-02-21 01:05:00,2025-02-21 16:50:00,1,2939.82,2937.82,0.1,-20.7,564.6857191881459,NEWS,friday,-0.0366575588802929
2025-02-28 01:05:00,2025-02-28 16:35:00,1,2876.85,2844.05,0.09,-295.82999999999754,542.3642957939248,NEWS,friday,-0.5454451966956178
2025-03-03 01:10:00,2025-03-03 16:35:00,1,2874.03,2878.79,0.07,32.82999999999834,574.6200626163723,NEWS,tom,0.05713340367984385
2025-03-03 18:15:00,2025-03-03 23:45:00,1,2887.63,2894.08,0.14,89.31999999999745,575.1100626163723,TIME,tday,0.1553094021579978
2025-03-07 01:05:00,2025-03-07 15:20:00,1,2912.83,2914.58,0.09,15.12,546.8991352528222,NEWS,friday,0.027646779863731687
2025-03-11 18:15:00,2025-03-11 23:45:00,1,2919.67,2916.64,0.14,-43.400000000002805,558.5593061255394,TIME,tday,-0.07769989600754841
2025-03-12 18:15:00,2025-03-12 19:50:00,1,2928.1600000000003,2934.6,0.14,89.17999999999441,560.582212830858,NEWS,tday,0.15908460518154596
2025-03-13 18:15:00,2025-03-13 19:50:00,1,2972.8500000000004,2981.96,0.14,126.55999999999543,555.0606262000822,NEWS,tday,0.22801112892193232
2025-03-14 01:05:00,2025-03-14 23:00:00,1,2984.48,2983.93,0.09,-5.580000000001637,550.9126015209922,TIME,friday,-0.01012864832751337
2025-03-18 18:15:00,2025-03-18 23:45:00,1,3029.2200000000003,3033.91,0.15,69.299999999994,575.7224186907464,TIME,tday,0.12037050799166293
2025-03-18 08:00:00,2025-03-19 17:20:00,1,3014.63,3027.61,0.21,254.41920000000036,574.5885034489631,NEWS,trendH4,0.44278505134170115
2025-03-18 12:00:00,2025-03-19 17:20:00,1,3026.8100000000004,3027.61,0.2,-1.2960000000054581,562.1557888347755,NEWS,trendH4,-0.002305410752225427
2025-03-18 16:00:00,2025-03-19 17:20:00,1,3034.4500000000003,3027.61,0.2,-154.0960000000029,569.297999393037,NEWS,trendH4,-0.27067722030341573
2025-03-20 04:00:00,2025-03-20 15:20:00,1,3053.4,3036.87,0.21,-348.60000000000423,588.5950846769942,NEWS,trendH4,-0.5922577491303838
2025-03-21 01:05:00,2025-03-21 23:00:00,1,3045.18,3019.91,0.1,-253.39999999999984,559.7847863934296,TIME,friday,-0.45267396713762154
2025-03-27 18:15:00,2025-03-27 23:45:00,1,3056.15,3056.35,0.16,2.07999999999709,571.4162497343539,TIME,tday,0.0036400784908795693
2025-03-28 01:05:00,2025-03-28 23:00:00,1,3056.29,3080.74,0.1,243.79999999999822,542.23825311696,TIME,friday,0.4496178545105539
2025-03-28 04:00:00,2025-03-31 16:35:00,1,3062.09,3112.41,0.21,1038.5591999999938,562.8484298799044,NEWS,trendH4,1.845184502374098
2025-03-28 08:00:00,2025-03-31 16:35:00,1,3074.01,3112.41,0.21,788.2391999999924,568.0225083859091,NEWS,trendH4,1.3876900798171719
2025-03-31 08:00:00,2025-03-31 16:35:00,1,3113.58,3112.41,0.18,-22.32000000000131,562.5416332365402,NEWS,trendH4,-0.039677063316336074
2025-03-31 12:00:00,2025-03-31 16:35:00,1,3122.46,3112.41,0.18,-182.16000000000324,571.3055515747124,NEWS,trendH4,-0.318848643248623
2025-03-31 18:15:00,2025-03-31 23:45:00,1,3125.2400000000002,3124.5,0.16,-12.960000000003784,574.7236030872749,TIME,tday,-0.022549969986243524
2025-04-01 01:10:00,2025-04-01 16:35:00,1,3125.16,3130.76,0.08,44.24000000000291,591.706202866755,NEWS,tom,0.07476683493542016
2025-04-01 08:00:00,2025-04-01 16:35:00,1,3144.97,3130.76,0.18,-257.03999999999246,572.7541131526847,NEWS,trendH4,-0.4487789683170216
2025-04-03 04:00:00,2025-04-03 13:17:00,1,3151.5200000000004,3111.695805297523,0.14,-558.5187258346864,557.8187258346827,SL,trendH4,-1.0012548879547853
2025-04-04 01:05:00,2025-04-04 15:20:00,1,3114.69,3100.89,0.09,-124.83000000000163,583.5686735588218,NEWS,friday,-0.21390798659349072
2025-04-09 18:15:00,2025-04-09 19:50:00,1,3075.19,3090.36,0.11,166.1000000000008,572.810574692151,NEWS,tday,0.2899736969577925
2025-04-10 18:15:00,2025-04-10 19:50:00,1,3159.59,3165.54,0.1,58.799999999998185,576.191394220647,NEWS,tday,0.1020494241840087
2025-04-11 01:05:00,2025-04-11 15:20:00,1,3179.66,3218.17,0.06,230.6400000000013,548.8213794558266,NEWS,friday,0.4202460192580107
2025-04-11 04:00:00,2025-04-11 15:20:00,1,3205.82,3218.17,0.08,98.23999999999927,567.8045089596689,NEWS,trendH4,0.17301729459668178
2025-04-11 18:15:00,2025-04-11 23:45:00,1,3236.9,3236.0,0.09,-8.73000000000082,549.0313794558265,TIME,tday,-0.015900730498598414
2025-04-11 16:00:00,2025-04-16 15:20:00,1,3233.86,3306.22,0.08,559.2447999999974,553.156480869296,NEWS,trendH4,1.0110065042013672
2025-04-16 04:00:00,2025-04-16 15:20:00,1,3264.6600000000003,3306.22,0.1,414.8999999999949,542.4295820589267,NEWS,trendH4,0.7648919117300692
2025-04-16 08:00:00,2025-04-16 15:20:00,1,3283.97,3306.22,0.1,221.8,547.2531029559802,NEWS,trendH4,0.40529692532020434
2025-04-16 12:00:00,2025-04-16 15:20:00,1,3307.2000000000003,3306.22,0.1,-10.500000000004729,553.9054478081812,NEWS,trendH4,-0.018956303899074312
2025-04-16 18:15:00,2025-04-16 20:20:00,1,3309.4800000000005,3328.89,0.1,193.399999999994,582.7905979366907,NEWS,tday,0.3318516130574284
2025-04-16 20:00:00,2025-04-16 20:20:00,1,3327.56,3328.89,0.1,12.599999999999275,555.7929166468836,NEWS,trendH4,0.022670314109102863
2025-04-17 04:00:00,2025-04-17 15:20:00,1,3345.5000000000005,3333.77,0.11,-129.8000000000052,588.3051430011938,NEWS,trendH4,-0.22063380125803495
2025-04-21 04:00:00,2025-04-23 01:00:00,1,3369.03,3329.2771677602323,0.1,-414.1243223976794,569.8427741325589,SL,trendH4,-0.7267343576095681
2025-04-21 08:00:00,2025-04-23 01:00:00,1,3376.73,3332.4233093722205,0.1,-459.6629062777952,559.3556354259312,SL,trendH4,-0.8217721913676204
2025-04-21 12:00:00,2025-04-23 01:00:00,1,3393.03,3337.8737146345366,0.1,-568.1588536546365,551.7628536546348,SL,trendH4,-1.0297156647849737
2025-04-21 16:00:00,2025-04-23 01:00:00,1,3415.1200000000003,3354.1499999999996,0.1,-626.2960000000071,553.4897109719032,SL,trendH4,-1.1315404561003661
2025-04-25 01:05:00,2025-04-25 23:00:00,1,3345.4000000000005,3304.76,0.05,-203.55000000000163,562.6515579548527,TIME,friday,-0.36176919289066384
2025-05-01 01:10:00,2025-05-01 15:20:00,1,3285.26,3208.19,0.03,-231.4200000000005,447.9308990368293,NEWS,tom,-0.516642188555456
2025-05-02 01:05:00,2025-05-02 15:20:00,1,3239.37,3261.92,0.05,112.40000000000092,567.2546149534627,NEWS,friday,0.19814735224185379
2025-05-02 18:15:00,2025-05-02 23:45:00,1,3263.4700000000003,3239.39,0.07,-169.05000000000268,529.6009739565653,TIME,tday,-0.3192025851785294
2025-05-05 18:15:00,2025-05-05 23:45:00,1,3312.09,3332.49,0.07,142.30999999999744,515.0023329596677,TIME,tday,0.2763288453125171
2025-05-06 18:15:00,2025-05-06 19:50:00,1,3395.34,3408.91,0.07,94.49999999999798,528.2014520339773,NEWS,tday,0.1789090121507639
2025-05-09 01:05:00,2025-05-09 23:00:00,1,3310.6,3328.82,0.04,72.60000000000102,488.731512948349,TIME,friday,0.1485478183349181
2025-05-09 18:15:00,2025-05-09 23:45:00,1,3340.88,3328.93,0.07,-84.14000000000192,570.3500984397406,TIME,tday,-0.14752342505099364
2025-05-15 18:15:00,2025-05-15 23:45:00,1,3209.57,3236.85,0.07,190.46999999999824,572.2648852441025,TIME,tday,0.332835379054845
2025-05-16 01:05:00,2025-05-16 23:00:00,1,3241.95,3192.57,0.04,-197.79999999999862,506.7432760106122,TIME,friday,-0.39033571704631026
2025-05-20 18:15:00,2025-05-20 23:45:00,1,3279.33,3290.39,0.07,76.92999999999962,579.7472240821041,TIME,tday,0.13269576257445737
2025-05-23 01:05:00,2025-05-23 16:50:00,1,3297.62,3343.46,0.04,183.08000000000058,475.5785437239847,NEWS,friday,0.384962699465803
2025-05-23 18:15:00,2025-05-23 23:45:00,1,3357.28,3358.0,0.07,4.549999999998599,555.0049676779822,TIME,tday,0.008198124818656652
2025-05-29 18:15:00,2025-05-29 18:50:00,1,3316.5,3319.19,0.08,20.960000000000438,587.0436473448816,NEWS,tday,0.03570432981397492
2025-05-30 01:05:00,2025-05-30 16:35:00,1,3317.92,3292.26,0.05,-128.64999999999927,556.8049608582673,NEWS,friday,-0.23105038396514332
2025-06-02 01:10:00,2025-06-02 16:35:00,1,3308.45,3356.26,0.04,190.9600000000016,580.6982469453314,NEWS,tom,0.32884549075964253
2025-06-02 18:15:00,2025-06-02 19:50:00,1,3374.98,3371.21,0.08,-30.719999999999853,580.9782469453315,NEWS,tday,-0.05287633428879571
2025-06-06 01:05:00,2025-06-06 15:20:00,1,3356.15,3358.17,0.05,9.74999999999991,527.0436271102602,NEWS,friday,0.01849941731286727
2025-06-13 01:05:00,2025-06-13 23:00:00,1,3384.16,3432.31,0.06,288.48000000000053,584.5518465311699,TIME,friday,0.4935062675995122
2025-06-20 01:05:00,2025-06-20 15:20:00,1,3370.48,3347.26,0.06,-139.7399999999988,540.5734672757219,NEWS,friday,-0.2585032534138857
2025-06-27 01:05:00,2025-06-27 23:00:00,1,3325.46,3270.6,0.07,-384.5100000000009,580.5049532425828,TIME,friday,-0.6623716091520083
2025-07-01 01:10:00,2025-07-01 16:20:00,1,3302.78,3348.37,0.05,227.59999999999846,568.2698352672326,NEWS,tom,0.4005139563548505
2025-07-04 01:05:00,2025-07-07 04:15:00,1,3324.95,3311.0,0.07,-103.70359999999874,577.1441752865217,TIME,friday,-0.17968404506294355
2025-07-11 01:05:00,2025-07-11 23:00:00,1,3325.9,3356.38,0.08,243.28000000000014,588.8227367522433,TIME,friday,0.41316339335307317
2025-07-11 18:15:00,2025-07-11 23:45:00,1,3365.41,3357.91,0.12,-90.83999999999999,589.1027367522431,TIME,tday,-0.154200607691633
2025-07-16 18:15:00,2025-07-16 23:45:00,1,3348.86,3347.29,0.12,-19.680000000001964,572.9997932378564,TIME,tday,-0.034345562131525335
2025-07-18 01:05:00,2025-07-18 23:00:00,1,3341.79,3348.23,0.08,50.96000000000043,576.2402298836616,TIME,friday,0.0884353388695004
2025-07-21 18:15:00,2025-07-21 23:45:00,1,3396.8500000000004,3397.96,0.12,12.479999999996071,560.5916420348286,TIME,tday,0.0222621941966461
2025-07-22 18:15:00,2025-07-22 23:45:00,1,3428.2700000000004,3428.68,0.12,4.079999999992797,570.4950961751979,TIME,tday,0.007151682858181549
2025-07-25 01:05:00,2025-07-25 15:20:00,1,3369.6000000000004,3343.29,0.08,-211.0400000000032,575.4627428195736,NEWS,friday,-0.36673095284323415
2025-08-01 01:05:00,2025-08-01 15:20:00,1,3291.8,3302.6,0.08,85.83999999999781,565.1374788958994,NEWS,friday,0.1518922442866506
2025-08-01 01:10:00,2025-08-01 15:20:00,1,3291.3,3302.6,0.06,67.37999999999836,564.9974788958993,NEWS,tom,0.11925716930926891
2025-08-08 01:05:00,2025-08-08 23:00:00,1,3403.6,3398.51,0.08,-41.27999999999753,553.1235322181521,TIME,friday,-0.07463070651587587
2025-08-15 01:05:00,2025-08-15 15:20:00,1,3336.7700000000004,3337.63,0.08,6.319999999997382,527.8874252689991,NEWS,friday,0.011972249569644242
2025-08-22 01:05:00,2025-08-22 16:50:00,1,3340.26,3333.28,0.09,-63.450000000000166,534.7626321607125,NEWS,friday,-0.11865077360329003
2025-08-22 18:15:00,2025-08-22 23:45:00,1,3376.7200000000003,3371.72,0.14,-70.98000000000637,554.895322240739,TIME,tday,-0.1279160179497999
2025-08-26 18:15:00,2025-08-26 23:45:00,1,3381.66,3391.08,0.15,140.25000000000108,587.4581056414992,TIME,tday,0.23874042872699713
2025-08-28 18:15:00,2025-08-28 23:45:00,1,3411.84,3416.67,0.15,71.39999999999891,575.4577543541499,TIME,tday,0.12407513750532888
2025-08-29 01:05:00,2025-08-29 16:35:00,1,3417.1800000000003,3420.94,0.1,36.89999999999763,575.403629043139,NEWS,friday,0.06412889689514137
2025-08-29 18:15:00,2025-08-29 23:45:00,1,3442.49,3449.35,0.15,101.8500000000019,575.753629043139,TIME,tday,0.17689858102895376
2025-09-01 18:15:00,2025-09-02 03:30:00,1,3478.61,3483.14,0.15,54.977999999996186,587.7497983972002,TIME,tday,0.093539802395376
2025-08-29 20:00:00,2025-09-02 16:35:00,1,3449.39,3482.69,0.21,664.4484000000037,571.835982709984,NEWS,trendH4,1.161956260344305
2025-09-01 01:10:00,2025-09-02 16:35:00,1,3443.62,3482.69,0.07,267.43640000000113,548.0764785040536,NEWS,tom,0.487954529137895
2025-09-01 08:00:00,2025-09-02 16:35:00,1,3475.32,3482.69,0.19,123.59879999999791,577.3977784092135,NEWS,trendH4,0.2140617865564438
2025-09-02 08:00:00,2025-09-02 16:35:00,1,3496.93,3482.69,0.19,-271.88999999999584,578.1789732936612,NEWS,trendH4,-0.47025231383138
2025-09-02 18:15:00,2025-09-02 23:45:00,1,3511.91,3534.92,0.14,321.16000000000304,562.2531586109067,TIME,tday,0.5712017710909008
2025-09-02 20:00:00,2025-09-03 16:50:00,1,3527.96,3552.85,0.16,384.403199999998,568.3965187180239,NEWS,trendH4,0.6762940787656314
2025-09-03 16:00:00,2025-09-03 16:50:00,1,3550.8,3552.85,0.16,31.679999999995633,567.8372194753684,NEWS,trendH4,0.05579063667095503
2025-09-03 18:15:00,2025-09-03 23:45:00,1,3563.62,3562.22,0.14,-20.580000000001274,592.0122187101275,TIME,tday,-0.0347627960193809
2025-09-03 20:00:00,2025-09-04 05:45:00,1,3572.69,3536.67716509365,0.16,-615.4757585016038,576.5253585015997,SL,trendH4,-1.067560601499363
2025-09-05 01:05:00,2025-09-05 15:20:00,1,3545.63,3551.89,0.09,55.70999999999787,589.5491242664559,NEWS,friday,0.09449594224962136
2025-09-05 18:15:00,2025-09-05 23:45:00,1,3584.5,3589.79,0.13,67.85999999999953,568.0173048491797,TIME,tday,0.11946819123409938
2025-09-05 16:00:00,2025-09-10 15:20:00,1,3580.58,3649.9,0.15,1002.9840000000025,594.7679773370362,NEWS,trendH4,1.686344992026434
2025-09-05 20:00:00,2025-09-10 15:20:00,1,3595.39,3649.9,0.14,728.7784000000031,564.9299399055058,NEWS,trendH4,1.2900332386736377
2025-09-08 12:00:00,2025-09-10 15:20:00,1,3611.43,3649.9,0.14,515.3456000000035,571.0885249901577,NEWS,trendH4,0.9023917964537724
2025-09-08 16:00:00,2025-09-10 15:20:00,1,3624.46,3649.9,0.14,332.9256000000007,566.7750987406502,NEWS,trendH4,0.5874033646498357
2025-09-12 01:05:00,2025-09-12 23:00:00,1,3636.19,3644.15,0.08,63.12000000000029,543.7876987370755,TIME,friday,0.11607471104365524
2025-09-15 18:15:00,2025-09-15 23:45:00,1,3665.03,3681.25,0.13,209.94999999999743,571.6161969438441,TIME,tday,0.36729190166846
2025-09-15 20:00:00,2025-09-16 15:20:00,1,3679.4,3695.44,0.16,242.8031999999994,586.7678388839465,NEWS,trendH4,0.41379773039677803
2025-09-16 04:00:00,2025-09-16 15:20:00,1,3686.59,3695.44,0.17,149.25999999999846,592.1201730048089,NEWS,trendH4,0.25207720798052635
2025-09-16 12:00:00,2025-09-16 15:20:00,1,3694.4900000000002,3695.44,0.17,14.959999999996908,586.99028113684,NEWS,trendH4,0.025485941557709387
2025-09-19 01:05:00,2025-09-19 23:00:00,1,3643.29,3684.43,0.09,369.62999999999886,608.5112213206986,TIME,friday,0.6074333340932686
2025-09-19 18:15:00,2025-09-19 23:45:00,1,3672.39,3684.69,0.13,158.99000000000237,586.2771020125246,TIME,tday,0.27118575747583246
2025-09-22 18:15:00,2025-09-22 23:45:00,1,3725.39,3747.82,0.13,290.68000000000376,593.8558804402011,TIME,tday,0.489479029465086
2025-09-22 12:00:00,2025-09-23 16:50:00,1,3720.54,3779.08,0.16,922.8031999999995,611.9078772188899,NEWS,trendH4,1.5080753727082632
2025-09-22 20:00:00,2025-09-23 16:50:00,1,3737.35,3779.08,0.15,612.9780000000003,579.3998054906699,NEWS,trendH4,1.0579534100479968
2025-09-23 12:00:00,2025-09-23 16:50:00,1,3774.5,3779.08,0.15,67.64999999999891,583.6635287584346,NEWS,trendH4,0.11590582016303737
2025-09-23 16:00:00,2025-09-23 16:50:00,1,3784.54,3779.08,0.15,-82.95000000000054,579.7478523205134,NEWS,trendH4,-0.14307944336142475
2025-09-23 18:15:00,2025-09-23 19:25:00,1,3779.3,3777.6,0.13,-23.010000000003547,611.8968889801866,NEWS,tday,-0.03760437487818085
2025-09-26 01:05:00,2025-09-26 23:00:00,1,3747.5,3766.79,0.08,153.7599999999997,575.2224383570771,TIME,friday,0.2673052887838689
2025-09-26 18:15:00,2025-09-26 23:45:00,1,3774.86,3762.64,0.13,-159.7700000000033,623.4609748868334,TIME,tday,-0.2562630323878792
2025-09-29 18:15:00,2025-09-29 23:45:00,1,3824.27,3830.7,0.13,82.67999999999788,624.7066195377738,TIME,tday,0.13235012630596674
2025-09-30 08:00:00,2025-09-30 11:22:00,1,3867.26,3823.2855207261014,0.14,-616.622709834584,615.922709834583,SL,trendH4,-1.0011365062349935
2025-09-30 04:00:00,2025-09-30 12:46:00,1,3839.27,3796.053179711685,0.14,-606.015484036409,605.3154840364033,SL,trendH4,-1.0011564217642972
2025-09-29 08:00:00,2025-09-30 16:35:00,1,3805.28,3817.61,0.13,149.04759999999905,584.8767821092316,NEWS,trendH4,0.25483589802024814
2025-09-29 12:00:00,2025-09-30 16:35:00,1,3819.01,3817.61,0.14,-31.707200000001276,624.2249386194444,NEWS,trendH4,-0.05079451018109901
2025-10-01 01:10:00,2025-10-01 15:05:00,1,3860.38,3883.2,0.05,113.74999999999856,521.6666354077068,NEWS,tom,0.2180511312767734
2025-10-01 12:00:00,2025-10-01 15:05:00,1,3893.2,3883.2,0.12,-120.84,599.6631226637746,NEWS,trendH4,-0.20151314201749543
2025-10-03 01:05:00,2025-10-03 16:35:00,1,3857.37,3884.47,0.07,189.20999999999938,559.6857752709062,NEWS,friday,0.33806469336908834
2025-10-03 18:15:00,2025-10-03 23:45:00,1,3880.58,3884.78,0.11,45.430000000003,586.5941455219017,TIME,tday,0.0774470736655294
2025-10-06 18:15:00,2025-10-06 23:45:00,1,3955.18,3958.69,0.11,37.8400000000024,586.8402779846228,TIME,tday,0.06448091826613499
2025-10-06 04:00:00,2025-10-08 17:20:00,1,3900.71,4042.63,0.12,1683.1248000000007,589.8883883163693,NEWS,trendH4,2.8532936625585963
2025-10-06 08:00:00,2025-10-08 17:20:00,1,3938.89,4042.63,0.12,1224.964800000003,609.047968900551,NEWS,trendH4,2.0112780315338714
2025-10-06 12:00:00,2025-10-08 17:20:00,1,3942.68,4042.63,0.12,1179.4848000000034,610.9775704555233,NEWS,trendH4,1.9304878886480583
2025-10-07 16:00:00,2025-10-08 17:20:00,1,3979.72,4042.63,0.12,744.5424000000037,615.8247610224325,NEWS,trendH4,1.2090166669554918
2025-10-08 18:15:00,2025-10-08 19:50:00,1,4039.68,4055.13,0.11,169.180000000003,608.2484029561292,NEWS,tday,0.278142941564296
2025-10-10 01:05:00,2025-10-10 23:00:00,1,3977.7,4011.21,0.07,234.08000000000155,638.2539615239572,TIME,friday,0.36675056342946843
2025-10-10 18:15:00,2025-10-10 23:45:00,1,4009.45,4012.94,0.1,34.20000000000236,608.0942490704355,TIME,tday,0.05624128176229633
2025-10-13 18:15:00,2025-10-13 23:45:00,1,4097.18,4110.18,0.1,129.3,618.8018027082616,TIME,tday,0.20895220316764235
2025-10-13 12:00:00,2025-10-14 19:10:00,1,4078.05,4129.05,0.09,451.2168,606.0421230633448,NEWS,trendH4,0.7445304259038078
2025-10-13 16:00:00,2025-10-14 19:10:00,1,4079.86,4129.05,0.09,434.92680000000047,589.7935169101776,NEWS,trendH4,0.7374221444116645
2025-10-13 20:00:00,2025-10-14 19:10:00,1,4105.96,4129.05,0.09,200.0268000000013,595.2823410646686,NEWS,trendH4,0.33602004662569246
2025-10-14 04:00:00,2025-10-14 19:10:00,1,4124.660000000001,4129.05,0.1,43.199999999994176,645.7336531231822,NEWS,trendH4,0.06690064826426695
2025-10-15 08:00:00,2025-10-16 15:20:00,1,4179.870000000001,4241.5,0.09,532.5803999999928,638.768510500037,NEWS,trendH4,0.8337612002556002
2025-10-15 12:00:00,2025-10-16 15:20:00,1,4208.42,4241.5,0.09,275.6303999999993,644.2745849750348,NEWS,trendH4,0.42781510621077784
2025-10-16 08:00:00,2025-10-16 15:20:00,1,4233.66,4241.5,0.09,69.93000000000131,635.6847434162801,NEWS,trendH4,0.11000735934637249
2025-10-16 18:15:00,2025-10-16 18:50:00,1,4269.679999999999,4270.08,0.09,2.9700000000049114,616.4732232124805,NEWS,tday,0.004817727499222197
2025-10-17 04:00:00,2025-10-17 04:44:00,1,4358.38,4282.741373456309,0.08,-605.6690123495305,605.2690123495295,SL,trendH4,-1.0006608631729688
2025-10-17 01:05:00,2025-10-17 17:05:00,1,4337.53,4228.122358312354,0.06,-656.8658501258759,656.5658501258746,SL,friday,-1.0004569229422209
2025-10-16 20:00:00,2025-10-17 19:30:00,1,4282.87,4210.926507984829,0.09,-655.2746281365363,647.6714281365328,SL,trendH4,-1.011739285800949
2025-10-20 18:15:00,2025-10-20 23:45:00,1,4346.4,4357.21,0.07,75.18000000000282,571.1181139797984,TIME,tday,0.13163651819081
2025-10-23 18:15:00,2025-10-23 23:45:00,1,4144.620000000001,4115.1,0.06,-177.5400000000026,636.4063982966317,TIME,tday,-0.2789726823539107
2025-10-24 01:05:00,2025-10-24 15:20:00,1,4126.64,4062.67,0.04,-256.16000000000105,628.8445127040154,NEWS,friday,-0.4073502985635027
2025-10-29 18:15:00,2025-10-29 20:50:00,1,4009.78,3994.84,0.05,-75.05000000000027,544.9357551052968,NEWS,tday,-0.1377226568396095
2025-10-30 18:15:00,2025-10-30 23:45:00,1,4000.53,4020.14,0.05,97.69999999999838,546.6582011692041,TIME,tday,0.17872227982866729
2025-10-31 01:05:00,2025-10-31 16:35:00,1,4021.22,4022.01,0.03,2.160000000001255,492.6293538342634,NEWS,friday,0.0043846351890917765
2025-11-03 01:10:00,2025-11-03 16:35:00,1,3992.82,4008.83,0.03,47.81999999999929,641.5306285567073,NEWS,tom,0.07454047846099417
2025-11-05 18:15:00,2025-11-05 23:45:00,1,3976.91,3982.11,0.06,30.780000000001635,613.3963582963445,TIME,tday,0.05017962624605472
2025-11-07 01:05:00,2025-11-07 23:00:00,1,3979.21,4004.05,0.04,99.08000000000058,576.5142068983788,TIME,friday,0.17186046556085174
2025-11-10 18:15:00,2025-11-10 23:45:00,1,4091.56,4113.86,0.06,133.37999999999838,558.1703349770659,TIME,tday,0.238959313388589
2025-11-12 18:15:00,2025-11-12 19:50:00,1,4184.02,4202.68,0.07,130.129999999999,642.5713488757391,NEWS,tday,0.2025144759841504
2025-11-14 01:05:00,2025-11-14 16:33:00,1,4177.1900000000005,4036.602334591837,0.04,-562.630661632654,562.4306616326529,SL,friday,-1.0003555993896571
2025-11-21 01:05:00,2025-11-21 23:00:00,1,4073.79,4067.25,0.04,-26.439999999999856,572.5031137129856,TIME,friday,-0.04618315493259498
2025-11-28 18:15:00,2025-12-01 03:00:00,1,4199.830000000001,4230.81,0.07,210.80639999999693,585.596372127576,TIME,tday,0.3599858367190693
2025-11-28 01:05:00,2025-12-01 04:55:00,1,4159.660000000001,4238.76,0.05,391.17599999999726,627.2496844224029,TIME,friday,0.6236368223289074
2025-12-01 01:10:00,2025-12-01 16:35:00,1,4209.52,4242.66,0.03,99.20999999999826,496.6911941423564,NEWS,tom,0.1997418137668125
2025-12-05 01:05:00,2025-12-05 23:00:00,1,4209.26,4202.14,0.05,-35.949999999999456,567.5535364789359,TIME,friday,-0.06334204209708716
2025-12-09 18:15:00,2025-12-09 19:50:00,1,4218.71,4206.66,0.08,-96.96000000000146,582.3149532785864,NEWS,tday,-0.16650783129317073
2025-12-11 18:15:00,2025-12-11 19:50:00,1,4256.150000000001,4275.05,0.09,169.46999999999673,631.9774004698535,NEWS,tday,0.26815832318371136
2025-12-12 16:00:00,2025-12-12 17:58:00,1,4341.240000000001,4288.242259279586,0.12,-636.8128886449812,636.2128886449742,SL,trendH4,-1.0009430805485329
2025-12-12 12:00:00,2025-12-12 18:39:00,1,4318.540000000001,4266.071325557459,0.12,-630.4640933105001,629.8640933104992,SL,trendH4,-1.0009525864490025
2025-12-12 01:05:00,2025-12-12 23:00:00,1,4283.17,4299.35,0.06,96.66000000000174,639.1218718648643,TIME,friday,0.15123876095487387
2025-12-18 18:15:00,2025-12-18 23:45:00,1,4362.490000000001,4330.89,0.09,-285.03000000000327,629.1585264559664,TIME,tday,-0.45303367595694816
2025-12-19 01:05:00,2025-12-19 16:50:00,1,4336.030000000001,4327.17,0.06,-53.580000000003494,626.3086317091119,NEWS,friday,-0.08554887684333982
2025-12-22 04:00:00,2025-12-23 15:20:00,1,4383.19,4495.52,0.11,1226.1172000000092,603.0652581550487,NEWS,trendH4,2.0331418257305303
2025-12-22 08:00:00,2025-12-23 15:20:00,1,4400.3,4495.52,0.11,1037.9072000000028,606.9184952472965,NEWS,trendH4,1.7101261670681078
2025-12-22 12:00:00,2025-12-23 15:20:00,1,4411.34,4495.52,0.11,916.4672000000032,600.1180704849314,NEWS,trendH4,1.527144815451804
2025-12-22 16:00:00,2025-12-23 15:20:00,1,4423.87,4495.52,0.11,778.637200000006,593.4926669606851,NEWS,trendH4,1.3119575747876686
2025-12-24 04:00:00,2025-12-24 15:20:00,1,4518.94,4480.15,0.11,-427.4599999999996,636.6715116879304,NEWS,trendH4,-0.6713980320349601
2025-12-26 01:05:00,2025-12-26 23:00:00,1,4495.889999999999,4531.16,0.06,211.20000000000263,642.7594580446674,TIME,friday,0.32858326292465956
2025-12-26 18:15:00,2025-12-26 23:45:00,1,4539.3,4532.33,0.09,-63.360000000002294,642.9694580446674,TIME,tday,-0.09854278334259642
2026-01-02 01:05:00,2026-01-02 16:35:00,1,4327.67,4355.2,0.05,137.29999999999873,635.6266675173048,NEWS,friday,0.21600729959345322
2026-01-02 01:10:00,2026-01-02 16:35:00,1,4333.49,4355.2,0.03,64.92000000000012,508.4313340138438,NEWS,tom,0.12768685888708906
2026-01-05 18:15:00,2026-01-05 23:45:00,1,4446.62,4445.96,0.07,-5.1099999999989825,597.3081118483307,TIME,tday,-0.008555048723826005
2026-01-06 18:15:00,2026-01-06 23:45:00,1,4479.08,4496.26,0.07,119.77000000000206,616.1382467163068,TIME,tday,0.19438819232260496
2026-01-09 01:05:00,2026-01-09 15:20:00,1,4477.57,4463.71,0.05,-69.64999999999836,637.4324427461445,NEWS,friday,-0.10926648116612454
2026-01-12 04:00:00,2026-01-12 19:50:00,1,4570.48,4617.41,0.09,421.74000000000257,645.0472305074078,NEWS,trendH4,0.6538125893017989
2026-01-12 16:00:00,2026-01-12 19:50:00,1,4616.04,4617.41,0.09,11.699999999999015,634.8363655062896,NEWS,trendH4,0.018429946102202457
2026-01-12 18:15:00,2026-01-12 19:50:00,1,4629.37,4617.41,0.07,-84.21000000000025,584.7231170466589,NEWS,tday,-0.1440168817428174
2026-01-16 01:05:00,2026-01-16 23:00:00,1,4618.95,4581.94,0.05,-185.40000000000109,603.1427112578546,TIME,friday,-0.30738993697420175
2026-01-20 18:15:00,2026-01-20 23:45:00,1,4741.63,4759.24,0.08,140.31999999999738,653.8497589255911,TIME,tday,0.2146058755616456
2026-01-21 04:00:00,2026-01-21 21:44:00,1,4835.49,4766.614744590613,0.07,-482.61678786570997,482.2667878657057,SL,trendH4,-1.0007257393807962
2026-01-19 04:00:00,2026-01-22 15:20:00,1,4657.62,4831.37,0.08,1357.6480000000001,589.9946208357828,NEWS,trendH4,2.301119284912741
2026-01-20 08:00:00,2026-01-22 15:20:00,1,4714.85,4831.37,0.1,1132.7079999999953,649.9660740545373,NEWS,trendH4,1.7427186513506427
2026-01-20 12:00:00,2026-01-22 15:20:00,1,4732.71,4831.37,0.1,954.1079999999985,649.3227703518103,NEWS,trendH4,1.4693894062625468
2026-01-22 18:15:00,2026-01-22 18:50:00,1,4873.92,4881.3,0.07,51.17000000000077,609.0930770465395,NEWS,tday,0.08401014874134086
2026-01-23 01:05:00,2026-01-23 23:00:00,1,4952.52,4981.49,0.04,115.59999999999738,556.845510302348,TIME,friday,0.20759797441346084
2026-01-23 18:15:00,2026-01-23 23:45:00,1,4971.33,4982.38,0.07,76.86000000000129,649.8164286860726,TIME,tday,0.11827955805212872
2026-01-22 20:00:00,2026-01-26 15:20:00,1,4904.78,5076.84,0.07,1192.802800000003,604.2068041838806,NEWS,trendH4,1.9741631370920352
2026-01-23 04:00:00,2026-01-26 15:20:00,1,4953.81,5076.84,0.07,855.1563999999985,597.1377657759529,NEWS,trendH4,1.4320923060171256
2026-01-26 04:00:00,2026-01-26 15:20:00,1,5071.03,5076.84,0.07,40.1800000000028,636.5955406270515,NEWS,trendH4,0.06311699884109334
2026-01-26 18:15:00,2026-01-26 21:48:00,1,5101.77,5009.1627186436845,0.07,-648.740969494212,648.3909694942103,SL,tday,-1.0005397977708954
2026-01-27 18:15:00,2026-01-27 23:45:00,1,5095.33,5185.33,0.07,629.5100000000001,663.6623288160526,TIME,tday,0.9485396001352391
2026-01-28 04:00:00,2026-01-28 17:20:00,1,5204.91,5256.25,0.06,307.62000000000086,619.8773413545816,NEWS,trendH4,0.4962594685712772
2026-01-28 08:00:00,2026-01-28 17:20:00,1,5261.51,5256.25,0.06,-31.98000000000131,627.7124742868526,NEWS,trendH4,-0.050946892582203265
2026-01-28 12:00:00,2026-01-28 17:20:00,1,5278.37,5256.25,0.06,-133.13999999999933,631.9698505725099,NEWS,trendH4,-0.2106746071499867
2026-01-28 18:15:00,2026-01-28 20:50:00,1,5284.63,5278.71,0.06,-35.94000000000044,606.1567515066544,NEWS,tday,-0.059291593982362646
2026-01-29 04:00:00,2026-01-29 15:20:00,1,5545.98,5518.48,0.05,-137.85,644.8870947732295,NEWS,trendH4,-0.21375834796085366
2026-01-30 01:05:00,2026-01-30 04:14:00,1,5419.81,5210.179348208388,0.03,-629.1019553748383,628.9519553748389,SL,friday,-1.000238491984511
2026-02-02 01:10:00,2026-02-02 08:24:00,1,4816.34,4448.107764448479,0.01,-368.3022355515207,368.2522355515208,SL,tom,-1.000135776500922
2026-02-03 18:15:00,2026-02-03 23:45:00,1,4944.41,4940.36,0.03,-12.360000000000547,616.6509709467612,TIME,tday,-0.020043753407253864
2026-02-06 01:05:00,2026-02-06 23:00:00,1,4777.35,4953.32,0.02,351.7999999999987,659.5091702514702,TIME,friday,0.5334270027903596
2026-02-06 18:15:00,2026-02-06 23:45:00,1,4941.0,4960.54,0.03,58.40999999999988,659.5791702514703,TIME,tday,0.08855646544709798
2026-02-09 18:15:00,2026-02-09 23:45:00,1,5063.88,5061.7,0.03,-6.750000000000873,680.2299438049366,TIME,tday,-0.009923115060539748
2026-02-13 01:05:00,2026-02-13 15:20:00,1,4891.78,4962.01,0.02,140.32000000000096,610.5687490892544,NEWS,friday,0.2298185097244285
2026-02-13 18:15:00,2026-02-13 23:45:00,1,4997.82,5038.85,0.03,122.88000000000197,610.6387490892544,TIME,tday,0.2012319070535125
2026-02-18 18:15:00,2026-02-18 23:45:00,1,4999.83,4980.09,0.03,-59.42999999999934,569.6229889756166,TIME,tday,-0.10433216557301431
2026-02-20 01:05:00,2026-02-20 15:20:00,1,5002.09,5029.45,0.02,54.579999999999345,535.5627302901999,NEWS,friday,0.1019114977818278
2026-02-20 18:15:00,2026-02-20 23:45:00,1,5054.69,5099.62,0.03,134.58000000000087,535.6327302901999,TIME,tday,0.2512542501409257
2026-02-23 18:15:00,2026-02-23 23:45:00,1,5202.7,5228.81,0.03,78.12000000000175,524.4332495551856,TIME,tday,0.14896080686390814
2026-02-27 01:05:00,2026-02-27 15:20:00,1,5182.33,5218.31,0.02,71.82000000000095,477.67199605751927,NEWS,friday,0.15035421919804712
2026-02-27 18:15:00,2026-02-27 23:45:00,1,5254.04,5274.59,0.04,81.92000000000073,636.9893280766925,TIME,tday,0.128604980317877
2026-03-02 01:10:00,2026-03-02 16:35:00,1,5351.58,5316.42,0.02,-70.45999999999971,623.9900903569286,NEWS,tom,-0.11291845990646403
2026-03-06 01:05:00,2026-03-06 15:20:00,1,5090.66,5076.93,0.02,-27.59999999999913,501.1481784416176,NEWS,friday,-0.05507353151681556
2026-03-10 18:15:00,2026-03-10 23:45:00,1,5223.71,5197.92,0.04,-103.43999999999986,658.392055487302,TIME,tday,-0.15711003669909082
2026-03-13 01:05:00,2026-03-13 15:20:00,1,5084.070000000001,5106.83,0.02,45.37999999999862,461.7131302584555,NEWS,friday,0.0982861370535337
2026-03-20 01:05:00,2026-03-20 23:00:00,1,4659.63,4501.58,0.02,-316.24000000000035,482.72569311345876,TIME,friday,-0.6551132548183467
2026-03-27 01:05:00,2026-03-27 23:00:00,1,4387.3099999999995,4514.39,0.02,254.0200000000017,553.0144885002816,TIME,friday,0.45933697087914965
2026-04-01 01:10:00,2026-04-01 15:05:00,1,4669.969999999999,4748.01,0.01,77.97000000000088,367.91352556732716,NEWS,tom,0.21192479912166912
2026-04-10 01:05:00,2026-04-10 15:20:00,1,4772.6,4768.24,0.02,-8.860000000001165,504.53887614458006,NEWS,friday,-0.017560589320102765
2026-04-17 01:05:00,2026-04-17 23:00:00,1,4795.75,4854.47,0.03,175.95000000000076,643.4256250753483,TIME,friday,0.2734581793807111
2026-04-24 01:05:00,2026-04-24 23:00:00,1,4695.429999999999,4716.52,0.03,63.060000000003164,589.2299826357719,TIME,friday,0.1070210305964407
2026-04-28 18:15:00,2026-04-28 23:45:00,-1,4572.65,4593.65,0.05,-105.35,614.4248132961759,TIME,tday,-0.17146117428889923
2026-05-01 01:05:00,2026-05-01 16:35:00,1,4629.0599999999995,4598.6,0.03,-91.58999999999737,547.7245784732247,NEWS,friday,-0.16721907980705072
2026-05-01 01:10:00,2026-05-01 16:35:00,1,4631.47,4598.6,0.02,-65.87999999999978,486.8196253095331,NEWS,tom,-0.13532732982593193
2026-05-04 18:15:00,2026-05-04 23:45:00,-1,4548.5199999999995,4518.94,0.05,147.54999999999967,600.9924222342796,TIME,tday,0.2455105830643594
2026-05-08 01:05:00,2026-05-08 15:20:00,1,4694.26,4707.94,0.03,40.829999999998144,535.899865922791,NEWS,friday,0.07618960667155805
2026-05-15 01:05:00,2026-05-15 23:00:00,1,4653.15,4545.82,0.04,-429.5999999999997,655.6722575367178,TIME,friday,-0.6552053942528474
2026-05-22 01:05:00,2026-05-22 23:00:00,1,4545.14,4508.29,0.04,-147.68000000000146,657.8615993291126,TIME,friday,-0.2244849070847205
2026-05-26 18:15:00,2026-05-26 23:45:00,-1,4509.44,4509.05,0.06,1.9199999999965076,619.7458688092859,TIME,tday,0.0030980440477729886
2026-05-27 18:15:00,2026-05-27 23:45:00,-1,4432.05,4453.86,0.06,-131.27999999999693,617.3454496086229,TIME,tday,-0.21265241378749
2026-05-29 01:05:00,2026-05-29 16:35:00,1,4497.58,4525.05,0.04,109.60000000000102,651.2565356319252,NEWS,friday,0.16829005776295863
2026-06-01 01:10:00,2026-06-01 03:20:00,1,4526.05,4538.37,0.03,36.749999999999126,650.1767830867874,NEWS,tom,0.05652308872907514
2026-06-01 18:15:00,2026-06-01 23:45:00,-1,4464.23,4482.8,0.06,-111.84000000000371,650.3867830867874,TIME,tday,-0.17195921397603156
2026-06-05 01:05:00,2026-06-05 15:20:00,1,4474.1,4472.91,0.04,-5.0400000000020375,613.4757822714948,NEWS,friday,-0.008215483227945217
2026-06-05 18:15:00,2026-06-05 23:45:00,-1,4352.889999999999,4324.349999999999,0.06,170.8199999999998,613.6157822714948,TIME,tday,0.2783826702886536
2026-06-09 18:15:00,2026-06-09 23:45:00,-1,4294.75,4261.61,0.06,198.42000000000195,633.0330979789929,TIME,tday,0.31344332647609285
2026-06-10 18:15:00,2026-06-10 19:50:00,-1,4123.23,4120.65,0.06,15.059999999999564,642.1550195519221,NEWS,tday,0.023452281055917016
2026-06-12 01:05:00,2026-06-12 23:00:00,1,4208.82,4210.7,0.03,5.4300000000003275,535.93514657248,TIME,friday,0.010131822916872224
2026-06-19 01:05:00,2026-06-22 04:00:00,1,4205.3099999999995,4200.77,0.03,-16.214399999997163,530.5223780852768,TIME,friday,-0.030563083990004358
2026-06-24 18:15:00,2026-06-24 23:45:00,-1,4001.79,3999.0800000000004,0.06,15.83999999999749,680.0548856430289,TIME,tday,0.023292237633172664
2026-06-26 01:05:00,2026-06-26 23:00:00,1,4029.8,4071.62,0.04,166.99999999999883,682.9755901717954,TIME,friday,0.24451825570807256
2026-06-29 18:15:00,2026-06-29 23:45:00,-1,4021.8399999999997,4015.9700000000003,0.06,34.799999999996615,682.7459051595241,TIME,tday,0.05097064623458352
2026-07-01 01:10:00,2026-07-01 15:05:00,1,4017.4200000000005,4024.25,0.03,20.279999999998417,675.2313161834674,NEWS,tom,0.03003415202159867
2026-07-03 01:05:00,2026-07-06 04:00:00,1,4125.92,4179.76,0.03,158.92560000000043,519.4939378890535,TIME,friday,0.3059238778527221
2026-07-06 18:15:00,2026-07-06 23:45:00,-1,4139.62,4163.28,0.06,-142.37999999999911,675.1472564340664,TIME,tday,-0.21088732664338933
2026-07-08 18:15:00,2026-07-08 19:50:00,-1,4033.6699999999996,4058.38,0.06,-148.68000000000293,649.6190119252922,NEWS,tday,-0.22887261190117617
2026-07-10 01:05:00,2026-07-10 23:00:00,1,4125.3099999999995,4108.43,0.04,-67.7999999999968,640.618127629461,TIME,friday,-0.10583528170032194
2026-07-13 18:15:00,2026-07-13 23:45:00,-1,4014.73,4000.3700000000003,0.06,85.73999999999802,621.2354042273566,TIME,tday,0.13801531499421646
2026-07-16 18:15:00,2026-07-16 23:45:00,-1,3992.77,3974.8300000000004,0.06,107.2199999999976,621.751393253463,TIME,tday,0.1724483469814893
2026-07-17 01:05:00,2026-07-17 23:00:00,1,3978.9200000000005,4015.33,0.04,145.3599999999976,618.8534365925016,TIME,friday,0.23488598657603202
2026-07-23 18:15:00,2026-07-23 23:45:00,-1,4051.3399999999997,4050.1600000000003,0.07,7.769999999995672,672.9097820249764,TIME,tday,0.011546867362536385
2026-07-24 01:05:00,2026-07-24 16:50:00,1,4049.2400000000002,4058.4,0.04,36.35999999999942,578.7012550811038,NEWS,friday,0.0628303458490057
2026-07-31 01:05:00,2026-07-31 16:35:00,1,4103.41,4035.49,0.04,-271.96000000000026,553.6955690018079,NEWS,friday,-0.49117243341911637
2026-08-03 01:10:00,2026-08-03 16:35:00,1,4075.4200000000005,4030.97,0.03,-133.56000000000216,552.9715997873932,NEWS,tom,-0.24153139157843437
2026-08-03 18:15:00,2026-08-03 23:45:00,-1,4033.2999999999997,4056.48,0.07,-162.75000000000205,645.3785330852921,TIME,tday,-0.25217758517929084
2026-08-05 20:00:00,2026-08-06 15:20:00,1,4242.530000000001,4257.08,0.09,108.86039999999346,639.7506944573103,NEWS,trendH4,0.17016065936800256
2026-08-06 04:00:00,2026-08-06 15:20:00,1,4295.01,4257.08,0.09,-342.0000000000026,652.9900767477224,NEWS,trendH4,-0.5237445593405727
2026-08-07 01:05:00,2026-08-07 15:20:00,1,4236.84,4314.3,0.04,309.5600000000002,571.8709296003682,NEWS,friday,0.5413109566809512
2026-08-07 12:00:00,2026-08-07 15:20:00,1,4306.33,4314.3,0.09,71.1000000000023,663.9400324593208,NEWS,trendH4,0.10708798464318921
2026-08-07 16:00:00,2026-08-11 16:50:00,1,4361.6900000000005,4394.82,0.08,251.7631999999936,616.8004718545379,NEWS,trendH4,0.40817608203673317
2026-08-11 04:00:00,2026-08-11 16:50:00,1,4409.64,4394.82,0.09,-134.01000000000556,655.036968932261,NEWS,trendH4,-0.2045838729048343
2026-08-12 16:00:00,2026-08-12 17:20:00,1,4437.6,4436.29,0.09,-12.420000000003602,654.0226440595717,NEWS,trendH4,-0.01899016817355383
2026-08-14 01:05:00,2026-08-14 15:20:00,1,4353.320000000001,4372.23,0.04,75.35999999999578,574.0564961104556,NEWS,friday,0.13127627770193473
2026-08-19 18:15:00,2026-08-19 23:45:00,1,4485.650000000001,4519.44,0.07,236.03999999999343,655.6147117154217,TIME,tday,0.3600285286191835
2026-08-19 20:00:00,2026-08-20 15:20:00,1,4493.530000000001,4466.94,0.09,-261.3996000000095,687.5579908632393,NEWS,trendH4,-0.3801855312187099
2026-08-21 01:05:00,2026-08-21 23:00:00,1,4520.04,4616.97,0.04,387.4400000000012,602.568336501048,TIME,friday,0.6429810139871619
2026-08-21 18:15:00,2026-08-21 23:45:00,1,4595.43,4607.91,0.06,74.45999999999738,602.7083365010479,TIME,tday,0.12354234293865274
2026-08-24 18:15:00,2026-08-24 23:45:00,1,4673.17,4647.79,0.06,-152.70000000000064,612.5391696081157,TIME,tday,-0.24929018024707475
2026-08-25 04:00:00,2026-08-25 16:47:00,1,4684.650000000001,4606.519295552306,0.08,-625.6056355815549,625.2056355815499,SL,trendH4,-1.0006397894984311
2026-08-21 12:00:00,2026-08-25 16:50:00,1,4584.27,4607.03,0.09,189.9035999999938,689.6299438278182,NEWS,trendH4,0.27537029344451946
2026-08-21 20:00:00,2026-08-25 16:50:00,1,4629.12,4607.03,0.08,-189.99680000000117,629.1106660485387,NEWS,trendH4,-0.3020085499318844
2026-08-24 16:00:00,2026-08-25 16:50:00,1,4662.99,4607.03,0.08,-454.59840000000037,625.9113988412876,NEWS,trendH4,-0.7262983240784099
2026-08-28 01:05:00,2026-08-28 21:17:00,1,4602.22,4455.1975198929,0.04,-588.3699204283996,588.1699204283998,SL,friday,-1.0003400377901919
2026-09-01 01:10:00,2026-09-01 16:35:00,1,4455.910000000001,4352.96,0.03,-309.06000000000216,613.5361048591817,NEWS,tom,-0.5037356360159723
2026-09-03 18:15:00,2026-09-03 23:45:00,1,4503.89,4472.42,0.06,-189.24000000000152,633.7448557204167,TIME,tday,-0.29860597414219764
2026-09-04 01:05:00,2026-09-04 15:20:00,1,4476.7300000000005,4467.85,0.04,-35.80000000000044,643.9402231689585,NEWS,friday,-0.05559522252519261
2026-09-11 01:05:00,2026-09-11 15:20:00,1,4322.580000000001,4331.26,0.04,34.439999999997525,627.8332466774859,NEWS,friday,0.05485533010915738
2026-09-18 01:05:00,2026-09-18 23:00:00,1,4343.2300000000005,4376.58,0.04,133.11999999999782,629.6201253172484,TIME,friday,0.21142907389264642
2026-09-25 01:05:00,2026-09-25 15:20:00,1,4274.63,4299.57,0.04,99.4799999999984,570.375358424721,NEWS,friday,0.17441146173415542
