entry_time,exit_time,dir,entry,exit,lots,pnl,risk_usd,reason,leg,R
2021-01-04 01:10:00,2021-01-04 16:35:00,1,1908.55,1938.71,0.09,270.81000000000074,454.8892578507571,NEWS,tom,0.5953317105783354
2021-01-04 04:00:00,2021-01-04 16:35:00,1,1916.8,1938.71,0.24,524.160000000002,493.52758437081764,NEWS,trendH4,1.0620682948618498
2021-01-04 08:00:00,2021-01-04 16:35:00,1,1921.95,1938.71,0.24,400.5599999999998,492.4072051522766,NEWS,trendH4,0.8134730682426282
2021-01-04 10:15:00,2021-01-04 16:35:00,1,1927.8400000000001,1938.71,0.19,205.1999999999979,480.82588328691025,NEWS,lw,0.4267657111078491
2021-01-04 12:00:00,2021-01-04 16:35:00,1,1932.3600000000001,1938.71,0.23,144.4399999999979,479.9092263573855,NEWS,trendH4,0.3009735843095342
2021-01-04 16:00:00,2021-01-04 16:35:00,1,1940.06,1938.71,0.23,-32.65999999999791,488.3552650395159,NEWS,trendH4,-0.0668775425147821
2021-01-05 01:15:00,2021-01-05 09:10:00,1,1944.0,1939.76,0.2,-86.20000000000019,485.3462877501577,TIME,drift,-0.1776051495100205
2021-01-05 12:00:00,2021-01-05 16:50:00,1,1945.83,1943.31,0.23,-59.56999999999959,487.4399203184628,NEWS,trendH4,-0.12220993299252197
2021-01-05 16:00:00,2021-01-05 16:50:00,1,1949.6200000000001,1943.31,0.24,-153.12000000000415,503.4933123156932,NEWS,trendH4,-0.30411526082792745
2021-01-06 01:15:00,2021-01-06 09:10:00,1,1951.2099999999998,1947.35,0.23,-90.3899999999977,491.40741868032126,TIME,drift,-0.18394105698025642
2021-01-06 12:00:00,2021-01-06 14:43:00,1,1957.8600000000001,1936.9956059560996,0.24,-502.42545705361374,501.2254570536166,SL,trendH4,-1.002394132187641
2021-01-07 01:15:00,2021-01-07 09:10:00,1,1920.97,1924.11,0.14,42.97999999999823,501.88497492339644,TIME,drift,0.08563715223106318
2021-01-08 01:15:00,2021-01-08 09:10:00,1,1916.42,1907.62,0.18,-159.66000000000327,483.92020467310346,TIME,drift,-0.3299304274923928
2021-01-08 01:05:00,2021-01-08 15:20:00,1,1916.33,1884.16,0.11,-354.6399999999983,461.9855022608422,NEWS,friday,-0.7676431365583515
2021-01-08 23:05:00,2021-01-08 23:55:00,1,1848.14,1848.91,0.21,14.699999999999617,478.9318470750715,TIME,fri_close,0.030693302376476595
2021-01-12 01:15:00,2021-01-12 09:10:00,1,1848.06,1859.72,0.16,185.4400000000013,484.5329214445931,TIME,drift,0.3827190925378774
2021-01-12 12:00:00,2021-01-12 16:50:00,1,1862.8600000000001,1839.57,0.15,-350.4000000000029,494.16159500038185,NEWS,lw,-0.709079789981923
2021-01-13 01:15:00,2021-01-13 09:10:00,1,1855.27,1859.45,0.17,69.87000000000108,477.7115889135004,TIME,drift,0.14625979696015393
2021-01-14 01:15:00,2021-01-14 09:10:00,1,1848.58,1840.63,0.21,-168.41999999999618,485.52112356555864,TIME,drift,-0.34688501040522673
2021-01-15 01:15:00,2021-01-15 09:10:00,1,1848.6,1850.02,0.19,25.650000000001384,479.06403386932226,TIME,drift,0.05354190293274681
2021-01-14 20:00:00,2021-01-15 15:20:00,1,1855.48,1848.27,0.15,-121.12200000000054,475.83168140339046,NEWS,lw,-0.25454799403597994
2021-01-15 01:05:00,2021-01-15 15:20:00,1,1848.18,1848.27,0.1,0.1999999999991814,472.7044184460054,NEWS,friday,0.0004230973779696675
2021-01-15 18:15:00,2021-01-15 23:45:00,-1,1825.48,1827.22,0.15,-27.150000000000134,473.05441844600534,TIME,tday,-0.05739297413009799
2021-01-15 17:30:00,2021-01-18 18:33:00,-1,1832.93,1839.42,0.15,-93.23850000000013,473.05441844600534,TIME,lw,-0.19709888833993083
2021-01-19 01:15:00,2021-01-19 09:10:00,1,1838.8999999999999,1839.98,0.22,22.220000000003402,495.5546443088043,TIME,drift,0.044838647473470224
2021-01-20 01:15:00,2021-01-20 09:10:00,1,1841.25,1853.55,0.27,330.2099999999988,486.6688910888973,TIME,drift,0.6785105973409774
2021-01-21 01:15:00,2021-01-21 09:10:00,1,1871.73,1873.53,0.21,36.329999999999046,496.5784092772796,TIME,drift,0.07316065161365702
2021-01-20 10:15:00,2021-01-21 11:17:00,1,1854.74,1870.82,0.16,218.00959999999884,492.6926753453348,TIME,lw,0.4424859773837576
2021-01-22 01:15:00,2021-01-22 09:10:00,1,1870.34,1862.07,0.25,-208.49999999999955,483.99772412506394,TIME,drift,-0.43078714962329784
2021-01-22 01:05:00,2021-01-22 16:35:00,1,1870.09,1839.96,0.11,-332.1999999999987,500.7693639032099,NEWS,friday,-0.6633792399173349
2021-01-22 23:05:00,2021-01-22 23:55:00,1,1853.55,1854.64,0.51,52.02000000000742,491.6167168944393,TIME,fri_close,0.10581413978072116
2021-01-26 01:15:00,2021-01-26 09:10:00,1,1854.71,1855.1,0.24,7.679999999996944,481.25284775965423,TIME,drift,0.015958347126150338
2021-01-27 01:15:00,2021-01-27 09:10:00,1,1851.06,1849.08,0.29,-59.45000000000053,490.5023347076997,TIME,drift,-0.12120227732540355
2021-01-27 11:15:00,2021-01-27 15:20:00,-1,1844.3,1840.46,0.17,64.08999999999862,488.48727366421497,NEWS,lw,0.13120096153017477
2021-01-28 01:15:00,2021-01-28 09:10:00,1,1843.06,1834.91,0.21,-172.61999999999713,479.40304380179117,TIME,drift,-0.3600728076965793
2021-01-28 16:00:00,2021-01-28 16:50:00,1,1857.18,1859.78,0.17,43.009999999998456,480.3217541167711,NEWS,lw,0.08954414334009592
2021-01-29 01:15:00,2021-01-29 09:10:00,1,1843.08,1848.63,0.19,104.12000000000346,498.4161180164096,TIME,drift,0.20890175144090237
2021-01-29 01:05:00,2021-01-29 16:35:00,1,1843.4399999999998,1862.97,0.11,214.0600000000022,467.99681200860255,NEWS,friday,0.4573962781525687
2021-01-29 12:45:00,2021-01-29 16:35:00,1,1855.96,1862.97,0.17,117.97999999999986,482.5752002512875,NEWS,lw,0.24448003117144246
2021-01-29 23:05:00,2021-01-29 23:55:00,1,1843.45,1847.38,0.31,119.66000000000197,487.11859059236883,TIME,fri_close,0.2456486003839176
2021-02-01 01:10:00,2021-02-01 16:35:00,1,1853.16,1864.88,0.08,93.20000000000022,462.4892506397805,NEWS,tom,0.2015181971712268
2021-02-02 01:15:00,2021-02-02 09:10:00,1,1859.55,1854.4,0.17,-88.73999999999768,481.2699846237535,TIME,drift,-0.18438714824356375
2021-02-02 18:15:00,2021-02-02 23:45:00,-1,1837.8,1837.3,0.17,7.31,485.17698389014066,TIME,tday,0.015066666892127788
2021-02-02 09:30:00,2021-02-03 10:32:00,-1,1847.39,1835.9,0.2,235.28200000000018,488.99999999999767,TIME,inside,0.4811492842535814
2021-02-02 10:15:00,2021-02-03 11:17:00,-1,1847.48,1836.39,0.17,193.18969999999862,485.17698389014066,TIME,lw,0.39818397495076324
2021-02-04 01:15:00,2021-02-04 07:54:00,1,1834.37,1816.879363581226,0.28,-491.6978197256685,490.29781972567,SL,drift,-1.0028554073538034
2021-02-04 10:15:00,2021-02-04 15:20:00,-1,1824.23,1819.23,0.17,83.81000000000002,475.94102182364134,NEWS,lw,0.1760932471819073
2021-02-04 18:15:00,2021-02-04 23:45:00,-1,1789.74,1793.32,0.17,-62.04999999999877,475.94102182364134,TIME,tday,-0.13037329659512145
2021-02-05 01:15:00,2021-02-05 09:10:00,1,1795.23,1798.95,0.2,73.00000000000055,493.82450914641015,TIME,drift,0.14782579367351198
2021-02-05 01:05:00,2021-02-05 15:20:00,1,1795.52,1795.44,0.11,-1.6499999999991997,487.2193452990382,NEWS,friday,-0.003386565036711519
2021-02-05 23:05:00,2021-02-05 23:55:00,1,1810.6899999999998,1813.34,0.51,131.58000000000465,496.7446255792371,TIME,fri_close,0.26488459708360945
2021-02-05 19:15:00,2021-02-08 20:18:00,1,1814.52,1831.48,0.16,257.5232000000006,472.8284560475522,TIME,lw,0.5446440388818341
2021-02-09 01:15:00,2021-02-09 09:10:00,1,1831.26,1840.72,0.25,234.7500000000009,503.1699533578384,TIME,drift,0.46654216618744365
2021-02-08 15:00:00,2021-02-09 16:02:00,1,1825.52,1846.4,0.17,340.2584000000019,494.71593208262976,TIME,lw,0.6877854096341703
2021-02-09 11:00:00,2021-02-09 16:50:00,1,1844.31,1839.95,0.17,-75.30999999999831,497.5319369338704,NEWS,lw,-0.15136716743071746
2021-02-10 01:15:00,2021-02-10 09:10:00,1,1838.9,1844.26,0.25,132.2499999999975,501.746410626503,TIME,drift,0.26357936439418517
2021-02-11 01:15:00,2021-02-11 09:10:00,1,1844.37,1843.16,0.24,-30.719999999995412,499.24187874966367,TIME,drift,-0.06153329940375341
2021-02-11 19:00:00,2021-02-11 19:50:00,-1,1829.93,1825.5600000000002,0.18,77.39999999999803,505.3823986052921,NEWS,lw,0.15315135670256708
2021-02-12 01:15:00,2021-02-12 09:10:00,1,1826.8799999999999,1819.19,0.27,-209.51999999999535,491.3814232930149,TIME,drift,-0.42638974545656927
2021-02-12 01:05:00,2021-02-12 23:00:00,1,1826.31,1821.35,0.12,-60.36000000000044,502.9093701334857,TIME,friday,-0.12002162533575238
2021-02-12 23:05:00,2021-02-12 23:56:00,1,1821.6499999999999,1824.16,0.51,124.44000000001114,496.72856894100136,TIME,fri_close,0.2505191120078125
2021-02-15 12:15:00,2021-02-16 17:15:00,-1,1816.6200000000001,1806.52,0.18,186.73380000000247,493.4129865525225,TIME,lw,0.3784533546729524
2021-02-16 15:00:00,2021-02-17 15:20:00,-1,1807.27,1784.15,0.25,584.8524999999972,492.50000000000273,NEWS,inside,1.1875177664974497
2021-02-17 18:15:00,2021-02-17 23:45:00,-1,1770.04,1776.45,0.18,-116.64000000000146,486.1827282008994,TIME,tday,-0.23990979776600316
2021-02-18 01:15:00,2021-02-18 09:10:00,1,1778.1000000000001,1783.2,0.2,100.59999999999818,499.7866289314318,TIME,drift,0.20128589717393178
2021-02-18 11:00:00,2021-02-18 15:20:00,1,1787.89,1785.29,0.18,-48.060000000002454,484.421104757978,NEWS,lw,-0.0992112018406253
2021-02-19 01:15:00,2021-02-19 09:10:00,1,1775.79,1771.39,0.24,-107.27999999999673,497.42433330043684,TIME,drift,-0.21567099319043812
2021-02-19 01:05:00,2021-02-19 16:35:00,1,1776.73,1781.17,0.12,52.440000000000644,476.8495972752655,NEWS,friday,0.10997178208735951
2021-02-19 23:05:00,2021-02-19 23:55:00,1,1781.6999999999998,1782.96,0.45,53.550000000009824,499.67021497695595,TIME,fri_close,0.10717068657470302
2021-02-23 01:15:00,2021-02-23 09:10:00,1,1810.1,1809.54,0.24,-15.119999999998688,495.9711835683763,TIME,drift,-0.030485642111734084
2021-02-22 10:15:00,2021-02-23 11:17:00,1,1795.03,1808.05,0.18,218.79359999999969,483.16462604131794,TIME,lw,0.4528344754719057
2021-02-24 01:15:00,2021-02-24 09:10:00,1,1806.01,1807.78,0.25,42.499999999999545,497.4027428628981,TIME,drift,0.08544383924258749
2021-02-24 16:00:00,2021-02-24 16:50:00,-1,1790.47,1786.5900000000001,0.19,72.38999999999776,507.94648362207283,NEWS,lw,0.14251501355772364
2021-02-25 01:15:00,2021-02-25 09:10:00,1,1803.9599999999998,1792.57,0.2,-229.1999999999975,488.4498256901001,TIME,drift,-0.4692395983071039
2021-02-25 10:15:00,2021-02-25 15:20:00,-1,1792.1200000000001,1785.44,0.18,118.98000000000114,485.79728258483095,NEWS,lw,0.2449169731187712
2021-02-25 18:15:00,2021-02-25 23:45:00,-1,1777.4,1771.5,0.18,104.94000000000162,485.79728258483095,TIME,tday,0.21601602924091443
2021-02-26 01:15:00,2021-02-26 09:10:00,1,1770.79,1761.63,0.16,-147.67999999999768,484.6264298761943,TIME,drift,-0.30472956259881434
2021-02-26 01:05:00,2021-02-26 16:35:00,1,1772.4199999999998,1758.67,0.12,-165.83999999999727,502.3760481144858,NEWS,friday,-0.33011127943385593
2021-02-26 18:15:00,2021-02-26 23:46:00,-1,1727.23,1735.3700000000001,0.18,-147.7800000000018,502.7960481144857,TIME,tday,-0.2939163912568234
2021-03-01 01:10:00,2021-03-01 16:35:00,1,1738.8600000000001,1742.49,0.08,28.479999999999055,481.50911907862337,NEWS,tom,0.05914737410268795
2021-03-02 01:15:00,2021-03-02 09:10:00,1,1724.54,1721.57,0.18,-54.72000000000048,505.6304063554874,TIME,drift,-0.10822133976161465
2021-03-03 01:15:00,2021-03-03 09:10:00,1,1739.06,1733.0,0.18,-110.33999999999902,506.3288865563203,TIME,drift,-0.21792159785796777
2021-03-03 12:45:00,2021-03-03 15:05:00,-1,1724.3,1719.4,0.16,77.27999999999781,494.9179649198334,NEWS,lw,0.15614708997786247
2021-03-04 01:15:00,2021-03-04 09:10:00,1,1710.8,1717.85,0.19,132.61999999999912,494.14231447367814,TIME,drift,0.26838422073053103
2021-03-05 01:15:00,2021-03-05 09:10:00,1,1698.8899999999999,1698.18,0.16,-12.479999999996945,492.9300396404113,TIME,drift,-0.025317994434060076
2021-03-05 01:05:00,2021-03-05 15:20:00,1,1697.98,1696.49,0.1,-15.60000000000009,473.2582401376844,NEWS,friday,-0.03296297597578354
2021-03-05 23:05:00,2021-03-05 23:55:00,1,1698.79,1700.72,0.44,81.8400000000028,503.1351047015553,TIME,fri_close,0.1626600871917849
2021-03-08 18:15:00,2021-03-08 23:45:00,-1,1681.63,1681.96,0.16,-6.399999999998836,492.526256898278,TIME,tday,-0.012994231089938897
2021-03-08 11:15:00,2021-03-09 12:17:00,-1,1692.57,1702.3100000000002,0.16,-151.4544000000038,492.526256898278,TIME,lw,-0.30750523018569514
2021-03-10 01:15:00,2021-03-10 09:10:00,1,1715.04,1715.9,0.23,18.17000000000293,492.8296991705931,TIME,drift,0.03686871962177219
2021-03-11 01:15:00,2021-03-11 09:10:00,1,1727.04,1733.53,0.27,173.3400000000003,505.49473224190257,TIME,drift,0.3429115853121276
2021-03-11 10:15:00,2021-03-11 15:20:00,1,1737.0800000000002,1734.68,0.16,-39.52000000000145,495.7892224509902,NEWS,lw,-0.07971129304632693
2021-03-12 01:15:00,2021-03-12 09:10:00,1,1721.99,1710.59,0.24,-275.28000000000213,489.2209264754919,TIME,drift,-0.5626905659641536
2021-03-12 01:05:00,2021-03-12 15:20:00,1,1721.8999999999999,1703.38,0.11,-204.48999999999728,498.7385188202562,NEWS,friday,-0.4100144510267811
2021-03-12 23:05:00,2021-03-12 23:55:00,1,1724.61,1726.87,0.48,105.11999999999955,496.71285663375807,TIME,fri_close,0.21163132501220483
2021-03-16 01:15:00,2021-03-16 09:10:00,1,1731.67,1736.08,0.27,117.17999999999608,501.6452609075047,TIME,drift,0.23359136252580326
2021-03-17 01:15:00,2021-03-17 09:10:00,1,1731.92,1736.2,0.3,126.29999999999919,500.6866318071699,TIME,drift,0.25225358932419284
2021-03-16 17:30:00,2021-03-17 17:20:00,1,1739.89,1730.13,0.17,-180.6215999999999,493.08368415912076,NEWS,lw,-0.3663102345558697
2021-03-18 01:15:00,2021-03-18 09:10:00,1,1749.06,1749.76,0.24,15.120000000001092,501.1545281546683,TIME,drift,0.030170334997621128
2021-03-18 14:30:00,2021-03-18 15:20:00,-1,1732.64,1729.66,0.18,52.38000000000032,503.8449721524746,NEWS,lw,0.10396054916699451
2021-03-18 18:15:00,2021-03-18 18:45:00,-1,1727.0,1730.8600000000001,0.18,-70.74000000000228,503.8449721524746,NEWS,tday,-0.14040032928738802
2021-03-19 01:15:00,2021-03-19 09:10:00,1,1737.41,1735.65,0.22,-40.2599999999998,492.8462232154801,TIME,drift,-0.0816887664012746
2021-03-19 01:05:00,2021-03-19 23:00:00,1,1735.93,1742.54,0.11,71.9399999999989,471.33589891549923,TIME,friday,0.15263000370972435
2021-03-19 23:05:00,2021-03-19 23:55:00,1,1742.88,1745.1,0.65,139.74999999998698,501.09653337868644,TIME,fri_close,0.2788883791666061
2021-03-22 10:15:00,2021-03-22 15:50:00,-1,1730.31,1733.17,0.18,-52.74000000000229,501.49143007024617,NEWS,lw,-0.10516630362479926
2021-03-23 01:15:00,2021-03-23 09:10:00,1,1739.22,1738.23,0.31,-32.860000000000284,505.11020820150094,TIME,drift,-0.06505510968982757
2021-03-23 18:15:00,2021-03-23 18:50:00,-1,1727.0,1728.63,0.18,-30.600000000001966,490.96061363665706,NEWS,tday,-0.06232679190564962
2021-03-24 01:15:00,2021-03-24 09:10:00,1,1727.6200000000001,1731.52,0.32,122.55999999999565,498.9593755170181,TIME,drift,0.24563121972204624
2021-03-24 13:00:00,2021-03-24 15:20:00,1,1734.8500000000001,1729.84,0.19,-96.52000000000415,505.5664744771998,NEWS,lw,-0.19091455797146026
2021-03-25 01:15:00,2021-03-25 09:10:00,1,1734.8700000000001,1734.31,0.36,-22.68000000000622,506.1842169704144,TIME,drift,-0.044805822148602924
2021-03-25 15:00:00,2021-03-25 15:20:00,-1,1728.3,1726.48,0.19,33.24999999999879,489.52672630025694,NEWS,lw,0.06792274704038226
2021-03-26 01:15:00,2021-03-26 09:10:00,1,1728.6499999999999,1727.7,0.27,-27.53999999999509,508.17623906569776,TIME,drift,-0.05419379711776465
2021-03-26 01:05:00,2021-03-26 23:00:00,1,1728.0,1731.69,0.13,47.06000000000071,499.2315793876509,TIME,friday,0.09426487013847104
2021-03-26 23:05:00,2021-03-26 23:55:00,1,1732.04,1732.66,0.75,41.25000000000887,506.6152584252464,TIME,fri_close,0.08142273513085574
2021-03-29 18:15:00,2021-03-29 23:45:00,-1,1710.89,1711.76,0.2,-18.799999999997816,497.70626608347715,TIME,tday,-0.03777328372402812
2021-03-29 11:15:00,2021-03-30 12:17:00,-1,1725.0900000000001,1699.66,0.2,514.0820000000012,497.70626608347715,TIME,lw,1.032902406564794
2021-03-30 10:30:00,2021-03-30 16:50:00,-1,1701.1200000000001,1685.71,0.2,306.8000000000017,501.41296136322853,NEWS,lw,0.6118709001177031
2021-03-30 18:15:00,2021-03-30 23:45:00,-1,1685.57,1684.43,0.2,21.39999999999746,501.41296136322853,TIME,tday,0.04267939133806133
2021-03-31 01:15:00,2021-03-31 09:10:00,1,1685.27,1683.14,0.28,-61.5999999999967,509.42653100838527,TIME,drift,-0.12092028241650954
2021-04-01 01:15:00,2021-04-01 09:10:00,1,1707.55,1713.58,0.25,148.99999999999932,501.63893983116725,TIME,drift,0.2970263832591367
2021-03-31 18:00:00,2021-04-01 15:20:00,1,1704.2,1716.09,0.19,179.27639999999758,490.8357194882765,NEWS,lw,0.36524725663181806
2021-04-01 01:10:00,2021-04-01 15:20:00,1,1707.76,1716.09,0.09,74.33999999999934,479.20495624156644,NEWS,tom,0.15513195143692265
2021-04-01 16:15:00,2021-04-01 16:35:00,1,1723.46,1723.23,0.19,-5.700000000000346,506.4924538105424,NEWS,lw,-0.01125386954359734
2021-04-06 01:15:00,2021-04-06 09:10:00,1,1728.24,1736.84,0.35000000000000003,298.5499999999968,511.60681383163296,TIME,drift,0.583553603917105
2021-04-06 11:00:00,2021-04-06 16:50:00,1,1733.63,1738.36,0.2,93.19999999999581,510.3262335874418,NEWS,lw,0.18262827553431363
2021-04-07 01:15:00,2021-04-07 09:10:00,1,1743.12,1736.58,0.34,-224.7399999999988,509.2815585331157,TIME,drift,-0.4412883133787873
2021-04-07 14:30:00,2021-04-07 17:20:00,-1,1733.82,1738.8600000000001,0.2,-102.20000000000383,500.1315026169101,NEWS,lw,-0.20434625586520355
2021-04-08 01:15:00,2021-04-08 09:10:00,1,1737.09,1742.81,0.35000000000000003,197.75000000000097,513.0057203750707,TIME,drift,0.38547328449948126
2021-04-08 10:15:00,2021-04-08 15:20:00,1,1744.32,1747.12,0.21,57.329999999999046,508.3732150514873,NEWS,lw,0.1127714802877503
2021-04-09 01:15:00,2021-04-09 09:10:00,1,1755.61,1750.44,0.37,-193.87999999999428,514.4013805248295,TIME,drift,-0.37690412067359513
2021-04-09 01:05:00,2021-04-09 15:20:00,1,1755.96,1744.2,0.14,-165.6199999999999,509.97084254780975,NEWS,friday,-0.32476366525694655
2021-04-09 23:05:00,2021-04-09 23:55:00,1,1742.86,1743.43,0.73,36.50000000001195,510.81593001911665,TIME,fri_close,0.07145431035920509
2021-04-12 17:45:00,2021-04-12 19:50:00,-1,1731.46,1733.0700000000002,0.21,-35.28000000000267,513.3593537943948,NEWS,lw,-0.06872378917270619
2021-04-13 01:15:00,2021-04-13 09:10:00,1,1733.23,1727.23,0.34,-206.38,504.6417610235799,TIME,drift,-0.40896337945039135
2021-04-13 10:15:00,2021-04-13 15:20:00,-1,1724.93,1733.77,0.21,-187.10999999999828,503.3458285233666,NEWS,lw,-0.3717324936394345
2021-04-14 01:15:00,2021-04-14 09:10:00,1,1745.67,1745.02,0.28,-20.160000000002547,498.77696484044077,TIME,drift,-0.04041886739186472
2021-04-14 18:15:00,2021-04-14 18:50:00,-1,1734.93,1735.45,0.21,-12.389999999999619,505.2975550574116,NEWS,tday,-0.024520205720353967
2021-04-15 01:15:00,2021-04-15 09:10:00,1,1736.24,1742.36,0.34,205.69999999999632,505.05011934006,TIME,drift,0.40728631104726964
2021-04-15 10:15:00,2021-04-15 15:20:00,1,1747.14,1750.44,0.21,67.82999999999905,494.5248725533107,NEWS,lw,0.13716195840622122
2021-04-16 01:15:00,2021-04-16 09:10:00,1,1764.5,1764.37,0.31,-6.200000000003383,505.98440321954877,TIME,drift,-0.01225334211994115
2021-04-16 01:05:00,2021-04-16 23:00:00,1,1764.13,1775.94,0.14,164.35999999999925,511.7966673709313,TIME,friday,0.32114316188166425
2021-04-16 23:05:00,2021-04-16 23:55:00,1,1775.75,1776.66,0.6900000000000001,57.96000000000566,508.5244638472525,TIME,fri_close,0.11397681747994592
2021-04-16 14:00:00,2021-04-19 15:21:00,1,1778.38,1777.33,0.21,-40.210800000003815,512.2866673709312,TIME,lw,-0.07849277086668428
2021-04-19 12:00:00,2021-04-19 16:18:00,1,1787.16,1769.9836751129255,0.29,-500.14342172516166,498.69342172516525,SL,trendH4,-1.0029075980087732
2021-04-20 01:17:00,2021-04-20 10:02:00,1,1770.75,1769.56,0.29,-36.54000000000158,504.69652338827217,TIME,drift,-0.07239994393995595
2021-04-16 16:00:00,2021-04-20 12:35:00,1,1780.89,1764.4327312524101,0.31,-561.6229311752893,510.7953311752916,SL,trendH4,-1.0995067826541174
2021-04-19 11:00:00,2021-04-20 13:32:00,1,1787.17,1768.7,0.21,-406.0308000000006,511.8897625587218,TIME,lw,-0.7931996880938257
2021-04-21 01:15:00,2021-04-21 09:10:00,1,1777.96,1785.64,0.29,220.69000000000185,503.4566406518847,TIME,drift,0.43834956613989334
2021-04-15 20:00:00,2021-04-21 17:20:00,1,1767.6200000000001,1793.45,0.3,677.4239999999977,499.1109908241327,NEWS,trendH4,1.3572612353846072
2021-04-20 19:30:00,2021-04-21 17:20:00,1,1780.24,1793.45,0.2,246.90400000000074,486.13448389546824,NEWS,lw,0.507892379947051
2021-04-21 10:15:00,2021-04-21 17:20:00,1,1788.14,1793.45,0.21,110.03999999999884,499.28612179808147,NEWS,lw,0.22039466990132084
2021-04-22 01:15:00,2021-04-22 09:10:00,1,1794.12,1789.19,0.28,-139.99999999999545,501.09405278147585,TIME,drift,-0.27938866810109325
2021-04-21 20:00:00,2021-04-22 15:20:00,1,1790.95,1785.15,0.28,-231.12319999999877,498.3026234375901,NEWS,trendH4,-0.4638209576453209
2021-04-23 01:15:00,2021-04-23 09:10:00,1,1784.32,1786.21,0.3,54.600000000003,499.43611673971947,TIME,drift,0.1093232911476799
2021-04-23 01:05:00,2021-04-23 16:35:00,1,1784.4399999999998,1787.09,0.14,36.120000000001276,490.7733397136517,NEWS,friday,0.07359812988430867
2021-04-23 15:15:00,2021-04-23 16:35:00,1,1792.48,1787.09,0.21,-114.6600000000021,491.2633397136516,NEWS,lw,-0.23339824230897285
2021-04-23 23:05:00,2021-04-23 23:55:00,1,1776.49,1776.38,0.71,-12.779999999992896,509.199177676751,TIME,fri_close,-0.02509823377622553
2021-04-27 01:15:00,2021-04-27 09:10:00,1,1781.93,1781.77,0.36,-8.280000000002946,510.42421376129664,TIME,drift,-0.016221800958437966
2021-04-28 01:15:00,2021-04-28 09:10:00,1,1776.48,1768.79,0.36,-279.36000000000195,498.1522045530005,TIME,drift,-0.5607924595067805
2021-04-28 10:15:00,2021-04-28 17:20:00,-1,1767.01,1773.3300000000002,0.22,-140.5800000000036,488.1153207295507,NEWS,lw,-0.2880057110067531
2021-04-29 01:15:00,2021-04-29 09:10:00,1,1781.6299999999999,1782.82,0.31,34.72000000000169,498.26863452007694,TIME,drift,0.0696812875517307
2021-04-29 13:30:00,2021-04-29 15:20:00,-1,1773.22,1778.16,0.23,-115.23000000000125,506.8079249939469,NEWS,lw,-0.22736424258041646
2021-04-30 01:15:00,2021-04-30 09:10:00,1,1771.8,1769.53,0.25,-58.499999999999545,504.55234471400814,TIME,drift,-0.1159443625877087
2021-04-30 01:05:00,2021-04-30 16:35:00,1,1772.83,1768.79,0.14,-57.539999999999495,480.13497988617263,NEWS,friday,-0.11984129965627731
2021-04-30 23:05:00,2021-04-30 23:55:00,1,1768.1599999999999,1768.91,0.66,44.88000000001501,507.6533299592436,TIME,fri_close,0.08840678737125225
2021-05-03 01:10:00,2021-05-03 16:35:00,1,1766.79,1787.88,0.11,231.2200000000016,481.62674914097056,NEWS,tom,0.48008130863247434
2021-05-03 10:15:00,2021-05-03 16:35:00,1,1780.32,1787.88,0.23,172.27000000000396,504.32387410192376,NEWS,lw,0.34158604985095
2021-05-04 01:30:00,2021-05-04 09:25:00,1,1792.83,1785.09,0.32,-249.9200000000003,505.72583714479686,TIME,drift,-0.49418080241062406
2021-05-04 18:15:00,2021-05-05 15:05:00,-1,1777.3,1776.5400000000002,0.22,22.7501999999948,498.13126705947246,NEWS,lw,0.04567109415614866
2021-05-06 01:15:00,2021-05-06 09:10:00,1,1787.24,1792.34,0.33,165.989999999997,499.9317273449572,TIME,drift,0.33202533650252297
2021-05-06 10:15:00,2021-05-06 15:20:00,1,1795.22,1794.49,0.22,-17.6000000000004,498.8246129237288,NEWS,lw,-0.03528294222861748
2021-05-06 18:15:00,2021-05-06 23:45:00,1,1814.89,1815.32,0.22,7.919999999996398,498.8246129237288,TIME,tday,0.015877324002870286
2021-05-07 01:15:00,2021-05-07 09:10:00,1,1814.54,1819.44,0.29,140.07000000000264,501.6130033034105,TIME,drift,0.27923917258436487
2021-05-06 20:00:00,2021-05-07 15:20:00,1,1815.97,1817.55,0.29,20.740799999997883,505.3987202773263,NEWS,trendH4,0.041038489350778
2021-05-07 01:05:00,2021-05-07 15:20:00,1,1814.82,1817.55,0.14,37.240000000000265,495.9349978187595,NEWS,friday,0.07509048597858727
2021-05-07 08:00:00,2021-05-07 15:20:00,1,1819.3799999999999,1817.55,0.31,-58.89999999999775,509.2067018269295,NEWS,trendH4,-0.1156701194007789
2021-05-07 23:05:00,2021-05-07 23:55:00,1,1831.9099999999999,1830.81,0.5,-58.49999999999545,503.84289076177083,TIME,fri_close,-0.11610762218267694
2021-05-11 01:15:00,2021-05-11 09:10:00,1,1835.1599999999999,1835.44,0.27,5.670000000005402,491.8321125085254,TIME,drift,0.011528324108579058
2021-05-07 16:00:00,2021-05-11 16:22:00,1,1839.05,1821.0854395677804,0.28,-549.4764921021465,503.5676921021453,SL,trendH4,-1.0911670878017505
2021-05-10 16:30:00,2021-05-11 16:23:00,1,1844.71,1820.5956633617557,0.21,-524.5618694031317,506.8210694031337,SL,lw,-1.035004069623409
2021-05-12 01:15:00,2021-05-12 09:10:00,1,1837.15,1830.49,0.28,-188.44000000000233,496.5673487404755,TIME,drift,-0.37948528125736286
2021-05-13 01:15:00,2021-05-13 09:10:00,1,1815.39,1818.74,0.22,72.15999999999799,489.94737359131113,TIME,drift,0.1472811242380292
2021-05-14 01:15:00,2021-05-14 09:10:00,1,1826.5,1826.22,0.25,-8.749999999999318,490.82440028617464,TIME,drift,-0.01782714957711483
2021-05-14 01:05:00,2021-05-14 15:20:00,1,1827.28,1837.03,0.14,135.52000000000004,498.5305131513668,NEWS,friday,0.27183892745769134
2021-05-14 11:30:00,2021-05-14 15:20:00,1,1834.67,1837.03,0.21,48.08999999999789,499.02051315136674,NEWS,lw,0.09636878391291875
2021-05-14 18:15:00,2021-05-14 23:46:00,1,1837.28,1843.71,0.21,133.56000000000134,499.02051315136674,TIME,tday,0.267644308159911
2021-05-14 23:05:00,2021-05-14 23:56:00,1,1842.72,1843.21,0.72,30.240000000000656,499.0197246190692,TIME,fri_close,0.060598807037306204
2021-05-17 18:15:00,2021-05-17 23:46:00,1,1863.3600000000001,1866.4,0.21,62.36999999999923,503.05119078341176,TIME,tday,0.12398340594894364
2021-05-18 01:15:00,2021-05-18 09:11:00,1,1866.6,1870.17,0.31,108.50000000000506,504.97798998101973,TIME,drift,0.21486084968591043
2021-05-17 10:15:00,2021-05-18 11:19:00,1,1854.3300000000002,1869.27,0.21,295.5791999999963,503.05119078341176,TIME,lw,0.5875728065362192
2021-05-19 01:15:00,2021-05-19 09:11:00,1,1869.03,1873.33,0.35000000000000003,148.04999999999842,505.75376253737767,TIME,drift,0.2927313862327555
2021-05-17 08:00:00,2021-05-19 17:20:00,1,1852.93,1884.27,0.27,801.3707999999979,488.76226992878446,NEWS,trendH4,1.6395921888912626
2021-05-17 20:00:00,2021-05-19 17:20:00,1,1868.16,1884.27,0.26,375.71039999999743,494.5839238216655,NEWS,trendH4,0.7596494384549974
2021-05-18 04:00:00,2021-05-19 17:20:00,1,1869.3300000000002,1884.27,0.22,309.6543999999962,394.9042656722758,NEWS,trendH4,0.7841252346890905
2021-05-19 20:00:00,2021-05-19 22:00:00,1,1882.19,1862.4424107203722,0.26,-515.257321270324,513.9573212703278,SL,trendH4,-1.0025293929013075
2021-05-19 18:15:00,2021-05-19 23:45:00,1,1883.45,1869.86,0.22,-300.5200000000032,511.20303871057484,TIME,tday,-0.587868180044499
2021-05-20 01:15:00,2021-05-20 09:10:00,1,1869.36,1873.09,0.17,62.22000000000031,504.5754524205607,TIME,drift,0.12331158739791469
2021-05-20 18:15:00,2021-05-20 23:45:00,1,1879.31,1877.34,0.21,-42.84000000000057,510.0367843116461,TIME,tday,-0.08399394184444585
2021-05-21 01:15:00,2021-05-21 09:10:00,1,1878.29,1875.5,0.23,-65.77999999999916,493.2640302912549,TIME,drift,-0.13335657165424855
2021-05-21 01:05:00,2021-05-21 16:35:00,1,1878.1399999999999,1884.59,0.14,89.32000000000065,503.2655854322428,NEWS,friday,0.17748084229380762
2021-05-21 15:30:00,2021-05-21 16:35:00,1,1885.49,1884.59,0.23,-22.31000000000209,496.5699999999996,NEWS,inside,-0.044928207503478076
2021-05-21 15:45:00,2021-05-21 16:35:00,1,1887.14,1884.59,0.21,-55.02000000000382,503.7555854322427,NEWS,lw,-0.10921963267721276
2021-05-21 23:05:00,2021-05-21 23:55:00,1,1880.1,1881.67,0.5700000000000001,85.50000000000935,504.4749111942565,TIME,fri_close,0.16948315585725163
2021-05-25 01:15:00,2021-05-25 09:10:00,1,1881.37,1875.91,0.34,-188.01999999999353,506.7129654868132,TIME,drift,-0.37105819824317604
2021-05-25 10:15:00,2021-05-25 16:50:00,1,1885.74,1885.58,0.22,-5.060000000001801,502.12789276896996,NEWS,lw,-0.010077113964130881
2021-05-25 18:15:00,2021-05-25 23:45:00,1,1892.08,1899.72,0.22,166.5400000000022,502.12789276896996,TIME,tday,0.3316684900367158
2021-05-26 01:15:00,2021-05-26 09:10:00,1,1898.89,1901.76,0.31,86.79999999999661,506.1912211163266,TIME,drift,0.17147669967205795
2021-05-25 20:00:00,2021-05-26 17:20:00,1,1895.48,1904.84,0.26,220.8751999999974,495.4014441455006,NEWS,trendH4,0.445850940909098
2021-05-26 08:00:00,2021-05-26 17:20:00,1,1906.67,1904.84,0.28,-53.20000000000434,506.85362611072924,NEWS,trendH4,-0.10496126940676569
2021-05-26 15:30:00,2021-05-26 17:20:00,1,1910.44,1904.84,0.22,-124.74000000000301,509.64875757118637,NEWS,lw,-0.24475680190896895
2021-05-27 01:15:00,2021-05-27 09:12:00,1,1896.29,1901.51,0.27,139.05000000000078,502.5111417746486,TIME,drift,0.276710282500279
2021-05-28 01:15:00,2021-05-28 09:10:00,1,1897.1499999999999,1891.08,0.29,-178.05999999999813,508.8346097334534,TIME,drift,-0.3499368883206915
2021-05-28 01:05:00,2021-05-28 16:35:00,1,1897.7699999999998,1898.72,0.15,13.200000000004092,506.808569263552,NEWS,friday,0.026045337037582314
2021-05-28 23:05:00,2021-05-28 23:55:00,1,1904.04,1903.15,0.64,-61.439999999991855,506.70096881091536,TIME,fri_close,-0.12125494874062359
2021-06-01 01:15:00,2021-06-01 09:10:00,1,1907.4699999999998,1913.65,0.42,256.6200000000122,502.60403264626075,TIME,drift,0.5105808615360329
2021-06-01 01:10:00,2021-06-01 16:35:00,1,1907.7199999999998,1907.69,0.11,-1.0999999999971988,475.1325193927177,NEWS,tom,-0.002315143575950441
2021-06-01 04:45:00,2021-06-01 16:35:00,1,1912.55,1907.69,0.49,-241.5699999999951,511.0699999999951,NEWS,nr7,-0.47267497603067565
2021-06-01 10:15:00,2021-06-01 16:35:00,1,1913.07,1907.69,0.23,-125.3499999999973,497.53445209238674,NEWS,lw,-0.25194235187701364
2021-06-02 01:15:00,2021-06-02 09:10:00,1,1898.97,1897.19,0.29,-53.6499999999992,501.70816851965253,TIME,drift,-0.10693467510863872
2021-06-03 01:15:00,2021-06-03 09:12:00,1,1908.75,1898.33,0.36,-377.6400000000026,502.37385409887423,TIME,drift,-0.7517110950715953
2021-06-03 10:15:00,2021-06-03 15:05:00,-1,1897.5800000000002,1891.5600000000002,0.23,136.84999999999957,490.34786940619074,NEWS,lw,0.279087579529456
2021-06-04 01:15:00,2021-06-04 09:10:00,1,1871.49,1868.98,0.28,-72.23999999999975,499.0493969287656,TIME,drift,-0.1447552094934428
2021-06-04 01:05:00,2021-06-04 13:50:00,1,1871.54,1870.35,0.14,-17.640000000000768,481.8247153661182,NEWS,friday,-0.03661082430484472
2021-06-04 18:15:00,2021-06-04 23:45:00,1,1894.3400000000001,1891.61,0.22,-61.600000000005394,505.2820827645047,TIME,tday,-0.12191210039148592
2021-06-04 23:05:00,2021-06-04 23:55:00,1,1892.18,1891.47,0.81,-63.18000000000295,505.5560721071128,TIME,fri_close,-0.1249713008819661
2021-06-04 16:45:00,2021-06-07 17:48:00,1,1888.99,1892.47,0.22,57.53440000000039,505.2820827645047,TIME,lw,0.11386590176563864
2021-06-08 01:15:00,2021-06-08 09:10:00,1,1899.32,1896.85,0.39,-99.06000000000107,507.22845147194414,TIME,drift,-0.19529661578039512
2021-06-08 11:15:00,2021-06-08 16:50:00,-1,1890.6000000000001,1892.7,0.21,-45.56999999999809,500.81625967792854,NEWS,lw,-0.09099145468899879
2021-06-09 01:15:00,2021-06-09 09:10:00,1,1892.31,1892.27,0.31,-3.409999999998872,502.6874092531754,TIME,drift,-0.006783539705251394
2021-06-10 01:15:00,2021-06-10 09:10:00,1,1888.78,1884.35,0.37,-166.50000000000236,499.0736106368498,TIME,drift,-0.33361812055648005
2021-06-10 10:15:00,2021-06-10 15:20:00,-1,1883.06,1875.8200000000002,0.22,157.7399999999952,500.0609507975071,NEWS,lw,0.31544154717225636
2021-06-11 01:15:00,2021-06-11 09:10:00,1,1897.97,1901.27,0.28,90.43999999999875,497.76487187675264,TIME,drift,0.18169221073999742
2021-06-11 01:05:00,2021-06-11 23:00:00,1,1898.31,1876.52,0.14,-306.03999999999957,487.7608427523356,TIME,friday,-0.6274386403653845
2021-06-11 23:05:00,2021-06-11 23:55:00,1,1876.96,1876.13,0.62,-55.79999999999549,500.69502280547886,TIME,fri_close,-0.11144508624699055
2021-06-14 10:15:00,2021-06-15 11:17:00,-1,1859.5900000000001,1863.75,0.21,-81.60389999999694,496.3207825557401,TIME,lw,-0.16441765662076074
2021-06-15 20:00:00,2021-06-16 17:20:00,-1,1852.26,1856.8600000000001,0.2,-86.51800000000273,486.2231410356888,NEWS,lw,-0.17793887764311964
2021-06-17 01:15:00,2021-06-17 09:10:00,1,1811.57,1813.12,0.16,23.67999999999927,506.33873170396186,TIME,drift,0.0467671116533193
2021-06-18 01:15:00,2021-06-18 09:10:00,1,1775.67,1783.04,0.15,109.49999999999835,475.5341005129045,TIME,drift,0.23026739803074725
2021-06-18 01:05:00,2021-06-18 23:00:00,1,1775.5800000000002,1761.86,0.11,-151.6900000000028,473.0160673125771,TIME,friday,-0.3206867810259043
2021-06-18 23:05:00,2021-06-18 23:55:00,1,1764.3700000000001,1764.5,0.35000000000000003,2.0999999999958616,498.41312005438306,TIME,fri_close,0.00421337223178781
2021-06-22 01:15:00,2021-06-22 09:10:00,1,1785.6200000000001,1780.56,0.27,-138.51000000000465,504.93080574785324,TIME,drift,-0.27431481387802714
2021-06-21 11:15:00,2021-06-22 12:17:00,1,1784.46,1779.44,0.17,-100.04159999999969,497.09537175792013,TIME,lw,-0.20125232638198617
2021-06-22 15:45:00,2021-06-22 16:50:00,-1,1774.3700000000001,1776.3100000000002,0.17,-34.170000000000925,488.80070234664004,NEWS,lw,-0.06990579153417169
2021-06-23 01:15:00,2021-06-23 09:10:00,1,1779.3999999999999,1780.52,0.24,25.200000000002834,485.5646545349191,TIME,drift,0.05189834096169904
2021-06-24 01:15:00,2021-06-24 09:10:00,1,1778.75,1777.38,0.26,-37.43999999999716,496.83198049172495,TIME,drift,-0.07535746785652167
2021-06-24 15:00:00,2021-06-24 15:20:00,1,1787.7,1786.53,0.18,-22.32000000000131,495.4117996814164,NEWS,lw,-0.045053428308236894
2021-06-25 01:15:00,2021-06-25 09:10:00,1,1777.03,1778.98,0.31,58.280000000001415,499.9085529708565,TIME,drift,0.11658132203110957
2021-06-25 01:05:00,2021-06-25 23:00:00,1,1776.6399999999999,1779.37,0.12,31.92000000000022,479.28952827560096,TIME,friday,0.06659857584379683
2021-06-25 23:05:00,2021-06-25 23:55:00,1,1779.59,1781.07,0.8,112.80000000000146,501.54449968830187,TIME,fri_close,0.22490526776807246
2021-06-25 10:30:00,2021-06-28 11:33:00,1,1783.49,1777.83,0.18,-117.44640000000147,479.709528275601,TIME,lw,-0.24482815761901355
2021-06-28 15:00:00,2021-06-29 16:02:00,-1,1774.53,1754.48,0.19,386.15789999999913,493.005053508228,TIME,lw,0.7832737154560513
2021-06-29 11:15:00,2021-06-29 16:50:00,-1,1769.73,1756.51,0.2,263.00000000000057,503.6703530531552,NEWS,lw,0.5221669260573784
2021-06-30 01:15:00,2021-06-30 09:10:00,1,1762.48,1758.11,0.25,-111.00000000000296,504.16731216914377,TIME,drift,-0.22016500737113123
2021-07-01 01:15:00,2021-07-01 09:10:00,1,1769.8,1776.72,0.28,191.80000000000206,496.1083275629273,TIME,drift,0.3866091120505809
2021-07-01 01:10:00,2021-07-01 15:20:00,1,1769.78,1777.79,0.1,79.3999999999999,501.28106972440423,NEWS,tom,0.1583941720433462
2021-07-01 16:15:00,2021-07-01 16:35:00,1,1779.3300000000002,1779.74,0.2,6.799999999997089,501.9810697244042,NEWS,lw,0.013546327561177556
2021-07-02 01:15:00,2021-07-02 09:10:00,1,1776.26,1778.03,0.3,50.999999999999446,505.92384264915205,TIME,drift,0.10080568595650653
2021-07-02 01:05:00,2021-07-02 15:20:00,1,1776.6299999999999,1784.75,0.13,104.65000000000154,477.96036133977293,NEWS,friday,0.21895121115620683
2021-07-02 13:45:00,2021-07-02 15:20:00,1,1787.04,1784.75,0.2,-47.19999999999927,490.6824218869466,NEWS,lw,-0.09619256344763491
2021-07-02 23:05:00,2021-07-02 23:55:00,1,1787.94,1787.46,0.52,-28.60000000000095,510.02824060755063,TIME,fri_close,-0.05607532627199692
2021-07-06 01:15:00,2021-07-06 09:10:00,1,1792.3700000000001,1806.12,0.37,506.1599999999916,503.27542810118206,TIME,drift,1.0057315969303187
2021-07-06 10:15:00,2021-07-06 16:35:00,1,1805.3400000000001,1809.94,0.22,99.65999999999799,511.7712358611396,NEWS,lw,0.19473544626302333
2021-07-07 01:15:00,2021-07-07 09:10:00,1,1796.98,1801.41,0.3,130.80000000000192,504.0773059004632,TIME,drift,0.2594840086409883
2021-07-07 11:15:00,2021-07-07 16:50:00,1,1807.5,1806.15,0.21,-29.819999999998085,491.10041360419206,NEWS,lw,-0.06072077964901054
2021-07-08 01:15:00,2021-07-08 09:10:00,1,1804.26,1797.93,0.28,-179.19999999999797,508.61974010520487,TIME,drift,-0.35232608149052874
2021-07-08 11:30:00,2021-07-08 15:20:00,1,1811.1000000000001,1814.7,0.22,77.65999999999799,503.28856561496235,NEWS,lw,0.1543051150091323
2021-07-09 01:15:00,2021-07-09 09:10:00,1,1803.18,1801.01,0.24,-53.760000000001746,510.732294980647,TIME,drift,-0.1052606238695731
2021-07-09 01:05:00,2021-07-09 23:00:00,1,1803.19,1808.07,0.14,67.33999999999834,483.30168315871697,TIME,friday,0.13933326190772605
2021-07-09 23:05:00,2021-07-09 23:55:00,1,1808.69,1807.88,0.7000000000000001,-61.599999999996186,507.6452308675717,TIME,fri_close,-0.12134458526227275
2021-07-12 10:15:00,2021-07-12 19:50:00,-1,1801.0,1805.2,0.22,-93.940000000001,495.42442647412605,NEWS,lw,-0.1896151965468483
2021-07-12 17:00:00,2021-07-12 19:50:00,-1,1792.32,1805.2,0.25,-323.75000000000273,500.50000000000114,NEWS,inside,-0.6468531468531509
2021-07-13 01:15:00,2021-07-13 09:10:00,1,1806.54,1808.77,0.29,62.640000000000526,495.6737048208817,TIME,drift,0.12637345776217104
2021-07-13 17:30:00,2021-07-13 19:50:00,1,1814.22,1811.55,0.22,-60.2800000000016,491.08839601168853,NEWS,lw,-0.12274775883437258
2021-07-14 01:15:00,2021-07-14 09:10:00,1,1808.1,1813.79,0.26,146.12000000000143,493.61317469146815,TIME,drift,0.29602127230767983
2021-07-14 13:45:00,2021-07-14 15:20:00,1,1816.16,1825.04,0.23,202.62999999999727,507.081981842516,NEWS,lw,0.39960007899260735
2021-07-15 01:15:00,2021-07-15 09:10:00,1,1827.9099999999999,1831.86,0.31,120.28000000000141,502.956688943166,TIME,drift,0.23914584027650346
2021-07-16 01:15:00,2021-07-16 09:10:00,1,1829.52,1825.15,0.34,-150.95999999999628,501.2371209221201,TIME,drift,-0.30117482065629325
2021-07-16 01:05:00,2021-07-16 15:20:00,1,1829.92,1818.47,0.15,-172.8000000000007,487.2187746131692,NEWS,friday,-0.3546661356332101
2021-07-16 23:05:00,2021-07-16 23:55:00,1,1811.57,1811.46,0.55,-9.899999999994499,509.78809765621435,TIME,fri_close,-0.019419833545566142
2021-07-19 14:45:00,2021-07-20 15:47:00,-1,1802.06,1823.1200000000001,0.23,-478.07570000000396,501.97091622011965,TIME,lw,-0.9523972097824939
2021-07-21 01:15:00,2021-07-21 09:10:00,1,1810.78,1811.03,0.29,5.219999999999999,503.901847950581,TIME,drift,0.010359160263512149
2021-07-21 13:45:00,2021-07-21 17:20:00,-1,1802.21,1804.63,0.23,-57.27000000000167,499.78471857755176,NEWS,lw,-0.11458933791132925
2021-07-22 01:15:00,2021-07-22 09:10:00,1,1803.9799999999998,1798.17,0.32,-188.159999999991,507.8879995513486,TIME,drift,-0.370475380726076
2021-07-22 11:15:00,2021-07-22 15:20:00,-1,1795.54,1796.4,0.23,-21.390000000002928,495.51366725058364,NEWS,lw,-0.04316732597647181
2021-07-23 01:15:00,2021-07-23 09:10:00,1,1807.33,1803.47,0.34,-133.6199999999966,502.3409688378911,TIME,drift,-0.26599462972154414
2021-07-23 01:05:00,2021-07-23 16:35:00,1,1807.32,1799.89,0.16,-119.99999999999739,505.96504404404374,NEWS,friday,-0.23717053462996054
2021-07-23 23:05:00,2021-07-23 23:55:00,1,1802.02,1801.89,0.72,-14.399999999991486,500.8451935338664,TIME,fri_close,-0.028751399006922446
2021-07-26 10:45:00,2021-07-26 16:50:00,1,1811.21,1803.1,0.24,-196.32000000000306,505.40182661232654,NEWS,lw,-0.38844339229227254
2021-07-27 01:15:00,2021-07-27 09:10:00,1,1798.14,1797.01,0.37,-44.40000000000404,499.9403455101687,TIME,drift,-0.08881059590158832
2021-07-28 01:15:00,2021-07-28 09:10:00,1,1800.33,1806.11,0.33,188.4299999999991,495.05178541134416,TIME,drift,0.38062684663066204
2021-07-28 10:15:00,2021-07-28 17:20:00,1,1804.89,1797.23,0.25,-193.25000000000205,499.95168312863143,NEWS,lw,-0.3865373525510888
2021-07-29 01:15:00,2021-07-29 09:10:00,1,1807.8,1816.95,0.28,254.24000000000254,500.13567152299066,TIME,drift,0.5083420649157104
2021-07-29 10:15:00,2021-07-29 15:20:00,1,1819.19,1826.62,0.25,183.9999999999959,495.0622771908722,NEWS,lw,0.3716704109310562
2021-07-30 01:15:00,2021-07-30 09:10:00,1,1829.43,1827.64,0.37,-68.81999999999866,501.20617314454176,TIME,drift,-0.13730876371339465
2021-07-30 01:05:00,2021-07-30 16:35:00,1,1829.1399999999999,1825.04,0.16,-66.71999999999855,485.5640870958631,NEWS,friday,-0.13740719664637444
2021-07-30 20:00:00,2021-08-02 16:35:00,-1,1814.29,1812.5600000000002,0.25,50.10249999999477,506.3792573915241,NEWS,lw,0.09894263887917577
2021-08-03 01:15:00,2021-08-03 09:10:00,1,1813.5,1810.73,0.33,-93.7199999999994,505.3016901220213,TIME,drift,-0.18547335548663552
2021-08-03 15:30:00,2021-08-04 15:05:00,-1,1807.19,1819.74,0.25,-306.89749999999884,496.38951275085486,NEWS,lw,-0.6182594356179221
2021-08-05 01:15:00,2021-08-05 09:10:00,1,1812.07,1809.68,0.32,-78.71999999999592,498.23617333807596,TIME,drift,-0.15799735991184408
2021-08-05 16:45:00,2021-08-06 15:20:00,-1,1800.72,1800.5900000000001,0.25,10.102499999997043,486.38687579027805,NEWS,lw,0.020770502870955495
2021-08-06 13:45:00,2021-08-06 15:20:00,-1,1797.42,1800.5900000000001,0.26,-84.24000000000188,501.505040048897,NEWS,lw,-0.16797438365083717
2021-08-06 18:15:00,2021-08-06 23:45:00,-1,1764.16,1762.1000000000001,0.26,51.73999999999859,501.505040048897,TIME,tday,0.1031694516867745
2021-08-09 12:30:00,2021-08-09 16:50:00,-1,1740.98,1740.3400000000001,0.23,13.109999999997072,487.89985432587986,NEWS,lw,0.026870268321991735
2021-08-10 01:15:00,2021-08-10 09:10:00,1,1730.04,1734.1,0.15,59.84999999999918,479.66838298052545,TIME,drift,0.1247737022567716
2021-08-11 01:15:00,2021-08-11 09:10:00,1,1729.82,1731.89,0.25,50.00000000000409,485.7795189302365,TIME,drift,0.10292735294833347
2021-08-11 14:00:00,2021-08-11 15:20:00,1,1737.53,1738.37,0.19,14.629999999998445,485.8933279149068,NEWS,lw,0.030109489386856855
2021-08-12 01:15:00,2021-08-12 09:10:00,1,1751.3799999999999,1751.28,0.28,-4.759999999997454,491.01874249399975,TIME,drift,-0.00969413097312802
2021-08-13 01:15:00,2021-08-13 09:10:00,1,1753.1100000000001,1757.0,0.34,129.87999999999568,501.09571941635545,TIME,drift,0.25919199659352843
2021-08-13 01:05:00,2021-08-13 23:00:00,1,1753.3600000000001,1778.72,0.13,328.76999999999873,492.14318398055167,TIME,friday,0.6680372921978555
2021-08-13 23:05:00,2021-08-13 23:55:00,1,1778.71,1779.73,0.76,72.19999999999862,502.23154060398207,TIME,fri_close,0.14375839461052392
2021-08-13 10:15:00,2021-08-16 11:18:00,1,1759.5,1774.34,0.2,279.5039999999984,505.2289066467197,TIME,lw,0.5532225023605806
2021-08-17 01:15:00,2021-08-17 09:10:00,1,1787.3,1791.63,0.36,153.36000000000556,506.2312245847967,TIME,drift,0.30294456871124287
2021-08-17 10:30:00,2021-08-17 15:20:00,1,1794.98,1792.42,0.2,-52.599999999998914,499.65757766987576,NEWS,lw,-0.10527209503215378
2021-08-18 01:15:00,2021-08-18 09:10:00,1,1786.1,1791.28,0.35000000000000003,178.85000000000224,496.9960832515857,TIME,drift,0.359861990923309
2021-08-18 10:15:00,2021-08-18 17:20:00,1,1792.82,1783.81,0.21,-190.6799999999998,509.77113822812885,NEWS,lw,-0.37405020743773093
2021-08-18 18:15:00,2021-08-19 15:20:00,-1,1779.72,1784.16,0.32,-111.28640000000176,505.2800000000009,NEWS,nr7,-0.2202469917669442
2021-08-19 10:30:00,2021-08-19 15:20:00,-1,1779.8500000000001,1784.16,0.21,-91.97999999999885,498.1089140689769,NEWS,lw,-0.18465840984179152
2021-08-20 01:15:00,2021-08-20 09:10:00,1,1780.7,1787.01,0.29,180.95999999999842,495.7604563325359,TIME,drift,0.3650149940127896
2021-08-20 01:05:00,2021-08-20 23:00:00,1,1780.26,1782.4,0.14,28.9800000000014,489.00970592119273,TIME,friday,0.05926262740615567
2021-08-20 23:05:00,2021-08-20 23:55:00,1,1782.1200000000001,1780.96,0.84,-103.32000000000687,507.17269643061627,TIME,fri_close,-0.20371759112261587
2021-08-20 10:30:00,2021-08-23 11:33:00,1,1787.66,1785.23,0.21,-69.19080000000133,489.4997059211926,TIME,lw,-0.14135003384688605
2021-08-23 10:15:00,2021-08-23 16:35:00,1,1786.28,1805.16,0.22,413.8200000000024,492.09855746075203,NEWS,lw,0.8409291060216268
2021-08-24 01:15:00,2021-08-24 09:10:00,1,1806.0,1802.82,0.35000000000000003,-113.75000000000225,497.9421285738304,TIME,drift,-0.22844020112497151
2021-08-25 01:15:00,2021-08-25 09:10:00,1,1803.03,1794.92,0.4,-327.199999999996,503.1536260039188,TIME,drift,-0.6502984040851325
2021-08-25 10:15:00,2021-08-25 15:20:00,-1,1792.82,1793.05,0.23,-6.900000000000419,504.1695809021206,NEWS,lw,-0.013685871304758436
2021-08-26 01:15:00,2021-08-26 09:10:00,1,1791.09,1786.04,0.32,-163.83999999999855,504.18935740611096,TIME,drift,-0.32495727566107635
2021-08-27 01:15:00,2021-08-27 09:10:00,1,1792.97,1802.65,0.33,317.1300000000021,500.9160122964488,TIME,drift,0.6331001449646619
2021-08-27 01:05:00,2021-08-27 16:50:00,1,1792.53,1792.36,0.15,-3.600000000001091,486.70910190335246,NEWS,friday,-0.007396615320984804
2021-08-27 10:15:00,2021-08-27 16:50:00,1,1803.91,1792.36,0.23,-267.2600000000042,498.0615263900937,NEWS,lw,-0.5366003713177391
2021-08-27 23:05:00,2021-08-27 23:55:00,1,1818.66,1817.81,0.55,-50.60000000000751,503.2789783710753,TIME,fri_close,-0.10054065870937164
2021-08-31 01:15:00,2021-08-31 09:10:00,1,1810.35,1817.35,0.41000000000000003,284.13,505.8888498300546,TIME,drift,0.5616451125488316
2021-08-31 10:15:00,2021-08-31 16:35:00,1,1816.31,1810.59,0.23,-133.17000000000064,508.01361204043764,NEWS,lw,-0.26213864519323227
2021-09-01 01:15:00,2021-09-01 09:10:00,1,1814.82,1816.6,0.33,56.429999999999104,507.9746561640983,TIME,drift,0.11108821929448724
2021-09-01 01:10:00,2021-09-01 15:05:00,1,1814.74,1812.86,0.11,-21.4500000000012,478.1827734272213,NEWS,tom,-0.04485732483892136
2021-09-02 01:15:00,2021-09-02 09:10:00,1,1814.09,1814.56,0.35000000000000003,14.000000000000956,496.9420455649921,TIME,drift,0.028172299214657574
2021-09-02 17:15:00,2021-09-03 15:20:00,-1,1805.8500000000001,1814.8300000000002,0.24,-208.94160000000045,504.7500821730292,NEWS,lw,-0.4139506012569105
2021-09-03 23:05:00,2021-09-03 23:55:00,1,1828.82,1827.6,0.71,-91.59000000000192,503.3877934337711,TIME,fri_close,-0.18194720093476419
2021-09-07 01:15:00,2021-09-07 09:10:00,1,1822.92,1816.87,0.51,-312.12000000000927,500.21655777567537,TIME,drift,-0.623969748998155
2021-09-07 10:15:00,2021-09-08 11:17:00,-1,1819.07,1799.51,0.25,495.85249999999866,497.54267285218737,TIME,lw,0.9966029590135461
2021-09-09 01:15:00,2021-09-09 09:10:00,1,1790.08,1788.09,0.31,-63.86000000000028,495.28416002638227,TIME,drift,-0.12893608387677621
2021-09-09 14:30:00,2021-09-09 15:20:00,1,1799.8700000000001,1799.88,0.24,-1.4400000000002182,501.6059349160148,NEWS,lw,-0.0028707794301543127
2021-09-10 01:15:00,2021-09-10 09:10:00,1,1794.3999999999999,1802.49,0.29,232.5800000000042,502.4131685336324,TIME,drift,0.46292576422473863
2021-09-10 01:05:00,2021-09-10 15:20:00,1,1794.24,1799.1,0.16,76.6399999999984,494.75408242201354,NEWS,friday,0.1549052402454484
2021-09-10 10:15:00,2021-09-10 15:20:00,1,1802.46,1799.1,0.24,-82.32000000000306,495.3140824220135,NEWS,lw,-0.16619757628830234
2021-09-10 23:05:00,2021-09-10 23:55:00,1,1788.6,1787.78,0.62,-55.179999999996056,502.86202871124425,TIME,fri_close,-0.10973188836988479
2021-09-14 01:15:00,2021-09-14 09:10:00,1,1793.5,1792.32,0.38,-47.500000000002416,500.32617239450116,TIME,drift,-0.09493806764629782
2021-09-13 17:15:00,2021-09-14 15:20:00,1,1796.55,1785.71,0.24,-280.91519999999804,489.4202193918695,NEWS,lw,-0.5739754690745102
2021-09-15 01:15:00,2021-09-15 09:10:00,1,1804.22,1802.46,0.28,-51.23999999999975,491.6673526012627,TIME,drift,-0.10421680375746828
2021-09-15 18:30:00,2021-09-16 15:20:00,-1,1792.5800000000002,1769.02,0.24,588.5352000000042,493.3364136593161,NEWS,lw,1.1929693079709085
2021-09-16 07:15:00,2021-09-16 15:20:00,-1,1790.49,1769.02,0.3,642.0000000000008,492.30000000000433,NEWS,inside,1.3040828762949324
2021-09-16 10:15:00,2021-09-16 15:20:00,-1,1783.63,1769.02,0.25,363.5000000000032,506.22123345023147,NEWS,lw,0.7180654938602852
2021-09-16 18:15:00,2021-09-16 23:45:00,-1,1756.92,1752.05,0.25,120.00000000000296,506.22123345023147,TIME,tday,0.23705050691399063
2021-09-17 01:15:00,2021-09-17 09:10:00,1,1753.42,1763.03,0.26,248.0399999999974,509.34712643764937,TIME,drift,0.486976341134538
2021-09-17 01:05:00,2021-09-17 23:00:00,1,1753.86,1751.49,0.15,-36.59999999999836,504.4634593834078,TIME,friday,-0.07255233123273896
2021-09-17 23:05:00,2021-09-17 23:55:00,1,1752.28,1753.93,0.58,91.64000000000527,510.7611704782106,TIME,fri_close,0.1794184939982917
2021-09-20 05:30:00,2021-09-21 06:37:00,-1,1744.57,1763.26,0.22,-405.1498000000012,503.140000000004,TIME,inside,-0.805242675994749
2021-09-22 01:15:00,2021-09-22 09:11:00,1,1775.03,1778.49,0.35000000000000003,118.6500000000013,506.5392002207343,TIME,drift,0.23423656046421926
2021-09-21 17:45:00,2021-09-22 16:50:00,1,1777.6000000000001,1775.19,0.22,-72.0456000000018,495.6840684778936,NEWS,lw,-0.1453458050835355
2021-09-23 01:15:00,2021-09-23 09:10:00,1,1768.07,1763.12,0.25,-125.50000000000114,506.8819222769183,TIME,drift,-0.2475921797255147
2021-09-23 16:15:00,2021-09-23 16:35:00,-1,1758.56,1755.1200000000001,0.22,74.13999999999619,498.9583039426741,NEWS,lw,0.14858957033915648
2021-09-23 18:15:00,2021-09-23 23:45:00,-1,1748.22,1739.01,0.22,201.08000000000084,498.9583039426741,TIME,tday,0.4029996062017702
2021-09-24 01:15:00,2021-09-24 09:10:00,1,1745.05,1754.58,0.22,208.11999999999938,504.8411228816889,TIME,drift,0.41224850862391604
2021-09-24 01:05:00,2021-09-24 16:50:00,1,1744.9599999999998,1742.67,0.14,-33.039999999996304,500.1484966764609,NEWS,friday,-0.06606038050609081
2021-09-24 23:05:00,2021-09-24 23:56:00,1,1746.71,1749.91,0.75,234.7500000000034,511.62583145212477,TIME,fri_close,0.45883140679922857
2021-09-27 10:15:00,2021-09-27 15:20:00,1,1758.65,1749.0,0.22,-213.84000000000202,514.1385375832236,NEWS,lw,-0.41591902642658396
2021-09-28 01:15:00,2021-09-28 09:11:00,1,1751.06,1747.41,0.34,-126.47999999999537,514.1668905263203,TIME,drift,-0.2459901684266868
2021-09-28 09:30:00,2021-09-28 16:50:00,-1,1743.24,1731.15,0.29,348.57999999999765,508.9500000000005,NEWS,nr7,0.6849002849002797
2021-09-28 10:15:00,2021-09-28 16:50:00,-1,1740.6100000000001,1731.15,0.22,206.5800000000008,502.6672134701361,NEWS,lw,0.4109677227084036
2021-09-29 01:15:00,2021-09-29 09:12:00,1,1734.47,1737.49,0.26,76.69999999999955,507.9326084643989,TIME,drift,0.15100428427283275
2021-09-29 13:45:00,2021-09-29 17:20:00,1,1745.48,1727.98,0.22,-386.54,511.13955536512657,NEWS,lw,-0.756231827380058
2021-09-30 01:15:00,2021-09-30 09:10:00,1,1727.04,1729.55,0.28,68.31999999999977,505.7866171929059,TIME,drift,0.13507672539691312
2021-09-30 16:00:00,2021-09-30 16:35:00,1,1737.3,1742.13,0.22,104.7200000000034,512.328158553332,NEWS,lw,0.20440024279692667
2021-10-01 01:15:00,2021-10-01 09:10:00,1,1756.1,1752.32,0.25,-96.24999999999932,502.43020798890683,TIME,drift,-0.1915688954795577
2021-10-01 01:05:00,2021-10-01 16:35:00,1,1755.99,1757.95,0.14,26.460000000000512,516.724049626817,NEWS,friday,0.051207215958131186
2021-10-01 01:10:00,2021-10-01 16:35:00,1,1756.24,1757.95,0.1,16.400000000000365,491.8848091683971,NEWS,tom,0.0333411394178384
2021-10-01 23:05:00,2021-10-01 23:55:00,1,1760.17,1760.13,0.66,-7.259999999997599,516.4283776587212,TIME,fri_close,-0.01405809656105949
2021-10-04 10:45:00,2021-10-05 11:48:00,-1,1754.1100000000001,1755.92,0.21,-32.25389999999885,502.17018893918714,TIME,lw,-0.06422902177473701
2021-10-05 10:15:00,2021-10-05 16:35:00,-1,1756.31,1754.42,0.21,38.21999999999732,500.7708897292449,NEWS,lw,0.07632232780276421
2021-10-06 01:15:00,2021-10-06 09:14:00,1,1760.23,1753.2,0.31,-220.09999999999914,516.9914880413011,TIME,drift,-0.4257323478068868
2021-10-06 10:15:00,2021-10-06 15:05:00,-1,1748.31,1755.8400000000001,0.21,-159.6000000000042,497.3265404628703,NEWS,lw,-0.3209159114079489
2021-10-07 01:15:00,2021-10-07 09:10:00,1,1763.4399999999998,1758.79,0.32,-151.03999999999564,501.77098984368524,TIME,drift,-0.3010138151810023
2021-10-08 01:15:00,2021-10-08 09:12:00,1,1755.86,1759.33,0.32,108.80000000000088,503.76060325026725,TIME,drift,0.21597560289157677
2021-10-08 01:05:00,2021-10-08 15:20:00,1,1756.17,1763.8,0.15,113.39999999999823,512.054220143359,NEWS,friday,0.2214609225723202
2021-10-08 14:30:00,2021-10-08 15:20:00,1,1762.57,1763.8,0.22,25.5200000000004,501.1885708068399,NEWS,lw,0.0509189584250035
2021-10-08 23:05:00,2021-10-08 23:55:00,1,1756.3,1757.06,0.63,43.46999999999943,514.9438497985738,TIME,fri_close,0.08441697093188553
2021-10-12 01:15:00,2021-10-12 09:11:00,1,1754.08,1760.59,0.35000000000000003,225.39999999999972,516.0941861914833,TIME,drift,0.43674198630939604
2021-10-12 10:15:00,2021-10-12 16:50:00,1,1758.75,1766.29,0.23,171.80999999999915,512.5995303168338,NEWS,lw,0.335173931770489
2021-10-13 01:15:00,2021-10-13 09:12:00,1,1760.82,1762.24,0.32,43.200000000002326,508.53409284248687,TIME,drift,0.08495005665899981
2021-10-13 11:15:00,2021-10-13 15:20:00,1,1767.94,1775.91,0.23,181.7000000000006,506.7559924370597,NEWS,lw,0.3585552074602614
2021-10-14 01:15:00,2021-10-14 09:10:00,1,1793.05,1792.32,0.24,-19.200000000000436,511.81298967195795,TIME,drift,-0.0375137020502479
2021-10-15 01:15:00,2021-10-15 09:12:00,1,1796.48,1792.44,0.36,-147.9599999999987,517.041962996685,TIME,drift,-0.28616632805284964
2021-10-15 01:05:00,2021-10-15 15:20:00,1,1796.3999999999999,1773.2,0.15,-349.0499999999973,506.6519656703457,NEWS,friday,-0.6889344632033018
2021-10-15 23:05:00,2021-10-15 23:55:00,1,1768.24,1767.38,0.74,-68.81999999999259,512.7154737582282,TIME,fri_close,-0.1342264930986748
2021-10-19 01:15:00,2021-10-19 09:13:00,1,1764.47,1777.44,0.35000000000000003,451.500000000001,504.78672853053536,TIME,drift,0.8944371444042215
2021-10-20 01:15:00,2021-10-20 09:10:00,1,1769.81,1777.78,0.33,260.7000000000009,517.8283815741493,TIME,drift,0.503448650704501
2021-10-19 10:15:00,2021-10-20 11:17:00,1,1778.8600000000001,1776.45,0.23,-75.32040000000188,514.8846350477629,TIME,lw,-0.1462859733482139
2021-10-20 11:45:00,2021-10-20 17:20:00,1,1779.0800000000002,1778.68,0.23,-10.810000000002091,514.8578754014941,NEWS,lw,-0.02099608555384782
2021-10-21 01:15:00,2021-10-21 09:12:00,1,1782.98,1787.15,0.31,127.10000000000225,514.7115715717512,TIME,drift,0.24693441340726574
2021-10-22 01:15:00,2021-10-22 09:10:00,1,1783.45,1787.08,0.31,110.35999999999633,507.944339518128,TIME,drift,0.21726790007088503
2021-10-22 01:05:00,2021-10-22 16:35:00,1,1783.54,1806.08,0.15,337.04999999999944,489.095218769783,NEWS,friday,0.689129615390186
2021-10-22 10:15:00,2021-10-22 16:35:00,1,1791.96,1806.08,0.23,323.1499999999975,500.5006680757783,NEWS,lw,0.6456534838252622
2021-10-22 23:05:00,2021-10-22 23:55:00,1,1794.22,1792.63,0.44,-73.0399999999964,516.8072902118606,TIME,fri_close,-0.14132927569588713
2021-10-26 01:15:00,2021-10-26 09:10:00,1,1807.82,1806.05,0.33,-60.71999999999941,513.6061521315532,TIME,drift,-0.11822288293861169
2021-10-25 16:45:00,2021-10-26 16:50:00,1,1805.8700000000001,1792.21,0.23,-334.0704000000019,515.9256203560798,NEWS,lw,-0.6475165931271921
2021-10-27 01:15:00,2021-10-27 09:10:00,1,1792.19,1786.73,0.32,-176.96000000000117,512.3458563271482,TIME,drift,-0.34539168769427286
2021-10-28 01:15:00,2021-10-28 09:10:00,1,1796.87,1801.15,0.31,130.51000000000622,509.58616541502084,TIME,drift,0.2561097785959619
2021-10-29 01:15:00,2021-10-29 09:10:00,1,1799.73,1796.26,0.28,-99.12000000000076,510.994450228652,TIME,drift,-0.193974709423259
2021-10-29 01:05:00,2021-10-29 16:35:00,1,1799.67,1776.79,0.16,-367.20000000000175,520.3077484831498,NEWS,friday,-0.7057361745438114
2021-10-29 23:05:00,2021-10-29 23:55:00,1,1783.44,1782.94,0.54,-30.78,510.4743575788979,TIME,fri_close,-0.060296858290756955
2021-11-01 01:10:00,2021-11-01 16:35:00,1,1782.39,1786.0,0.11,38.939999999998896,489.2276668636332,NEWS,tom,0.07959484435873695
2021-11-01 18:15:00,2021-11-01 23:45:00,1,1792.3,1793.24,0.23,20.010000000001256,512.2702880847074,TIME,tday,0.03906141048081333
2021-11-02 01:15:00,2021-11-02 09:11:00,1,1793.02,1793.24,0.35000000000000003,5.250000000000956,512.4813454165605,TIME,drift,0.010244275322321429
2021-11-03 01:15:00,2021-11-03 09:11:00,1,1788.32,1780.77,0.41000000000000003,-312.4199999999982,517.7181842761171,TIME,drift,-0.6034557206771276
2021-11-03 10:15:00,2021-11-03 15:05:00,-1,1780.8600000000001,1785.3500000000001,0.24,-109.44000000000023,504.798733023863,NEWS,lw,-0.21679927630647747
2021-11-04 01:15:00,2021-11-04 09:10:00,1,1773.46,1772.43,0.25,-27.499999999999318,506.22220616220267,TIME,drift,-0.054323970116766915
2021-11-04 14:45:00,2021-11-04 15:20:00,1,1781.8600000000001,1782.43,0.23,11.499999999998538,497.757205875402,NEWS,lw,0.023103633386428974
2021-11-05 01:15:00,2021-11-05 09:10:00,1,1790.95,1795.55,0.31,140.4299999999972,503.8083484333455,TIME,drift,0.2787369451829881
2021-11-05 01:05:00,2021-11-05 15:20:00,1,1791.3400000000001,1794.01,0.15,38.999999999997684,499.41058297687886,NEWS,friday,0.07809205757620731
2021-11-05 18:15:00,2021-11-05 23:45:00,1,1804.72,1818.09,0.23,305.8999999999975,511.0452625985873,TIME,tday,0.5985771171119806
2021-11-05 23:05:00,2021-11-05 23:55:00,1,1816.86,1817.81,0.51,44.88000000000232,516.0415943702085,TIME,fri_close,0.08696973362152158
2021-11-05 20:00:00,2021-11-08 17:20:00,1,1814.18,1820.85,0.29,168.3507999999955,514.959933262849,NEWS,trendH4,0.3269201915055882
2021-11-08 08:00:00,2021-11-08 17:20:00,1,1821.16,1820.85,0.3,-11.400000000005184,509.9842231357612,NEWS,trendH4,-0.02235363268673201
2021-11-08 16:00:00,2021-11-08 17:20:00,1,1821.96,1820.85,0.3,-35.40000000000382,514.2105113800249,NEWS,trendH4,-0.06884340015725897
2021-11-09 01:15:00,2021-11-09 09:10:00,1,1824.5,1824.79,0.35000000000000003,7.699999999998728,512.0374314036892,TIME,drift,0.015037963101428155
2021-11-10 01:15:00,2021-11-10 09:10:00,1,1832.07,1825.08,0.34,-240.04000000000033,511.50283727462863,TIME,drift,-0.46928380940949027
2021-11-10 10:15:00,2021-11-10 15:20:00,-1,1825.41,1826.4,0.23,-24.38000000000021,500.5890677584174,NEWS,lw,-0.04870262171159901
2021-11-10 16:00:00,2021-11-10 17:20:00,1,1849.8,1859.55,0.3,290.4,515.8694323138104,NEWS,trendH4,0.562933141235912
2021-11-11 01:15:00,2021-11-11 09:10:00,1,1848.67,1853.48,0.2,94.7999999999989,521.2807248170778,TIME,drift,0.1818597839643219
2021-11-11 18:15:00,2021-11-11 23:45:00,1,1860.6000000000001,1861.87,0.22,26.3999999999946,517.3011595618242,TIME,tday,0.05103410172588151
2021-11-12 01:15:00,2021-11-12 09:10:00,1,1862.47,1858.5,0.29,-117.16000000000078,509.8944110547447,TIME,drift,-0.2297730617553718
2021-11-12 01:05:00,2021-11-12 16:50:00,1,1862.07,1857.97,0.14,-58.379999999998724,492.7669368843445,NEWS,friday,-0.11847385778177905
2021-11-12 23:05:00,2021-11-12 23:55:00,1,1864.88,1864.31,0.61,-39.04000000000998,514.8978596821919,TIME,fri_close,-0.07582086284861714
2021-11-16 01:15:00,2021-11-16 09:10:00,1,1863.6399999999999,1864.27,0.32,17.92000000000349,512.4631605225418,TIME,drift,0.03496836725147434
2021-11-16 11:00:00,2021-11-16 15:20:00,1,1872.23,1875.11,0.22,61.8199999999974,502.24697068415736,NEWS,lw,0.12308685489090482
2021-11-16 12:00:00,2021-11-16 15:20:00,1,1873.44,1875.11,0.3,47.99999999999536,509.7707816002437,NEWS,trendH4,0.09415996705287122
2021-11-17 01:15:00,2021-11-17 09:10:00,1,1850.6,1855.1,0.28,124.04000000000003,507.4149241149536,TIME,drift,0.244454772820003
2021-11-17 13:30:00,2021-11-17 17:20:00,1,1861.28,1866.52,0.22,113.7400000000002,509.6179013495744,NEWS,lw,0.22318682232078774
2021-11-17 18:15:00,2021-11-17 23:45:00,1,1863.8,1866.93,0.22,67.3200000000024,509.6179013495744,TIME,tday,0.132098970271109
2021-11-18 01:15:00,2021-11-18 09:10:00,1,1866.49,1864.88,0.34,-57.11999999999661,517.2975741938594,TIME,drift,-0.11042000359079714
2021-11-19 01:15:00,2021-11-19 09:10:00,1,1859.09,1858.05,0.32,-35.51999999999884,512.7077236285647,TIME,drift,-0.06927923720090394
2021-11-19 01:05:00,2021-11-19 23:00:00,1,1859.55,1846.93,0.15,-190.34999999999837,502.238884480927,TIME,friday,-0.3790029125218541
2021-11-19 23:05:00,2021-11-19 23:55:00,1,1847.6699999999998,1845.7,0.49,-99.9599999999902,512.31924537746,TIME,fri_close,-0.1951127171229786
2021-11-22 16:15:00,2021-11-22 16:50:00,-1,1828.7,1822.91,0.23,131.55999999999915,514.7002427295149,NEWS,lw,0.25560508637478246
2021-11-23 01:15:00,2021-11-23 09:10:00,1,1807.89,1805.63,0.22,-51.2599999999998,520.672570240702,TIME,drift,-0.09844958795563742
2021-11-23 15:30:00,2021-11-23 16:35:00,-1,1787.95,1792.6200000000001,0.21,-99.54000000000153,506.7412927489365,NEWS,lw,-0.1964315942362296
2021-11-24 01:15:00,2021-11-24 09:10:00,1,1789.34,1795.83,0.25,160.50000000000023,519.51423008286,TIME,drift,0.30894245182543173
2021-11-25 01:15:00,2021-11-25 09:10:00,1,1787.34,1794.21,0.3,204.00000000000355,513.7595111269736,TIME,drift,0.397072940902861
2021-11-26 01:15:00,2021-11-26 09:10:00,1,1790.85,1801.7,0.46,495.88000000000625,520.9517978060451,TIME,drift,0.9518730947630336
2021-11-26 10:15:00,2021-11-26 18:43:00,1,1806.44,1783.4124156572018,0.22,-508.1468555415618,507.04685554156373,SL,lw,-1.0021694247542925
2021-11-26 01:05:00,2021-11-29 03:30:00,1,1790.65,1794.31,0.15,41.92799999999782,518.0456477129629,TIME,friday,0.080934952711405
2021-11-30 01:15:00,2021-11-30 09:10:00,1,1785.69,1792.12,0.28,178.0799999999954,519.6023989037317,TIME,drift,0.34272359091434607
2021-11-30 10:15:00,2021-11-30 16:35:00,1,1794.75,1794.88,0.21,1.260000000002292,501.2101879213844,NEWS,lw,0.0025139153799481925
2021-12-01 01:16:00,2021-12-01 09:11:00,1,1775.43,1788.52,0.21,273.41999999999825,523.1578433585104,TIME,drift,0.5226338541437647
2021-12-01 01:12:00,2021-12-01 15:05:00,1,1776.77,1785.95,0.1,91.10000000000063,498.21853353591837,NEWS,tom,0.18285148758608535
2021-12-02 01:15:00,2021-12-02 09:10:00,1,1782.33,1777.67,0.23,-108.78999999999665,513.2898364403292,TIME,drift,-0.21194653054978943
2021-12-02 10:30:00,2021-12-02 15:20:00,-1,1769.8,1778.71,0.21,-188.58000000000172,519.9705701975203,NEWS,lw,-0.36267437199064206
2021-12-03 01:15:00,2021-12-03 09:10:00,1,1770.33,1772.29,0.28,52.920000000001025,523.5975751001965,TIME,drift,0.10106998679257474
2021-12-03 01:05:00,2021-12-03 15:20:00,1,1769.98,1770.99,0.14,13.159999999999874,514.7548151834118,NEWS,friday,0.025565569494111186
2021-12-03 23:05:00,2021-12-03 23:55:00,1,1782.91,1783.84,0.5,42.999999999991815,517.772376582733,TIME,fri_close,0.08304807661580801
2021-12-03 18:30:00,2021-12-06 19:34:00,1,1776.98,1782.53,0.21,98.38919999999905,515.2448151834117,TIME,lw,0.19095621557099116
2021-12-07 01:15:00,2021-12-07 09:10:00,1,1779.9299999999998,1782.57,0.34,87.3800000000034,521.646011316241,TIME,drift,0.16750822991921707
2021-12-07 15:45:00,2021-12-07 18:52:00,-1,1774.06,1787.7,0.38,-520.9800000000038,519.0800000000055,SL,nr7,-1.0036603221083422
2021-12-08 01:15:00,2021-12-08 09:10:00,1,1784.82,1787.18,0.35000000000000003,80.15000000000447,518.1860512942121,TIME,drift,0.1546741750377558
2021-12-08 12:00:00,2021-12-08 16:50:00,1,1789.86,1782.12,0.22,-171.8200000000002,501.6873253692043,NEWS,lw,-0.34248423532237643
2021-12-09 01:15:00,2021-12-09 09:12:00,1,1783.4199999999998,1785.65,0.38,82.08000000000933,510.6034395769756,TIME,drift,0.16075097353047782
2021-12-09 14:30:00,2021-12-09 15:20:00,-1,1775.64,1776.18,0.23,-14.029999999999163,509.3047736538704,NEWS,lw,-0.02754735617211025
2021-12-10 01:15:00,2021-12-10 09:10:00,1,1776.22,1773.3,0.35000000000000003,-104.65000000000256,515.746844588102,TIME,drift,-0.20290962726796832
2021-12-10 01:05:00,2021-12-10 15:20:00,1,1776.21,1777.45,0.16,18.720000000000145,518.8135695031295,NEWS,friday,0.03608232532917053
2021-12-10 23:05:00,2021-12-10 23:55:00,1,1782.48,1782.83,0.88,24.639999999991996,520.6778904777375,TIME,fri_close,0.04732292353989539
2021-12-10 16:00:00,2021-12-13 17:04:00,1,1784.26,1788.12,0.24,71.88479999999758,519.3735695031295,TIME,lw,0.13840673499956457
2021-12-14 01:15:00,2021-12-14 09:10:00,1,1786.4799999999998,1787.34,0.42,33.18000000000535,515.6215685846457,TIME,drift,0.06434951914653748
2021-12-15 01:15:00,2021-12-15 09:11:00,1,1772.04,1768.1,0.37,-148.37000000000202,515.8185034608393,TIME,drift,-0.2876399334349707
2021-12-16 01:15:00,2021-12-16 09:10:00,1,1779.55,1785.24,0.26,146.12000000000143,514.4863607332751,TIME,drift,0.28401141634103366
2021-12-16 13:15:00,2021-12-16 15:20:00,1,1788.24,1789.15,0.24,20.160000000001965,513.6512525660892,NEWS,lw,0.039248419816533146
2021-12-17 01:15:00,2021-12-17 09:10:00,1,1798.83,1808.01,0.35000000000000003,318.8500000000023,511.246091920947,TIME,drift,0.6236722491158044
2021-12-17 01:05:00,2021-12-17 23:00:00,1,1798.74,1796.12,0.16,-43.04000000000189,517.8361630970826,TIME,friday,-0.08311509134971877
2021-12-17 23:05:00,2021-12-17 23:55:00,1,1797.29,1798.05,0.64,44.159999999999414,517.7498936723345,TIME,fri_close,0.08529214692209422
2021-12-17 10:30:00,2021-12-20 11:35:00,1,1809.7,1800.08,0.24,-251.6352000000028,518.3961630970826,TIME,lw,-0.4854110001444548
2021-12-20 17:00:00,2021-12-21 18:02:00,-1,1791.73,1786.3600000000001,0.24,135.45839999999737,513.0992943044339,TIME,lw,0.26400036309468533
2021-12-22 01:15:00,2021-12-22 09:11:00,1,1789.79,1787.99,0.41000000000000003,-76.66999999999815,523.9647665219519,TIME,drift,-0.146326632817182
2021-12-23 01:27:00,2021-12-23 09:22:00,1,1804.53,1807.03,0.44,106.92000000000002,513.7711701748877,TIME,drift,0.2081082127741898
2021-12-22 18:00:00,2021-12-23 15:20:00,1,1795.88,1805.85,0.25,187.88999999999498,515.131912932873,NEWS,lw,0.36474152597196785
2021-12-28 01:15:00,2021-12-28 09:10:00,1,1812.17,1814.74,0.47000000000000003,117.49999999999702,520.8245375551056,TIME,drift,0.2256038099732676
2021-12-27 17:45:00,2021-12-28 18:50:00,1,1812.55,1810.23,0.26,-82.80479999999835,517.2370664136829,TIME,lw,-0.16009061487826862
2021-12-29 01:15:00,2021-12-29 09:11:00,1,1807.2299999999998,1805.48,0.44,-80.07999999999,522.7690479714239,TIME,drift,-0.1531842795795504
2021-12-28 10:15:00,2021-12-29 11:19:00,1,1815.14,1803.72,0.27,-331.689600000002,519.1685997560514,TIME,lw,-0.6388860962620955
2021-12-29 12:30:00,2021-12-29 17:20:00,-1,1798.68,1801.22,0.27,-70.46999999999902,511.47655691633366,NEWS,lw,-0.13777757562313137
2021-12-30 01:15:00,2021-12-30 09:10:00,1,1804.47,1797.8,0.4,-269.600000000003,512.8338832183243,TIME,drift,-0.5257062936405638
2021-12-31 01:15:00,2021-12-31 09:10:00,1,1815.07,1819.65,0.41000000000000003,184.91000000000636,513.0071958372141,TIME,drift,0.36044328715163176
2021-12-30 18:30:00,2021-12-31 19:32:00,1,1812.14,1826.53,0.27,365.18039999999655,510.3510885651674,TIME,lw,0.7155474107573422
2021-12-31 01:05:00,2021-12-31 23:00:00,1,1814.88,1829.25,0.18,257.39999999999804,513.9024393819411,TIME,friday,0.5008732791958863
2021-12-31 23:05:00,2021-12-31 23:55:00,1,1829.49,1828.68,0.87,-76.55999999999526,523.7892562170384,TIME,fri_close,-0.14616565554042538
2021-12-31 15:30:00,2022-01-03 15:48:00,1,1825.25,1806.213242985854,0.27,-537.3420393819395,514.5324393819412,SL,lw,-1.0443307326305746
2022-01-03 01:10:00,2022-01-03 16:35:00,1,1831.83,1805.58,0.13,-342.16,488.92599077009555,NEWS,tom,-0.6998196178138782
2022-01-04 01:15:00,2022-01-04 09:10:00,1,1803.42,1804.34,0.34,28.899999999994748,518.8274311154885,TIME,drift,0.05570252894658869
2022-01-04 18:15:00,2022-01-04 23:45:00,1,1813.97,1814.69,0.26,16.90000000000071,516.8762771436604,TIME,tday,0.03269641256006711
2022-01-05 01:15:00,2022-01-05 09:11:00,1,1813.68,1814.43,0.36,24.48,512.100552240273,TIME,drift,0.047803111894544885
2022-01-04 17:45:00,2022-01-05 15:05:00,1,1816.74,1819.04,0.26,37.31519999999881,516.8762771436604,NEWS,lw,0.07219367893262285
2022-01-05 08:30:00,2022-01-05 15:05:00,1,1817.06,1819.04,0.28,53.48000000000051,516.319999999997,NEWS,inside,0.10357917570499074
2022-01-05 15:45:00,2022-01-05 16:35:00,1,1827.26,1826.44,0.26,-23.139999999998345,513.905114490542,NEWS,lw,-0.045027767475982604
2022-01-06 01:15:00,2022-01-06 09:10:00,1,1811.1699999999998,1802.91,0.3,-249.8999999999929,511.7391958888536,TIME,drift,-0.4883346869022508
2022-01-06 10:15:00,2022-01-06 15:20:00,-1,1800.54,1789.5900000000001,0.26,282.8799999999953,516.9404634555032,NEWS,lw,0.5472196896893617
2022-01-07 01:15:00,2022-01-07 09:10:00,1,1791.4599999999998,1790.54,0.27,-26.729999999995826,504.93382598402553,TIME,drift,-0.05293762989220191
2022-01-07 01:05:00,2022-01-07 15:20:00,1,1791.53,1790.58,0.17,-17.340000000000774,516.1082792184048,NEWS,friday,-0.03359760092641896
2022-01-07 23:05:00,2022-01-07 23:55:00,1,1795.04,1796.32,0.62,75.0199999999983,514.4430426015779,TIME,fri_close,0.14582761119795967
2022-01-11 01:15:00,2022-01-11 09:10:00,1,1800.83,1808.79,0.35000000000000003,276.1500000000013,516.8422138934186,TIME,drift,0.5343023316917916
2022-01-10 13:45:00,2022-01-11 14:47:00,1,1802.02,1806.39,0.26,91.13520000000308,519.1593792039798,TIME,lw,0.17554378029294102
2022-01-11 02:15:00,2022-01-11 16:50:00,1,1803.74,1804.24,0.39,16.77,519.48,NEWS,nr7,0.03228228228228228
2022-01-11 10:15:00,2022-01-11 16:50:00,1,1808.6200000000001,1804.24,0.26,-115.70000000000285,504.4737092608385,NEWS,lw,-0.2293479281002136
2022-01-11 18:15:00,2022-01-11 23:45:00,1,1813.29,1822.17,0.26,229.06000000000287,504.4737092608385,TIME,tday,0.4540573587781702
2022-01-12 01:15:00,2022-01-12 09:10:00,1,1820.41,1819.72,0.37,-28.12000000000202,519.0249822664395,TIME,drift,-0.05417850963013323
2022-01-13 01:15:00,2022-01-13 09:10:00,1,1826.04,1824.29,0.41000000000000003,-74.62,522.302059047768,TIME,drift,-0.14286752025454968
2022-01-13 11:15:00,2022-01-13 15:20:00,-1,1819.5900000000001,1822.41,0.27,-78.02999999999828,519.2677345677411,NEWS,lw,-0.150269301952592
2022-01-14 01:15:00,2022-01-14 09:10:00,1,1821.73,1826.75,0.4,197.9999999999993,521.6452148012175,TIME,drift,0.37956832418265507
2022-01-14 01:05:00,2022-01-14 15:20:00,1,1821.84,1822.25,0.18,6.120000000001473,512.3657535271882,NEWS,friday,0.011944592232932526
2022-01-14 20:00:00,2022-01-17 21:03:00,-1,1815.79,1818.6100000000001,0.27,-68.73930000000442,512.9957535271883,TIME,lw,-0.1339958460228488
2022-01-18 01:15:00,2022-01-18 09:10:00,1,1818.76,1816.88,0.6,-116.99999999999291,519.0815783557357,TIME,drift,-0.2253980970979686
2022-01-18 10:30:00,2022-01-19 11:32:00,-1,1814.27,1816.5600000000002,0.28,-56.44520000000534,506.1819171751057,TIME,lw,-0.11151168796193683
2022-01-19 18:15:00,2022-01-19 23:45:00,1,1840.2,1840.56,0.29,8.409999999997098,522.1719968750378,TIME,tday,0.01610580431414769
2022-01-20 01:15:00,2022-01-20 09:10:00,1,1839.72,1840.14,0.34,11.900000000002473,513.7345547404199,TIME,drift,0.023163713420085812
2022-01-19 15:30:00,2022-01-20 15:20:00,1,1824.0800000000002,1839.71,0.29,382.0923999999966,522.1719968750378,NEWS,lw,0.7317366735226055
2022-01-19 20:00:00,2022-01-20 15:20:00,1,1840.5,1839.71,0.36,-116.7983999999987,513.8810729848506,NEWS,trendH4,-0.22728682985263784
2022-01-20 16:00:00,2022-01-20 16:50:00,1,1846.5900000000001,1844.28,0.37,-88.0600000000064,512.4947321317563,NEWS,trendH4,-0.17182615640499346
2022-01-21 01:15:00,2022-01-21 09:10:00,1,1839.19,1842.08,0.36,101.5199999999954,510.4466196049624,TIME,drift,0.1988846553211819
2022-01-21 01:05:00,2022-01-21 23:00:00,1,1839.56,1831.92,0.18,-138.7799999999977,501.1474123400418,TIME,friday,-0.2769245068072541
2022-01-21 23:05:00,2022-01-21 23:55:00,1,1831.04,1834.4,0.65,213.85000000000827,520.7109426113648,TIME,fri_close,0.4106885077689183
2022-01-24 10:15:00,2022-01-24 16:35:00,1,1840.26,1836.31,0.28,-112.56000000000127,512.8130637348551,NEWS,lw,-0.2194951883249981
2022-01-25 01:15:00,2022-01-25 09:10:00,1,1842.9099999999999,1841.42,0.3,-46.79999999999345,517.6497989956499,TIME,drift,-0.09040861232979391
2022-01-26 01:15:00,2022-01-26 09:11:00,1,1848.32,1846.74,0.32,-52.799999999997674,513.0701638917072,TIME,drift,-0.10290990144408801
2022-01-25 20:00:00,2022-01-26 16:22:00,1,1849.95,1835.1010331944613,0.35000000000000003,-549.9818381938578,520.4138381938611,SL,trendH4,-1.0568163216078474
2022-01-26 16:30:00,2022-01-26 16:50:00,-1,1835.3300000000002,1834.1000000000001,0.28,32.480000000000516,507.76330495505374,NEWS,lw,0.06396681225886457
2022-01-27 01:15:00,2022-01-27 09:10:00,1,1819.9,1813.82,0.26,-159.900000000004,510.35742855280193,TIME,drift,-0.313309831608458
2022-01-28 01:15:00,2022-01-28 09:10:00,1,1797.77,1796.38,0.24,-35.039999999996944,508.69377965437457,TIME,drift,-0.06888230483927761
2022-01-28 01:05:00,2022-01-28 23:00:00,1,1797.79,1788.76,0.17,-154.69999999999953,513.0366987434041,TIME,friday,-0.3015378829212623
2022-01-28 23:05:00,2022-01-28 23:55:00,1,1789.3,1791.58,0.58,128.17999999999842,517.8126651842234,TIME,fri_close,0.24754126080403135
2022-02-01 01:15:00,2022-02-01 09:10:00,1,1797.77,1803.35,0.35000000000000003,192.8499999999975,518.7712052474416,TIME,drift,0.3717438401539897
2022-01-31 19:15:00,2022-02-01 16:35:00,1,1798.66,1804.58,0.25,126.37999999999613,501.8775968952557,NEWS,lw,0.251814388173163
2022-02-01 01:10:00,2022-02-01 16:35:00,1,1798.1,1804.58,0.13,83.33000000000024,510.55893643027537,NEWS,tom,0.16321328264788923
2022-02-01 11:00:00,2022-02-01 16:35:00,1,1804.82,1804.58,0.26,-8.060000000000237,511.4689364302754,NEWS,lw,-0.015758532778654865
2022-02-02 01:15:00,2022-02-02 09:10:00,1,1800.8899999999999,1797.38,0.37,-132.45999999999125,517.4415114563741,TIME,drift,-0.2559902850221151
2022-02-03 01:15:00,2022-02-03 09:10:00,1,1807.52,1805.17,0.41000000000000003,-99.21999999999629,511.42941256425866,TIME,drift,-0.19400526751583685
2022-02-04 01:15:00,2022-02-04 09:10:00,1,1805.58,1808.88,0.33,106.59000000000601,512.1449469870794,TIME,drift,0.2081246737414264
2022-02-04 01:05:00,2022-02-04 15:20:00,1,1805.07,1813.99,0.18,159.30000000000132,515.157623347549,NEWS,friday,0.30922574524832414
2022-02-04 12:15:00,2022-02-04 15:20:00,1,1813.42,1813.99,0.27,13.499999999998282,515.7876233475491,NEWS,lw,0.02617356328246303
2022-02-04 23:05:00,2022-02-04 23:55:00,1,1808.02,1807.81,0.66,-18.480000000002402,522.2493959696438,TIME,fri_close,-0.035385392769466346
2022-02-08 01:15:00,2022-02-08 09:10:00,1,1821.0,1819.02,0.4,-82.00000000000074,516.4100185019473,TIME,drift,-0.1587885537888563
2022-02-07 18:30:00,2022-02-08 19:34:00,1,1817.17,1827.34,0.26,241.93519999999597,503.56835103563924,TIME,lw,0.4804416312153688
2022-02-08 18:15:00,2022-02-08 23:45:00,1,1826.53,1826.04,0.27,-15.120000000000248,517.0387670700808,TIME,tday,-0.02924345515846173
2022-02-09 01:15:00,2022-02-09 09:10:00,1,1826.37,1827.95,0.47000000000000003,70.97000000000727,515.7966968254458,TIME,drift,0.13759297110044252
2022-02-08 17:30:00,2022-02-09 17:20:00,1,1827.32,1830.14,0.27,52.79040000000442,517.0387670700808,NEWS,lw,0.10210143486755041
2022-02-10 01:15:00,2022-02-10 09:10:00,1,1833.19,1833.83,0.49,27.92999999999376,522.2116344262274,TIME,drift,0.05348406308618813
2022-02-10 16:30:00,2022-02-10 19:50:00,-1,1826.24,1833.8000000000002,0.28,-213.64000000000485,509.79424145419904,NEWS,lw,-0.41907103420900194
2022-02-11 01:15:00,2022-02-11 09:10:00,1,1827.59,1822.81,0.29,-140.64999999999918,514.3021574251945,TIME,drift,-0.2734773672818139
2022-02-11 01:05:00,2022-02-11 23:00:00,1,1827.56,1861.13,0.19,636.5000000000031,522.6768021907675,TIME,friday,1.2177697524209086
2022-02-11 18:15:00,2022-02-11 23:45:00,1,1833.31,1861.03,0.28,774.2000000000008,514.1603670646138,TIME,tday,1.5057558878370496
2022-02-11 23:05:00,2022-02-11 23:55:00,1,1861.4,1858.97,0.34,-85.00000000000216,513.882954858754,TIME,fri_close,-0.16540731541361453
2022-02-11 17:30:00,2022-02-14 18:34:00,1,1836.71,1861.49,0.28,669.6255999999993,514.1603670646138,TIME,lw,1.302367204658247
2022-02-15 01:15:00,2022-02-15 09:10:00,1,1871.01,1877.7,0.23,152.26000000000124,518.9699678187499,TIME,drift,0.29338884606358956
2022-02-15 08:00:00,2022-02-15 10:45:00,1,1878.02,1861.6327205652124,0.32,-526.6329419132037,525.032941913202,SL,trendH4,-1.0030474278321877
2022-02-15 11:00:00,2022-02-15 15:20:00,-1,1861.47,1846.5900000000001,0.25,370.24999999999704,511.71110620408,NEWS,lw,0.7235527927985491
2022-02-16 01:15:00,2022-02-16 09:10:00,1,1854.05,1856.36,0.24,53.75999999999869,518.7268028925248,TIME,drift,0.10363836936942941
2022-02-16 18:15:00,2022-02-16 23:45:00,1,1862.3,1868.18,0.24,139.4400000000026,516.1881861019228,TIME,tday,0.2701340397830604
2022-02-17 01:15:00,2022-02-17 09:10:00,1,1870.3,1875.95,0.29,161.82000000000264,522.3250441442183,TIME,drift,0.30980708624670655
2022-02-16 19:30:00,2022-02-17 15:20:00,1,1869.0,1890.35,0.24,453.4943999999978,516.1881861019228,NEWS,lw,0.8785447094878961
2022-02-17 06:00:00,2022-02-17 15:20:00,1,1875.43,1890.35,0.21,311.8499999999967,520.3800000000008,NEWS,inside,0.5992736077481768
2022-02-17 10:30:00,2022-02-17 15:20:00,1,1884.72,1890.35,0.24,133.43999999999716,517.6318870946426,NEWS,lw,0.25778937373616495
2022-02-17 12:00:00,2022-02-17 15:20:00,1,1888.51,1890.35,0.29,51.32999999999762,522.0267804968838,NEWS,trendH4,0.09832828873480376
2022-02-17 18:15:00,2022-02-17 23:45:00,1,1895.6000000000001,1897.68,0.24,48.239999999998254,517.6318870946426,TIME,tday,0.09319364050533882
2022-02-18 01:15:00,2022-02-18 09:10:00,1,1899.25,1890.6,0.26,-226.72000000000236,528.2495810255288,TIME,drift,-0.4291910644961697
2022-02-17 16:00:00,2022-02-18 16:50:00,1,1896.05,1896.86,0.28,-1.5344000000015328,520.7265641799005,NEWS,trendH4,-0.0029466520541698896
2022-02-18 01:05:00,2022-02-18 16:50:00,1,1898.76,1896.86,0.16,-31.520000000001456,537.2524665878824,NEWS,friday,-0.05866887908432803
2022-02-18 23:05:00,2022-02-18 23:55:00,1,1897.29,1897.29,0.66,-4.62,532.2995195890334,TIME,fri_close,-0.00867932400834574
2022-02-21 01:30:00,2022-02-22 05:15:00,1,1904.91,1908.68,0.29,84.25079999999946,530.120000000001,TIME,nr7,0.15892778993435316
2022-02-22 01:15:00,2022-02-22 09:10:00,1,1912.3600000000001,1910.18,0.28,-63.00000000000179,522.4038923270967,TIME,drift,-0.12059634494559837
2022-02-22 04:00:00,2022-02-22 16:35:00,1,1909.57,1904.25,0.29,-156.30999999999815,537.2647007692947,NEWS,trendH4,-0.2909366645085414
2022-02-23 01:15:00,2022-02-23 09:10:00,1,1899.43,1897.45,0.25,-51.250000000000455,532.3800573372428,TIME,drift,-0.09626581479466559
2022-02-23 18:15:00,2022-02-23 23:45:00,1,1907.15,1907.39,0.24,4.080000000000218,526.1755936929952,TIME,tday,0.007754065465797246
2022-02-24 01:15:00,2022-02-24 09:10:00,1,1910.3700000000001,1941.66,0.31,967.8199999999989,523.9382965385107,TIME,drift,1.8472022495665419
2022-02-23 18:45:00,2022-02-24 15:20:00,1,1908.3400000000001,1964.6,0.24,1291.3343999999943,526.1755936929952,NEWS,lw,2.4541890872145657
2022-02-24 08:00:00,2022-02-24 15:20:00,1,1940.65,1964.6,0.25,596.9999999999955,522.3184212103548,NEWS,trendH4,1.1429809398959796
2022-02-24 10:15:00,2022-02-24 15:20:00,1,1942.63,1964.6,0.24,525.5999999999952,524.5401941434958,NEWS,lw,1.0020204473714927
2022-02-24 12:00:00,2022-02-24 15:20:00,1,1953.68,1964.6,0.24,260.3999999999963,521.1264001438433,NEWS,trendH4,0.4996868320778216
2022-02-24 16:00:00,2022-02-24 16:41:00,1,1959.44,1936.3945799943062,0.24,-554.7700801366515,553.5700801366514,SL,trendH4,-1.0021677472158608
2022-02-25 01:15:00,2022-02-25 09:10:00,1,1906.74,1919.74,0.1,129.3,551.0959862666575,TIME,drift,0.2346233745520983
2022-02-25 01:05:00,2022-02-25 15:20:00,1,1907.1200000000001,1892.6,0.13,-189.67000000000272,529.6747000457626,NEWS,friday,-0.3580877092744201
2022-02-25 23:05:00,2022-02-25 23:55:00,1,1889.82,1888.27,0.46,-74.5199999999979,543.538373575509,TIME,fri_close,-0.13710163554744031
2022-02-28 10:15:00,2022-02-28 16:35:00,-1,1897.75,1908.51,0.19,-205.76999999999984,532.6918714699757,NEWS,lw,-0.38628334881884474
2022-03-01 01:15:00,2022-03-01 09:10:00,1,1908.1399999999999,1907.4,0.16,-12.959999999996509,543.4125193598131,TIME,drift,-0.02384928491390759
2022-03-01 01:10:00,2022-03-01 16:35:00,1,1908.9299999999998,1918.65,0.09,86.8500000000023,519.0857816690761,NEWS,tom,0.16731338647100585
2022-03-01 13:00:00,2022-03-01 16:35:00,1,1925.3400000000001,1918.65,0.19,-128.44000000000105,548.5888806506915,NEWS,lw,-0.23412796819296805
2022-03-01 18:15:00,2022-03-01 23:45:00,1,1925.58,1943.03,0.19,330.2200000000009,548.5888806506915,TIME,tday,0.6019443915967104
2022-03-02 01:15:00,2022-03-02 09:10:00,1,1944.4599999999998,1938.64,0.17,-100.12999999999505,526.5593395738522,TIME,drift,-0.19015900483510728
2022-03-02 12:30:00,2022-03-02 15:05:00,-1,1921.64,1930.3700000000001,0.18,-158.40000000000032,545.3746544069993,NEWS,lw,-0.2904425402244498
2022-03-03 01:15:00,2022-03-03 09:10:00,1,1929.6399999999999,1927.61,0.16,-33.59999999999956,539.0868129490157,TIME,drift,-0.062327623664534516
2022-03-04 01:15:00,2022-03-04 09:10:00,1,1936.1200000000001,1935.79,0.22,-8.8000000000034,537.9078519941958,TIME,drift,-0.016359679390027488
2022-03-04 01:05:00,2022-03-04 15:20:00,1,1937.37,1943.52,0.12,72.96000000000109,535.4512071162391,NEWS,friday,0.13625891403427629
2022-03-04 02:30:00,2022-03-04 15:20:00,1,1942.65,1943.52,0.26,20.799999999997162,533.0000000000017,NEWS,inside,0.03902439024389699
2022-03-04 11:45:00,2022-03-04 15:20:00,1,1944.3700000000001,1943.52,0.18,-16.560000000002457,535.871207116239,NEWS,lw,-0.030902947910038257
2022-03-04 18:15:00,2022-03-04 23:45:00,1,1961.28,1968.54,0.18,129.41999999999985,535.871207116239,TIME,tday,0.24151325594906722
2022-03-04 23:05:00,2022-03-04 23:55:00,1,1967.65,1969.93,0.41000000000000003,90.60999999999888,550.8601951248075,TIME,fri_close,0.1644881964642036
2022-03-07 04:00:00,2022-03-07 15:32:00,1,1998.04,1968.0107953259676,0.18,-541.7856841325827,540.8856841325822,SL,trendH4,-1.0016639375498424
2022-03-07 10:30:00,2022-03-07 15:32:00,1,1997.3600000000001,1966.7937075694006,0.18,-551.4532637507921,550.5532637507936,SL,lw,-1.0016347192165695
2022-03-08 01:15:00,2022-03-08 09:10:00,1,1999.01,2014.77,0.14,219.6599999999999,543.3841308295337,TIME,drift,0.4042444148390303
2022-03-08 18:15:00,2022-03-08 19:34:00,1,2056.1200000000003,2024.7605856001578,0.17,-534.3000447973232,533.4500447973229,SL,tday,-1.0015934013096264
2022-03-09 01:15:00,2022-03-09 09:10:00,1,2049.53,2045.48,0.02,-8.240000000000364,133.318087247724,TIME,drift,-0.06180706736880548
2022-03-08 20:00:00,2022-03-09 15:26:00,1,2030.09,1991.3773683814823,0.14,-554.0840426592473,542.2568426592476,SL,trendH4,-1.0218110663979798
2022-03-08 14:30:00,2022-03-09 15:32:00,1,2013.57,1995.6,0.17,-320.19160000000045,533.4500447973229,TIME,lw,-0.600227899730804
2022-03-08 12:00:00,2022-03-09 16:50:00,1,2006.46,1984.6,0.15,-340.87200000000195,522.4164534933689,NEWS,trendH4,-0.6524909346185604
2022-03-10 01:15:00,2022-03-10 09:10:00,1,1993.04,1980.17,0.09,-116.45999999999901,485.5745617437082,TIME,drift,-0.23983958216795534
2022-03-11 01:15:00,2022-03-11 09:10:00,1,1998.05,1982.85,0.12,-183.24000000000055,498.61378533509964,TIME,drift,-0.3674988646309725
2022-03-11 01:05:00,2022-03-11 23:00:00,1,1997.58,1982.59,0.09,-135.54000000000008,524.8863306822624,TIME,friday,-0.2582273381435201
2022-03-11 23:05:00,2022-03-11 23:55:00,1,1983.63,1985.4,0.28,47.59999999999949,523.5587591655552,TIME,fri_close,0.09091625183745199
2022-03-14 11:15:00,2022-03-15 12:18:00,-1,1969.72,1933.3700000000001,0.13,476.11329999999884,507.2316131497477,TIME,lw,0.9386506827590773
2022-03-15 10:15:00,2022-03-15 15:20:00,-1,1932.54,1928.64,0.13,49.78999999999823,508.5057836390517,NEWS,lw,0.09791432389162409
2022-03-16 01:15:00,2022-03-16 09:10:00,1,1917.84,1918.03,0.16,1.920000000000873,525.8741970096394,TIME,drift,0.0036510633359059428
2022-03-17 01:15:00,2022-03-17 09:10:00,1,1925.8899999999999,1930.97,0.15,75.15000000000232,529.9559769471191,TIME,drift,0.14180423142486995
2022-03-17 04:30:00,2022-03-17 15:20:00,1,1930.79,1941.06,0.15,152.99999999999972,535.4999999999982,NEWS,nr7,0.28571428571428614
2022-03-17 11:45:00,2022-03-17 15:20:00,1,1941.26,1941.06,0.13,-3.5100000000005918,511.52646650510076,NEWS,lw,-0.00686181503761075
2022-03-17 18:15:00,2022-03-17 23:45:00,1,1948.23,1941.14,0.13,-93.07999999999893,511.52646650510076,TIME,tday,-0.18196516914549674
2022-03-18 01:15:00,2022-03-18 09:10:00,1,1942.12,1932.15,0.2,-200.799999999996,520.4564963669465,TIME,drift,-0.38581514766687147
2022-03-18 01:05:00,2022-03-18 16:50:00,1,1942.76,1933.77,0.09,-81.54000000000008,518.6987355584901,NEWS,friday,-0.15720107725384147
2022-03-18 23:05:00,2022-03-18 23:55:00,1,1919.87,1920.83,0.4,35.60000000000146,534.0036085912052,TIME,fri_close,0.06666621615895157
2022-03-21 17:15:00,2022-03-21 19:20:00,1,1934.45,1936.39,0.14,26.180000000000767,527.2010046118796,NEWS,lw,0.049658478969087386
2022-03-21 18:15:00,2022-03-21 19:20:00,1,1935.1,1936.39,0.14,17.080000000002677,527.2010046118796,NEWS,tday,0.03239751034347291
2022-03-22 01:15:00,2022-03-22 09:10:00,1,1936.6899999999998,1936.69,0.23,-1.6099999999947705,533.1468888671817,TIME,drift,-0.003019805673846586
2022-03-22 11:45:00,2022-03-23 12:47:00,-1,1925.56,1930.0400000000002,0.14,-58.882600000003436,512.6137899967455,TIME,lw,-0.11486737413048774
2022-03-23 13:45:00,2022-03-23 14:50:00,1,1933.45,1929.46,0.14,-56.84000000000013,503.7485192826921,NEWS,lw,-0.11283407856153485
2022-03-23 18:15:00,2022-03-23 23:45:00,1,1932.25,1945.55,0.14,185.2199999999994,503.7485192826921,TIME,tday,0.36768346289879256
2022-03-24 01:15:00,2022-03-24 09:10:00,1,1945.01,1941.45,0.25,-90.74999999999864,534.1856249833469,TIME,drift,-0.16988476618558904
2022-03-24 18:15:00,2022-03-24 23:45:00,1,1964.22,1957.02,0.15,-109.05000000000067,536.4498023475761,TIME,tday,-0.203280902561215
2022-03-25 01:15:00,2022-03-25 09:11:00,1,1959.1200000000001,1958.59,0.21,-12.600000000004203,522.8314292973708,TIME,drift,-0.02409954584585178
2022-03-24 17:30:00,2022-03-25 18:33:00,1,1960.05,1960.14,0.15,-11.621999999997819,536.4498023475761,TIME,lw,-0.021664655200054863
2022-03-25 01:05:00,2022-03-25 23:01:00,1,1959.55,1955.11,0.1,-45.100000000000556,528.628387894178,TIME,friday,-0.08531513069068998
2022-03-25 23:05:00,2022-03-25 23:55:00,1,1955.3999999999999,1957.26,0.51,91.2900000000065,528.2762397825911,TIME,fri_close,0.17280731769722663
2022-03-28 10:15:00,2022-03-29 11:17:00,-1,1934.88,1918.67,0.15,247.26150000000052,513.9406459017368,TIME,lw,0.4811090579655687
2022-03-29 15:30:00,2022-03-29 16:50:00,-1,1897.3300000000002,1899.92,0.15,-39.89999999999877,521.619885480184,NEWS,lw,-0.07649248257333652
2022-03-30 01:15:00,2022-03-30 09:10:00,1,1921.21,1925.61,0.2,86.59999999999728,524.5486446900483,TIME,drift,0.16509431656461251
2022-03-30 18:15:00,2022-03-30 23:45:00,1,1937.05,1933.34,0.15,-56.70000000000054,526.4684650887424,TIME,tday,-0.10769875834907433
2022-03-31 01:15:00,2022-03-31 09:10:00,1,1933.7599999999998,1923.55,0.24,-246.7199999999954,522.2984863138987,TIME,drift,-0.47237356887861615
2022-04-01 01:15:00,2022-04-01 09:10:00,1,1937.6100000000001,1937.63,0.24,-1.2000000000004365,520.4583453643181,TIME,drift,-0.002305660021957075
2022-03-31 17:45:00,2022-04-01 15:20:00,1,1942.24,1930.42,0.15,-190.27199999999905,513.1207175824039,NEWS,lw,-0.3708133261437501
2022-04-01 01:05:00,2022-04-01 15:20:00,1,1937.75,1930.42,0.1,-73.99999999999928,508.99066632651807,NEWS,friday,-0.1453857701047276
2022-04-01 01:10:00,2022-04-01 15:20:00,1,1937.37,1930.42,0.07,-49.139999999998736,474.89462190475024,NEWS,tom,-0.10347558749539758
2022-04-01 16:15:00,2022-04-01 16:35:00,-1,1923.93,1928.27,0.15,-66.14999999999877,509.34066632651803,NEWS,lw,-0.12987378462648147
2022-04-01 23:05:00,2022-04-04 01:17:00,1,1924.12,1923.07,0.44,-84.251199999998,526.8650948855538,TIME,fri_close,-0.1599103846845256
2022-04-05 01:15:00,2022-04-05 09:10:00,1,1933.47,1930.85,0.26,-69.94000000000307,523.8131123859853,TIME,drift,-0.13352090344096992
2022-04-04 18:00:00,2022-04-05 16:35:00,1,1934.94,1941.29,0.16,87.76319999999852,529.0955171234084,NEWS,lw,0.1658740192643293
2022-04-06 01:15:00,2022-04-06 09:10:00,1,1923.1699999999998,1918.96,0.21,-89.87999999999597,512.0580265422916,TIME,drift,-0.1755269819846729
2022-04-07 01:15:00,2022-04-07 09:10:00,1,1924.5099999999998,1923.94,0.22,-14.079999999993596,527.3944546485775,TIME,drift,-0.026697284880205317
2022-04-08 01:15:00,2022-04-08 09:10:00,1,1932.1599999999999,1931.16,0.27,-28.88999999999386,516.9493756586079,TIME,drift,-0.055885549650170674
2022-04-07 17:45:00,2022-04-08 18:47:00,1,1934.3500000000001,1944.2,0.27,242.60039999999756,520.2900000000012,TIME,nr7,0.4662791904514732
2022-04-08 01:05:00,2022-04-08 23:00:00,1,1932.1899999999998,1944.03,0.11,129.4700000000016,493.25667346494214,TIME,friday,0.2624799763792827
2022-04-08 18:15:00,2022-04-08 23:45:00,1,1943.8,1945.56,0.17,28.729999999999844,508.6005120547889,TIME,tday,0.05648834265606266
2022-04-08 23:05:00,2022-04-08 23:55:00,1,1944.56,1946.32,0.5700000000000001,96.3299999999995,533.3828978392961,TIME,fri_close,0.18060196603645687
2022-04-08 15:15:00,2022-04-11 16:20:00,1,1938.0900000000001,1960.96,0.17,374.0883999999982,508.6005120547889,TIME,lw,0.7355250164586928
2022-04-12 01:15:00,2022-04-12 09:10:00,1,1952.48,1957.54,0.22,109.7799999999988,519.4396161031945,TIME,drift,0.21134314094785822
2022-04-11 11:45:00,2022-04-12 12:47:00,1,1956.8500000000001,1952.66,0.18,-90.98640000000098,526.4997471463051,TIME,lw,-0.17281375820816386
2022-04-12 16:00:00,2022-04-12 19:50:00,1,1970.6000000000001,1973.47,0.18,50.39999999999803,527.2454794929976,NEWS,lw,0.09559114674337839
2022-04-12 18:15:00,2022-04-12 19:50:00,1,1973.99,1973.47,0.18,-10.619999999999672,527.2454794929976,NEWS,tday,-0.020142420206640612
2022-04-13 01:15:00,2022-04-13 09:10:00,1,1967.1299999999999,1970.06,0.21,60.06000000000134,539.3992002398654,TIME,drift,0.11134610502442951
2022-04-13 12:45:00,2022-04-13 15:20:00,1,1977.6000000000001,1978.58,0.18,16.379999999996233,526.8065166720689,NEWS,lw,0.031093009447703164
2022-04-13 18:15:00,2022-04-13 19:50:00,1,1978.27,1979.52,0.18,21.239999999999995,526.8065166720689,NEWS,tday,0.0403184078552727
2022-04-14 01:15:00,2022-04-14 09:10:00,1,1978.54,1973.11,0.26,-143.00000000000165,527.7724744148283,TIME,drift,-0.2709500910568593
2022-04-14 12:15:00,2022-04-14 15:20:00,-1,1969.15,1977.73,0.18,-155.69999999999868,513.3103369097785,NEWS,lw,-0.3033252767465019
2022-04-19 01:15:00,2022-04-19 09:10:00,1,1978.45,1974.92,0.24,-86.39999999999935,532.398472919344,TIME,drift,-0.16228446247457318
2022-04-18 10:15:00,2022-04-19 11:17:00,1,1989.69,1979.73,0.19,-205.6712000000007,530.2006080028383,TIME,lw,-0.38791204101919796
2022-04-19 16:15:00,2022-04-20 16:50:00,-1,1962.3600000000001,1949.23,0.19,254.67790000000207,528.9177074312068,NEWS,lw,0.48150760774657275
2022-04-21 01:15:00,2022-04-21 09:10:00,1,1956.01,1952.59,0.27,-94.23000000000198,532.3342751303487,TIME,drift,-0.17701283648686456
2022-04-21 11:15:00,2022-04-21 15:20:00,-1,1947.44,1940.92,0.19,122.54999999999966,530.2903701830306,NEWS,lw,0.23109980284518708
2022-04-22 01:15:00,2022-04-22 09:10:00,1,1951.02,1954.76,0.25,91.75000000000023,536.4348428209513,TIME,drift,0.17103661558879035
2022-04-22 01:05:00,2022-04-22 16:35:00,1,1950.8300000000002,1936.88,0.13,-182.2600000000006,534.3328527872118,NEWS,friday,-0.34109824812247186
2022-04-22 23:05:00,2022-04-22 23:55:00,1,1934.04,1931.96,0.41000000000000003,-88.14999999999704,535.9804248486313,TIME,fri_close,-0.16446496161663346
2022-04-25 10:15:00,2022-04-26 11:17:00,-1,1919.3600000000001,1901.52,0.19,344.16790000000276,523.4571049027153,TIME,lw,0.6574901682993997
2022-04-27 01:15:00,2022-04-27 09:10:00,1,1905.85,1897.99,0.23,-182.3899999999977,525.4062685141326,TIME,drift,-0.3471408906403097
2022-04-27 10:15:00,2022-04-27 17:20:00,-1,1897.55,1888.65,0.19,167.7699999999974,526.7200547375451,NEWS,lw,0.318518344784867
2022-04-28 01:15:00,2022-04-28 09:10:00,1,1886.1299999999999,1874.84,0.24,-272.63999999999913,526.5847715990913,TIME,drift,-0.517751394845824
2022-04-29 01:15:00,2022-04-29 09:10:00,1,1894.84,1908.15,0.24,317.76000000000414,530.9292826194495,TIME,drift,0.5984977856792328
2022-04-29 01:05:00,2022-04-29 16:35:00,1,1895.55,1908.24,0.13,164.0600000000007,533.4377162694898,NEWS,friday,0.30755230647605447
2022-04-29 10:15:00,2022-04-29 16:35:00,1,1911.5800000000002,1908.24,0.19,-64.79000000000278,520.203159442067,NEWS,lw,-0.12454749423185345
2022-04-29 23:05:00,2022-04-29 23:55:00,1,1896.35,1896.36,0.4,-2.400000000000364,539.8876902223334,TIME,fri_close,-0.004445368997044571
2022-05-02 01:10:00,2022-05-02 16:35:00,1,1898.3899999999999,1861.36,0.09,-333.89999999999975,492.14375680241983,NEWS,tom,-0.6784602982052053
2022-05-03 01:15:00,2022-05-03 09:10:00,1,1863.6599999999999,1861.56,0.21,-45.56999999999809,517.0831862304331,TIME,drift,-0.08812895335508021
2022-05-04 01:15:00,2022-05-04 09:10:00,1,1868.6399999999999,1862.83,0.23,-135.2399999999988,531.7281466164178,TIME,drift,-0.25434049497018496
2022-05-05 01:15:00,2022-05-05 09:10:00,1,1882.93,1899.06,0.21,337.2599999999975,535.175153735156,TIME,drift,0.6301862066019951
2022-05-05 10:15:00,2022-05-05 15:20:00,1,1896.32,1901.21,0.18,86.7600000000018,514.5007083436284,NEWS,lw,0.1686295054467756
2022-05-06 01:15:00,2022-05-06 09:10:00,1,1877.2399999999998,1875.63,0.2,-33.59999999999346,520.0209129075965,TIME,drift,-0.06461278607455524
2022-05-06 01:05:00,2022-05-06 15:20:00,1,1876.7099999999998,1882.57,0.12,69.48000000000152,525.4292291762263,NEWS,friday,0.13223474474180477
2022-05-06 23:05:00,2022-05-06 23:55:00,1,1882.29,1882.37,0.45,0.4499999999967259,533.947494754961,TIME,fri_close,0.0008427794950198984
2022-05-06 18:30:00,2022-05-09 12:28:00,1,1892.01,1862.816153934654,0.18,-541.0556291762272,525.8492291762263,SL,lw,-1.0289177946002175
2022-05-09 18:15:00,2022-05-09 23:45:00,-1,1860.8700000000001,1854.5500000000002,0.18,112.49999999999883,522.3857128064958,TIME,tday,0.2153581103809237
2022-05-10 01:15:00,2022-05-10 09:10:00,1,1853.4699999999998,1862.85,0.23,214.13000000000252,526.9575978851217,TIME,drift,0.4063514803835953
2022-05-11 01:15:00,2022-05-11 09:10:00,1,1840.28,1838.6,0.21,-36.750000000001336,532.4600495641612,TIME,drift,-0.06901926262840304
2022-05-11 11:15:00,2022-05-11 15:20:00,1,1850.9,1850.56,0.18,-7.380000000002619,529.7006401239685,NEWS,lw,-0.01393239773747572
2022-05-12 01:15:00,2022-05-12 09:10:00,1,1851.4299999999998,1849.85,0.22,-36.2999999999984,535.0878649904669,TIME,drift,-0.06783932579118594
2022-05-12 14:45:00,2022-05-12 15:20:00,-1,1841.06,1842.9,0.18,-34.38000000000262,525.4477372579706,NEWS,lw,-0.06542991350464912
2022-05-12 18:15:00,2022-05-12 19:50:00,-1,1840.8600000000001,1834.2900000000002,0.18,116.99999999999885,525.4477372579706,NEWS,tday,0.22266724491109044
2022-05-13 01:15:00,2022-05-13 09:10:00,1,1822.9,1827.1,0.21,86.72999999999618,519.2710147464442,TIME,drift,0.1670226096527759
2022-05-13 01:05:00,2022-05-13 23:00:00,1,1823.12,1809.69,0.12,-161.99999999999804,535.7614703109729,TIME,friday,-0.30237336758458594
2022-05-13 23:05:00,2022-05-13 23:55:00,1,1809.67,1811.64,0.5,95.00000000000136,534.2640965398863,TIME,fri_close,0.17781468119467578
2022-05-16 10:45:00,2022-05-16 22:06:00,-1,1794.82,1824.588012357312,0.18,-537.0842224316168,536.1842224316176,SL,lw,-1.0016785275700908
2022-05-17 01:15:00,2022-05-17 09:10:00,1,1824.35,1829.64,0.2,104.40000000000381,517.2559239613997,TIME,drift,0.2018343244876876
2022-05-18 01:15:00,2022-05-18 09:10:00,1,1814.98,1814.08,0.24,-23.280000000002183,526.4459298837257,TIME,drift,-0.04422106559954591
2022-05-19 01:15:00,2022-05-19 09:10:00,1,1815.91,1813.86,0.25,-53.00000000000455,536.7748686222938,TIME,drift,-0.09873785659160293
2022-05-18 18:45:00,2022-05-19 15:20:00,1,1824.17,1828.71,0.17,35.45519999999938,510.31259950284533,NEWS,lw,0.0694774144995448
2022-05-19 12:15:00,2022-05-19 15:20:00,1,1827.17,1828.71,0.18,26.459999999999344,524.2230600154027,NEWS,lw,0.050474696781217326
2022-05-20 01:15:00,2022-05-20 09:10:00,1,1842.34,1847.04,0.26,120.3800000000012,525.1207415235214,TIME,drift,0.22924251601783113
2022-05-20 01:05:00,2022-05-20 23:00:00,1,1842.34,1844.66,0.12,27.000000000001965,535.5885557285882,TIME,friday,0.05041183145385267
2022-05-20 23:05:00,2022-05-20 23:55:00,1,1845.34,1845.64,0.63,14.49000000001146,537.7943805395886,TIME,fri_close,0.02694338305557064
2022-05-24 01:15:00,2022-05-24 09:10:00,1,1853.82,1852.38,0.28,-42.27999999999517,534.5495120754443,TIME,drift,-0.07909463771810145
2022-05-23 10:15:00,2022-05-24 11:17:00,1,1853.67,1859.19,0.18,83.79359999999967,519.7979446051178,TIME,lw,0.16120417725710004
2022-05-25 01:15:00,2022-05-25 09:10:00,1,1865.95,1858.38,0.31,-236.839999999998,533.1755717079371,TIME,drift,-0.4442063976061795
2022-05-25 11:30:00,2022-05-25 15:20:00,-1,1855.06,1854.9,0.19,1.709999999997235,528.7065193103841,NEWS,lw,0.003234308520022915
2022-05-25 18:15:00,2022-05-25 23:45:00,-1,1849.8400000000001,1853.72,0.19,-75.04999999999775,528.7065193103841,TIME,tday,-0.14195020726789764
2022-05-26 01:15:00,2022-05-26 09:10:00,1,1853.6899999999998,1844.53,0.29,-267.6699999999957,527.579807983112,TIME,drift,-0.5073545195432573
2022-05-27 01:15:00,2022-05-27 09:10:00,1,1851.4399999999998,1853.82,0.33,76.2300000000036,527.1233727593299,TIME,drift,0.14461510139640144
2022-05-27 01:05:00,2022-05-27 23:00:00,1,1851.0,1853.44,0.13,30.81000000000071,520.3547165379622,TIME,friday,0.05920961033078862
2022-05-27 23:05:00,2022-05-27 23:55:00,1,1853.57,1853.02,0.75,-46.49999999999659,530.189728218142,TIME,fri_close,-0.08770445281215362
2022-05-27 10:15:00,2022-05-30 11:18:00,1,1856.22,1858.54,0.2,29.103999999998734,534.1638118338072,TIME,lw,0.05448515858849265
2022-05-31 01:15:00,2022-05-31 09:10:00,1,1856.95,1854.46,0.37,-94.72000000000034,528.4997565959428,TIME,drift,-0.17922430203202006
2022-05-30 10:15:00,2022-05-31 13:44:00,1,1863.24,1849.97,0.2,-282.69599999999963,516.0378252742497,TIME,lw,-0.5478203072609262
2022-05-31 18:15:00,2022-05-31 23:45:00,-1,1843.8400000000001,1837.95,0.21,122.2200000000021,526.9568796423937,TIME,tday,0.2319354860362459
2022-06-01 01:15:00,2022-06-01 09:10:00,1,1837.66,1833.07,0.29,-135.14000000000422,531.9412449371481,TIME,drift,-0.2540506142101686
2022-06-01 01:10:00,2022-06-01 16:35:00,1,1837.6000000000001,1848.34,0.1,106.69999999999783,496.9305738334094,NEWS,tom,0.21471812284942612
2022-06-01 16:15:00,2022-06-01 16:35:00,1,1846.27,1848.34,0.21,41.999999999998664,522.5121025250799,NEWS,lw,0.08038091327843018
2022-06-02 01:15:00,2022-06-02 09:10:00,1,1846.59,1848.75,0.28,58.5200000000023,516.4625967409744,TIME,drift,0.11330927035041861
2022-06-02 13:30:00,2022-06-02 15:05:00,1,1856.76,1857.17,0.21,7.140000000001719,517.634809487574,NEWS,lw,0.013793508220727798
2022-06-03 01:15:00,2022-06-03 09:10:00,1,1869.34,1868.81,0.35000000000000003,-20.999999999999048,528.62525752576,TIME,drift,-0.039725684123172476
2022-06-03 01:05:00,2022-06-03 15:20:00,1,1869.25,1866.09,0.14,-45.22000000000115,519.7558945241758,NEWS,friday,-0.08700238030277462
2022-06-03 18:15:00,2022-06-03 23:45:00,-1,1856.24,1851.42,0.21,99.74999999999866,520.2458945241758,TIME,tday,0.19173625597032615
2022-06-03 18:00:00,2022-06-06 19:03:00,-1,1857.55,1842.95,0.21,312.35609999999804,520.2458945241758,TIME,lw,0.6004008936691049
2022-06-07 01:15:00,2022-06-07 09:10:00,1,1840.96,1839.12,0.41000000000000003,-78.31000000000597,535.947549196749,TIME,drift,-0.14611504449898693
2022-06-08 01:15:00,2022-06-08 09:10:00,1,1852.6699999999998,1849.93,0.32,-89.91999999999301,520.1554271912486,TIME,drift,-0.17287140592869676
2022-06-07 11:45:00,2022-06-08 12:47:00,1,1848.0,1849.2,0.22,7.374400000001,536.0592701265517,TIME,lw,0.01375668776003084
2022-06-09 01:15:00,2022-06-09 09:10:00,1,1853.08,1851.86,0.35000000000000003,-45.150000000000965,528.671874966005,TIME,drift,-0.08540268952817705
2022-06-09 17:15:00,2022-06-09 19:50:00,-1,1841.3,1849.6000000000001,0.29,-242.73000000000525,532.1499999999992,NEWS,nr7,-0.45613079019074626
2022-06-09 18:15:00,2022-06-09 19:50:00,-1,1843.43,1849.6000000000001,0.22,-137.2800000000016,513.1151869968736,NEWS,tday,-0.2675422662959263
2022-06-10 01:15:00,2022-06-10 09:10:00,1,1847.93,1845.31,0.36,-96.84000000000425,531.7360260020986,TIME,drift,-0.18212044184424334
2022-06-10 01:05:00,2022-06-10 15:20:00,1,1848.1,1833.71,0.15,-216.8999999999981,511.5660460928101,NEWS,friday,-0.42399217394628913
2022-06-10 23:05:00,2022-06-10 23:55:00,1,1872.06,1871.49,0.4,-25.599999999997458,527.2068951824689,TIME,fri_close,-0.04855778677010127
2022-06-13 11:45:00,2022-06-14 12:47:00,-1,1853.89,1823.5,0.21,643.9461000000019,520.2372399471018,TIME,lw,1.2377931654133005
2022-06-15 01:15:00,2022-06-15 09:10:00,1,1808.71,1818.86,0.25,251.9999999999966,533.5553680498775,TIME,drift,0.4723033729771027
2022-06-15 10:15:00,2022-06-15 15:20:00,1,1821.7,1831.55,0.19,185.81999999999826,517.8354148372557,NEWS,lw,0.35883988363058833
2022-06-16 01:15:00,2022-06-16 09:10:00,1,1834.06,1832.28,0.18,-33.29999999999951,524.2597901357741,TIME,drift,-0.06351812713192326
2022-06-16 14:45:00,2022-06-16 15:20:00,-1,1817.06,1823.68,0.19,-127.11000000000224,527.750028063166,NEWS,lw,-0.2408526636492922
2022-06-17 01:15:00,2022-06-17 09:10:00,1,1852.12,1845.89,0.2,-125.99999999999584,529.9887742257791,TIME,drift,-0.23774088457639464
2022-06-17 01:05:00,2022-06-17 15:35:00,1,1853.72,1850.15,0.12,-43.67999999999924,518.2398743112061,NEWS,friday,-0.08428529367419756
2022-06-17 18:15:00,2022-06-17 23:45:00,-1,1839.6100000000001,1841.6100000000001,0.18,-37.26,518.6598743112062,TIME,tday,-0.07183898706157335
2022-06-17 19:45:00,2022-06-20 20:48:00,-1,1838.98,1837.34,0.18,34.4538000000018,518.6598743112062,TIME,lw,0.06642850489592499
2022-06-21 01:15:00,2022-06-21 09:13:00,1,1838.45,1834.87,0.34,-124.10000000000527,523.7686829838027,TIME,drift,-0.23693665549653148
2022-06-21 09:45:00,2022-06-21 16:50:00,-1,1833.99,1837.41,0.44,-153.5600000000032,529.3199999999916,NEWS,inside,-0.2901080631754055
2022-06-21 10:30:00,2022-06-21 16:50:00,-1,1832.8300000000002,1837.41,0.19,-88.34999999999862,516.773819845035,NEWS,lw,-0.17096454310803155
2022-06-22 01:15:00,2022-06-22 09:10:00,1,1830.9899999999998,1825.81,0.3,-157.49999999999508,520.1712628745873,TIME,drift,-0.3027848926709512
2022-06-22 10:15:00,2022-06-22 16:20:00,-1,1824.78,1842.43,0.2,-354.4000000000018,526.7601246605605,NEWS,lw,-0.6727920041942697
2022-06-23 01:15:00,2022-06-23 09:10:00,1,1838.25,1834.21,0.27,-110.96999999999902,519.8309084276485,TIME,drift,-0.2134732625569611
2022-06-23 14:15:00,2022-06-23 15:20:00,-1,1826.94,1830.97,0.2,-81.99999999999946,524.1915443276633,NEWS,lw,-0.15643136728802828
2022-06-24 01:15:00,2022-06-24 09:10:00,1,1824.76,1823.5,0.27,-35.909999999999755,528.5183537472976,TIME,drift,-0.0679446602854771
2022-06-24 01:05:00,2022-06-24 16:50:00,1,1824.27,1825.17,0.13,10.790000000001182,507.0527017395094,NEWS,friday,0.02127983928097553
2022-06-24 23:05:00,2022-06-24 23:55:00,1,1825.8,1827.21,0.62,83.08000000000507,528.2548623681861,TIME,fri_close,0.157272570341434
2022-06-27 18:15:00,2022-06-27 23:45:00,-1,1824.49,1823.43,0.21,20.789999999998855,529.9177017395095,TIME,tday,0.03923250710771415
2022-06-28 01:15:00,2022-06-28 09:10:00,1,1822.49,1827.46,0.32,156.80000000000086,520.9852642844464,TIME,drift,0.30096820533947294
2022-06-29 01:15:00,2022-06-29 09:10:00,1,1820.28,1821.24,0.37,32.93000000000134,520.2492002989096,TIME,drift,0.06329658936732893
2022-06-29 13:00:00,2022-06-29 15:20:00,-1,1814.69,1826.8700000000001,0.22,-269.5000000000014,525.9970784906457,NEWS,lw,-0.5123602602001794
2022-06-30 01:15:00,2022-06-30 09:10:00,1,1817.66,1817.21,0.32,-16.640000000001457,529.390993189921,TIME,drift,-0.0314323443618388
2022-06-30 14:45:00,2022-06-30 15:20:00,-1,1803.91,1806.48,0.22,-58.0799999999986,521.7401443127421,NEWS,lw,-0.11131978367603665
2022-06-30 18:15:00,2022-06-30 23:45:00,-1,1806.06,1807.47,0.22,-32.5600000000018,521.7401443127421,TIME,tday,-0.062406545394146716
2022-07-01 01:15:00,2022-07-01 09:10:00,1,1805.9399999999998,1798.98,0.23,-161.68999999999562,511.4401320269209,TIME,drift,-0.3161464849447612
2022-07-01 01:05:00,2022-07-01 16:35:00,1,1807.1299999999999,1794.9,0.14,-172.19999999999706,495.5014915499305,NEWS,friday,-0.3475267036257647
2022-07-01 01:10:00,2022-07-01 16:35:00,1,1806.6200000000001,1794.9,0.11,-129.6900000000003,518.840134004689,NEWS,tom,-0.24996138791149922
2022-07-01 23:05:00,2022-07-01 23:55:00,1,1807.19,1808.4,0.47000000000000003,53.58000000000171,517.1739406476404,TIME,fri_close,0.10360150771112943
2022-07-05 01:15:00,2022-07-05 09:10:00,1,1808.57,1810.68,0.35000000000000003,71.40000000000447,513.9052141437987,TIME,drift,0.13893612680883527
2022-07-05 18:15:00,2022-07-05 23:45:00,-1,1767.5900000000001,1766.06,0.23,33.5800000000046,523.3744552124828,TIME,tday,0.06416056356126817
2022-07-05 11:15:00,2022-07-06 12:17:00,-1,1803.28,1766.65,0.23,848.7942999999973,523.3744552124828,TIME,lw,1.6217725025486744
2022-07-06 18:15:00,2022-07-06 23:45:00,-1,1737.6000000000001,1738.66,0.21,-23.729999999998853,516.1805163758006,TIME,tday,-0.04597228924216589
2022-07-06 18:00:00,2022-07-07 15:20:00,-1,1743.64,1745.69,0.21,-22.841699999999047,516.1805163758006,NEWS,lw,-0.04425137965372051
2022-07-08 01:15:00,2022-07-08 09:10:00,1,1741.12,1743.01,0.29,52.7800000000029,515.9719381620878,TIME,drift,0.10229238471380309
2022-07-08 01:05:00,2022-07-08 15:20:00,1,1740.8,1743.85,0.14,41.71999999999937,520.3211595281135,NEWS,friday,0.08018124813112697
2022-07-08 23:05:00,2022-07-08 23:55:00,1,1741.7,1742.56,0.62,48.979999999993794,528.1403557113432,TIME,fri_close,0.09274049875250201
2022-07-11 14:45:00,2022-07-12 15:47:00,-1,1734.25,1733.5300000000002,0.21,20.876099999995795,512.7103624189624,TIME,lw,0.04071714076833275
2022-07-13 01:15:00,2022-07-13 09:10:00,1,1725.29,1725.07,0.28,-8.120000000000765,522.8932619031685,TIME,drift,-0.015528981900524966
2022-07-14 01:15:00,2022-07-14 09:10:00,1,1736.58,1726.79,0.21,-207.05999999999923,525.8077647929584,TIME,drift,-0.3937941085398976
2022-07-14 10:15:00,2022-07-14 15:20:00,-1,1718.24,1714.94,0.21,67.82999999999905,515.0393863828208,NEWS,lw,0.13169866575909217
2022-07-14 18:15:00,2022-07-14 23:45:00,-1,1705.8,1711.26,0.21,-116.13000000000076,515.0393863828208,TIME,tday,-0.22547790143894575
2022-07-15 01:15:00,2022-07-15 09:10:00,1,1711.1399999999999,1706.48,0.22,-104.0599999999968,514.4338710525589,TIME,drift,-0.2022806153628348
2022-07-15 01:05:00,2022-07-15 15:20:00,1,1711.15,1707.52,0.13,-48.100000000001415,497.7615117280444,NEWS,friday,-0.09663262198199285
2022-07-15 23:05:00,2022-07-15 23:55:00,1,1705.98,1707.01,0.66,63.3599999999982,527.0160064165426,TIME,fri_close,0.12022405245490735
2022-07-19 01:15:00,2022-07-19 09:10:00,1,1709.7,1709.83,0.3,1.7999999999964529,525.7596176927684,TIME,drift,0.003423617827279189
2022-07-18 10:15:00,2022-07-19 11:17:00,1,1716.63,1711.52,0.21,-125.47080000000267,524.5865117280443,TIME,lw,-0.2391803776781991
2022-07-20 01:15:00,2022-07-20 09:10:00,1,1711.82,1707.36,0.38,-172.14000000000138,525.9882808422425,TIME,drift,-0.3272696489061714
2022-07-19 14:00:00,2022-07-20 15:02:00,1,1717.03,1708.08,0.21,-206.11080000000095,514.2660466046129,TIME,lw,-0.40078632715658685
2022-07-20 19:45:00,2022-07-21 15:20:00,-1,1704.68,1686.41,0.22,423.1105999999995,521.0781269691133,NEWS,lw,0.8119907132948592
2022-07-21 11:45:00,2022-07-21 15:20:00,-1,1687.05,1686.41,0.22,12.539999999997196,518.7596893284622,NEWS,lw,0.024173042466407342
2022-07-22 01:15:00,2022-07-22 09:10:00,1,1717.68,1716.82,0.23,-21.390000000002928,524.3708931743793,TIME,drift,-0.04079173782990601
2022-07-22 01:05:00,2022-07-22 16:35:00,1,1718.25,1725.51,0.14,100.65999999999988,518.7047246320461,NEWS,friday,0.19406031065440002
2022-07-22 23:05:00,2022-07-22 23:55:00,1,1724.47,1726.91,0.48,113.76000000000262,523.3603829614402,TIME,fri_close,0.21736456121552508
2022-07-25 18:15:00,2022-07-25 23:45:00,-1,1717.16,1719.1200000000001,0.21,-42.63000000000076,521.8893871583286,TIME,tday,-0.08168397566411491
2022-07-25 17:45:00,2022-07-26 16:50:00,-1,1715.6200000000001,1719.7800000000002,0.21,-81.60390000000172,521.8893871583286,NEWS,lw,-0.1563624438587119
2022-07-27 01:15:00,2022-07-27 09:10:00,1,1718.43,1719.35,0.35000000000000003,29.749999999994596,529.1690035408599,TIME,drift,0.056220224164542254
2022-07-27 11:30:00,2022-07-27 15:20:00,1,1724.23,1722.78,0.22,-33.440000000001,525.9994561357304,NEWS,lw,-0.0635742102200426
2022-07-28 01:15:00,2022-07-28 09:10:00,1,1735.27,1738.43,0.27,83.43000000000221,522.701973744568,TIME,drift,0.15961294234709061
2022-07-28 11:15:00,2022-07-28 15:20:00,1,1747.5,1739.58,0.21,-167.7900000000015,509.4117906657611,NEWS,lw,-0.3293798908358858
2022-07-29 01:15:00,2022-07-29 09:10:00,1,1755.26,1765.6,0.26,267.0199999999979,525.0842729122021,TIME,drift,0.5085278949968581
2022-07-29 01:05:00,2022-07-29 16:35:00,1,1755.5,1756.02,0.14,6.299999999999746,508.1152341896352,NEWS,friday,0.012398762280857937
2022-07-29 10:15:00,2022-07-29 16:35:00,1,1766.49,1756.02,0.21,-221.34000000000054,508.60523418963515,NEWS,lw,-0.4351901732837323
2022-07-29 23:05:00,2022-07-29 23:55:00,1,1763.02,1765.87,0.58,161.23999999999472,523.9513451708747,TIME,fri_close,0.30773849802296055
2022-08-01 01:10:00,2022-08-01 16:35:00,1,1765.4499999999998,1770.17,0.11,51.15000000000279,519.1384931232507,NEWS,tom,0.09852862131696921
2022-08-01 13:00:00,2022-08-01 16:35:00,1,1773.71,1770.17,0.22,-79.4199999999992,519.9084931232507,NEWS,lw,-0.15275765072214684
2022-08-02 01:15:00,2022-08-02 09:10:00,1,1772.08,1772.95,0.28,22.40000000000331,516.3856842471702,TIME,drift,0.04337842950208793
2022-08-02 14:30:00,2022-08-02 16:50:00,1,1779.76,1776.1,0.22,-82.0600000000018,509.48645790016144,NEWS,lw,-0.16106414356568083
2022-08-03 01:15:00,2022-08-03 09:10:00,1,1761.12,1768.44,0.23,166.75000000000375,510.22809845433017,TIME,drift,0.32681461586523997
2022-08-04 01:15:00,2022-08-04 09:10:00,1,1764.54,1770.02,0.27,146.0700000000005,526.9798636524159,TIME,drift,0.2771832665248572
2022-08-04 10:15:00,2022-08-04 15:20:00,1,1773.38,1787.64,0.23,326.3699999999998,531.9409883715044,NEWS,lw,0.6135455005998991
2022-08-05 01:15:00,2022-08-05 09:10:00,1,1790.6,1791.49,0.3,24.600000000002996,533.5539740177643,TIME,drift,0.0461059259192847
2022-08-05 01:05:00,2022-08-05 15:20:00,1,1791.01,1787.26,0.15,-57.3,533.853692852997,NEWS,friday,-0.1073327781883083
2022-08-05 23:05:00,2022-08-05 23:55:00,1,1774.06,1775.25,0.59,66.08000000000322,526.853555254556,TIME,fri_close,0.12542384755869368
2022-08-09 01:15:00,2022-08-09 09:10:00,1,1788.82,1787.36,0.37,-56.61000000000135,531.008809529491,TIME,drift,-0.10660840081007612
2022-08-08 15:30:00,2022-08-09 16:32:00,1,1785.71,1797.5,0.22,240.35439999999917,532.27763859034,TIME,lw,0.4515583270350092
2022-08-10 01:15:00,2022-08-10 09:10:00,1,1794.56,1788.92,0.34,-194.1399999999957,524.7441072615285,TIME,drift,-0.36997080541437655
2022-08-09 16:30:00,2022-08-10 15:20:00,1,1797.27,1791.01,0.22,-156.7455999999998,524.6335215481728,NEWS,lw,-0.2987716063919243
2022-08-11 01:15:00,2022-08-11 09:10:00,1,1791.8899999999999,1786.46,0.28,-153.99999999999542,515.9721402670734,TIME,drift,-0.2984657270841855
2022-08-12 01:15:00,2022-08-12 09:10:00,1,1789.58,1792.05,0.31,74.40000000000084,527.0368408918927,TIME,drift,0.14116660208059723
2022-08-12 01:05:00,2022-08-12 23:00:00,1,1790.2599999999998,1801.37,0.15,165.6000000000019,509.4771145959786,TIME,friday,0.3250391337623176
2022-08-12 23:05:00,2022-08-12 23:55:00,1,1801.02,1801.77,0.6900000000000001,46.92000000000001,533.7864564796931,TIME,fri_close,0.08790031937010187
2022-08-12 17:00:00,2022-08-15 13:12:00,1,1798.21,1775.56323935129,0.23,-540.7658949203333,521.3354949203338,SL,lw,-1.037270433702138
2022-08-16 01:15:00,2022-08-16 09:10:00,1,1779.27,1782.01,0.31,82.77000000000028,525.5194921168104,TIME,drift,0.15750129394173354
2022-08-17 01:15:00,2022-08-17 09:10:00,1,1775.7599999999998,1780.8,0.39,193.83000000000746,522.480929894738,TIME,drift,0.3709800471359932
2022-08-17 14:15:00,2022-08-17 15:20:00,-1,1771.27,1767.65,0.44,156.19999999999519,523.1600000000072,NEWS,nr7,0.29857022708156783
2022-08-17 14:30:00,2022-08-17 15:20:00,-1,1768.0800000000002,1767.65,0.24,8.640000000001528,528.3378992292966,NEWS,lw,0.016353170977522098
2022-08-17 18:15:00,2022-08-17 23:45:00,-1,1762.67,1763.04,0.24,-10.55999999999738,528.3378992292966,TIME,tday,-0.019987208972518516
2022-08-18 01:15:00,2022-08-18 09:10:00,1,1763.03,1763.34,0.3,7.199999999998363,521.5616249885529,TIME,drift,0.013804696616926881
2022-08-18 14:45:00,2022-08-18 15:20:00,1,1771.22,1768.73,0.24,-61.44000000000021,529.513763570061,NEWS,lw,-0.11603097828045592
2022-08-19 01:15:00,2022-08-19 09:10:00,1,1758.8,1755.9,0.37,-109.88999999999496,520.1140012448129,TIME,drift,-0.2112806033619363
2022-08-19 01:05:00,2022-08-19 23:00:00,1,1759.3,1746.54,0.16,-205.27999999999986,520.5142090293423,TIME,friday,-0.3943792435230675
2022-08-19 23:05:00,2022-08-19 23:55:00,1,1746.71,1746.87,0.77,6.9299999999887945,530.3533508405623,TIME,fri_close,0.013066760093068836
2022-08-22 10:15:00,2022-08-23 11:17:00,-1,1739.79,1741.0600000000002,0.25,-24.89750000000523,529.068803376596,TIME,lw,-0.047059096739603005
2022-08-24 01:15:00,2022-08-24 09:10:00,1,1747.83,1745.17,0.33,-90.08999999999521,529.6782384441386,TIME,drift,-0.17008438984509341
2022-08-25 01:15:00,2022-08-25 09:10:00,1,1751.33,1756.26,0.35000000000000003,170.10000000000227,526.0611166444464,TIME,drift,0.3233464603599837
2022-08-25 10:15:00,2022-08-25 15:20:00,1,1762.25,1759.87,0.25,-61.25000000000273,519.3250404585935,NEWS,lw,-0.11794154956578927
2022-08-26 01:15:00,2022-08-26 09:10:00,1,1757.68,1757.42,0.37,-12.209999999999663,519.8985985140844,TIME,drift,-0.023485348940922152
2022-08-26 01:05:00,2022-08-26 16:50:00,1,1758.48,1751.0,0.17,-128.35000000000034,519.9675026057823,NEWS,friday,-0.24684234948681005
2022-08-26 18:15:00,2022-08-26 23:45:00,-1,1736.57,1738.7,0.26,-57.20000000000284,530.7696105000134,TIME,tday,-0.10776803884102817
2022-08-29 10:15:00,2022-08-29 17:07:00,-1,1722.65,1743.3589146607148,0.25,-519.4728665178689,518.222866517869,SL,lw,-1.0024120896254523
2022-08-30 01:15:00,2022-08-30 09:10:00,1,1737.82,1733.9,0.31,-123.68999999999521,517.5054833480833,TIME,drift,-0.23901196022071738
2022-08-30 18:15:00,2022-08-30 23:45:00,-1,1724.8600000000001,1724.39,0.25,10.000000000000682,526.2783760523071,TIME,tday,0.019001350720529657
2022-08-30 17:30:00,2022-08-31 15:05:00,-1,1725.5,1713.67,0.25,302.6024999999982,526.2783760523071,NEWS,lw,0.5749856231408649
2022-08-31 10:15:00,2022-08-31 15:05:00,-1,1720.07,1713.67,0.25,158.2499999999966,509.9999999999982,NEWS,inside,0.3102941176470532
2022-08-31 11:30:00,2022-08-31 15:05:00,-1,1715.0900000000001,1713.67,0.25,33.75000000000182,523.294206334285,NEWS,lw,0.06449526784640534
2022-09-01 01:15:00,2022-09-01 09:10:00,1,1710.1799999999998,1706.23,0.33,-132.659999999994,530.6430947857132,TIME,drift,-0.24999854196456733
2022-09-01 01:10:00,2022-09-01 15:20:00,1,1710.9799999999998,1701.4,0.12,-115.7999999999964,494.7994067894199,NEWS,tom,-0.23403423369357304
2022-09-02 01:15:00,2022-09-02 09:10:00,1,1696.1599999999999,1701.81,0.27,150.6600000000025,513.2734253914017,TIME,drift,0.2935277622937818
2022-09-02 01:05:00,2022-09-02 15:20:00,1,1697.59,1705.62,0.16,127.35999999999956,498.590877733033,NEWS,friday,0.25543989207960116
2022-09-02 12:45:00,2022-09-02 15:20:00,1,1706.53,1705.62,0.25,-24.500000000002046,519.9488309719094,NEWS,lw,-0.047120021318647176
2022-09-02 23:05:00,2022-09-02 23:55:00,1,1710.26,1712.06,0.64,110.71999999999709,529.7305001361358,TIME,fri_close,0.2090119409238152
2022-09-06 01:15:00,2022-09-06 09:10:00,1,1711.99,1716.56,0.45,202.49999999999713,522.7632164816941,TIME,drift,0.3873646683920581
2022-09-06 10:15:00,2022-09-06 16:35:00,1,1715.93,1708.14,0.26,-204.35999999999905,521.0697272021571,NEWS,lw,-0.39219319283293236
2022-09-07 01:15:00,2022-09-07 09:10:00,1,1702.11,1696.76,0.34,-184.27999999999693,529.5184575358355,TIME,drift,-0.34801430880721596
2022-09-08 01:15:00,2022-09-08 09:10:00,1,1718.7,1716.74,0.28,-56.84000000000103,515.0237071744076,TIME,drift,-0.11036385162120844
2022-09-07 17:45:00,2022-09-08 15:20:00,1,1713.17,1721.72,0.25,152.38999999999885,513.3301135733548,NEWS,lw,0.2968654983811355
2022-09-08 17:30:00,2022-09-08 17:50:00,-1,1704.91,1707.23,0.25,-59.74999999999841,526.752962603829,NEWS,lw,-0.11343078110969523
2022-09-09 01:15:00,2022-09-09 09:10:00,1,1709.03,1719.52,0.3,312.60000000000025,529.5266851739594,TIME,drift,0.5903385207061006
2022-09-09 01:05:00,2022-09-09 23:00:00,1,1708.9299999999998,1715.69,0.16,107.04000000000349,510.69406952112763,TIME,friday,0.20959710791310687
2022-09-09 23:05:00,2022-09-09 23:55:00,1,1715.91,1717.48,0.73,109.49999999999535,526.5958496045257,TIME,fri_close,0.20793935250767742
2022-09-09 10:15:00,2022-09-12 11:18:00,1,1726.76,1722.77,0.24,-116.51520000000022,511.2540695211276,TIME,lw,-0.22790077760972274
2022-09-12 10:30:00,2022-09-12 19:50:00,1,1726.42,1730.7,0.25,105.24999999999932,532.2130136737097,NEWS,lw,0.19775916277110467
2022-09-13 01:15:00,2022-09-13 09:10:00,1,1725.4299999999998,1723.17,0.3,-69.8999999999929,520.7265172037514,TIME,drift,-0.13423552995793034
2022-09-13 18:15:00,2022-09-13 19:50:00,-1,1704.3500000000001,1704.25,0.24,0.7200000000032742,514.2356007605639,NEWS,tday,0.001400136433452645
2022-09-14 01:15:00,2022-09-14 09:10:00,1,1701.87,1702.28,0.26,8.840000000002128,520.9158137119974,TIME,drift,0.016970112573486903
2022-09-15 01:15:00,2022-09-15 09:10:00,1,1697.3799999999999,1688.32,0.34,-310.4199999999982,522.2572344517981,TIME,drift,-0.5943814264743297
2022-09-15 10:15:00,2022-09-15 15:20:00,-1,1686.53,1686.18,0.24,6.7199999999978175,521.9015129006905,NEWS,lw,0.012875992565433559
2022-09-15 18:15:00,2022-09-15 23:45:00,-1,1667.1200000000001,1664.0800000000002,0.24,71.27999999999912,521.9015129006905,TIME,tday,0.13657749256910579
2022-09-16 01:15:00,2022-09-16 09:10:00,1,1664.6699999999998,1663.2,0.24,-36.9599999999952,525.743926191597,TIME,drift,-0.0703003841960237
2022-09-16 01:05:00,2022-09-16 23:00:00,1,1664.98,1673.24,0.15,122.84999999999985,514.832120605512,TIME,friday,0.23862147500725417
2022-09-16 23:05:00,2022-09-16 23:55:00,1,1673.78,1675.87,0.56,113.11999999999543,528.9259854438598,TIME,fri_close,0.21386735216850486
2022-09-19 10:15:00,2022-09-20 11:17:00,-1,1662.66,1668.7,0.23,-132.61569999999918,532.2723938445969,TIME,lw,-0.24915006213663954
2022-09-20 13:15:00,2022-09-21 14:17:00,-1,1666.55,1673.5,0.23,-153.54570000000106,527.7015085699828,TIME,lw,-0.29097074294158115
2022-09-22 01:15:00,2022-09-22 09:10:00,1,1670.85,1662.13,0.2,-175.799999999996,527.5896477332742,TIME,drift,-0.33321351310682396
2022-09-22 10:15:00,2022-09-22 15:20:00,-1,1658.6200000000001,1672.5900000000001,0.22,-308.8800000000006,517.082938966991,NEWS,lw,-0.5973509793555933
2022-09-23 01:15:00,2022-09-23 09:10:00,1,1671.06,1673.46,0.22,51.260000000002,523.1348719513799,TIME,drift,0.09798620345991024
2022-09-23 01:05:00,2022-09-23 16:35:00,1,1671.8,1649.89,0.14,-307.719999999998,501.7685140843781,NEWS,friday,-0.6132708437505733
2022-09-23 18:15:00,2022-09-23 23:45:00,-1,1643.69,1644.01,0.22,-8.579999999998599,526.1755861836342,TIME,tday,-0.0163063437857875
2022-09-26 19:45:00,2022-09-27 15:20:00,-1,1628.27,1638.91,0.21,-217.68390000000207,520.6229059354939,NEWS,lw,-0.41812201791016373
2022-09-28 01:15:00,2022-09-28 09:10:00,1,1630.1599999999999,1623.48,0.26,-175.49999999999574,509.0022175548987,TIME,drift,-0.3447922110104895
2022-09-28 10:00:00,2022-09-28 16:25:00,-1,1621.72,1642.3799999999999,0.25,-518.2499999999964,516.9999999999975,SL,inside,-1.0024177949709843
2022-09-28 10:15:00,2022-09-28 16:27:00,-1,1618.03,1642.7576776246594,0.21,-520.7512301178488,519.7012301178491,SL,lw,-1.0020203916003076
2022-09-29 01:15:00,2022-09-29 09:10:00,1,1658.9699999999998,1645.59,0.21,-282.44999999999754,511.8716607643883,TIME,drift,-0.5517984714727305
2022-09-30 01:15:00,2022-09-30 09:10:00,1,1662.78,1668.14,0.23,121.67000000000294,503.3928761473778,TIME,drift,0.24169988445442708
2022-09-30 01:05:00,2022-09-30 16:35:00,1,1661.61,1669.33,0.13,99.45000000000036,510.3661561840068,NEWS,friday,0.19486009954810712
2022-09-30 10:15:00,2022-09-30 16:35:00,1,1673.33,1669.33,0.19,-77.33,497.72317782031433,NEWS,lw,-0.15536748828666627
2022-09-30 23:05:00,2022-09-30 23:55:00,1,1661.66,1660.62,0.53,-58.83000000001013,510.5189413901667,TIME,fri_close,-0.1152356851634404
2022-10-03 01:10:00,2022-10-03 16:35:00,1,1665.13,1667.36,0.1,21.599999999997912,508.8963392228635,NEWS,tom,0.04244479343864668
2022-10-03 15:30:00,2022-10-03 16:35:00,1,1668.96,1667.36,0.2,-33.40000000000273,509.5963392228635,NEWS,lw,-0.06554207208579611
2022-10-04 01:15:00,2022-10-04 09:10:00,1,1699.35,1703.36,0.21,82.73999999999981,505.19513283910436,TIME,drift,0.16377829995118148
2022-10-05 01:15:00,2022-10-05 09:10:00,1,1725.6899999999998,1719.32,0.23,-148.1199999999975,509.1561686651098,TIME,drift,-0.2909127083510233
2022-10-04 17:45:00,2022-10-05 15:05:00,1,1719.13,1706.05,0.19,-264.951200000003,506.2924849573118,NEWS,lw,-0.523316477870183
2022-10-06 01:15:00,2022-10-06 09:10:00,1,1715.4599999999998,1723.66,0.22,178.860000000006,506.4372365399074,TIME,drift,0.35317308265485686
2022-10-07 01:15:00,2022-10-07 09:10:00,1,1711.78,1713.31,0.27,39.41999999999926,501.4253467305078,TIME,drift,0.0786158901958852
2022-10-07 01:05:00,2022-10-07 15:20:00,1,1712.01,1709.76,0.13,-30.16,518.144013911667,NEWS,friday,-0.05820775535417392
2022-10-07 23:05:00,2022-10-07 23:55:00,1,1695.69,1694.72,0.47000000000000003,-48.88000000000128,516.8377802626028,TIME,fri_close,-0.09457512950226972
2022-10-10 18:15:00,2022-10-10 23:45:00,-1,1667.8300000000002,1668.16,0.19,-7.599999999998617,502.05148877722235,TIME,tday,-0.015137889578833616
2022-10-10 10:30:00,2022-10-11 11:32:00,-1,1685.81,1666.74,0.19,367.5378999999988,502.05148877722235,TIME,lw,0.7320721245049192
2022-10-12 01:15:00,2022-10-12 09:10:00,1,1666.82,1668.96,0.23,47.6100000000023,500.75999430057846,TIME,drift,0.09507548634451149
2022-10-13 01:15:00,2022-10-13 09:10:00,1,1673.71,1669.66,0.27,-111.23999999999877,502.73624975192394,TIME,drift,-0.22126910493303464
2022-10-13 14:45:00,2022-10-13 15:20:00,1,1680.5900000000001,1675.8,0.19,-92.34000000000363,493.981140977973,NEWS,lw,-0.18693021320042894
2022-10-14 01:15:00,2022-10-14 09:10:00,1,1665.57,1670.34,0.19,89.29999999999966,515.2934037584788,TIME,drift,0.17329932684691443
2022-10-14 01:05:00,2022-10-14 15:20:00,1,1666.12,1655.03,0.12,-133.91999999999902,485.5505525896451,NEWS,friday,-0.2758106221602414
2022-10-14 18:15:00,2022-10-14 23:45:00,-1,1647.05,1643.53,0.19,65.54999999999966,512.9689166224032,TIME,tday,0.12778552047872144
2022-10-14 17:15:00,2022-10-17 18:18:00,-1,1649.43,1661.0400000000002,0.19,-215.38210000000242,512.9689166224032,TIME,lw,-0.41987358886804704
2022-10-18 01:15:00,2022-10-18 09:10:00,1,1651.26,1655.12,0.26,98.53999999999742,515.2912880973603,TIME,drift,0.19123164368612236
2022-10-19 01:15:00,2022-10-19 09:10:00,1,1652.73,1646.51,0.3,-188.7000000000008,514.3804485501006,TIME,drift,-0.36684909104126157
2022-10-19 09:15:00,2022-10-19 17:20:00,-1,1645.51,1634.98,0.34,355.63999999999913,517.4799999999954,NEWS,inside,0.6872536136662332
2022-10-19 10:15:00,2022-10-19 17:20:00,-1,1638.44,1634.98,0.19,64.4100000000007,499.0031194677187,NEWS,lw,0.12907734939353915
2022-10-19 18:15:00,2022-10-19 23:45:00,-1,1634.21,1629.17,0.19,94.42999999999931,499.0031194677187,TIME,tday,0.1892372939486366
2022-10-20 01:15:00,2022-10-20 09:10:00,1,1629.69,1630.99,0.32,39.35999999999854,512.1866661602916,TIME,drift,0.07684698294680053
2022-10-21 01:15:00,2022-10-21 09:10:00,1,1627.7,1621.76,0.26,-156.2600000000014,514.3110055462257,TIME,drift,-0.30382394760159753
2022-10-20 17:30:00,2022-10-21 18:32:00,1,1642.51,1645.41,0.19,38.66880000000173,499.7857537914531,TIME,lw,0.07737075278087491
2022-10-21 01:05:00,2022-10-21 23:00:00,1,1628.49,1655.19,0.13,346.19000000000057,508.1727954365914,TIME,friday,0.6812446536075883
2022-10-21 23:05:00,2022-10-21 23:55:00,1,1654.99,1657.04,0.42,83.15999999999809,521.6961555867682,TIME,fri_close,0.1594031297901082
2022-10-24 18:15:00,2022-10-24 23:45:00,-1,1647.6200000000001,1650.0900000000001,0.19,-48.26000000000052,515.1377672997734,TIME,tday,-0.09368367660745916
2022-10-25 01:15:00,2022-10-25 09:10:00,1,1650.9699999999998,1649.32,0.26,-44.71999999999645,505.81553553938426,TIME,drift,-0.08841167749485707
2022-10-25 13:15:00,2022-10-25 16:50:00,-1,1639.3700000000001,1659.8000000000002,0.19,-389.5000000000012,514.4557839212181,NEWS,lw,-0.7571107414347737
2022-10-26 01:15:00,2022-10-26 09:10:00,1,1652.89,1659.64,0.27,180.36000000000004,518.450589195701,TIME,drift,0.3478827177722023
2022-10-26 10:15:00,2022-10-26 16:50:00,1,1666.2,1666.16,0.19,-2.089999999999309,510.38894221255964,NEWS,lw,-0.0040949163023380995
2022-10-27 01:15:00,2022-10-27 09:10:00,1,1664.99,1666.07,0.29,29.28999999999789,505.0232872705266,TIME,drift,0.05799732554571898
2022-10-28 01:15:00,2022-10-28 09:10:00,1,1661.8899999999999,1660.27,0.28,-47.319999999996945,504.73138565417537,TIME,drift,-0.09375283833135549
2022-10-28 01:05:00,2022-10-28 23:00:00,1,1662.4199999999998,1645.04,0.13,-226.84999999999846,506.010274989659,TIME,friday,-0.44831105456234943
2022-10-28 23:05:00,2022-10-28 23:55:00,1,1644.53,1645.2,0.67,40.20000000000488,515.4799480607842,TIME,fri_close,0.07798557470806719
2022-11-01 01:15:00,2022-11-01 09:10:00,1,1633.4399999999998,1641.95,0.34,286.9600000000074,510.65963137534686,TIME,drift,0.5619398565481771
2022-11-01 01:10:00,2022-11-01 16:35:00,1,1633.02,1652.78,0.1,196.89999999999992,505.56282822214746,NEWS,tom,0.38946692479827816
2022-11-01 10:15:00,2022-11-01 16:35:00,1,1649.66,1652.78,0.2,60.999999999997826,506.26282822214745,NEWS,lw,0.12049077396065727
2022-11-02 01:15:00,2022-11-02 09:10:00,1,1646.66,1650.07,0.3,100.19999999999564,514.5583895601453,TIME,drift,0.1947300870667925
2022-11-03 01:15:00,2022-11-03 09:10:00,1,1636.36,1634.82,0.22,-35.4199999999992,516.1902889010325,TIME,drift,-0.06861810607752475
2022-11-03 12:45:00,2022-11-03 15:20:00,-1,1620.72,1623.7,0.2,-61.00000000000036,521.1092753548108,NEWS,lw,-0.11705798166510646
2022-11-04 01:15:00,2022-11-04 09:10:00,1,1629.8999999999999,1647.47,0.27,472.50000000000443,516.2785428430196,TIME,drift,0.9152036367772763
2022-11-04 01:05:00,2022-11-04 15:20:00,1,1629.4199999999998,1650.38,0.13,271.5700000000034,505.2650046515877,NEWS,friday,0.5374803271547931
2022-11-04 10:15:00,2022-11-04 15:20:00,1,1647.66,1650.38,0.2,53.00000000000055,518.6871842580387,NEWS,lw,0.10218104786185325
2022-11-04 23:05:00,2022-11-04 23:55:00,1,1680.08,1680.56,0.51,20.910000000000927,519.9727405065607,TIME,fri_close,0.04021364654545212
2022-11-08 01:15:00,2022-11-08 09:10:00,1,1674.66,1669.71,0.33,-165.6600000000015,517.3213946537182,TIME,drift,-0.3202264621413736
2022-11-08 10:30:00,2022-11-08 17:10:00,-1,1668.72,1695.6612587090838,0.19,-513.2139154725911,512.2639154725927,SL,lw,-1.001854512822989
2022-11-09 01:15:00,2022-11-09 09:10:00,1,1712.28,1710.76,0.23,-36.56999999999959,502.6774920707904,TIME,drift,-0.07275042264046619
2022-11-10 01:15:00,2022-11-10 09:10:00,1,1706.35,1708.32,0.26,49.40000000000071,510.293182628645,TIME,drift,0.09680709380738584
2022-11-10 16:00:00,2022-11-10 19:50:00,1,1733.33,1747.63,0.24,341.52000000000436,518.6027687478863,NEWS,trendH4,0.6585387132131394
2022-11-11 01:15:00,2022-11-11 09:10:00,1,1753.29,1757.26,0.23,89.70000000000064,521.6966450163334,TIME,drift,0.17193900105911605
2022-11-11 01:05:00,2022-11-11 23:00:00,1,1753.4299999999998,1767.82,0.11,157.5200000000011,493.92544782567154,TIME,friday,0.31891452585289143
2022-11-11 23:05:00,2022-11-11 23:55:00,1,1767.01,1769.88,0.58,162.40000000000686,522.9614174310408,TIME,fri_close,0.31053916137402504
2022-11-15 01:15:00,2022-11-15 09:10:00,1,1770.8,1771.11,0.29,6.959999999998418,524.1489016447823,TIME,drift,0.013278669435646812
2022-11-11 08:00:00,2022-11-15 15:20:00,1,1760.9,1775.33,0.23,293.71919999999625,518.3251987077724,NEWS,trendH4,0.5666697292206948
2022-11-11 12:00:00,2022-11-15 15:20:00,1,1764.1,1775.33,0.23,220.1192000000004,516.9844387723834,NEWS,trendH4,0.4257752912692869
2022-11-15 10:15:00,2022-11-15 15:20:00,1,1780.55,1775.33,0.18,-95.2200000000005,523.510467620808,NEWS,lw,-0.18188748055553836
2022-11-15 12:00:00,2022-11-15 15:20:00,1,1776.94,1775.33,0.25,-42.00000000000318,516.2390905794537,NEWS,trendH4,-0.08135765145731252
2022-11-16 01:15:00,2022-11-16 09:10:00,1,1779.37,1773.05,0.21,-134.18999999999866,506.9178488255315,TIME,drift,-0.26471744940704095
2022-11-17 01:15:00,2022-11-17 09:10:00,1,1774.37,1765.98,0.28,-236.87999999999647,516.7780605975571,TIME,drift,-0.4583785924001671
2022-11-17 11:00:00,2022-11-17 15:20:00,-1,1766.92,1758.8400000000001,0.19,152.1899999999986,521.0761257172378,NEWS,lw,0.29206864887643036
2022-11-18 01:15:00,2022-11-18 09:10:00,1,1760.53,1765.27,0.33,154.1100000000003,527.3121598970708,TIME,drift,0.29225572956649043
2022-11-18 01:05:00,2022-11-18 16:50:00,1,1760.63,1751.68,0.13,-117.26000000000059,524.493037102706,NEWS,friday,-0.22356826822286066
2022-11-18 19:30:00,2022-11-21 20:33:00,-1,1751.53,1738.22,0.19,258.09789999999896,511.4878310231494,TIME,lw,0.5046022297025434
2022-11-21 10:30:00,2022-11-22 11:32:00,-1,1742.3700000000001,1745.8500000000001,0.19,-60.91210000000034,502.2858430929243,TIME,lw,-0.1212697925645725
2022-11-23 01:15:00,2022-11-23 09:10:00,1,1740.3799999999999,1739.28,0.4,-46.79999999999636,519.0746949097482,TIME,drift,-0.09016043444023696
2022-11-22 11:45:00,2022-11-23 12:47:00,1,1747.69,1736.45,0.2,-242.09600000000023,520.2989443765426,TIME,lw,-0.4653017320457877
2022-11-24 01:15:00,2022-11-24 09:10:00,1,1750.53,1757.17,0.28,183.96000000000282,524.7288549308815,TIME,drift,0.35058106347941254
2022-11-25 01:15:00,2022-11-25 09:10:00,1,1755.29,1755.61,0.44,10.999999999997197,517.994526908597,TIME,drift,0.02123574560844387
2022-11-25 05:00:00,2022-11-25 11:51:00,1,1758.8600000000001,1749.24,0.54,-523.2600000000064,520.5600000000089,SL,nr7,-1.0051867219916961
2022-11-25 01:05:00,2022-11-28 03:16:00,1,1754.97,1749.48,0.14,-88.96720000000015,504.5385640798206,TIME,friday,-0.17633379553901668
2022-11-29 01:15:00,2022-11-29 09:10:00,1,1741.75,1751.77,0.32,318.3999999999994,518.8020498180301,TIME,drift,0.6137215535514523
2022-11-28 11:15:00,2022-11-29 12:17:00,1,1760.97,1754.87,0.22,-153.225600000003,515.2191473701653,TIME,lw,-0.2973988850804806
2022-11-29 10:15:00,2022-11-29 16:50:00,1,1753.5900000000001,1751.8,0.22,-40.9200000000042,516.4149225580109,NEWS,lw,-0.07923860874761515
2022-11-30 01:15:00,2022-11-30 09:10:00,1,1749.2099999999998,1754.9,0.32,179.840000000009,515.2025896662133,TIME,drift,0.34906656838919
2022-11-30 10:45:00,2022-11-30 15:05:00,1,1757.67,1760.87,0.22,68.85999999999599,510.15528523243876,NEWS,lw,0.13497850947211446
2022-11-30 11:00:00,2022-11-30 15:05:00,1,1759.68,1760.87,0.26,29.11999999999551,518.1800000000034,NEWS,inside,0.05619668840942399
2022-12-01 01:15:00,2022-12-01 09:10:00,1,1770.46,1780.3,0.24,234.479999999998,508.30737283583545,TIME,drift,0.4612956894405039
2022-12-01 01:10:00,2022-12-01 15:20:00,1,1770.58,1785.04,0.11,158.2900000000004,512.6399077158361,NEWS,tom,0.3087742440991209
2022-12-01 12:15:00,2022-12-01 15:20:00,1,1779.26,1785.04,0.22,125.6199999999994,513.4099077158361,NEWS,lw,0.2446777869147161
2022-12-01 16:00:00,2022-12-01 16:35:00,1,1789.5800000000002,1798.19,0.27,230.57999999999734,516.0793729627617,NEWS,trendH4,0.44679173801553024
2022-12-01 18:15:00,2022-12-01 23:45:00,1,1799.3,1802.94,0.22,78.5400000000022,513.4099077158361,TIME,tday,0.15297718026016902
2022-12-02 01:15:00,2022-12-02 09:10:00,1,1804.1200000000001,1800.27,0.26,-101.92000000000354,520.5783433228887,TIME,drift,-0.19578225123511844
2022-12-01 20:00:00,2022-12-02 15:20:00,1,1801.77,1799.88,0.27,-74.37959999999657,530.5189043146232,NEWS,trendH4,-0.14020160147938082
2022-12-02 01:05:00,2022-12-02 15:20:00,1,1802.68,1799.88,0.14,-40.17999999999937,508.50287274812734,NEWS,friday,-0.07901626943197508
2022-12-02 23:05:00,2022-12-02 23:55:00,1,1798.47,1798.6,0.58,3.479999999993143,523.1970664807113,TIME,fri_close,0.006651413440448714
2022-12-05 04:00:00,2022-12-05 16:35:00,1,1806.67,1790.98,0.26,-409.7600000000014,524.8514591409662,NEWS,trendH4,-0.7807161299897365
2022-12-06 01:15:00,2022-12-06 09:10:00,1,1769.56,1769.22,0.28,-11.47999999999771,525.6932852998824,TIME,drift,-0.021837828865264905
2022-12-07 01:15:00,2022-12-07 09:10:00,1,1770.98,1773.19,0.34,72.76000000000124,525.1199099094096,TIME,drift,0.13855882937775746
2022-12-07 15:45:00,2022-12-07 17:20:00,1,1778.2,1784.94,0.21,140.0700000000002,523.0992825902464,NEWS,lw,0.2677694362462349
2022-12-07 16:45:00,2022-12-07 17:20:00,1,1784.6000000000001,1784.94,0.3,8.099999999997545,515.4000000000038,NEWS,inside,0.015715948777643547
2022-12-08 01:15:00,2022-12-08 09:10:00,1,1787.58,1785.75,0.28,-53.199999999997964,518.914799603382,TIME,drift,-0.10252164717726281
2022-12-09 01:15:00,2022-12-09 09:10:00,1,1790.32,1796.62,0.35000000000000003,218.04999999999842,526.2501728180099,TIME,drift,0.414346657279684
2022-12-09 01:05:00,2022-12-09 15:20:00,1,1789.96,1802.41,0.14,173.32000000000068,501.2732589681204,NEWS,friday,0.3457595171878565
2022-12-09 05:30:00,2022-12-09 15:20:00,1,1795.3500000000001,1802.41,0.38,265.6199999999979,524.4000000000007,NEWS,nr7,0.5065217391304302
2022-12-09 13:30:00,2022-12-09 15:20:00,1,1798.52,1802.41,0.22,84.0400000000022,525.6567474904119,NEWS,lw,0.159876193735219
2022-12-09 23:05:00,2022-12-09 23:55:00,1,1795.97,1796.88,0.6,50.40000000000491,524.7113298128571,TIME,fri_close,0.09605281444557431
2022-12-12 10:30:00,2022-12-12 19:50:00,-1,1789.02,1782.17,0.22,149.159999999998,515.9555512410965,NEWS,lw,0.2890946703474817
2022-12-13 01:15:00,2022-12-13 09:10:00,1,1782.1,1787.13,0.34,168.6400000000068,530.9203833254487,TIME,drift,0.3176370794877397
2022-12-13 15:00:00,2022-12-13 15:20:00,1,1789.2,1788.55,0.23,-16.56000000000209,533.5060708476879,NEWS,lw,-0.03103994669393341
2022-12-13 16:00:00,2022-12-13 19:50:00,1,1811.18,1807.56,0.29,-107.01000000000343,528.0308363201585,NEWS,trendH4,-0.2026586188521773
2022-12-14 01:15:00,2022-12-14 09:10:00,1,1810.6100000000001,1810.72,0.22,0.879999999997799,514.5361757353056,TIME,drift,0.0017102781913054448
2022-12-15 01:15:00,2022-12-15 09:10:00,1,1807.76,1793.45,0.27,-388.2599999999985,519.1104972145539,TIME,drift,-0.7479332475134413
2022-12-15 10:15:00,2022-12-15 15:20:00,-1,1782.3300000000002,1778.2,0.21,85.2600000000023,509.32283838474797,NEWS,lw,0.16739873725355306
2022-12-16 01:15:00,2022-12-16 09:10:00,1,1776.6499999999999,1783.77,0.26,183.30000000000308,522.751263433835,TIME,drift,0.3506447766303744
2022-12-16 01:05:00,2022-12-16 16:35:00,1,1776.47,1785.33,0.14,123.05999999999861,524.8176356429802,NEWS,friday,0.23448144963579906
2022-12-16 18:15:00,2022-12-16 23:45:00,1,1790.46,1792.71,0.21,45.78,525.3076356429801,TIME,tday,0.08714893310843458
2022-12-16 23:05:00,2022-12-16 23:55:00,1,1793.13,1792.94,0.68,-17.680000000003712,532.80147800355,TIME,fri_close,-0.03318309113227706
2022-12-19 03:15:00,2022-12-20 04:17:00,1,1794.79,1786.42,0.26,-240.10479999999717,528.8399999999996,TIME,inside,-0.45402163225171577
2022-12-20 01:15:00,2022-12-20 09:10:00,1,1787.9299999999998,1793.08,0.39,198.12000000000359,533.0447417402636,TIME,drift,0.37167611738029566
2022-12-20 18:15:00,2022-12-20 23:45:00,1,1817.3400000000001,1817.95,0.22,11.8799999999978,527.1531946843054,TIME,tday,0.022536143420533266
2022-12-21 01:15:00,2022-12-21 09:10:00,1,1818.0,1813.19,0.28,-136.6399999999985,530.8812322325067,TIME,drift,-0.2573833688288215
2022-12-20 10:15:00,2022-12-21 11:17:00,1,1797.93,1814.41,0.22,343.5344000000004,527.1531946843054,TIME,lw,0.6516784939636604
2022-12-20 10:45:00,2022-12-21 11:47:00,1,1801.92,1813.8,0.29,319.4407999999966,521.1300000000026,TIME,nr7,0.6129771841958724
2022-12-22 01:15:00,2022-12-22 09:10:00,1,1814.4999999999998,1814.69,0.38,4.560000000010714,525.6068966566498,TIME,drift,0.008675685248836284
2022-12-22 16:00:00,2022-12-23 15:20:00,-1,1807.71,1798.26,0.22,213.930200000001,526.8343362328961,NEWS,lw,0.4060673067167541
2022-12-23 18:15:00,2022-12-23 23:45:00,1,1802.77,1797.57,0.21,-110.67000000000094,520.5467980246123,TIME,tday,-0.2126033632710354
2022-12-23 23:05:00,2022-12-23 23:55:00,1,1797.98,1798.06,0.8200000000000001,0.8199999999940344,533.8415132670949,TIME,fri_close,0.0015360364070895454
2022-12-27 01:15:00,2022-12-27 09:10:00,1,1801.24,1807.46,0.37,227.55000000000098,524.6112021356415,TIME,drift,0.4337497923675036
2022-12-27 04:00:00,2022-12-28 05:02:00,1,1804.74,1811.3,0.39,222.11279999999792,524.9400000000039,TIME,inside,0.4231203566121771
2022-12-28 01:15:00,2022-12-28 09:10:00,1,1813.67,1807.46,0.26,-163.28000000000094,526.9217657372892,TIME,drift,-0.30987522364260905
2022-12-27 10:15:00,2022-12-28 11:17:00,1,1807.08,1801.01,0.22,-152.5655999999986,525.5536878742829,TIME,lw,-0.2902949851176644
2022-12-28 12:00:00,2022-12-29 13:02:00,-1,1800.06,1806.14,0.21,-107.47170000000325,518.2716778885687,TIME,lw,-0.20736556633355194
2022-12-30 01:15:00,2022-12-30 09:10:00,1,1814.75,1821.51,0.35000000000000003,234.14999999999972,533.2287542275975,TIME,drift,0.4391173546879989
2022-12-30 01:05:00,2022-12-30 16:35:00,1,1815.12,1822.11,0.15,103.80000000000014,531.1790464458899,NEWS,friday,0.19541433476061265
2022-12-30 15:45:00,2022-12-30 16:35:00,1,1821.63,1822.11,0.22,9.019999999995399,519.8884009693145,NEWS,lw,0.017349877364407268
2022-12-30 23:05:00,2022-12-30 23:55:00,1,1823.29,1824.22,0.62,53.320000000003944,539.083029234063,TIME,fri_close,0.0989086970067705
2023-01-03 01:15:00,2023-01-03 09:10:00,1,1827.46,1841.25,0.32,439.0399999999988,525.1438271107584,TIME,drift,0.8360376288064044
2023-01-03 01:10:00,2023-01-03 16:35:00,1,1830.73,1844.6,0.11,151.7999999999988,502.0663723286493,NEWS,tom,0.3023504627404751
2023-01-03 08:00:00,2023-01-03 16:35:00,1,1840.53,1844.6,0.32,127.99999999999797,528.9047661599824,NEWS,trendH4,0.24200954158405277
2023-01-03 10:15:00,2023-01-03 16:35:00,1,1844.01,1844.6,0.23,11.959999999998118,525.6925710708606,NEWS,lw,0.022750939728204706
2023-01-04 01:15:00,2023-01-04 09:10:00,1,1838.78,1849.21,0.23,238.28000000000148,523.6183745953342,TIME,drift,0.45506424442066307
2023-01-04 10:15:00,2023-01-04 16:50:00,1,1859.65,1857.19,0.23,-58.19000000000084,531.3666731372278,NEWS,lw,-0.10951006704361568
2023-01-04 12:00:00,2023-01-04 16:50:00,1,1860.76,1857.19,0.29,-105.55999999999814,541.7521631840707,NEWS,trendH4,-0.19484924504885107
2023-01-04 18:15:00,2023-01-04 23:45:00,1,1859.3400000000001,1853.66,0.23,-132.25000000000148,531.3666731372278,TIME,tday,-0.24888651600821665
2023-01-05 01:15:00,2023-01-05 09:10:00,1,1855.4499999999998,1851.98,0.24,-84.9599999999952,535.9600521071362,TIME,drift,-0.15851927707293387
2023-01-06 01:15:00,2023-01-06 09:10:00,1,1832.34,1839.63,0.25,180.50000000000477,528.9711426907572,TIME,drift,0.34122844411103764
2023-01-06 01:05:00,2023-01-06 15:20:00,1,1832.05,1835.91,0.14,53.06000000000179,509.38356099468103,NEWS,friday,0.10416512047697558
2023-01-06 18:15:00,2023-01-06 23:45:00,1,1862.32,1866.42,0.22,88.660000000003,534.15325437538,TIME,tday,0.16598232674568064
2023-01-06 23:05:00,2023-01-06 23:55:00,1,1866.71,1866.48,0.54,-16.200000000000983,538.3562329301827,TIME,fri_close,-0.030091599222000456
2023-01-10 01:15:00,2023-01-10 09:10:00,1,1871.01,1873.15,0.27,55.89000000000271,531.264740485474,TIME,drift,0.10520178686981932
2023-01-09 04:00:00,2023-01-10 15:50:00,1,1874.6200000000001,1870.9,0.26,-119.2048000000007,536.7499956736768,NEWS,trendH4,-0.2220862616875969
2023-01-09 08:00:00,2023-01-10 15:50:00,1,1878.16,1870.9,0.27,-219.36959999999976,543.7400149626851,NEWS,trendH4,-0.40344575341775113
2023-01-11 01:15:00,2023-01-11 09:10:00,1,1876.9499999999998,1882.34,0.33,175.5600000000033,529.6764102093452,TIME,drift,0.3314476473109616
2023-01-10 17:00:00,2023-01-11 17:20:00,1,1878.41,1872.77,0.21,-136.6008000000021,518.4769480005157,NEWS,lw,-0.2634655224823346
2023-01-11 07:45:00,2023-01-11 17:20:00,1,1884.48,1872.77,0.32,-376.9600000000012,529.6000000000006,NEWS,inside,-0.7117824773413911
2023-01-11 08:00:00,2023-01-11 17:20:00,1,1882.46,1872.77,0.29,-283.04000000000156,534.9267833323087,NEWS,trendH4,-0.5291191408229987
2023-01-11 10:15:00,2023-01-11 17:20:00,1,1882.46,1872.77,0.22,-214.7200000000012,524.7658745855358,NEWS,lw,-0.4091729481639574
2023-01-11 12:00:00,2023-01-11 17:20:00,1,1884.8,1872.77,0.29,-350.8999999999991,526.4069441656932,NEWS,trendH4,-0.6665945498803089
2023-01-12 01:15:00,2023-01-12 09:10:00,1,1877.58,1883.65,0.33,198.0000000000054,531.9997413810144,TIME,drift,0.3721806320544792
2023-01-12 11:30:00,2023-01-12 15:20:00,1,1883.1000000000001,1888.55,0.22,118.359999999996,518.0511692579975,NEWS,lw,0.2284716395284322
2023-01-12 16:00:00,2023-01-12 16:53:00,1,1899.89,1880.4742196790746,0.27,-526.1160686649879,524.7660686649881,SL,trendH4,-1.0025725748683298
2023-01-13 01:15:00,2023-01-13 09:10:00,1,1896.55,1896.49,0.22,-2.8599999999987995,531.3428692358776,TIME,drift,-0.005382588467050957
2023-01-13 01:05:00,2023-01-13 23:00:00,1,1896.07,1920.62,0.14,342.7199999999994,504.98171820595235,TIME,friday,0.6786780345585185
2023-01-13 18:15:00,2023-01-13 23:45:00,1,1911.27,1919.98,0.22,190.0800000000008,529.5418000252834,TIME,tday,0.3589518334358596
2023-01-13 23:05:00,2023-01-13 23:55:00,1,1920.19,1920.52,0.58,15.079999999995781,530.5966131264196,TIME,fri_close,0.02842083727436615
2023-01-13 11:15:00,2023-01-16 12:18:00,1,1908.8400000000001,1916.28,0.22,144.6543999999962,529.5418000252834,TIME,lw,0.2731689925008556
2023-01-17 01:15:00,2023-01-17 09:10:00,1,1916.54,1908.19,0.35000000000000003,-294.6999999999968,535.883493933332,TIME,drift,-0.5499329674010442
2023-01-16 04:00:00,2023-01-17 21:14:00,1,1924.3500000000001,1903.8853902645667,0.26,-554.5646531212695,532.5998531212718,SL,trendH4,-1.0412407173439389
2023-01-18 01:15:00,2023-01-18 09:10:00,1,1908.52,1904.16,0.3,-132.899999999997,533.6105942539863,TIME,drift,-0.2490580236432481
2023-01-13 12:00:00,2023-01-18 15:20:00,1,1904.5,1917.44,0.26,272.62560000000144,522.8600873182646,NEWS,trendH4,0.5214121456435714
2023-01-13 20:00:00,2023-01-18 15:20:00,1,1917.03,1917.44,0.25,-51.10999999999795,532.1200757737827,NEWS,trendH4,-0.09604974953383655
2023-01-18 12:00:00,2023-01-18 15:20:00,1,1914.95,1917.44,0.22,53.240000000000194,514.7731394517302,NEWS,lw,0.10342419974885356
2023-01-19 01:15:00,2023-01-19 09:10:00,1,1904.52,1909.37,0.28,133.83999999999745,535.2988643738157,TIME,drift,0.25002855209969743
2023-01-19 16:30:00,2023-01-19 17:50:00,1,1917.52,1919.18,0.22,34.9800000000018,524.2350580623213,NEWS,lw,0.06672579306178979
2023-01-20 01:15:00,2023-01-20 09:10:00,1,1932.7,1927.67,0.27,-137.69999999999925,535.2872596974802,TIME,drift,-0.25724505395069736
2023-01-20 01:05:00,2023-01-20 16:50:00,1,1932.34,1924.75,0.14,-107.23999999999887,515.517892373421,NEWS,friday,-0.20802381757550797
2023-01-20 23:05:00,2023-01-20 23:55:00,1,1927.53,1926.68,0.67,-61.639999999993904,534.4505081183505,TIME,fri_close,-0.11533341079047892
2023-01-23 16:15:00,2023-01-24 09:33:00,-1,1917.48,1941.4838183702532,0.22,-522.0538041455694,528.5240041455727,SL,lw,-0.9877579827041855
2023-01-25 01:15:00,2023-01-25 09:10:00,1,1937.14,1932.22,0.27,-134.73000000000195,521.4858792446853,TIME,drift,-0.25835790644061823
2023-01-25 12:15:00,2023-01-25 17:20:00,-1,1923.8500000000001,1933.73,0.22,-218.89999999999742,531.0839627581727,NEWS,lw,-0.41217588055784093
2023-01-26 01:15:00,2023-01-26 09:10:00,1,1947.89,1943.26,0.24,-112.80000000000263,512.6556910740867,TIME,drift,-0.2200307184021903
2023-01-26 13:15:00,2023-01-26 15:20:00,-1,1934.89,1936.67,0.21,-38.849999999999426,513.183512444744,NEWS,lw,-0.07570391304062506
2023-01-27 01:15:00,2023-01-27 09:10:00,1,1929.9199999999998,1924.9,0.24,-122.15999999999411,519.2628956408995,TIME,drift,-0.23525655506199475
2023-01-27 01:05:00,2023-01-27 23:00:00,1,1929.19,1926.54,0.14,-38.08000000000127,521.9375472701195,TIME,friday,-0.07295892046696086
2023-01-27 23:05:00,2023-01-27 23:55:00,1,1928.54,1928.49,0.58,-6.959999999997362,528.356194813746,TIME,fri_close,-0.01317293157213927
2023-01-31 01:15:00,2023-01-31 09:10:00,1,1923.14,1914.82,0.31,-260.0900000000051,527.3757540394703,TIME,drift,-0.493177773168046
2023-01-31 10:15:00,2023-01-31 16:35:00,-1,1908.02,1922.52,0.22,-320.54,520.8497620870518,NEWS,lw,-0.6154173877618607
2023-02-01 01:15:00,2023-02-01 09:10:00,1,1927.5,1927.62,0.28,1.3999999999969444,522.289506794182,TIME,drift,0.002680505699971186
2023-02-01 01:10:00,2023-02-01 15:05:00,1,1927.48,1929.93,0.1,23.800000000000455,482.3069420215372,NEWS,tom,0.04934616926773921
2023-02-02 01:15:00,2023-02-02 09:10:00,1,1956.0,1956.63,0.2,11.200000000002184,514.2535488902362,TIME,drift,0.021779139928488362
2023-02-02 17:00:00,2023-02-03 15:20:00,-1,1921.3300000000002,1914.95,0.21,139.7361000000023,521.9917684709987,NEWS,lw,0.2676978995460268
2023-02-03 23:05:00,2023-02-03 23:55:00,1,1865.01,1865.76,0.41000000000000003,27.88,523.6067380934054,TIME,fri_close,0.05324606803479777
2023-02-07 01:15:00,2023-02-07 09:10:00,1,1868.1,1874.31,0.25,153.5000000000009,520.663582752334,TIME,drift,0.2948160867878805
2023-02-07 10:30:00,2023-02-07 19:30:00,1,1876.18,1873.79,0.18,-44.2800000000018,507.65012765434767,NEWS,lw,-0.08722542867191294
2023-02-08 01:15:00,2023-02-08 09:10:00,1,1872.5,1874.33,0.19,33.43999999999862,519.68935300769,TIME,drift,0.0643461325625884
2023-02-08 10:30:00,2023-02-08 17:20:00,1,1882.78,1873.54,0.19,-176.89000000000019,523.9605616294598,NEWS,lw,-0.337601745157864
2023-02-09 01:15:00,2023-02-09 09:10:00,1,1875.94,1879.8,0.25,94.7499999999975,506.90413883502174,TIME,drift,0.18691897094735513
2023-02-09 10:15:00,2023-02-09 15:20:00,1,1883.0,1882.02,0.19,-19.950000000000344,510.0269500844984,NEWS,lw,-0.03911558006237737
2023-02-09 16:00:00,2023-02-09 18:03:00,1,1889.74,1869.27,0.25,-513.5000000000007,512.2500000000018,SL,nr7,-1.0024402147388949
2023-02-10 01:15:00,2023-02-10 09:10:00,1,1862.49,1860.99,0.22,-34.54,522.3961665241823,TIME,drift,-0.06611840249482594
2023-02-10 01:05:00,2023-02-10 23:00:00,1,1862.37,1864.24,0.12,21.60000000000142,488.55746736756623,TIME,friday,0.04421178969259446
2023-02-10 23:05:00,2023-02-10 23:55:00,1,1863.73,1865.28,0.6,88.79999999999725,518.5387373411954,TIME,fri_close,0.1712504652117579
2023-02-13 11:45:00,2023-02-14 12:47:00,-1,1855.22,1860.3300000000002,0.19,-91.88210000000242,505.82124777693997,TIME,lw,-0.18164934827040152
2023-02-15 01:15:00,2023-02-15 09:10:00,1,1854.34,1842.85,0.19,-219.64000000000019,498.63912986675246,TIME,drift,-0.4404788690745007
2023-02-15 10:15:00,2023-02-15 15:20:00,-1,1833.76,1835.95,0.2,-45.20000000000109,519.710906951143,NEWS,lw,-0.08697142852968882
2023-02-16 01:15:00,2023-02-16 09:10:00,1,1837.11,1837.71,0.27,14.310000000003683,518.1398506702549,TIME,drift,0.027618026255831443
2023-02-17 01:15:00,2023-02-17 09:10:00,1,1835.4099999999999,1823.31,0.23,-279.9099999999979,509.1447313426702,TIME,drift,-0.5497650918665989
2023-02-17 01:05:00,2023-02-17 23:00:00,1,1835.59,1841.78,0.13,79.56000000000071,500.04504945344195,TIME,friday,0.1591056647535281
2023-02-17 23:05:00,2023-02-17 23:55:00,1,1842.48,1841.95,0.61,-36.59999999999833,515.2662232605446,TIME,fri_close,-0.07103124239038569
2023-02-21 01:15:00,2023-02-21 09:10:00,1,1842.59,1837.44,0.43,-224.45999999999415,520.6463286319544,TIME,drift,-0.4311179924955646
2023-02-21 10:15:00,2023-02-21 16:35:00,-1,1833.05,1843.02,0.21,-210.84000000000054,514.6561173496248,NEWS,lw,-0.40967160962893834
2023-02-22 01:15:00,2023-02-22 09:10:00,1,1835.14,1835.5,0.32,9.279999999996798,514.4957925576974,TIME,drift,0.01803707655968072
2023-02-23 01:15:00,2023-02-23 09:10:00,1,1826.05,1831.81,0.28,159.31999999999974,508.60520059969576,TIME,drift,0.3132488614197136
2023-02-22 14:30:00,2023-02-23 15:20:00,1,1842.98,1826.37,0.21,-400.35240000000266,498.3999661103657,NEWS,lw,-0.803275335519081
2023-02-24 01:15:00,2023-02-24 09:10:00,1,1822.78,1825.52,0.32,85.4400000000003,514.2445363071582,TIME,drift,0.1661466364106725
2023-02-24 01:05:00,2023-02-24 16:50:00,1,1822.91,1810.66,0.14,-172.48,485.27889935026434,NEWS,friday,-0.3554244790592213
2023-02-24 23:05:00,2023-02-24 23:55:00,1,1811.76,1811.08,0.63,-47.25000000000401,511.82473683269205,TIME,fri_close,-0.09231675727984467
2023-02-28 01:15:00,2023-02-28 09:10:00,1,1817.6399999999999,1813.32,0.37,-162.42999999999765,508.9788394765131,TIME,drift,-0.31912918062970475
2023-02-27 17:15:00,2023-02-28 16:35:00,1,1819.14,1814.08,0.22,-130.3456000000038,502.32926943597124,NEWS,lw,-0.25948239119404554
2023-03-01 01:15:00,2023-03-01 09:10:00,1,1827.4099999999999,1834.86,0.34,250.92000000000155,509.3048741158927,TIME,drift,0.49267150728839193
2023-03-01 01:10:00,2023-03-01 16:35:00,1,1827.36,1839.92,0.11,137.3900000000019,494.1438088504033,NEWS,tom,0.27803646942300403
2023-03-01 13:30:00,2023-03-01 16:35:00,1,1838.04,1839.92,0.23,41.63000000000251,517.4098910708761,NEWS,lw,0.08045845415487027
2023-03-02 01:15:00,2023-03-02 09:10:00,1,1838.03,1833.67,0.3,-132.899999999997,509.76107686757587,TIME,drift,-0.2607103720367441
2023-03-03 01:15:00,2023-03-03 09:10:00,1,1836.8899999999999,1844.13,0.35000000000000003,250.9500000000083,517.3938448777463,TIME,drift,0.4850270301520588
2023-03-03 01:05:00,2023-03-03 16:35:00,1,1836.54,1844.12,0.16,120.15999999999883,515.1936198277449,NEWS,friday,0.23323270198915574
2023-03-03 10:15:00,2023-03-03 16:35:00,1,1843.83,1844.12,0.24,5.279999999999127,515.7536198277448,NEWS,lw,0.010237446325170884
2023-03-03 23:05:00,2023-03-03 23:55:00,1,1854.84,1854.76,0.66,-9.899999999995199,519.7952530815636,TIME,fri_close,-0.019045960772638572
2023-03-07 01:15:00,2023-03-07 09:10:00,1,1846.81,1846.62,0.4,-10.400000000002183,518.4619358688436,TIME,drift,-0.02005933180528241
2023-03-07 14:15:00,2023-03-07 16:50:00,-1,1841.17,1830.74,0.24,248.64000000000152,500.34184566780084,NEWS,lw,0.49694024625932376
2023-03-08 01:15:00,2023-03-08 09:10:00,1,1814.3799999999999,1813.43,0.31,-31.619999999994356,511.8007233456072,TIME,drift,-0.06178185875411923
2023-03-09 01:15:00,2023-03-09 09:10:00,1,1815.58,1813.48,0.38,-82.45999999999654,517.7387375602458,TIME,drift,-0.15926951958158475
2023-03-09 13:45:00,2023-03-09 15:20:00,1,1820.3,1816.45,0.24,-94.07999999999782,520.1057750911139,NEWS,lw,-0.18088628218657363
2023-03-10 01:15:00,2023-03-10 09:10:00,1,1831.7199999999998,1832.63,0.32,26.880000000009893,508.68510354244665,TIME,drift,0.05284212140835164
2023-03-10 01:05:00,2023-03-10 15:20:00,1,1831.2899999999997,1835.2,0.15,57.600000000004634,490.5599381373535,NEWS,friday,0.11741684455259577
2023-03-10 23:05:00,2023-03-10 23:55:00,1,1868.34,1867.39,0.42,-42.83999999999236,508.5880007542439,TIME,fri_close,-0.08423321025360404
2023-03-14 01:15:00,2023-03-14 09:10:00,1,1911.47,1906.84,0.15,-70.50000000000163,493.69214715864115,TIME,drift,-0.1428015422277872
2023-03-13 12:45:00,2023-03-14 13:47:00,1,1892.5,1902.48,0.22,200.53440000000043,512.6125152612165,TIME,lw,0.391200749161991
2023-03-15 01:15:00,2023-03-15 09:10:00,1,1904.6999999999998,1899.97,0.2,-95.99999999999582,504.91463327965715,TIME,drift,-0.19013115024302393
2023-03-15 11:00:00,2023-03-15 15:03:00,-1,1896.3400000000001,1920.8985007140877,0.21,-517.1985149958393,516.1485149958385,SL,lw,-1.0020342982097108
2023-03-15 18:15:00,2023-03-15 23:45:00,1,1923.44,1917.86,0.21,-118.65000000000323,516.1485149958385,TIME,tday,-0.22987569769712476
2023-03-16 01:15:00,2023-03-16 09:10:00,1,1920.86,1919.88,0.15,-15.749999999996863,507.97064768928385,TIME,drift,-0.031005728523178063
2023-03-17 01:15:00,2023-03-17 09:10:00,1,1919.8100000000002,1928.42,0.19,162.2599999999981,492.9277987852949,TIME,drift,0.3291759977827379
2023-03-17 01:05:00,2023-03-17 23:00:00,1,1920.06,1976.25,0.13,729.5600000000007,515.9902250167116,TIME,friday,1.4139027536352498
2023-03-17 18:15:00,2023-03-17 23:45:00,1,1957.34,1983.43,0.19,494.38000000000284,503.20303975987287,TIME,tday,0.982466243121106
2023-03-17 23:05:00,2023-03-17 23:55:00,1,1976.1299999999999,1986.0,0.26,254.80000000000308,520.3329012101707,TIME,fri_close,0.4896865053264916
2023-03-17 10:45:00,2023-03-20 11:48:00,1,1931.41,1999.85,0.19,1283.9287999999967,503.20303975987287,TIME,lw,2.5515124086147893
2023-03-17 14:30:00,2023-03-20 15:33:00,1,1935.7,1984.21,0.18,857.6135999999998,504.7200000000005,TIME,inside,1.6991868758915813
2023-03-21 01:15:00,2023-03-21 09:10:00,1,1979.4099999999999,1982.08,0.15,39.000000000001094,524.6397187565751,TIME,drift,0.07433672786428223
2023-03-17 16:00:00,2023-03-21 16:50:00,1,1945.16,1953.48,0.2,133.20799999999872,501.493476248059,NEWS,trendH4,0.2656225979181206
2023-03-17 20:00:00,2023-03-21 16:50:00,1,1962.01,1953.48,0.2,-203.79199999999946,517.6688024356563,NEWS,trendH4,-0.393672554809462
2023-03-22 01:15:00,2023-03-22 09:10:00,1,1940.57,1939.99,0.19,-12.349999999998618,523.3207323330473,TIME,drift,-0.02359929434658617
2023-03-22 18:15:00,2023-03-22 20:50:00,1,1951.53,1948.68,0.16,-46.71999999999854,511.769865997373,NEWS,tday,-0.09129103353701244
2023-03-23 01:15:00,2023-03-23 09:10:00,1,1966.1100000000001,1978.39,0.15,183.14999999999958,508.85006180663476,TIME,drift,0.35992920851721816
2023-03-23 18:15:00,2023-03-23 23:45:00,1,1982.3600000000001,1993.22,0.16,172.6399999999984,526.3463041404179,TIME,tday,0.3279969834345825
2023-03-24 01:15:00,2023-03-24 09:10:00,1,1992.94,1990.01,0.16,-48.000000000001016,518.6932633082572,TIME,drift,-0.09254024178732165
2023-03-23 19:15:00,2023-03-24 15:20:00,1,1988.45,1994.19,0.16,78.00320000000013,526.3463041404179,NEWS,lw,0.14819748782579187
2023-03-24 01:05:00,2023-03-24 15:20:00,1,1992.84,1994.19,0.1,12.800000000001365,499.5318272650959,NEWS,friday,0.02562399290968211
2023-03-24 23:05:00,2023-03-24 23:55:00,1,1976.73,1977.5,0.37,25.899999999999327,535.6752297539305,TIME,fri_close,0.04835019161124332
2023-03-27 10:30:00,2023-03-28 11:32:00,-1,1967.3600000000001,1952.42,0.16,243.42560000000088,527.0410479578092,TIME,lw,0.46187218423163057
2023-03-28 18:15:00,2023-03-28 23:45:00,1,1969.68,1973.41,0.16,58.560000000000294,529.7266873893942,TIME,tday,0.11054757367161626
2023-03-29 01:15:00,2023-03-29 09:10:00,1,1974.3200000000002,1963.13,0.27,-304.02000000000146,530.6422372049385,TIME,drift,-0.572928385047846
2023-03-29 10:15:00,2023-03-29 17:20:00,-1,1960.27,1966.17,0.16,-95.52000000000146,521.7747811472946,NEWS,lw,-0.18306749090090005
2023-03-30 01:15:00,2023-03-30 09:10:00,1,1964.1499999999999,1966.75,0.28,70.84000000000384,534.2345728884777,TIME,drift,0.13260092774787866
2023-03-30 13:45:00,2023-03-30 15:20:00,1,1970.9,1969.79,0.17,-20.060000000002166,533.9360117569288,NEWS,lw,-0.03757004502092727
2023-03-30 18:15:00,2023-03-30 23:45:00,1,1974.56,1980.8,0.17,104.89000000000016,533.9360117569288,TIME,tday,0.19644676082974286
2023-03-31 01:15:00,2023-03-31 09:10:00,1,1980.4099999999999,1980.38,0.29,-2.8999999999926147,520.5618483182582,TIME,drift,-0.00557090384045899
2023-03-31 01:05:00,2023-03-31 16:35:00,1,1980.37,1981.98,0.11,16.9400000000014,515.1268677389128,NEWS,friday,0.03288510279876778
2023-03-31 23:05:00,2023-03-31 23:55:00,1,1970.0,1969.27,0.5,-40.00000000000091,531.5168844902823,TIME,fri_close,-0.07525631107346736
2023-04-03 01:10:00,2023-04-03 16:35:00,1,1966.53,1973.18,0.08,52.640000000000725,487.3152748471597,NEWS,tom,0.10802041864275772
2023-04-03 18:15:00,2023-04-03 23:45:00,1,1986.42,1984.04,0.17,-41.65000000000185,518.3674795251072,TIME,tday,-0.08034840464559762
2023-04-04 01:15:00,2023-04-04 09:10:00,1,1985.4899999999998,1979.67,0.24,-141.35999999999302,527.2103030612352,TIME,drift,-0.2681282956330505
2023-04-04 18:15:00,2023-04-04 23:45:00,1,2021.9,2020.93,0.17,-17.680000000000465,530.944802416171,TIME,tday,-0.033299130002862956
2023-04-05 01:15:00,2023-04-05 09:10:00,1,2020.7,2024.26,0.23,80.26999999999876,518.3715486384868,TIME,drift,0.1548503196420203
2023-04-04 20:00:00,2023-04-05 15:05:00,1,2020.98,2022.95,0.22,24.3144000000006,521.8448214890594,NEWS,trendH4,0.04659316141266021
2023-04-05 16:00:00,2023-04-05 16:35:00,1,2031.75,2024.38,0.25,-185.99999999999727,530.1356441279256,NEWS,trendH4,-0.35085360145131855
2023-04-06 01:15:00,2023-04-06 09:10:00,1,2020.52,2016.07,0.25,-113.00000000000114,516.7783209555979,TIME,drift,-0.21866242335988045
2023-04-06 16:15:00,2023-04-10 17:17:00,-1,2009.45,1989.46,0.16,324.22560000000016,507.135181792715,TIME,lw,0.6393277604087093
2023-04-11 01:15:00,2023-04-11 09:10:00,1,1990.7,2000.11,0.28,261.51999999999595,528.9517168973063,TIME,drift,0.4944118558381935
2023-04-11 18:15:00,2023-04-11 23:45:00,1,2004.62,2003.15,0.17,-26.179999999996603,519.5239340849716,TIME,tday,-0.0503922885595386
2023-04-12 01:15:00,2023-04-12 09:10:00,1,2003.79,2017.47,0.33,449.13000000000216,525.0956906764252,TIME,drift,0.8553298150693934
2023-04-11 10:30:00,2023-04-12 11:32:00,1,2002.1,2010.23,0.17,123.50840000000188,519.5239340849716,TIME,lw,0.23773380184598242
2023-04-12 04:30:00,2023-04-12 15:20:00,1,2010.01,2008.29,0.25,-44.75000000000068,527.2499999999995,NEWS,nr7,-0.08487434803224414
2023-04-12 10:15:00,2023-04-12 15:20:00,1,2016.04,2008.29,0.18,-140.76,534.8610108230394,NEWS,lw,-0.263171173728666
2023-04-13 01:15:00,2023-04-13 09:10:00,1,2014.76,2017.56,0.22,60.059999999999,523.7561528702107,TIME,drift,0.11467168389500935
2023-04-13 11:15:00,2023-04-13 15:20:00,1,2026.25,2029.44,0.18,56.160000000000984,531.3195100499653,NEWS,lw,0.10569911124611196
2023-04-13 16:00:00,2023-04-13 19:50:00,1,2045.3,2039.13,0.23,-143.51999999999646,521.516348485265,NEWS,trendH4,-0.2751975089886401
2023-04-14 01:15:00,2023-04-14 09:10:00,1,2040.4699999999998,2044.03,0.23,80.27000000000399,526.0226482323316,TIME,drift,0.15259799225327397
2023-04-14 01:05:00,2023-04-14 15:20:00,1,2040.42,2037.02,0.12,-41.640000000001095,538.1538307606818,NEWS,friday,-0.07737564543792776
2023-04-14 23:05:00,2023-04-14 23:55:00,1,2005.8,2004.56,0.44,-57.6400000000004,536.509145772696,TIME,fri_close,-0.10743526080433466
2023-04-18 01:15:00,2023-04-18 09:10:00,1,1994.64,2000.44,0.24,137.5199999999989,537.646600354514,TIME,drift,0.2557813997323164
2023-04-18 18:15:00,2023-04-18 23:45:00,1,2008.42,2004.83,0.16,-58.56000000000233,510.03427391635046,TIME,tday,-0.1148158133576855
2023-04-19 01:15:00,2023-04-19 09:10:00,1,2005.99,1996.94,0.3,-273.59999999999866,536.4706930193917,TIME,drift,-0.5099999003861874
2023-04-18 17:45:00,2023-04-19 11:46:00,1,2009.04,1977.182857880228,0.16,-523.5510739163501,510.03427391635046,SL,lw,-1.0265017483946903
2023-04-20 01:15:00,2023-04-20 09:10:00,1,1995.08,1996.28,0.24,27.12000000000109,517.656157437954,TIME,drift,0.05238998823896281
2023-04-21 01:15:00,2023-04-21 09:10:00,1,2003.94,1997.86,0.26,-159.900000000004,520.9473565926036,TIME,drift,-0.30694080308972677
2023-04-21 01:05:00,2023-04-21 16:35:00,1,2004.4099999999999,1992.45,0.11,-132.3299999999979,510.1461134886263,NEWS,friday,-0.2593962719720851
2023-04-21 23:05:00,2023-04-21 23:55:00,1,1981.97,1982.66,0.5,31.00000000000273,530.0474324924288,TIME,fri_close,0.05848533187724767
2023-04-25 01:15:00,2023-04-25 09:10:00,1,1992.53,1996.81,0.3,126.29999999999919,527.0242180166427,TIME,drift,0.239647431147103
2023-04-25 01:30:00,2023-04-25 16:50:00,1,1992.25,1986.3,0.29,-174.58000000000132,522.2900000000016,NEWS,inside,-0.33425874514158954
2023-04-26 01:15:00,2023-04-26 09:10:00,1,1997.96,1995.53,0.21,-52.50000000000133,512.2318700401626,TIME,drift,-0.10249264653502517
2023-04-26 16:30:00,2023-04-26 17:20:00,1,2008.38,1999.79,0.17,-147.22000000000247,509.40587535751206,NEWS,lw,-0.2890033411897346
2023-04-27 01:15:00,2023-04-27 09:10:00,1,1990.33,1998.48,0.24,193.92000000000218,531.6619665457283,TIME,drift,0.3647430363693753
2023-04-27 10:15:00,2023-04-27 15:20:00,1,2001.61,1996.29,0.18,-97.01999999999884,534.3758606456211,NEWS,lw,-0.18155760232653742
2023-04-28 01:15:00,2023-04-28 09:10:00,1,1988.1499999999999,1985.71,0.24,-60.239999999995845,525.1761818519993,TIME,drift,-0.11470436413845624
2023-04-28 01:05:00,2023-04-28 16:35:00,1,1987.74,1988.85,0.12,12.4799999999988,533.3675848852195,NEWS,friday,0.023398497309664014
2023-04-28 23:05:00,2023-04-28 23:55:00,1,1988.38,1989.69,0.56,69.43999999999694,534.388524260074,TIME,fri_close,0.12994291016287277
2023-05-01 01:10:00,2023-05-01 16:35:00,1,1990.71,2000.2,0.09,84.78000000000009,519.2784716791322,NEWS,tom,0.16326500061875582
2023-05-01 15:30:00,2023-05-01 16:35:00,1,1997.54,2000.2,0.25,64.75000000000205,530.7499999999964,NEWS,inside,0.12199717381065
2023-05-02 01:15:00,2023-05-02 09:10:00,1,1982.32,1984.52,0.26,55.38000000000118,525.8107900844868,TIME,drift,0.10532305735130078
2023-05-02 18:15:00,2023-05-02 23:45:00,1,2012.68,2015.96,0.18,57.779999999999504,520.1092951306227,TIME,tday,0.11109203496447484
2023-05-03 01:15:00,2023-05-03 09:10:00,1,2015.84,2014.95,0.24,-23.039999999996944,519.326102164986,TIME,drift,-0.04436518769988055
2023-05-04 01:15:00,2023-05-04 09:10:00,1,2050.57,2040.56,0.19,-191.52000000000416,529.215470700194,TIME,drift,-0.36189418224415854
2023-05-04 04:00:00,2023-05-04 15:20:00,1,2054.63,2040.92,0.21,-289.38000000000073,528.8157674083288,NEWS,trendH4,-0.5472227150453968
2023-05-05 01:15:00,2023-05-05 09:10:00,1,2048.41,2047.17,0.17,-22.26999999999629,505.6439999219994,TIME,drift,-0.04404284437950744
2023-05-04 17:45:00,2023-05-05 15:20:00,1,2059.1400000000003,2036.51,0.17,-399.4116000000057,510.3962372194667,NEWS,lw,-0.7825520073892348
2023-05-05 01:05:00,2023-05-05 15:20:00,1,2049.4100000000003,2036.51,0.11,-142.6700000000035,518.2488986704858,NEWS,friday,-0.2752924325859808
2023-05-05 23:05:00,2023-05-05 23:55:00,1,2018.67,2015.84,0.49,-142.10000000000758,528.2691763035474,TIME,fri_close,-0.2689916549633323
2023-05-09 01:15:00,2023-05-09 09:10:00,1,2022.3899999999999,2026.67,0.31,130.51000000000622,519.9311158782652,TIME,drift,0.251014020923809
2023-05-10 01:15:00,2023-05-10 09:10:00,1,2035.27,2028.99,0.35000000000000003,-222.24999999999906,525.1350118189497,TIME,drift,-0.42322449464981393
2023-05-09 12:45:00,2023-05-10 13:47:00,1,2028.13,2031.43,0.16,38.963199999999276,507.9174217702514,TIME,lw,0.07671168250972828
2023-05-09 13:30:00,2023-05-10 14:32:00,1,2029.76,2031.28,0.34,22.276799999999376,525.6399999999957,TIME,inside,0.04238033635187497
2023-05-11 01:15:00,2023-05-11 09:10:00,1,2030.81,2031.5,0.24,14.88000000000131,520.768205514908,TIME,drift,0.028573172944167655
2023-05-11 17:00:00,2023-05-11 19:50:00,-1,2012.8,2014.8500000000001,0.17,-36.04000000000309,518.2890410541877,NEWS,lw,-0.06953648861009791
2023-05-12 01:15:00,2023-05-12 09:10:00,1,2016.4399999999998,2009.55,0.22,-153.1199999999972,525.8101505509366,TIME,drift,-0.2912077673653888
2023-05-12 01:05:00,2023-05-12 23:00:00,1,2015.36,2010.9,0.11,-49.8299999999979,502.203442462703,TIME,friday,-0.09922273681686006
2023-05-12 23:05:00,2023-05-12 23:55:00,1,2011.53,2010.81,0.63,-49.770000000001716,526.3638883032335,TIME,fri_close,-0.09455435888741985
2023-05-16 01:15:00,2023-05-16 09:10:00,1,2016.44,2010.75,0.32,-184.32000000000176,526.8081400011844,TIME,drift,-0.3498806985017114
2023-05-15 10:15:00,2023-05-16 11:17:00,1,2018.21,2009.66,0.17,-160.05159999999927,507.2177956028455,TIME,lw,-0.3155480769553295
2023-05-17 01:15:00,2023-05-17 09:10:00,1,1989.09,1987.81,0.28,-37.79999999999924,523.3298963371977,TIME,drift,-0.07222977373271165
2023-05-18 01:15:00,2023-05-18 09:10:00,1,1983.29,1978.34,0.31,-155.6200000000014,512.3731077456268,TIME,drift,-0.30372398091833624
2023-05-18 11:15:00,2023-05-18 15:20:00,-1,1973.3600000000001,1973.8700000000001,0.18,-10.439999999999836,509.4480240291144,NEWS,lw,-0.020492767677126572
2023-05-19 01:15:00,2023-05-19 09:10:00,1,1958.32,1964.79,0.31,198.40000000000086,517.9894183692751,TIME,drift,0.3830194072778555
2023-05-19 01:05:00,2023-05-19 17:50:00,1,1958.52,1958.31,0.12,-3.3600000000004364,516.4945937413204,NEWS,friday,-0.006505392390773501
2023-05-19 23:05:00,2023-05-19 23:55:00,1,1976.45,1977.52,0.48,47.999999999996945,518.1605722304366,TIME,fri_close,0.09263537708664248
2023-05-19 18:30:00,2023-05-22 19:33:00,1,1975.31,1975.03,0.18,-20.60639999999951,516.9145937413206,TIME,lw,-0.0398642256370722
2023-05-23 01:15:00,2023-05-23 09:10:00,1,1972.1399999999999,1962.22,0.29,-289.7099999999955,512.4935897047546,TIME,drift,-0.5652948755259479
2023-05-23 10:15:00,2023-05-23 16:35:00,-1,1958.29,1967.18,0.18,-161.2800000000018,499.5875833789958,NEWS,lw,-0.3228262778453643
2023-05-24 01:15:00,2023-05-24 09:10:00,1,1976.4799999999998,1978.2,0.27,44.55000000000688,512.4214735059293,TIME,drift,0.08694015044920125
2023-05-24 19:00:00,2023-05-25 15:20:00,-1,1962.98,1959.6200000000001,0.19,82.1236999999981,521.5137027563966,NEWS,lw,0.1574717971281356
2023-05-26 01:15:00,2023-05-26 09:10:00,1,1942.31,1948.64,0.27,169.0200000000042,521.6383897333193,TIME,drift,0.32401756336686305
2023-05-26 01:05:00,2023-05-26 15:20:00,1,1941.66,1952.84,0.12,133.31999999999803,493.0598398992908,NEWS,friday,0.2703931434108061
2023-05-26 10:30:00,2023-05-26 15:20:00,1,1952.04,1952.84,0.19,13.869999999999136,520.8953865603626,NEWS,lw,0.02662722757363459
2023-05-26 23:05:00,2023-05-26 23:55:00,1,1947.08,1946.56,0.65,-38.349999999998815,522.6749019717035,TIME,fri_close,-0.07337256840787622
2023-05-30 01:15:00,2023-05-30 08:53:00,1,1944.06,1932.4713469958149,0.45,-524.6393851883278,522.3893851883338,SL,drift,-1.0043071319283847
2023-05-30 10:15:00,2023-05-30 16:50:00,-1,1938.69,1954.27,0.2,-312.9999999999985,513.8548352776652,NEWS,lw,-0.6091214454192432
2023-05-31 01:15:00,2023-05-31 09:10:00,1,1959.6,1962.51,0.31,88.04000000000254,512.0933120412898,TIME,drift,0.17192179223950482
2023-06-01 01:15:00,2023-06-01 09:10:00,1,1964.09,1962.38,0.27,-48.05999999999485,510.1946500262364,TIME,drift,-0.09419934136417032
2023-05-31 18:30:00,2023-06-01 15:05:00,1,1972.72,1966.6,0.2,-171.4880000000024,522.4794899006891,NEWS,lw,-0.3282195824234137
2023-06-01 01:10:00,2023-06-01 15:05:00,1,1963.78,1966.6,0.1,27.499999999999364,514.6166691934974,NEWS,tom,0.05343783372407489
2023-06-02 01:15:00,2023-06-02 09:10:00,1,1977.2,1979.72,0.29,71.04999999999947,505.6926047469874,TIME,drift,0.14050037381018818
2023-06-02 01:05:00,2023-06-02 15:20:00,1,1977.25,1978.48,0.13,15.080000000000236,507.65348443054137,NEWS,friday,0.029705301869278364
2023-06-02 17:00:00,2023-06-05 16:35:00,-1,1963.38,1946.3700000000001,0.2,345.68199999999985,521.1369071082476,NEWS,lw,0.663322814571252
2023-06-06 01:15:00,2023-06-06 09:10:00,1,1961.9499999999998,1958.95,0.29,-89.02999999999341,516.9596879455706,TIME,drift,-0.17221845740777983
2023-06-07 01:15:00,2023-06-07 09:10:00,1,1963.77,1963.39,0.34,-15.299999999995983,523.1699672272975,TIME,drift,-0.029244797978529052
2023-06-07 10:15:00,2023-06-07 17:20:00,-1,1955.76,1964.04,0.2,-166.99999999999946,513.4002860484039,NEWS,lw,-0.3252822496173181
2023-06-08 01:15:00,2023-06-08 09:10:00,1,1943.01,1944.81,0.26,44.97999999999882,508.99884642368465,TIME,drift,0.08836955194699596
2023-06-09 01:15:00,2023-06-09 09:10:00,1,1966.6499999999999,1964.59,0.31,-66.02999999999831,508.5622110240887,TIME,drift,-0.1298366228726159
2023-06-09 01:05:00,2023-06-09 23:00:00,1,1966.27,1960.12,0.13,-80.86000000000118,513.7214394572745,TIME,friday,-0.1574004777480699
2023-06-09 23:05:00,2023-06-09 23:55:00,1,1960.68,1960.46,0.75,-21.750000000002046,516.8825545520253,TIME,fri_close,-0.042079191507735175
2023-06-12 17:00:00,2023-06-12 19:50:00,-1,1952.01,1954.7,0.2,-55.20000000000109,513.1918471021664,NEWS,lw,-0.10756211407429443
2023-06-13 01:15:00,2023-06-13 09:10:00,1,1957.53,1959.46,0.33,61.3800000000021,508.9354596149122,TIME,drift,0.12060468344344781
2023-06-13 13:45:00,2023-06-13 15:20:00,1,1964.96,1958.46,0.2,-131.4,502.0210008805831,NEWS,lw,-0.2617420382205414
2023-06-14 01:15:00,2023-06-14 09:10:00,1,1944.06,1946.93,0.25,70.00000000000296,508.18022650272644,TIME,drift,0.13774640639156668
2023-06-15 01:15:00,2023-06-15 09:10:00,1,1944.28,1936.23,0.25,-202.99999999999886,512.9465626078245,TIME,drift,-0.3957527251336771
2023-06-15 10:15:00,2023-06-15 15:20:00,-1,1929.97,1931.0900000000001,0.2,-23.800000000002363,503.5211691266252,NEWS,lw,-0.04726712889010066
2023-06-16 01:15:00,2023-06-16 09:10:00,1,1957.9,1959.51,0.24,36.9599999999976,501.14439632321404,TIME,drift,0.07375119879851989
2023-06-16 01:05:00,2023-06-16 23:00:00,1,1957.74,1955.37,0.13,-31.720000000001537,505.72148704856943,TIME,friday,-0.06272227068128342
2023-06-16 23:05:00,2023-06-16 23:55:00,1,1956.31,1957.35,0.64,62.07999999999767,516.9379886541486,TIME,fri_close,0.12009177379596989
2023-06-19 10:45:00,2023-06-20 14:15:00,-1,1953.03,1952.73,0.35000000000000003,20.093499999998407,519.7499999999991,TIME,nr7,0.03865993265992966
2023-06-19 13:00:00,2023-06-20 16:30:00,-1,1950.32,1938.69,0.2,238.08199999999766,503.10141623673263,TIME,lw,0.47322864201194975
2023-06-20 18:15:00,2023-06-20 23:45:00,-1,1935.66,1936.04,0.21,-9.449999999997518,507.0538808308144,TIME,tday,-0.01863707262138211
2023-06-20 05:00:00,2023-06-21 06:02:00,-1,1946.88,1937.05,0.44,444.5804000000068,518.7600000000012,TIME,nr7,0.857005937234956
2023-06-20 16:00:00,2023-06-21 16:50:00,-1,1944.64,1926.64,0.21,383.75609999999995,507.0538808308144,NEWS,lw,0.7568349528677516
2023-06-22 01:15:00,2023-06-22 09:10:00,1,1933.25,1930.96,0.31,-73.15999999999887,512.0274486425914,TIME,drift,-0.1428829649542216
2023-06-22 16:00:00,2023-06-22 16:50:00,-1,1923.39,1926.1200000000001,0.21,-58.80000000000038,505.5971217367739,NEWS,lw,-0.11629813041264322
2023-06-23 01:15:00,2023-06-23 09:10:00,1,1914.2099999999998,1915.8,0.32,48.640000000004655,525.9665487807796,TIME,drift,0.09247736403152433
2023-06-23 01:05:00,2023-06-23 16:35:00,1,1914.49,1934.02,0.14,272.4399999999996,502.9080416127186,NEWS,friday,0.5417292575524201
2023-06-23 15:45:00,2023-06-23 16:35:00,1,1923.16,1934.02,0.21,226.5899999999979,503.3980416127185,NEWS,lw,0.4501209406259896
2023-06-23 23:05:00,2023-06-23 23:55:00,1,1920.06,1921.42,0.72,92.88000000000916,523.8287278310682,TIME,fri_close,0.17730986306265056
2023-06-27 01:15:00,2023-06-27 09:10:00,1,1923.85,1925.1,0.38,44.84,520.3772491550194,TIME,drift,0.08616825595817362
2023-06-27 10:15:00,2023-06-27 15:20:00,1,1928.61,1926.97,0.22,-37.6199999999972,514.0744117386026,NEWS,lw,-0.07318006720615823
2023-06-27 18:15:00,2023-06-27 23:45:00,-1,1914.89,1913.25,0.22,34.5400000000022,514.0744117386026,TIME,tday,0.06718871667466918
2023-06-28 01:15:00,2023-06-28 09:10:00,1,1915.14,1916.11,0.32,28.799999999993602,514.0351519972045,TIME,drift,0.056027296748278076
2023-06-29 01:15:00,2023-06-29 09:10:00,1,1910.02,1904.86,0.36,-188.28000000000296,521.430327136585,TIME,drift,-0.36108371569781045
2023-06-30 01:15:00,2023-06-30 09:10:00,1,1908.49,1904.92,0.31,-112.83999999999803,518.3186899000295,TIME,drift,-0.2177038995482914
2023-06-30 01:05:00,2023-06-30 16:35:00,1,1909.03,1911.27,0.15,32.55000000000014,502.0101230497692,NEWS,friday,0.06483932993672548
2023-06-30 23:05:00,2023-06-30 23:55:00,1,1919.44,1919.21,0.72,-21.60000000000131,523.9137185991294,TIME,fri_close,-0.04122816264051384
2023-06-30 17:15:00,2023-07-03 16:35:00,1,1916.86,1924.42,0.23,153.98960000000397,513.702570228653,NEWS,lw,0.2997641221290016
2023-07-03 01:10:00,2023-07-03 16:35:00,1,1919.1200000000001,1924.42,0.11,57.5299999999995,490.4956990229651,NEWS,tom,0.11728950960140005
2023-07-04 01:15:00,2023-07-04 09:10:00,1,1921.6200000000001,1924.16,0.38,93.85999999999862,525.3983817179267,TIME,drift,0.1786453922699551
2023-07-03 17:45:00,2023-07-04 18:47:00,1,1929.41,1927.59,0.23,-61.750400000003765,513.5959580694636,TIME,lw,-0.12023147579298522
2023-07-05 01:15:00,2023-07-05 09:10:00,1,1925.77,1924.71,0.53,-59.88999999999711,528.1854198127523,TIME,drift,-0.11338821132402478
2023-07-04 13:15:00,2023-07-05 16:45:00,1,1930.71,1925.7,0.23,-135.1203999999998,511.426961064502,TIME,lw,-0.26420273135142397
2023-07-06 01:15:00,2023-07-06 09:10:00,1,1917.75,1919.79,0.37,72.88999999999865,520.8994556945629,TIME,drift,0.13993103506473767
2023-07-05 16:15:00,2023-07-06 15:05:00,1,1930.42,1926.83,0.24,-145.06560000000349,514.229850472437,NEWS,lw,-0.2821026431404707
2023-07-06 14:00:00,2023-07-06 15:05:00,1,1925.05,1926.83,0.24,41.039999999999345,512.3505754386915,NEWS,lw,0.08010140315517268
2023-07-07 01:15:00,2023-07-07 09:10:00,1,1910.88,1914.31,0.3,100.7999999999951,515.0556657212364,TIME,drift,0.1957070016089311
2023-07-07 01:05:00,2023-07-07 15:20:00,1,1911.21,1914.45,0.16,50.72000000000014,518.1541057644991,NEWS,friday,0.09788593670442199
2023-07-07 23:05:00,2023-07-07 23:55:00,1,1924.99,1925.1,0.68,2.719999999993197,523.7739616725014,TIME,fri_close,0.0051930798379281095
2023-07-07 16:30:00,2023-07-10 17:33:00,1,1921.33,1923.06,0.24,20.764800000000438,518.7141057644992,TIME,lw,0.04003130003452777
2023-07-11 01:15:00,2023-07-11 09:10:00,1,1925.59,1929.99,0.37,160.21000000000336,522.4565014098924,TIME,drift,0.3066475382499085
2023-07-12 01:15:00,2023-07-12 09:10:00,1,1932.56,1938.77,0.4,245.60000000000144,521.9008676762676,TIME,drift,0.47058745292668464
2023-07-11 10:15:00,2023-07-12 11:17:00,1,1931.55,1934.96,0.24,61.08480000000196,514.453693235716,TIME,lw,0.11873721736897651
2023-07-13 01:15:00,2023-07-13 09:10:00,1,1957.54,1958.63,0.32,32.640000000004655,519.5831797552986,TIME,drift,0.06281958552887855
2023-07-14 01:15:00,2023-07-14 09:10:00,1,1960.97,1959.79,0.36,-45.00000000000229,523.4278774986528,TIME,drift,-0.08597172969664403
2023-07-14 01:05:00,2023-07-14 23:00:00,1,1960.77,1954.32,0.17,-110.84000000000077,526.6452721542636,TIME,friday,-0.2104642457846537
2023-07-14 23:05:00,2023-07-14 23:55:00,1,1955.12,1955.36,0.74,12.580000000000673,529.0087178749725,TIME,fri_close,0.023780326438729633
2023-07-17 16:00:00,2023-07-18 14:16:00,-1,1948.52,1968.619939882368,0.26,-515.4718369415697,523.1184369415715,SL,lw,-0.9853826601013951
2023-07-19 01:15:00,2023-07-19 09:10:00,1,1979.06,1979.74,0.3,18.30000000000191,513.0073437209344,TIME,drift,0.035672003966393
2023-07-18 20:00:00,2023-07-19 17:20:00,1,1978.14,1973.77,0.33,-172.7484000000039,516.2829420955771,NEWS,trendH4,-0.33460024710253505
2023-07-20 01:15:00,2023-07-20 09:10:00,1,1977.85,1979.81,0.36,68.04000000000131,519.3357784153958,TIME,drift,0.13101350384062863
2023-07-20 08:00:00,2023-07-20 15:20:00,1,1984.79,1981.19,0.37,-135.78999999999664,526.2795095191916,NEWS,trendH4,-0.25801878572862214
2023-07-20 10:15:00,2023-07-20 15:20:00,1,1982.37,1981.19,0.26,-32.499999999995744,513.9744045046032,NEWS,lw,-0.06323272076421983
2023-07-21 01:15:00,2023-07-21 09:10:00,1,1970.66,1969.77,0.33,-31.680000000003304,522.7895723245982,TIME,drift,-0.0605979952108404
2023-07-21 01:05:00,2023-07-21 23:00:00,1,1970.69,1962.36,0.17,-142.80000000000263,507.92454695954956,TIME,friday,-0.28114412043049974
2023-07-21 23:05:00,2023-07-21 23:55:00,1,1962.32,1961.96,0.81,-34.8299999999919,521.0215915473092,TIME,fri_close,-0.06684943688524529
2023-07-25 01:15:00,2023-07-25 09:10:00,1,1955.46,1962.42,0.37,254.93000000000134,519.9505753245045,TIME,drift,0.4902966014431235
2023-07-25 10:15:00,2023-07-25 16:50:00,1,1962.75,1958.44,0.27,-118.25999999999853,523.3396734246548,NEWS,lw,-0.22597178468454945
2023-07-26 01:15:00,2023-07-26 09:10:00,1,1964.51,1966.1,0.35000000000000003,53.19999999999713,519.3247469763974,TIME,drift,0.10244071808581655
2023-07-26 11:15:00,2023-07-26 16:50:00,1,1971.39,1965.17,0.27,-169.83000000000075,517.1046967514651,NEWS,lw,-0.32842478721794666
2023-07-27 01:15:00,2023-07-27 09:10:00,1,1973.24,1975.65,0.3,70.20000000000246,523.8446782184217,TIME,drift,0.13400918806458115
2023-07-27 10:45:00,2023-07-27 15:20:00,1,1981.02,1976.57,0.27,-122.04000000000124,511.85507555493166,NEWS,lw,-0.23842686304847252
2023-07-28 01:15:00,2023-07-28 09:10:00,1,1947.17,1951.97,0.24,113.5199999999989,516.2293073145164,TIME,drift,0.21990227674314514
2023-07-28 01:05:00,2023-07-28 23:00:00,1,1947.01,1958.99,0.17,202.4700000000003,520.6227051493648,TIME,friday,0.3888996734053548
2023-07-28 23:05:00,2023-07-28 23:55:00,1,1959.0,1959.06,0.77,-0.7700000000042024,526.6805389676706,TIME,fri_close,-0.0014619868080059581
2023-07-28 18:30:00,2023-07-31 16:35:00,1,1962.89,1968.34,0.25,114.62999999999545,510.99775014643615,NEWS,lw,0.2243258409007594
2023-07-31 15:45:00,2023-07-31 16:35:00,1,1965.15,1968.34,0.26,81.11999999999551,509.34000000000543,NEWS,inside,0.15926493108727893
2023-07-31 18:15:00,2023-07-31 23:45:00,1,1968.73,1965.14,0.26,-95.15999999999788,527.983541569987,TIME,tday,-0.18023289081518448
2023-08-01 01:15:00,2023-08-01 09:10:00,1,1966.08,1957.9,0.34,-280.49999999999443,525.4718475947749,TIME,drift,-0.5338059522768307
2023-08-01 01:10:00,2023-08-01 16:35:00,1,1965.72,1945.65,0.12,-241.67999999999924,489.44874991713135,NEWS,tom,-0.4937799923708419
2023-08-02 01:15:00,2023-08-02 09:10:00,1,1950.29,1950.0,0.37,-13.319999999998654,522.303747920323,TIME,drift,-0.02550240172128845
2023-08-03 01:15:00,2023-08-03 09:10:00,1,1936.19,1934.81,0.35000000000000003,-50.75000000000382,520.3777468758973,TIME,drift,-0.097525307922337
2023-08-04 01:15:00,2023-08-04 09:10:00,1,1934.87,1934.01,0.34,-31.6199999999966,515.1497810852434,TIME,drift,-0.06138020661366513
2023-08-04 01:05:00,2023-08-04 15:20:00,1,1934.97,1931.29,0.17,-63.75000000000108,509.8823751971336,NEWS,friday,-0.12502883625925232
2023-08-04 23:05:00,2023-08-04 23:55:00,1,1941.82,1942.68,0.68,53.72000000000866,522.3131019267205,TIME,fri_close,0.1028501866061661
2023-08-07 18:15:00,2023-08-07 23:45:00,-1,1934.17,1936.3500000000001,0.23,-51.750000000001464,514.7783898709887,TIME,tday,-0.10052869548966654
2023-08-08 01:15:00,2023-08-08 09:10:00,1,1936.9,1933.95,0.39,-117.78000000000179,521.913525974761,TIME,drift,-0.22566956811480962
2023-08-08 11:00:00,2023-08-09 12:02:00,-1,1930.3700000000001,1928.0700000000002,0.32,82.37119999999855,522.5599999999997,TIME,inside,0.1576301285976703
2023-08-08 14:45:00,2023-08-09 15:47:00,-1,1929.89,1924.28,0.23,135.33430000000294,503.1770763087752,TIME,lw,0.26895958971897777
2023-08-09 18:00:00,2023-08-09 19:50:00,-1,1917.25,1917.03,0.24,3.6000000000006542,514.0533161749621,NEWS,lw,0.007003164626556685
2023-08-09 18:15:00,2023-08-09 19:50:00,-1,1917.42,1917.03,0.24,7.680000000002401,514.0533161749621,NEWS,tday,0.014940084536656219
2023-08-10 01:15:00,2023-08-10 09:10:00,1,1915.93,1916.1,0.42,4.199999999993505,518.0389375599042,TIME,drift,0.008107498675247422
2023-08-11 01:15:00,2023-08-11 09:10:00,1,1913.58,1916.17,0.33,83.1600000000048,510.5596711402742,TIME,drift,0.1628800798431197
2023-08-11 01:05:00,2023-08-11 15:20:00,1,1912.71,1918.77,0.16,95.83999999999912,502.9125022120847,NEWS,friday,0.19056992931860373
2023-08-11 23:05:00,2023-08-11 23:55:00,1,1913.83,1913.92,0.99,1.9800000000144067,524.667159593186,TIME,fri_close,0.0037738211050785983
2023-08-14 15:30:00,2023-08-15 15:20:00,-1,1907.49,1903.69,0.26,105.92659999999883,525.3379337728708,NEWS,lw,0.20163516317821448
2023-08-16 01:15:00,2023-08-16 09:10:00,1,1902.25,1904.97,0.37,98.05000000000102,516.2075675291358,TIME,drift,0.1899429728807044
2023-08-17 01:15:00,2023-08-17 09:10:00,1,1895.03,1893.85,0.41000000000000003,-51.250000000002615,519.9794096529516,TIME,drift,-0.09856159503355769
2023-08-17 14:30:00,2023-08-17 15:20:00,1,1898.43,1898.98,0.27,12.959999999998772,516.8585735797392,NEWS,lw,0.02507455745628518
2023-08-18 01:15:00,2023-08-18 09:10:00,1,1889.71,1892.53,0.39,107.24999999999751,527.0655947094764,TIME,drift,0.2034851090197127
2023-08-18 01:05:00,2023-08-18 23:01:00,1,1889.92,1889.44,0.18,-9.900000000000327,515.1236754669007,TIME,friday,-0.019218685670052166
2023-08-18 23:05:00,2023-08-18 23:55:00,1,1890.01,1889.59,0.87,-42.63000000000633,523.6890560386341,TIME,fri_close,-0.08140326689748771
2023-08-21 04:45:00,2023-08-21 15:43:00,-1,1886.49,1896.8,0.51,-529.3799999999973,526.8299999999996,SL,inside,-1.0048402710551747
2023-08-22 01:15:00,2023-08-22 09:10:00,1,1895.1200000000001,1896.52,0.39,51.86999999999469,518.5950151448369,TIME,drift,0.10002024409260483
2023-08-22 10:30:00,2023-08-22 16:50:00,1,1900.76,1892.48,0.28,-233.79999999999924,508.09085266617046,NEWS,lw,-0.46015392478166145
2023-08-23 01:15:00,2023-08-23 09:10:00,1,1898.31,1903.15,0.42,200.3400000000061,521.8289391615248,TIME,drift,0.3839189147346113
2023-08-23 10:30:00,2023-08-23 16:35:00,1,1904.25,1911.63,0.29,211.99000000000316,520.5900292223122,NEWS,lw,0.40721102614409693
2023-08-24 01:15:00,2023-08-24 09:10:00,1,1917.35,1922.27,0.41000000000000003,198.850000000003,521.3550485022718,TIME,drift,0.381409944281256
2023-08-25 01:15:00,2023-08-25 09:10:00,1,1917.1,1913.65,0.46,-161.91999999999166,521.3889911168986,TIME,drift,-0.31055508029261053
2023-08-25 01:05:00,2023-08-25 16:55:00,1,1917.09,1915.14,0.19,-38.37999999999654,508.1346341923406,NEWS,friday,-0.07553116323393305
2023-08-25 18:15:00,2023-08-25 23:45:00,-1,1904.74,1914.41,0.29,-282.4600000000021,517.7259435641361,TIME,tday,-0.5455782224384721
2023-08-29 01:15:00,2023-08-29 09:10:00,1,1920.59,1925.03,0.45,196.65000000000245,514.9888213309762,TIME,drift,0.3818529487528783
2023-08-28 18:45:00,2023-08-29 16:50:00,1,1925.18,1920.94,0.29,-148.03920000000025,519.3983761666976,NEWS,lw,-0.2850205291217314
2023-08-30 01:15:00,2023-08-30 09:10:00,1,1937.02,1936.29,0.41000000000000003,-32.80000000000075,524.2303709967238,TIME,drift,-0.06256791253364018
2023-08-30 17:00:00,2023-08-30 17:20:00,1,1947.54,1948.09,0.29,13.91999999999868,522.7677325110811,NEWS,lw,0.02662750421326668
2023-08-31 01:15:00,2023-08-31 09:10:00,1,1944.58,1944.9,0.51,12.750000000008349,516.3962495534237,TIME,drift,0.024690341982604388
2023-09-01 01:15:00,2023-09-01 09:10:00,1,1940.34,1939.86,0.52,-28.60000000000095,523.3604564132725,TIME,drift,-0.054646849316825175
2023-09-01 01:05:00,2023-09-01 15:20:00,1,1940.26,1946.19,0.2,117.20000000000128,512.9480654171675,NEWS,friday,0.22848316993784842
2023-09-01 01:10:00,2023-09-01 15:20:00,1,1940.26,1946.19,0.15,87.90000000000096,512.5980654171675,NEWS,tom,0.17147938302979224
2023-09-01 12:15:00,2023-09-01 15:20:00,1,1943.73,1946.19,0.3,71.7000000000011,513.6480654171675,NEWS,lw,0.13958974018868114
2023-09-01 23:05:00,2023-09-01 23:55:00,1,1940.7,1939.86,0.88,-80.0800000000128,524.1405759345852,TIME,fri_close,-0.15278343955192492
2023-09-05 01:15:00,2023-09-05 09:10:00,1,1938.8,1936.42,0.65,-159.24999999999233,525.2307249462947,TIME,drift,-0.3032000841464021
2023-09-05 11:30:00,2023-09-06 12:32:00,-1,1933.07,1923.5900000000001,0.31,302.3770999999935,517.5941521633575,TIME,lw,0.5841972880415397
2023-09-06 18:15:00,2023-09-06 23:45:00,-1,1916.6000000000001,1916.72,0.31,-5.889999999996617,510.9809984374037,TIME,tday,-0.011526847413129697
2023-09-06 17:30:00,2023-09-07 15:20:00,-1,1918.92,1921.55,0.31,-51.698699999996336,510.9809984374037,NEWS,lw,-0.10117538647834777
2023-09-07 16:00:00,2023-09-07 17:50:00,1,1923.45,1919.94,0.32,-114.5599999999997,521.6510952764052,NEWS,lw,-0.21961038908448619
2023-09-08 01:15:00,2023-09-08 09:10:00,1,1920.08,1926.87,0.47000000000000003,315.83999999999827,520.7494334689038,TIME,drift,0.6065105014057752
2023-09-08 01:05:00,2023-09-08 23:00:00,1,1919.6100000000001,1919.16,0.22,-11.440000000001,516.2474997178074,TIME,friday,-0.022159913619444867
2023-09-08 23:05:00,2023-09-08 23:55:00,1,1919.17,1919.02,1.08,-23.760000000009825,526.2289137880688,TIME,fri_close,-0.04515145287052552
2023-09-08 10:15:00,2023-09-11 11:18:00,1,1925.63,1925.98,0.33,-16.988400000003004,517.0174997178074,TIME,lw,-0.03285846225567881
2023-09-12 01:15:00,2023-09-12 09:11:00,1,1923.32,1919.61,0.51,-192.78000000000185,524.4652173459533,TIME,drift,-0.36757442366828735
2023-09-11 10:15:00,2023-09-12 11:18:00,1,1930.72,1920.43,0.34,-379.26319999999873,524.7986469161712,TIME,lw,-0.7226832657222542
2023-09-12 13:45:00,2023-09-12 19:50:00,-1,1915.99,1912.21,0.34,126.13999999999908,522.0416007078733,NEWS,lw,0.24162825305293084
2023-09-13 01:15:00,2023-09-13 09:10:00,1,1913.71,1910.24,0.5,-177.00000000000136,514.8118397425167,TIME,drift,-0.34381493651841416
2023-09-14 01:15:00,2023-09-14 09:12:00,1,1909.55,1907.7,0.47000000000000003,-90.23999999999573,519.5490067653654,TIME,drift,-0.17368910117221953
2023-09-15 01:15:00,2023-09-15 09:10:00,1,1911.1200000000001,1916.25,0.4,202.3999999999953,516.4598237659636,TIME,drift,0.39189882869129794
2023-09-15 01:05:00,2023-09-15 23:01:00,1,1911.0,1922.48,0.23,262.4300000000004,512.3817444269242,TIME,friday,0.5121767175634184
2023-09-15 23:05:00,2023-09-15 23:55:00,1,1922.89,1923.5,0.88,47.5199999999912,522.7588262997033,TIME,fri_close,0.09090233891669859
2023-09-15 10:15:00,2023-09-18 11:19:00,1,1916.43,1925.91,0.35000000000000003,301.5320000000007,520.6242334765898,TIME,lw,0.5791739619695581
2023-09-19 01:15:00,2023-09-19 09:10:00,1,1934.02,1930.2,0.5,-194.49999999999682,521.445073997025,TIME,drift,-0.3730018935821925
2023-09-20 01:15:00,2023-09-20 09:10:00,1,1932.24,1931.21,0.58,-63.79999999999842,520.7866961598382,TIME,drift,-0.12250696968729233
2023-09-20 16:45:00,2023-09-20 17:20:00,1,1940.78,1942.97,0.36,76.32000000000197,522.3628454199335,NEWS,lw,0.14610533783015797
2023-09-21 01:15:00,2023-09-21 09:10:00,1,1930.63,1928.45,0.35000000000000003,-78.75000000000223,523.899356098437,TIME,drift,-0.15031513034577135
2023-09-21 12:15:00,2023-09-21 15:20:00,-1,1922.66,1916.02,0.35000000000000003,229.95000000000354,520.5275687818844,NEWS,lw,0.441763345096442
2023-09-22 01:15:00,2023-09-22 09:10:00,1,1920.27,1925.03,0.39,182.90999999999966,516.3697648949602,TIME,drift,0.3542229085337852
2023-09-22 01:05:00,2023-09-22 16:35:00,1,1920.1499999999999,1925.66,0.23,125.12000000000502,519.3042134666837,NEWS,friday,0.24093777164785546
2023-09-22 10:45:00,2023-09-22 16:35:00,1,1927.79,1925.66,0.35000000000000003,-76.99999999999586,527.6470281546066,NEWS,lw,-0.14593088919555894
2023-09-22 23:05:00,2023-09-22 23:55:00,1,1925.46,1925.05,1.29,-61.92000000001056,524.311996061756,TIME,fri_close,-0.11809762215075721
2023-09-25 18:15:00,2023-09-25 23:45:00,-1,1916.82,1915.91,0.35000000000000003,29.39999999999491,514.0329547149918,TIME,tday,0.05719477658061027
2023-09-25 17:30:00,2023-09-26 16:50:00,-1,1916.48,1906.78,0.35000000000000003,349.09350000000165,514.0329547149918,NEWS,lw,0.6791266917771028
2023-09-26 10:15:00,2023-09-26 16:50:00,-1,1911.0,1906.78,0.36,149.40000000000097,522.145352666564,NEWS,lw,0.286127223458036
2023-09-26 18:15:00,2023-09-26 23:45:00,-1,1903.93,1900.7,0.36,113.76000000000066,522.145352666564,TIME,tday,0.2178703677415405
2023-09-27 01:15:00,2023-09-27 09:10:00,1,1901.3700000000001,1898.03,0.48,-163.68000000000697,526.8623031215626,TIME,drift,-0.31066940836387985
2023-09-27 14:15:00,2023-09-27 15:20:00,-1,1893.0800000000002,1891.42,0.35000000000000003,55.65000000000287,515.7812211573148,NEWS,lw,0.10789458343429967
2023-09-27 18:15:00,2023-09-27 23:45:00,-1,1883.27,1876.15,0.36,253.79999999999606,530.5178274760952,TIME,tday,0.4784005114539381
2023-09-28 01:15:00,2023-09-28 09:10:00,1,1877.17,1876.92,0.37,-11.84,527.3300576426817,TIME,drift,-0.022452731128068507
2023-09-28 18:15:00,2023-09-28 23:45:00,-1,1859.96,1865.13,0.33,-172.9200000000024,525.633150768343,TIME,tday,-0.3289746846203232
2023-09-29 01:15:00,2023-09-29 09:14:00,1,1865.85,1867.83,0.33,63.03000000000061,527.964634589983,TIME,drift,0.1193829962663118
2023-09-29 01:05:00,2023-09-29 16:35:00,1,1865.35,1875.01,0.21,201.39000000000172,514.734610908304,NEWS,friday,0.3912501621847958
2023-09-29 16:15:00,2023-09-29 16:35:00,1,1878.81,1875.01,0.32,-123.83999999999855,523.6516682243089,NEWS,lw,-0.23649308789550358
2023-09-29 18:15:00,2023-09-29 23:45:00,-1,1856.57,1848.78,0.32,247.03999999999883,523.6516682243089,TIME,tday,0.4717639892902585
2023-10-02 01:11:00,2023-10-02 16:35:00,1,1848.6599999999999,1834.35,0.15,-215.69999999999916,526.7003361774118,NEWS,tom,-0.4095307809474106
2023-10-02 18:15:00,2023-10-02 23:45:00,-1,1830.32,1828.04,0.3,66.29999999999919,527.7503361774118,TIME,tday,0.1256275845889966
2023-10-03 01:15:00,2023-10-03 09:10:00,1,1829.24,1821.91,0.3,-221.9999999999978,517.113111819772,TIME,drift,-0.42930646105405823
2023-10-04 01:15:00,2023-10-04 09:10:00,1,1823.92,1819.69,0.28,-120.40000000000052,514.8715679697931,TIME,drift,-0.2338447245684078
2023-10-05 01:15:00,2023-10-05 09:10:00,1,1822.38,1824.9,0.3,73.49999999999946,529.7199065548392,TIME,drift,0.13875257299281876
2023-10-06 01:15:00,2023-10-06 09:10:00,1,1821.28,1821.33,0.35000000000000003,-0.7000000000015918,517.7483616464397,TIME,drift,-0.0013520081411278482
2023-10-06 01:05:00,2023-10-06 15:20:00,1,1820.97,1821.06,0.2,0.3999999999983628,525.4213544242785,NEWS,friday,0.000761293762863247
2023-10-06 23:05:00,2023-10-06 23:55:00,1,1829.78,1831.65,0.55,99.00000000000651,526.9656756286098,TIME,fri_close,0.18786802362774543
2023-10-10 01:15:00,2023-10-10 09:10:00,1,1860.95,1859.62,0.3,-42.00000000000464,527.4885516392098,TIME,drift,-0.07962258113372607
2023-10-11 01:15:00,2023-10-11 09:10:00,1,1860.59,1859.74,0.37,-34.03999999999664,517.5656040872342,TIME,drift,-0.0657694401080395
2023-10-11 10:45:00,2023-10-11 15:20:00,1,1867.08,1871.23,0.28,114.24000000000258,519.2766379830405,NEWS,lw,0.21999834316392575
2023-10-12 01:15:00,2023-10-12 09:10:00,1,1875.3,1879.2,0.4,153.20000000000363,528.1555729423335,TIME,drift,0.2900660484306406
2023-10-12 13:45:00,2023-10-12 15:20:00,1,1882.68,1883.34,0.28,16.519999999995928,519.4054495556809,NEWS,lw,0.03180559621414785
2023-10-13 01:15:00,2023-10-13 09:10:00,1,1869.85,1876.45,0.4,261.20000000000545,527.0034463923138,TIME,drift,0.49563243236470605
2023-10-13 01:05:00,2023-10-13 23:00:00,1,1869.44,1928.34,0.19,1117.7699999999975,525.2872935213771,TIME,friday,2.1279212609670877
2023-10-13 23:05:00,2023-10-13 23:55:00,1,1929.38,1930.05,0.5700000000000001,34.19999999999119,531.9480281732939,TIME,fri_close,0.06429199506093437
2023-10-13 10:15:00,2023-10-16 11:18:00,1,1878.69,1912.99,0.28,936.1855999999988,516.7250603017039,TIME,lw,1.8117673631957805
2023-10-17 01:15:00,2023-10-17 09:10:00,1,1919.17,1917.33,0.32,-61.120000000004666,528.9129913655388,TIME,drift,-0.11555775902234139
2023-10-18 01:15:00,2023-10-18 09:10:00,1,1924.1,1937.88,0.31,425.0100000000062,530.3668461242962,TIME,drift,0.8013509952701706
2023-10-17 17:15:00,2023-10-18 17:20:00,1,1930.52,1957.56,0.24,628.2047999999992,525.1316116223963,NEWS,lw,1.1962806772556651
2023-10-18 10:15:00,2023-10-18 17:20:00,1,1938.73,1957.56,0.25,468.9999999999982,542.2969457657109,NEWS,lw,0.8648398329770802
2023-10-18 16:00:00,2023-10-18 17:20:00,1,1949.04,1957.56,0.3,253.49999999999943,531.5474636982266,NEWS,trendH4,0.4769094338937868
2023-10-19 01:15:00,2023-10-19 09:10:00,1,1949.99,1946.13,0.24,-94.31999999999759,548.4910452276382,TIME,drift,-0.17196269806164713
2023-10-20 01:15:00,2023-10-20 09:10:00,1,1973.35,1979.99,0.24,157.6800000000024,531.2658858905098,TIME,drift,0.29680053658197647
2023-10-20 01:05:00,2023-10-20 23:01:00,1,1973.34,1980.0,0.15,98.85000000000123,531.645614545738,TIME,friday,0.18593212714537885
2023-10-20 23:05:00,2023-10-20 23:55:00,1,1980.3600000000001,1980.3,0.39,-5.07000000000674,544.6482370721495,TIME,fri_close,-0.009308760507995765
2023-10-20 12:00:00,2023-10-23 01:00:00,1,1983.94,1964.1643317693288,0.27,-557.2926422281244,534.4830422281251,SL,trendH4,-1.042676003161694
2023-10-20 17:15:00,2023-10-23 01:00:00,1,1990.7,1967.0679726868561,0.23,-563.4270282023099,543.99662820231,SL,lw,-1.035717868443798
2023-10-24 01:15:00,2023-10-24 09:10:00,1,1973.8700000000001,1976.82,0.25,71.99999999999545,534.0845055119357,TIME,drift,0.1348101269685428
2023-10-23 10:45:00,2023-10-24 11:47:00,1,1978.85,1971.48,0.23,-189.4003999999975,546.6382976164308,TIME,lw,-0.3464821268942583
2023-10-24 13:30:00,2023-10-24 16:35:00,-1,1964.72,1961.74,0.23,66.93000000000042,540.0884192152573,NEWS,lw,0.12392415319189586
2023-10-25 01:15:00,2023-10-25 09:10:00,1,1970.64,1973.72,0.27,81.26999999999803,543.7146201797881,TIME,drift,0.14947179454752346
2023-10-26 01:15:00,2023-10-26 09:10:00,1,1981.6,1984.6,0.23,67.39,540.3071408524555,TIME,drift,0.12472535508910207
2023-10-26 11:45:00,2023-10-26 15:20:00,1,1992.44,1986.29,0.23,-143.0600000000021,547.4898614662167,NEWS,lw,-0.2613016424027968
2023-10-27 01:15:00,2023-10-27 09:10:00,1,1984.67,1989.47,0.27,127.70999999999877,542.8299791783722,TIME,drift,0.23526703553348452
2023-10-27 01:05:00,2023-10-27 23:03:00,1,1984.1200000000001,2006.39,0.15,332.9999999999997,531.6655573877902,TIME,friday,0.6263335951949088
2023-10-27 23:05:00,2023-10-27 23:55:00,1,2006.3600000000001,2005.67,0.37,-28.12000000000202,539.0301762243978,TIME,fri_close,-0.052167765814089946
2023-10-31 01:15:00,2023-10-31 09:10:00,1,1996.22,1992.94,0.3,-100.49999999999918,541.2793665238551,TIME,drift,-0.18567121936573944
2023-11-01 01:15:00,2023-11-01 09:10:00,1,1984.59,1980.67,0.28,-111.71999999999568,534.2033682133134,TIME,drift,-0.20913383675144598
2023-11-01 01:10:00,2023-11-01 15:05:00,1,1984.45,1984.17,0.11,-3.8499999999997,528.9582612695408,NEWS,tom,-0.007278457076668775
2023-11-02 01:15:00,2023-11-02 09:10:00,1,1982.84,1984.96,0.25,51.250000000002956,529.3295952983339,TIME,drift,0.09682058296989439
2023-11-03 01:15:00,2023-11-03 09:10:00,1,1986.1200000000001,1986.21,0.35000000000000003,0.6999999999971354,548.0918657789891,TIME,drift,0.0012771581621672911
2023-11-03 01:05:00,2023-11-03 15:20:00,1,1986.24,1987.2,0.15,13.350000000000545,519.5620624947655,NEWS,friday,0.02569471669255113
2023-11-03 23:05:00,2023-11-03 23:55:00,1,1992.42,1992.4,0.55,-4.949999999999,546.7731543969123,TIME,fri_close,-0.009053114550693004
2023-11-06 18:00:00,2023-11-07 19:02:00,-1,1981.03,1963.74,0.23,403.9742999999992,527.9892275743965,TIME,lw,0.7651184511014991
2023-11-07 10:15:00,2023-11-08 11:17:00,-1,1968.42,1967.05,0.24,39.45840000000284,539.0206180223967,TIME,lw,0.0732038788140815
2023-11-09 01:15:00,2023-11-09 09:10:00,1,1951.78,1948.92,0.35000000000000003,-102.5499999999965,538.0147500617579,TIME,drift,-0.19060815709648282
2023-11-09 17:15:00,2023-11-09 19:50:00,1,1959.96,1961.1,0.24,25.679999999996944,539.9710430907396,NEWS,lw,0.04755810580694702
2023-11-09 18:15:00,2023-11-09 19:50:00,1,1961.42,1961.1,0.24,-9.360000000003929,539.9710430907396,NEWS,tday,-0.017334262864223675
2023-11-10 01:15:00,2023-11-10 09:10:00,1,1958.82,1955.47,0.31,-106.01999999999718,546.3885186366128,TIME,drift,-0.19403775222902883
2023-11-10 01:05:00,2023-11-10 23:00:00,1,1958.38,1936.09,0.16,-357.76000000000306,537.2016828699723,TIME,friday,-0.665969618875147
2023-11-10 23:05:00,2023-11-10 23:55:00,1,1936.45,1937.77,0.71,88.74999999999548,545.8209591901311,TIME,fri_close,0.16259910599929955
2023-11-14 01:15:00,2023-11-14 09:10:00,1,1946.5,1946.16,0.38,-15.57999999999689,538.2964827080574,TIME,drift,-0.02894315772159082
2023-11-14 18:15:00,2023-11-14 23:45:00,1,1965.83,1962.85,0.24,-73.20000000000044,538.1741041072725,TIME,tday,-0.1360154631026426
2023-11-15 01:15:00,2023-11-15 09:10:00,1,1963.09,1968.3,0.36,185.0400000000013,534.968965294602,TIME,drift,0.3458892234956128
2023-11-16 01:15:00,2023-11-16 09:10:00,1,1961.03,1966.37,0.36,189.71999999999701,539.8329914751477,TIME,drift,0.351442025581964
2023-11-16 11:15:00,2023-11-16 15:20:00,1,1968.26,1964.43,0.24,-93.59999999999826,541.397467316985,NEWS,lw,-0.1728859214356022
2023-11-16 18:15:00,2023-11-16 23:45:00,1,1988.02,1980.85,0.24,-173.76000000000175,541.397467316985,TIME,tday,-0.3209471977419989
2023-11-17 01:15:00,2023-11-17 09:10:00,1,1981.3700000000001,1983.66,0.36,79.9199999999987,536.1045675460533,TIME,drift,0.14907539468619296
2023-11-17 01:05:00,2023-11-17 23:00:00,1,1981.48,1980.77,0.15,-11.700000000000546,521.4379737804111,TIME,friday,-0.022437951565314404
2023-11-17 23:05:00,2023-11-17 23:55:00,1,1980.8600000000001,1980.42,0.8300000000000001,-42.33000000000453,544.9588242798436,TIME,fri_close,-0.07767559329999492
2023-11-20 13:45:00,2023-11-21 14:47:00,-1,1972.94,1987.74,0.24,-348.6215999999989,542.5176121253598,TIME,lw,-0.6425995989959543
2023-11-21 18:15:00,2023-11-21 23:45:00,1,2002.79,1998.59,0.24,-102.4800000000011,537.8463541164055,TIME,tday,-0.19053768648921895
2023-11-22 01:15:00,2023-11-22 09:10:00,1,1998.76,2001.49,0.31,82.46000000000056,533.7719170043773,TIME,drift,0.1544854597498885
2023-11-23 01:15:00,2023-11-23 09:10:00,1,1990.33,1995.02,0.33,152.4600000000018,536.0903968835994,TIME,drift,0.2843923354834973
2023-11-24 01:15:00,2023-11-24 09:10:00,1,1994.14,1993.68,0.51,-27.030000000001856,547.3283616269711,TIME,drift,-0.04938534505987106
2023-11-24 01:05:00,2023-11-24 16:35:00,1,1993.39,2002.12,0.16,138.55999999999665,521.5154956245416,NEWS,friday,0.26568721574430676
2023-11-24 15:30:00,2023-11-24 16:35:00,1,1998.17,2002.12,0.25,96.99999999999545,543.8286412755642,NEWS,lw,0.17836500808872338
2023-11-24 15:45:00,2023-11-24 16:35:00,1,2001.08,2002.12,0.46,44.61999999999833,541.4199999999917,NEWS,inside,0.08241291418861331
2023-11-27 04:00:00,2023-11-27 16:50:00,1,2012.2,2010.98,0.39,-50.31000000000106,540.9196058253278,NEWS,trendH4,-0.09300827601402752
2023-11-27 10:15:00,2023-11-27 16:50:00,1,2012.48,2010.98,0.26,-40.82,547.9888021461159,NEWS,lw,-0.07449057323823881
2023-11-28 01:15:00,2023-11-28 09:10:00,1,2014.01,2016.17,0.39,81.51000000000319,536.9186857931188,TIME,drift,0.151810697144204
2023-11-28 16:00:00,2023-11-28 16:50:00,1,2021.65,2027.55,0.4,233.19999999999456,538.2037355911538,NEWS,trendH4,0.4332931649830555
2023-11-28 16:15:00,2023-11-28 16:50:00,1,2023.8,2027.55,0.26,95.68000000000002,541.5881734213932,NEWS,lw,0.176665600719376
2023-11-28 18:15:00,2023-11-28 23:45:00,1,2034.64,2040.86,0.26,159.8999999999948,541.5881734213932,TIME,tday,0.2952427838109041
2023-11-29 01:15:00,2023-11-29 09:10:00,1,2042.01,2043.41,0.34,45.22000000000309,539.1318573375297,TIME,drift,0.08387558513666646
2023-11-28 20:00:00,2023-11-29 15:20:00,1,2040.91,2040.3,0.36,-53.09280000000459,540.9301939304366,NEWS,trendH4,-0.0981509270433373
2023-11-29 04:00:00,2023-11-29 15:20:00,1,2048.93,2040.3,0.36,-313.1999999999957,548.5318000222185,NEWS,trendH4,-0.5709787472436593
2023-11-30 01:15:00,2023-11-30 09:16:00,1,2045.39,2044.69,0.32,-24.640000000001457,544.0880941931955,TIME,drift,-0.04528678400239402
2023-11-30 12:15:00,2023-11-30 15:20:00,-1,2037.7,2041.43,0.25,-95.00000000000045,530.8384090866141,NEWS,lw,-0.17896218203852654
2023-12-01 01:15:00,2023-12-01 09:10:00,1,2038.17,2041.28,0.33,100.31999999999671,541.5231438367668,TIME,drift,0.1852552400424025
2023-12-01 01:05:00,2023-12-01 16:35:00,1,2037.76,2037.98,0.17,2.5500000000004635,532.165521749179,NEWS,friday,0.004791742222643152
2023-12-01 01:10:00,2023-12-01 16:35:00,1,2039.2,2037.98,0.13,-16.770000000000355,542.296806489359,NEWS,tom,-0.03092402499760879
2023-12-01 11:00:00,2023-12-01 16:35:00,1,2045.54,2037.98,0.26,-198.37999999999857,543.206806489359,NEWS,lw,-0.36520160946084296
2023-12-01 23:05:00,2023-12-01 23:55:00,1,2071.87,2071.34,0.46,-27.599999999988285,545.6278440865545,TIME,fri_close,-0.05058392876960659
2023-12-01 20:00:00,2023-12-04 03:07:00,1,2067.4900000000002,2090.3247048554513,0.3,659.097145663531,546.352951445489,SL,trendH4,1.2063578020760282
2023-12-04 04:00:00,2023-12-04 09:56:00,1,2087.94,2063.2718570440147,0.22,-544.2391450316773,543.139145031673,SL,trendH4,-1.0020252637101679
2023-12-04 16:15:00,2023-12-05 16:35:00,-1,2049.2799999999997,2023.78,0.24,618.5783999999946,536.8172627051648,NEWS,lw,1.1523072057757862
2023-12-06 01:15:00,2023-12-06 09:10:00,1,2019.39,2027.46,0.21,167.99999999999866,542.1965245978687,TIME,drift,0.30985075037985416
2023-12-06 10:15:00,2023-12-06 15:05:00,1,2033.1200000000001,2027.24,0.18,-107.10000000000196,536.4558573871414,NEWS,lw,-0.1996436398730784
2023-12-07 01:15:00,2023-12-07 09:10:00,1,2025.8600000000001,2028.99,0.26,79.55999999999693,551.175792203356,TIME,drift,0.14434596207854375
2023-12-07 10:45:00,2023-12-07 15:20:00,1,2034.3700000000001,2033.0,0.19,-27.360000000002245,551.1497491056504,NEWS,lw,-0.04964168094859748
2023-12-08 01:15:00,2023-12-08 09:10:00,1,2028.43,2029.59,0.29,31.60999999999578,548.8008344001449,TIME,drift,0.05759830892849574
2023-12-08 01:05:00,2023-12-08 15:20:00,1,2029.08,2028.14,0.13,-13.129999999997754,552.4291405950468,NEWS,friday,-0.0237677541518806
2023-12-08 16:00:00,2023-12-11 17:03:00,-1,2018.49,1986.21,0.19,618.5278999999995,538.7076241695328,TIME,lw,1.1481699390342155
2023-12-11 17:00:00,2023-12-11 19:50:00,-1,1986.51,1978.41,0.18,144.53999999999837,524.5578347957544,NEWS,lw,0.27554635621118406
2023-12-12 01:15:00,2023-12-12 09:10:00,1,1983.1200000000001,1987.79,0.3,137.99999999999537,552.6255605784579,TIME,drift,0.24971700522781573
2023-12-13 01:15:00,2023-12-13 09:10:00,1,1980.6,1975.47,0.35000000000000003,-181.99999999999588,548.6759297823819,TIME,drift,-0.3317076440225498
2023-12-14 01:15:00,2023-12-14 09:10:00,1,2025.91,2033.14,0.22,157.5200000000004,553.2276919591253,TIME,drift,0.2847290587392336
2023-12-15 01:15:00,2023-12-15 09:10:00,1,2036.91,2036.39,0.23,-13.569999999999581,534.6692434455945,TIME,drift,-0.025380176934341282
2023-12-15 01:05:00,2023-12-15 16:35:00,1,2036.7,2034.96,0.12,-21.72000000000011,540.1184928051214,NEWS,friday,-0.040213398151203165
2023-12-15 23:05:00,2023-12-15 23:55:00,1,2019.07,2018.37,0.47000000000000003,-36.19000000000214,555.9813942178729,TIME,fri_close,-0.06509210627616853
2023-12-19 01:15:00,2023-12-19 09:10:00,1,2027.63,2023.4,0.31,-133.30000000000055,540.7731195222801,TIME,drift,-0.24649893862653158
2023-12-18 20:00:00,2023-12-19 21:03:00,1,2033.72,2038.84,0.18,76.59359999999803,539.6643147476127,TIME,lw,0.1419282281723944
2023-12-19 18:15:00,2023-12-19 23:45:00,1,2043.94,2040.05,0.19,-75.2400000000019,552.9374037407155,TIME,tday,-0.13607326885645737
2023-12-20 01:15:00,2023-12-20 09:10:00,1,2040.81,2041.99,0.36,39.96000000000228,550.9864827036768,TIME,drift,0.07252446521722197
2023-12-19 16:45:00,2023-12-20 16:50:00,1,2037.42,2036.53,0.19,-33.3412000000019,552.9374037407155,NEWS,lw,-0.06029832631043409
2023-12-21 01:15:00,2023-12-21 09:10:00,1,2032.81,2035.26,0.34,80.92000000000155,543.7224482036672,TIME,drift,0.14882593181014037
2023-12-21 18:15:00,2023-12-21 23:45:00,1,2042.51,2045.6,0.19,57.37999999999845,530.4482715927599,TIME,tday,0.10817265899972749
2023-12-22 01:15:00,2023-12-22 09:10:00,1,2049.09,2047.67,0.34,-50.660000000002476,555.0380124121062,TIME,drift,-0.09127302791360584
2023-12-21 18:30:00,2023-12-22 15:20:00,1,2044.78,2062.67,0.32,544.8064000000032,549.1199999999974,NEWS,inside,0.9921445221445327
2023-12-22 01:05:00,2023-12-22 15:20:00,1,2047.5,2062.67,0.13,196.30000000000095,525.2626197321979,NEWS,friday,0.3737178177652988
2023-12-22 01:30:00,2023-12-22 15:20:00,1,2049.12,2062.67,0.31,417.8800000000057,540.3299999999969,NEWS,nr7,0.7733792312105715
2023-12-22 11:45:00,2023-12-22 15:20:00,1,2054.02,2062.67,0.2,171.6000000000018,539.1975586996901,NEWS,lw,0.3182506990829601
2023-12-22 23:05:00,2023-12-22 23:55:00,1,2053.44,2053.02,0.61,-29.890000000004438,557.3945284748149,TIME,fri_close,-0.053624494811227726
2023-12-26 01:15:00,2023-12-26 09:10:00,1,2054.32,2063.47,0.28,254.23999999998986,546.4023121419281,TIME,drift,0.46529817746076996
2023-12-27 01:15:00,2023-12-27 09:10:00,1,2067.27,2064.95,0.37,-88.43000000000606,560.9265493747023,TIME,drift,-0.15764987429920044
2023-12-26 10:30:00,2023-12-27 11:32:00,1,2064.06,2068.48,0.21,74.65920000000153,562.9326197321982,TIME,lw,0.1326254641905791
2023-12-27 18:15:00,2023-12-27 23:45:00,1,2079.11,2077.1,0.21,-43.68000000000458,547.1881468941839,TIME,tday,-0.07982629055093822
2023-12-28 01:15:00,2023-12-28 09:10:00,1,2079.35,2086.33,0.34,234.94000000000065,560.9166708383823,TIME,drift,0.4188500934529975
2023-12-27 14:30:00,2023-12-28 15:20:00,1,2069.2000000000003,2077.28,0.36,202.5215999999974,561.2399999999993,NEWS,inside,0.36084669660038066
2023-12-27 17:30:00,2023-12-28 15:20:00,1,2077.2300000000005,2077.28,0.21,-50.49240000000573,547.1881468941839,NEWS,lw,-0.0922761216349411
2023-12-29 01:15:00,2023-12-29 09:10:00,1,2066.17,2073.93,0.31,238.38999999999265,550.2439599357582,TIME,drift,0.4332441923175768
2023-12-29 01:05:00,2023-12-29 16:35:00,1,2067.05,2060.77,0.14,-88.9000000000028,539.1962593118222,NEWS,friday,-0.16487503105727427
2023-12-29 23:05:00,2023-12-29 23:55:00,1,2063.67,2062.62,0.66,-73.92000000001201,565.8918555215931,TIME,fri_close,-0.13062566509616677
2024-01-02 01:15:00,2024-01-02 09:10:00,1,2065.78,2075.16,0.34,316.5399999999883,552.383639033578,TIME,drift,0.5730437645723729
2024-01-02 01:10:00,2024-01-02 16:35:00,1,2064.85,2068.84,0.11,43.1200000000026,550.3166332080993,NEWS,tom,0.07835489134433812
2024-01-02 10:15:00,2024-01-02 16:35:00,1,2074.29,2068.84,0.22,-121.43999999999602,551.0866332080993,NEWS,lw,-0.22036462632570927
2024-01-03 01:15:00,2024-01-03 09:10:00,1,2059.13,2063.1,0.29,113.09999999999418,556.7550586132429,TIME,drift,0.20314139629319572
2024-01-03 13:45:00,2024-01-03 16:50:00,-1,2049.0899999999997,2037.23,0.22,259.3799999999928,547.6618736932354,NEWS,lw,0.47361339625639265
2024-01-04 01:15:00,2024-01-04 09:10:00,1,2043.19,2048.34,0.25,127.00000000000227,568.1726126510631,TIME,drift,0.2235236214702906
2024-01-05 01:15:00,2024-01-05 09:10:00,1,2044.71,2043.47,0.36,-47.16000000000033,566.3535128601638,TIME,drift,-0.08326954619180481
2024-01-05 01:05:00,2024-01-05 15:20:00,1,2043.33,2040.98,0.15,-36.29999999999863,558.9614853243339,NEWS,friday,-0.06494186263823845
2024-01-05 18:15:00,2024-01-05 23:45:00,1,2055.86,2044.87,0.22,-243.3200000000052,547.0534523171265,TIME,tday,-0.444782861655268
2024-01-05 23:05:00,2024-01-05 23:55:00,1,2044.41,2045.05,0.46,26.219999999994144,560.73309828196,TIME,fri_close,0.046760214583961714
2024-01-08 10:15:00,2024-01-09 11:17:00,-1,2029.01,2034.22,0.21,-103.65390000000076,544.1532872810895,TIME,lw,-0.1904865824075358
2024-01-10 01:15:00,2024-01-10 09:10:00,1,2031.1200000000001,2026.33,0.33,-160.3800000000063,561.0304960233606,TIME,drift,-0.2858668131889363
2024-01-09 16:15:00,2024-01-10 17:17:00,1,2039.56,2025.92,0.21,-304.6007999999974,548.02019533244,TIME,lw,-0.5558203923766357
2024-01-10 12:15:00,2024-01-10 17:20:00,1,2037.24,2026.35,0.22,-241.1200000000022,558.1252240308773,NEWS,lw,-0.43201774372172547
2024-01-11 01:15:00,2024-01-11 09:10:00,1,2026.03,2034.5,0.35000000000000003,294.000000000001,555.1981411004243,TIME,drift,0.5295406778871442
2024-01-11 10:15:00,2024-01-11 15:20:00,1,2033.1200000000001,2033.78,0.22,12.9799999999968,549.4519937429575,NEWS,lw,0.023623537902874647
2024-01-12 01:15:00,2024-01-12 09:10:00,1,2034.33,2035.16,0.25,19.000000000003865,552.0398504131998,TIME,drift,0.03441780513812986
2024-01-12 01:05:00,2024-01-12 15:20:00,1,2029.49,2045.37,0.14,221.33999999999838,530.8342671812579,NEWS,friday,0.4169662994352622
2024-01-12 12:45:00,2024-01-12 15:20:00,1,2042.44,2045.37,0.22,62.9199999999964,556.6254227613177,NEWS,lw,0.11303831522437781
2024-01-12 23:05:00,2024-01-12 23:55:00,1,2047.26,2048.72,0.58,80.61999999998892,565.393757576866,TIME,fri_close,0.14259089160358923
2024-01-16 01:15:00,2024-01-16 09:10:00,1,2055.59,2050.18,0.42,-230.16000000001299,555.3519371227142,TIME,drift,-0.4144398976844756
2024-01-16 10:15:00,2024-01-17 11:17:00,-1,2047.8500000000001,2020.0800000000002,0.22,616.9701999999996,549.3495737074628,TIME,lw,1.123092161219271
2024-01-17 17:00:00,2024-01-18 15:20:00,-1,2012.06,2013.53,0.22,-11.169400000000604,559.4217470140728,NEWS,lw,-0.01996597390004509
2024-01-19 01:15:00,2024-01-19 09:10:00,1,2023.8700000000001,2024.84,0.36,32.399999999992794,556.308118132991,TIME,drift,0.05824110586185487
2024-01-19 01:05:00,2024-01-19 16:50:00,1,2024.4099999999999,2027.33,0.15,42.750000000001094,567.7086138731477,NEWS,friday,0.07530271508184905
2024-01-19 02:00:00,2024-01-19 16:50:00,1,2023.95,2027.33,0.31,102.60999999999635,563.2699999999971,NEWS,inside,0.18216840946614743
2024-01-19 13:45:00,2024-01-19 16:50:00,1,2032.06,2027.33,0.22,-105.6000000000004,555.606200231522,NEWS,lw,-0.1900626738074498
2024-01-19 23:05:00,2024-01-19 23:55:00,1,2028.91,2029.32,0.77,26.179999999988794,567.5801732650247,TIME,fri_close,0.04612564221436319
2024-01-22 10:45:00,2024-01-23 11:47:00,-1,2022.55,2028.47,0.22,-124.2098000000016,545.8714716435562,TIME,lw,-0.22754404003935244
2024-01-24 01:15:00,2024-01-24 09:10:00,1,2029.66,2027.39,0.36,-84.23999999999933,565.9436948300274,TIME,drift,-0.14884872959897455
2024-01-25 01:15:00,2024-01-25 09:10:00,1,2016.73,2013.98,0.32,-90.24,563.1120996786535,TIME,drift,-0.16025228378416395
2024-01-26 01:15:00,2024-01-26 09:10:00,1,2020.6599999999999,2021.86,0.31,35.03000000000141,562.360462198032,TIME,drift,0.06229100791169383
2024-01-26 01:05:00,2024-01-26 23:00:00,1,2020.4199999999998,2018.58,0.16,-30.55999999999869,558.2885288784486,TIME,friday,-0.054738720964571816
2024-01-26 23:05:00,2024-01-26 23:55:00,1,2019.08,2018.35,0.91,-72.80000000000166,565.1439544410141,TIME,fri_close,-0.12881673674101035
2024-01-29 01:30:00,2024-01-30 02:32:00,1,2027.6,2032.52,0.49,198.70480000000356,565.9499999999897,TIME,nr7,0.3510995670995798
2024-01-30 01:15:00,2024-01-30 09:10:00,1,2033.22,2034.75,0.3,43.79999999999918,553.4385014742345,TIME,drift,0.07914158462652296
2024-01-29 10:15:00,2024-01-30 11:17:00,1,2032.22,2038.15,0.25,126.63000000000159,560.0886068020707,TIME,lw,0.22608922670828632
2024-01-30 16:15:00,2024-01-30 16:50:00,1,2043.03,2046.91,0.25,95.25000000000273,554.2608491733512,NEWS,lw,0.17185049267337343
2024-01-31 01:15:00,2024-01-31 09:10:00,1,2036.58,2035.41,0.32,-39.679999999995054,559.5558542836907,TIME,drift,-0.07091338549355537
2024-02-01 01:15:00,2024-02-01 09:10:00,1,2041.08,2042.3,0.25,28.750000000000682,557.6079374248841,TIME,drift,0.05155952430084197
2024-02-01 01:10:00,2024-02-01 15:20:00,1,2040.86,2033.84,0.12,-85.07999999999979,532.0816335198185,NEWS,tom,-0.15990027589785394
2024-02-01 18:15:00,2024-02-01 23:45:00,1,2060.12,2054.8,0.25,-134.74999999999272,555.1267015831443,TIME,tday,-0.2427373779998412
2024-02-02 01:15:00,2024-02-02 09:10:00,1,2055.87,2054.79,0.23,-26.449999999998326,550.3352648848445,TIME,drift,-0.04806161205303259
2024-02-01 17:45:00,2024-02-02 15:20:00,1,2051.56,2055.8,0.25,84.38000000000591,555.1267015831443,NEWS,lw,0.15200133547776726
2024-02-02 01:05:00,2024-02-02 15:20:00,1,2054.65,2055.8,0.16,17.280000000001454,555.0158025541172,NEWS,friday,0.03113424864748163
2024-02-02 23:05:00,2024-02-02 23:55:00,1,2037.25,2039.6,0.66,150.479999999994,565.907899479035,TIME,fri_close,0.26590899356330466
2024-02-05 10:15:00,2024-02-05 16:35:00,-1,2024.8500000000001,2018.7,0.24,145.92000000000218,567.0118166573944,NEWS,lw,0.25734913402725684
2024-02-06 01:15:00,2024-02-06 09:10:00,1,2025.23,2027.6,0.33,75.8999999999964,571.6388042912776,TIME,drift,0.13277615065705317
2024-02-06 18:15:00,2024-02-06 23:45:00,1,2036.75,2035.68,0.23,-26.219999999998535,549.554443989765,TIME,tday,-0.04771137834796012
2024-02-07 01:15:00,2024-02-07 09:10:00,1,2036.1,2033.78,0.38,-90.81999999999758,569.8786269858485,TIME,drift,-0.15936726822052383
2024-02-06 17:45:00,2024-02-07 17:20:00,1,2037.45,2035.84,0.23,-56.920400000002935,549.554443989765,NEWS,lw,-0.10357554310135472
2024-02-07 16:45:00,2024-02-07 17:20:00,1,2040.53,2035.84,0.32,-152.32000000000176,559.6800000000023,NEWS,inside,-0.27215551743853833
2024-02-07 17:00:00,2024-02-07 17:20:00,1,2042.81,2035.84,0.24,-168.96000000000066,559.984678648468,NEWS,lw,-0.3017225407091285
2024-02-08 01:15:00,2024-02-08 09:10:00,1,2036.33,2033.03,0.42,-141.5399999999981,569.1456977799645,TIME,drift,-0.24868851781203904
2024-02-08 10:45:00,2024-02-08 15:20:00,-1,2029.29,2025.42,0.25,94.99999999999727,566.7589897641433,NEWS,lw,0.16761974969207197
2024-02-09 01:15:00,2024-02-09 09:10:00,1,2034.84,2033.81,0.36,-39.599999999999014,569.2102368503107,TIME,drift,-0.06957007698793884
2024-02-09 01:05:00,2024-02-09 23:00:00,1,2035.13,2025.09,0.16,-161.76000000000306,536.5165851611791,TIME,friday,-0.30150046517463663
2024-02-09 23:05:00,2024-02-09 23:55:00,1,2025.46,2024.08,0.81,-117.45000000000886,567.843665416642,TIME,fri_close,-0.20683509767399214
2024-02-12 16:30:00,2024-02-13 15:20:00,-1,2014.75,2028.0500000000002,0.25,-325.6475000000045,549.9758636231644,NEWS,lw,-0.5921123480850308
2024-02-14 01:15:00,2024-02-14 09:10:00,1,1992.32,1990.16,0.32,-71.35999999999534,550.1875703145563,TIME,drift,-0.12970122163828057
2024-02-15 01:15:00,2024-02-15 09:10:00,1,1993.55,1993.19,0.38,-16.3399999999962,561.5771097160209,TIME,drift,-0.02909662754640949
2024-02-15 12:45:00,2024-02-15 15:20:00,1,1997.65,1998.63,0.25,22.750000000000455,555.6675373105292,NEWS,lw,0.04094174748827706
2024-02-16 01:15:00,2024-02-16 09:10:00,1,2004.8700000000001,2003.78,0.42,-48.72000000000611,556.3858779418503,TIME,drift,-0.08756512688680786
2024-02-16 01:05:00,2024-02-16 15:20:00,1,2004.8600000000001,2006.02,0.17,18.52999999999753,558.6876103384013,NEWS,friday,0.03316701436921747
2024-02-16 23:05:00,2024-02-16 23:55:00,1,2012.8,2013.58,0.71,50.409999999998064,561.4263657152807,TIME,fri_close,0.08978915683051973
2024-02-16 19:45:00,2024-02-19 20:50:00,1,2012.19,2017.68,0.25,115.63000000000022,548.3162846454914,TIME,lw,0.2108819366449415
2024-02-20 01:15:00,2024-02-20 09:10:00,1,2016.83,2018.9,0.51,102.00000000000836,563.752721409786,TIME,drift,0.18093039044660436
2024-02-21 01:15:00,2024-02-21 09:10:00,1,2024.35,2030.12,0.52,296.39999999999907,562.1898260720966,TIME,drift,0.5272240553887007
2024-02-20 11:00:00,2024-02-21 12:02:00,1,2023.0,2028.38,0.26,117.39520000000284,548.8849499453653,TIME,lw,0.2138794295811683
2024-02-22 01:15:00,2024-02-22 09:10:00,1,2026.5,2030.24,0.45,165.1500000000004,557.088548397966,TIME,drift,0.2964519742416651
2024-02-21 15:15:00,2024-02-22 15:20:00,1,2031.16,2027.19,0.27,-173.45880000000074,559.9654874473165,NEWS,lw,-0.30976694794305576
2024-02-22 10:15:00,2024-02-22 15:20:00,1,2034.2,2027.19,0.28,-198.23999999999978,563.7060249492679,NEWS,lw,-0.3516726648749956
2024-02-23 01:15:00,2024-02-23 09:10:00,1,2025.25,2019.71,0.46,-258.05999999999835,564.5770477749571,TIME,drift,-0.4570855315798495
2024-02-23 01:05:00,2024-02-23 23:00:00,1,2024.75,2036.57,0.19,223.24999999999878,563.3716893972039,TIME,friday,0.3962747937136701
2024-02-23 18:15:00,2024-02-23 23:45:00,1,2033.54,2035.98,0.28,66.36000000000153,554.1413088814635,TIME,tday,0.11975284812090524
2024-02-23 23:05:00,2024-02-23 23:55:00,1,2036.44,2035.87,0.84,-53.760000000013754,561.6968691226939,TIME,fri_close,-0.09570998692583192
2024-02-27 01:15:00,2024-02-27 09:10:00,1,2031.14,2033.96,0.46,126.49999999999707,560.0962920859496,TIME,drift,0.225854021509189
2024-02-27 10:30:00,2024-02-27 15:20:00,1,2037.6,2036.18,0.29,-43.20999999999552,568.5684684453448,NEWS,lw,-0.0759978831013018
2024-02-28 01:15:00,2024-02-28 09:10:00,1,2030.57,2028.89,0.53,-92.74999999999132,561.4612896609755,TIME,drift,-0.1651939353753063
2024-02-28 11:15:00,2024-02-28 17:20:00,-1,2026.1000000000001,2031.39,0.29,-155.43999999999895,550.203577842106,NEWS,lw,-0.2825136117973521
2024-02-29 01:15:00,2024-02-29 09:10:00,1,2035.16,2037.14,0.49,93.59000000000088,563.7253535738859,TIME,drift,0.16602056197519297
2024-02-29 13:45:00,2024-02-29 15:20:00,-1,2029.74,2032.1100000000001,0.3,-73.20000000000354,557.3849639369982,NEWS,lw,-0.13132754691294007
2024-02-29 18:15:00,2024-02-29 23:45:00,1,2045.9,2043.12,0.3,-85.500000000006,557.3849639369982,TIME,tday,-0.15339488061552758
2024-03-01 01:15:00,2024-03-01 09:10:00,1,2043.8,2047.8,0.43,168.99,563.6855724035167,TIME,drift,0.2997947938944724
2024-03-01 01:05:00,2024-03-01 16:35:00,1,2043.81,2052.37,0.2,169.7999999999989,565.6003236557838,NEWS,friday,0.3002119922819152
2024-03-01 01:10:00,2024-03-01 16:35:00,1,2043.74,2052.37,0.15,128.39999999999822,565.2503236557837,NEWS,tom,0.2271559955411702
2024-03-01 12:45:00,2024-03-01 16:35:00,1,2053.57,2052.37,0.3,-38.10000000000819,566.3003236557837,NEWS,lw,-0.06727878902496733
2024-03-01 18:15:00,2024-03-01 23:45:00,1,2073.84,2083.43,0.3,285.5999999999907,566.3003236557837,TIME,tday,0.5043260405649846
2024-03-01 23:05:00,2024-03-01 23:55:00,1,2083.88,2083.44,0.54,-27.540000000002948,564.1006513583177,TIME,fri_close,-0.04882107463213953
2024-03-04 18:15:00,2024-03-04 23:45:00,1,2115.94,2115.24,0.27,-20.79000000000737,568.3438419123339,TIME,tday,-0.03657996879152285
2024-03-01 20:00:00,2024-03-05 16:35:00,1,2085.03,2132.05,0.34,1542.2535999999996,560.1945108020144,NEWS,trendH4,2.753068033087292
2024-03-04 16:00:00,2024-03-05 16:35:00,1,2091.9,2132.05,0.35000000000000003,1374.9820000000034,561.759915262706,NEWS,trendH4,2.447632810107135
2024-03-04 17:45:00,2024-03-05 16:35:00,1,2102.55,2132.05,0.27,773.1504000000001,568.3438419123339,NEWS,lw,1.360356782257979
2024-03-04 20:00:00,2024-03-05 16:35:00,1,2116.68,2132.05,0.31,449.6612000000107,563.7743429853338,NEWS,trendH4,0.7975907481332621
2024-03-06 01:15:00,2024-03-06 09:10:00,1,2127.33,2129.42,0.26,52.52000000000378,585.3418091209959,TIME,drift,0.089725352232865
2024-03-06 18:15:00,2024-03-06 23:45:00,1,2145.9800000000005,2147.72,0.25,41.749999999983174,576.9746753740766,TIME,tday,0.07236019496508217
2024-03-07 01:15:00,2024-03-07 09:10:00,1,2148.93,2155.68,0.23,153.64,576.1661035259092,TIME,drift,0.2666592134799042
2024-03-06 20:00:00,2024-03-07 15:20:00,1,2145.01,2159.39,0.3,357.76799999998957,584.3218051485227,NEWS,trendH4,0.6122790504267631
2024-03-07 08:00:00,2024-03-07 15:20:00,1,2154.6200000000003,2159.39,0.29,136.29999999998628,582.3201161829066,NEWS,trendH4,0.23406369832014265
2024-03-08 01:15:00,2024-03-08 09:10:00,1,2159.56,2159.81,0.28,5.040000000000001,578.2216624221177,TIME,drift,0.008716380460199125
2024-03-08 01:05:00,2024-03-08 15:20:00,1,2159.14,2164.93,0.17,97.23999999999938,592.744308882568,NEWS,friday,0.1640504995877812
2024-03-08 12:00:00,2024-03-08 15:20:00,1,2169.27,2164.93,0.3,-132.30000000000436,581.6296194303452,NEWS,trendH4,-0.2274643442842208
2024-03-08 23:05:00,2024-03-08 23:55:00,1,2178.21,2178.71,0.36,15.48,579.9523765326634,TIME,fri_close,0.026691846824647255
2024-03-12 01:15:00,2024-03-12 09:10:00,1,2182.63,2176.53,0.27,-166.58999999999756,576.2442896978567,TIME,drift,-0.28909614026257163
2024-03-08 16:00:00,2024-03-12 15:20:00,1,2171.38,2169.98,0.27,-82.60920000000246,575.5258246129454,NEWS,trendH4,-0.1435369126234415
2024-03-13 01:15:00,2024-03-13 09:10:00,1,2159.86,2159.53,0.23,-9.199999999998328,574.8952053796264,TIME,drift,-0.016002916555762886
2024-03-13 18:15:00,2024-03-13 19:50:00,1,2171.15,2173.25,0.24,48.71999999999781,589.2726244606424,NEWS,tday,0.08267820017023686
2024-03-13 18:30:00,2024-03-13 19:50:00,1,2174.05,2173.25,0.24,-20.88000000000436,589.2726244606424,NEWS,lw,-0.03543351435868194
2024-03-14 01:15:00,2024-03-14 09:10:00,1,2174.53,2168.16,0.31,-199.6400000000107,577.7959034503396,TIME,drift,-0.3455199298019415
2024-03-14 16:00:00,2024-03-15 17:02:00,-1,2162.71,2161.98,0.24,24.098400000000435,588.5645798563104,TIME,lw,0.04094435993053424
2024-03-15 23:05:00,2024-03-15 23:55:00,1,2157.15,2156.2,0.65,-66.30000000001773,589.5847959477493,TIME,fri_close,-0.11245201785341397
2024-03-19 01:15:00,2024-03-19 09:10:00,1,2161.08,2154.59,0.4,-262.39999999999134,577.8406854972244,TIME,drift,-0.45410440383615347
2024-03-19 11:15:00,2024-03-20 12:17:00,-1,2152.2999999999997,2154.91,0.25,-58.397500000003184,588.7946663722042,TIME,lw,-0.09918143511695372
2024-03-20 15:45:00,2024-03-20 17:20:00,-1,2149.7599999999998,2162.58,0.25,-322.2500000000041,574.8986187741893,NEWS,lw,-0.5605336131909869
2024-03-21 01:15:00,2024-03-21 09:10:00,1,2193.5000000000005,2209.44,0.26,412.6199999999896,586.3723063529393,TIME,drift,0.7036826185847057
2024-03-21 04:00:00,2024-03-21 15:20:00,1,2199.19,2208.53,0.27,250.29000000000394,571.7638176412803,NEWS,trendH4,0.43775068004921175
2024-03-21 10:15:00,2024-03-21 15:20:00,1,2207.7,2208.53,0.24,18.240000000009168,579.8353401644198,NEWS,lw,0.03145720644560399
2024-03-22 01:15:00,2024-03-22 09:10:00,1,2182.68,2173.28,0.21,-198.86999999999236,581.4335732400018,TIME,drift,-0.3420339126476682
2024-03-22 01:05:00,2024-03-22 23:00:00,1,2182.4,2163.96,0.14,-259.1400000000008,555.5862138835907,TIME,friday,-0.4664262602712765
2024-03-22 23:05:00,2024-03-22 23:55:00,1,2164.28,2165.55,0.5700000000000001,68.39999999999897,588.2525066838112,TIME,fri_close,0.11627659758832838
2024-03-25 18:15:00,2024-03-25 23:45:00,1,2177.28,2171.74,0.22,-123.42000000000921,586.5791740500241,TIME,tday,-0.2104063789852243
2024-03-26 01:15:00,2024-03-26 09:10:00,1,2172.27,2173.88,0.33,50.82000000000421,574.9254591842792,TIME,drift,0.08839406776681813
2024-03-26 12:15:00,2024-03-26 15:20:00,1,2184.09,2194.93,0.22,236.9399999999932,572.6992330464514,NEWS,lw,0.4137250171256561
2024-03-27 01:15:00,2024-03-27 09:10:00,1,2178.7400000000002,2178.4,0.27,-11.07000000000393,590.8755352397338,TIME,drift,-0.018734910044147516
2024-03-27 13:15:00,2024-03-27 17:20:00,1,2191.84,2190.53,0.22,-30.359999999998802,583.0364306859906,NEWS,lw,-0.05207221779311072
2024-03-27 18:15:00,2024-03-27 23:45:00,1,2192.89,2194.51,0.22,34.100000000007604,583.0364306859906,TIME,tday,0.058486911289378836
2024-03-28 01:15:00,2024-03-28 09:10:00,1,2193.4900000000002,2196.12,0.28,71.67999999999034,584.971031110445,TIME,drift,0.12253598244672198
2024-03-28 08:45:00,2024-03-28 15:20:00,1,2198.1600000000003,2212.18,0.24,334.79999999998864,590.1599999999995,NEWS,inside,0.5673037820251947
2024-03-28 13:30:00,2024-03-28 15:20:00,1,2204.6,2212.18,0.22,165.2199999999984,579.4823999227056,NEWS,lw,0.28511651091048895
2024-03-28 18:15:00,2024-03-28 23:45:00,1,2214.01,2223.42,0.22,205.4799999999968,579.4823999227056,TIME,tday,0.35459230518028645
2024-04-01 01:10:00,2024-04-01 16:35:00,1,2242.2200000000003,2252.97,0.1,106.79999999999546,558.3448830516343,NEWS,tom,0.19127962526723627
2024-04-01 04:00:00,2024-04-01 16:35:00,1,2250.3300000000004,2252.97,0.23,59.10999999998662,594.0348208805873,NEWS,trendH4,0.0995059513722831
2024-04-01 08:00:00,2024-04-01 16:35:00,1,2260.53,2252.97,0.22,-167.8600000000088,574.2818589740986,NEWS,trendH4,-0.2922954945849677
2024-04-01 10:15:00,2024-04-01 16:35:00,1,2259.94,2252.97,0.21,-147.84000000000535,586.9971272042159,NEWS,lw,-0.25185813209026475
2024-04-02 01:15:00,2024-04-02 09:10:00,1,2250.84,2254.26,0.19,63.650000000001384,594.0701466080285,TIME,drift,0.1071422295219256
2024-04-03 01:15:00,2024-04-03 09:10:00,1,2280.81,2283.61,0.18,49.140000000003276,570.6858453204081,TIME,drift,0.0861069192497913
2024-04-03 04:00:00,2024-04-03 15:05:00,1,2283.5000000000005,2273.53,0.2,-200.8000000000051,568.8541916819848,NEWS,trendH4,-0.35299027929508753
2024-04-04 01:15:00,2024-04-04 09:10:00,1,2299.9,2295.97,0.21,-84.00000000000611,583.2561062824942,TIME,drift,-0.14401906657334088
2024-04-03 20:00:00,2024-04-04 15:20:00,1,2294.07,2284.77,0.2,-235.08800000000366,581.6260682136757,NEWS,trendH4,-0.40419096193886184
2024-04-04 04:00:00,2024-04-04 15:20:00,1,2302.52,2284.77,0.21,-374.22,589.160277890984,NEWS,trendH4,-0.63517520451242
2024-04-05 01:15:00,2024-04-05 09:10:00,1,2291.96,2282.96,0.18,-163.26,561.3482888304706,TIME,drift,-0.290835481729428
2024-04-05 01:05:00,2024-04-05 15:20:00,1,2291.94,2293.61,0.13,20.80000000000095,570.0466643382138,NEWS,friday,0.036488240877873335
2024-04-05 18:15:00,2024-04-05 23:45:00,1,2324.26,2327.62,0.2,65.79999999999345,585.1299121417577,TIME,tday,0.11245365966532962
2024-04-05 23:05:00,2024-04-05 23:55:00,1,2323.77,2328.41,0.36,164.5199999999954,575.8998255679123,TIME,fri_close,0.2856746828109511
2024-04-05 17:15:00,2024-04-08 18:18:00,1,2304.09,2328.38,0.2,468.50399999999934,585.1299121417577,TIME,lw,0.8006837289946924
2024-04-09 01:15:00,2024-04-09 09:10:00,1,2337.75,2346.08,0.17,140.41999999999877,567.6841893537503,TIME,drift,0.24735584085907414
2024-04-10 01:15:00,2024-04-10 09:10:00,1,2352.61,2356.27,0.18,64.61999999999738,583.3146751966912,TIME,drift,0.11078068621916257
2024-04-09 12:30:00,2024-04-10 13:32:00,1,2364.96,2348.6,0.17,-292.82160000000215,561.8194483630789,TIME,lw,-0.5212023201638342
2024-04-05 20:00:00,2024-04-10 15:20:00,1,2327.51,2347.94,0.18,323.5607999999971,563.8380197441935,NEWS,trendH4,0.5738541720666384
2024-04-08 08:00:00,2024-04-10 15:20:00,1,2342.3900000000003,2347.94,0.16,62.24639999999563,564.0763197139362,NEWS,trendH4,0.11035102489599824
2024-04-09 12:00:00,2024-04-10 15:20:00,1,2357.9,2347.94,0.18,-194.8464000000006,590.4609083940024,NEWS,trendH4,-0.3299903469138445
2024-04-11 01:15:00,2024-04-11 09:10:00,1,2335.09,2338.07,0.15,43.650000000000276,576.0931182432776,TIME,drift,0.07576900090927206
2024-04-12 01:15:00,2024-04-12 09:10:00,1,2377.07,2385.71,0.17,145.68999999999787,593.99796750186,TIME,drift,0.24527019951384205
2024-04-12 10:15:00,2024-04-12 19:46:00,1,2398.3,2363.6801014394255,0.17,-589.7282755297703,588.8782755297688,SL,lw,-1.0014434222407624
2024-04-12 12:00:00,2024-04-12 19:46:00,1,2396.94,2363.307095772899,0.17,-572.949371860715,572.0993718607128,SL,trendH4,-1.0014857558700643
2024-04-12 08:00:00,2024-04-12 20:36:00,1,2384.4500000000003,2350.8632587083152,0.17,-572.1646019586456,571.3146019586451,SL,trendH4,-1.0014877967359601
2024-04-12 04:00:00,2024-04-12 21:25:00,1,2379.01,2345.4181670613843,0.17,-572.25115995647,571.401159956469,SL,trendH4,-1.0014875713589133
2024-04-12 01:05:00,2024-04-12 23:00:00,1,2374.18,2343.3,0.11,-340.4499999999962,571.1733262494813,TIME,friday,-0.5960537447284293
2024-04-16 01:15:00,2024-04-16 09:10:00,1,2388.34,2386.08,0.11,-25.6300000000024,548.4818084102443,TIME,drift,-0.046728988285482206
2024-04-17 01:15:00,2024-04-17 09:10:00,1,2384.93,2376.21,0.12,-105.4799999999976,540.0873018124801,TIME,drift,-0.1953017588934549
2024-04-17 19:45:00,2024-04-18 15:20:00,-1,2365.8399999999997,2383.1299999999997,0.14,-228.58779999999948,566.8001384570535,NEWS,lw,-0.4032952437560485
2024-04-19 01:15:00,2024-04-19 09:10:00,1,2380.53,2384.1,0.19,66.49999999999447,560.7108737813822,TIME,drift,0.11859944778941886
2024-04-19 01:05:00,2024-04-19 23:00:00,1,2379.79,2387.6,0.09,69.65999999999951,540.237906665367,TIME,friday,0.12894319176893332
2024-04-19 23:05:00,2024-04-19 23:55:00,1,2387.33,2390.65,0.34,110.50000000000558,564.7164441085803,TIME,fri_close,0.19567342363198353
2024-04-19 04:30:00,2024-04-22 05:33:00,1,2396.29,2376.52,0.16,-330.1567999999997,556.8000000000003,TIME,inside,-0.5929540229885049
2024-04-19 10:15:00,2024-04-22 09:47:00,1,2392.15,2352.1290439507134,0.14,-572.4005846900143,560.5733846900104,SL,lw,-1.0210983973249894
2024-04-22 10:15:00,2024-04-23 11:17:00,-1,2357.7999999999997,2307.33,0.14,710.4173999999973,565.732428640724,TIME,lw,1.2557480604513083
2024-04-23 12:15:00,2024-04-23 16:50:00,-1,2297.24,2323.48,0.13,-342.0300000000031,549.1227573483792,NEWS,lw,-0.622866190524698
2024-04-24 01:15:00,2024-04-24 09:10:00,1,2321.72,2327.57,0.15,86.70000000000546,550.543038801624,TIME,drift,0.15748087595245372
2024-04-25 01:15:00,2024-04-25 09:10:00,1,2317.83,2318.69,0.19,15.01000000000242,570.9462951945277,TIME,drift,0.026289688060570297
2024-04-25 11:00:00,2024-04-25 15:20:00,1,2325.92,2325.55,0.14,-6.159999999998473,575.5197032520665,NEWS,lw,-0.010703369433210373
2024-04-26 01:15:00,2024-04-26 09:10:00,1,2332.96,2339.63,0.18,118.80000000000129,550.9559486937653,TIME,drift,0.2156252242700318
2024-04-26 01:05:00,2024-04-26 23:00:00,1,2332.68,2339.99,0.09,65.15999999999951,553.5428975547843,TIME,friday,0.11771445408808738
2024-04-26 23:05:00,2024-04-26 23:55:00,1,2339.39,2337.47,0.45,-89.55000000000328,571.698867190284,TIME,fri_close,-0.15663840727919004
2024-04-26 11:45:00,2024-04-29 12:50:00,1,2348.7400000000002,2342.36,0.14,-101.42720000000153,574.3711530197762,TIME,lw,-0.17658825563704675
2024-04-30 01:15:00,2024-04-30 09:10:00,1,2336.37,2319.66,0.21,-352.3800000000008,568.6937593723235,TIME,drift,-0.6196305026960878
2024-04-30 10:15:00,2024-04-30 16:35:00,-1,2321.0299999999997,2305.5699999999997,0.14,215.46000000000055,546.6400247976638,NEWS,lw,0.3941533554549944
2024-05-01 01:15:00,2024-05-01 09:10:00,1,2288.98,2287.54,0.2,-30.20000000000109,551.8584407720565,TIME,drift,-0.05472417882700305
2024-05-01 01:10:00,2024-05-01 15:05:00,1,2289.21,2295.83,0.07,45.84999999999924,558.3843087406881,NEWS,tom,0.08211190623068142
2024-05-01 18:15:00,2024-05-01 20:50:00,1,2304.91,2298.98,0.14,-83.99999999999773,558.8743087406881,NEWS,tday,-0.15030213177856572
2024-05-02 01:15:00,2024-05-02 09:10:00,1,2320.44,2315.12,0.15,-80.85000000000245,559.5641444943386,TIME,drift,-0.14448745652397757
2024-05-02 12:45:00,2024-05-02 15:20:00,-1,2301.1,2299.7599999999998,0.14,17.780000000002037,565.6847152592105,NEWS,lw,0.031430935855947265
2024-05-03 01:15:00,2024-05-03 09:10:00,1,2305.45,2304.16,0.19,-25.839999999999307,570.0029179191027,TIME,drift,-0.04533310126610024
2024-05-03 01:05:00,2024-05-03 15:20:00,1,2305.3900000000003,2299.58,0.09,-52.920000000003604,545.7490690203645,NEWS,friday,-0.09696764136491622
2024-05-03 23:05:00,2024-05-03 23:55:00,1,2301.75,2301.86,0.35000000000000003,1.4000000000044568,574.6452277127647,TIME,fri_close,0.0024362857855390455
2024-05-06 18:15:00,2024-05-06 23:45:00,1,2323.27,2325.59,0.14,31.5000000000023,569.3094738714624,TIME,tday,0.05533018761446838
2024-05-07 01:15:00,2024-05-07 09:10:00,1,2326.28,2319.71,0.2,-132.8000000000033,563.3697354475051,TIME,drift,-0.23572441266216657
2024-05-06 10:45:00,2024-05-07 11:47:00,1,2323.42,2315.79,0.14,-118.92720000000155,569.3094738714624,TIME,lw,-0.2088972789988257
2024-05-08 01:15:00,2024-05-08 09:10:00,1,2316.39,2317.53,0.26,27.820000000008516,558.2433126601533,TIME,drift,0.049834900605329316
2024-05-08 11:00:00,2024-05-08 17:20:00,-1,2305.3999999999996,2314.19,0.14,-124.04000000000588,548.3656177769243,NEWS,lw,-0.22619944792101368
2024-05-09 01:15:00,2024-05-09 09:10:00,1,2310.02,2315.73,0.27,152.280000000001,565.1274147445472,TIME,drift,0.2694613569027361
2024-05-09 18:15:00,2024-05-09 19:50:00,1,2336.39,2330.94,0.15,-82.79999999999727,564.639262584185,NEWS,tday,-0.14664229975975535
2024-05-10 01:15:00,2024-05-10 09:11:00,1,2346.68,2358.76,0.22,264.2200000000084,570.7563451258856,TIME,drift,0.4629295885299921
2024-05-10 01:05:00,2024-05-10 23:01:00,1,2346.21,2363.84,0.1,175.6000000000011,567.5114581138859,TIME,friday,0.309421065406511
2024-05-10 23:05:00,2024-05-10 23:55:00,1,2364.23,2360.87,0.46,-157.78000000000586,566.4542122304246,TIME,fri_close,-0.27853972411776057
2024-05-10 10:15:00,2024-05-13 11:18:00,1,2369.44,2347.77,0.15,-338.0220000000011,567.8614581138859,TIME,lw,-0.5952543444711299
2024-05-14 01:15:00,2024-05-14 09:10:00,1,2337.36,2343.76,0.26,164.58000000000237,555.1675967332299,TIME,drift,0.2964510194190722
2024-05-14 16:15:00,2024-05-14 16:50:00,1,2349.94,2350.0,0.15,-0.1500000000008186,557.4501858226874,NEWS,lw,-0.00026908233922184085
2024-05-15 01:15:00,2024-05-15 09:10:00,1,2357.09,2358.42,0.26,32.75999999999811,574.3682911885713,TIME,drift,0.05703657479455572
2024-05-15 06:45:00,2024-05-15 15:20:00,1,2360.79,2363.13,0.22,49.9400000000032,568.2599999999948,NEWS,inside,0.08788230739450896
2024-05-15 11:30:00,2024-05-15 15:20:00,1,2369.03,2363.13,0.15,-89.55000000000136,544.3216011210666,NEWS,lw,-0.16451671184014593
2024-05-15 18:15:00,2024-05-15 23:45:00,1,2380.96,2386.9,0.15,88.05000000000082,544.3216011210666,TIME,tday,0.16176098802372713
2024-05-16 01:15:00,2024-05-16 09:10:00,1,2388.56,2389.84,0.18,21.7800000000036,554.2187201748394,TIME,drift,0.03929856428006016
2024-05-17 01:15:00,2024-05-17 09:10:00,1,2378.23,2382.43,0.25,103.24999999999545,573.5068489215001,TIME,drift,0.18003272357454966
2024-05-17 01:05:00,2024-05-17 23:00:00,1,2378.35,2416.42,0.1,380.00000000000165,535.601533619695,TIME,friday,0.7094826585575489
2024-05-17 18:15:00,2024-05-17 23:45:00,1,2408.27,2417.69,0.16,149.60000000000116,571.681635861008,TIME,tday,0.2616841098537109
2024-05-17 23:05:00,2024-05-17 23:55:00,1,2416.89,2414.43,0.37,-93.61000000000135,575.9025426111513,TIME,fri_close,-0.1625448631908658
2024-05-17 14:30:00,2024-05-20 15:33:00,1,2388.98,2421.85,0.16,512.0831999999982,571.681635861008,TIME,lw,0.8957489061700421
2024-05-20 08:00:00,2024-05-20 15:42:00,1,2437.52,2412.6654364892897,0.23,-573.2649607463358,572.1149607463354,SL,trendH4,-1.0020100855228469
2024-05-21 01:15:00,2024-05-21 09:10:00,1,2428.07,2415.0,0.16,-210.24000000000265,567.7524170484044,TIME,drift,-0.3703022544456705
2024-05-20 10:15:00,2024-05-21 11:18:00,1,2441.77,2416.72,0.15,-388.7220000000027,549.9549955040025,TIME,lw,-0.7068251096505835
2024-05-22 01:15:00,2024-05-22 09:10:00,1,2421.38,2416.65,0.19,-91.20000000000034,550.9170010152055,TIME,drift,-0.1655421775547696
2024-05-22 14:45:00,2024-05-22 16:50:00,-1,2407.8999999999996,2409.66,0.15,-27.45000000000327,546.5287971437571,NEWS,lw,-0.05022608166936703
2024-05-23 01:15:00,2024-05-23 09:10:00,1,2379.53,2363.13,0.18,-296.4600000000016,554.0369064454256,TIME,drift,-0.5350907070469751
2024-05-23 10:45:00,2024-05-23 15:20:00,-1,2358.91,2369.3799999999997,0.15,-158.099999999997,562.776740204917,NEWS,lw,-0.28092845475886224
2024-05-24 01:15:00,2024-05-24 09:10:00,1,2330.05,2338.31,0.16,131.0399999999962,543.2427030145077,TIME,drift,0.2412181503273624
2024-05-24 01:05:00,2024-05-24 15:20:00,1,2329.6,2339.75,0.09,90.72000000000082,524.8444900283952,NEWS,friday,0.17285120016234273
2024-05-24 23:05:00,2024-05-24 23:55:00,1,2334.89,2333.82,0.59,-67.25999999998282,571.6454514054966,TIME,fri_close,-0.11766034319806379
2024-05-27 18:15:00,2024-05-28 04:30:00,1,2354.67,2351.27,0.15,-63.97200000000136,565.5097912991375,TIME,tday,-0.11312270978198168
2024-05-28 01:15:00,2024-05-28 09:10:00,1,2352.7,2347.88,0.28,-136.91999999999186,559.1579306106164,TIME,drift,-0.24486820718159413
2024-05-27 15:30:00,2024-05-28 16:50:00,1,2349.23,2355.2,0.15,76.577999999997,565.5097912991375,NEWS,lw,0.13541410100800458
2024-05-29 01:15:00,2024-05-29 09:10:00,1,2361.5,2355.25,0.25,-158.0,568.184434520263,TIME,drift,-0.27807871951544155
2024-05-29 11:00:00,2024-05-30 12:02:00,-1,2350.47,2335.58,0.15,237.78449999999805,539.2553812732356,TIME,lw,0.44094970260392247
2024-05-31 01:15:00,2024-05-31 09:10:00,1,2343.38,2343.99,0.24,12.959999999992142,570.3991145723674,TIME,drift,0.022720932885227838
2024-05-31 01:05:00,2024-05-31 16:35:00,1,2343.72,2351.16,0.1,73.70000000000056,524.2015787509024,NEWS,friday,0.14059476924052222
2024-05-31 18:15:00,2024-06-03 16:35:00,-1,2331.6,2334.0099999999998,0.16,-34.17439999999767,559.5216840009625,NEWS,lw,-0.06107788308690263
2024-06-03 18:15:00,2024-06-03 23:45:00,1,2339.23,2349.81,0.16,168.15999999999883,564.3101351437512,TIME,tday,0.29799216694409025
2024-06-04 01:15:00,2024-06-04 09:10:00,1,2351.4,2349.7,0.22,-38.940000000006,561.4827634108901,TIME,drift,-0.06935208440496671
2024-06-03 19:30:00,2024-06-04 16:50:00,1,2343.89,2326.22,0.16,-296.55680000000115,564.3101351437512,NEWS,lw,-0.5255209529852887
2024-06-05 01:15:00,2024-06-05 09:10:00,1,2328.33,2335.63,0.21,151.83000000000382,547.7391434097414,TIME,drift,0.2771939924812457
2024-06-05 16:00:00,2024-06-05 16:35:00,1,2342.36,2341.66,0.16,-12.320000000004367,571.7563920372138,NEWS,lw,-0.02154763842010969
2024-06-05 18:15:00,2024-06-05 23:45:00,1,2352.97,2354.05,0.16,16.16000000000611,571.7563920372138,TIME,tday,0.02826378546014455
2024-06-06 01:15:00,2024-06-06 09:10:00,1,2355.68,2366.91,0.25,279.00000000000045,563.4435403573675,TIME,drift,0.4951694003325391
2024-06-06 18:15:00,2024-06-06 23:45:00,1,2370.53,2373.23,0.16,42.07999999999709,567.0080783202702,TIME,tday,0.07421411018456164
2024-06-07 01:15:00,2024-06-07 09:10:00,1,2375.92,2375.7,0.23,-6.6700000000058575,566.3917727668393,TIME,drift,-0.01177630099996461
2024-06-07 06:45:00,2024-06-07 11:07:00,1,2379.7400000000002,2353.6099999999997,0.22,-576.4000000000124,575.3000000000084,SL,nr7,-1.0019120458891082
2024-06-07 01:05:00,2024-06-07 15:20:00,1,2376.4900000000002,2335.74,0.11,-449.0200000000049,572.1462178557946,NEWS,friday,-0.784799385169015
2024-06-07 23:05:00,2024-06-07 23:55:00,1,2288.4900000000002,2293.08,0.29,131.07999999999103,564.6215499895916,TIME,fri_close,0.23215550310186955
2024-06-11 01:15:00,2024-06-11 09:10:00,1,2311.62,2300.94,0.23,-247.24999999999628,555.1634027315613,TIME,drift,-0.44536437161285525
2024-06-12 01:15:00,2024-06-12 09:10:00,1,2316.17,2314.34,0.27,-51.299999999998036,568.9310854199731,TIME,drift,-0.09016909308467376
2024-06-13 01:15:00,2024-06-13 09:10:00,1,2323.54,2314.17,0.19,-179.35999999999794,560.3201840592604,TIME,drift,-0.3201026932505228
2024-06-13 14:30:00,2024-06-13 15:20:00,-1,2311.25,2308.3199999999997,0.15,42.90000000000437,553.1469395606787,NEWS,lw,0.0775562457853902
2024-06-14 01:15:00,2024-06-14 09:10:00,1,2304.08,2308.55,0.19,83.60000000000484,548.854192894841,TIME,drift,0.15231732048737828
2024-06-14 01:05:00,2024-06-14 23:00:00,1,2303.91,2332.44,0.1,284.600000000002,546.7364438777732,TIME,friday,0.5205433133036699
2024-06-14 23:05:00,2024-06-14 23:55:00,1,2332.26,2332.52,0.5,9.499999999988177,561.379043067843,TIME,fri_close,0.01692261247956863
2024-06-14 11:15:00,2024-06-17 12:18:00,1,2320.05,2321.74,0.15,12.377999999993992,547.0864438777733,TIME,lw,0.02262530928797682
2024-06-18 01:15:00,2024-06-18 09:10:00,1,2320.4,2321.27,0.27,21.599999999997053,567.8384766393823,TIME,drift,0.0380389862410021
2024-06-18 13:45:00,2024-06-18 15:20:00,-1,2307.23,2314.77,0.16,-121.75999999999942,566.4947429406452,NEWS,lw,-0.21493579864121862
2024-06-19 01:15:00,2024-06-19 09:10:00,1,2329.53,2330.01,0.26,10.660000000000474,559.4575238148689,TIME,drift,0.01905417220473023
2024-06-20 01:15:00,2024-06-20 05:20:00,1,2329.89,2336.4,0.36,231.84000000000785,558.1106691226927,NEWS,drift,0.415401483659939
2024-06-20 04:50:00,2024-06-20 05:20:00,1,2337.75,2336.4,0.42,-59.63999999999617,567.4200000000022,NEWS,nr7,-0.10510732790524821
2024-06-20 10:15:00,2024-06-20 15:20:00,1,2342.44,2339.51,0.17,-50.99999999999722,562.6887871391817,NEWS,lw,-0.09063624718610629
2024-06-20 18:15:00,2024-06-20 23:45:00,1,2357.91,2359.07,0.17,18.530000000005256,562.6887871391817,TIME,tday,0.032931169810963085
2024-06-21 01:15:00,2024-06-21 09:10:00,1,2359.18,2362.35,0.25,77.50000000000182,556.8762167921839,TIME,drift,0.1391691684131007
2024-06-21 01:05:00,2024-06-21 16:50:00,1,2359.72,2346.98,0.11,-140.9099999999976,551.2706085771197,NEWS,friday,-0.2556094916137454
2024-06-21 23:05:00,2024-06-21 23:55:00,1,2322.56,2321.28,0.41000000000000003,-55.34999999998956,564.0382289580808,TIME,fri_close,-0.09813164632871571
2024-06-25 01:15:00,2024-06-25 09:10:00,1,2334.0,2324.05,0.29,-290.5799999999947,569.7532331041889,TIME,drift,-0.5100102695632397
2024-06-25 10:45:00,2024-06-25 16:50:00,-1,2324.58,2324.04,0.16,7.519999999999418,536.128226837517,NEWS,lw,0.014026495199400283
2024-06-26 01:15:00,2024-06-26 05:20:00,1,2319.94,2317.37,0.27,-71.28000000000442,567.4395168010816,NEWS,drift,-0.1256169122690691
2024-06-26 13:30:00,2024-06-26 16:50:00,-1,2308.2599999999998,2296.75,0.17,194.47999999999598,555.225080942372,NEWS,lw,0.3502723610214242
2024-06-27 01:15:00,2024-06-27 09:10:00,1,2298.87,2299.26,0.25,8.000000000008185,567.4114663351531,TIME,drift,0.014099115852697313
2024-06-27 12:15:00,2024-06-27 15:20:00,1,2310.51,2317.68,0.17,120.69999999999352,552.5411465893455,NEWS,lw,0.2184452700853771
2024-06-28 01:15:00,2024-06-28 09:10:00,1,2326.34,2325.96,0.3,-13.500000000003274,554.3050442426593,TIME,drift,-0.024354820762001492
2024-06-28 01:05:00,2024-06-28 16:35:00,1,2327.25,2327.74,0.11,4.619999999997599,538.2474409387164,NEWS,friday,0.008583412848076358
2024-06-28 23:05:00,2024-06-28 23:55:00,1,2324.51,2326.28,0.56,95.19999999999898,567.0528046422012,TIME,fri_close,0.167885599402102
2024-07-01 01:10:00,2024-07-01 16:35:00,1,2325.29,2327.37,0.08,16.07999999999942,508.179513918844,NEWS,tom,0.03164236172371047
2024-07-01 14:30:00,2024-07-01 16:35:00,1,2335.9900000000002,2327.37,0.17,-147.73000000000587,540.5357335387719,NEWS,lw,-0.27330293047020066
2024-07-02 01:15:00,2024-07-02 09:10:00,1,2332.1,2331.66,0.27,-13.770000000001474,570.0713691503249,TIME,drift,-0.02415487032882438
2024-07-02 14:45:00,2024-07-02 16:20:00,-1,2321.1699999999996,2328.5299999999997,0.18,-133.74000000000228,557.2553850759351,NEWS,lw,-0.2399976807434136
2024-07-03 01:15:00,2024-07-03 05:20:00,1,2330.86,2329.07,0.27,-50.21999999999902,562.9501095784692,NEWS,drift,-0.0892086157290265
2024-07-03 09:45:00,2024-07-03 15:05:00,1,2337.2400000000002,2346.26,0.31,277.4499999999994,558.6200000000084,NEWS,inside,0.4966703662597029
2024-07-03 10:15:00,2024-07-03 15:05:00,1,2342.93,2346.26,0.18,58.68000000000688,540.2857147133685,NEWS,lw,0.10860920139474295
2024-07-03 18:15:00,2024-07-03 23:45:00,1,2363.22,2355.86,0.19,-141.1699999999938,570.301587753,TIME,tday,-0.247535695203316
2024-07-04 01:15:00,2024-07-04 09:10:00,1,2356.8,2355.67,0.26,-31.200000000002838,563.2264721352615,TIME,drift,-0.05539512353124981
2024-07-05 01:15:00,2024-07-05 09:10:00,1,2356.67,2366.12,0.37,347.0599999999933,555.4873254834905,TIME,drift,0.6247847323931573
2024-07-05 01:05:00,2024-07-05 15:20:00,1,2357.06,2366.96,0.12,117.96000000000107,526.5155397273435,NEWS,friday,0.2240389715013668
2024-07-05 07:15:00,2024-07-05 15:20:00,1,2362.67,2366.96,0.47000000000000003,198.3399999999983,567.7600000000103,NEWS,inside,0.3493377483443615
2024-07-05 10:15:00,2024-07-05 15:20:00,1,2364.54,2366.96,0.19,44.650000000001384,556.2097363788625,NEWS,lw,0.08027547358428119
2024-07-05 18:15:00,2024-07-05 23:45:00,1,2383.3,2391.21,0.19,148.95999999999722,556.2097363788625,TIME,tday,0.2678126437875461
2024-07-05 23:05:00,2024-07-05 23:55:00,1,2388.42,2390.96,0.43,106.20999999999843,568.940215591462,TIME,fri_close,0.18668042280959882
2024-07-08 18:45:00,2024-07-09 16:50:00,-1,2363.8399999999997,2366.8799999999997,0.18,-49.78619999999934,546.6401440325335,NEWS,lw,-0.09107673584440644
2024-07-10 01:15:00,2024-07-10 05:20:00,1,2363.8,2368.09,0.25,105.49999999999909,561.8797192973108,NEWS,drift,0.18776260537030567
2024-07-10 10:15:00,2024-07-10 16:50:00,1,2372.58,2382.17,0.18,171.36000000000263,547.7302262321339,NEWS,lw,0.312854744531441
2024-07-11 01:15:00,2024-07-11 09:10:00,1,2371.69,2382.22,0.29,303.33999999999264,565.6270198737794,TIME,drift,0.536289797590793
2024-07-11 10:30:00,2024-07-11 15:20:00,1,2381.82,2381.58,0.19,-5.890000000004493,568.931848727528,NEWS,lw,-0.01035273383477838
2024-07-11 16:00:00,2024-07-11 19:50:00,1,2406.46,2414.26,0.27,208.71000000000492,577.0987535699438,NEWS,trendH4,0.36165387415744865
2024-07-11 18:15:00,2024-07-11 19:50:00,1,2418.81,2414.26,0.19,-87.77999999999481,568.931848727528,NEWS,tday,-0.1542891300536671
2024-07-12 01:15:00,2024-07-12 09:10:00,1,2413.06,2407.52,0.21,-117.80999999999922,564.2418301290795,TIME,drift,-0.20879345292965654
2024-07-12 01:05:00,2024-07-12 15:20:00,1,2413.36,2403.12,0.12,-123.72000000000284,569.5489195572993,NEWS,friday,-0.2172245363860374
2024-07-12 23:05:00,2024-07-12 23:56:00,1,2411.51,2411.32,0.64,-16.640000000003493,574.6254076121894,TIME,fri_close,-0.028957995556008743
2024-07-15 14:30:00,2024-07-15 19:20:00,1,2418.67,2432.03,0.21,279.09000000000265,568.47,NEWS,inside,0.4909493904691587
2024-07-15 17:30:00,2024-07-15 19:20:00,1,2423.65,2432.03,0.18,149.58000000000197,563.8297110174925,NEWS,lw,0.26529286605004987
2024-07-15 18:15:00,2024-07-15 19:20:00,1,2433.54,2432.03,0.18,-28.43999999999574,563.8297110174925,NEWS,tday,-0.050440761535380324
2024-07-16 01:15:00,2024-07-16 09:10:00,1,2421.39,2429.86,0.24,201.6000000000061,567.2347211388293,TIME,drift,0.3554084270357368
2024-07-15 20:00:00,2024-07-16 15:20:00,1,2430.45,2441.22,0.23,227.81959999999958,561.0486533384371,NEWS,trendH4,0.4060603276460833
2024-07-16 12:15:00,2024-07-16 15:20:00,1,2438.5,2441.22,0.18,47.6999999999964,572.9918745162425,NEWS,lw,0.08324725379442402
2024-07-16 18:15:00,2024-07-16 23:45:00,1,2456.5,2468.82,0.18,220.50000000000296,572.9918745162425,TIME,tday,0.3848222109365226
2024-07-16 20:00:00,2024-07-17 05:20:00,1,2459.37,2480.34,0.22,442.31440000000566,565.1569151892726,NEWS,trendH4,0.7826399856611033
2024-07-17 01:15:00,2024-07-17 05:20:00,1,2467.68,2480.34,0.21,264.39000000000647,573.4152303018162,NEWS,drift,0.4610794866066693
2024-07-18 01:15:00,2024-07-18 09:10:00,1,2459.1,2466.47,0.18,131.39999999999804,561.7709732115466,TIME,drift,0.23390314962128994
2024-07-18 10:15:00,2024-07-18 15:20:00,1,2473.53,2467.24,0.17,-108.12000000000711,561.823723210081,NEWS,lw,-0.19244470379827328
2024-07-19 01:15:00,2024-07-19 09:07:00,1,2445.11,2419.0800423256105,0.22,-574.1990688365713,573.0990688365678,SL,drift,-1.0019193889151428
2024-07-19 01:05:00,2024-07-19 16:19:00,1,2445.0,2395.311795787409,0.11,-547.3402463384987,546.790246338497,SL,friday,-1.0010058701735898
2024-07-19 23:05:00,2024-07-19 23:55:00,1,2398.97,2400.34,0.47000000000000003,61.100000000016244,571.7475662044124,TIME,fri_close,0.10686534339906861
2024-07-23 01:15:00,2024-07-23 09:10:00,1,2397.3,2391.78,0.23,-128.5699999999996,567.7023577116539,TIME,drift,-0.2264743104436825
2024-07-23 13:15:00,2024-07-23 16:50:00,1,2407.9900000000002,2402.09,0.17,-101.49000000000154,579.2412608937846,NEWS,lw,-0.17521196581092963
2024-07-24 01:15:00,2024-07-24 05:20:00,1,2408.89,2414.23,0.26,137.0200000000038,558.9503210517292,NEWS,drift,0.24513806476071956
2024-07-24 04:15:00,2024-07-24 05:20:00,1,2412.23,2414.23,0.24,46.32,571.68,NEWS,inside,0.08102434928631402
2024-07-24 16:00:00,2024-07-24 16:50:00,1,2421.62,2424.6,0.17,49.47000000000032,566.7668851156571,NEWS,lw,0.08728456319374629
2024-07-24 18:15:00,2024-07-24 23:45:00,1,2426.68,2397.54,0.17,-496.5699999999979,566.7668851156571,TIME,tday,-0.8761450484155676
2024-07-25 01:15:00,2024-07-25 06:20:00,1,2395.7400000000002,2369.301691785847,0.21,-556.6744724972139,555.6244724972123,SL,drift,-1.001889765573648
2024-07-25 10:15:00,2024-07-25 15:20:00,-1,2366.89,2365.69,0.17,19.209999999996906,568.7349647502529,NEWS,lw,0.03377671708373433
2024-07-26 01:15:00,2024-07-26 09:10:00,1,2365.1,2371.89,0.16,107.51999999999943,554.7120326440019,TIME,drift,0.1938303005390234
2024-07-26 01:05:00,2024-07-26 23:00:00,1,2364.56,2386.34,0.11,238.8100000000022,568.988718230795,TIME,friday,0.4197095519618639
2024-07-26 18:15:00,2024-07-26 23:45:00,1,2382.73,2387.92,0.16,81.92000000000087,552.1199691934982,TIME,tday,0.14837355026239027
2024-07-26 23:05:00,2024-07-26 23:55:00,1,2387.31,2388.13,0.47000000000000003,35.250000000007695,572.3395076523351,TIME,fri_close,0.06158931810351303
2024-07-26 17:15:00,2024-07-29 18:18:00,1,2389.22,2372.07,0.16,-288.23679999999416,552.1199691934982,TIME,lw,-0.522054654934927
2024-07-29 01:30:00,2024-07-30 02:32:00,1,2397.36,2382.15,0.13,-208.97240000000048,538.3300000000019,TIME,inside,-0.388186428398937
2024-07-30 01:15:00,2024-07-30 09:10:00,1,2383.33,2388.79,0.22,118.5800000000008,571.645773314715,TIME,drift,0.2074361528336142
2024-07-30 20:00:00,2024-07-31 05:20:00,1,2400.1,2405.85,0.16,78.16319999999999,551.6716060903123,NEWS,lw,0.14168429032253685
2024-07-31 01:15:00,2024-07-31 05:20:00,1,2410.21,2405.85,0.22,-97.46000000000281,551.9321709786426,NEWS,drift,-0.1765796688879259
2024-08-01 01:15:00,2024-08-01 09:10:00,1,2447.35,2445.66,0.19,-33.440000000001035,562.8310110428682,TIME,drift,-0.059413925927855576
2024-08-01 01:10:00,2024-08-01 15:20:00,1,2447.56,2444.3,0.08,-26.63999999999811,567.4572521901164,NEWS,tom,-0.04694626757730264
2024-08-02 01:15:00,2024-08-02 09:10:00,1,2444.64,2465.03,0.18,365.7600000000059,555.6586236343944,TIME,drift,0.658245880551049
2024-08-02 01:05:00,2024-08-02 15:20:00,1,2447.37,2457.17,0.1,97.30000000000182,528.554304361932,NEWS,friday,0.18408704497726466
2024-08-02 09:00:00,2024-08-02 15:20:00,1,2466.97,2457.17,0.15,-148.04999999999592,549.1499999999994,NEWS,nr7,-0.26959847036328155
2024-08-02 10:15:00,2024-08-02 15:20:00,1,2464.08,2457.17,0.16,-111.67999999999769,564.1645913193942,NEWS,lw,-0.19795641505755465
2024-08-02 23:05:00,2024-08-02 23:55:00,1,2437.43,2441.34,0.22,84.4800000000068,564.748580200926,TIME,fri_close,0.14958868948364695
2024-08-05 14:00:00,2024-08-05 16:35:00,-1,2408.33,2383.62,0.15,369.60000000000053,562.8361397646507,NEWS,lw,0.6566742500837781
2024-08-06 01:15:00,2024-08-06 09:10:00,1,2411.81,2397.96,0.11,-153.119999999999,567.0252704873355,TIME,drift,-0.27004087466577725
2024-08-07 01:15:00,2024-08-07 09:10:00,1,2389.34,2392.16,0.16,43.999999999995346,570.0318849585183,TIME,drift,0.0771886646361848
2024-08-08 01:15:00,2024-08-08 09:10:00,1,2382.14,2393.38,0.19,212.23000000000448,557.0813833556765,TIME,drift,0.38096767607203136
2024-08-08 10:15:00,2024-08-08 15:20:00,1,2396.32,2412.75,0.14,229.03999999999772,564.4208330146048,NEWS,lw,0.40579650254346855
2024-08-08 14:15:00,2024-08-08 15:20:00,1,2410.41,2412.75,0.18,40.86000000000262,562.3199999999931,NEWS,nr7,0.07266325224072258
2024-08-09 01:15:00,2024-08-09 09:10:00,1,2426.56,2418.72,0.2,-158.20000000000292,561.504188846989,TIME,drift,-0.2817432231892267
2024-08-09 01:05:00,2024-08-09 23:00:00,1,2426.91,2429.06,0.09,18.720000000000816,551.4348785411381,TIME,friday,0.03394779824142783
2024-08-09 23:05:00,2024-08-09 23:55:00,1,2430.23,2430.85,0.54,29.699999999994105,579.6564509741977,TIME,fri_close,0.05123724569972248
2024-08-12 18:15:00,2024-08-12 23:45:00,1,2459.19,2471.7,0.14,174.1599999999967,551.5046978544293,TIME,tday,0.3157906010185367
2024-08-13 01:15:00,2024-08-13 09:10:00,1,2471.6,2462.26,0.25,-235.24999999999227,569.8216254008128,TIME,drift,-0.4128484941836269
2024-08-12 10:15:00,2024-08-13 11:17:00,1,2438.01,2461.91,0.14,322.49279999999493,551.5046978544293,TIME,lw,0.5847507759310465
2024-08-14 01:15:00,2024-08-14 09:10:00,1,2464.26,2461.19,0.24,-75.36000000000394,565.56472955606,TIME,drift,-0.1332473474064724
2024-08-14 11:45:00,2024-08-14 15:20:00,1,2477.91,2473.45,0.15,-67.95000000000054,578.449711756916,NEWS,lw,-0.1174691569879378
2024-08-15 01:15:00,2024-08-15 09:10:00,1,2448.19,2454.87,0.2,132.19999999999675,555.2182015534372,TIME,drift,0.23810458596298936
2024-08-16 01:15:00,2024-08-16 09:10:00,1,2455.78,2455.24,0.21,-12.810000000008785,581.3078490083849,TIME,drift,-0.02203651648925871
2024-08-16 01:05:00,2024-08-16 23:00:00,1,2456.1,2507.84,0.1,516.7000000000024,580.8035779944838,TIME,friday,0.8896295056999628
2024-08-16 18:15:00,2024-08-16 23:45:00,1,2490.04,2507.57,0.15,261.900000000003,581.1535779944837,TIME,tday,0.45065540317896646
2024-08-16 23:05:00,2024-08-16 23:55:00,1,2509.38,2507.0,0.35000000000000003,-85.75000000000382,573.841818969867,TIME,fri_close,-0.1494314237221994
2024-08-16 15:00:00,2024-08-19 16:03:00,1,2472.4,2489.61,0.15,245.17800000000054,581.1535779944837,TIME,lw,0.42188159771138456
2024-08-20 01:15:00,2024-08-20 09:10:00,1,2504.37,2498.47,0.24,-143.2800000000022,585.292710550524,TIME,drift,-0.24480058852131198
2024-08-21 01:15:00,2024-08-21 09:10:00,1,2514.44,2513.31,0.07,-8.400000000000764,193.0303135980876,TIME,drift,-0.04351648113410093
2024-08-20 10:45:00,2024-08-21 11:47:00,1,2513.35,2508.81,0.14,-75.6671999999995,546.4324032431795,TIME,lw,-0.13847495051702713
2024-08-20 16:00:00,2024-08-21 16:44:00,1,2526.9,2498.6349482455303,0.2,-582.5970350893964,565.7010350893933,SL,trendH4,-1.029867366244669
2024-08-16 16:00:00,2024-08-21 17:20:00,1,2491.85,2503.03,0.19,165.78640000000553,564.579298296071,NEWS,trendH4,0.29364590678467545
2024-08-16 20:00:00,2024-08-21 17:20:00,1,2496.08,2503.03,0.19,85.41640000000517,579.6798333812674,NEWS,trendH4,0.1473509946029553
2024-08-20 12:00:00,2024-08-21 17:20:00,1,2520.09,2503.03,0.2,-358.4959999999989,575.5905632519933,NEWS,trendH4,-0.6228316148453766
2024-08-22 01:15:00,2024-08-22 09:10:00,1,2513.03,2505.79,0.21,-153.51000000000496,562.9980408223072,TIME,drift,-0.27266524724631436
2024-08-22 15:00:00,2024-08-22 15:20:00,-1,2499.45,2499.2999999999997,0.15,1.2000000000013642,567.4208973110277,NEWS,lw,0.002114832227166975
2024-08-23 01:15:00,2024-08-23 09:10:00,1,2484.88,2491.7,0.21,141.7499999999939,563.4277850973758,TIME,drift,0.25158503671503457
2024-08-23 01:05:00,2024-08-23 16:50:00,1,2485.5,2495.2,0.1,96.29999999999818,573.6408332173828,NEWS,friday,0.16787507866181664
2024-08-23 18:15:00,2024-08-23 23:45:00,1,2516.18,2510.85,0.15,-80.9999999999989,573.9908332173828,TIME,tday,-0.14111723622130118
2024-08-23 23:05:00,2024-08-23 23:55:00,1,2510.33,2511.81,0.39,54.99000000000072,581.6074882169203,TIME,fri_close,0.09454830124107906
2024-08-26 11:45:00,2024-08-26 15:20:00,1,2525.26,2526.04,0.15,10.64999999999618,570.7593451304268,NEWS,lw,0.018659352826824935
2024-08-27 01:15:00,2024-08-27 09:10:00,1,2517.83,2515.7,0.27,-59.40000000000295,562.132951721368,TIME,drift,-0.10566895219023861
2024-08-27 10:45:00,2024-08-27 16:50:00,-1,2508.75,2511.79,0.15,-46.64999999999945,549.4265347639679,NEWS,lw,-0.08490671099465584
2024-08-28 01:15:00,2024-08-28 09:10:00,1,2525.59,2505.8,0.25,-496.4999999999991,576.3410623723856,TIME,drift,-0.8614690717268387
2024-08-28 10:15:00,2024-08-28 17:20:00,-1,2509.0299999999997,2509.08,0.16,-1.9200000000029105,569.9196153852636,NEWS,lw,-0.003368896153372432
2024-08-29 01:15:00,2024-08-29 09:10:00,1,2505.79,2518.94,0.25,327.0000000000023,569.2753905949604,TIME,drift,0.5744144317537571
2024-08-29 10:30:00,2024-08-29 15:20:00,1,2518.35,2516.57,0.16,-29.599999999995926,569.6682142863161,NEWS,lw,-0.05196006948900772
2024-08-29 18:15:00,2024-08-29 23:45:00,1,2523.7200000000003,2521.77,0.16,-32.32000000000437,569.6682142863161,TIME,tday,-0.056734778577202286
2024-08-30 01:15:00,2024-08-30 09:10:00,1,2521.3,2515.5,0.24,-140.88000000000437,565.3543331573962,TIME,drift,-0.2491888568594078
2024-08-30 01:05:00,2024-08-30 16:35:00,1,2520.92,2516.24,0.11,-52.250000000003205,574.7053212697087,NEWS,friday,-0.09091615836193437
2024-08-30 17:30:00,2024-09-02 18:33:00,-1,2509.9399999999996,2501.3999999999996,0.16,141.0255999999994,557.6633418372933,TIME,lw,0.25288662427652586
2024-09-03 01:15:00,2024-09-03 09:10:00,1,2499.19,2494.99,0.3,-128.10000000000818,569.0935102353769,TIME,drift,-0.2250948178042411
2024-09-03 14:45:00,2024-09-03 16:35:00,-1,2492.2,2489.04,0.17,52.52999999999753,568.8155807074445,NEWS,lw,0.09234979100724558
2024-09-04 01:15:00,2024-09-04 09:10:00,1,2492.66,2492.51,0.21,-4.61999999999236,576.1265168220158,TIME,drift,-0.008019071966131405
2024-09-04 11:45:00,2024-09-04 16:50:00,-1,2477.46,2485.14,0.17,-131.74999999999724,568.2694677997699,NEWS,lw,-0.23184423493683007
2024-09-05 01:15:00,2024-09-05 09:10:00,1,2495.12,2502.91,0.24,185.27999999999912,575.8667060987551,TIME,drift,0.3217411217522715
2024-09-05 10:30:00,2024-09-05 15:05:00,1,2506.52,2515.63,0.17,153.68000000000217,562.2009343855004,NEWS,lw,0.273354223731375
2024-09-06 01:15:00,2024-09-06 09:10:00,1,2516.48,2518.85,0.27,62.09999999999706,571.1166040389991,TIME,drift,0.10873436275678043
2024-09-06 01:05:00,2024-09-06 15:20:00,1,2516.47,2514.3,0.11,-24.639999999995798,541.319854729789,NEWS,friday,-0.045518374736680155
2024-09-06 19:15:00,2024-09-09 20:18:00,-1,2497.0099999999998,2502.0699999999997,0.17,-81.36029999999907,558.1201533579645,TIME,lw,-0.1457755995917542
2024-09-10 01:15:00,2024-09-10 09:10:00,1,2506.42,2505.47,0.24,-24.480000000006548,564.9436667668463,TIME,drift,-0.04333175401382012
2024-09-10 02:45:00,2024-09-11 03:47:00,1,2507.8,2518.56,0.26,257.27519999999384,573.82,TIME,inside,0.44835523334842603
2024-09-11 01:15:00,2024-09-11 09:10:00,1,2516.81,2523.03,0.29,178.35000000000738,572.7850288973718,TIME,drift,0.3113733617363157
2024-09-10 16:30:00,2024-09-11 15:20:00,1,2515.1000000000004,2518.26,0.17,39.01839999999753,557.1932954974279,NEWS,lw,0.07002668609851864
2024-09-11 10:15:00,2024-09-11 15:20:00,1,2525.54,2518.26,0.18,-132.2999999999954,571.3829880100761,NEWS,lw,-0.23154347045009038
2024-09-12 01:15:00,2024-09-12 09:10:00,1,2513.3,2521.38,0.25,200.24999999999818,561.0299381576159,TIME,drift,0.3569328236878152
2024-09-12 18:15:00,2024-09-12 19:50:00,1,2550.6000000000004,2548.21,0.18,-44.28000000000589,566.6213460093561,NEWS,tday,-0.07814742651660486
2024-09-13 01:15:00,2024-09-13 09:10:00,1,2558.45,2566.12,0.21,159.6000000000015,578.3705423102366,TIME,drift,0.27594766386700315
2024-09-13 01:05:00,2024-09-13 23:00:00,1,2558.54,2582.6,0.11,263.8899999999994,539.7619790436779,TIME,friday,0.48890068260744474
2024-09-13 23:05:00,2024-09-13 23:55:00,1,2582.32,2579.26,0.47000000000000003,-147.10999999999743,576.56482847267,TIME,fri_close,-0.2551491050706203
2024-09-13 16:45:00,2024-09-16 17:48:00,1,2582.9700000000003,2578.75,0.17,-86.44160000000433,556.5150693177288,TIME,lw,-0.1553266115614429
2024-09-17 01:15:00,2024-09-17 09:10:00,1,2582.84,2581.26,0.08,-13.199999999999418,161.8445447588436,TIME,drift,-0.08155974623468511
2024-09-13 04:00:00,2024-09-17 15:20:00,1,2561.81,2579.9,0.24,394.32960000000344,562.3171680799477,NEWS,trendH4,0.7012583331689056
2024-09-13 08:00:00,2024-09-17 15:20:00,1,2569.03,2579.9,0.25,230.25999999999726,581.9971975791156,NEWS,trendH4,0.3956376438886481
2024-09-13 16:00:00,2024-09-17 15:20:00,1,2575.9800000000005,2579.9,0.25,56.50999999999045,574.7068458151522,NEWS,trendH4,0.09832839196449425
2024-09-13 20:00:00,2024-09-17 15:20:00,1,2584.4900000000002,2579.9,0.25,-156.24000000000365,576.0340035243939,NEWS,trendH4,-0.2712339880008267
2024-09-18 01:15:00,2024-09-18 09:10:00,1,2570.39,2568.5,0.23,-45.07999999999707,578.2764139916745,TIME,drift,-0.07795579918057334
2024-09-18 14:45:00,2024-09-18 17:20:00,1,2580.13,2570.16,0.18,-180.72000000000457,555.3381690798938,NEWS,lw,-0.3254233367380971
2024-09-19 01:15:00,2024-09-19 09:10:00,1,2558.13,2575.31,0.15,256.64999999999753,581.180438973459,TIME,drift,0.44160123567358756
2024-09-19 10:45:00,2024-09-19 15:20:00,1,2580.84,2589.15,0.18,148.319999999999,584.3282998599013,NEWS,lw,0.25382991040406605
2024-09-20 01:15:00,2024-09-20 09:10:00,1,2586.86,2597.79,0.19,206.3399999999969,574.3857659651833,TIME,drift,0.3592359216166654
2024-09-20 01:05:00,2024-09-20 23:00:00,1,2586.63,2621.06,0.11,377.9599999999982,548.6700409521782,TIME,friday,0.6888657513431484
2024-09-20 18:15:00,2024-09-20 23:45:00,1,2614.11,2621.09,0.17,117.47000000000033,565.6930724961835,TIME,tday,0.2076567766362259
2024-09-20 23:05:00,2024-09-20 23:55:00,1,2621.29,2621.93,0.47000000000000003,26.789999999994016,588.2311806819206,TIME,fri_close,0.04554331847716248
2024-09-20 09:15:00,2024-09-23 10:18:00,1,2597.48,2620.24,0.12,262.7423999999972,554.2799999999987,TIME,inside,0.47402468066680703
2024-09-20 10:15:00,2024-09-23 11:18:00,1,2608.1800000000003,2616.71,0.17,130.3083999999957,565.6930724961835,TIME,lw,0.23035176906974555
2024-09-24 01:15:00,2024-09-24 09:10:00,1,2627.79,2627.81,0.28,-1.4000000000005093,573.3559294822608,TIME,drift,-0.0024417642305796096
2024-09-20 12:00:00,2024-09-24 16:50:00,1,2610.0,2633.08,0.22,471.2487999999984,587.3137356914373,NEWS,trendH4,0.8023800080977214
2024-09-20 16:00:00,2024-09-24 16:50:00,1,2615.79,2633.08,0.21,328.23839999999916,568.0242739565537,NEWS,trendH4,0.5778598117183722
2024-09-23 08:00:00,2024-09-24 16:50:00,1,2629.59,2633.08,0.11,28.877199999997593,292.85403333309887,NEWS,trendH4,0.09860612015936282
2024-09-24 08:00:00,2024-09-24 16:50:00,1,2638.38,2633.08,0.23,-123.51000000000418,572.5180290936173,NEWS,trendH4,-0.2157311974882943
2024-09-24 18:15:00,2024-09-24 23:45:00,1,2646.46,2659.35,0.18,230.75999999999772,592.5209383353509,TIME,tday,0.3894545915091253
2024-09-25 01:15:00,2024-09-25 09:10:00,1,2658.33,2655.48,0.21,-61.31999999999808,576.3545442595466,TIME,drift,-0.10639284553360644
2024-09-24 17:30:00,2024-09-25 16:50:00,1,2638.86,2663.93,0.18,435.6935999999948,592.5209383353509,NEWS,lw,0.7353218625894431
2024-09-24 20:00:00,2024-09-25 16:50:00,1,2653.7400000000002,2663.93,0.22,205.1543999999912,584.1869085552648,NEWS,trendH4,0.35117938624703593
2024-09-26 01:15:00,2024-09-26 09:10:00,1,2658.2,2660.33,0.24,49.44000000000262,580.998894290736,TIME,drift,0.085094826316937
2024-09-26 11:15:00,2024-09-26 15:20:00,1,2666.36,2677.91,0.18,206.6399999999951,587.6791764218076,NEWS,lw,0.35162042197608673
2024-09-26 13:45:00,2024-09-26 15:20:00,1,2674.3300000000004,2677.91,0.24,84.23999999998733,588.4799999999956,NEWS,nr7,0.14314845024467776
2024-09-27 01:15:00,2024-09-27 09:10:00,1,2672.64,2665.87,0.2,-136.79999999999967,598.7837070771312,TIME,drift,-0.22846313014722364
2024-09-27 01:05:00,2024-09-27 23:00:00,1,2672.31,2652.08,0.12,-243.60000000000022,584.8563781059643,TIME,friday,-0.41651251336078404
2024-09-27 23:05:00,2024-09-27 23:55:00,1,2651.97,2658.59,0.39,255.4500000000135,585.3725250762016,TIME,fri_close,0.4363887764748781
2024-09-30 13:30:00,2024-09-30 16:35:00,-1,2644.87,2639.2599999999998,0.18,99.72000000000229,583.6366368126805,NEWS,lw,0.17085973311166147
2024-10-01 01:15:00,2024-10-01 09:10:00,1,2633.8,2643.89,0.2,200.3999999999938,595.0831053876171,TIME,drift,0.33675968648019333
2024-10-01 01:10:00,2024-10-01 16:35:00,1,2633.9,2663.37,0.09,264.59999999999815,594.5083056117745,NEWS,tom,0.4450736810610466
2024-10-01 14:15:00,2024-10-01 16:35:00,1,2651.68,2663.37,0.18,209.160000000001,595.1383056117745,NEWS,lw,0.35144771900540706
2024-10-02 01:15:00,2024-10-02 09:10:00,1,2662.53,2648.05,0.19,-276.45000000000033,577.8766104641522,TIME,drift,-0.4783893222083428
2024-10-03 01:15:00,2024-10-03 09:10:00,1,2659.72,2652.94,0.23,-157.54999999999416,593.8209871122784,TIME,drift,-0.2653156480139779
2024-10-03 10:30:00,2024-10-03 15:20:00,-1,2648.8399999999997,2648.09,0.18,12.239999999991813,591.1564982060709,NEWS,lw,0.020705177118301894
2024-10-04 01:15:00,2024-10-04 09:10:00,1,2655.97,2666.24,0.23,234.59999999999957,598.8696763378865,TIME,drift,0.39173798452208924
2024-10-04 01:05:00,2024-10-04 15:20:00,1,2656.17,2658.05,0.12,21.72000000000131,579.702462619923,NEWS,friday,0.037467496518540484
2024-10-04 18:15:00,2024-10-04 23:45:00,1,2666.7700000000004,2651.86,0.18,-269.64000000000556,580.1224626199231,TIME,tday,-0.4647984130493232
2024-10-04 23:05:00,2024-10-04 23:55:00,1,2651.03,2652.65,0.34,52.699999999996294,590.3359794486378,TIME,fri_close,0.08927119781724478
2024-10-08 01:15:00,2024-10-08 09:10:00,1,2643.09,2646.4,0.21,68.03999999999886,586.0703583313987,TIME,drift,0.11609527598992651
2024-10-08 11:15:00,2024-10-09 12:17:00,-1,2632.3999999999996,2616.75,0.18,286.63379999999347,574.096715218199,TIME,lw,0.49927789586995197
2024-10-10 01:15:00,2024-10-10 09:10:00,1,2608.2400000000002,2613.66,0.23,123.04999999999123,583.8196657701328,TIME,drift,0.21076713789295284
2024-10-10 10:45:00,2024-10-10 15:20:00,1,2615.9,2614.05,0.18,-34.55999999999836,577.4234942442633,NEWS,lw,-0.059852084898676966
2024-10-10 16:00:00,2024-10-10 19:50:00,1,2625.2300000000005,2620.26,0.3,-151.20000000000763,598.7999999999962,NEWS,inside,-0.25250501002005443
2024-10-10 18:15:00,2024-10-10 19:50:00,1,2624.8900000000003,2620.26,0.18,-84.60000000000196,577.4234942442633,NEWS,tday,-0.14651291615823
2024-10-11 01:15:00,2024-10-11 09:10:00,1,2629.09,2645.07,0.21,334.11000000000035,580.9744939829735,TIME,drift,0.5750854873325851
2024-10-11 01:05:00,2024-10-11 15:20:00,1,2628.75,2646.71,0.12,214.68000000000043,572.658958941102,NEWS,friday,0.3748828105247198
2024-10-11 10:15:00,2024-10-11 15:20:00,1,2641.51,2646.71,0.19,97.46999999999655,604.9166788822743,NEWS,lw,0.1611296289269049
2024-10-11 18:15:00,2024-10-11 23:45:00,1,2657.23,2656.71,0.19,-11.209999999999654,604.9166788822743,TIME,tday,-0.01853147779081371
2024-10-11 23:05:00,2024-10-11 23:55:00,1,2655.9900000000002,2656.83,0.61,46.96999999998114,600.1343846359558,TIME,fri_close,0.0782658037973834
2024-10-15 01:15:00,2024-10-15 09:10:00,1,2649.2,2643.91,0.25,-133.9999999999991,598.7388405359253,TIME,drift,-0.22380375370346275
2024-10-15 18:15:00,2024-10-15 23:45:00,1,2662.4,2662.24,0.19,-4.370000000005875,595.8491771995122,TIME,tday,-0.007334070713237956
2024-10-16 01:15:00,2024-10-16 09:10:00,1,2661.91,2670.65,0.24,208.08000000000567,600.2927485810122,TIME,drift,0.346630873839257
2024-10-15 17:30:00,2024-10-16 18:32:00,1,2659.5000000000005,2673.41,0.19,247.8587999999886,595.8491771995122,TIME,lw,0.41597573594869025
2024-10-17 01:15:00,2024-10-17 09:10:00,1,2674.51,2681.0,0.27,173.33999999999412,605.6597335929117,TIME,drift,0.2862003042066239
2024-10-16 10:15:00,2024-10-17 11:17:00,1,2676.09,2681.9,0.19,63.75639999999896,595.183521685261,TIME,lw,0.10712057319643668
2024-10-17 13:30:00,2024-10-17 15:20:00,1,2687.05,2679.29,0.19,-148.77000000000416,588.8382701363136,NEWS,lw,-0.25265001876587356
2024-10-18 01:15:00,2024-10-18 09:10:00,1,2693.44,2711.69,0.25,454.5,605.9784183747818,TIME,drift,0.750026710883462
2024-10-18 01:05:00,2024-10-18 23:00:00,1,2693.3,2719.66,0.13,341.7699999999957,593.6394416524639,TIME,friday,0.5757198326456198
2024-10-18 18:15:00,2024-10-18 23:45:00,1,2718.4900000000002,2721.31,0.2,54.99999999999418,609.3276324640655,TIME,tday,0.09026342655359185
2024-10-18 23:05:00,2024-10-18 23:55:00,1,2720.38,2722.08,0.54,88.01999999999018,604.5247530079585,TIME,fri_close,0.14560197835080446
2024-10-18 10:15:00,2024-10-21 11:18:00,1,2709.35,2731.83,0.2,432.3040000000004,609.3276324640655,TIME,lw,0.709477097324148
2024-10-21 16:00:00,2024-10-21 21:56:00,1,2738.82,2715.9764284004173,0.14,-320.7900023941607,320.0900023941569,SL,trendH4,-1.0021868849222657
2024-10-22 01:15:00,2024-10-22 09:10:00,1,2719.69,2731.48,0.22,257.8399999999992,559.5308724257515,TIME,drift,0.46081460864201734
2024-10-21 12:15:00,2024-10-22 13:17:00,1,2734.2200000000003,2734.87,0.2,-4.296000000007275,609.9756587166321,TIME,lw,-0.007042903989063944
2024-10-22 18:15:00,2024-10-22 23:45:00,1,2744.03,2747.97,0.2,77.39999999999199,604.1773973797298,TIME,tday,0.12810806947706047
2024-10-22 10:15:00,2024-10-23 11:17:00,1,2734.5,2755.51,0.2,402.9040000000044,604.1773973797298,TIME,lw,0.6668637419197865
2024-10-17 20:00:00,2024-10-23 16:50:00,1,2692.45,2737.18,0.25,1037.0200000000004,602.385795683014,NEWS,trendH4,1.7215213363790847
2024-10-18 08:00:00,2024-10-23 16:50:00,1,2710.41,2737.18,0.25,607.8899999999995,586.3369903237244,NEWS,trendH4,1.0367587411880246
2024-10-18 20:00:00,2024-10-23 16:50:00,1,2717.82,2737.18,0.25,422.6399999999918,594.4888333288045,NEWS,trendH4,0.7109300903659443
2024-10-22 20:00:00,2024-10-23 16:50:00,1,2745.53,2737.18,0.1,-92.14800000000363,230.94878997328024,NEWS,trendH4,-0.39899754404716625
2024-10-24 01:15:00,2024-10-24 09:10:00,1,2716.83,2729.37,0.23,286.80999999999915,621.205912504111,TIME,drift,0.4616987607923019
2024-10-24 10:15:00,2024-10-24 15:20:00,1,2736.65,2736.63,0.19,-1.7099999999996545,600.2932711699774,NEWS,lw,-0.0028486076425058835
2024-10-25 01:15:00,2024-10-25 09:10:00,1,2735.21,2727.47,0.26,-203.06000000000617,611.5807282258403,TIME,drift,-0.33202485073241483
2024-10-25 01:05:00,2024-10-25 15:20:00,1,2736.06,2726.31,0.13,-127.66,611.6597151939447,NEWS,friday,-0.20871081882435502
2024-10-25 23:05:00,2024-10-25 23:55:00,1,2743.76,2746.25,0.53,128.25999999998842,617.6994467988667,TIME,fri_close,0.2076414357575943
2024-10-29 01:15:00,2024-10-29 09:10:00,1,2740.27,2750.94,0.28,296.80000000000206,607.6212748909185,TIME,drift,0.48846215934964465
2024-10-29 04:15:00,2024-10-29 16:50:00,1,2748.67,2762.86,0.26,367.1200000000014,620.3599999999991,NEWS,inside,0.591785414920372
2024-10-29 10:15:00,2024-10-29 16:50:00,1,2754.39,2762.86,0.2,168.0000000000051,613.9636937089307,NEWS,lw,0.2736318152383305
2024-10-29 18:15:00,2024-10-29 23:45:00,1,2767.18,2773.68,0.2,128.6,613.9636937089307,TIME,tday,0.20945863952171573
2024-10-30 01:15:00,2024-10-30 09:10:00,1,2773.48,2784.51,0.25,274.000000000005,624.926358989756,TIME,drift,0.43845166083720355
2024-10-29 20:00:00,2024-10-30 15:05:00,1,2769.5800000000004,2777.77,0.26,190.4551999999896,614.384092318852,NEWS,trendH4,0.30999370325680153
2024-10-30 04:00:00,2024-10-30 15:05:00,1,2778.3700000000003,2777.77,0.27,-18.090000000009823,614.616985368446,NEWS,trendH4,-0.02943296464409516
2024-10-30 08:00:00,2024-10-30 15:05:00,1,2780.37,2777.77,0.28,-74.75999999999745,622.5215485481725,NEWS,trendH4,-0.12009222841257566
2024-10-31 01:15:00,2024-10-31 09:10:00,1,2787.76,2784.19,0.25,-91.00000000000409,612.9855168715195,TIME,drift,-0.1484537521611257
2024-10-31 11:15:00,2024-10-31 15:20:00,-1,2779.35,2781.02,0.21,-36.54000000000153,633.2146298400496,NEWS,lw,-0.05770555239576754
2024-11-01 01:15:00,2024-11-01 09:10:00,1,2747.4600000000005,2756.81,0.21,194.8799999999885,606.4968381755151,TIME,drift,0.3213207188123739
2024-11-01 01:05:00,2024-11-01 15:20:00,1,2745.59,2751.16,0.13,71.49999999999622,627.1385838926957,NEWS,friday,0.11400988846227642
2024-11-01 01:10:00,2024-11-01 15:20:00,1,2747.1,2751.16,0.09,35.909999999999506,578.6871543624883,NEWS,tom,0.06205425458175207
2024-11-01 23:05:00,2024-11-01 23:55:00,1,2734.47,2735.11,0.44,25.080000000014408,636.0731049960347,TIME,fri_close,0.03942943004982227
2024-11-05 01:15:00,2024-11-05 09:10:00,1,2737.58,2740.67,0.27,81.54000000000393,618.9872573107039,TIME,drift,0.13173130631843444
2024-11-04 16:00:00,2024-11-05 16:35:00,1,2747.01,2749.54,0.19,31.638799999995165,607.2749092362486,NEWS,lw,0.05209963316249362
2024-11-05 11:15:00,2024-11-05 16:35:00,1,2744.8300000000004,2749.54,0.2,92.79999999999163,619.7055503812953,NEWS,lw,0.1497485377416633
2024-11-06 01:15:00,2024-11-06 08:28:00,1,2743.53,2719.897992679196,0.26,-616.2521903409146,614.9521903409062,SL,drift,-1.0021139854779404
2024-11-06 10:15:00,2024-11-06 17:20:00,-1,2726.1299999999997,2663.1800000000003,0.2,1257.5999999999872,611.5980110683454,NEWS,lw,2.0562525993228773
2024-11-07 01:15:00,2024-11-07 09:10:00,1,2663.8500000000004,2660.02,0.13,-50.70000000000496,621.9905561435737,TIME,drift,-0.0815124916274483
2024-11-07 17:30:00,2024-11-07 20:50:00,1,2699.09,2695.3,0.18,-69.47999999999935,636.2469092499744,NEWS,lw,-0.10920288804530982
2024-11-07 18:15:00,2024-11-07 20:50:00,1,2697.21,2695.3,0.18,-35.63999999999738,636.2469092499744,NEWS,tday,-0.056015989204585385
2024-11-08 01:15:00,2024-11-08 09:10:00,1,2704.91,2684.6,0.16,-326.07999999999913,613.9247767445999,TIME,drift,-0.531139990356917
2024-11-08 01:05:00,2024-11-08 23:00:00,1,2704.43,2685.08,0.11,-213.619999999999,620.2880239449189,TIME,friday,-0.34438839982983177
2024-11-08 23:05:00,2024-11-08 23:55:00,1,2685.44,2684.5,0.51,-51.51000000000278,627.8164664884808,TIME,fri_close,-0.08204627108318747
2024-11-11 10:15:00,2024-11-12 11:17:00,-1,2670.95,2595.75,0.17,1283.059699999997,630.3904904408099,TIME,lw,2.0353411408582613
2024-11-13 01:15:00,2024-11-13 09:10:00,1,2599.25,2605.59,0.21,131.67000000000306,633.2778471309425,TIME,drift,0.20791821567189248
2024-11-13 16:15:00,2024-11-13 22:04:00,1,2615.84,2576.1975351487104,0.16,-635.3994376206366,634.5994376206338,SL,lw,-1.0012606377386692
2024-11-14 01:15:00,2024-11-14 09:10:00,1,2575.77,2554.4,0.2,-428.79999999999785,624.7123617814743,TIME,drift,-0.6863958939073995
2024-11-14 11:30:00,2024-11-14 15:20:00,-1,2552.14,2556.4900000000002,0.15,-66.30000000000545,601.9200461429626,NEWS,lw,-0.11014751946682712
2024-11-15 01:15:00,2024-11-15 09:10:00,1,2566.18,2560.96,0.18,-95.21999999999639,635.4879236922981,TIME,drift,-0.14983762310816423
2024-11-15 01:05:00,2024-11-15 15:20:00,1,2566.69,2572.2,0.1,54.39999999999764,606.5114714184655,NEWS,friday,0.08969327467586198
2024-11-15 23:05:00,2024-11-15 23:55:00,1,2562.26,2561.63,0.47000000000000003,-32.900000000005136,625.8812627032219,TIME,fri_close,-0.05256588103933308
2024-11-19 01:15:00,2024-11-19 09:10:00,1,2611.68,2620.04,0.24,198.96000000000302,627.42317680868,TIME,drift,0.3171065516132055
2024-11-18 10:15:00,2024-11-19 11:17:00,1,2586.18,2627.36,0.16,645.0432000000046,625.8246955001943,TIME,lw,1.0307090861674129
2024-11-20 01:15:00,2024-11-20 09:10:00,1,2633.74,2627.72,0.25,-152.24999999999955,635.3924269859245,TIME,drift,-0.23961569816344733
2024-11-19 12:15:00,2024-11-20 13:17:00,1,2634.44,2622.2,0.16,-209.6768000000038,642.1057886787523,TIME,lw,-0.3265455688095436
2024-11-20 16:45:00,2024-11-20 17:20:00,1,2645.82,2647.21,0.16,21.11999999999796,629.4410894874129,NEWS,lw,0.03355357689978119
2024-11-21 01:15:00,2024-11-21 09:10:00,1,2649.07,2660.8,0.27,314.8200000000005,633.9447757999438,TIME,drift,0.49660477066436043
2024-11-21 10:30:00,2024-11-21 15:20:00,1,2666.9900000000002,2664.83,0.16,-35.680000000004945,626.3324402383117,NEWS,lw,-0.056966552756598635
2024-11-21 18:15:00,2024-11-21 23:45:00,1,2668.77,2670.11,0.16,20.320000000002327,626.3324402383117,TIME,tday,0.03244283497797243
2024-11-22 01:15:00,2024-11-22 09:10:00,1,2669.3,2692.62,0.26,604.4999999999924,641.3229858299392,TIME,drift,0.9425827755381417
2024-11-22 01:05:00,2024-11-22 23:00:00,1,2669.85,2705.81,0.11,394.7900000000004,628.5420912103477,TIME,friday,0.6281043155594811
2024-11-22 18:15:00,2024-11-22 23:45:00,1,2706.55,2711.92,0.16,84.79999999999825,609.8686945070039,TIME,tday,0.13904632384606583
2024-11-22 23:05:00,2024-11-22 23:55:00,1,2706.7400000000002,2714.46,0.5,382.49999999999,646.9984026488921,TIME,fri_close,0.5911915677596533
2024-11-22 10:15:00,2024-11-25 07:50:00,1,2697.38,2659.283206593312,0.16,-623.3854945070079,609.8686945070039,SL,lw,-1.0221634593179612
2024-11-25 10:15:00,2024-11-26 11:17:00,-1,2669.93,2623.23,0.16,751.585599999997,620.5352163279323,TIME,lw,1.2111892769721695
2024-11-27 01:15:00,2024-11-27 09:10:00,1,2631.4900000000002,2647.82,0.18,292.6799999999987,629.4190970451083,TIME,drift,0.4650001904518371
2024-11-27 10:30:00,2024-11-27 15:20:00,1,2647.76,2648.81,0.15,14.699999999995905,646.3525425354935,NEWS,lw,0.02274300638213808
2024-11-28 01:15:00,2024-11-28 09:10:00,1,2637.15,2636.07,0.23,-26.449999999998326,637.9630575056258,TIME,drift,-0.04146008093856607
2024-11-29 01:15:00,2024-11-29 09:10:00,1,2638.8,2662.08,0.3,696.2999999999923,644.9239155355891,TIME,drift,1.0796622411214771
2024-11-28 12:45:00,2024-11-29 16:15:00,1,2648.95,2659.4,0.15,143.77800000000408,633.6237894972438,TIME,lw,0.22691382865230866
2024-11-29 01:05:00,2024-12-02 02:15:00,1,2639.13,2644.77,0.1,47.75199999999872,618.9042331045839,TIME,friday,0.07715571722698086
2024-11-29 10:15:00,2024-12-02 13:30:00,1,2656.89,2639.55,0.15,-273.0719999999954,619.2542331045839,TIME,lw,-0.44096912932023047
2024-12-02 01:10:00,2024-12-02 16:35:00,1,2648.75,2648.84,0.08,0.1600000000011641,649.7222880273973,NEWS,tom,0.0002462590601392718
2024-12-03 01:15:00,2024-12-03 09:10:00,1,2640.17,2645.71,0.23,125.80999999999918,646.4271488015361,TIME,drift,0.19462363273765432
2024-12-03 16:00:00,2024-12-03 16:50:00,1,2653.07,2649.7,0.16,-55.04000000000553,639.2849817397264,NEWS,lw,-0.08609618804155499
2024-12-04 01:15:00,2024-12-04 09:10:00,1,2641.77,2648.21,0.25,159.25000000000136,641.6989510290184,TIME,drift,0.24816933196576144
2024-12-05 01:15:00,2024-12-05 09:10:00,1,2649.5,2647.38,0.26,-56.93999999999716,648.7463552060781,TIME,drift,-0.08776927923072468
2024-12-05 17:15:00,2024-12-06 15:20:00,-1,2636.29,2634.33,0.17,37.97970000000062,640.1738241512227,NEWS,lw,0.05932716797716023
2024-12-06 23:05:00,2024-12-06 23:55:00,1,2632.63,2633.1,0.51,20.399999999989795,645.4493178444135,TIME,fri_close,0.03160588978251464
2024-12-10 01:15:00,2024-12-10 09:10:00,1,2660.89,2669.82,0.24,212.64000000000698,639.0470652710621,TIME,drift,0.3327454448285625
2024-12-09 12:15:00,2024-12-10 13:17:00,1,2656.69,2671.67,0.17,239.95840000000032,627.0919198038604,TIME,lw,0.38265267406898446
2024-12-10 18:15:00,2024-12-10 23:45:00,1,2689.6200000000003,2693.0,0.17,56.26999999999413,641.8117826750132,TIME,tday,0.0876736786686369
2024-12-11 01:15:00,2024-12-11 09:10:00,1,2695.08,2691.3,0.28,-107.79999999999286,655.3552791940815,TIME,drift,-0.16449093098412076
2024-12-10 16:15:00,2024-12-11 15:20:00,1,2682.5000000000005,2696.25,0.17,219.04839999999228,641.8117826750132,NEWS,lw,0.3412969439218122
2024-12-11 18:15:00,2024-12-11 19:50:00,1,2716.22,2717.49,0.17,20.399999999999693,641.710226769655,NEWS,tday,0.031790049696874115
2024-12-12 01:15:00,2024-12-12 09:10:00,1,2718.98,2719.22,0.22,3.739999999995198,640.0548661362221,TIME,drift,0.005843249067962274
2024-12-12 16:00:00,2024-12-12 19:50:00,-1,2697.5499999999997,2685.06,0.17,211.13999999999632,652.4716391432511,NEWS,lw,0.32360027215472614
2024-12-13 01:15:00,2024-12-13 09:10:00,1,2681.0600000000004,2687.84,0.22,147.6199999999944,633.8726967893246,TIME,drift,0.23288587873829458
2024-12-13 01:05:00,2024-12-13 23:00:00,1,2680.69,2647.83,0.11,-362.2300000000014,647.8515613286863,TIME,friday,-0.5591249934739675
2024-12-13 23:05:00,2024-12-13 23:55:00,1,2648.1400000000003,2648.61,0.53,21.199999999989394,654.8429188177055,TIME,fri_close,0.03237417614328823
2024-12-17 01:15:00,2024-12-17 09:10:00,1,2652.18,2650.32,0.32,-61.759999999989525,647.963732992186,TIME,drift,-0.0953139764702453
2024-12-17 11:00:00,2024-12-17 15:20:00,-1,2644.1099999999997,2645.14,0.17,-18.700000000003406,653.8905908154961,NEWS,lw,-0.028598056406778698
2024-12-18 01:15:00,2024-12-18 09:10:00,1,2646.4900000000002,2647.05,0.28,13.719999999998471,647.640509223881,TIME,drift,0.021184592076305162
2024-12-18 18:45:00,2024-12-18 20:50:00,-1,2634.58,2636.25,0.17,-29.580000000001238,638.3305486143893,NEWS,lw,-0.04633962774335323
2024-12-19 01:15:00,2024-12-19 09:10:00,1,2589.91,2613.93,0.19,455.0499999999997,633.3376514546725,TIME,drift,0.7184951012383752
2024-12-19 10:15:00,2024-12-19 15:20:00,1,2615.66,2602.32,0.16,-214.55999999999506,635.4801433268609,NEWS,lw,-0.3376344678163068
2024-12-20 01:15:00,2024-12-20 09:10:00,1,2595.41,2607.15,0.22,256.7400000000052,659.6737127989315,TIME,drift,0.38919240681985384
2024-12-20 01:05:00,2024-12-20 23:00:00,1,2594.4,2622.71,0.11,310.6399999999994,659.3764765339803,TIME,friday,0.4711117412511923
2024-12-20 23:05:00,2024-12-20 23:55:00,1,2623.26,2622.59,0.5700000000000001,-42.180000000004156,657.3882985195252,TIME,fri_close,-0.06416299178886489
2024-12-20 16:15:00,2024-12-23 15:20:00,1,2614.2900000000004,2617.33,0.16,34.803199999992145,639.768704517799,NEWS,lw,0.05439965999309659
2024-12-24 01:15:00,2024-12-24 09:10:00,1,2614.73,2620.56,0.3,172.79999999999782,662.053382166432,TIME,drift,0.26100614339367284
2024-12-26 01:15:00,2024-12-26 09:10:00,1,2618.21,2628.16,0.37,365.5599999999933,649.1507851938362,TIME,drift,0.5631357279970588
2024-12-26 10:15:00,2024-12-26 15:20:00,1,2628.39,2629.33,0.17,14.79000000000093,630.7535911314525,NEWS,lw,0.02344814236169543
2024-12-27 01:15:00,2024-12-27 09:10:00,1,2632.84,2637.13,0.37,156.13999999999865,656.6601134334276,TIME,drift,0.23777902267217296
2024-12-27 01:05:00,2024-12-27 19:50:00,1,2633.47,2615.42,0.12,-217.4399999999967,650.7441190115964,NEWS,friday,-0.3341405533257257
2024-12-27 23:05:00,2024-12-27 23:55:00,1,2615.89,2621.09,0.59,302.6700000000161,659.8335951188722,TIME,fri_close,0.45870656213782
2024-12-30 16:00:00,2024-12-30 16:35:00,-1,2606.5499999999997,2607.56,0.18,-19.44000000000393,638.865253367911,NEWS,lw,-0.03042895179777258
2024-12-30 18:15:00,2024-12-30 23:45:00,-1,2600.2799999999997,2607.47,0.18,-130.68000000000097,638.865253367911,TIME,tday,-0.20455017597387584
2024-12-31 01:15:00,2024-12-31 09:10:00,1,2604.59,2608.4,0.28,104.71999999999849,660.392337434177,TIME,drift,0.15857240319726787
2025-01-02 01:15:00,2025-01-02 09:10:00,1,2625.1,2634.37,0.31,285.1999999999994,647.6992911130374,TIME,drift,0.4403277939518787
2024-12-31 17:15:00,2025-01-02 15:20:00,1,2618.11,2637.63,0.18,335.7935999999997,634.284878127346,NEWS,lw,0.5294050222218636
2025-01-02 01:10:00,2025-01-02 15:20:00,1,2625.49,2637.63,0.09,108.63000000000294,620.388815403964,NEWS,tom,0.17509986850628326
2025-01-02 10:15:00,2025-01-02 15:20:00,1,2635.29,2637.63,0.19,43.13000000000277,655.5198607041843,NEWS,lw,0.06579510795244385
2025-01-03 01:15:00,2025-01-03 09:10:00,1,2658.29,2656.05,0.26,-60.05999999999433,653.8627630060377,TIME,drift,-0.09185413728697034
2025-01-03 01:05:00,2025-01-03 16:50:00,1,2658.04,2648.85,0.12,-111.12000000000064,626.1646143036812,NEWS,friday,-0.1774613216104048
2025-01-03 17:30:00,2025-01-06 16:35:00,-1,2642.47,2625.34,0.19,330.67789999999343,661.3948706538857,NEWS,lw,0.49997046344352486
2025-01-06 10:15:00,2025-01-06 16:35:00,-1,2628.02,2625.34,0.19,49.58999999999689,653.0752370357512,NEWS,lw,0.07593305822630998
2025-01-07 01:15:00,2025-01-07 09:10:00,1,2635.85,2641.49,0.23,128.10999999999706,658.8940267126554,TIME,drift,0.19443187342152973
2025-01-07 15:00:00,2025-01-07 16:50:00,1,2651.8500000000004,2660.06,0.19,154.65999999999204,653.8184343903404,NEWS,lw,0.23654885189067257
2025-01-08 01:15:00,2025-01-08 09:10:00,1,2649.3700000000003,2653.68,0.26,110.23999999998678,652.0453431910523,TIME,drift,0.169067996805992
2025-01-08 16:15:00,2025-01-08 17:20:00,1,2662.48,2666.0,0.19,65.54999999999966,649.74497479103,NEWS,lw,0.1008857360090884
2025-01-09 01:15:00,2025-01-09 09:10:00,1,2662.43,2665.37,0.26,74.62000000000143,673.5267186789375,TIME,drift,0.11078996264077227
2025-01-10 01:15:00,2025-01-10 09:10:00,1,2670.77,2677.62,0.32,216.95999999999708,665.3245839629203,TIME,drift,0.32609647265354713
2025-01-09 14:15:00,2025-01-10 15:17:00,1,2671.81,2679.48,0.2,136.10400000000146,670.460501675443,TIME,lw,0.2030007728417785
2025-01-10 01:05:00,2025-01-10 15:20:00,1,2670.64,2679.12,0.13,109.33000000000025,638.210847052589,NEWS,friday,0.17130702260062244
2025-01-10 09:00:00,2025-01-10 15:20:00,1,2678.4700000000003,2679.12,0.29,16.819999999989445,661.4900000000068,NEWS,nr7,0.025427444103447175
2025-01-10 11:00:00,2025-01-10 15:20:00,1,2680.26,2679.12,0.2,-24.200000000006547,655.0418944129118,NEWS,lw,-0.03694420189978238
2025-01-10 18:15:00,2025-01-10 23:45:00,1,2691.55,2689.64,0.2,-39.60000000000618,655.0418944129118,TIME,tday,-0.060454148563273344
2025-01-10 23:05:00,2025-01-10 23:55:00,1,2692.62,2689.08,0.45,-162.44999999999837,674.0850761904572,TIME,fri_close,-0.24099331929742862
2025-01-13 14:00:00,2025-01-14 15:02:00,-1,2675.9199999999996,2669.27,0.2,138.48199999999272,656.6960448119899,TIME,lw,0.21087686014560925
2025-01-15 01:15:00,2025-01-15 09:10:00,1,2676.71,2681.44,0.3,139.80000000000055,658.150063965221,TIME,drift,0.21241356288523902
2025-01-15 08:00:00,2025-01-15 15:20:00,1,2679.53,2685.41,0.34,197.53999999998825,662.319999999995,NEWS,inside,0.29825462012318776
2025-01-15 11:30:00,2025-01-15 15:20:00,1,2685.79,2685.41,0.21,-9.450000000002293,673.241954856569,NEWS,lw,-0.014036558375236092
2025-01-16 01:15:00,2025-01-16 09:10:00,1,2695.93,2696.36,0.29,10.44000000000844,656.9759720206155,TIME,drift,0.015890992128523143
2025-01-16 12:15:00,2025-01-16 15:20:00,1,2708.3900000000003,2707.8,0.21,-13.860000000003057,667.3332437953858,NEWS,lw,-0.0207692335559005
2025-01-16 18:15:00,2025-01-16 23:45:00,1,2718.8300000000004,2713.78,0.21,-107.52000000000382,667.3332437953858,TIME,tday,-0.16111890273665286
2025-01-17 01:15:00,2025-01-17 09:10:00,1,2714.43,2714.23,0.29,-7.829999999994724,658.3093958472541,TIME,drift,-0.011894103364448256
2025-01-17 01:05:00,2025-01-17 23:00:00,1,2714.36,2701.09,0.14,-186.75999999999976,671.5415835242865,TIME,friday,-0.2781063817669685
2025-01-17 23:05:00,2025-01-17 23:55:00,1,2700.77,2702.6,0.61,107.35999999999557,666.9436034780549,TIME,fri_close,0.16097313092159843
2025-01-21 01:15:00,2025-01-21 09:10:00,1,2707.11,2724.13,0.28,474.59999999999957,663.5873260673148,TIME,drift,0.7152035329135502
2025-01-21 18:15:00,2025-01-21 23:45:00,1,2740.54,2744.07,0.22,76.1200000000044,672.04322340702,TIME,tday,0.11326652415912042
2025-01-22 01:15:00,2025-01-22 09:10:00,1,2743.3300000000004,2749.87,0.27,174.68999999998675,668.7788546097712,TIME,drift,0.2612074212512556
2025-01-21 10:15:00,2025-01-22 11:17:00,1,2726.84,2757.32,0.22,651.5344000000005,672.04322340702,TIME,lw,0.9694828804268762
2025-01-23 01:15:00,2025-01-23 09:10:00,1,2755.33,2753.72,0.3,-50.40000000000382,661.6690504887433,TIME,drift,-0.07617101020937242
2025-01-21 08:00:00,2025-01-23 15:20:00,1,2726.38,2742.8,0.29,381.9532000000021,661.5188137525965,NEWS,trendH4,0.5773882647921937
2025-01-21 20:00:00,2025-01-23 15:20:00,1,2740.3700000000003,2742.8,0.28,-22.93760000000458,678.5706723224714,NEWS,trendH4,-0.0338028166196728
2025-01-22 04:00:00,2025-01-23 15:20:00,1,2748.22,2742.8,0.13,-102.36719999999504,302.2982540365495,NEWS,trendH4,-0.3386298089158606
2025-01-24 01:15:00,2025-01-24 09:10:00,1,2754.45,2773.23,0.3,561.300000000006,682.6833680625308,TIME,drift,0.8221966818863432
2025-01-24 01:05:00,2025-01-24 16:50:00,1,2754.15,2778.27,0.15,360.74999999999835,678.9030072400532,NEWS,friday,0.5313719281735938
2025-01-24 08:00:00,2025-01-24 16:50:00,1,2775.4,2778.27,0.29,81.19999999999683,674.3430799018696,NEWS,trendH4,0.12041348450081679
2025-01-24 10:15:00,2025-01-24 16:50:00,1,2771.73,2778.27,0.22,142.3399999999992,664.3296070791631,NEWS,lw,0.21426111147720928
2025-01-24 16:00:00,2025-01-24 16:50:00,1,2782.61,2778.27,0.29,-127.89000000000422,669.4446046114372,NEWS,trendH4,-0.19103895844262553
2025-01-24 23:05:00,2025-01-24 23:55:00,1,2771.97,2771.64,0.66,-26.3999999999952,689.344310636432,TIME,fri_close,-0.03829726247486048
2025-01-27 10:15:00,2025-01-27 16:50:00,-1,2754.45,2750.06,0.22,95.03999999999719,667.728920859223,NEWS,lw,0.14233320892810997
2025-01-28 01:15:00,2025-01-28 09:10:00,1,2740.86,2740.84,0.24,-2.159999999999563,672.8994864425081,TIME,drift,-0.0032099890749197526
2025-01-28 18:15:00,2025-01-28 23:45:00,1,2757.5200000000004,2763.62,0.22,132.659999999988,686.2697122264218,TIME,tday,0.19330592278305198
2025-01-29 01:15:00,2025-01-29 09:10:00,1,2764.2400000000002,2759.59,0.37,-174.64000000000337,682.1191503196186,TIME,drift,-0.2560256517034785
2025-01-29 03:15:00,2025-01-29 17:20:00,1,2765.4,2758.18,0.22,-160.3800000000056,669.9000000000024,NEWS,inside,-0.2394088669950814
2025-01-30 01:15:00,2025-01-30 09:10:00,1,2760.15,2765.82,0.31,173.60000000000227,679.1013406108523,TIME,drift,0.25563195007662465
2025-01-30 09:15:00,2025-01-30 15:20:00,1,2766.66,2780.72,0.31,433.6899999999983,670.8399999999909,NEWS,nr7,0.6464879852125756
2025-01-30 10:15:00,2025-01-30 15:20:00,1,2771.18,2780.72,0.22,208.33999999999924,669.4531702360474,NEWS,lw,0.3112092215898225
2025-01-30 18:15:00,2025-01-30 23:45:00,1,2794.0800000000004,2792.89,0.22,-27.720000000011204,669.4531702360474,TIME,tday,-0.041406929166138993
2025-01-31 01:15:00,2025-01-31 09:10:00,1,2795.65,2794.11,0.28,-45.07999999999899,673.0958276648931,TIME,drift,-0.06697411891021626
2025-01-30 20:00:00,2025-01-31 16:35:00,1,2795.82,2808.8,0.31,375.57120000000054,692.301635605427,NEWS,trendH4,0.5424964794017257
2025-01-31 01:05:00,2025-01-31 16:35:00,1,2794.6600000000003,2808.8,0.14,196.97999999999823,653.3689463455877,NEWS,friday,0.3014835662174388
2025-01-31 16:00:00,2025-01-31 16:35:00,1,2806.6400000000003,2808.8,0.31,64.78999999999549,674.3235565471751,NEWS,trendH4,0.09608147212259346
2025-01-31 23:05:00,2025-01-31 23:55:00,1,2801.84,2800.09,0.4,-72.8,684.6176941395122,TIME,fri_close,-0.1063367199287793
2025-01-31 20:00:00,2025-02-03 01:38:00,1,2808.7,2786.6457458477475,0.31,-710.4906787198203,684.3018787198162,SL,trendH4,-1.038270828729855
2025-02-03 01:10:00,2025-02-03 16:35:00,1,2802.3,2815.47,0.11,144.0999999999958,676.342580458633,NEWS,tom,0.21305770797733964
2025-02-03 16:15:00,2025-02-03 16:35:00,1,2814.5800000000004,2815.47,0.22,18.039999999987195,677.112580458633,NEWS,lw,0.026642541462998732
2025-02-03 18:15:00,2025-02-03 23:45:00,1,2819.78,2813.22,0.22,-145.8600000000088,677.112580458633,TIME,tday,-0.21541469499977758
2025-02-04 01:15:00,2025-02-04 09:10:00,1,2813.35,2812.93,0.21,-10.290000000001529,680.178051882532,TIME,drift,-0.015128391707909196
2025-02-04 16:00:00,2025-02-04 16:50:00,1,2831.82,2840.82,0.25,223.25,671.5835318886112,NEWS,trendH4,0.3324232793085049
2025-02-04 18:15:00,2025-02-04 23:45:00,1,2837.8300000000004,2842.14,0.21,89.0399999999893,687.9329690428794,TIME,tday,0.12943121496832835
2025-02-05 01:15:00,2025-02-05 09:10:00,1,2841.46,2855.14,0.25,340.2499999999959,690.3374147069,TIME,drift,0.4928749228295233
2025-02-04 20:00:00,2025-02-05 15:05:00,1,2844.19,2869.84,0.25,619.6300000000023,679.0418552941798,NEWS,trendH4,0.9125063428256001
2025-02-05 08:00:00,2025-02-05 15:05:00,1,2859.42,2869.84,0.26,269.1000000000019,681.0045236101616,NEWS,trendH4,0.39515156018852987
2025-02-05 10:15:00,2025-02-05 15:05:00,1,2865.2200000000003,2869.84,0.2,90.99999999999781,663.0475236433626,NEWS,lw,0.1372450642752789
2025-02-05 12:00:00,2025-02-05 15:05:00,1,2870.48,2869.84,0.26,-18.45999999999669,692.1292974296529,NEWS,trendH4,-0.026671317149196305
2025-02-06 01:15:00,2025-02-06 09:10:00,1,2866.73,2860.04,0.22,-148.7200000000012,698.5345580458137,TIME,drift,-0.21290285253181035
2025-02-06 17:00:00,2025-02-07 15:20:00,-1,2841.77,2860.72,0.2,-373.51799999999633,676.5727005259798,NEWS,lw,-0.5520737087228271
2025-02-07 23:05:00,2025-02-07 23:55:00,1,2861.29,2861.88,0.44,22.880000000006405,691.8569955601622,TIME,fri_close,0.03307041794306294
2025-02-07 16:30:00,2025-02-10 17:33:00,1,2873.63,2906.39,0.2,637.9039999999954,684.2175076312672,TIME,lw,0.9323117179628929
2025-02-10 18:15:00,2025-02-10 23:45:00,1,2908.41,2907.85,0.2,-12.599999999998909,684.3591142290335,TIME,tday,-0.018411386270779005
2025-02-11 01:15:00,2025-02-11 09:10:00,1,2911.38,2915.66,0.24,101.03999999999388,693.2133607236318,TIME,drift,0.14575599047098603
2025-02-10 10:15:00,2025-02-11 11:17:00,1,2894.3700000000003,2909.72,0.2,289.7039999999891,684.3591142290335,TIME,lw,0.4233216069992081
2025-02-11 04:00:00,2025-02-11 11:59:00,1,2934.06,2903.5910267056797,0.22,-671.8574124750448,670.7574124750374,SL,trendH4,-1.0016399371509717
2025-02-10 12:00:00,2025-02-11 16:50:00,1,2903.25,2900.75,0.23,-77.3904,691.7623027224877,NEWS,trendH4,-0.11187426619725256
2025-02-12 01:15:00,2025-02-12 09:10:00,1,2898.33,2893.46,0.19,-93.85999999999792,676.6557885116075,TIME,drift,-0.13871158954607513
2025-02-13 01:15:00,2025-02-13 09:10:00,1,2904.37,2916.35,0.2,238.2000000000004,666.3796668083196,TIME,drift,0.35745388382103394
2025-02-13 18:15:00,2025-02-13 19:50:00,1,2920.16,2918.56,0.18,-30.05999999999836,686.4553777569495,NEWS,tday,-0.04379017336599785
2025-02-14 01:15:00,2025-02-14 09:10:00,1,2928.19,2933.49,0.26,135.9799999999929,693.727769836767,TIME,drift,0.19601348816119726
2025-02-14 01:05:00,2025-02-14 15:20:00,1,2928.37,2928.92,0.12,5.760000000002182,674.3914222028815,NEWS,friday,0.00854103390162837
2025-02-14 01:30:00,2025-02-14 15:20:00,1,2931.08,2928.92,0.22,-49.0599999999968,670.9999999999964,NEWS,nr7,-0.07311475409835629
2025-02-14 17:15:00,2025-02-17 18:18:00,-1,2914.3799999999997,2900.5,0.18,254.77379999999377,674.8114222028814,TIME,lw,0.3775481439959922
2025-02-18 01:15:00,2025-02-18 09:10:00,1,2897.76,2914.77,0.27,457.3799999999937,683.0164046173943,TIME,drift,0.669647166463307
2025-02-18 18:15:00,2025-02-18 23:45:00,1,2928.42,2935.37,0.18,123.83999999999672,692.5756650626887,TIME,tday,0.1788107873943092
2025-02-18 05:15:00,2025-02-19 06:17:00,1,2909.05,2928.16,0.23,419.6395999999925,691.1500000000004,TIME,inside,0.6071613976705379
2025-02-19 01:15:00,2025-02-19 09:10:00,1,2935.0,2933.33,0.29,-50.460000000002104,680.6096500019427,TIME,drift,-0.07413941309803361
2025-02-18 10:15:00,2025-02-19 11:17:00,1,2911.69,2942.81,0.18,544.593599999998,692.5756650626887,TIME,lw,0.7863308335425039
2025-02-20 01:15:00,2025-02-20 09:10:00,1,2934.18,2948.4,0.24,339.6000000000061,706.184781624031,TIME,drift,0.48089396548452856
2025-02-19 12:00:00,2025-02-20 15:20:00,1,2945.7,2944.68,0.24,-83.38559999999956,688.2515291255536,NEWS,trendH4,-0.12115570612090572
2025-02-20 10:15:00,2025-02-20 15:20:00,1,2954.47,2944.68,0.18,-177.47999999999934,687.5261601816039,NEWS,lw,-0.2581429046323409
2025-02-20 12:00:00,2025-02-20 15:20:00,1,2951.68,2944.68,0.24,-169.68,687.5619247192004,NEWS,trendH4,-0.24678504422608502
2025-02-21 01:15:00,2025-02-21 09:10:00,1,2939.08,2932.43,0.24,-161.2800000000022,683.656103302426,TIME,drift,-0.23590808188639464
2025-02-21 01:05:00,2025-02-21 16:50:00,1,2939.82,2937.82,0.12,-24.84,677.622863025775,NEWS,friday,-0.0366575588802929
2025-02-21 23:05:00,2025-02-21 23:55:00,1,2934.6,2935.88,0.5,60.500000000010004,699.5383778380593,TIME,fri_close,0.08648560524582904
2025-02-25 01:15:00,2025-02-25 09:10:00,1,2950.3,2937.95,0.24,-298.0800000000087,704.8139344470273,TIME,drift,-0.42292012889028924
2025-02-24 15:15:00,2025-02-25 16:17:00,1,2950.69,2940.06,0.18,-206.90640000000195,672.1555156667916,TIME,lw,-0.30782519101215244
2025-02-26 01:15:00,2025-02-26 09:10:00,1,2914.95,2909.77,0.18,-94.49999999999706,687.5004875740376,TIME,drift,-0.1374544479720391
2025-02-27 01:15:00,2025-02-27 09:10:00,1,2917.68,2891.29,0.23,-608.5799999999971,685.855966236426,TIME,drift,-0.8873291623305781
2025-02-27 10:15:00,2025-02-27 15:20:00,-1,2885.2599999999998,2889.25,0.17,-69.02000000000402,666.4896148088555,NEWS,lw,-0.10355750257233709
2025-02-28 01:15:00,2025-02-28 09:10:00,1,2877.88,2864.3,0.19,-259.3499999999986,678.5691058296408,TIME,drift,-0.3822013082704507
2025-02-28 01:05:00,2025-02-28 16:35:00,1,2876.85,2844.05,0.11,-361.569999999997,662.8896948592414,NEWS,friday,-0.5454451966956178
2025-02-28 23:05:00,2025-02-28 23:55:00,1,2854.52,2859.13,0.37,167.9800000000047,682.6151241381751,TIME,fri_close,0.24608303282480767
2025-03-03 01:10:00,2025-03-03 16:35:00,1,2874.03,2878.79,0.08,37.519999999998106,656.7086429901397,NEWS,tom,0.05713340367984385
2025-03-03 18:15:00,2025-03-03 23:45:00,1,2887.63,2894.08,0.17,108.45999999999692,698.3479331770234,TIME,tday,0.15530940215799785
2025-03-04 01:15:00,2025-03-04 09:10:00,1,2892.79,2889.67,0.21,-66.9899999999977,698.6441895765491,TIME,drift,-0.09588571836631261
2025-03-05 01:15:00,2025-03-05 09:10:00,1,2917.12,2918.57,0.2,27.600000000005462,677.1201403369563,TIME,drift,0.040760861117306056
2025-03-04 10:30:00,2025-03-05 11:32:00,1,2914.13,2914.86,0.17,-2.2915999999996917,696.6852236643786,TIME,lw,-0.0032892903741326487
2025-03-06 01:15:00,2025-03-06 09:10:00,1,2917.82,2920.8,0.18,52.38000000000032,667.1804070151916,TIME,drift,0.07850949975335178
2025-03-06 10:45:00,2025-03-06 15:20:00,-1,2904.43,2905.4700000000003,0.17,-18.870000000007114,695.8248102004081,NEWS,lw,-0.027118895048557218
2025-03-07 01:15:00,2025-03-07 09:10:00,1,2911.16,2913.39,0.21,45.36000000000038,684.36373887401,TIME,drift,0.06628054267549537
2025-03-07 01:05:00,2025-03-07 15:20:00,1,2912.83,2914.58,0.11,18.48,668.4322764201161,NEWS,friday,0.02764677986373169
2025-03-07 17:00:00,2025-03-07 19:20:00,1,2926.9600000000005,2905.89,0.17,-359.3800000000105,689.0844666146652,NEWS,lw,-0.52153258041873
2025-03-07 23:05:00,2025-03-07 23:55:00,1,2909.56,2912.2,0.4,102.79999999999492,686.588309879877,TIME,fri_close,0.14972582335108567
2025-03-10 14:45:00,2025-03-11 15:47:00,-1,2897.39,2915.5299999999997,0.17,-303.7202999999979,680.6398618564745,TIME,lw,-0.44622761172345643
2025-03-11 18:15:00,2025-03-11 23:45:00,1,2919.67,2916.64,0.17,-52.700000000003406,678.2505860095836,TIME,tday,-0.0776998960075484
2025-03-12 01:15:00,2025-03-12 09:10:00,1,2917.54,2920.23,0.26,68.12000000000143,681.7284771741763,TIME,drift,0.09992247981537274
2025-03-12 18:15:00,2025-03-12 19:50:00,1,2928.1600000000003,2934.6,0.17,108.28999999999321,680.7069727231847,NEWS,tday,0.15908460518154596
2025-03-12 19:15:00,2025-03-12 19:50:00,1,2933.9,2934.6,0.17,10.70999999999691,680.7069727231847,NEWS,lw,0.015733642270698796
2025-03-13 01:15:00,2025-03-13 09:10:00,1,2935.36,2935.48,0.26,1.2999999999971623,681.308756745567,TIME,drift,0.0019080923107563166
2025-03-13 12:45:00,2025-03-13 15:20:00,1,2948.1200000000003,2947.76,0.17,-7.310000000002166,674.0021889572427,NEWS,lw,-0.010845662105803483
2025-03-13 18:15:00,2025-03-13 19:50:00,1,2972.8500000000004,2981.96,0.17,153.67999999999444,674.0021889572427,NEWS,tday,0.22801112892193232
2025-03-14 01:15:00,2025-03-14 09:10:00,1,2983.93,2984.31,0.23,7.13000000000251,696.95833152035,TIME,drift,0.010230166822812886
2025-03-14 01:05:00,2025-03-14 23:00:00,1,2984.48,2983.93,0.11,-6.8200000000020005,673.3376240812128,TIME,friday,-0.010128648327513368
2025-03-14 23:05:00,2025-03-14 23:55:00,1,2982.86,2988.12,0.52,269.8799999999877,690.8311644788847,TIME,fri_close,0.3906598513163003
2025-03-17 13:00:00,2025-03-17 15:20:00,1,2995.8700000000003,2988.78,0.17,-121.72000000000249,676.7842853763982,NEWS,lw,-0.17985051164760285
2025-03-18 01:15:00,2025-03-18 09:10:00,1,3000.62,3016.35,0.29,454.1400000000005,681.7904988002134,TIME,drift,0.6660990447933451
2025-03-18 18:15:00,2025-03-18 23:45:00,1,3029.2200000000003,3033.91,0.18,83.15999999999279,690.8669024288956,TIME,tday,0.12037050799166292
2025-03-18 02:45:00,2025-03-19 03:47:00,1,3002.51,3032.18,0.34,979.376799999987,687.4800000000031,TIME,inside,1.42458951533133
2025-03-18 10:15:00,2025-03-19 11:17:00,1,3018.46,3032.36,0.18,234.63360000000162,690.8669024288956,TIME,lw,0.3396220012495826
2025-03-18 08:00:00,2025-03-19 17:20:00,1,3014.63,3027.61,0.25,302.88000000000045,684.0339326773371,NEWS,trendH4,0.4427850513417011
2025-03-18 12:00:00,2025-03-19 17:20:00,1,3026.8100000000004,3027.61,0.24,-1.555200000006547,674.5869466017307,NEWS,trendH4,-0.0023054107522254225
2025-03-18 16:00:00,2025-03-19 17:20:00,1,3034.4500000000003,3027.61,0.24,-184.9152000000035,683.1575992716444,NEWS,trendH4,-0.27067722030341573
2025-03-20 01:15:00,2025-03-20 09:10:00,1,3049.7,3048.78,0.23,-22.769999999991217,703.3344789021277,TIME,drift,-0.03237435485252212
2025-03-20 04:00:00,2025-03-20 15:20:00,1,3053.4,3036.87,0.25,-415.000000000005,700.7084341392789,NEWS,trendH4,-0.5922577491303836
2025-03-21 01:15:00,2025-03-21 09:10:00,1,3044.58,3031.72,0.26,-336.1800000000033,700.1262880445006,TIME,drift,-0.48017051457812915
2025-03-21 01:05:00,2025-03-21 23:00:00,1,3045.18,3019.91,0.12,-304.07999999999976,671.7417436721155,TIME,friday,-0.4526739671376215
2025-03-21 23:05:00,2025-03-21 23:55:00,1,3021.56,3023.06,0.48,68.64,699.450436309627,TIME,fri_close,0.09813418712289573
2025-03-25 01:15:00,2025-03-25 09:10:00,1,3011.28,3016.14,0.23,110.16999999999247,675.4311031070011,TIME,drift,0.1631106407347952
2025-03-25 14:15:00,2025-03-25 16:50:00,1,3024.46,3028.64,0.18,73.97999999999705,676.7019116356503,NEWS,lw,0.10932435497511842
2025-03-26 01:15:00,2025-03-26 09:10:00,1,3022.19,3024.47,0.29,64.0899999999926,697.3175186095611,TIME,drift,0.09190935017348614
2025-03-27 01:15:00,2025-03-27 09:10:00,1,3018.7900000000004,3029.3,0.3,313.1999999999929,683.8673456448577,TIME,drift,0.45798355776829597
2025-03-27 06:45:00,2025-03-27 15:20:00,1,3032.8,3052.94,0.34,682.3799999999957,690.540000000008,NEWS,inside,0.9881831610044135
2025-03-27 10:15:00,2025-03-27 15:20:00,1,3031.77,3052.94,0.19,400.9000000000014,678.5567965595452,NEWS,lw,0.5908127396743588
2025-03-27 18:15:00,2025-03-27 23:45:00,1,3056.15,3056.35,0.19,2.4699999999965434,678.5567965595452,TIME,tday,0.003640078490879568
2025-03-28 01:15:00,2025-03-28 09:10:00,1,3055.4500000000003,3081.28,0.25,643.9999999999982,707.0915238589134,TIME,drift,0.9107731860302939
2025-03-28 01:05:00,2025-03-28 23:00:00,1,3056.29,3080.74,0.13,316.9399999999976,704.9097290520481,TIME,friday,0.44961785451055375
2025-03-28 23:05:00,2025-03-28 23:55:00,1,3081.94,3084.28,0.45,102.15000000000654,702.866557904833,TIME,fri_close,0.14533341905539554
2025-03-28 10:15:00,2025-03-31 11:18:00,1,3083.55,3122.5,0.19,723.6187999999966,687.2784539481494,TIME,lw,1.052875724305172
2025-03-28 04:00:00,2025-03-31 16:35:00,1,3062.09,3112.41,0.26,1285.8351999999925,696.8599608036913,NEWS,trendH4,1.845184502374098
2025-03-28 08:00:00,2025-03-31 16:35:00,1,3074.01,3112.41,0.26,975.9151999999905,703.2659627635065,NEWS,trendH4,1.3876900798171716
2025-03-31 08:00:00,2025-03-31 16:35:00,1,3113.58,3112.41,0.22,-27.2800000000016,687.5508850668824,NEWS,trendH4,-0.039677063316336074
2025-03-31 10:15:00,2025-03-31 16:35:00,1,3122.03,3112.41,0.17,-164.73000000000587,610.6438282802296,NEWS,lw,-0.26976445576128855
2025-03-31 12:00:00,2025-03-31 16:35:00,1,3122.46,3112.41,0.22,-222.64000000000397,698.2623408135373,NEWS,trendH4,-0.318848643248623
2025-03-31 18:15:00,2025-03-31 23:45:00,1,3125.2400000000002,3124.5,0.2,-16.200000000004728,718.4045038590937,TIME,tday,-0.022549969986243517
2025-04-01 01:15:00,2025-04-01 09:10:00,1,3124.65,3129.03,0.2,86.20000000000218,725.7055102123198,TIME,drift,0.11878096388545076
2025-04-01 01:10:00,2025-04-01 16:35:00,1,3125.16,3130.76,0.09,49.77000000000327,665.6694782250994,NEWS,tom,0.07476683493542016
2025-04-01 08:00:00,2025-04-01 16:35:00,1,3144.97,3130.76,0.22,-314.1599999999908,700.0328049643924,NEWS,trendH4,-0.4487789683170216
2025-04-02 01:15:00,2025-04-02 09:10:00,1,3112.5400000000004,3116.07,0.19,65.73999999999516,709.7609439302395,TIME,drift,0.09262273524937233
2025-04-02 11:45:00,2025-04-02 15:05:00,1,3133.34,3119.36,0.19,-266.95000000000033,718.5885361968234,NEWS,lw,-0.37149214961436844
2025-04-03 01:15:00,2025-04-03 09:10:00,1,3144.71,3130.75,0.15,-210.45000000000053,694.6171084965698,TIME,drift,-0.30297267001600175
2025-04-03 04:00:00,2025-04-03 13:17:00,1,3151.5200000000004,3111.695805297523,0.18,-718.0955046445968,717.1955046445919,SL,trendH4,-1.0012548879547856
2025-04-03 02:00:00,2025-04-03 13:27:00,1,3146.03,3105.35,0.17,-692.7500000000051,691.9000000000019,SL,inside,-1.0012285012285058
2025-04-04 01:15:00,2025-04-04 09:10:00,1,3114.6,3107.58,0.1,-70.89999999999982,688.8622726947552,TIME,drift,-0.10292333142682736
2025-04-04 01:05:00,2025-04-04 15:20:00,1,3114.69,3100.89,0.11,-152.570000000002,713.2506010163379,NEWS,friday,-0.21390798659349072
2025-04-04 17:00:00,2025-04-04 18:15:00,-1,3061.89,3044.01,0.16,284.95999999999447,692.0102797734186,NEWS,lw,0.4117857903690354
2025-04-04 23:05:00,2025-04-04 23:55:00,1,3036.67,3037.1,0.18,6.4799999999970535,710.8144893231802,TIME,fri_close,0.00911630263216377
2025-04-08 01:15:00,2025-04-08 09:10:00,1,2983.8500000000004,3004.04,0.08,160.9599999999968,687.0428896639179,TIME,drift,0.23427940587338575
2025-04-09 01:15:00,2025-04-09 09:10:00,1,2981.86,3017.58,0.12,427.79999999999757,666.5720282550301,TIME,drift,0.6417911071364691
2025-04-09 10:15:00,2025-04-09 17:20:00,1,3045.4,3081.13,0.13,463.5800000000002,676.9579519089058,NEWS,lw,0.6847988101665455
2025-04-09 18:15:00,2025-04-09 19:50:00,1,3075.19,3090.36,0.13,196.30000000000095,676.9579519089058,NEWS,tday,0.28997369695779257
2025-04-10 01:15:00,2025-04-10 09:10:00,1,3076.03,3122.79,0.08,373.5199999999981,671.8333159320204,TIME,drift,0.5559712374219216
2025-04-10 17:15:00,2025-04-10 19:50:00,1,3142.9900000000002,3165.54,0.12,269.75999999999675,691.4296730647764,NEWS,lw,0.39014813871710186
2025-04-10 18:15:00,2025-04-10 19:50:00,1,3159.59,3165.54,0.12,70.5599999999978,691.4296730647764,NEWS,tday,0.10204942418400867
2025-04-11 01:15:00,2025-04-11 09:10:00,1,3180.01,3196.79,0.1,167.09999999999746,664.8463399256742,TIME,drift,0.2513362712031749
2025-04-11 01:05:00,2025-04-11 15:20:00,1,3179.66,3218.17,0.07,269.0800000000015,640.2916093651311,NEWS,friday,0.42024601925801064
2025-04-11 04:00:00,2025-04-11 15:20:00,1,3205.82,3218.17,0.1,122.7999999999991,709.7556361995861,NEWS,trendH4,0.1730172945966818
2025-04-11 11:15:00,2025-04-11 15:20:00,1,3218.34,3218.17,0.11,-2.640000000000801,671.0383526682325,NEWS,lw,-0.003934201360478781
2025-04-11 18:15:00,2025-04-11 23:45:00,1,3236.9,3236.0,0.12,-11.640000000001091,732.0418392744353,TIME,tday,-0.01590073049859841
2025-04-11 23:05:00,2025-04-11 23:55:00,1,3232.6,3238.06,0.27,145.530000000001,707.5973496189202,TIME,fri_close,0.20566781387518882
2025-04-15 01:15:00,2025-04-15 09:10:00,1,3212.82,3226.26,0.13,173.8100000000007,703.6232684901878,TIME,drift,0.24702139309997043
2025-04-16 01:15:00,2025-04-16 09:10:00,1,3232.4,3287.75,0.2,1105.599999999998,719.832780663263,TIME,drift,1.5359122697653258
2025-04-11 16:00:00,2025-04-16 15:20:00,1,3233.86,3306.22,0.1,699.0559999999966,691.4456010866201,NEWS,trendH4,1.011006504201367
2025-04-16 01:30:00,2025-04-16 15:20:00,1,3234.88,3306.22,0.29,2066.829999999991,725.2900000000016,NEWS,inside,2.849660135945603
2025-04-16 04:00:00,2025-04-16 15:20:00,1,3264.6600000000003,3306.22,0.13,539.3699999999934,705.1584566766048,NEWS,trendH4,0.7648919117300691
2025-04-16 08:00:00,2025-04-16 15:20:00,1,3283.97,3306.22,0.13,288.34,711.4290338427743,NEWS,trendH4,0.4052969253202043
2025-04-16 10:15:00,2025-04-16 15:20:00,1,3297.31,3306.22,0.12,106.07999999999825,699.3487175240288,NEWS,lw,0.15168398445851652
2025-04-16 12:00:00,2025-04-16 15:20:00,1,3307.2000000000003,3306.22,0.13,-13.65000000000615,720.0770821506355,NEWS,trendH4,-0.01895630389907432
2025-04-16 18:15:00,2025-04-16 20:20:00,1,3309.4800000000005,3328.89,0.13,251.41999999999223,757.6277773176979,NEWS,tday,0.33185161305742844
2025-04-16 20:00:00,2025-04-16 20:20:00,1,3327.56,3328.89,0.13,16.379999999999054,722.5307916409486,NEWS,trendH4,0.02267031410910286
2025-04-17 01:15:00,2025-04-17 09:10:00,1,3354.44,3329.49,0.15,-375.30000000000405,743.6852231133374,TIME,drift,-0.5046489944076896
2025-04-17 04:00:00,2025-04-17 15:20:00,1,3345.5000000000005,3333.77,0.14,-165.2000000000066,748.7520001833376,NEWS,trendH4,-0.2206338012580349
2025-04-17 17:45:00,2025-04-21 03:30:00,-1,3294.56,3356.7348412369784,0.12,-742.808894843741,746.3380948437411,SL,lw,-0.9952713119906614
2025-04-21 18:15:00,2025-04-21 23:45:00,1,3412.14,3424.18,0.03,35.90999999999989,189.07134344586845,TIME,tday,0.18992830613847625
2025-04-21 10:15:00,2025-04-22 11:17:00,1,3394.02,3468.91,0.11,814.2771999999986,693.261592634851,TIME,lw,1.1745598034721765
2025-04-21 04:00:00,2025-04-23 01:00:00,1,3369.03,3329.2771677602323,0.13,-538.3616191169832,740.7956063723266,SL,trendH4,-0.7267343576095681
2025-04-21 08:00:00,2025-04-23 01:00:00,1,3376.73,3332.4233093722205,0.13,-597.5617781611337,727.1623260537106,SL,trendH4,-0.8217721913676203
2025-04-21 12:00:00,2025-04-23 01:00:00,1,3393.03,3337.8737146345366,0.13,-738.6065097510274,717.2917097510252,SL,trendH4,-1.0297156647849737
2025-04-21 16:00:00,2025-04-23 01:00:00,1,3415.1200000000003,3354.1499999999996,0.13,-814.1848000000092,719.5366242634741,SL,trendH4,-1.1315404561003661
2025-04-23 01:15:00,2025-04-23 09:10:00,1,3335.5600000000004,3313.59,0.08,-176.32000000000204,716.5092961216058,TIME,drift,-0.2460819433249573
2025-04-23 16:30:00,2025-04-23 16:50:00,-1,3299.8999999999996,3279.44,0.1,203.89999999999583,707.1203578631257,NEWS,lw,0.28835260890546144
2025-04-24 01:15:00,2025-04-24 09:10:00,1,3310.31,3326.14,0.07,110.3199999999995,651.9940947716236,TIME,drift,0.16920398648494153
2025-04-24 14:30:00,2025-04-24 15:20:00,1,3341.77,3339.66,0.09,-19.620000000001145,672.3620133570404,NEWS,lw,-0.02918070862159557
2025-04-25 01:15:00,2025-04-25 09:10:00,1,3344.45,3291.25,0.11,-585.969999999998,715.9396400177566,TIME,drift,-0.8184628525184957
2025-04-25 01:05:00,2025-04-25 23:00:00,1,3345.4000000000005,3304.76,0.06,-244.26000000000195,675.1818695458232,TIME,friday,-0.36176919289066384
2025-04-25 23:05:00,2025-04-25 23:55:00,1,3305.88,3316.19,0.27,276.47999999999854,738.984033788211,TIME,fri_close,0.3741352821693523
2025-04-28 10:30:00,2025-04-29 11:32:00,-1,3279.95,3320.0699999999997,0.09,-358.613099999999,695.035307435407,TIME,lw,-0.5159638599127234
2025-04-29 13:00:00,2025-04-29 16:50:00,-1,3309.0,3301.42,0.09,67.58999999999935,700.1163569043066,NEWS,lw,0.09654109539571534
2025-04-30 01:15:00,2025-04-30 09:10:00,1,3320.19,3309.01,0.14,-157.49999999999773,707.7439432257773,TIME,drift,-0.22253811072142748
2025-04-30 11:15:00,2025-04-30 15:05:00,-1,3284.97,3267.98,0.09,152.27999999999804,681.5437599825704,NEWS,lw,0.22343392888505414
2025-05-01 01:15:00,2025-05-01 07:38:00,1,3276.7400000000002,3221.9335290331524,0.13,-713.3941225690224,712.7441225690218,SL,drift,-1.0009119682357503
2025-05-01 01:10:00,2025-05-01 15:20:00,1,3285.26,3208.19,0.04,-308.5600000000006,597.2411987157724,NEWS,tom,-0.516642188555456
2025-05-02 01:15:00,2025-05-02 09:10:00,1,3236.59,3253.87,0.12,206.5199999999969,695.210284941834,TIME,drift,0.2970611978464556
2025-05-02 01:05:00,2025-05-02 15:20:00,1,3239.37,3261.92,0.06,134.8800000000011,680.7055379441553,NEWS,friday,0.19814735224185379
2025-05-02 18:15:00,2025-05-02 23:45:00,1,3263.4700000000003,3239.39,0.09,-217.35000000000343,680.9155379441553,TIME,tday,-0.31920258517852945
2025-05-02 23:05:00,2025-05-02 23:55:00,1,3233.87,3240.85,0.26,179.66000000000048,735.0200544479583,TIME,fri_close,0.24442870492143962
2025-05-05 06:00:00,2025-05-05 16:35:00,1,3270.3,3314.93,0.15,668.3999999999949,709.6500000000035,NEWS,inside,0.9418727541745813
2025-05-05 10:15:00,2025-05-05 16:35:00,1,3262.11,3314.93,0.1,527.4999999999972,735.717618513811,NEWS,lw,0.7169870432973665
2025-05-05 18:15:00,2025-05-05 23:45:00,1,3312.09,3332.49,0.1,203.29999999999637,735.717618513811,TIME,tday,0.27632884531251717
2025-05-06 01:15:00,2025-05-06 09:10:00,1,3330.2500000000005,3359.06,0.15,431.0999999999923,707.6770311870447,TIME,drift,0.6091761933785994
2025-05-06 11:15:00,2025-05-06 19:50:00,1,3378.18,3408.91,0.09,275.94000000000017,679.1161526151135,NEWS,lw,0.40632224537352174
2025-05-06 18:15:00,2025-05-06 19:50:00,1,3395.34,3408.91,0.09,121.49999999999739,679.1161526151135,NEWS,tday,0.1789090121507639
2025-05-07 01:15:00,2025-05-07 09:10:00,1,3412.98,3393.12,0.13,-259.0900000000017,712.8214162235865,TIME,drift,-0.36347112208359134
2025-05-07 10:30:00,2025-05-07 17:20:00,-1,3390.98,3380.88,0.09,90.26999999999919,702.324998856891,NEWS,lw,0.128530239058731
2025-05-08 01:15:00,2025-05-08 09:10:00,1,3367.44,3357.64,0.11,-108.570000000002,687.9252585042215,TIME,drift,-0.1578223777334028
2025-05-08 13:00:00,2025-05-08 15:20:00,-1,3331.97,3350.73,0.09,-169.47000000000196,702.4432132242557,NEWS,lw,-0.24125793631363407
2025-05-09 01:15:00,2025-05-09 09:10:00,1,3313.75,3322.4,0.11,94.380000000001,717.4905692654894,TIME,drift,0.13154179865614102
2025-05-09 01:05:00,2025-05-09 23:00:00,1,3310.6,3328.82,0.06,108.90000000000153,733.0972694225235,TIME,friday,0.1485478183349181
2025-05-09 18:15:00,2025-05-09 23:45:00,1,3340.88,3328.93,0.09,-108.18000000000245,733.3072694225234,TIME,tday,-0.14752342505099367
2025-05-09 23:05:00,2025-05-09 23:55:00,1,3328.35,3324.92,0.35000000000000003,-122.49999999999429,729.3489010504343,TIME,fri_close,-0.1679580236887523
2025-05-12 10:15:00,2025-05-13 11:17:00,-1,3246.3399999999997,3259.0699999999997,0.09,-112.10310000000014,727.8117501780575,TIME,lw,-0.15402760394095638
2025-05-14 01:15:00,2025-05-14 09:10:00,1,3250.47,3236.05,0.15,-217.34999999999425,709.4672519518745,TIME,drift,-0.3063566350695181
2025-05-14 10:15:00,2025-05-14 17:20:00,-1,3226.83,3183.77,0.09,386.9099999999995,730.6267641841417,NEWS,lw,0.529559029269951
2025-05-15 01:15:00,2025-05-15 08:54:00,1,3180.8,3129.159338419818,0.14,-723.9492621225486,723.249262122549,SL,drift,-1.0009678544267646
2025-05-15 10:45:00,2025-05-15 15:20:00,-1,3132.2,3179.49,0.09,-426.23999999999967,735.7691381709888,NEWS,lw,-0.5793121481821976
2025-05-15 18:15:00,2025-05-15 23:45:00,1,3209.57,3236.85,0.09,244.8899999999977,735.7691381709888,TIME,tday,0.33283537905484506
2025-05-16 01:15:00,2025-05-16 09:10:00,1,3245.41,3225.04,0.13,-265.7199999999986,693.8967110637151,TIME,drift,-0.3829388376732047
2025-05-16 01:05:00,2025-05-16 23:00:00,1,3241.95,3192.57,0.05,-247.2499999999983,633.4290950132653,TIME,friday,-0.39033571704631026
2025-05-16 23:05:00,2025-05-16 23:55:00,1,3197.9900000000002,3201.29,0.32,103.35999999999129,721.2228262959054,TIME,fri_close,0.14331215850562173
2025-05-20 01:15:00,2025-05-20 09:10:00,1,3226.97,3216.51,0.14,-147.41999999999413,696.950310835493,TIME,drift,-0.21152153562177103
2025-05-20 10:15:00,2025-05-20 22:47:00,-1,3210.4399999999996,3293.2410320117287,0.08,-662.9682560938331,662.5682560938332,SL,lw,-1.000603711385689
2025-05-21 01:15:00,2025-05-21 09:10:00,1,3300.03,3311.14,0.15,165.59999999999508,693.0067932704652,TIME,drift,0.23895869652083637
2025-05-22 01:15:00,2025-05-22 09:10:00,1,3317.54,3333.0,0.15,230.8500000000005,693.771983981153,TIME,drift,0.3327462124879805
2025-05-22 04:15:00,2025-05-22 14:00:00,1,3327.47,3285.5799999999995,0.17,-713.3200000000057,712.4700000000025,SL,nr7,-1.0011930326891
2025-05-23 01:15:00,2025-05-23 09:10:00,1,3296.85,3327.91,0.13,402.86999999999927,695.2315817061705,TIME,drift,0.5794759769274498
2025-05-23 01:05:00,2025-05-23 16:50:00,1,3297.62,3343.46,0.06,274.62000000000086,713.367815585977,NEWS,friday,0.384962699465803
2025-05-23 10:15:00,2025-05-23 16:50:00,1,3330.26,3343.46,0.09,118.16999999999835,713.577815585977,NEWS,lw,0.1656021213369131
2025-05-23 18:15:00,2025-05-23 23:45:00,1,3357.28,3358.0,0.09,5.849999999998198,713.577815585977,TIME,tday,0.008198124818656654
2025-05-23 23:05:00,2025-05-23 23:55:00,1,3361.2400000000002,3359.86,0.35000000000000003,-50.75000000000382,724.5355275685552,TIME,fri_close,-0.07004487436290953
2025-05-27 01:15:00,2025-05-27 09:10:00,1,3343.85,3325.14,0.23,-431.94000000000085,713.915381482955,TIME,drift,-0.6050296872757791
2025-05-27 10:15:00,2025-05-27 15:20:00,-1,3308.87,3296.0099999999998,0.09,115.11000000000114,684.7220960919902,NEWS,lw,0.1681119985129507
2025-05-28 01:15:00,2025-05-28 09:10:00,1,3303.81,3300.61,0.18,-58.85999999999672,705.671899884877,TIME,drift,-0.08340986797065196
2025-05-29 01:15:00,2025-05-29 04:16:00,1,3290.69,3247.969350243206,0.17,-727.441045865499,726.5910458654953,SL,drift,-1.0011698465111019
2025-05-29 18:15:00,2025-05-29 18:50:00,1,3316.5,3319.19,0.09,23.580000000000492,660.4241032629917,NEWS,tday,0.03570432981397493
2025-05-30 01:15:00,2025-05-30 09:10:00,1,3316.88,3295.87,0.16,-337.2800000000035,699.319859934052,TIME,drift,-0.48229718519907333
2025-05-30 01:05:00,2025-05-30 16:35:00,1,3317.92,3292.26,0.06,-154.37999999999911,668.1659530299208,NEWS,friday,-0.2310503839651433
2025-05-30 23:05:00,2025-05-30 23:55:00,1,3294.7400000000002,3290.98,0.38,-145.5400000000083,716.2786102314077,TIME,fri_close,-0.20318909139697577
2025-06-02 01:10:00,2025-06-02 16:35:00,1,3308.45,3356.26,0.05,238.70000000000203,725.8728086816644,NEWS,tom,0.32884549075964253
2025-06-02 09:00:00,2025-06-02 16:35:00,1,3323.92,3356.26,0.13,419.51000000000187,678.9899999999981,NEWS,inside,0.6178441508711513
2025-06-02 10:15:00,2025-06-02 16:35:00,1,3351.57,3356.26,0.1,46.20000000000054,726.2228086816644,NEWS,lw,0.06361683969120838
2025-06-02 18:15:00,2025-06-02 19:50:00,1,3374.98,3371.21,0.1,-38.39999999999983,726.2228086816644,NEWS,tday,-0.05287633428879572
2025-06-03 01:15:00,2025-06-03 09:10:00,1,3386.55,3362.61,0.17,-408.170000000001,698.4022405542914,TIME,drift,-0.5844339784420712
2025-06-04 01:15:00,2025-06-04 09:10:00,1,3356.55,3351.43,0.2,-103.80000000000692,729.7690351941617,TIME,drift,-0.1422367831383665
2025-06-05 01:15:00,2025-06-05 09:10:00,1,3373.86,3366.18,0.18,-139.50000000000523,728.5315549348568,TIME,drift,-0.1914810677108954
2025-06-05 12:30:00,2025-06-05 15:20:00,1,3388.05,3394.8,0.16,106.88,708.0000000000047,NEWS,inside,0.15096045197740013
2025-06-05 13:15:00,2025-06-05 15:20:00,1,3391.52,3394.8,0.1,32.100000000002005,707.8780286711429,NEWS,lw,0.0453467952102729
2025-06-06 01:15:00,2025-06-06 09:10:00,1,3356.15,3362.85,0.15,99.44999999999726,706.3733084986345,TIME,drift,0.1407895779801956
2025-06-06 01:05:00,2025-06-06 15:20:00,1,3356.15,3358.17,0.06,11.699999999999891,632.4523525323121,NEWS,friday,0.01849941731286727
2025-06-06 17:30:00,2025-06-09 18:33:00,-1,3323.95,3330.25,0.1,-60.25900000000182,702.9581694803469,TIME,lw,-0.08572202816071905
2025-06-10 01:15:00,2025-06-10 09:10:00,1,3324.93,3319.51,0.2,-109.79999999999238,718.1585881989167,TIME,drift,-0.15289102129288998
2025-06-11 01:15:00,2025-06-11 09:10:00,1,3322.11,3339.73,0.19,333.44999999999794,703.8902966016525,TIME,drift,0.4737243880330188
2025-06-10 16:30:00,2025-06-11 15:20:00,1,3346.06,3337.91,0.1,-90.1480000000009,683.5185236845849,NEWS,lw,-0.13188815939332235
2025-06-11 11:00:00,2025-06-11 15:20:00,1,3345.91,3337.91,0.1,-80.7,668.545771992829,NEWS,lw,-0.1207097604692736
2025-06-12 01:15:00,2025-06-12 09:10:00,1,3361.26,3372.78,0.15,171.74999999999972,690.7557423175132,TIME,drift,0.2486407125965708
2025-06-12 13:30:00,2025-06-12 15:20:00,1,3379.7400000000002,3379.64,0.11,-1.8700000000040018,718.4096099641038,NEWS,lw,-0.002602971861828851
2025-06-13 01:15:00,2025-06-13 09:10:00,1,3382.86,3425.21,0.16,676.4799999999985,719.3965533459765,TIME,drift,0.9403436767296572
2025-06-13 01:05:00,2025-06-13 23:00:00,1,3384.16,3432.31,0.07,336.5600000000006,681.977154286365,TIME,friday,0.4935062675995121
2025-06-13 23:05:00,2025-06-13 23:55:00,1,3429.82,3432.66,0.34,94.1799999999895,717.3980037554965,TIME,fri_close,0.1312799861540846
2025-06-13 10:15:00,2025-06-16 11:18:00,1,3413.27,3414.64,0.11,5.557199999998797,714.7089235380965,TIME,lw,0.00777547308698543
2025-06-17 01:15:00,2025-06-17 09:10:00,1,3387.97,3388.19,0.17,2.5500000000043297,716.3295689403135,TIME,drift,0.003559813960739631
2025-06-18 01:15:00,2025-06-18 09:10:00,1,3393.84,3386.05,0.17,-133.61999999999938,734.9955851479152,TIME,drift,-0.18179701034953677
2025-06-19 01:15:00,2025-06-19 09:10:00,1,3374.7400000000002,3354.88,0.17,-338.8100000000022,699.737102004042,TIME,drift,-0.48419613456204175
2025-06-19 10:30:00,2025-06-20 15:15:00,-1,3352.96,3348.24,0.11,54.93510000000279,677.4381535082149,TIME,lw,0.08109242108008406
2025-06-20 10:15:00,2025-06-20 15:20:00,-1,3353.06,3347.44,0.12,66.59999999999869,721.0446230342959,NEWS,lw,0.09236598938874677
2025-06-20 23:05:00,2025-06-20 23:55:00,1,3365.79,3368.6,0.54,147.95999999999705,731.5801840365415,TIME,fri_close,0.20224714013386486
2025-06-23 01:30:00,2025-06-23 16:50:00,1,3375.91,3380.8,0.2,96.40000000000654,708.1999999999939,NEWS,nr7,0.13611974018639844
2025-06-24 01:15:00,2025-06-24 09:10:00,1,3357.82,3328.15,0.16,-475.84000000000117,735.6627394817692,TIME,drift,-0.6468181334495781
2025-06-24 10:15:00,2025-06-24 16:50:00,-1,3321.71,3298.0499999999997,0.12,283.0800000000037,692.0082719020204,NEWS,lw,0.40907025464008356
2025-06-25 01:15:00,2025-06-25 09:10:00,1,3323.15,3331.06,0.16,125.43999999999767,697.8932003881915,TIME,drift,0.1797409688620318
2025-06-26 01:15:00,2025-06-26 09:10:00,1,3333.69,3331.53,0.22,-49.0599999999968,704.1714574139618,TIME,drift,-0.06967053191869982
2025-06-26 02:45:00,2025-06-26 15:20:00,1,3338.02,3334.97,0.28,-87.3600000000051,725.199999999998,NEWS,inside,-0.12046332046332783
2025-06-26 10:15:00,2025-06-26 15:20:00,1,3343.44,3334.97,0.13,-111.02000000000331,733.9032709901103,NEWS,lw,-0.15127334130862508
2025-06-27 01:15:00,2025-06-27 07:01:00,1,3324.54,3291.050819207363,0.21,-704.7427966453758,703.6927966453765,SL,drift,-1.0014921283904068
2025-06-27 01:05:00,2025-06-27 23:00:00,1,3325.46,3270.6,0.08,-439.440000000001,663.4342322772375,TIME,friday,-0.6623716091520083
2025-06-27 23:05:00,2025-06-27 23:55:00,1,3271.85,3274.46,0.36,91.44000000000459,716.4311119645283,TIME,fri_close,0.1276326480982472
2025-07-01 01:15:00,2025-07-01 09:10:00,1,3304.48,3328.39,0.2,476.7999999999971,722.0696837882278,TIME,drift,0.66032408049392
2025-07-01 01:10:00,2025-07-01 16:20:00,1,3302.78,3348.37,0.06,273.11999999999813,681.923802320679,NEWS,tom,0.4005139563548505
2025-07-01 10:15:00,2025-07-01 16:20:00,1,3336.47,3348.37,0.12,141.9600000000011,682.343802320679,NEWS,lw,0.2080476139992616
2025-07-02 01:15:00,2025-07-02 09:10:00,1,3339.12,3337.87,0.25,-33.0,706.7780135330213,TIME,drift,-0.04669075631688168
2025-07-03 01:15:00,2025-07-03 09:10:00,1,3360.73,3360.45,0.25,-8.750000000005002,717.595711578882,TIME,drift,-0.012193495388584349
2025-07-04 01:15:00,2025-07-04 09:10:00,1,3324.65,3341.55,0.2,336.6000000000019,705.3681953167439,TIME,drift,0.4771975859343253
2025-07-04 01:05:00,2025-07-07 04:15:00,1,3324.95,3311.0,0.08,-118.51839999999855,659.5933431845962,TIME,friday,-0.17968404506294353
2025-07-07 10:15:00,2025-07-08 11:17:00,-1,3311.04,3327.56,0.13,-211.19669999999977,683.793303560695,TIME,lw,-0.30886043911258265
2025-07-08 17:00:00,2025-07-09 17:20:00,-1,3315.1499999999996,3306.8599999999997,0.14,119.8973999999995,730.0933035606951,NEWS,lw,0.16422202397317567
2025-07-10 01:15:00,2025-07-10 09:10:00,1,3317.68,3322.75,0.22,110.00000000000358,703.0472081385498,TIME,drift,0.15646175495277104
2025-07-10 12:00:00,2025-07-10 15:20:00,1,3328.86,3319.56,0.14,-131.18000000000254,718.3577974579464,NEWS,lw,-0.18261095023149934
2025-07-11 01:15:00,2025-07-11 09:10:00,1,3325.44,3335.88,0.25,259.25000000000136,732.6639010730823,TIME,drift,0.3538457396635698
2025-07-11 01:05:00,2025-07-11 23:00:00,1,3325.9,3356.38,0.09,273.69000000000017,662.4255788462737,TIME,friday,0.4131633933530732
2025-07-11 18:15:00,2025-07-11 23:45:00,1,3365.41,3357.91,0.14,-105.98,687.2865262109505,TIME,tday,-0.154200607691633
2025-07-11 23:05:00,2025-07-11 23:55:00,1,3356.17,3357.54,0.5,64.99999999999454,723.6155312148843,TIME,fri_close,0.08982670658113914
2025-07-11 03:45:00,2025-07-14 04:48:00,1,3336.07,3357.55,0.28,577.2256000000004,721.840000000001,TIME,nr7,0.7996586501163687
2025-07-11 10:15:00,2025-07-14 11:18:00,1,3333.87,3371.83,0.14,519.3328000000005,687.2865262109505,TIME,lw,0.7556277916040514
2025-07-14 17:45:00,2025-07-15 15:20:00,-1,3341.97,3350.99,0.15,-131.18849999999975,734.1156765874249,NEWS,lw,-0.17870276331631596
2025-07-16 01:15:00,2025-07-16 09:10:00,1,3327.32,3341.21,0.22,304.0399999999972,740.0457789774811,TIME,drift,0.41083944890556406
2025-07-16 18:15:00,2025-07-16 23:45:00,1,3348.86,3347.29,0.15,-24.600000000002456,716.2497415473205,TIME,tday,-0.034345562131525335
2025-07-17 01:15:00,2025-07-17 09:10:00,1,3351.27,3335.53,0.18,-284.57999999999606,713.4594464007303,TIME,drift,-0.3988734068006935
2025-07-17 14:45:00,2025-07-17 15:20:00,-1,3325.08,3324.77,0.15,3.5999999999991816,727.0926171510831,NEWS,lw,0.0049512261781790795
2025-07-18 01:15:00,2025-07-18 09:10:00,1,3339.94,3333.41,0.24,-158.4000000000048,732.4292285340882,TIME,drift,-0.2162666286776029
2025-07-18 01:05:00,2025-07-18 23:00:00,1,3341.79,3348.23,0.1,63.70000000000054,720.3002873545771,TIME,friday,0.0884353388695004
2025-07-18 23:05:00,2025-07-18 23:55:00,1,3348.28,3350.7,0.73,171.5499999999721,737.9570995237626,TIME,fri_close,0.23246608794831183
2025-07-18 15:15:00,2025-07-21 16:18:00,1,3359.6000000000004,3388.44,0.15,419.6279999999953,720.6502873545771,TIME,lw,0.5822907551184092
2025-07-21 18:15:00,2025-07-21 23:45:00,1,3396.8500000000004,3397.96,0.15,15.599999999995088,700.7395525435358,TIME,tday,0.0222621941966461
2025-07-22 01:15:00,2025-07-22 09:10:00,1,3399.57,3386.41,0.28,-370.4400000000087,723.8912595108453,TIME,drift,-0.5117343180111416
2025-07-21 10:15:00,2025-07-22 11:17:00,1,3368.3700000000003,3387.27,0.15,270.5279999999945,700.7395525435358,TIME,lw,0.3860606968994904
2025-07-22 18:15:00,2025-07-22 23:45:00,1,3428.2700000000004,3428.68,0.15,5.099999999990996,713.1188702189974,TIME,tday,0.007151682858181549
2025-07-23 01:15:00,2025-07-23 09:10:00,1,3430.36,3422.47,0.26,-206.96000000000853,740.6650193541958,TIME,drift,-0.2794245638608154
2025-07-22 17:30:00,2025-07-23 16:50:00,1,3421.9300000000003,3412.3,0.15,-157.42200000000165,713.1188702189974,NEWS,lw,-0.22075141547110885
2025-07-24 01:15:00,2025-07-24 09:10:00,1,3391.36,3375.64,0.21,-331.5900000000054,721.6218992265194,TIME,drift,-0.4595065648027378
2025-07-24 12:30:00,2025-07-24 15:20:00,-1,3363.08,3363.02,0.15,-0.1500000000008186,726.5190768725028,NEWS,lw,-0.00020646395225646933
2025-07-25 01:15:00,2025-07-25 09:10:00,1,3367.38,3356.0,0.23,-263.3500000000025,714.9561271265873,TIME,drift,-0.36834428017059967
2025-07-25 01:05:00,2025-07-25 15:20:00,1,3369.6000000000004,3343.29,0.1,-263.800000000004,719.328428524467,NEWS,friday,-0.3667309528432341
2025-07-25 23:05:00,2025-07-25 23:55:00,1,3337.51,3336.57,0.63,-63.630000000003434,731.852123426461,TIME,fri_close,-0.08694379364794887
2025-07-28 17:00:00,2025-07-29 16:50:00,-1,3302.21,3316.2200000000003,0.15,-206.03850000000327,720.3121122012907,NEWS,lw,-0.2860405878367709
2025-07-30 01:15:00,2025-07-30 09:10:00,1,3327.13,3325.93,0.23,-29.210000000006275,711.7196266461658,TIME,drift,-0.04104144231296876
2025-07-30 16:00:00,2025-07-30 17:20:00,-1,3313.29,3305.92,0.15,109.49999999999835,692.5635049082564,NEWS,lw,0.1581082445493627
2025-07-31 01:15:00,2025-07-31 09:10:00,1,3277.6000000000004,3303.36,0.18,462.41999999999575,703.0046745417576,TIME,drift,0.6577765650013876
2025-07-31 10:45:00,2025-07-31 15:20:00,1,3304.3500000000004,3306.96,0.15,38.09999999999509,713.8196831290953,NEWS,lw,0.05337482406338276
2025-08-01 01:15:00,2025-08-01 09:10:00,1,3291.55,3296.47,0.23,111.54999999999123,732.7233943865268,TIME,drift,0.15224025990515364
2025-08-01 01:05:00,2025-08-01 15:20:00,1,3291.8,3302.6,0.1,107.29999999999727,706.4218486198743,NEWS,friday,0.15189224428665063
2025-08-01 01:10:00,2025-08-01 15:20:00,1,3291.3,3302.6,0.07,78.6099999999981,659.1637253785493,NEWS,tom,0.11925716930926891
2025-08-01 23:05:00,2025-08-01 23:55:00,1,3359.91,3363.22,0.37,119.87999999999796,730.0296719823049,TIME,fri_close,0.16421250341027743
2025-08-05 01:15:00,2025-08-05 09:10:00,1,3374.97,3370.69,0.24,-104.3999999999939,738.9485729354867,TIME,drift,-0.14128182098689626
2025-08-05 13:15:00,2025-08-05 16:35:00,-1,3356.62,3376.18,0.15,-294.4499999999992,734.2280225344836,NEWS,lw,-0.40103345413538766
2025-08-06 01:15:00,2025-08-06 09:10:00,1,3380.11,3376.15,0.24,-96.72000000000088,710.8532851999757,TIME,drift,-0.13606183162365468
2025-08-06 12:45:00,2025-08-06 17:20:00,-1,3362.33,3373.04,0.15,-161.70000000000056,725.2938780677347,NEWS,lw,-0.22294411257239305
2025-08-07 01:15:00,2025-08-07 09:10:00,1,3371.95,3377.52,0.27,148.50000000000443,732.8495778485268,TIME,drift,0.20263367065853452
2025-08-07 09:45:00,2025-08-07 15:20:00,1,3385.65,3378.88,0.27,-184.6799999999995,736.5600000000011,NEWS,inside,-0.25073313782991097
2025-08-07 10:15:00,2025-08-07 15:20:00,1,3388.15,3378.88,0.15,-140.09999999999974,702.6086010628968,NEWS,lw,-0.19939977931960745
2025-08-08 01:15:00,2025-08-08 09:10:00,1,3394.4800000000005,3395.76,0.19,22.989999999995163,715.062173682348,TIME,drift,0.032151050420698116
2025-08-08 01:05:00,2025-08-08 23:00:00,1,3403.6,3398.51,0.1,-51.59999999999692,691.4044152726902,TIME,friday,-0.07463070651587587
2025-08-08 23:05:00,2025-08-08 23:55:00,1,3397.9,3397.14,0.25,-20.750000000005457,714.3702349529403,TIME,fri_close,-0.02904656295117388
2025-08-11 10:15:00,2025-08-12 11:17:00,-1,3362.95,3352.5,0.16,171.58559999999707,721.7262779843784,TIME,lw,0.23774331797810888
2025-08-13 01:15:00,2025-08-13 09:10:00,1,3351.59,3352.49,0.19,15.769999999993088,712.6450964330454,TIME,drift,0.0221288269279135
2025-08-13 11:45:00,2025-08-13 17:20:00,1,3360.22,3365.88,0.16,89.44000000000494,722.3758213232644,NEWS,lw,0.12381366784420708
2025-08-14 01:15:00,2025-08-14 09:10:00,1,3357.09,3359.58,0.25,60.49999999999454,720.040452232052,TIME,drift,0.08402305705526782
2025-08-14 11:15:00,2025-08-14 15:20:00,-1,3344.5699999999997,3353.81,0.16,-148.9600000000038,702.9604055144599,NEWS,lw,-0.21190382677526162
2025-08-15 01:15:00,2025-08-15 09:10:00,1,3335.65,3341.97,0.23,143.7499999999933,733.5636880248761,TIME,drift,0.19596117194274007
2025-08-15 01:05:00,2025-08-15 15:20:00,1,3336.7700000000004,3337.63,0.11,8.689999999996399,725.8452097448737,NEWS,friday,0.011972249569644242
2025-08-15 23:05:00,2025-08-15 23:55:00,1,3339.4,3336.05,0.71,-242.81999999999354,734.8242272699978,TIME,fri_close,-0.33044637205568583
2025-08-19 01:15:00,2025-08-19 09:10:00,1,3333.2200000000003,3337.74,0.32,142.39999999998486,723.821658705644,TIME,drift,0.1967335438050142
2025-08-18 10:15:00,2025-08-19 11:17:00,1,3353.9300000000003,3337.44,0.17,-295.03160000000406,714.9245296693385,TIME,lw,-0.41267516745643046
2025-08-19 20:00:00,2025-08-20 17:20:00,-1,3317.39,3343.06,0.17,-431.73030000000125,706.2613489786714,NEWS,lw,-0.6112897167943976
2025-08-21 01:15:00,2025-08-21 09:10:00,1,3351.0600000000004,3338.5,0.33,-416.79000000001326,731.4027776053349,TIME,drift,-0.5698501738872439
2025-08-21 13:45:00,2025-08-21 15:20:00,-1,3330.2999999999997,3339.91,0.18,-174.24000000000228,730.959676948715,NEWS,lw,-0.2383715620639183
2025-08-22 01:15:00,2025-08-22 09:10:00,1,3339.38,3329.95,0.3,-285.00000000000875,718.8837640557903,TIME,drift,-0.39644795758371143
2025-08-22 01:05:00,2025-08-22 16:50:00,1,3340.26,3333.28,0.12,-84.60000000000022,713.0168428809501,NEWS,friday,-0.11865077360329002
2025-08-22 18:15:00,2025-08-22 23:45:00,1,3376.7200000000003,3371.72,0.18,-91.26000000000819,713.43684288095,TIME,tday,-0.12791601794979993
2025-08-22 23:05:00,2025-08-22 23:55:00,1,3372.7200000000003,3371.92,0.53,-46.11000000000964,728.2801192986217,TIME,fri_close,-0.06331355034710599
2025-08-26 01:15:00,2025-08-26 09:10:00,1,3365.4100000000003,3375.82,0.35000000000000003,361.8999999999949,722.0537749184931,TIME,drift,0.5012092070855068
2025-08-26 10:45:00,2025-08-26 15:20:00,1,3377.82,3378.88,0.18,17.819999999999016,704.9497267697991,NEWS,lw,0.0252783983357981
2025-08-26 18:15:00,2025-08-26 23:45:00,1,3381.66,3391.08,0.18,168.30000000000132,704.9497267697991,TIME,tday,0.23874042872699713
2025-08-27 01:15:00,2025-08-27 09:10:00,1,3389.69,3378.48,0.25,-282.0000000000009,717.933176659024,TIME,drift,-0.3927942170221426
2025-08-27 10:15:00,2025-08-27 17:20:00,-1,3374.5099999999998,3380.85,0.18,-115.38000000000262,708.9561748576705,NEWS,lw,-0.16274630801144546
2025-08-28 01:15:00,2025-08-28 09:10:00,1,3397.18,3391.44,0.3,-174.29999999999345,723.7374857868027,TIME,drift,-0.24083317974127766
2025-08-28 18:15:00,2025-08-28 23:45:00,1,3411.84,3416.67,0.18,85.67999999999869,690.5493052249799,TIME,tday,0.12407513750532885
2025-08-29 01:15:00,2025-08-29 09:10:00,1,3417.37,3411.51,0.27,-160.10999999999115,705.5430562413319,TIME,drift,-0.2269315792759008
2025-08-28 17:15:00,2025-08-29 16:35:00,1,3411.79,3420.94,0.18,149.13360000000165,690.5493052249799,NEWS,lw,0.21596372463428104
2025-08-29 01:05:00,2025-08-29 16:35:00,1,3417.1800000000003,3420.94,0.12,44.27999999999716,690.4843548517667,NEWS,friday,0.06412889689514137
2025-08-29 18:15:00,2025-08-29 23:45:00,1,3442.49,3449.35,0.18,122.22000000000227,690.9043548517667,TIME,tday,0.17689858102895376
2025-08-29 23:05:00,2025-08-29 23:55:00,1,3447.58,3448.08,0.48,20.64,714.638967981353,TIME,fri_close,0.028881716397724563
2025-08-29 17:15:00,2025-09-01 18:18:00,1,3435.45,3478.46,0.18,758.6136000000038,690.9043548517667,TIME,lw,1.098000895019346
2025-09-01 18:15:00,2025-09-02 03:30:00,1,3478.61,3483.14,0.14,51.31279999999645,548.5664785040536,TIME,tday,0.093539802395376
2025-09-01 10:15:00,2025-09-02 14:00:00,1,3475.94,3485.62,0.18,158.67359999999707,705.2997580766403,TIME,lw,0.22497328005995865
2025-08-29 20:00:00,2025-09-02 16:35:00,1,3449.39,3482.69,0.26,822.6504000000047,707.9874071647422,NEWS,trendH4,1.161956260344305
2025-09-01 01:10:00,2025-09-02 16:35:00,1,3443.62,3482.69,0.09,343.8468000000014,704.6697580766403,NEWS,tom,0.487954529137895
2025-09-01 08:00:00,2025-09-02 16:35:00,1,3475.32,3482.69,0.24,156.12479999999738,729.3445622011118,NEWS,trendH4,0.21406178655644387
2025-09-02 08:00:00,2025-09-02 16:35:00,1,3496.93,3482.69,0.18,-257.57999999999606,547.7485010150474,NEWS,trendH4,-0.47025231383138005
2025-09-02 18:15:00,2025-09-02 23:45:00,1,3511.91,3534.92,0.18,412.92000000000394,722.8969182140227,TIME,tday,0.571201771090901
2025-09-03 01:15:00,2025-09-03 09:10:00,1,3533.55,3531.22,0.17,-40.80000000000649,711.4218088362635,TIME,drift,-0.0573499427389592
2025-09-02 17:30:00,2025-09-03 16:50:00,1,3502.53,3552.85,0.18,890.1935999999947,722.8969182140227,NEWS,lw,1.2314253631061154
2025-09-02 20:00:00,2025-09-03 16:50:00,1,3527.96,3552.85,0.2,480.5039999999975,710.4956483975299,NEWS,trendH4,0.6762940787656315
2025-09-03 16:00:00,2025-09-03 16:50:00,1,3550.8,3552.85,0.2,39.599999999994544,709.7965243442106,NEWS,trendH4,0.05579063667095503
2025-09-03 16:30:00,2025-09-03 16:50:00,1,3560.6,3552.85,0.17,-132.94,718.8719798622977,NEWS,lw,-0.18492861555887194
2025-09-03 18:15:00,2025-09-03 23:45:00,1,3563.62,3562.22,0.17,-24.990000000001547,718.8719798622977,TIME,tday,-0.0347627960193809
2025-09-03 20:00:00,2025-09-04 05:45:00,1,3572.69,3536.67716509365,0.2,-769.3446981270047,720.6566981269997,SL,trendH4,-1.067560601499363
2025-09-04 01:15:00,2025-09-04 06:12:00,1,3560.38,3521.098513835727,0.19,-747.6782371211917,746.7282371211887,SL,drift,-1.001272216521054
2025-09-04 10:15:00,2025-09-04 15:05:00,-1,3537.0699999999997,3547.0,0.17,-170.00000000000497,730.9096955864188,NEWS,lw,-0.23258687225870175
2025-09-05 01:15:00,2025-09-05 09:10:00,1,3540.8,3554.46,0.18,244.6199999999974,733.1822494166818,TIME,drift,0.33364146526271815
2025-09-05 01:05:00,2025-09-05 15:20:00,1,3545.63,3551.89,0.11,68.0899999999974,720.5600407701129,NEWS,friday,0.09449594224962136
2025-09-05 18:15:00,2025-09-05 23:45:00,1,3584.5,3589.79,0.16,83.51999999999941,699.0982213528366,TIME,tday,0.11946819123409937
2025-09-05 23:05:00,2025-09-05 23:55:00,1,3589.83,3587.34,0.37,-94.71999999999193,721.6733328356311,TIME,fri_close,-0.13125051971619053
2025-09-08 18:15:00,2025-09-08 23:45:00,1,3645.7400000000002,3637.1,0.16,-139.36000000000524,717.8826341133482,TIME,tday,-0.1941264398631509
2025-09-08 10:30:00,2025-09-09 11:32:00,1,3609.18,3645.4,0.16,565.683200000004,717.8826341133482,TIME,lw,0.787988416377665
2025-09-05 16:00:00,2025-09-10 15:20:00,1,3580.58,3649.9,0.18,1203.580800000003,713.7215728044434,NEWS,trendH4,1.6863449920264337
2025-09-05 20:00:00,2025-09-10 15:20:00,1,3595.39,3649.9,0.18,937.0008000000039,726.3384941642216,NEWS,trendH4,1.2900332386736377
2025-09-08 12:00:00,2025-09-10 15:20:00,1,3611.43,3649.9,0.18,662.5872000000045,734.2566749873455,NEWS,trendH4,0.9023917964537725
2025-09-08 16:00:00,2025-09-10 15:20:00,1,3624.46,3649.9,0.18,428.047200000001,728.7108412379787,NEWS,trendH4,0.5874033646498358
2025-09-11 01:15:00,2025-09-11 09:10:00,1,3640.2,3632.18,0.21,-169.88999999999962,754.9144412872024,TIME,drift,-0.22504537032080174
2025-09-11 12:15:00,2025-09-11 15:20:00,-1,3618.6899999999996,3619.41,0.16,-12.640000000004076,736.9177212634933,NEWS,lw,-0.017152525492713046
2025-09-12 01:15:00,2025-09-12 09:10:00,1,3637.07,3652.4,0.2,305.19999999999857,735.8298288250429,TIME,drift,0.41476981231833904
2025-09-12 01:05:00,2025-09-12 23:00:00,1,3636.19,3644.15,0.11,86.7900000000004,747.7080857634788,TIME,friday,0.11607471104365526
2025-09-12 23:05:00,2025-09-12 23:55:00,1,3644.57,3643.39,0.6900000000000001,-86.25000000002008,750.2954644925619,TIME,fri_close,-0.11495471328532218
2025-09-12 05:30:00,2025-09-15 06:33:00,1,3650.08,3644.37,0.2,-131.49600000000072,734.4000000000019,TIME,nr7,-0.17905228758169986
2025-09-12 10:15:00,2025-09-15 11:18:00,1,3652.63,3642.39,0.16,-177.6768000000038,725.4235983161009,TIME,lw,-0.24492834312591763
2025-09-15 18:15:00,2025-09-15 23:45:00,1,3665.03,3681.25,0.17,274.54999999999666,747.4981036957961,TIME,tday,0.36729190166846
2025-09-16 01:15:00,2025-09-16 09:10:00,1,3678.02,3682.29,0.23,96.59999999999958,754.6490066112452,TIME,drift,0.12800652906678076
2025-09-15 16:30:00,2025-09-16 15:20:00,1,3653.98,3695.44,0.17,690.1184000000005,747.4981036957961,NEWS,lw,0.9232376598521151
2025-09-15 20:00:00,2025-09-16 15:20:00,1,3679.4,3695.44,0.2,303.50399999999934,733.4597986049332,NEWS,trendH4,0.41379773039677814
2025-09-16 04:00:00,2025-09-16 15:20:00,1,3686.59,3695.44,0.21,184.37999999999806,731.4425666529992,NEWS,trendH4,0.25207720798052635
2025-09-16 12:00:00,2025-09-16 15:20:00,1,3694.4900000000002,3695.44,0.22,19.359999999996,759.6344814712048,NEWS,trendH4,0.025485941557709384
2025-09-17 01:15:00,2025-09-17 09:10:00,1,3691.63,3676.68,0.24,-360.48000000000656,746.7711288938798,TIME,drift,-0.48271817971049696
2025-09-17 10:15:00,2025-09-17 17:20:00,-1,3671.1299999999997,3683.0299999999997,0.17,-203.49000000000157,745.5229057377022,NEWS,lw,-0.27294936001818243
2025-09-18 01:15:00,2025-09-18 09:10:00,1,3663.56,3641.28,0.16,-357.59999999999593,759.4836446928665,TIME,drift,-0.47084621571358337
2025-09-18 16:45:00,2025-09-19 17:47:00,-1,3629.89,3665.6499999999996,0.16,-567.7743999999963,721.6065730816892,TIME,lw,-0.7868198838257
2025-09-19 18:15:00,2025-09-19 23:45:00,1,3672.39,3684.69,0.16,195.6800000000029,721.5718178615688,TIME,tday,0.2711857574758324
2025-09-19 23:05:00,2025-09-19 23:55:00,1,3683.13,3685.13,0.56,108.08000000000001,745.9179154445352,TIME,fri_close,0.14489529982074362
2025-09-22 18:15:00,2025-09-22 23:45:00,1,3725.39,3747.82,0.16,357.76000000000465,730.8995451571706,TIME,tday,0.48947902946508604
2025-09-23 01:15:00,2025-09-23 09:10:00,1,3745.1,3755.34,0.22,223.7400000000052,736.8427854596041,TIME,drift,0.30364686255351997
2025-09-22 10:15:00,2025-09-23 11:17:00,1,3711.64,3755.91,0.16,694.4831999999997,730.8995451571706,TIME,lw,0.950175991490951
2025-09-22 12:00:00,2025-09-23 16:50:00,1,3720.54,3779.08,0.19,1095.8287999999993,726.6406041974318,NEWS,trendH4,1.508075372708263
2025-09-22 20:00:00,2025-09-23 16:50:00,1,3737.35,3779.08,0.19,776.4388000000004,733.906420288182,NEWS,trendH4,1.0579534100479966
2025-09-23 12:00:00,2025-09-23 16:50:00,1,3774.5,3779.08,0.19,85.68999999999862,739.3071364273505,NEWS,trendH4,0.11590582016303735
2025-09-23 16:00:00,2025-09-23 16:50:00,1,3784.54,3779.08,0.19,-105.07000000000069,734.3472796059837,NEWS,trendH4,-0.14307944336142475
2025-09-23 18:15:00,2025-09-23 19:25:00,1,3779.3,3777.6,0.16,-28.320000000004367,753.1038633602298,NEWS,tday,-0.03760437487818085
2025-09-24 01:15:00,2025-09-24 09:10:00,1,3764.33,3775.63,0.16,179.6800000000029,758.6103158801542,TIME,drift,0.23685414795807877
2025-09-24 19:00:00,2025-09-25 15:20:00,-1,3741.0099999999998,3753.6099999999997,0.16,-186.20319999999856,761.4478731202137,NEWS,lw,-0.24453834145860398
2025-09-26 01:15:00,2025-09-26 09:10:00,1,3746.71,3748.08,0.15,19.499999999998362,743.8675077343636,TIME,drift,0.02621434569630624
2025-09-26 01:05:00,2025-09-26 23:00:00,1,3747.5,3766.79,0.1,192.19999999999965,719.0280479463463,TIME,friday,0.26730528878386894
2025-09-26 18:15:00,2025-09-26 23:45:00,1,3774.86,3762.64,0.16,-196.64000000000408,767.3365844761026,TIME,tday,-0.2562630323878792
2025-09-26 23:05:00,2025-09-26 23:55:00,1,3768.61,3761.35,0.37,-271.21000000000805,770.3951387576468,TIME,fri_close,-0.35204012376994775
2025-09-26 16:15:00,2025-09-29 17:18:00,1,3764.66,3822.61,0.16,913.3632000000044,767.3365844761026,TIME,lw,1.190303210453078
2025-09-29 18:15:00,2025-09-29 23:45:00,1,3824.27,3830.7,0.16,101.75999999999738,768.8696855849524,TIME,tday,0.1323501263059667
2025-09-30 01:15:00,2025-09-30 09:10:00,1,3829.92,3869.66,0.16,634.7199999999965,737.7428345105408,TIME,drift,0.860354001840092
2025-09-29 10:15:00,2025-09-30 11:17:00,1,3817.48,3838.06,0.16,315.44319999999885,768.8696855849524,TIME,lw,0.41026874373387623
2025-09-30 04:00:00,2025-09-30 12:46:00,1,3839.27,3796.053179711685,0.14,-606.015484036409,605.3154840364033,SL,trendH4,-1.0011564217642972
2025-09-29 08:00:00,2025-09-30 16:35:00,1,3805.28,3817.61,0.17,194.90839999999878,764.8388689120721,NEWS,trendH4,0.2548358980202482
2025-09-29 12:00:00,2025-09-30 16:35:00,1,3819.01,3817.61,0.17,-38.501600000001545,757.9874254664683,NEWS,trendH4,-0.050794510181099005
2025-10-01 01:15:00,2025-10-01 09:10:00,1,3859.91,3859.4,0.13,-7.539999999996926,762.9049930313138,TIME,drift,-0.009883275203164706
2025-10-01 01:10:00,2025-10-01 15:05:00,1,3860.38,3883.2,0.07,159.24999999999795,730.3332895707897,NEWS,tom,0.2180511312767733
2025-10-01 12:00:00,2025-10-01 15:05:00,1,3893.2,3883.2,0.15,-151.05,749.5789033297183,NEWS,trendH4,-0.20151314201749546
2025-10-02 01:15:00,2025-10-02 09:10:00,1,3863.28,3870.42,0.15,106.0499999999981,772.1537245104481,TIME,drift,0.1373431178710362
2025-10-02 14:30:00,2025-10-02 17:46:00,1,3883.7400000000002,3832.2927409978556,0.15,-772.7588850321692,772.0088850321636,SL,lw,-1.0009714914096803
2025-10-03 01:15:00,2025-10-03 09:10:00,1,3853.51,3858.24,0.14,65.23999999999388,742.3794010033764,TIME,drift,0.08787959352295817
2025-10-03 01:05:00,2025-10-03 16:35:00,1,3857.37,3884.47,0.09,243.26999999999916,719.5959967768794,NEWS,friday,0.3380646933690883
2025-10-03 18:15:00,2025-10-03 23:45:00,1,3880.58,3884.78,0.14,57.82000000000383,746.574367027875,TIME,tday,0.07744707366552941
2025-10-03 23:05:00,2025-10-03 23:55:00,1,3887.03,3886.7,0.36,-14.400000000013751,764.859217973562,TIME,fri_close,-0.018826994120781454
2025-10-03 18:30:00,2025-10-06 19:33:00,1,3887.98,3952.93,0.14,897.1927999999974,746.574367027875,TIME,lw,1.201746054544756
2025-10-06 01:30:00,2025-10-07 02:32:00,1,3894.01,3969.66,0.13,972.2075999999953,725.7899999999969,TIME,inside,1.3395163890381507
2025-10-06 10:15:00,2025-10-07 11:17:00,1,3935.01,3947.89,0.14,168.21279999999518,746.8876265258837,TIME,lw,0.22521835149744004
2025-10-06 04:00:00,2025-10-08 17:20:00,1,3900.71,4042.63,0.15,2103.906000000001,737.3604853954616,NEWS,trendH4,2.853293662558596
2025-10-06 08:00:00,2025-10-08 17:20:00,1,3938.89,4042.63,0.15,1531.2060000000035,761.3099611256888,NEWS,trendH4,2.0112780315338714
2025-10-06 12:00:00,2025-10-08 17:20:00,1,3942.68,4042.63,0.15,1474.356000000004,763.7219630694041,NEWS,trendH4,1.930487888648058
2025-10-06 20:00:00,2025-10-08 17:20:00,1,3954.28,4042.63,0.15,1300.3559999999986,782.3351966701374,NEWS,trendH4,1.6621468719990093
2025-10-08 18:15:00,2025-10-08 19:50:00,1,4039.68,4055.13,0.14,215.32000000000386,774.1343310350736,NEWS,tday,0.27814294156429603
2025-10-09 01:15:00,2025-10-09 09:10:00,1,4025.89,4038.52,0.15,188.40000000000163,815.7080139009063,TIME,drift,0.23096499824616018
2025-10-09 17:30:00,2025-10-09 19:50:00,-1,4006.74,3984.08,0.14,316.259999999998,794.8790216754253,NEWS,lw,0.3978718665054129
2025-10-10 01:15:00,2025-10-10 09:10:00,1,3968.9,3969.25,0.1,2.7999999999990903,796.3380574811745,TIME,drift,0.0035160946707175084
2025-10-10 01:05:00,2025-10-10 23:00:00,1,3977.7,4011.21,0.09,300.9600000000019,820.6122362450877,TIME,friday,0.3667505634294683
2025-10-10 18:15:00,2025-10-10 23:45:00,1,4009.45,4012.94,0.13,44.46000000000308,790.5225237915661,TIME,tday,0.056241281762296334
2025-10-10 23:05:00,2025-10-10 23:55:00,1,4012.89,4018.84,0.18,105.84000000000489,786.0299999696886,TIME,fri_close,0.13465134919034435
2025-10-13 18:15:00,2025-10-13 23:45:00,1,4097.18,4110.18,0.13,168.09,804.44234352074,TIME,tday,0.20895220316764235
2025-10-13 01:30:00,2025-10-14 02:32:00,1,4040.52,4115.25,0.08,590.9216000000002,742.2821632499139,TIME,inside,0.7960875651555255
2025-10-13 10:15:00,2025-10-14 11:17:00,1,4071.96,4140.3,0.13,877.1776000000019,804.44234352074,TIME,lw,1.090416991429028
2025-10-13 12:00:00,2025-10-14 19:10:00,1,4078.05,4129.05,0.12,601.6224,808.0561640844597,NEWS,trendH4,0.7445304259038078
2025-10-13 16:00:00,2025-10-14 19:10:00,1,4079.86,4129.05,0.12,579.9024000000006,786.3913558802368,NEWS,trendH4,0.7374221444116645
2025-10-13 20:00:00,2025-10-14 19:10:00,1,4105.96,4129.05,0.12,266.7024000000018,793.7097880862248,NEWS,trendH4,0.3360200466256925
2025-10-14 04:00:00,2025-10-14 19:10:00,1,4124.660000000001,4129.05,0.07,30.239999999995927,452.0135571862275,NEWS,trendH4,0.06690064826426696
2025-10-15 01:15:00,2025-10-15 09:10:00,1,4161.01,4191.81,0.1,307.30000000000183,770.423223167789,TIME,drift,0.3988716730740028
2025-10-16 01:15:00,2025-10-16 09:10:00,1,4205.38,4218.82,0.12,160.43999999999517,817.2130665335109,TIME,drift,0.1963257889164161
2025-10-15 10:15:00,2025-10-16 11:17:00,1,4199.68,4232.68,0.12,366.54720000000003,813.5430897409974,TIME,lw,0.450556589592194
2025-10-15 08:00:00,2025-10-16 15:20:00,1,4179.870000000001,4241.5,0.11,650.9315999999912,780.7170683889342,NEWS,trendH4,0.8337612002556002
2025-10-15 12:00:00,2025-10-16 15:20:00,1,4208.42,4241.5,0.11,336.8815999999992,787.4467149694871,NEWS,trendH4,0.42781510621077784
2025-10-16 08:00:00,2025-10-16 15:20:00,1,4233.66,4241.5,0.11,85.4700000000016,776.948019731009,NEWS,trendH4,0.11000735934637249
2025-10-16 13:00:00,2025-10-16 15:20:00,1,4239.61,4241.5,0.12,21.84000000000393,821.9642976166407,NEWS,lw,0.026570497116883265
2025-10-16 18:15:00,2025-10-16 18:50:00,1,4269.679999999999,4270.08,0.12,3.9600000000065485,821.9642976166407,NEWS,tday,0.004817727499222197
2025-10-17 04:00:00,2025-10-17 04:44:00,1,4358.38,4282.741373456309,0.11,-832.7948919806043,832.244891980603,SL,trendH4,-1.0006608631729688
2025-10-17 01:15:00,2025-10-17 09:10:00,1,4350.179999999999,4366.77,0.11,181.7200000000116,846.656351555476,TIME,drift,0.21463253617144173
2025-10-17 01:05:00,2025-10-17 17:05:00,1,4337.53,4228.122358312354,0.07,-766.343491813522,765.9934918135204,SL,friday,-1.0004569229422209
2025-10-16 20:00:00,2025-10-17 19:30:00,1,4282.87,4210.926507984829,0.11,-800.8912121668777,791.5984121668735,SL,trendH4,-1.0117392858009489
2025-10-17 23:05:00,2025-10-17 23:55:00,1,4221.38,4247.15,0.11,282.6999999999948,772.738126260672,TIME,fri_close,0.36584192029969814
2025-10-20 18:15:00,2025-10-20 23:45:00,1,4346.4,4357.21,0.1,107.40000000000401,815.8830199711406,TIME,tday,0.13163651819080996
2025-10-21 01:15:00,2025-10-21 09:10:00,1,4362.0,4325.74,0.08,-290.64000000000175,830.2699512528544,TIME,drift,-0.35005482200269206
2025-10-20 18:00:00,2025-10-21 11:14:00,1,4332.58,4251.011698002886,0.1,-824.3310199711385,815.8830199711406,SL,lw,-1.0103544255649501
2025-10-21 11:15:00,2025-10-22 12:17:00,-1,4244.53,4070.37,0.09,1569.9068999999986,786.3350952615963,TIME,lw,1.99648586138423
2025-10-23 01:15:00,2025-10-23 09:10:00,1,4099.120000000001,4127.03,0.05,139.19999999999473,730.4431530449094,TIME,drift,0.19056924473825052
2025-10-23 18:15:00,2025-10-23 23:45:00,1,4144.620000000001,4115.1,0.07,-207.1300000000031,742.4741313460704,TIME,tday,-0.2789726823539107
2025-10-24 01:15:00,2025-10-24 09:10:00,1,4126.93,4089.51,0.09,-337.41000000000065,828.4410278345258,TIME,drift,-0.4072830638071627
2025-10-24 01:05:00,2025-10-24 15:20:00,1,4126.64,4062.67,0.05,-320.2000000000013,786.0556408800193,NEWS,friday,-0.4073502985635027
2025-10-24 23:05:00,2025-10-24 23:55:00,1,4101.660000000001,4112.95,0.21,235.61999999998014,825.577561763128,TIME,fri_close,0.2854001984947157
2025-10-27 12:00:00,2025-10-28 13:02:00,-1,4043.35,3905.12,0.08,1108.0328000000002,836.0341585859237,TIME,lw,1.325343933164331
2025-10-28 11:15:00,2025-10-28 16:50:00,-1,3921.74,3931.0699999999997,0.07,-65.7999999999995,749.8777538510631,NEWS,lw,-0.08774763574739726
2025-10-29 01:15:00,2025-10-29 09:10:00,1,3937.08,3968.76,0.1,316.100000000003,847.8079732647095,TIME,drift,0.37284386319554896
2025-10-29 11:15:00,2025-10-29 17:20:00,1,4007.37,4017.72,0.07,71.95999999999937,762.9100571474156,NEWS,lw,0.09432304545710646
2025-10-29 18:15:00,2025-10-29 20:50:00,1,4009.78,3994.84,0.07,-105.07000000000038,762.9100571474156,NEWS,tday,-0.1377226568396095
2025-10-30 01:15:00,2025-10-30 09:10:00,1,3938.18,3964.87,0.08,212.9600000000004,779.673498377402,TIME,drift,0.27313997518601923
2025-10-30 18:15:00,2025-10-30 23:45:00,1,4000.53,4020.14,0.07,136.7799999999977,765.3214816368858,TIME,tday,0.17872227982866723
2025-10-31 01:15:00,2025-10-31 09:10:00,1,4022.43,4008.83,0.09,-123.02999999999918,804.0346199230293,TIME,drift,-0.15301579925970962
2025-10-30 11:45:00,2025-10-31 12:47:00,1,3974.18,4004.14,0.07,203.66640000000024,765.3214816368858,TIME,lw,0.26611875517252465
2025-10-31 01:05:00,2025-10-31 16:35:00,1,4021.22,4022.01,0.05,3.600000000002092,821.0489230571056,NEWS,friday,0.0043846351890917765
2025-10-31 19:15:00,2025-11-03 16:35:00,-1,3979.04,4009.0099999999998,0.07,-207.87129999999863,766.4756615199653,NEWS,lw,-0.2712040452631958
2025-11-04 01:15:00,2025-11-04 09:10:00,1,3988.58,3986.46,0.13,-28.46999999999858,835.4225442281363,TIME,drift,-0.03407856323329482
2025-11-04 16:30:00,2025-11-05 15:05:00,-1,3951.33,3967.7599999999998,0.08,-129.24719999999868,833.3588734511613,NEWS,lw,-0.15509188672192517
2025-11-05 18:15:00,2025-11-05 23:45:00,1,3976.91,3982.11,0.08,41.04000000000218,817.8618110617927,TIME,tday,0.05017962624605472
2025-11-06 01:15:00,2025-11-06 09:10:00,1,3970.13,3997.21,0.16,432.15999999999883,841.2195489000867,TIME,drift,0.513730334209491
2025-11-07 01:15:00,2025-11-07 09:10:00,1,3981.42,4008.21,0.17,454.23999999999944,837.2891272066472,TIME,drift,0.5425127178175941
2025-11-06 09:00:00,2025-11-07 10:02:00,1,3991.77,4009.37,0.13,217.5575999999988,804.700000000005,TIME,inside,0.2703586429725332
2025-11-06 10:15:00,2025-11-07 11:17:00,1,4009.38,4013.14,0.08,23.16159999999811,794.151681700236,TIME,lw,0.02916520928396244
2025-11-07 01:05:00,2025-11-07 23:00:00,1,3979.21,4004.05,0.05,123.85000000000073,720.6427586229736,TIME,friday,0.17186046556085172
2025-11-07 23:05:00,2025-11-07 23:55:00,1,4004.93,4001.5,0.28,-97.99999999999542,838.0965338955305,TIME,fri_close,-0.11693163739084407
2025-11-07 10:15:00,2025-11-10 11:18:00,1,4009.91,4077.39,0.08,532.9216000000002,768.8722758645051,TIME,lw,0.693121103112729
2025-11-07 18:45:00,2025-11-10 19:48:00,1,4021.0,4096.24,0.15,1115.6279999999967,843.9000000000008,TIME,nr7,1.321990757198715
2025-11-10 18:15:00,2025-11-10 23:45:00,1,4091.56,4113.86,0.09,200.06999999999752,837.2555024655989,TIME,tday,0.23895931338858892
2025-11-10 03:30:00,2025-11-11 04:32:00,1,4048.22,4131.22,0.11,903.487200000005,808.2799999999984,TIME,nr7,1.1177898747958712
2025-11-11 01:15:00,2025-11-11 09:10:00,1,4119.540000000001,4127.85,0.17,140.07999999999134,827.635976662975,TIME,drift,0.16925315470793492
2025-11-10 10:15:00,2025-11-11 11:17:00,1,4079.52,4142.5,0.09,559.0368000000002,837.2555024655989,TIME,lw,0.6677015538909162
2025-11-12 01:15:00,2025-11-12 09:10:00,1,4133.43,4122.05,0.18,-206.10000000000196,848.426339102676,TIME,drift,-0.24292032260335078
2025-11-12 17:15:00,2025-11-12 19:50:00,1,4162.200000000001,4202.68,0.09,363.6899999999961,826.1631628402358,NEWS,lw,0.4402157059988969
2025-11-12 18:15:00,2025-11-12 19:50:00,1,4184.02,4202.68,0.09,167.3099999999987,826.1631628402358,NEWS,tday,0.20251447598415043
2025-11-13 01:15:00,2025-11-13 09:10:00,1,4199.110000000001,4210.49,0.14,158.3399999999888,853.647364584295,TIME,drift,0.18548642749819352
2025-11-13 15:00:00,2025-11-13 18:50:00,1,4242.830000000001,4201.13,0.09,-375.93000000000654,839.7172226373623,NEWS,lw,-0.44768642331676284
2025-11-14 01:15:00,2025-11-14 09:10:00,1,4176.700000000001,4173.98,0.1,-27.90000000001164,817.3156958796594,TIME,drift,-0.03413613630652653
2025-11-14 01:05:00,2025-11-14 16:33:00,1,4177.1900000000005,4036.602334591837,0.06,-843.9459924489809,843.6459924489792,SL,friday,-1.0003555993896573
2025-11-14 23:05:00,2025-11-14 23:55:00,1,4084.07,4085.04,0.18,16.199999999996397,837.4708470886701,TIME,fri_close,0.01934395693451663
2025-11-18 01:15:00,2025-11-18 09:10:00,1,4050.46,4007.26,0.09,-389.42999999999836,807.4115476557653,TIME,drift,-0.4823190863824867
2025-11-19 01:15:00,2025-11-19 09:10:00,1,4071.45,4087.24,0.11,172.9199999999996,820.3310797761263,TIME,drift,0.21079293990322856
2025-11-19 12:00:00,2025-11-19 17:20:00,1,4113.56,4129.33,0.08,125.5999999999962,790.6273001005533,NEWS,lw,0.15886119791717562
2025-11-20 01:15:00,2025-11-20 09:10:00,1,4088.53,4075.47,0.11,-144.4300000000044,832.3915752415329,TIME,drift,-0.1735120876951398
2025-11-20 10:15:00,2025-11-20 14:20:00,-1,4047.1299999999997,4077.41,0.08,-242.8000000000016,778.2567786648,NEWS,lw,-0.31197929353928194
2025-11-21 01:15:00,2025-11-21 09:10:00,1,4085.51,4030.32,0.1,-552.6000000000006,846.1149000161133,TIME,drift,-0.653102787800424
2025-11-21 01:05:00,2025-11-21 23:00:00,1,4073.79,4067.25,0.06,-39.65999999999978,858.7546705694784,TIME,friday,-0.04618315493259498
2025-11-21 23:05:00,2025-11-21 23:55:00,1,4060.12,4065.82,0.22,123.860000000006,864.5481467824234,TIME,fri_close,0.143265589615771
2025-11-25 01:15:00,2025-11-25 09:10:00,1,4129.370000000001,4145.81,0.13,212.8099999999948,824.361806740043,TIME,drift,0.2581512125623052
2025-11-26 01:15:00,2025-11-26 09:10:00,1,4133.530000000001,4152.49,0.13,245.56999999998865,846.6740880341005,TIME,drift,0.2900407647648455
2025-11-26 04:30:00,2025-11-26 14:20:00,1,4162.67,4169.51,0.16,108.32000000000232,853.9200000000029,NEWS,nr7,0.12685029042533488
2025-11-26 10:15:00,2025-11-26 14:20:00,1,4165.8,4169.51,0.09,32.760000000000325,823.4967205689302,NEWS,lw,0.039781579187549626
2025-11-27 01:15:00,2025-11-27 09:10:00,1,4167.05,4157.41,0.17,-165.07000000000556,866.7408246459411,TIME,drift,-0.19044908847744163
2025-11-28 01:15:00,2025-11-28 09:10:00,1,4162.910000000001,4185.67,0.25,567.2499999999827,867.8822198833861,TIME,drift,0.653602513110825
2025-11-28 18:15:00,2025-12-01 03:00:00,1,4199.830000000001,4230.81,0.1,301.15199999999567,836.5662458965371,TIME,tday,0.3599858367190694
2025-11-28 01:05:00,2025-12-01 04:55:00,1,4159.660000000001,4238.76,0.06,469.41119999999665,752.6996213068834,TIME,friday,0.6236368223289073
2025-11-28 02:30:00,2025-12-01 08:25:00,1,4170.900000000001,4227.59,0.3,1674.755999999988,843.2999999999989,TIME,inside,1.9859551760939052
2025-11-28 13:15:00,2025-12-01 16:30:00,1,4172.320000000001,4246.62,0.1,734.3519999999927,836.5662458965371,TIME,lw,0.8778169136061631
2025-12-01 12:15:00,2025-12-01 16:35:00,1,4258.9400000000005,4242.66,0.1,-163.50000000000654,828.1686569039274,NEWS,lw,-0.19742355453446428
2025-12-02 01:15:00,2025-12-02 02:50:00,1,4233.39,4225.42,0.14,-112.56000000000357,851.5372417370862,NEWS,drift,-0.1321844711928133
2025-12-02 11:30:00,2025-12-03 12:32:00,-1,4194.5599999999995,4202.56,0.1,-77.2590000000091,811.1566099822185,TIME,lw,-0.09524547917041902
2025-12-03 16:00:00,2025-12-03 16:35:00,1,4237.410000000001,4239.28,0.1,17.999999999989814,804.9597092692029,NEWS,lw,0.022361367646998677
2025-12-04 01:15:00,2025-12-04 09:10:00,1,4206.84,4189.13,0.14,-248.92000000000053,851.2308999876176,TIME,drift,-0.29242359505936805
2025-12-05 01:15:00,2025-12-05 09:10:00,1,4208.240000000001,4228.64,0.18,365.93999999999346,839.0099034327612,TIME,drift,0.43615694940282684
2025-12-05 01:05:00,2025-12-05 23:00:00,1,4209.26,4202.14,0.07,-50.329999999999245,794.5749510705103,TIME,friday,-0.06334204209708717
2025-12-05 23:05:00,2025-12-05 23:55:00,1,4200.76,4196.28,0.3,-136.50000000001418,884.3445998409687,TIME,fri_close,-0.1543515955483427
2025-12-05 15:00:00,2025-12-08 16:03:00,1,4228.990000000001,4198.87,0.11,-340.8328000000088,832.6685201691059,TIME,lw,-0.40932591030436616
2025-12-09 01:15:00,2025-12-09 09:10:00,1,4191.4400000000005,4184.83,0.19,-126.92000000001106,882.9526304015461,TIME,drift,-0.14374497071523623
2025-12-09 11:30:00,2025-12-09 16:50:00,1,4207.42,4205.57,0.12,-23.040000000004362,873.4724299178796,NEWS,lw,-0.026377478224665307
2025-12-09 18:15:00,2025-12-09 19:50:00,1,4218.71,4206.66,0.12,-145.4400000000022,873.4724299178796,NEWS,tday,-0.16650783129317073
2025-12-10 01:15:00,2025-12-10 09:10:00,1,4208.68,4207.59,0.19,-22.040000000002763,847.1828323713406,TIME,drift,-0.026015635772871873
2025-12-11 01:15:00,2025-12-11 09:10:00,1,4225.63,4211.25,0.17,-245.65000000000185,873.3103394947407,TIME,drift,-0.2812860318842947
2025-12-11 17:45:00,2025-12-11 19:50:00,1,4254.9400000000005,4275.05,0.12,240.47999999999607,842.6365339598048,NEWS,lw,0.2853899520234514
2025-12-11 18:15:00,2025-12-11 19:50:00,1,4256.150000000001,4275.05,0.12,225.95999999999563,842.6365339598048,NEWS,tday,0.2681583231837113
2025-12-12 01:15:00,2025-12-12 09:10:00,1,4281.97,4287.25,0.14,72.93999999999645,846.5713945803943,TIME,drift,0.0861593014681879
2025-12-12 16:00:00,2025-12-12 17:58:00,1,4341.240000000001,4288.242259279586,0.16,-849.0838515266415,848.2838515266324,SL,trendH4,-1.0009430805485326
2025-12-12 12:00:00,2025-12-12 18:39:00,1,4318.540000000001,4266.071325557459,0.16,-840.6187910806668,839.8187910806657,SL,trendH4,-1.0009525864490025
2025-12-12 01:05:00,2025-12-12 23:00:00,1,4283.17,4299.35,0.08,128.88000000000233,852.162495819819,TIME,friday,0.15123876095487387
2025-12-12 23:05:00,2025-12-12 23:55:00,1,4300.09,4300.48,0.2,6.399999999988359,868.7372444676796,TIME,fri_close,0.007367014641935803
2025-12-12 11:15:00,2025-12-15 12:18:00,1,4317.14,4343.17,0.12,301.98239999999697,852.4424958198189,TIME,lw,0.3542554500518791
2025-12-16 01:15:00,2025-12-16 09:10:00,1,4306.52,4286.4,0.15,-302.850000000012,837.9577937315454,TIME,drift,-0.3614143841915687
2025-12-15 10:15:00,2025-12-16 11:17:00,1,4343.1,4284.53,0.12,-713.2176000000075,873.9251746898315,TIME,lw,-0.8161083129950325
2025-12-17 01:15:00,2025-12-17 09:10:00,1,4304.55,4325.48,0.14,292.0399999999913,826.3752727545522,TIME,drift,0.3533987640101282
2025-12-17 15:45:00,2025-12-17 17:20:00,1,4338.52,4337.47,0.12,-13.44000000000218,859.607114911131,NEWS,lw,-0.015635049741755166
2025-12-18 01:15:00,2025-12-18 09:10:00,1,4336.330000000001,4331.31,0.15,-76.35000000000655,850.4630816410297,TIME,drift,-0.08977462002546158
2025-12-18 18:15:00,2025-12-18 23:45:00,1,4362.490000000001,4330.89,0.12,-380.0400000000043,838.8780352746218,TIME,tday,-0.4530336759569481
2025-12-19 01:15:00,2025-12-19 09:10:00,1,4335.030000000001,4324.87,0.14,-143.2200000000107,856.4100196453987,TIME,drift,-0.16723298036530648
2025-12-19 01:05:00,2025-12-19 16:50:00,1,4336.030000000001,4327.17,0.08,-71.44000000000466,835.0781756121493,NEWS,friday,-0.08554887684333982
2025-12-19 23:05:00,2025-12-19 23:55:00,1,4337.86,4338.53,0.38,22.800000000002765,861.4816985709136,TIME,fri_close,0.02646602944418321
2025-12-22 02:15:00,2025-12-23 03:17:00,1,4359.91,4483.83,0.17,2091.9384000000014,858.3300000000013,TIME,inside,2.4372192513368964
2025-12-22 10:15:00,2025-12-23 11:17:00,1,4412.51,4479.24,0.12,790.3823999999946,816.2325916398524,TIME,lw,0.9683298707934175
2025-12-22 04:00:00,2025-12-23 15:20:00,1,4383.19,4495.52,0.15,1671.9780000000123,822.3617156659756,NEWS,trendH4,2.03314182573053
2025-12-22 08:00:00,2025-12-23 15:20:00,1,4400.3,4495.52,0.15,1415.3280000000038,827.616129882677,NEWS,trendH4,1.710126167068108
2025-12-22 12:00:00,2025-12-23 15:20:00,1,4411.34,4495.52,0.15,1249.7280000000044,818.3428233885429,NEWS,trendH4,1.5271448154518037
2025-12-22 16:00:00,2025-12-23 15:20:00,1,4423.87,4495.52,0.16,1132.563200000009,863.2620610337239,NEWS,trendH4,1.3119575747876688
2025-12-23 14:00:00,2025-12-23 15:20:00,1,4493.79,4495.52,0.09,14.940000000004254,639.92055489204,NEWS,lw,0.023346648089034677
2025-12-24 01:15:00,2025-12-24 09:10:00,1,4495.45,4492.08,0.15,-51.59999999999836,880.998627837648,TIME,drift,-0.05856989826039468
2025-12-24 04:00:00,2025-12-24 15:20:00,1,4518.94,4480.15,0.15,-582.8999999999994,868.1884250289961,NEWS,trendH4,-0.6713980320349601
2025-12-26 01:15:00,2025-12-26 09:10:00,1,4489.349999999999,4514.45,0.13,325.3900000000047,857.0698111113327,TIME,drift,0.37965402092284967
2025-12-26 01:05:00,2025-12-26 23:00:00,1,4495.889999999999,4531.16,0.08,281.6000000000035,857.0126107262232,TIME,friday,0.3285832629246595
2025-12-26 18:15:00,2025-12-26 23:45:00,1,4539.3,4532.33,0.12,-84.48000000000306,857.2926107262232,TIME,tday,-0.09854278334259642
2025-12-26 23:05:00,2025-12-26 23:55:00,1,4529.139999999999,4532.04,0.24,67.92000000001309,894.9609336102878,TIME,fri_close,0.07589158079339021
2025-12-26 17:30:00,2025-12-29 09:00:00,1,4533.61,4462.188949106147,0.12,-867.4302107262267,857.2926107262232,SL,lw,-1.0118251340011153
2025-12-29 10:15:00,2025-12-29 23:50:00,-1,4483.74,4332.339999999999,0.12,1815.9600000000064,856.4174242457782,NEWS,lw,2.120414588247395
2025-12-30 01:15:00,2025-12-30 09:10:00,1,4340.98,4363.68,0.09,203.67000000000655,908.549569146522,TIME,drift,0.22417048768327646
2025-12-31 01:15:00,2025-12-31 09:10:00,1,4346.11,4325.16,0.1,-210.1999999999982,860.230993741402,TIME,drift,-0.2443529720845973
2025-12-31 11:00:00,2025-12-31 15:20:00,-1,4307.24,4314.29,0.1,-71.20000000000184,836.853676435104,NEWS,lw,-0.08508058458117226
2026-01-02 01:15:00,2026-01-02 09:10:00,1,4331.139999999999,4373.37,0.1,421.6000000000048,870.6478599680312,TIME,drift,0.48423710593567104
2026-01-02 01:05:00,2026-01-02 16:35:00,1,4327.67,4355.2,0.07,192.2199999999982,889.8773345242267,NEWS,friday,0.2160072995934532
2026-01-02 01:10:00,2026-01-02 16:35:00,1,4333.49,4355.2,0.05,108.2000000000002,847.3855566897397,NEWS,tom,0.12768685888708906
2026-01-02 10:15:00,2026-01-02 16:35:00,1,4385.3,4355.2,0.1,-301.7000000000036,847.7355566897397,NEWS,lw,-0.3558892836559667
2026-01-02 23:05:00,2026-01-02 23:55:00,1,4330.9,4333.0,0.27,54.81000000000983,894.0315309297694,TIME,fri_close,0.061306562580638366
2026-01-05 10:15:00,2026-01-05 16:50:00,1,4424.58,4436.95,0.1,122.99999999999892,853.2973026404724,NEWS,lw,0.14414671137408205
2026-01-05 18:15:00,2026-01-05 23:45:00,1,4446.62,4445.96,0.1,-7.299999999998545,853.2973026404724,TIME,tday,-0.008555048723826005
2026-01-06 01:15:00,2026-01-06 09:10:00,1,4451.83,4469.16,0.14,241.639999999999,882.784555702665,TIME,drift,0.27372477060120537
2026-01-06 18:15:00,2026-01-06 23:45:00,1,4479.08,4496.26,0.1,171.10000000000295,880.1974953090096,TIME,tday,0.19438819232260499
2026-01-07 01:15:00,2026-01-07 09:10:00,1,4497.8,4449.03,0.14,-683.7600000000062,860.4619948405685,TIME,drift,-0.7946428826606076
2026-01-07 10:15:00,2026-01-07 15:05:00,-1,4465.74,4445.849999999999,0.1,198.20000000000329,867.0691027869373,NEWS,lw,0.22858616385124092
2026-01-08 01:15:00,2026-01-08 09:10:00,1,4460.0599999999995,4437.75,0.14,-313.31999999999294,892.970846533863,TIME,drift,-0.35087371689251595
2026-01-08 10:15:00,2026-01-08 15:20:00,-1,4425.7699999999995,4426.04,0.1,-3.4000000000043658,860.1927383021562,NEWS,lw,-0.003952602537328167
2026-01-09 01:15:00,2026-01-09 09:10:00,1,4477.19,4474.68,0.14,-36.11999999999033,870.1444493559463,TIME,drift,-0.04151034926066036
2026-01-09 01:05:00,2026-01-09 15:20:00,1,4477.57,4463.71,0.07,-97.50999999999772,892.4054198446023,NEWS,friday,-0.10926648116612456
2026-01-09 23:05:00,2026-01-09 23:55:00,1,4506.98,4509.97,0.28,81.76000000001936,893.4798271091545,TIME,fri_close,0.09150738216950355
2026-01-09 17:45:00,2026-01-12 18:48:00,1,4514.62,4615.26,0.1,997.7520000000034,850.1432569948593,TIME,lw,1.173628081844607
2026-01-12 01:30:00,2026-01-12 19:50:00,1,4538.08,4617.41,0.1,792.5999999999992,850.1000000000051,NEWS,nr7,0.9323608987177914
2026-01-12 04:00:00,2026-01-12 19:50:00,1,4570.48,4617.41,0.12,562.3200000000035,860.062974009877,NEWS,trendH4,0.6538125893017989
2026-01-12 10:15:00,2026-01-12 19:50:00,1,4583.639999999999,4617.41,0.1,337.0000000000044,835.3187386380841,NEWS,lw,0.4034388125297585
2026-01-12 16:00:00,2026-01-12 19:50:00,1,4616.04,4617.41,0.12,15.59999999999869,846.4484873417194,NEWS,trendH4,0.01842994610220246
2026-01-12 18:15:00,2026-01-12 19:50:00,1,4629.37,4617.41,0.1,-120.30000000000038,835.3187386380841,NEWS,tday,-0.14401688174281743
2026-01-13 01:15:00,2026-01-13 09:10:00,1,4579.41,4584.6,0.13,66.56000000000662,909.6105170870779,TIME,drift,0.07317417592439157
2026-01-14 01:15:00,2026-01-14 09:10:00,1,4596.17,4632.06,0.12,429.84000000000395,902.1487000566578,TIME,drift,0.4764624722875604
2026-01-14 10:15:00,2026-01-14 15:20:00,1,4627.57,4628.56,0.11,10.120000000007604,931.5426709837745,NEWS,lw,0.010863699876807761
2026-01-15 01:15:00,2026-01-15 09:10:00,1,4617.01,4608.86,0.13,-106.86000000000709,874.921946880259,TIME,drift,-0.12213660930674064
2026-01-15 10:15:00,2026-01-15 15:20:00,-1,4603.84,4605.44,0.11,-18.369999999993997,909.3810516277905,NEWS,lw,-0.020200552856376026
2026-01-16 01:15:00,2026-01-16 09:10:00,1,4614.36,4606.29,0.14,-113.95999999999593,885.9876410537241,TIME,drift,-0.12862481903749906
2026-01-16 01:05:00,2026-01-16 23:00:00,1,4618.95,4581.94,0.07,-259.56000000000154,844.3997957609964,TIME,friday,-0.30738993697420175
2026-01-16 23:05:00,2026-01-16 23:55:00,1,4582.85,4595.59,0.23,291.40999999999497,892.9420757155865,TIME,fri_close,0.3263481561964304
2026-01-20 01:15:00,2026-01-20 09:10:00,1,4671.12,4713.88,0.17,725.7300000000038,925.348033838458,TIME,drift,0.7842778862236147
2026-01-19 10:15:00,2026-01-20 13:45:00,1,4669.69,4732.24,0.11,678.537200000002,887.8498353321257,TIME,lw,0.7642477060844143
2026-01-20 18:15:00,2026-01-20 23:45:00,1,4741.63,4759.24,0.11,192.9399999999964,899.0434185226878,TIME,tday,0.21460587556164556
2026-01-20 10:15:00,2026-01-21 11:17:00,1,4724.72,4860.88,0.11,1488.2471999999984,899.0434185226878,TIME,lw,1.6553674375877117
2026-01-19 04:00:00,2026-01-22 15:20:00,1,4657.62,4831.37,0.12,2036.4719999999998,884.9919312536741,NEWS,trendH4,2.3011192849127404
2026-01-20 08:00:00,2026-01-22 15:20:00,1,4714.85,4831.37,0.14,1585.7911999999935,909.9525036763523,NEWS,trendH4,1.7427186513506427
2026-01-20 12:00:00,2026-01-22 15:20:00,1,4732.71,4831.37,0.14,1335.7511999999979,909.0518784925345,NEWS,trendH4,1.4693894062625465
2026-01-20 20:00:00,2026-01-22 15:20:00,1,4759.42,4831.37,0.14,961.8111999999976,906.9809703395133,NEWS,trendH4,1.060453561269273
2026-01-22 18:15:00,2026-01-22 18:50:00,1,4873.92,4881.3,0.11,80.4100000000012,957.1462639302764,NEWS,tday,0.08401014874134084
2026-01-23 01:15:00,2026-01-23 09:10:00,1,4943.4,4956.18,0.1,127.10000000000655,968.9832993920571,TIME,drift,0.13116841134387913
2026-01-22 19:30:00,2026-01-23 20:32:00,1,4890.19,4979.28,0.11,970.4772000000017,957.1462639302764,TIME,lw,1.0139277940813196
2026-01-23 01:05:00,2026-01-23 23:00:00,1,4952.52,4981.49,0.07,202.29999999999544,974.4796430291091,TIME,friday,0.20759797441346084
2026-01-23 18:15:00,2026-01-23 23:45:00,1,4971.33,4982.38,0.1,109.80000000000182,928.3091838372466,TIME,tday,0.1182795580521287
2026-01-23 23:05:00,2026-01-23 23:55:00,1,4984.19,4986.18,0.23,44.1600000000159,970.6995310282409,TIME,fri_close,0.0454929652157534
2026-01-22 20:00:00,2026-01-26 15:20:00,1,4904.78,5076.84,0.11,1874.4044000000044,949.4678351460981,NEWS,trendH4,1.9741631370920354
2026-01-23 04:00:00,2026-01-26 15:20:00,1,4953.81,5076.84,0.11,1343.8171999999972,938.3593462193545,NEWS,trendH4,1.4320923060171251
2026-01-26 04:00:00,2026-01-26 15:20:00,1,5071.03,5076.84,0.1,57.400000000004,909.4222008957877,NEWS,trendH4,0.06311699884109336
2026-01-26 10:15:00,2026-01-26 15:20:00,1,5096.4,5076.84,0.1,-196.2999999999949,926.2728135631575,NEWS,lw,-0.2119246048525101
2026-01-26 18:15:00,2026-01-26 21:48:00,1,5101.77,5009.1627186436845,0.1,-926.77281356316,926.2728135631575,SL,tday,-1.0005397977708954
2026-01-27 01:15:00,2026-01-27 09:10:00,1,5040.38,5093.49,0.07,371.27999999999776,922.8514376084255,TIME,drift,0.4023182766688557
2026-01-27 10:15:00,2026-01-27 16:50:00,1,5086.85,5065.21,0.1,-217.1000000000033,948.0890411657895,NEWS,lw,-0.22898693115685922
2026-01-27 18:15:00,2026-01-27 23:45:00,1,5095.33,5185.33,0.1,899.3,948.0890411657895,TIME,tday,0.9485396001352389
2026-01-28 01:15:00,2026-01-28 09:10:00,1,5171.21,5272.34,0.08,808.480000000001,951.4450938256149,TIME,drift,0.8497389972859357
2026-01-28 04:00:00,2026-01-28 17:20:00,1,5204.91,5256.25,0.09,461.4300000000013,929.8160120318724,NEWS,trendH4,0.49625946857127723
2026-01-28 08:00:00,2026-01-28 17:20:00,1,5261.51,5256.25,0.09,-47.97000000000197,941.568711430279,NEWS,trendH4,-0.050946892582203265
2026-01-28 10:15:00,2026-01-28 17:20:00,1,5293.59,5256.25,0.09,-336.6900000000013,909.2351272599815,NEWS,lw,-0.3703002555726491
2026-01-28 12:00:00,2026-01-28 17:20:00,1,5278.37,5256.25,0.09,-199.709999999999,947.954775858765,NEWS,trendH4,-0.2106746071499867
2026-01-28 18:15:00,2026-01-28 20:50:00,1,5284.63,5278.71,0.09,-53.91000000000065,909.2351272599815,NEWS,tday,-0.059291593982362646
2026-01-29 01:15:00,2026-01-29 09:10:00,1,5475.09,5569.15,0.06,563.939999999997,903.6873886240361,TIME,drift,0.6240432334224094
2026-01-29 04:00:00,2026-01-29 15:20:00,1,5545.98,5518.48,0.07,-192.99000000000004,902.8419326825214,NEWS,trendH4,-0.2137583479608537
2026-01-29 10:15:00,2026-01-29 15:20:00,1,5538.0,5518.48,0.08,-156.7200000000035,899.2283590082386,NEWS,lw,-0.17428275969059784
2026-01-30 01:05:00,2026-01-30 04:14:00,1,5419.81,5210.179348208388,0.04,-838.802607166451,838.6026071664519,SL,friday,-1.0002384919845109
2026-01-30 01:15:00,2026-01-30 09:10:00,1,5422.42,5165.93,0.03,-769.6799999999994,936.3946380721238,TIME,drift,-0.8219611355150844
2026-01-30 10:15:00,2026-01-30 15:20:00,-1,5145.59,5074.929999999999,0.07,494.13000000000545,978.5330416941939,NEWS,lw,0.5049701736637202
2026-01-30 23:05:00,2026-01-30 23:55:00,1,4859.42,4883.16,0.04,94.67999999999913,975.4751952262454,TIME,fri_close,0.09706038704350617
2026-02-02 01:10:00,2026-02-02 08:24:00,1,4816.34,4448.107764448479,0.02,-736.6044711030414,736.5044711030416,SL,tom,-1.000135776500922
2026-02-03 01:15:00,2026-02-03 09:10:00,1,4718.68,4884.86,0.02,332.2199999999988,777.138843557197,TIME,drift,0.42749117838368295
2026-02-03 18:15:00,2026-02-03 23:45:00,1,4944.41,4940.36,0.04,-16.48000000000073,822.2012945956816,TIME,tday,-0.02004375340725386
2026-02-04 01:15:00,2026-02-04 09:10:00,1,4933.07,5064.76,0.04,526.4800000000021,984.9697347577542,TIME,drift,0.5345138854743449
2026-02-03 10:15:00,2026-02-04 11:17:00,1,4928.73,5065.43,0.04,543.3408000000029,822.2012945956816,TIME,lw,0.6608367118507048
2026-02-04 10:15:00,2026-02-04 15:05:00,1,5077.74,5040.07,0.04,-150.9600000000003,859.4212021245615,NEWS,lw,-0.17565310190953454
2026-02-05 01:15:00,2026-02-05 05:00:00,1,5009.969999999999,4804.61327405715,0.04,-821.7069037713967,821.5069037713962,SL,drift,-1.0002434550447261
2026-02-05 11:15:00,2026-02-05 15:20:00,-1,4862.94,4836.98,0.04,103.56000000000016,865.8911162585214,NEWS,lw,0.11959933305180276
2026-02-06 01:15:00,2026-02-06 09:10:00,1,4769.03,4845.46,0.04,305.4400000000012,886.5650839525788,TIME,drift,0.3445206736974753
2026-02-06 01:05:00,2026-02-06 23:00:00,1,4777.35,4953.32,0.03,527.699999999998,989.2637553772053,TIME,friday,0.5334270027903595
2026-02-06 18:15:00,2026-02-06 23:45:00,1,4941.0,4960.54,0.04,77.87999999999985,879.438893668627,TIME,tday,0.088556465447098
2026-02-06 23:05:00,2026-02-06 23:55:00,1,4951.92,4964.33,0.16,197.43999999999767,966.100232580022,TIME,fri_close,0.20436802863893705
2026-02-06 14:15:00,2026-02-09 15:18:00,1,4896.09,5016.55,0.04,478.3808000000002,879.438893668627,TIME,lw,0.5439613865659373
2026-02-09 18:15:00,2026-02-09 23:45:00,1,5063.88,5061.7,0.04,-9.000000000001164,906.9732584065822,TIME,tday,-0.009923115060539747
2026-02-10 01:15:00,2026-02-10 09:10:00,1,5013.57,5028.6,0.07,104.7200000000046,889.6371557784576,TIME,drift,0.11771091092567021
2026-02-10 18:30:00,2026-02-11 15:20:00,-1,5010.12,5072.8099999999995,0.04,-249.6635999999984,876.8637399489692,NEWS,lw,-0.28472337106165213
2026-02-12 01:15:00,2026-02-12 09:10:00,1,5063.63,5063.47,0.08,-1.839999999998836,945.4346144828539,TIME,drift,-0.0019461948735664844
2026-02-13 01:15:00,2026-02-13 09:10:00,1,4910.71,4958.34,0.07,332.92000000000075,1003.4022960381341,TIME,drift,0.3317911482906834
2026-02-13 01:05:00,2026-02-13 15:20:00,1,4891.78,4962.01,0.03,210.4800000000014,915.8531236338816,NEWS,friday,0.22981850972442847
2026-02-13 18:15:00,2026-02-13 23:45:00,1,4997.82,5038.85,0.04,163.84000000000262,814.1849987856725,TIME,tday,0.20123190705351246
2026-02-13 23:05:00,2026-02-13 23:55:00,1,5034.2,5042.99,0.18,156.95999999999935,973.4603424474147,TIME,fri_close,0.16123923405588364
2026-02-13 18:30:00,2026-02-16 19:33:00,1,5028.11,4995.19,0.04,-135.1392000000003,814.1849987856725,TIME,lw,-0.16598095052298376
2026-02-17 01:15:00,2026-02-17 07:15:00,1,4991.29,4915.663376004962,0.13,-984.0561119354971,983.4061119354892,SL,drift,-1.0006609680295038
2026-02-17 10:15:00,2026-02-18 11:17:00,-1,4927.65,4917.0199999999995,0.05,54.52050000000055,961.484852007517,TIME,lw,0.05670448149668229
2026-02-18 15:00:00,2026-02-18 15:20:00,1,4943.31,4955.75,0.05,61.849999999998,949.3716482926944,NEWS,lw,0.06514835376770113
2026-02-18 18:15:00,2026-02-18 23:45:00,1,4999.83,4980.09,0.05,-99.0499999999989,949.3716482926944,TIME,tday,-0.10433216557301431
2026-02-19 01:15:00,2026-02-19 09:10:00,1,4977.21,5020.95,0.12,524.0399999999973,966.4263912914528,TIME,drift,0.5422451256734756
2026-02-20 01:15:00,2026-02-20 09:10:00,1,4999.09,5025.59,0.13,343.59,989.5241030954264,TIME,drift,0.34722751969879534
2026-02-20 01:05:00,2026-02-20 15:20:00,1,5002.09,5029.45,0.03,81.86999999999901,803.3440954352997,NEWS,friday,0.10191149778182781
2026-02-20 08:45:00,2026-02-20 15:20:00,1,5027.14,5029.45,0.15,33.59999999999236,1000.0499999999918,NEWS,nr7,0.03359832008398844
2026-02-20 10:45:00,2026-02-20 15:20:00,1,5022.82,5029.45,0.05,32.800000000000544,892.7212171503332,NEWS,lw,0.036741593422302474
2026-02-20 18:15:00,2026-02-20 23:45:00,1,5054.69,5099.62,0.05,224.3000000000015,892.7212171503332,TIME,tday,0.25125425014092573
2026-02-20 23:05:00,2026-02-20 23:55:00,1,5095.44,5103.91,0.23,193.20000000000584,1006.2454375436549,TIME,fri_close,0.19200087055462953
2026-02-23 18:15:00,2026-02-23 23:45:00,1,5202.7,5228.81,0.05,130.20000000000292,874.0554159253094,TIME,tday,0.14896080686390814
2026-02-24 01:15:00,2026-02-24 03:16:00,1,5244.8,5153.258456663068,0.11,-1007.7269767062585,1007.1769767062555,SL,drift,-1.000546080790887
2026-02-23 13:00:00,2026-02-24 14:02:00,1,5163.11,5170.51,0.05,32.67600000000273,874.0554159253094,TIME,lw,0.03738435733552504
2026-02-25 01:15:00,2026-02-25 09:10:00,1,5136.03,5193.16,0.1,570.6000000000012,993.9568379757826,TIME,drift,0.5740691931473021
2026-02-26 01:15:00,2026-02-26 09:10:00,1,5168.99,5184.81,0.1,157.50000000000622,942.8909381231697,TIME,drift,0.16703946727233476
2026-02-25 18:45:00,2026-02-26 15:20:00,1,5207.79,5171.68,0.05,-192.82199999999835,855.3937004662108,NEWS,lw,-0.225419008691443
2026-02-27 01:15:00,2026-02-27 09:10:00,1,5184.26,5187.2,0.11,31.5699999999956,998.1548991875409,TIME,drift,0.031628357508130596
2026-02-27 01:05:00,2026-02-27 15:20:00,1,5182.33,5218.31,0.04,143.6400000000019,955.3439921150385,NEWS,friday,0.15035421919804712
2026-02-27 18:15:00,2026-02-27 23:45:00,1,5254.04,5274.59,0.06,122.88000000000109,955.4839921150385,TIME,tday,0.128604980317877
2026-02-27 23:05:00,2026-02-27 23:55:00,1,5259.97,5280.2,0.24,483.8399999999895,976.276543696203,TIME,fri_close,0.49559728042646745
2026-03-02 01:10:00,2026-03-02 16:35:00,1,5351.58,5316.42,0.03,-105.68999999999954,935.9851355353929,NEWS,tom,-0.112918459906464
2026-03-02 10:15:00,2026-03-02 16:35:00,1,5409.95,5316.42,0.06,-561.5999999999984,936.1951355353929,NEWS,lw,-0.5998749391907806
2026-03-03 01:15:00,2026-03-03 09:10:00,1,5339.01,5313.5,0.08,-204.64000000000178,977.4373313109146,TIME,drift,-0.20936380619465772
2026-03-03 11:30:00,2026-03-04 12:32:00,-1,5242.33,5186.87,0.06,334.4046000000002,937.2483401400077,TIME,lw,0.35679401678113004
2026-03-05 01:15:00,2026-03-05 09:10:00,1,5147.09,5164.87,0.07,123.96999999999825,944.9241959453569,TIME,drift,0.13119570917111661
2026-03-05 16:45:00,2026-03-06 15:20:00,-1,5097.3099999999995,5077.12,0.05,102.32049999999802,844.2454484849549,NEWS,lw,0.12119757374305994
2026-03-06 23:05:00,2026-03-06 23:55:00,1,5161.29,5171.45,0.18,181.6199999999974,978.0553088997141,TIME,fri_close,0.18569501984945513
2026-03-06 17:15:00,2026-03-09 18:18:00,1,5149.53,5087.18,0.06,-379.28879999999674,1002.4363568832351,TIME,lw,-0.3783669630451928
2026-03-10 01:15:00,2026-03-10 09:10:00,1,5132.9800000000005,5175.67,0.08,340.9599999999968,989.757654726772,TIME,drift,0.34448836881602163
2026-03-10 16:30:00,2026-03-10 16:50:00,1,5221.900000000001,5205.19,0.06,-100.68000000000568,987.588083230953,NEWS,lw,-0.10194533703831772
2026-03-10 18:15:00,2026-03-10 23:45:00,1,5223.71,5197.92,0.06,-155.15999999999974,987.588083230953,TIME,tday,-0.15711003669909077
2026-03-11 01:15:00,2026-03-11 09:10:00,1,5190.66,5203.4,0.09,114.02999999999804,950.2674576982997,TIME,drift,0.11999779543771498
2026-03-12 01:15:00,2026-03-12 09:10:00,1,5175.31,5154.43,0.12,-251.4000000000013,961.192900689047,TIME,drift,-0.26154999669658513
2026-03-12 17:45:00,2026-03-12 19:50:00,-1,5148.7,5133.9,0.06,88.38000000000109,931.5313574797506,NEWS,lw,0.09487603320097818
2026-03-13 01:15:00,2026-03-13 09:10:00,1,5081.97,5105.47,0.1,234.3,925.3963788858384,TIME,drift,0.2531888014108
2026-03-13 01:05:00,2026-03-13 15:20:00,1,5084.070000000001,5106.83,0.04,90.75999999999723,923.426260516911,NEWS,friday,0.0982861370535337
2026-03-13 23:05:00,2026-03-13 23:55:00,1,5020.530000000001,5021.58,0.18,17.6399999999869,969.1928124196058,TIME,fri_close,0.01820071277246511
2026-03-17 01:15:00,2026-03-17 09:10:00,1,5004.3,5008.43,0.1,40.60000000000109,1002.3806071590643,TIME,drift,0.04050357689487743
2026-03-17 07:45:00,2026-03-18 08:47:00,1,5039.99,4999.75,0.14,-575.4671999999971,1011.7800000000103,TIME,nr7,-0.5687671232876625
2026-03-18 01:15:00,2026-03-18 09:10:00,1,5002.9,5002.82,0.13,-1.9499999999990543,963.5690909168538,TIME,drift,-0.002023726184640889
2026-03-18 14:00:00,2026-03-18 15:20:00,-1,4967.8099999999995,4905.45,0.07,436.02999999999776,982.1626251512134,NEWS,lw,0.44394888263322657
2026-03-19 01:15:00,2026-03-19 09:10:00,1,4818.849999999999,4833.4,0.09,130.32000000000164,1002.4770996734169,TIME,drift,0.12999798204114268
2026-03-19 10:45:00,2026-03-19 15:20:00,-1,4739.66,4616.86,0.06,736.3800000000011,871.4984159366803,NEWS,lw,0.8449585065608468
2026-03-20 01:15:00,2026-03-20 09:10:00,1,4671.2699999999995,4689.45,0.05,90.55000000000146,929.9553863151823,TIME,drift,0.09737026241526825
2026-03-20 01:05:00,2026-03-20 23:00:00,1,4659.63,4501.58,0.04,-632.4800000000007,965.4513862269175,TIME,friday,-0.6551132548183467
2026-03-20 23:05:00,2026-03-20 23:55:00,1,4503.25,4497.54,0.09,-52.02000000000033,919.7261889876498,TIME,fri_close,-0.05656031177850787
2026-03-23 10:15:00,2026-03-23 12:21:00,-1,4130.46,4298.349619297023,0.06,-1007.7577157821395,1007.4577157821378,SL,lw,-1.0002977792470116
2026-03-24 01:15:00,2026-03-24 09:10:00,1,4398.49,4369.16,0.03,-88.19999999999978,903.9166011576312,TIME,drift,-0.09757537353229653
2026-03-25 01:15:00,2026-03-25 09:10:00,1,4483.63,4540.78,0.04,228.31999999999854,844.7988932115061,TIME,drift,0.2702655055951118
2026-03-25 10:15:00,2026-03-25 17:20:00,1,4557.03,4556.92,0.05,-0.899999999998363,932.6634097244101,NEWS,lw,-0.0009649783519054331
2026-03-26 01:15:00,2026-03-26 09:10:00,1,4512.8099999999995,4438.21,0.06,-448.01999999999674,932.7817589280778,TIME,drift,-0.48030527581805055
2026-03-26 10:15:00,2026-03-26 15:20:00,-1,4447.57,4436.99,0.05,52.549999999999635,918.4195947440953,NEWS,lw,0.05721785586972581
2026-03-27 01:15:00,2026-03-27 09:10:00,1,4401.12,4461.81,0.06,363.72000000000304,958.6101237146626,TIME,drift,0.37942432590902514
2026-03-27 01:05:00,2026-03-27 23:00:00,1,4387.3099999999995,4514.39,0.03,381.03000000000253,829.5217327504223,TIME,friday,0.4593369708791497
2026-03-27 23:05:00,2026-03-27 23:55:00,1,4513.78,4495.59,0.14,-255.63999999999442,979.0174640291563,TIME,fri_close,-0.26111893749873
2026-03-27 10:15:00,2026-03-30 11:18:00,1,4455.3099999999995,4532.47,0.05,381.4760000000038,921.8074808338026,TIME,lw,0.41383478430327697
2026-03-30 14:45:00,2026-03-30 17:20:00,1,4566.44,4523.44,0.05,-215.35,920.2605179171023,NEWS,lw,-0.23400982200933548
2026-03-31 01:15:00,2026-03-31 09:10:00,1,4508.849999999999,4558.81,0.08,399.12000000000756,974.1059816168615,TIME,drift,0.409729544353615
2026-03-31 14:45:00,2026-03-31 16:35:00,1,4592.28,4578.39,0.05,-69.79999999999708,912.0133380658808,NEWS,lw,-0.07653396840447849
2026-04-01 01:15:00,2026-04-01 09:10:00,1,4669.3,4686.54,0.08,137.35999999999825,979.9331827503757,TIME,drift,0.14017282241067736
2026-04-01 01:10:00,2026-04-01 15:05:00,1,4669.969999999999,4748.01,0.02,155.94000000000176,735.8270511346543,NEWS,tom,0.21192479912166912
2026-04-01 14:45:00,2026-04-01 15:05:00,1,4760.84,4748.01,0.05,-64.49999999999963,919.9588139183179,NEWS,lw,-0.07011183438232324
2026-04-02 01:15:00,2026-04-02 08:33:00,1,4759.469999999999,4646.181512267127,0.08,-906.8679018629796,906.4679018629777,SL,drift,-1.0004412732091008
2026-04-02 10:15:00,2026-04-02 15:20:00,-1,4621.099999999999,4614.009999999999,0.05,35.100000000000726,901.1117557812952,NEWS,lw,0.03895188335387746
2026-04-07 01:15:00,2026-04-07 09:10:00,1,4664.15,4644.08,0.1,-201.39999999999708,997.3370333612999,TIME,drift,-0.2019377535006634
2026-04-08 01:15:00,2026-04-08 09:10:00,1,4732.38,4824.35,0.08,735.2000000000021,964.1765882001398,TIME,drift,0.7625159218732164
2026-04-08 10:15:00,2026-04-08 17:20:00,1,4812.73,4773.2,0.05,-197.99999999999872,872.1733700625023,NEWS,lw,-0.22701908450358846
2026-04-09 01:15:00,2026-04-09 09:10:00,1,4712.79,4720.54,0.07,53.760000000000005,885.6037126129859,TIME,drift,0.06070435256123802
2026-04-09 18:45:00,2026-04-09 19:50:00,1,4790.54,4784.47,0.05,-30.699999999998546,866.2967007723233,NEWS,lw,-0.03543820491597024
2026-04-10 01:15:00,2026-04-10 09:10:00,1,4770.410000000001,4759.27,0.1,-112.10000000000328,932.4382926305036,TIME,drift,-0.120222432825831
2026-04-10 01:05:00,2026-04-10 15:20:00,1,4772.6,4768.24,0.04,-17.72000000000233,1009.0777522891601,NEWS,friday,-0.017560589320102765
2026-04-10 23:05:00,2026-04-10 23:55:00,1,4753.25,4749.29,0.28,-112.84000000000101,994.1980761641977,TIME,fri_close,-0.11349850970880859
2026-04-13 01:30:00,2026-04-13 16:50:00,-1,4647.2699999999995,4739.88,0.06,-556.0800000000035,887.5200000000021,NEWS,inside,-0.6265548945375903
2026-04-14 01:15:00,2026-04-14 09:10:00,1,4748.78,4769.38,0.11,225.830000000004,928.0672508428693,TIME,drift,0.2433336590585494
2026-04-15 01:15:00,2026-04-15 09:10:00,1,4845.1900000000005,4817.62,0.13,-359.32000000000806,994.1458271289249,TIME,drift,-0.3614359082889456
2026-04-14 16:45:00,2026-04-15 17:20:00,1,4793.43,4824.63,0.06,182.01119999999892,945.8274496778981,NEWS,lw,0.19243594596665903
2026-04-16 01:15:00,2026-04-16 09:10:00,1,4792.360000000001,4824.1,0.14,443.379999999997,946.3668332273412,TIME,drift,0.46850754319861704
2026-04-17 01:15:00,2026-04-17 09:10:00,1,4795.64,4790.41,0.15,-79.50000000000709,973.6473213740865,TIME,drift,-0.08165174211932359
2026-04-17 01:05:00,2026-04-17 23:00:00,1,4795.75,4854.47,0.04,234.60000000000105,857.9008334337979,TIME,friday,0.2734581793807111
2026-04-17 23:05:00,2026-04-17 23:55:00,1,4850.38,4834.56,0.26,-413.1399999999924,1008.8159986630175,TIME,fri_close,-0.4095295877023425
2026-04-17 15:45:00,2026-04-20 16:48:00,1,4823.65,4822.7,0.07,-12.70359999999873,1001.0476390060974,TIME,lw,-0.01269030514133339
2026-04-21 01:15:00,2026-04-21 09:10:00,1,4829.26,4787.5,0.14,-585.6200000000031,1005.8098326332658,TIME,drift,-0.5822372987414703
2026-04-20 16:30:00,2026-04-21 15:20:00,1,4824.64,4783.71,0.07,-292.5636000000021,990.4392362199478,NEWS,lw,-0.29538773233235704
2026-04-22 01:15:00,2026-04-22 09:10:00,1,4722.03,4760.56,0.09,346.1400000000059,948.6825305612065,TIME,drift,0.3648638916068602
2026-04-23 01:15:00,2026-04-23 09:10:00,1,4736.65,4713.12,0.15,-353.9999999999962,967.4997381365739,TIME,drift,-0.36589157190037913
2026-04-23 10:15:00,2026-04-23 15:20:00,-1,4712.21,4731.79,0.07,-137.5499999999995,939.0750991163358,NEWS,lw,-0.1464739083481537
2026-04-24 01:15:00,2026-04-24 09:10:00,1,4697.5199999999995,4683.16,0.11,-158.7299999999964,950.465717608519,TIME,drift,-0.16700234112533732
2026-04-24 01:05:00,2026-04-24 23:00:00,1,4695.429999999999,4716.52,0.05,105.1000000000053,982.0499710596198,TIME,friday,0.10702103059644072
2026-04-24 23:05:00,2026-04-24 23:55:00,1,4711.61,4708.2,0.33,-114.8399999999952,997.0365071967684,TIME,fri_close,-0.11518133906939393
2026-04-28 01:15:00,2026-04-28 08:40:00,1,4689.51,4636.385534552984,0.18,-957.5003780462972,956.6003780462886,SL,drift,-1.0009408317419304
2026-04-28 10:15:00,2026-04-28 16:50:00,-1,4634.139999999999,4586.669999999999,0.08,379.20000000000203,983.0797012738814,NEWS,lw,0.3857266094586554
2026-04-28 18:15:00,2026-04-28 23:45:00,-1,4572.65,4593.65,0.08,-168.56,983.0797012738814,TIME,tday,-0.17146117428889926
2026-04-29 01:15:00,2026-04-29 09:10:00,1,4596.76,4592.6,0.14,-59.21999999999797,988.2141019226422,TIME,drift,-0.059926285088202205
2026-04-29 16:30:00,2026-04-29 17:20:00,-1,4537.8,4534.58,0.08,25.20000000000204,996.5397226114613,NEWS,lw,0.02528750177059145
2026-04-30 01:15:00,2026-04-30 09:10:00,1,4546.64,4565.21,0.12,221.9999999999965,972.2457933311472,TIME,drift,0.22833732120287328
2026-04-30 10:15:00,2026-04-30 15:20:00,1,4591.88,4631.36,0.08,315.2799999999965,982.6268852820716,NEWS,lw,0.3208542374753899
2026-05-01 01:15:00,2026-05-01 09:10:00,1,4631.62,4602.97,0.14,-402.079999999995,982.448599398185,TIME,drift,-0.4092631413453036
2026-05-01 01:05:00,2026-05-01 16:35:00,1,4629.0599999999995,4598.6,0.05,-152.64999999999563,912.8742974553745,NEWS,friday,-0.16721907980705072
2026-05-01 01:10:00,2026-05-01 16:35:00,1,4631.47,4598.6,0.04,-131.75999999999956,973.6392506190662,NEWS,tom,-0.13532732982593193
2026-05-01 23:05:00,2026-05-01 23:55:00,1,4609.46,4616.35,0.26,177.32000000000852,985.0143277785787,TIME,fri_close,0.180017686037018
2026-05-04 18:15:00,2026-05-04 23:45:00,-1,4548.5199999999995,4518.94,0.08,236.07999999999942,961.5878755748473,TIME,tday,0.24551058306435938
2026-05-04 10:15:00,2026-05-05 11:17:00,-1,4591.92,4550.61,0.08,332.6728000000032,961.5878755748473,TIME,lw,0.3459619328094459
2026-05-05 16:15:00,2026-05-05 16:35:00,1,4579.05,4580.38,0.08,10.079999999999417,971.2858844623584,NEWS,lw,0.010377994945925792
2026-05-06 01:15:00,2026-05-06 09:10:00,1,4550.9,4663.49,0.16,1800.3200000000024,967.787021178338,TIME,drift,1.8602440005942693
2026-05-06 10:15:00,2026-05-06 15:05:00,1,4658.82,4685.49,0.08,212.80000000000058,943.6397498579042,NEWS,lw,0.22550978806482513
2026-05-07 01:15:00,2026-05-07 09:10:00,1,4697.5199999999995,4707.73,0.13,131.82000000000048,970.1203650422977,TIME,drift,0.13588004617782976
2026-05-08 01:15:00,2026-05-08 09:10:00,1,4691.6,4725.5,0.11,372.129999999996,977.5044782906656,TIME,drift,0.3806939080736788
2026-05-08 01:05:00,2026-05-08 15:20:00,1,4694.26,4707.94,0.05,68.04999999999691,893.1664432046518,NEWS,friday,0.07618960667155805
2026-05-08 10:15:00,2026-05-08 15:20:00,1,4715.5599999999995,4707.94,0.08,-61.51999999999913,952.8975394182952,NEWS,lw,-0.06456098106576554
2026-05-08 23:05:00,2026-05-08 23:55:00,1,4723.32,4715.39,0.37,-295.9999999999771,1003.5650928055675,TIME,fri_close,-0.2949484812913124
2026-05-11 07:30:00,2026-05-11 16:50:00,-1,4671.71,4737.83,0.13,-860.4699999999987,1009.8399999999958,NEWS,nr7,-0.8520854788877468
2026-05-12 01:15:00,2026-05-12 09:10:00,1,4739.39,4704.71,0.13,-451.75000000000387,988.5274718413347,TIME,drift,-0.45699286349475654
2026-05-12 12:45:00,2026-05-12 15:20:00,-1,4695.17,4704.959999999999,0.08,-78.87999999999244,917.6175722535304,NEWS,lw,-0.08596173655030935
2026-05-13 01:15:00,2026-05-13 09:10:00,1,4715.05,4710.55,0.13,-59.41,997.7205381038428,TIME,drift,-0.0595457322276918
2026-05-14 01:15:00,2026-05-14 09:10:00,1,4691.47,4690.72,0.15,-12.299999999999999,947.9081122329364,TIME,drift,-0.012975941276655547
2026-05-15 01:15:00,2026-05-15 08:18:00,1,4655.7,4586.65425590147,0.14,-967.6204173794218,966.9204173794136,SL,drift,-1.000723947894187
2026-05-15 01:05:00,2026-05-15 23:00:00,1,4653.15,4545.82,0.06,-644.3999999999995,983.5083863050767,TIME,friday,-0.6552053942528474
2026-05-15 23:05:00,2026-05-15 23:55:00,1,4540.25,4538.42,0.24,-45.59999999999825,960.1454808460966,TIME,fri_close,-0.04749280281964641
2026-05-19 01:15:00,2026-05-19 09:10:00,1,4573.63,4537.7,0.11,-396.0000000000032,963.6133174397876,TIME,drift,-0.4109532245279992
2026-05-19 16:15:00,2026-05-20 17:17:00,-1,4524.3,4497.849999999999,0.08,213.79280000000583,894.7818471000363,TIME,lw,0.2389328758656677
2026-05-21 01:15:00,2026-05-21 09:10:00,1,4540.4,4531.21,0.13,-120.3799999999948,977.3734310486486,TIME,drift,-0.12316684306717449
2026-05-20 18:45:00,2026-05-21 15:20:00,1,4537.17,4512.55,0.08,-216.59519999999912,901.9431437357483,NEWS,lw,-0.2401428532433717
2026-05-21 16:00:00,2026-05-22 17:02:00,-1,4504.03,4507.61,0.08,-26.447199999999413,894.2443477546233,TIME,lw,-0.02957491435803451
2026-05-22 17:15:00,2026-05-25 18:18:00,-1,4497.33,4568.49,0.09,-637.9730999999987,987.002398993669,TIME,lw,-0.6463744167698734
2026-05-26 01:15:00,2026-05-26 08:01:00,1,4573.73,4523.069924262443,0.19,-963.8714390135702,962.9214390135726,SL,drift,-1.0009865810039196
2026-05-26 10:15:00,2026-05-26 16:50:00,-1,4528.51,4526.11,0.09,20.970000000004912,929.6188032139289,NEWS,lw,0.02255763322289339
2026-05-26 18:15:00,2026-05-26 23:45:00,-1,4509.44,4509.05,0.09,2.879999999994761,929.6188032139289,TIME,tday,0.0030980440477729877
2026-05-27 01:15:00,2026-05-27 09:10:00,1,4505.18,4497.87,0.16,-118.08000000000642,984.4840268470741,TIME,drift,-0.11994100135699663
2026-05-27 18:15:00,2026-05-27 23:45:00,-1,4432.05,4453.86,0.09,-196.9199999999954,926.0181744129343,TIME,tday,-0.21265241378749003
2026-05-27 10:15:00,2026-05-28 11:17:00,-1,4480.28,4393.889999999999,0.09,786.170700000003,926.0181744129343,TIME,lw,0.8489797735324254
2026-05-28 10:15:00,2026-05-28 15:20:00,-1,4388.76,4388.5,0.09,1.7100000000019646,948.2990190977251,NEWS,lw,0.0018032286921787313
2026-05-29 01:15:00,2026-05-29 09:10:00,1,4494.09,4514.31,0.11,221.6500000000028,909.0837469423566,TIME,drift,0.24381692087831072
2026-05-29 01:05:00,2026-05-29 16:35:00,1,4497.58,4525.05,0.06,164.40000000000154,976.8848034478876,NEWS,friday,0.16829005776295866
2026-05-29 23:05:00,2026-05-29 23:55:00,1,4544.759999999999,4539.91,0.27,-132.83999999998525,985.1507631232944,TIME,fri_close,-0.13484230533287417
2026-05-29 18:00:00,2026-06-01 03:20:00,1,4564.44,4538.37,0.09,-242.41319999999735,977.0948034478878,NEWS,lw,-0.2480958850099198
2026-06-01 01:10:00,2026-06-01 03:20:00,1,4526.05,4538.37,0.04,48.999999999998835,866.9023774490499,NEWS,tom,0.05652308872907514
2026-06-01 11:15:00,2026-06-01 16:35:00,-1,4495.599999999999,4466.349999999999,0.09,262.62,975.5801746301812,NEWS,lw,0.2691936622221263
2026-06-01 18:15:00,2026-06-01 23:45:00,-1,4464.23,4482.8,0.09,-167.76000000000556,975.5801746301812,TIME,tday,-0.17195921397603156
2026-06-02 01:15:00,2026-06-02 09:10:00,1,4484.87,4520.83,0.14,502.4600000000006,948.9853438406631,TIME,drift,0.5294707692391558
2026-06-02 10:15:00,2026-06-02 16:50:00,1,4540.25,4509.77,0.09,-274.94999999999607,969.1465907280258,NEWS,lw,-0.2837032112896903
2026-06-03 01:15:00,2026-06-03 09:10:00,1,4489.82,4465.15,0.17,-420.58000000000123,943.5929191656704,TIME,drift,-0.4457218695238622
2026-06-03 10:30:00,2026-06-03 15:05:00,-1,4456.13,4463.929999999999,0.09,-70.82999999999345,950.4118342474527,NEWS,lw,-0.07452558716935324
2026-06-04 01:15:00,2026-06-04 09:10:00,1,4432.18,4475.89,0.15,654.6000000000006,972.7516503140162,TIME,drift,0.672936406521323
2026-06-04 10:30:00,2026-06-04 15:20:00,1,4465.41,4492.48,0.09,242.99999999999739,927.7824175154919,NEWS,lw,0.2619148578507523
2026-06-05 01:15:00,2026-06-05 09:10:00,1,4475.66,4440.32,0.14,-495.7400000000021,927.7427720049254,TIME,drift,-0.5343507003872084
2026-06-05 01:05:00,2026-06-05 15:20:00,1,4474.1,4472.91,0.06,-7.560000000003055,920.2136734072423,NEWS,friday,-0.008215483227945216
2026-06-05 18:15:00,2026-06-05 23:45:00,-1,4352.889999999999,4324.349999999999,0.09,256.2299999999997,920.4236734072422,TIME,tday,0.2783826702886536
2026-06-05 16:00:00,2026-06-08 17:03:00,-1,4406.21,4325.839999999999,0.09,725.7969000000072,920.4236734072422,TIME,lw,0.7885465367413228
2026-06-09 01:15:00,2026-06-09 09:10:00,1,4325.5599999999995,4344.07,0.12,221.28000000000262,922.9421188384077,TIME,drift,0.23975501332467108
2026-06-09 18:15:00,2026-06-09 23:45:00,-1,4294.75,4261.61,0.09,297.63000000000295,949.5496469684894,TIME,tday,0.3134433264760929
2026-06-09 17:45:00,2026-06-10 15:20:00,-1,4284.98,4136.66,0.09,1337.3468999999973,949.5496469684894,NEWS,lw,1.408401239755689
2026-06-10 10:15:00,2026-06-10 15:20:00,-1,4200.22,4136.66,0.09,571.4100000000036,963.2325293278832,NEWS,lw,0.5932212447172206
2026-06-10 18:15:00,2026-06-10 19:50:00,-1,4123.23,4120.65,0.09,22.589999999999346,963.2325293278832,NEWS,tday,0.023452281055917016
2026-06-11 01:15:00,2026-06-11 09:10:00,1,4056.4500000000003,4080.78,0.09,218.33999999999935,981.1328221342303,TIME,drift,0.2225386767971441
2026-06-12 01:15:00,2026-06-12 09:10:00,1,4209.94,4181.71,0.07,-198.09999999999695,916.3725670715424,TIME,drift,-0.2161784487209895
2026-06-12 01:05:00,2026-06-12 23:00:00,1,4208.82,4210.7,0.05,9.050000000000548,893.2252442874668,TIME,friday,0.010131822916872224
2026-06-12 23:05:00,2026-06-12 23:55:00,1,4211.15,4216.96,0.23,132.02000000000922,1004.456629733807,TIME,fri_close,0.13143424623021913
2026-06-16 01:15:00,2026-06-16 09:10:00,1,4310.33,4316.95,0.13,85.14999999999858,977.9182610099132,TIME,drift,0.08707271701017497
2026-06-15 10:15:00,2026-06-16 11:17:00,1,4313.87,4340.77,0.08,208.28160000000437,928.4345276752055,TIME,lw,0.2243363358335458
2026-06-17 01:15:00,2026-06-17 09:10:00,1,4332.68,4327.61,0.17,-87.38000000001053,993.3824643847652,TIME,drift,-0.08796209227845377
2026-06-16 16:00:00,2026-06-17 15:20:00,1,4354.91,4323.61,0.08,-257.3184000000015,948.2034899841192,NEWS,lw,-0.2713746603108486
2026-06-18 01:15:00,2026-06-18 09:10:00,1,4266.03,4301.19,0.09,315.8099999999987,965.933241698321,TIME,drift,0.3269480605561684
2026-06-19 01:15:00,2026-06-19 08:00:00,1,4208.37,4124.193345160861,0.11,-926.7132032305266,926.1632032305241,SL,drift,-1.0005938478208636
2026-06-19 01:05:00,2026-06-22 04:00:00,1,4205.3099999999995,4200.77,0.05,-27.023999999995272,884.2039634754615,TIME,friday,-0.030563083990004354
2026-06-23 01:15:00,2026-06-23 07:59:00,1,4192.78,4124.038507646944,0.14,-963.3608929427833,962.6608929427802,SL,drift,-1.0007271511755955
2026-06-22 10:15:00,2026-06-23 11:17:00,1,4199.69,4095.18,0.08,-842.998399999998,928.2705923947431,TIME,lw,-0.9081386471860962
2026-06-24 01:15:00,2026-06-24 09:10:00,1,4114.16,4090.6,0.14,-330.8199999999993,983.2748106598045,TIME,drift,-0.336447142155518
2026-06-24 12:30:00,2026-06-24 16:50:00,-1,4069.2799999999997,4019.92,0.08,394.31999999999744,906.7398475240386,NEWS,lw,0.43487666399214203
2026-06-24 18:15:00,2026-06-24 23:45:00,-1,4001.79,3999.0800000000004,0.08,21.119999999996654,906.7398475240386,TIME,tday,0.023292237633172664
2026-06-25 01:15:00,2026-06-25 09:10:00,1,4001.8800000000006,3986.03,0.09,-143.28000000000327,954.1875746651309,TIME,drift,-0.15015915508047453
2026-06-26 01:15:00,2026-06-26 09:10:00,1,4023.1700000000005,4008.73,0.11,-159.6100000000056,984.3182518993444,TIME,drift,-0.16215283999054322
2026-06-26 01:05:00,2026-06-26 23:00:00,1,4029.8,4071.62,0.05,208.74999999999855,853.7194877147442,TIME,friday,0.24451825570807256
2026-06-26 23:05:00,2026-06-26 23:55:00,1,4071.6200000000003,4081.24,0.32,305.59999999998195,984.3487980247561,TIME,fri_close,0.3104590574125902
2026-06-26 17:00:00,2026-06-29 18:03:00,1,4073.75,4022.66,0.08,-415.6384000000012,910.8207868957272,TIME,lw,-0.4563338979302241
2026-06-29 18:15:00,2026-06-29 23:45:00,-1,4021.8399999999997,4015.9700000000003,0.08,46.39999999999549,910.3278735460323,TIME,tday,0.050970646234583514
2026-06-30 01:15:00,2026-06-30 04:07:00,1,4018.7900000000004,3951.48331569263,0.14,-943.2735803031834,942.5735803031798,SL,drift,-1.0007426475923273
2026-07-01 01:15:00,2026-07-01 09:10:00,1,4014.9000000000005,3966.91,0.13,-624.780000000009,934.7129909017062,TIME,drift,-0.6684190827360721
2026-06-30 17:30:00,2026-07-01 15:05:00,1,4054.32,4024.25,0.08,-247.4784000000013,895.5444540070299,NEWS,lw,-0.2763440707970245
2026-07-01 01:10:00,2026-07-01 15:05:00,1,4017.4200000000005,4024.25,0.04,27.03999999999789,900.3084215779564,NEWS,tom,0.030034152021598672
2026-07-02 01:15:00,2026-07-02 09:10:00,1,4037.01,4069.85,0.11,360.4699999999966,927.7820619387517,TIME,drift,0.3885287448290775
2026-07-03 01:15:00,2026-07-03 09:10:00,1,4124.84,4170.14,0.11,497.530000000002,912.1720068827472,TIME,drift,0.5454344095695931
2026-07-03 01:05:00,2026-07-06 04:00:00,1,4125.92,4179.76,0.05,264.8760000000007,865.8232298150893,TIME,friday,0.30592387785272207
2026-07-03 10:15:00,2026-07-06 15:15:00,1,4174.3099999999995,4156.03,0.08,-153.15839999999795,923.7314451360953,TIME,lw,-0.16580403406905
2026-07-06 18:15:00,2026-07-06 23:45:00,-1,4139.62,4163.28,0.08,-189.83999999999884,900.1963419120885,TIME,tday,-0.21088732664338938
2026-07-07 01:15:00,2026-07-07 09:10:00,1,4166.3,4122.99,0.17,-737.460000000007,974.5715653061282,TIME,drift,-0.7567017407986445
2026-07-07 10:15:00,2026-07-08 11:17:00,-1,4129.42,4106.2,0.08,187.95280000000204,878.490888918368,TIME,lw,0.21394962926868463
2026-07-08 12:00:00,2026-07-08 17:20:00,-1,4056.72,4054.86,0.09,16.109999999997054,974.4285178879383,NEWS,lw,0.0165327673649323
2026-07-08 18:15:00,2026-07-08 19:50:00,-1,4033.6699999999996,4058.38,0.09,-223.0200000000044,974.4285178879383,NEWS,tday,-0.22887261190117617
2026-07-09 01:15:00,2026-07-09 09:10:00,1,4077.4400000000005,4089.1,0.11,127.4899999999934,930.9360615188504,TIME,drift,0.13694818072896392
2026-07-09 16:30:00,2026-07-09 16:50:00,1,4126.3,4123.58,0.09,-25.11000000000229,977.0000523245141,NEWS,lw,-0.025701124519143744
2026-07-10 01:15:00,2026-07-10 09:10:00,1,4123.84,4117.76,0.16,-98.39999999999884,946.864809506633,TIME,drift,-0.1039219105114599
2026-07-10 01:05:00,2026-07-10 23:00:00,1,4125.3099999999995,4108.43,0.06,-101.6999999999952,960.9271914441915,TIME,friday,-0.10583528170032194
2026-07-10 23:05:00,2026-07-10 23:55:00,1,4113.83,4119.24,0.39,208.25999999999433,970.6860853795807,TIME,fri_close,0.21454927925391612
2026-07-13 18:15:00,2026-07-13 23:45:00,-1,4014.73,4000.3700000000003,0.09,128.60999999999706,931.8531063410351,TIME,tday,0.1380153149942165
2026-07-13 02:15:00,2026-07-14 03:17:00,-1,4070.21,3991.71,0.15,1181.6115,968.2500000000002,TIME,inside,1.2203578621223854
2026-07-13 10:15:00,2026-07-14 11:17:00,-1,4055.48,4020.48,0.09,317.4669,931.8531063410351,TIME,lw,0.34068341655966433
2026-07-15 01:15:00,2026-07-15 09:10:00,1,4050.9900000000002,4029.92,0.14,-295.96000000000237,968.1617210047997,TIME,drift,-0.30569273043850814
2026-07-16 01:15:00,2026-07-16 09:10:00,1,4063.8100000000004,4034.9,0.14,-405.7200000000044,964.8517006462747,TIME,drift,-0.42049985477379165
2026-07-16 10:15:00,2026-07-16 15:20:00,-1,4026.25,4029.08,0.09,-26.09999999999934,932.6270898801946,NEWS,lw,-0.02798546201714144
2026-07-16 18:15:00,2026-07-16 23:45:00,-1,3992.77,3974.8300000000004,0.09,160.8299999999964,932.6270898801946,TIME,tday,0.1724483469814893
2026-07-17 01:15:00,2026-07-17 09:10:00,1,3976.5200000000004,3988.63,0.14,168.55999999999543,970.1754847182713,TIME,drift,0.17374176389227508
2026-07-17 01:05:00,2026-07-17 23:00:00,1,3978.9200000000005,4015.33,0.06,218.03999999999638,928.2801548887523,TIME,friday,0.234885986576032
2026-07-17 23:05:00,2026-07-17 23:55:00,1,4014.1600000000003,4016.49,0.33,74.57999999998259,975.174192294167,TIME,fri_close,0.07647864411231783
2026-07-17 18:45:00,2026-07-20 19:48:00,1,4015.65,4008.65,0.09,-70.78320000000001,928.4901548887523,TIME,lw,-0.0762347340220112
2026-07-21 01:15:00,2026-07-21 09:10:00,1,4007.28,4067.77,0.18,1087.559999999996,988.12412270519,TIME,drift,1.100630958206526
2026-07-20 14:45:00,2026-07-21 15:47:00,1,4032.77,4054.23,0.09,185.3568000000003,903.4151438252699,TIME,lw,0.20517344796231388
2026-07-22 01:15:00,2026-07-22 09:10:00,1,4079.3300000000004,4130.71,0.18,923.5799999999938,966.3806951635338,TIME,drift,0.9557103164645718
2026-07-21 10:15:00,2026-07-22 11:17:00,1,4072.3900000000003,4114.29,0.1,410.35199999999645,973.5807039467071,TIME,lw,0.42148740041427396
2026-07-22 10:15:00,2026-07-22 17:20:00,1,4116.71,4149.0,0.1,322.19999999999965,966.5535108076564,NEWS,lw,0.333349365966058
2026-07-23 01:15:00,2026-07-23 09:10:00,1,4124.1,4122.45,0.17,-29.240000000009278,979.7755557492538,TIME,drift,-0.029843569609826474
2026-07-23 11:15:00,2026-07-23 15:20:00,-1,4091.3599999999997,4078.13,0.1,131.59999999999565,961.2996886071091,NEWS,lw,0.13689799503698957
2026-07-23 18:15:00,2026-07-23 23:45:00,-1,4051.3399999999997,4050.1600000000003,0.1,11.099999999993816,961.2996886071091,TIME,tday,0.011546867362536382
2026-07-24 01:15:00,2026-07-24 09:10:00,1,4049.26,4027.18,0.17,-376.55000000000655,955.912109274005,TIME,drift,-0.393916968251389
2026-07-24 01:05:00,2026-07-24 16:50:00,1,4049.2400000000002,4058.4,0.06,54.53999999999912,868.0518826216555,NEWS,friday,0.0628303458490057
2026-07-24 23:05:00,2026-07-24 23:55:00,1,4054.3500000000004,4053.26,0.41000000000000003,-47.560000000005964,994.8986412361105,TIME,fri_close,-0.04780386466395723
2026-07-28 01:15:00,2026-07-28 09:10:00,1,4077.28,4044.6,0.19,-622.2500000000056,965.1952726262804,TIME,drift,-0.6446881969353969
2026-07-28 10:15:00,2026-07-28 16:50:00,-1,4048.81,4025.36,0.1,233.79999999999822,916.8978920808381,NEWS,lw,0.25499022521406917
2026-07-29 01:15:00,2026-07-29 09:10:00,1,4024.7700000000004,4034.95,0.19,192.08999999998824,968.4421951591252,TIME,drift,0.19834947399046965
2026-07-30 01:15:00,2026-07-30 09:10:00,1,4076.6700000000005,4035.71,0.11,-451.33000000000544,990.7134012887487,TIME,drift,-0.4555606085603589
2026-07-31 01:15:00,2026-07-31 09:10:00,1,4107.0199999999995,4081.93,0.12,-301.91999999999626,975.5090677099465,TIME,drift,-0.30949994212638915
2026-07-31 01:05:00,2026-07-31 16:35:00,1,4103.41,4035.49,0.07,-475.9300000000006,968.967245753164,NEWS,friday,-0.4911724334191164
2026-07-31 23:05:00,2026-07-31 23:55:00,1,4048.9100000000003,4046.7,0.4,-91.20000000001964,990.6242868162623,TIME,fri_close,-0.09206315776198522
2026-08-03 01:10:00,2026-08-03 16:35:00,1,4075.4200000000005,4030.97,0.05,-222.60000000000366,921.6193329789887,NEWS,tom,-0.24153139157843442
2026-08-03 18:15:00,2026-08-03 23:45:00,-1,4033.2999999999997,4056.48,0.1,-232.50000000000293,921.9693329789887,TIME,tday,-0.2521775851792909
2026-08-04 01:15:00,2026-08-04 09:10:00,1,4051.6700000000005,4063.87,0.18,218.33999999998852,996.9614625210857,TIME,drift,0.21900545628700333
2026-08-05 01:15:00,2026-08-05 09:10:00,1,4077.2300000000005,4170.04,0.17,1576.5799999999913,988.8262414242419,TIME,drift,1.5943953891526854
2026-08-05 10:15:00,2026-08-05 15:05:00,1,4166.52,4194.8,0.11,310.3099999999972,971.4920357183369,NEWS,lw,0.31941589698216005
2026-08-06 01:15:00,2026-08-06 09:10:00,1,4247.870000000001,4262.68,0.12,176.87999999999388,941.5439936463655,TIME,drift,0.1878616412972714
2026-08-05 20:00:00,2026-08-06 15:20:00,1,4242.530000000001,4257.08,0.14,169.3383999999898,995.1677469335938,NEWS,trendH4,0.17016065936800254
2026-08-06 04:00:00,2026-08-06 15:20:00,1,4295.01,4257.08,0.13,-494.0000000000038,943.2078886355989,NEWS,trendH4,-0.5237445593405727
2026-08-07 01:15:00,2026-08-07 09:10:00,1,4239.280000000001,4282.26,0.12,514.9199999999947,957.1497150170032,TIME,drift,0.5379722648622921
2026-08-07 01:05:00,2026-08-07 15:20:00,1,4236.84,4314.3,0.07,541.7300000000002,1000.7741268006445,NEWS,friday,0.541310956680951
2026-08-07 10:15:00,2026-08-07 15:20:00,1,4291.47,4314.3,0.1,227.59999999999928,953.351549333947,NEWS,lw,0.23873669703375483
2026-08-07 12:00:00,2026-08-07 15:20:00,1,4306.33,4314.3,0.13,102.70000000000331,959.0244913301302,NEWS,trendH4,0.1070879846431892
2026-08-07 23:05:00,2026-08-07 23:55:00,1,4343.84,4341.36,0.25,-63.75000000001182,979.8376351477756,TIME,fri_close,-0.0650617997444008
2026-08-11 01:15:00,2026-08-11 09:10:00,1,4391.570000000001,4382.39,0.15,-138.75000000000438,1000.5030489275148,TIME,drift,-0.13868023705548613
2026-08-07 16:00:00,2026-08-11 16:50:00,1,4361.6900000000005,4394.82,0.13,409.11519999998956,1002.3007667636242,NEWS,trendH4,0.4081760820367331
2026-08-11 04:00:00,2026-08-11 16:50:00,1,4409.64,4394.82,0.13,-193.57000000000804,946.1645106799325,NEWS,trendH4,-0.2045838729048343
2026-08-12 01:15:00,2026-08-12 09:10:00,1,4374.35,4386.46,0.15,180.59999999999505,960.3457074789674,TIME,drift,0.18805727832542052
2026-08-12 10:45:00,2026-08-12 15:20:00,1,4408.09,4408.33,0.1,1.699999999997817,961.3316887342143,NEWS,lw,0.0017683802790649788
2026-08-12 16:00:00,2026-08-12 17:20:00,1,4437.6,4436.29,0.13,-17.940000000005202,944.6993747527147,NEWS,trendH4,-0.018990168173553826
2026-08-13 01:15:00,2026-08-13 09:10:00,1,4403.43,4379.21,0.13,-315.77000000000334,947.0976855052664,TIME,drift,-0.33340805793601264
2026-08-13 10:15:00,2026-08-13 15:20:00,-1,4376.8099999999995,4386.65,0.1,-99.10000000000147,948.9937109674846,NEWS,lw,-0.10442640330984969
2026-08-14 01:15:00,2026-08-14 09:10:00,1,4354.370000000001,4330.51,0.14,-335.0200000000082,976.9060058786891,TIME,drift,-0.34293985090067153
2026-08-14 01:05:00,2026-08-14 15:20:00,1,4353.320000000001,4372.23,0.07,131.87999999999263,1004.5988681932973,NEWS,friday,0.13127627770193473
2026-08-14 23:05:00,2026-08-14 23:55:00,1,4374.360000000001,4375.99,0.41000000000000003,63.9599999999672,1008.5925239761182,TIME,fri_close,0.06341510419670895
2026-08-18 01:15:00,2026-08-18 09:10:00,1,4417.01,4392.87,0.16,-387.36000000000524,986.6225673314661,TIME,drift,-0.3926121425011634
2026-08-18 03:30:00,2026-08-18 17:59:00,1,4431.62,4367.4,0.15,-964.3500000000038,963.600000000001,SL,nr7,-1.000778331257786
2026-08-17 17:30:00,2026-08-18 18:32:00,1,4418.43,4357.82,0.1,-614.7480000000058,950.130291599515,TIME,lw,-0.6470144204802655
2026-08-19 01:15:00,2026-08-19 09:10:00,1,4340.740000000001,4338.94,0.15,-28.05000000001637,955.2118360808428,TIME,drift,-0.029365214019021438
2026-08-19 15:45:00,2026-08-19 17:20:00,1,4417.75,4471.42,0.1,536.0000000000008,936.5924453077453,NEWS,lw,0.5722873408656228
2026-08-19 18:15:00,2026-08-19 23:45:00,1,4485.650000000001,4519.44,0.1,337.19999999999055,936.5924453077453,TIME,tday,0.36002852861918344
2026-08-20 01:15:00,2026-08-20 09:10:00,1,4520.25,4490.14,0.12,-362.15999999999605,973.2680202851583,TIME,drift,-0.37210716108178155
2026-08-19 20:00:00,2026-08-20 15:20:00,1,4493.530000000001,4466.94,0.13,-377.57720000001376,993.1393201357901,NEWS,trendH4,-0.3801855312187099
2026-08-21 01:15:00,2026-08-21 09:10:00,1,4518.72,4548.37,0.13,384.53999999999525,963.3242110050729,TIME,drift,0.3991802506435398
2026-08-21 01:05:00,2026-08-21 23:00:00,1,4520.04,4616.97,0.06,581.1600000000018,903.8525047515718,TIME,friday,0.642981013987162
2026-08-21 18:15:00,2026-08-21 23:45:00,1,4595.43,4607.91,0.1,124.09999999999565,1004.5138941684132,TIME,tday,0.12354234293865275
2026-08-21 23:05:00,2026-08-21 23:55:00,1,4617.58,4604.92,0.3,-381.89999999999566,1002.9331598770102,TIME,fri_close,-0.38078310228253703
2026-08-21 10:15:00,2026-08-24 11:18:00,1,4561.77,4631.71,0.1,690.7519999999961,1004.5138941684132,TIME,lw,0.687648029569402
2026-08-24 18:15:00,2026-08-24 23:45:00,1,4673.17,4647.79,0.09,-229.05000000000095,918.8087544121736,TIME,tday,-0.2492901802470747
2026-08-25 01:15:00,2026-08-25 09:10:00,1,4659.01,4648.07,0.12,-132.12000000000612,993.3319139658039,TIME,drift,-0.13300690146209723
2026-08-25 04:00:00,2026-08-25 16:47:00,1,4684.650000000001,4606.519295552306,0.05,-391.0035222384719,390.7535222384687,SL,trendH4,-1.0006397894984311
2026-08-21 12:00:00,2026-08-25 16:50:00,1,4584.27,4607.03,0.13,274.305199999991,996.1321410846265,NEWS,trendH4,0.27537029344451935
2026-08-21 20:00:00,2026-08-25 16:50:00,1,4629.12,4607.03,0.12,-284.99520000000166,943.6659990728081,NEWS,trendH4,-0.3020085499318843
2026-08-24 16:00:00,2026-08-25 16:50:00,1,4662.99,4607.03,0.12,-681.8976000000005,938.8670982619313,NEWS,trendH4,-0.7262983240784099
2026-08-24 16:15:00,2026-08-25 16:50:00,1,4677.39,4607.03,0.09,-641.0232000000052,918.8087544121736,NEWS,lw,-0.6976677104150065
2026-08-26 01:15:00,2026-08-26 09:10:00,1,4664.910000000001,4639.14,0.13,-335.9200000000057,981.4289123423412,TIME,drift,-0.34227644587958744
2026-08-26 12:30:00,2026-08-26 15:20:00,-1,4616.75,4629.18,0.09,-112.50000000000261,902.5441811002925,NEWS,lw,-0.12464763759581693
2026-08-27 01:15:00,2026-08-27 09:10:00,1,4602.89,4605.06,0.14,29.40000000000102,954.305530362163,TIME,drift,0.030807743499970702
2026-08-28 01:15:00,2026-08-28 09:10:00,1,4605.14,4580.67,0.14,-343.56000000000364,962.0275898242616,TIME,drift,-0.35712073503293545
2026-08-28 01:05:00,2026-08-28 21:17:00,1,4602.22,4455.1975198929,0.06,-882.5548806425994,882.2548806425997,SL,friday,-1.0003400377901919
2026-08-28 23:05:00,2026-08-28 23:55:00,1,4460.74,4454.44,0.16,-101.92000000000291,975.5000718661306,TIME,fri_close,-0.10447974627518998
2026-09-01 01:15:00,2026-09-01 09:10:00,1,4452.1,4435.58,0.12,-199.08000000000524,922.151337602036,TIME,drift,-0.21588647316577475
2026-09-01 01:10:00,2026-09-01 16:35:00,1,4455.910000000001,4352.96,0.04,-412.0800000000028,818.0481398122423,NEWS,tom,-0.5037356360159722
2026-09-02 01:15:00,2026-09-02 09:10:00,1,4329.52,4324.18,0.12,-64.92000000000175,922.7264702707048,TIME,drift,-0.07035671143253953
2026-09-03 01:15:00,2026-09-03 09:10:00,1,4390.26,4431.31,0.13,532.7400000000024,953.4695838646891,TIME,drift,0.5587383268595234
2026-09-03 11:30:00,2026-09-03 15:20:00,1,4438.570000000001,4441.24,0.09,23.39999999999247,950.617283580625,NEWS,lw,0.024615584425157194
2026-09-03 18:15:00,2026-09-03 23:45:00,1,4503.89,4472.42,0.09,-283.8600000000023,950.617283580625,TIME,tday,-0.29860597414219764
2026-09-04 01:15:00,2026-09-04 09:10:00,1,4478.410000000001,4469.67,0.13,-114.53000000000898,927.1079473964546,TIME,drift,-0.12353469768179334
2026-09-04 01:05:00,2026-09-04 15:20:00,1,4476.7300000000005,4467.85,0.06,-53.70000000000065,965.9103347534377,NEWS,friday,-0.055595222525192604
2026-09-04 23:05:00,2026-09-04 23:55:00,1,4432.95,4431.21,0.26,-47.059999999994325,986.162181212535,TIME,fri_close,-0.04772034549340732
2026-09-08 01:15:00,2026-09-08 09:10:00,1,4412.88,4413.37,0.16,6.719999999996508,929.9848343230154,TIME,drift,0.00722592428605392
2026-09-08 05:00:00,2026-09-08 19:09:00,1,4437.33,4381.349999999999,0.17,-952.8500000000081,952.000000000005,SL,inside,-1.0008928571428604
2026-09-09 01:15:00,2026-09-09 09:10:00,1,4356.38,4400.19,0.13,568.6199999999934,940.9725299146837,TIME,drift,0.6042896916996601
2026-09-09 10:15:00,2026-09-09 19:50:00,1,4406.780000000001,4406.89,0.09,0.3599999999970531,937.8235770602412,NEWS,lw,0.00038386750856225115
2026-09-10 01:15:00,2026-09-10 09:10:00,1,4403.25,4422.52,0.13,249.6000000000057,943.9670157972848,TIME,drift,0.2644160185927586
2026-09-11 01:15:00,2026-09-11 09:10:00,1,4321.570000000001,4355.68,0.12,408.4799999999961,959.6112899890411,TIME,drift,0.42567235740281983
2026-09-11 01:05:00,2026-09-11 15:20:00,1,4322.580000000001,4331.26,0.06,51.65999999999628,941.7498700162288,NEWS,friday,0.05485533010915738
2026-09-11 23:05:00,2026-09-11 23:55:00,1,4349.05,4348.49,0.26,-16.380000000010405,962.09631137264,TIME,fri_close,-0.017025322523730256
2026-09-11 16:00:00,2026-09-14 12:26:00,1,4388.900000000001,4284.257792220419,0.09,-949.5630700162329,941.9598700162287,SL,lw,-1.0080716814399675
2026-09-14 12:30:00,2026-09-15 13:32:00,-1,4287.91,4274.4800000000005,0.09,123.33689999999444,945.4684507293554,TIME,lw,0.13045057178253766
2026-09-16 01:15:00,2026-09-16 09:10:00,1,4293.26,4324.36,0.15,465.4499999999918,937.507722758257,TIME,drift,0.49647591022566046
2026-09-16 10:15:00,2026-09-16 15:20:00,1,4335.6900000000005,4342.35,0.09,59.30999999999868,912.0341233329643,NEWS,lw,0.06503046156130043
2026-09-17 01:15:00,2026-09-17 09:10:00,1,4259.43,4310.09,0.1,505.89999999999856,987.0102204250187,TIME,drift,0.5125580156425855
2026-09-17 10:15:00,2026-09-17 15:20:00,1,4323.14,4365.52,0.09,380.790000000001,931.6109716663241,NEWS,lw,0.40874357600029304
2026-09-18 01:15:00,2026-09-18 09:10:00,1,4344.67,4387.35,0.12,511.3200000000035,942.5570359311257,TIME,drift,0.5424817602627992
2026-09-18 01:05:00,2026-09-18 23:00:00,1,4343.2300000000005,4376.58,0.06,199.6799999999967,944.4301879758724,TIME,friday,0.21142907389264645
2026-09-18 23:05:00,2026-09-18 23:55:00,1,4377.74,4378.31,0.32,16.00000000001979,975.004216724431,TIME,fri_close,0.016410185438758905
2026-09-18 10:30:00,2026-09-21 11:33:00,1,4395.91,4354.8,0.09,-377.773199999997,944.6401879758723,TIME,lw,-0.399912267981601
2026-09-22 01:15:00,2026-09-22 09:10:00,1,4349.84,4318.99,0.16,-494.7200000000059,954.3783207833626,TIME,drift,-0.5183688577438925
2026-09-22 10:30:00,2026-09-23 11:32:00,-1,4315.25,4317.63,0.09,-18.95310000000098,892.4952641220538,TIME,lw,-0.021236079071685735
2026-09-23 10:30:00,2026-09-23 17:20:00,-1,4323.74,4278.21,0.1,454.5999999999975,981.1713042529126,NEWS,lw,0.46332378253371453
2026-09-24 01:15:00,2026-09-24 09:10:00,1,4288.46,4286.01,0.16,-40.31999999999709,957.400709443702,TIME,drift,-0.04211402770259595
2026-09-24 13:30:00,2026-09-24 15:20:00,-1,4245.61,4269.43,0.1,-238.90000000000617,978.6019253777044,NEWS,lw,-0.24412377883662914
2026-09-25 01:15:00,2026-09-25 09:10:00,1,4270.68,4268.1,0.14,-37.099999999998985,986.7038766696065,TIME,drift,-0.03759993335104911
2026-09-25 01:05:00,2026-09-25 15:20:00,1,4274.63,4299.57,0.06,149.2199999999976,855.5630376370815,NEWS,friday,0.17441146173415542
2026-09-25 13:15:00,2026-09-25 15:20:00,1,4307.54,4299.57,0.1,-80.40000000000255,950.8589307078682,NEWS,lw,-0.08455512947661822
2026-09-25 23:05:00,2026-09-25 23:55:00,1,4291.55,4285.14,0.3,-194.39999999999563,985.6722615781639,TIME,fri_close,-0.19722579966767148
