time,dir,R_long,cost,n_sel
2021-01-04 00:00:00,0,0.3386377882255371,0.03329387645399077,0
2021-01-04 04:00:00,0,1.6610798766287078,0.034490884989257516,0
2021-01-04 08:00:00,0,-0.1357396652552411,0.03262610397039006,0
2021-01-04 12:00:00,0,-7.078624788105365,0.034049713644380274,0
2021-01-04 16:00:00,0,1.2260376938425863,0.021548228868686164,0
2021-01-05 00:00:00,0,-0.26907231909051443,0.021153288520156476,0
2021-01-05 04:00:00,0,0.13597472407388578,0.021370641115274314,0
2021-01-05 08:00:00,0,-1.1619529556417785,0.021405921185737566,0
2021-01-05 12:00:00,0,1.431664374695233,0.020590344427955088,0
2021-01-05 16:00:00,0,0.8628162599317318,0.019214076005661822,0
2021-01-06 00:00:00,0,-1.1747687100904642,0.01787087566810306,0
2021-01-06 04:00:00,0,-0.2930324211084151,0.016832289175983322,0
2021-01-06 08:00:00,0,-0.0971853394361931,0.01588604594712826,0
2021-01-06 12:00:00,0,1.8246991383312996,0.015463087536097495,0
2021-01-06 16:00:00,0,-0.9551209963688967,0.014370962957784466,0
2021-01-07 00:00:00,0,-0.23451119609196927,0.013850045577911325,0
2021-01-07 04:00:00,0,-0.19842448302694904,0.014426094177544344,0
2021-01-07 08:00:00,0,0.20847853330091098,0.014518088980396396,0
2021-01-07 12:00:00,0,1.6589584924969036,0.015001617627979469,0
2021-01-07 16:00:00,0,0.2656064233741535,0.01428391915075174,0
2021-01-08 00:00:00,0,0.027011924834000393,0.015173935201816693,0
2021-01-08 04:00:00,0,0.10909382781446429,0.015995914657919108,0
2021-01-08 08:00:00,0,0.17608291469294438,0.01669914209976743,0
2021-01-08 12:00:00,0,0.375497616496316,0.017402759973294324,0
2021-01-08 16:00:00,0,0.9198851068075058,0.017278321032306372,0
2021-01-11 00:00:00,0,-0.10867172093685014,0.01645082598416055,0
2021-01-11 04:00:00,0,-0.025348396596434387,0.017181913751657483,0
2021-01-11 08:00:00,0,-0.5776432362423229,0.017823129336130856,0
2021-01-11 12:00:00,0,0.14813693283733959,0.017863190837572252,0
2021-01-11 16:00:00,0,-0.9619478651544945,0.01754097728417614,0
2021-01-12 00:00:00,0,-0.06608329537177528,0.017615561462819482,0
2021-01-12 04:00:00,0,0.38378324159293176,0.018226217946942604,0
2021-01-12 08:00:00,0,-0.7694283783604793,0.018915062711862787,0
2021-01-12 12:00:00,0,-0.42505129155213084,0.01880326044671596,0
2021-01-12 16:00:00,0,0.38158033402757857,0.017480538815834817,0
2021-01-13 00:00:00,0,-0.019883558690270947,0.018546461140052175,0
2021-01-13 04:00:00,0,0.06416724531104882,0.019590808035746463,0
2021-01-13 08:00:00,0,-0.6341436633347688,0.02063989581287427,0
2021-01-13 12:00:00,0,1.2408170308152007,0.020096748651628905,0
2021-01-13 16:00:00,0,0.01498948087122149,0.019444804254298405,0
2021-01-14 00:00:00,0,-0.5624398987634245,0.020867784471851065,0
2021-01-14 04:00:00,0,-0.13835437866485886,0.020808355195348373,0
2021-01-14 08:00:00,0,0.36873132442631396,0.02143283624242195,0
2021-01-14 12:00:00,0,-0.016736607016454408,0.02172528745168051,0
2021-01-14 16:00:00,0,-1.0579031943690858,0.02138684440476715,0
2021-01-15 00:00:00,0,-0.6795677328289806,0.021234682714367348,0
2021-01-15 04:00:00,0,0.5495788308428633,0.02101649048423513,0
2021-01-15 08:00:00,0,0.20578169250140904,0.021277690824808303,0
2021-01-15 12:00:00,0,-0.570422788747905,0.02169241209247629,0
2021-01-15 16:00:00,0,-1.0702312115607464,0.01964057214989548,0
2021-01-18 00:00:00,0,0.2701293964436828,0.019088004471253795,0
2021-01-18 04:00:00,0,0.017979944690166012,0.019924092113389164,0
2021-01-18 08:00:00,0,0.22646381006474034,0.02092853003341114,0
2021-01-18 12:00:00,0,0.06945795854140653,0.021819955258896205,0
2021-01-19 00:00:00,0,0.4036922682935367,0.022795744744047556,0
2021-01-19 04:00:00,0,0.15710734550966501,0.022948354229134302,0
2021-01-19 08:00:00,0,-0.41542932585544207,0.02388193339825973,0
2021-01-19 12:00:00,0,0.8487645926288353,0.024508860188817296,0
2021-01-19 16:00:00,0,1.063898493371558,0.023647939333917234,0
2021-01-20 00:00:00,0,0.1375160183983855,0.02454786755640847,0
2021-01-20 04:00:00,0,0.471972671285069,0.025449083740125708,0
2021-01-20 08:00:00,0,0.63459906116317,0.026045254058557184,0
2021-01-20 12:00:00,0,2.2748312966785234,0.026691207906771885,0
2021-01-20 16:00:00,0,0.33368650548598017,0.024514620614734427,0
2021-01-21 00:00:00,0,0.3524889030680808,0.024308389884298842,0
2021-01-21 04:00:00,0,-0.4177065014697375,0.025027804254385784,0
2021-01-21 08:00:00,0,-0.4717838996560574,0.025559389141628575,0
2021-01-21 12:00:00,0,0.6257942283966819,0.025657601045280084,0
2021-01-21 16:00:00,0,0.5243465651306837,0.024650770499421625,0
2021-01-22 00:00:00,0,-0.33256488864747547,0.025673545136094298,0
2021-01-22 04:00:00,0,-0.31182714961297947,0.026379248302020986,0
2021-01-22 08:00:00,0,-0.08530990998487177,0.026872978014358312,0
2021-01-22 12:00:00,0,0.5627187167553743,0.02772752504708171,0
2021-01-22 16:00:00,0,-0.055472109967602025,0.027522930979851302,0
2021-01-25 00:00:00,0,0.3351243882133567,0.027008008347234855,0
2021-01-25 04:00:00,0,0.3770519189706396,0.028106614184138224,0
2021-01-25 08:00:00,0,-0.02783713455992322,0.02870794559006006,0
2021-01-25 12:00:00,0,-1.0548436456364503,0.029518151412036894,0
2021-01-25 16:00:00,0,0.5410028073578796,0.021489663593917345,0
2021-01-26 00:00:00,0,-0.5283142101219787,0.02180103646089225,0
2021-01-26 04:00:00,0,0.35246787865929097,0.021961176678386488,0
2021-01-26 08:00:00,0,0.594615675600988,0.022133692057945152,0
2021-01-26 12:00:00,0,0.025591355838794346,0.02242688868060268,0
2021-01-26 16:00:00,0,0.9184188871670582,0.021873317291820047,0
2021-01-27 00:00:00,0,0.15025947504754988,0.021712141663898055,0
2021-01-27 04:00:00,0,-0.17011813583176602,0.022718585752363678,0
2021-01-27 08:00:00,0,-2.083409095076619,0.02342567515820917,0
2021-01-27 12:00:00,0,-0.8972254659715531,0.02069420632332055,0
2021-01-27 16:00:00,0,-2.751525970883339,0.018290489898105573,0
2021-01-28 00:00:00,0,-0.6210434411869907,0.013797313385049189,0
2021-01-28 04:00:00,0,-0.5455687102491955,0.013825245178989474,0
2021-01-28 08:00:00,0,1.2476823340034522,0.013634301925516719,0
2021-01-28 12:00:00,0,1.9123608712012428,0.013290400906528745,0
2021-01-28 16:00:00,0,-1.5413380394655853,0.012550209385438056,0
2021-01-29 00:00:00,0,-0.4455608151627696,0.011618375195768053,0
2021-01-29 04:00:00,0,-0.06025105882610323,0.011704931208908703,0
2021-01-29 08:00:00,0,0.9421445904383461,0.011722863910195756,0
2021-01-29 12:00:00,0,-1.8423242351787732,0.011388946004358596,0
2021-01-29 16:00:00,0,0.10948503402822504,0.010290056922344424,0
2021-02-01 00:00:00,0,0.7571301905920585,0.010236440182603865,0
2021-02-01 04:00:00,0,0.43631158522344665,0.01047057981700199,0
2021-02-01 08:00:00,0,0.012589843046935457,0.010679620762584005,0
2021-02-01 12:00:00,0,1.3585695955558823,0.011170053872104823,0
2021-02-01 16:00:00,0,-0.13013776939559998,0.010673466917145193,0
2021-02-02 00:00:00,0,-0.00991486367697677,0.011459467227589979,0
2021-02-02 04:00:00,0,0.24054707833071812,0.011930148884342582,0
2021-02-02 08:00:00,0,-0.09048760979407265,0.012378326462786185,0
2021-02-02 12:00:00,0,0.7982049214562584,0.012969697012640016,0
2021-02-02 16:00:00,0,0.26753686395169934,0.013026038893534805,0
2021-02-03 00:00:00,0,0.2684691963414059,0.013891358786428476,0
2021-02-03 04:00:00,0,-0.21009848310308057,0.01449934518504687,0
2021-02-03 08:00:00,0,0.1721819053257384,0.014923825678010722,0
2021-02-03 12:00:00,0,-0.5234494349777037,0.015721488429421292,0
2021-02-03 16:00:00,0,-0.5772232772362073,0.015226326968719835,0
2021-02-04 00:00:00,0,-0.4079066272343672,0.015975909631528576,0
2021-02-04 04:00:00,0,0.5305562765529693,0.016007459334094275,0
2021-02-04 08:00:00,0,0.1044150697259392,0.016299718178956698,0
2021-02-04 12:00:00,0,0.27711728361789884,0.01702464048764568,0
2021-02-04 16:00:00,0,0.8434325704887834,0.017184797251924854,0
2021-02-05 00:00:00,0,0.4840253609566819,0.018194253171107073,0
2021-02-05 04:00:00,0,-0.2806231459168722,0.01886525322326307,0
2021-02-05 08:00:00,0,-0.022036055883891178,0.019460178641275683,0
2021-02-05 12:00:00,0,0.5395317268086897,0.02030861407608066,0
2021-02-05 16:00:00,0,-0.2964594227808237,0.019956977078408964,0
2021-02-08 00:00:00,0,-0.04249060740314048,0.02042275432144011,0
2021-02-08 04:00:00,0,-0.35101862873738654,0.021649327957205984,0
2021-02-08 08:00:00,0,0.1284108524849108,0.022129789183728134,0
2021-02-08 12:00:00,0,-0.2903713597727826,0.023103125167254823,0
2021-02-08 16:00:00,0,0.6444739475974904,0.022666467500546402,0
2021-02-09 00:00:00,0,0.010657202413684633,0.023692259805434972,0
2021-02-09 04:00:00,0,-0.13061818997417166,0.02497117729301332,0
2021-02-09 08:00:00,0,-0.15543221665975204,0.026299988343094063,0
2021-02-09 12:00:00,0,0.5327147279079444,0.027457461329211143,0
2021-02-09 16:00:00,0,0.05201847182639807,0.026465333730178408,0
2021-02-10 00:00:00,0,0.2631341244747541,0.027634272570512985,0
2021-02-10 04:00:00,0,0.061256715942634155,0.028801738939084297,0
2021-02-10 08:00:00,0,0.0,0.02973513603406451,0
2021-02-10 12:00:00,0,-2.008472828795642,0.03054500353276464,0
2021-02-10 16:00:00,0,0.52608268841876,0.024692572876621403,0
2021-02-11 00:00:00,0,0.36787051835158774,0.024857153909425295,0
2021-02-11 04:00:00,0,0.832273940331432,0.02542179770983143,0
2021-02-11 08:00:00,0,0.06122510993626238,0.025690678979305204,0
2021-02-11 12:00:00,0,-0.3996322082333762,0.026871819288582992,0
2021-02-11 16:00:00,0,0.28801312001307056,0.02540057822943313,0
2021-02-12 00:00:00,0,-0.06674924483083662,0.025616203131004607,0
2021-02-12 04:00:00,0,-0.18647914689008813,0.026930187885735132,0
2021-02-12 08:00:00,0,-0.30225120206778483,0.027263179964182743,0
2021-02-12 12:00:00,0,0.8917980773871574,0.028032485448384294,0
2021-02-12 16:00:00,0,1.0348773988204805,0.026799828728429564,0
2021-02-15 00:00:00,0,-0.1462840794552717,0.02635622819233033,0
2021-02-15 04:00:00,0,0.0038673579418616565,0.027861711238538863,0
2021-02-15 08:00:00,0,0.04901178672323479,0.029427665038024985,0
2021-02-15 12:00:00,0,0.462089903979006,0.03120734452291273,0
2021-02-16 00:00:00,0,-0.1404359086706839,0.032745100212213184,0
2021-02-16 04:00:00,0,-0.42954233242614015,0.033932140052601215,0
2021-02-16 08:00:00,0,-0.174409848410418,0.03436693043483104,0
2021-02-16 12:00:00,0,-1.232893306986576,0.03530433001134659,0
2021-02-16 16:00:00,0,-0.6048231402679738,0.03052930003081339,0
2021-02-17 00:00:00,0,0.5196965058037508,0.030060713284161864,0
2021-02-17 04:00:00,0,-0.27182927607362967,0.03038277949491464,0
2021-02-17 08:00:00,0,-1.118758447769796,0.030454895608044933,0
2021-02-17 12:00:00,0,-0.6924134307959193,0.028900576887997305,0
2021-02-17 16:00:00,0,0.9322206060000139,0.02615427787258992,0
2021-02-18 00:00:00,0,-0.6968958553657536,0.026049698737362396,0
2021-02-18 04:00:00,0,-0.032317648802225624,0.025456249227888583,0
2021-02-18 08:00:00,0,-0.9680965255430681,0.026029558119695567,0
2021-02-18 12:00:00,0,-0.06150272444301044,0.02551754890097872,0
2021-02-18 16:00:00,0,1.147923087830996,0.024385047217860098,0
2021-02-19 00:00:00,0,0.39010905221836645,0.022623418515618065,0
2021-02-19 04:00:00,0,0.7280319117660901,0.02286440227573152,0
2021-02-19 08:00:00,0,0.6881529339570182,0.02291583018378247,0
2021-02-19 12:00:00,0,-1.8703300626552612,0.023103141319793383,0
2021-02-19 16:00:00,0,-0.12022466528017048,0.02101725839561381,0
2021-02-22 00:00:00,0,-0.7224394261990196,0.021222261664315786,0
2021-02-22 04:00:00,0,-1.286493558287767,0.021260567867354346,0
2021-02-22 08:00:00,0,-0.03365966275032753,0.01957472630144157,0
2021-02-22 12:00:00,0,-0.8713666647855365,0.01987883961741601,0
2021-02-22 16:00:00,0,-1.2505084284932044,0.018601237561870893,0
2021-02-23 00:00:00,0,0.3004388254621651,0.017608233675678753,0
2021-02-23 04:00:00,0,-2.2382339862867613,0.018059396618783117,0
2021-02-23 08:00:00,0,-0.7224616663008825,0.01612217066185732,0
2021-02-23 12:00:00,0,-1.0881809556426478,0.01551162213759109,0
2021-02-23 16:00:00,0,1.993187320237851,0.01318315603240237,0
2021-02-24 00:00:00,0,-1.0152335890552513,0.01200097773841427,0
2021-02-24 04:00:00,0,0.8312412735263837,0.011704155026813316,0
2021-02-24 08:00:00,0,-0.8227842668609066,0.011466508634192402,0
2021-02-24 12:00:00,0,0.7777058317827206,0.010887066447461131,0
2021-02-24 16:00:00,0,0.6080057365693523,0.010340334393200912,0
2021-02-25 00:00:00,0,0.3378236985375165,0.010930987753895241,0
2021-02-25 04:00:00,0,-0.8274730596770119,0.011437892281508948,0
2021-02-25 08:00:00,0,-0.07431516132371287,0.011245561036912212,0
2021-02-25 12:00:00,0,-2.343871088389496,0.011398052107558452,0
2021-02-25 16:00:00,0,-0.3531900735844102,0.009694579931787043,0
2021-02-26 00:00:00,0,-0.5688426859819531,0.009454948409017947,0
2021-02-26 04:00:00,0,0.9305843931645157,0.00929078698290731,0
2021-02-26 08:00:00,0,0.5014217064579863,0.00920145809315331,0
2021-02-26 12:00:00,0,0.23191343512283621,0.009027802524213542,0
2021-02-26 16:00:00,0,-0.46068291837367054,0.008560740724947571,0
2021-03-01 00:00:00,0,-0.05719112188559551,0.008636365965965452,0
2021-03-01 04:00:00,0,0.2011258695166695,0.00912068186480907,0
2021-03-01 08:00:00,0,-0.12133663648414549,0.009492593842154973,0
2021-03-01 12:00:00,0,0.7546342758506944,0.009831688207394435,0
2021-03-01 16:00:00,0,0.616277941439614,0.009866206576374562,0
2021-03-02 00:00:00,0,-0.3450090076232441,0.0105746053847266,0
2021-03-02 04:00:00,0,-0.13883428222231772,0.010838300833187814,0
2021-03-02 08:00:00,0,0.41078847889728093,0.011093028028716477,0
2021-03-02 12:00:00,0,-0.6276311980807939,0.011447827993989525,0
2021-03-02 16:00:00,0,-0.7394797950248506,0.011086943950904914,0
2021-03-03 00:00:00,0,0.35112926017915824,0.011409251240754778,0
2021-03-03 04:00:00,0,0.027977180198270432,0.011956883683798668,0
2021-03-03 08:00:00,0,-1.1080682841871672,0.012457945470679738,0
2021-03-03 12:00:00,0,-1.313569274019387,0.012013022248489396,0
2021-03-03 16:00:00,0,-0.9332335277233335,0.011289724830128698,0
2021-03-04 00:00:00,0,-0.4845411210682845,0.011033297750772842,0
2021-03-04 04:00:00,0,0.2841214535248785,0.010947496739193156,0
2021-03-04 08:00:00,0,0.3686323348789287,0.011017863576042524,0
2021-03-04 12:00:00,0,-1.2746021365796876,0.01104485191913152,0
2021-03-04 16:00:00,0,-0.3154016723255079,0.009919258233276072,0
2021-03-05 00:00:00,0,0.7493003588855325,0.009607368871997467,0
2021-03-05 04:00:00,0,-0.5167584782247928,0.009730406049875615,0
2021-03-05 08:00:00,0,0.7023307335892052,0.009852734259389729,0
2021-03-05 12:00:00,0,0.14368342076017493,0.009944931931841951,0
2021-03-05 16:00:00,0,0.725454164493097,0.008947478580726621,0
2021-03-08 00:00:00,0,-0.601859814460596,0.008901128568791602,0
2021-03-08 04:00:00,0,-0.6108799565040997,0.008962674320958377,0
2021-03-08 08:00:00,0,1.0063361704767795,0.008864817849471808,0
2021-03-08 12:00:00,0,-0.46105285258403217,0.008942067443633826,0
2021-03-08 16:00:00,0,-1.0155034760622514,0.008714272495608775,0
2021-03-09 00:00:00,0,0.5338062494701699,0.008622911112307025,0
2021-03-09 04:00:00,0,0.6510997790322519,0.008856987271941832,0
2021-03-09 08:00:00,0,0.19465236777610764,0.008844024296330544,0
2021-03-09 12:00:00,0,1.0065493668447016,0.009235059098209049,0
2021-03-09 16:00:00,0,0.06513989642341424,0.009215854687984233,0
2021-03-10 00:00:00,0,0.07728820799080871,0.009857569058352486,0
2021-03-10 04:00:00,0,0.29543964092082403,0.010283191666217625,0
2021-03-10 08:00:00,0,0.5065787926398432,0.010676555263292488,0
2021-03-10 12:00:00,0,-0.3568594487380594,0.01055865827401315,0
2021-03-10 16:00:00,0,-0.23857877928415888,0.010098172359547275,0
2021-03-11 00:00:00,0,0.22803071499320385,0.010635200551155006,0
2021-03-11 04:00:00,0,0.9385190375705184,0.011194302551876372,0
2021-03-11 08:00:00,0,-0.1442212972860317,0.01118337927500383,0
2021-03-11 12:00:00,0,0.8005869435090971,0.011580812487301908,0
2021-03-11 16:00:00,0,-0.18042872761979808,0.0114769220800784,0
2021-03-12 00:00:00,0,-0.37976946047450116,0.012446406711394206,0
2021-03-12 04:00:00,0,-1.51873810313646,0.012776937346470051,0
2021-03-12 08:00:00,0,0.21999361793395317,0.01203616614858058,0
2021-03-12 12:00:00,0,0.2071222046785491,0.012219290067935134,0
2021-03-12 16:00:00,0,0.45188417874553366,0.012115698518488734,0
2021-03-15 00:00:00,0,-0.17059257090750382,0.013074215376653186,0
2021-03-15 04:00:00,0,0.07156885002709566,0.013401151323921208,0
2021-03-15 08:00:00,0,-0.256446416836049,0.013664419984995005,0
2021-03-15 12:00:00,0,0.26075314116695497,0.013937952144822175,0
2021-03-15 16:00:00,0,1.0098751246977915,0.014020089104649072,0
2021-03-16 00:00:00,0,0.41626535409728954,0.014633156720156847,0
2021-03-16 04:00:00,0,-0.14735669025569614,0.01524492727579022,0
2021-03-16 08:00:00,0,0.2988043756481389,0.015583869553086493,0
2021-03-16 12:00:00,0,0.6776784545493724,0.016140834768280793,0
2021-03-16 16:00:00,0,-0.5100177416305461,0.01569825185215807,0
2021-03-17 00:00:00,0,-0.14014671718854382,0.015450301253365816,0
2021-03-17 04:00:00,0,0.030840990426355696,0.01620795813909132,0
2021-03-17 08:00:00,0,-1.2304865691674063,0.017008910486846263,0
2021-03-17 12:00:00,0,-0.3710073822498026,0.016178923421706726,0
2021-03-17 16:00:00,0,1.927722125448064,0.015762953013506015,0
2021-03-18 00:00:00,0,-0.5249975877413182,0.014402098008385347,0
2021-03-18 04:00:00,0,-1.5218791438350794,0.014500932464144252,0
2021-03-18 08:00:00,0,-0.34040841477617645,0.013466463151555062,0
2021-03-18 12:00:00,0,-0.5702207702728652,0.013541784578814114,0
2021-03-18 16:00:00,0,-0.8844024244064529,0.013461281875185454,0
2021-03-19 00:00:00,0,-0.10575028006292472,0.013299339598288594,0
2021-03-19 04:00:00,0,0.6755035347598479,0.01373852953854141,0
2021-03-19 08:00:00,0,-0.27489053152374854,0.013336995375823944,0
2021-03-19 12:00:00,0,0.2947512839846541,0.013705528682487925,0
2021-03-19 16:00:00,0,-0.400226728183995,0.013128549553302945,0
2021-03-22 00:00:00,0,0.5386391474992919,0.01389766856340286,0
2021-03-22 04:00:00,0,-0.07091700591855621,0.014022961381704434,0
2021-03-22 08:00:00,0,0.25063876232593896,0.014536804454202112,0
2021-03-22 12:00:00,0,1.8883764489546258,0.014963461236740071,0
2021-03-22 16:00:00,0,-0.720204357001189,0.014163597311725904,0
2021-03-23 00:00:00,0,-0.35745358616814865,0.014886164437433269,0
2021-03-23 04:00:00,0,0.32175082899348006,0.015377527586436322,0
2021-03-23 08:00:00,0,0.5027542206479871,0.015999261574845092,0
2021-03-23 12:00:00,0,0.11629425065327316,0.016138303260007248,0
2021-03-23 16:00:00,0,-0.8336372178756789,0.015986214587420746,0
2021-03-24 00:00:00,0,0.009402423414746518,0.0159688126519328,0
2021-03-24 04:00:00,0,0.7880553228221711,0.016575396982123552,0
2021-03-24 08:00:00,0,-0.4568386938407762,0.016493824159091515,0
2021-03-24 12:00:00,0,-1.4952461132650496,0.016911242123419955,0
2021-03-24 16:00:00,0,-1.2912320559679005,0.01586966025412235,0
2021-03-25 00:00:00,0,-0.08046541550261344,0.015788038132794818,0
2021-03-25 04:00:00,0,0.2644186077965036,0.016047910126980487,0
2021-03-25 08:00:00,0,-1.17638460155437,0.016474692350131274,0
2021-03-25 12:00:00,0,0.32352067188867895,0.015771376010109004,0
2021-03-25 16:00:00,0,0.3513230756781893,0.014600241732461817,0
2021-03-26 00:00:00,0,0.3661737658411259,0.01471738875318432,0
2021-03-26 04:00:00,0,-0.26553045330415814,0.015280167764446406,0
2021-03-26 08:00:00,0,-0.5973180779538205,0.01558020870346341,0
2021-03-26 12:00:00,0,0.7643910109711275,0.015054214704840356,0
2021-03-26 16:00:00,0,1.1802817519107238,0.015000086081342474,0
2021-03-29 00:00:00,0,-0.036802689429454916,0.013706310987786314,0
2021-03-29 04:00:00,0,0.0637509856987247,0.014247205884312112,0
2021-03-29 08:00:00,0,0.2893636637354425,0.014308600899708682,0
2021-03-29 12:00:00,0,0.45208978510289,0.014574539429944829,0
2021-03-29 16:00:00,0,-0.025300596128389762,0.014232824988088089,0
2021-03-30 00:00:00,0,-0.07732390184229741,0.014885016233021022,0
2021-03-30 04:00:00,0,-0.5821104188809771,0.015582404326029035,0
2021-03-30 08:00:00,0,-0.13033094901917022,0.01576016027522019,0
2021-03-30 12:00:00,0,-0.10874826024173563,0.016173511475828007,0
2021-03-30 16:00:00,0,0.40479227482492564,0.015770056964338766,0
2021-03-31 00:00:00,0,-0.19238909005905827,0.016559887779020538,0
2021-03-31 04:00:00,0,0.20449550248487902,0.017162230490546885,0
2021-03-31 08:00:00,0,0.6248954183326592,0.0178323925885636,0
2021-03-31 12:00:00,0,1.7767357434837467,0.017988487324872793,0
2021-03-31 16:00:00,0,-0.42200353355612485,0.01694444484385357,0
2021-04-01 00:00:00,0,0.010459010852531016,0.01786914159036984,0
2021-04-01 04:00:00,0,0.9614148344544807,0.018728701163504155,0
2021-04-01 08:00:00,0,0.24752058385557604,0.018525942485337198,0
2021-04-01 12:00:00,0,0.6686482723521936,0.01924391530184752,0
2021-04-01 16:00:00,0,0.3478937728429394,0.01938297665732234,0
2021-04-02 00:00:00,0,0.2109950616616264,0.0206623778274876,0
2021-04-02 04:00:00,0,0.0716247204958949,0.02167120173405629,0
2021-04-02 08:00:00,0,0.11453207187926441,0.022783788984169273,0
2021-04-02 12:00:00,0,-0.3676903265095687,0.023470060105360596,0
2021-04-05 00:00:00,0,-0.2868682761982574,0.02488851486536835,0
2021-04-05 04:00:00,0,0.5641188267029644,0.025947569605252692,0
2021-04-05 08:00:00,0,0.9537878534698377,0.026387408352811934,0
2021-04-05 12:00:00,0,2.1606970936817174,0.026085123722230343,0
2021-04-05 16:00:00,0,0.40658533131951136,0.02376378386891013,0
2021-04-06 00:00:00,0,-0.3715645662036666,0.025521582806771678,0
2021-04-06 04:00:00,0,-0.39689406940317734,0.026191635784078127,0
2021-04-06 08:00:00,0,0.518535426630261,0.026049482992569692,0
2021-04-06 12:00:00,0,0.40823123142659684,0.026040035144840597,0
2021-04-06 16:00:00,0,-0.432006806918781,0.02486405690723445,0
2021-04-07 00:00:00,0,-0.44672824516017695,0.026090251545713938,0
2021-04-07 04:00:00,0,0.25685331810205775,0.0266799399204903,0
2021-04-07 08:00:00,0,-0.709328495647547,0.027053536413269526,0
2021-04-07 12:00:00,0,0.6728472065805069,0.026971194264127356,0
2021-04-07 16:00:00,0,0.6872148604880467,0.025602438535221594,0
2021-04-08 00:00:00,0,0.948477498031025,0.02637031622362912,0
2021-04-08 04:00:00,0,-0.01479140548342751,0.02638012407000301,0
2021-04-08 08:00:00,0,0.1551883351695942,0.027012008447430208,0
2021-04-08 12:00:00,0,0.14100498244447568,0.027217394244859555,0
2021-04-08 16:00:00,0,0.972367805702648,0.027306369089300696,0
2021-04-09 00:00:00,0,-0.6405439710450942,0.027417258772311066,0
2021-04-09 04:00:00,0,-0.8263171101413541,0.02754091835523317,0
2021-04-09 08:00:00,0,-1.1097639457583934,0.02674229936097392,0
2021-04-09 12:00:00,0,1.537729784974111,0.025537856471561756,0
2021-04-09 16:00:00,0,0.5002293251837096,0.024263926607376304,0
2021-04-12 00:00:00,0,-0.25446653965534993,0.024362219009768114,0
2021-04-12 04:00:00,0,0.27389756500381457,0.02521464044735266,0
2021-04-12 08:00:00,0,-0.136358221017279,0.025775456195794175,0
2021-04-12 12:00:00,0,0.31648507501405565,0.02644694483774693,0
2021-04-12 16:00:00,0,0.10471935919446536,0.02597773445187993,0
2021-04-13 00:00:00,0,-0.33462041940839293,0.02732097576188568,0
2021-04-13 04:00:00,0,0.21745078276531035,0.027892122172113898,0
2021-04-13 08:00:00,0,1.2401103942637879,0.028554797216168156,0
2021-04-13 12:00:00,0,0.2891714067127536,0.027161982316531566,0
2021-04-13 16:00:00,0,1.043682596642828,0.02675967310461449,0
2021-04-14 00:00:00,0,0.14117425263438724,0.027756898360088083,0
2021-04-14 04:00:00,0,0.31849660547676795,0.02899250219656583,0
2021-04-14 08:00:00,0,0.06445160965933458,0.0297311071798402,0
2021-04-14 12:00:00,0,-1.571286263084025,0.03060508427860128,0
2021-04-14 16:00:00,0,-1.3059647495781879,0.02732504408789011,0
2021-04-15 00:00:00,0,-0.13430287023899032,0.026102375295197718,0
2021-04-15 04:00:00,0,1.0364494656156118,0.026868531555516068,0
2021-04-15 08:00:00,0,0.7697611798861045,0.026532917976058543,0
2021-04-15 12:00:00,0,1.0414011821999918,0.026293130479199834,0
2021-04-15 16:00:00,0,-0.14541665599870054,0.025847202957730492,0
2021-04-16 00:00:00,0,0.003735582106720391,0.027191298418461612,0
2021-04-16 04:00:00,0,-0.18989978997504553,0.028197206505206872,0
2021-04-16 08:00:00,0,1.235968038684704,0.02935927657692267,0
2021-04-16 12:00:00,0,-0.43986501545540563,0.02869067312911517,0
2021-04-16 16:00:00,0,0.056682577838197544,0.02758181400993554,0
2021-04-19 00:00:00,0,0.5907386865867912,0.028552187023201708,0
2021-04-19 04:00:00,0,-0.1763577920421446,0.028629456061773053,0
2021-04-19 08:00:00,0,-1.0657046944890094,0.029862164252623346,0
2021-04-19 12:00:00,0,-1.8995782915921426,0.0290800225424743,0
2021-04-19 16:00:00,0,0.6157672160642748,0.025113842867315307,0
2021-04-20 00:00:00,0,0.13836837547669859,0.026363900877965706,0
2021-04-20 04:00:00,0,-0.1586233450483738,0.02760680568863863,0
2021-04-20 08:00:00,0,-0.840316619534385,0.028179670450476795,0
2021-04-20 12:00:00,0,-1.1260894568324304,0.02698849943347251,0
2021-04-20 16:00:00,0,-0.5524094454319027,0.023264341381050383,0
2021-04-21 00:00:00,0,-0.15866895750468915,0.024151584590529098,0
2021-04-21 04:00:00,0,0.21219000068932148,0.024808288454997836,0
2021-04-21 08:00:00,0,-0.07437827051257764,0.025352254673762058,0
2021-04-21 12:00:00,0,1.2265277746068162,0.02553675888472442,0
2021-04-21 16:00:00,0,0.6903334621322973,0.023210670921085558,0
2021-04-22 00:00:00,0,0.28835496855388776,0.02425187521195042,0
2021-04-22 04:00:00,0,0.0807004687800323,0.025403282669002148,0
2021-04-22 08:00:00,0,-0.199489276862303,0.02625315303510307,0
2021-04-22 12:00:00,0,0.5407841969889328,0.027017119421029235,0
2021-04-22 16:00:00,0,-2.579028586238462,0.026502474547156,0
2021-04-23 00:00:00,0,0.03262331114041162,0.02337757761397686,0
2021-04-23 04:00:00,0,0.0475607826658356,0.02434932687313103,0
2021-04-23 08:00:00,0,-0.031234968992993627,0.024876664121323222,0
2021-04-23 12:00:00,0,2.5957063676961853,0.026151096033431485,0
2021-04-23 16:00:00,0,-0.5900785726919033,0.0235012913396989,0
2021-04-26 00:00:00,0,0.05762879171281606,0.024575252257044676,0
2021-04-26 04:00:00,0,-0.6797924702239944,0.02576154323081821,0
2021-04-26 08:00:00,0,0.4372530781172516,0.025926315930481877,0
2021-04-26 12:00:00,0,0.9656855013062394,0.02635315897647334,0
2021-04-26 16:00:00,0,0.5634399402442979,0.02598456331495396,0
2021-04-27 00:00:00,0,0.07926820447868986,0.027544073849537082,0
2021-04-27 04:00:00,0,0.1565531907544367,0.029307956372631398,0
2021-04-27 08:00:00,0,-0.05405494759552978,0.030365528841112276,0
2021-04-27 12:00:00,0,-1.2114828227924506,0.03140225444453998,0
2021-04-27 16:00:00,0,-0.15957942210638634,0.028974890286893318,0
2021-04-28 00:00:00,0,0.2513410808624238,0.03096070692928046,0
2021-04-28 04:00:00,0,-0.5934048398066274,0.03230765315138843,0
2021-04-28 08:00:00,0,-0.16382095366795554,0.03159561459098554,0
2021-04-28 12:00:00,0,-0.2203351921472527,0.03258393504127793,0
2021-04-28 16:00:00,0,0.8547134130790642,0.03070349792890323,0
2021-04-29 00:00:00,0,0.3955287499302114,0.029717637450500038,0
2021-04-29 04:00:00,0,0.22031076970424562,0.03033531506845082,0
2021-04-29 08:00:00,0,0.4238997678063751,0.030915496853207224,0
2021-04-29 12:00:00,0,-2.8895517408141624,0.03137457306551977,0
2021-04-29 16:00:00,0,0.8004809736267391,0.025270419330887712,0
2021-04-30 00:00:00,0,-0.07881813569992402,0.024787052515113116,0
2021-04-30 04:00:00,0,0.0829228002739036,0.02607790436601042,0
2021-04-30 08:00:00,0,-0.7021212015971722,0.026410518692064427,0
2021-04-30 12:00:00,0,0.4929704840244709,0.025601947668037885,0
2021-04-30 16:00:00,0,-0.317814693561833,0.02441681801852034,0
2021-05-03 00:00:00,0,-0.3798161235067909,0.02540673654063685,0
2021-05-03 04:00:00,0,0.09461871175042016,0.026271357931135542,0
2021-05-03 08:00:00,0,0.3458960134056365,0.026592883946321633,0
2021-05-03 12:00:00,0,-1.6073515426632394,0.02662057938927476,0
2021-05-03 16:00:00,0,-0.0694373271094747,0.023724072622878564,0
2021-05-04 00:00:00,0,-0.1685722587220965,0.025125763808181413,0
2021-05-04 04:00:00,0,-0.08415020362613064,0.02615902338559606,0
2021-05-04 08:00:00,0,-0.8093953892970994,0.026609584736893347,0
2021-05-04 12:00:00,0,-3.892242622424489,0.025329751943475882,0
2021-05-04 16:00:00,0,1.2511525963027939,0.019871186884965357,0
2021-05-05 00:00:00,0,0.19323286627129427,0.019769615482101204,0
2021-05-05 04:00:00,0,0.19849389076391846,0.020632509004715298,0
2021-05-05 08:00:00,0,0.3584403952887217,0.020803143211803123,0
2021-05-05 12:00:00,0,-0.6156175597754139,0.021246999936843813,0
2021-05-05 16:00:00,0,-0.9932066791458576,0.020265628566639726,0
2021-05-06 00:00:00,0,-0.47669125107267457,0.02004218794894929,0
2021-05-06 04:00:00,0,0.6454775924814345,0.020153752180857135,0
2021-05-06 08:00:00,0,-0.6086522217980251,0.020076458989686814,0
2021-05-06 12:00:00,0,0.983883206094611,0.02003814342017442,0
2021-05-06 16:00:00,0,0.44672151822134637,0.0184644977105292,0
2021-05-07 00:00:00,0,0.023743842938341548,0.01872306220537282,0
2021-05-07 04:00:00,0,-0.23166155532084468,0.01955926398779758,0
2021-05-07 08:00:00,0,1.642237017806773,0.020102795576010087,0
2021-05-07 12:00:00,0,-0.2906664453131898,0.018569427070103395,0
2021-05-07 16:00:00,0,-0.2399914367016553,0.01785355841152077,0
2021-05-10 00:00:00,0,-0.19117049367970018,0.018966685750737018,0
2021-05-10 04:00:00,0,-0.682842200082779,0.019851903751332656,0
2021-05-10 08:00:00,0,0.047334416764602996,0.019790839693249004,0
2021-05-10 12:00:00,0,-1.9169853593668884,0.020553365601344315,0
2021-05-10 16:00:00,0,-1.9677435884620318,0.01839686640792557,0
2021-05-11 00:00:00,0,-0.1293219724933973,0.01606081410088758,0
2021-05-11 04:00:00,0,-0.2546700295879297,0.016567529145168167,0
2021-05-11 08:00:00,0,-0.976507267384323,0.016179371490643628,0
2021-05-11 12:00:00,0,1.7209886716693839,0.015787320671677287,0
2021-05-11 16:00:00,0,0.3601182617849825,0.01445056815639082,0
2021-05-12 00:00:00,0,-0.29908778568106315,0.014844327250709784,0
2021-05-12 04:00:00,0,0.36155335015795736,0.014676092988404707,0
2021-05-12 08:00:00,0,-1.0931405180500704,0.014896819686133872,0
2021-05-12 12:00:00,0,-0.9084158424623028,0.013920764636719492,0
2021-05-12 16:00:00,0,-0.6457789599949421,0.012855065809414907,0
2021-05-13 00:00:00,0,0.1809327679589554,0.0132053629050839,0
2021-05-13 04:00:00,0,-0.8447160166377109,0.013840443881842232,0
2021-05-13 08:00:00,0,1.0878993441466063,0.013550031286908808,0
2021-05-13 12:00:00,0,-0.13040667638654715,0.01324836084626671,0
2021-05-13 16:00:00,0,0.13696696564922795,0.012949147849290216,0
2021-05-14 00:00:00,0,0.1908551109437907,0.013072006163363032,0
2021-05-14 04:00:00,0,0.30243992019567517,0.013660644639054132,0
2021-05-14 08:00:00,0,0.20877213224277724,0.014224912290752144,0
2021-05-14 12:00:00,0,1.0495820039943826,0.01479313355393524,0
2021-05-14 16:00:00,0,0.3096364690316562,0.014565499446983625,0
2021-05-17 00:00:00,0,0.030257522790882483,0.01502818962638904,0
2021-05-17 04:00:00,0,-0.029145708644741114,0.015589660583122809,0
2021-05-17 08:00:00,0,-0.5100454241636105,0.01605659591744739,0
2021-05-17 12:00:00,0,-0.6807814894940161,0.01643674857189294,0
2021-05-17 16:00:00,0,0.727050715486559,0.016145971230217694,0
2021-05-18 00:00:00,0,0.052451194742305966,0.01655674866663037,0
2021-05-18 04:00:00,0,0.5001967731363027,0.0174911748119425,0
2021-05-18 08:00:00,0,-0.34528117270097247,0.01767717298238445,0
2021-05-18 12:00:00,0,-0.07299465670060679,0.0181223360798518,0
2021-05-18 16:00:00,0,-1.7929921504426998,0.0181274180384991,0
2021-05-19 00:00:00,0,-0.593765153871155,0.017162903163235002,0
2021-05-19 04:00:00,0,-0.9382445715254806,0.017215431853051997,0
2021-05-19 08:00:00,0,-0.6532073463489452,0.01677589494625641,0
2021-05-19 12:00:00,0,1.6429105660161383,0.01640522964983136,0
2021-05-19 16:00:00,0,0.6097008843903442,0.01537306715539255,0
2021-05-20 00:00:00,0,0.12302911868858216,0.01567189432849519,0
2021-05-20 04:00:00,0,-0.41861535357355556,0.01636105643287204,0
2021-05-20 08:00:00,0,0.9038336383870678,0.01641587872452178,0
2021-05-20 12:00:00,0,1.7282720484957648,0.016224849685751105,0
2021-05-20 16:00:00,0,0.18248668407822816,0.015229601282018357,0
2021-05-21 00:00:00,0,-0.2117493197672947,0.016369519306265814,0
2021-05-21 04:00:00,0,0.03132424374043193,0.016938991936227055,0
2021-05-21 08:00:00,0,0.073166024722598,0.017743464477946513,0
2021-05-21 12:00:00,0,-1.0799871121009417,0.018549971259398456,0
2021-05-21 16:00:00,0,-0.0847701733828909,0.017400708084454704,0
2021-05-24 00:00:00,0,-0.010533093145159812,0.01836829773563154,0
2021-05-24 04:00:00,0,0.5818122351582276,0.01887765602879275,0
2021-05-24 08:00:00,0,0.5140675009131573,0.019182256268108603,0
2021-05-24 12:00:00,0,1.4416379868230214,0.019803565911351597,0
2021-05-24 16:00:00,0,0.12952965577987502,0.01876167943661529,0
2021-05-25 00:00:00,0,0.09665808334420539,0.02020828777635802,0
2021-05-25 04:00:00,0,0.469515121367356,0.021133706762008823,0
2021-05-25 08:00:00,0,-0.09382044464564832,0.021438127390691595,0
2021-05-25 12:00:00,0,-0.7877606197280688,0.022054478852745498,0
2021-05-25 16:00:00,0,0.3538824974004635,0.021120528785135397,0
2021-05-26 00:00:00,0,-0.07507294362591556,0.022306110579801516,0
2021-05-26 04:00:00,0,-0.23123241393878358,0.02353585592051943,0
2021-05-26 08:00:00,0,0.15606050010926156,0.02416637413694536,0
2021-05-26 12:00:00,0,0.15008896533817012,0.0248838242112598,0
2021-05-26 16:00:00,0,-0.10864319581972882,0.024987180880140448,0
2021-05-27 00:00:00,0,-0.29119349304649983,0.02657091642370226,0
2021-05-27 04:00:00,0,-0.6266463297565732,0.02747045296226015,0
2021-05-27 08:00:00,0,0.42798712692328356,0.02736978662013912,0
2021-05-27 12:00:00,0,0.6382105228589849,0.02752528344135093,0
2021-05-27 16:00:00,0,-0.14913188683842343,0.02724266627847668,0
2021-05-28 00:00:00,0,-0.1271153547296683,0.02830628472856224,0
2021-05-28 04:00:00,0,0.016644003741527816,0.02964242972035164,0
2021-05-28 08:00:00,0,-0.18786935805182237,0.030406098897359818,0
2021-05-28 12:00:00,0,1.1979163132192339,0.03086437806952374,0
2021-05-28 16:00:00,0,-1.1727183565948816,0.030214600991008075,0
2021-05-31 00:00:00,0,-0.20496007517101722,0.0304283708155814,0
2021-05-31 04:00:00,0,-0.3983156341523567,0.03185201874311601,0
2021-05-31 08:00:00,0,0.08669354786196785,0.032453022079133746,0
2021-05-31 12:00:00,0,-0.4556501795060359,0.033734669398549126,0
2021-06-01 00:00:00,0,0.06460542612151932,0.035391821344666896,0
2021-06-01 04:00:00,0,0.8269842468591516,0.03663848345917852,0
2021-06-01 08:00:00,0,0.12840309100315114,0.03669757709535847,0
2021-06-01 12:00:00,0,-1.6287631374097284,0.03793443371196875,0
2021-06-01 16:00:00,0,-0.29179477891239614,0.03140188921602362,0
2021-06-02 00:00:00,0,-0.19554604920951602,0.03227395059417963,0
2021-06-02 04:00:00,0,-0.3134268992208209,0.033668987747910425,0
2021-06-02 08:00:00,0,0.8817960263211985,0.03401458817421078,0
2021-06-02 12:00:00,0,-0.014398614264099562,0.034121965662004684,0
2021-06-02 16:00:00,0,0.15175474886048607,0.03372422924541987,0
2021-06-03 00:00:00,0,-0.34081389177756155,0.03370957530319382,0
2021-06-03 04:00:00,0,-0.36983245016596367,0.0350688240354541,0
2021-06-03 08:00:00,0,-2.3085901987257462,0.035056381995743936,0
2021-06-03 12:00:00,0,0.499820064128459,0.03029762071949252,0
2021-06-03 16:00:00,0,-0.7589045882483577,0.0273555630857221,0
2021-06-04 00:00:00,0,0.4840438915691498,0.026559944824312492,0
2021-06-04 04:00:00,0,0.0426142974065348,0.027244168650030993,0
2021-06-04 08:00:00,0,1.1376703390104148,0.027570960143887,0
2021-06-04 12:00:00,0,2.4111759829039325,0.026467980587738065,0
2021-06-04 16:00:00,0,0.06697213179334026,0.0239650863693079,0
2021-06-07 00:00:00,0,-0.07589023123300566,0.025833789686237688,0
2021-06-07 04:00:00,0,-0.20145463230411229,0.027153797910193723,0
2021-06-07 08:00:00,0,0.43258781598718116,0.027854900691022606,0
2021-06-07 12:00:00,0,-0.007687308328280361,0.027499515962019244,0
2021-06-07 16:00:00,0,1.0118614358961653,0.027909009272967026,0
2021-06-08 00:00:00,0,-0.10996664466669437,0.028268040785075145,0
2021-06-08 04:00:00,0,-0.0847928419819622,0.02904961950126731,0
2021-06-08 08:00:00,0,0.7172686466895624,0.02953000352298713,0
2021-06-08 12:00:00,0,-0.8471642222535424,0.027987875967831814,0
2021-06-08 16:00:00,0,-0.13836501050263342,0.02485451958828061,0
2021-06-09 00:00:00,0,-0.20803194978549897,0.026704360718634943,0
2021-06-09 04:00:00,0,0.2679252290867934,0.02791616275129543,0
2021-06-09 08:00:00,0,0.4445891695233163,0.028842520466656765,0
2021-06-09 12:00:00,0,0.09699232257763636,0.02913751166700452,0
2021-06-09 16:00:00,0,-0.8783416565387813,0.028346319586590254,0
2021-06-10 00:00:00,0,0.09497101460542441,0.029690164362906335,0
2021-06-10 04:00:00,0,-0.753194690682194,0.03126229531514642,0
2021-06-10 08:00:00,0,0.6990350401551534,0.030792123796308652,0
2021-06-10 12:00:00,0,1.8586713960733865,0.02911371892908153,0
2021-06-10 16:00:00,0,0.41690080321370115,0.026543640704075482,0
2021-06-11 00:00:00,0,-0.02345179926599315,0.02840647650418534,0
2021-06-11 04:00:00,0,-0.16514616458805578,0.029993159775279773,0
2021-06-11 08:00:00,0,0.0942600913257036,0.031121228406683958,0
2021-06-11 12:00:00,0,-0.19116810714052615,0.031552702856964,0
2021-06-11 16:00:00,0,0.5339606565341931,0.031703988565049676,0
2021-06-14 00:00:00,0,-0.06797521237824344,0.033033465126052784,0
2021-06-14 04:00:00,0,0.1582226738699946,0.0349558035002563,0
2021-06-14 08:00:00,0,-0.14894584817214554,0.03619789156976561,0
2021-06-14 12:00:00,0,0.5942291104058579,0.036744828382460126,0
2021-06-14 16:00:00,0,1.309968795909868,0.034503970860886954,0
2021-06-15 00:00:00,0,-0.16922760895446046,0.03363743009120869,0
2021-06-15 04:00:00,0,0.13069230694765616,0.03457189892736712,0
2021-06-15 08:00:00,0,-0.49118183838497664,0.03573963089290418,0
2021-06-15 12:00:00,0,-1.508119193294141,0.03647024861120137,0
2021-06-15 16:00:00,0,-0.009353120700943324,0.03415211586749445,0
2021-06-16 00:00:00,0,0.13407325366262896,0.03624895288057192,0
2021-06-16 04:00:00,0,0.036546578677597225,0.0381238924174011,0
2021-06-16 08:00:00,0,0.1573986447115334,0.03964450052457911,0
2021-06-16 12:00:00,0,-0.6073945557136698,0.04082304807042603,0
2021-06-16 16:00:00,0,-1.7194562562430062,0.03639942762929953,0
2021-06-17 00:00:00,0,0.631313916028951,0.02816425002030167,0
2021-06-17 04:00:00,0,-0.46336054445185226,0.028390749607904678,0
2021-06-17 08:00:00,0,0.4899633646317677,0.02857017870028623,0
2021-06-17 12:00:00,0,3.0705060882361535,0.028877562802933448,0
2021-06-17 16:00:00,0,0.9063327173373049,0.023316842628649116,0
2021-06-18 00:00:00,0,0.10859658143019872,0.024283948923181455,0
2021-06-18 04:00:00,0,-0.05512148285106236,0.025426740609403215,0
2021-06-18 08:00:00,0,-1.1155097567664716,0.026396205114688244,0
2021-06-18 12:00:00,0,-0.3080679127529481,0.02455454084549167,0
2021-06-18 16:00:00,0,-0.8509535994791998,0.023472317048318654,0
2021-06-21 00:00:00,0,-0.4600557251956825,0.024137632092243386,0
2021-06-21 04:00:00,0,1.3243202470943805,0.02456815089374966,0
2021-06-21 08:00:00,0,-0.40403611047771537,0.023681946308215733,0
2021-06-21 12:00:00,0,0.512854186971919,0.023638475643228147,0
2021-06-21 16:00:00,0,0.34367005759495006,0.0217660628898341,0
2021-06-22 00:00:00,0,0.035441026311271266,0.02370837435557598,0
2021-06-22 04:00:00,0,-0.8221663651681388,0.025052705036021947,0
2021-06-22 08:00:00,0,0.5648732855830391,0.024794250139379963,0
2021-06-22 12:00:00,0,1.2323062974216814,0.024427542540215855,0
2021-06-22 16:00:00,0,0.6049094504820947,0.023469948490029858,0
2021-06-23 00:00:00,0,0.06041036414381275,0.02493978767800291,0
2021-06-23 04:00:00,0,-0.30723357548974506,0.026226537081107875,0
2021-06-23 08:00:00,0,0.10388672323782536,0.0265913717065814,0
2021-06-23 12:00:00,0,-0.1735442456563211,0.027404063812049285,0
2021-06-23 16:00:00,0,0.19950844413839053,0.026923506475072582,0
2021-06-24 00:00:00,0,0.14025798780384618,0.02897835905122579,0
2021-06-24 04:00:00,0,0.7465280590457329,0.030567312228916586,0
2021-06-24 08:00:00,0,-0.03723351205035026,0.030877118510410077,0
2021-06-24 12:00:00,0,0.42001806251084955,0.03234197635271169,0
2021-06-24 16:00:00,0,-0.1901328128813738,0.03157268008777543,0
2021-06-25 00:00:00,0,0.23034710694673804,0.03307945472832063,0
2021-06-25 04:00:00,0,0.17559211203493932,0.03364830542384942,0
2021-06-25 08:00:00,0,0.08852082333565672,0.034837038918624774,0
2021-06-25 12:00:00,0,-0.72950425487075,0.035379059308814846,0
2021-06-25 16:00:00,0,-0.13278462435711527,0.034142035186637575,0
2021-06-28 00:00:00,0,0.2436713492604385,0.0356690445465243,0
2021-06-28 04:00:00,0,0.3122273095131948,0.03703551262536348,0
2021-06-28 08:00:00,0,0.38383374325209557,0.03778633564828409,0
2021-06-28 12:00:00,0,1.6927734418080749,0.03862868190444594,0
2021-06-28 16:00:00,0,0.554578536333429,0.03572451992980362,0
2021-06-29 00:00:00,0,0.05869278099442971,0.03685294271936689,0
2021-06-29 04:00:00,0,-0.05142525462081511,0.038748301872560606,0
2021-06-29 08:00:00,0,0.047478075810963735,0.03975008515740115,0
2021-06-29 12:00:00,0,1.359419095872067,0.04042086019207907,0
2021-06-29 16:00:00,0,0.6385349327409139,0.038398881219450044,0
2021-06-30 00:00:00,0,-0.05709306845563611,0.039375651489996576,0
2021-06-30 04:00:00,0,-0.6469177224700409,0.041195994382913916,0
2021-06-30 08:00:00,0,0.0769204316976053,0.04159828355727335,0
2021-06-30 12:00:00,0,-0.34503831888845526,0.041445358034007736,0
2021-06-30 16:00:00,0,0.35471217613983025,0.04067101428914165,0
2021-07-01 00:00:00,0,-0.5049712837252245,0.042973291863103016,0
2021-07-01 04:00:00,0,0.4275779402871701,0.04375796228392524,0
2021-07-01 08:00:00,0,-0.8268002574287426,0.04256884604218549,0
2021-07-01 12:00:00,0,-0.767735787892645,0.04081810179294795,0
2021-07-01 16:00:00,0,0.8880771769349062,0.03767793196497371,0
2021-07-02 00:00:00,0,-0.33049660584738005,0.03903477459948243,0
2021-07-02 04:00:00,0,0.7871875622705905,0.04023412392055145,0
2021-07-02 08:00:00,0,1.2510749640319603,0.03860056914933045,0
2021-07-02 12:00:00,0,1.2739919968629974,0.037208807789998306,0
2021-07-02 16:00:00,0,0.24304905463738358,0.036424858823308176,0
2021-07-05 00:00:00,0,-0.14931225196852102,0.038073359250247615,0
2021-07-05 04:00:00,0,-0.302841166453391,0.039911830917059916,0
2021-07-05 08:00:00,0,0.3863517637370045,0.041021998785564964,0
2021-07-05 12:00:00,0,-0.31709950706994594,0.04253461748235537,0
2021-07-06 00:00:00,0,-0.6778108979289962,0.04506443179923589,0
2021-07-06 04:00:00,0,0.3097260841828467,0.045516103458951435,0
2021-07-06 08:00:00,0,0.9049648397808243,0.045876939672664103,0
2021-07-06 12:00:00,0,-0.8515711617875931,0.04526986704937552,0
2021-07-06 16:00:00,0,1.2224628804188942,0.03746531138401695,0
2021-07-07 00:00:00,0,0.4003732087492416,0.037525959259300884,0
2021-07-07 04:00:00,0,0.9153456718654934,0.03852825422562182,0
2021-07-07 08:00:00,0,0.5504324637663205,0.0367057958735656,0
2021-07-07 12:00:00,0,-1.2036485538011477,0.037286517005563194,0
2021-07-07 16:00:00,0,0.16170407370314405,0.032423737475172854,0
2021-07-08 00:00:00,0,-0.43191262310497464,0.03426380328428324,0
2021-07-08 04:00:00,0,-2.3313322836233623,0.03492656473351036,0
2021-07-08 08:00:00,0,-0.9558807870501773,0.03055189992315117,0
2021-07-08 12:00:00,0,1.6923046652243126,0.028660039116095683,0
2021-07-08 16:00:00,0,0.04702549919014342,0.02570002636393791,0
2021-07-09 00:00:00,0,0.17556960467396412,0.025768085838890856,0
2021-07-09 04:00:00,0,0.5988740559586917,0.026318265277846444,0
2021-07-09 08:00:00,0,-0.27513296479256394,0.02665291687152284,0
2021-07-09 12:00:00,0,1.5895937227159544,0.02664625379056296,0
2021-07-09 16:00:00,0,-0.07217262629936654,0.024608192328025903,0
2021-07-12 00:00:00,0,-0.25867168805364193,0.02693557026321247,0
2021-07-12 04:00:00,0,0.5290213412633443,0.02793784207096209,0
2021-07-12 08:00:00,0,0.48647827922231335,0.028057898788275446,0
2021-07-12 12:00:00,0,-0.5624792494664532,0.02822481309555582,0
2021-07-12 16:00:00,0,0.5275694159058848,0.027656889030444606,0
2021-07-13 00:00:00,0,0.007651764752600957,0.029603744309801564,0
2021-07-13 04:00:00,0,0.36422431658544124,0.0313378785188845,0
2021-07-13 08:00:00,0,-1.614261938190455,0.031612609035743096,0
2021-07-13 12:00:00,0,2.6421860489108777,0.029173536922655542,0
2021-07-13 16:00:00,0,-1.5234018544496828,0.025778573119023127,0
2021-07-14 00:00:00,0,-0.07760883367798606,0.024996032919954482,0
2021-07-14 04:00:00,0,0.35451070377914107,0.026115571175837987,0
2021-07-14 08:00:00,0,1.1172085815641832,0.02668508673481345,0
2021-07-14 12:00:00,0,-0.45501865925843893,0.02640201201477047,0
2021-07-14 16:00:00,0,-0.46838153861232634,0.024885233470895732,0
2021-07-15 00:00:00,0,0.48726371495426696,0.02622073732519102,0
2021-07-15 04:00:00,0,0.5896980561265734,0.02695092433714085,0
2021-07-15 08:00:00,0,-0.990875149192169,0.02721634777233478,0
2021-07-15 12:00:00,0,-1.458219545859097,0.026388147512911783,0
2021-07-15 16:00:00,0,-0.0870281844900354,0.023891387035467657,0
2021-07-16 00:00:00,0,0.4436461602053503,0.024505754624182922,0
2021-07-16 04:00:00,0,0.23656758851931003,0.025272689788574904,0
2021-07-16 08:00:00,0,0.5232979176041626,0.025851251076537827,0
2021-07-16 12:00:00,0,-1.0659414791141075,0.02637917699850348,0
2021-07-16 16:00:00,0,-1.1273444595897382,0.023898219248422052,0
2021-07-19 00:00:00,0,0.1328687816460004,0.02297795760693103,0
2021-07-19 04:00:00,0,-0.2995697927277252,0.023983845599181854,0
2021-07-19 08:00:00,0,-0.9166097712883929,0.024313237190129136,0
2021-07-19 12:00:00,0,-0.7939167279422443,0.02300466813492833,0
2021-07-19 16:00:00,0,1.4285181621980372,0.021951234064829094,0
2021-07-20 00:00:00,0,-0.017355855933206064,0.02197433017172134,0
2021-07-20 04:00:00,0,0.1204250271175653,0.022428835714714056,0
2021-07-20 08:00:00,0,-0.1796659527004406,0.023136822154923676,0
2021-07-20 12:00:00,0,1.8806448265158282,0.02390136261509822,0
2021-07-20 16:00:00,0,-0.23880211150683034,0.021189797543955002,0
2021-07-21 00:00:00,0,-0.5805048356314525,0.02210280989199486,0
2021-07-21 04:00:00,0,0.6221740753707727,0.022675844893113088,0
2021-07-21 08:00:00,0,-0.4300922167252315,0.022872884072666896,0
2021-07-21 12:00:00,0,0.5055613971348729,0.02286036938005459,0
2021-07-21 16:00:00,0,1.1317817567514392,0.02264705868982098,0
2021-07-22 00:00:00,0,0.09161028466447287,0.023572785399971118,0
2021-07-22 04:00:00,0,0.09960467252921766,0.024815838495447697,0
2021-07-22 08:00:00,0,-0.1720731596160411,0.02555355086376942,0
2021-07-22 12:00:00,0,0.7212350136101687,0.026680950686172766,0
2021-07-22 16:00:00,0,1.1880080778692754,0.02621743320136594,0
2021-07-23 00:00:00,0,-0.25554847899071914,0.02691266333785765,0
2021-07-23 04:00:00,0,0.3524254931963397,0.028031766449269118,0
2021-07-23 08:00:00,0,-0.3669757768254379,0.02889400915194118,0
2021-07-23 12:00:00,0,1.7550170916816774,0.029533878341330286,0
2021-07-23 16:00:00,0,0.10503845741205728,0.02712556602602086,0
2021-07-26 00:00:00,0,-0.18073648437271064,0.028954761481112447,0
2021-07-26 04:00:00,0,-0.3282936199116988,0.030285780497374844,0
2021-07-26 08:00:00,0,0.007695846088063886,0.030152963725501598,0
2021-07-26 12:00:00,0,0.5194866969257582,0.031014359595317616,0
2021-07-26 16:00:00,0,0.4167615151275642,0.030054473232405163,0
2021-07-27 00:00:00,0,-0.06218897394708768,0.032573850556376044,0
2021-07-27 04:00:00,0,-0.3833584052245739,0.03419786384421879,0
2021-07-27 08:00:00,0,0.7233021438800908,0.03443412732626957,0
2021-07-27 12:00:00,0,-5.301811639991639,0.034407553997031326,0
2021-07-27 16:00:00,0,0.8220867704988537,0.025406514719705526,0
2021-07-28 00:00:00,0,-0.4598684889415452,0.023034185534092224,0
2021-07-28 04:00:00,0,1.1547971376007202,0.02357606774965187,0
2021-07-28 08:00:00,0,0.08616720440271833,0.023189177947638456,0
2021-07-28 12:00:00,0,-0.08133445199131747,0.02351036459027315,0
2021-07-28 16:00:00,0,-0.14219045538986164,0.021745723126662078,0
2021-07-29 00:00:00,0,-0.24482795325840764,0.022446978005897397,0
2021-07-29 04:00:00,0,0.323726383873915,0.023150175199752616,0
2021-07-29 08:00:00,0,-0.0152011745782299,0.023718061295078897,0
2021-07-29 12:00:00,0,0.7190052240653105,0.024139977243906822,0
2021-07-29 16:00:00,0,-1.7362886768493384,0.023784062205177686,0
2021-07-30 00:00:00,0,0.07167477633679512,0.021280025730079557,0
2021-07-30 04:00:00,0,0.36792547596817976,0.022216947080693987,0
2021-07-30 08:00:00,0,0.0232167291955034,0.02245612589652594,0
2021-07-30 12:00:00,0,1.2229826154591383,0.022995348472191583,0
2021-07-30 16:00:00,0,-0.12019951950258605,0.022293152122807983,0
2021-08-02 00:00:00,0,0.12678661571174085,0.02359576705658165,0
2021-08-02 04:00:00,0,0.160792668416557,0.024566875947900677,0
2021-08-02 08:00:00,0,-0.2850110105679546,0.0257381189139947,0
2021-08-02 12:00:00,0,-0.41479219468640827,0.026412973244444755,0
2021-08-02 16:00:00,0,-0.3932719724459738,0.025322718451072836,0
2021-08-03 00:00:00,0,-0.07395968547915811,0.026191302782956272,0
2021-08-03 04:00:00,0,0.22289518274186274,0.027142981680371544,0
2021-08-03 08:00:00,0,0.0073361725220868115,0.028602775622459303,0
2021-08-03 12:00:00,0,0.5277502527068213,0.029770302314840003,0
2021-08-03 16:00:00,0,0.1774345557925254,0.026681719665542225,0
2021-08-04 00:00:00,0,0.1643230126414827,0.02858144153759367,0
2021-08-04 04:00:00,0,0.09923332555126166,0.02989086339193771,0
2021-08-04 08:00:00,0,-0.3253122823694777,0.031055011841413273,0
2021-08-04 12:00:00,0,0.5709050861827613,0.031709402318459104,0
2021-08-04 16:00:00,0,0.2168796681767028,0.031272826084705524,0
2021-08-05 00:00:00,0,-0.10974190306659047,0.033148967954343925,0
2021-08-05 04:00:00,0,0.06244065694035203,0.03502411501317508,0
2021-08-05 08:00:00,0,0.027763271663641495,0.036342853677299475,0
2021-08-05 12:00:00,0,0.9247292477436724,0.03769328813819443,0
2021-08-05 16:00:00,0,0.5712397301589803,0.035647578805183024,0
2021-08-06 00:00:00,0,0.09231519468625952,0.03832877779246417,0
2021-08-06 04:00:00,0,-0.18506359197144215,0.0405467326822417,0
2021-08-06 08:00:00,0,-1.0062569325642883,0.04191583276599597,0
2021-08-06 12:00:00,0,-0.20910029401305266,0.04007661471471055,0
2021-08-06 16:00:00,0,-0.09954349069507853,0.03722982922490027,0
2021-08-09 00:00:00,0,0.3580544348327845,0.035913809598172634,0
2021-08-09 04:00:00,0,1.1312794373296273,0.03737939245501774,0
2021-08-09 08:00:00,0,0.07475899746046548,0.036728067301805466,0
2021-08-09 12:00:00,0,0.14895640881457733,0.03778449805994695,0
2021-08-09 16:00:00,0,0.2271093744879186,0.03692186350978708,0
2021-08-10 00:00:00,0,-0.37035360776392234,0.03936973469780857,0
2021-08-10 04:00:00,0,0.573730870083792,0.04030852652240119,0
2021-08-10 08:00:00,0,0.08284553791881731,0.04078635965580945,0
2021-08-10 12:00:00,0,-1.8233212557803309,0.04276006681707095,0
2021-08-10 16:00:00,0,-0.14530042476053245,0.03601485217277604,0
2021-08-11 00:00:00,0,0.2813358028410139,0.037952730434096645,0
2021-08-11 04:00:00,0,-0.8315299981041548,0.03939612793886232,0
2021-08-11 08:00:00,0,1.7578945924655351,0.03910125749688227,0
2021-08-11 12:00:00,0,-1.584184017982642,0.03503945405271099,0
2021-08-11 16:00:00,0,0.07676916889046852,0.030897694723596943,0
2021-08-12 00:00:00,0,0.04275305190936538,0.033373057895151846,0
2021-08-12 04:00:00,0,0.08614118482358608,0.03539899874234219,0
2021-08-12 08:00:00,0,-0.34728473575014157,0.036626548967753386,0
2021-08-12 12:00:00,0,1.0037078570272278,0.036818986209453244,0
2021-08-12 16:00:00,0,0.6156250801766675,0.033410485778774056,0
2021-08-13 00:00:00,0,0.03153397637464262,0.03532719384827173,0
2021-08-13 04:00:00,0,0.394756977568111,0.037324737203893184,0
2021-08-13 08:00:00,0,-0.2843015904190667,0.0384756782827345,0
2021-08-13 12:00:00,0,0.8748489950497057,0.039055239716189655,0
2021-08-13 16:00:00,0,0.024024676497561907,0.03780974274927219,0
2021-08-16 00:00:00,0,0.03546526849487551,0.03982227294783833,0
2021-08-16 04:00:00,0,-0.03711233231402167,0.04167168302571875,0
2021-08-16 08:00:00,0,-0.7235662207843515,0.042712145713253546,0
2021-08-16 12:00:00,0,-1.0374567199332125,0.04252992683127225,0
2021-08-16 16:00:00,0,1.9559641007391466,0.034380556892693676,0
2021-08-17 00:00:00,0,-0.04669114375449926,0.03338102240725506,0
2021-08-17 04:00:00,0,-0.5805982475010374,0.03535359952876289,0
2021-08-17 08:00:00,0,-0.5853635041585628,0.03529377637420057,0
2021-08-17 12:00:00,0,-2.6007945409489444,0.03508613988823927,0
2021-08-17 16:00:00,0,1.0465103687092332,0.0306451840848327,0
2021-08-18 00:00:00,0,0.588116291489194,0.03058386615306712,0
2021-08-18 04:00:00,0,-0.41605994457490897,0.031218322027055257,0
2021-08-18 08:00:00,0,-0.10619661942382588,0.031838595577368005,0
2021-08-18 12:00:00,0,0.148347485738062,0.03212352622409321,0
2021-08-18 16:00:00,0,-2.467334691788746,0.0314533352063478,0
2021-08-19 00:00:00,0,-0.32664231108705555,0.027434554414523547,0
2021-08-19 04:00:00,0,-1.596625280769146,0.028235508245719236,0
2021-08-19 08:00:00,0,0.10613960900217857,0.026249108765376714,0
2021-08-19 12:00:00,0,3.332036584552537,0.025767411562312218,0
2021-08-19 16:00:00,0,-0.5537435847750318,0.022155116212258026,0
2021-08-20 00:00:00,0,-0.33781938813715834,0.02205468476330908,0
2021-08-20 04:00:00,0,-0.38532475563135443,0.02280353634121585,0
2021-08-20 08:00:00,0,0.8870174039427656,0.023061670719034214,0
2021-08-20 12:00:00,0,1.2943071620573894,0.023113942382050372,0
2021-08-20 16:00:00,0,0.30970466126583546,0.022092927933920002,0
2021-08-23 00:00:00,0,0.45262922574996645,0.023914519415132278,0
2021-08-23 04:00:00,0,-0.1293490839638594,0.024857930580437084,0
2021-08-23 08:00:00,0,-0.17791880633178245,0.025939756315120355,0
2021-08-23 12:00:00,0,2.803090276168138,0.027260610511340905,0
2021-08-23 16:00:00,0,0.0574036751954552,0.02435514562655409,0
2021-08-24 00:00:00,0,-0.0743352932316237,0.02695227408306352,0
2021-08-24 04:00:00,0,0.7020974709804583,0.028614051303507814,0
2021-08-24 08:00:00,0,-0.7378869195584215,0.028891451103982547,0
2021-08-24 12:00:00,0,0.2696182392780196,0.028684145266092,0
2021-08-24 16:00:00,0,0.30332866912550344,0.028781343472763312,0
2021-08-25 00:00:00,0,-0.15322828531893024,0.03138447172591585,0
2021-08-25 04:00:00,0,0.5736231329979611,0.03299175537695184,0
2021-08-25 08:00:00,0,-0.24370648682950527,0.033614433240028156,0
2021-08-25 12:00:00,0,0.15350001481541597,0.03410198870725591,0
2021-08-25 16:00:00,0,-0.18530692756127845,0.03398952225019616,0
2021-08-26 00:00:00,0,-0.38051257628498303,0.03615492226550652,0
2021-08-26 04:00:00,0,0.06083917178971827,0.03733073315302505,0
2021-08-26 08:00:00,0,-0.06575791306048434,0.037467102023652964,0
2021-08-26 12:00:00,0,0.15040894960989112,0.038214539906376147,0
2021-08-26 16:00:00,0,-0.8498797147392413,0.035451626795858386,0
2021-08-27 00:00:00,0,0.8747282685215447,0.035906375059960444,0
2021-08-27 04:00:00,0,-0.0812860442419095,0.03601367326160314,0
2021-08-27 08:00:00,0,0.09393983580583545,0.037458537377747445,0
2021-08-27 12:00:00,0,1.8087952921303692,0.03900560650661561,0
2021-08-27 16:00:00,0,0.13726532324177454,0.034430500472346914,0
2021-08-30 00:00:00,0,0.10563171159921107,0.036881077451941795,0
2021-08-30 04:00:00,0,0.27832693694969984,0.03856168561873691,0
2021-08-30 08:00:00,0,-0.005025653823256011,0.04040373888564279,0
2021-08-30 12:00:00,0,2.8830126241817644,0.04222155766384843,0
2021-08-30 16:00:00,0,0.3444003405680079,0.036586725498706854,0
2021-08-31 00:00:00,0,1.0003935366046028,0.03908884079512481,0
2021-08-31 04:00:00,0,0.14335935560144153,0.038911350579438155,0
2021-08-31 08:00:00,0,-1.3071210696472773,0.03978871957166171,0
2021-08-31 12:00:00,0,0.2489174855400797,0.03739988674589476,0
2021-08-31 16:00:00,0,0.04951012818515853,0.035255940690046145,0
2021-09-01 00:00:00,0,0.6382724507485553,0.03754263375171348,0
2021-09-01 04:00:00,0,-0.13638274188456537,0.038206585122790404,0
2021-09-01 08:00:00,0,0.5098667137651813,0.038378148988166695,0
2021-09-01 12:00:00,0,0.7899838498083614,0.037859739026969236,0
2021-09-01 16:00:00,0,-1.2341826651043093,0.03672080035248052,0
2021-09-02 00:00:00,0,-0.008949322104974395,0.036346615706227325,0
2021-09-02 04:00:00,0,0.6373235838844096,0.038105112192855166,0
2021-09-02 08:00:00,0,0.2639145704119077,0.03865587787055252,0
2021-09-02 12:00:00,0,-0.7443577699325732,0.04011315950422407,0
2021-09-02 16:00:00,0,-0.31512619255351976,0.038435280371260504,0
2021-09-03 00:00:00,0,0.20385422417886073,0.03889825086969993,0
2021-09-03 04:00:00,0,-0.2556056538308232,0.039953461841655345,0
2021-09-03 08:00:00,0,-0.09010783828923,0.041591955243554926,0
2021-09-03 12:00:00,0,0.7074486039405459,0.03835506229756868,0
2021-09-03 16:00:00,0,0.16553328160866626,0.035479139212004115,0
2021-09-06 00:00:00,0,0.2832784270859015,0.038468027133620485,0
2021-09-06 04:00:00,0,0.6757677948603067,0.040252832615278504,0
2021-09-06 08:00:00,0,-0.14315982305130256,0.040319605896483396,0
2021-09-06 12:00:00,0,0.20198876602867313,0.042522861085347495,0
2021-09-07 00:00:00,0,-0.28542392505785,0.0465839792609884,0
2021-09-07 04:00:00,0,-0.22881442468324997,0.048591744753373134,0
2021-09-07 08:00:00,0,-0.34487450717491075,0.04795543821986566,0
2021-09-07 12:00:00,0,0.9916160425745764,0.04729451797745787,0
2021-09-07 16:00:00,0,-0.46159039366809657,0.04350121523670209,0
2021-09-08 00:00:00,0,-0.2113448445239183,0.04491261632056016,0
2021-09-08 04:00:00,0,-0.8903418826146434,0.04662118379925002,0
2021-09-08 08:00:00,0,0.7186231101815251,0.043687549135547676,0
2021-09-08 12:00:00,0,-2.0634789224992764,0.04380237539522855,0
2021-09-08 16:00:00,0,0.6360608627615333,0.03756262389142859,0
2021-09-09 00:00:00,0,-0.25926152645723866,0.03893148616586087,0
2021-09-09 04:00:00,0,0.06414868789054862,0.03999985004055842,0
2021-09-09 08:00:00,0,0.899258034853664,0.04011612947636735,0
2021-09-09 12:00:00,0,-0.13208853368158674,0.03947666813348395,0
2021-09-09 16:00:00,0,-1.0494551863784243,0.03845616423146008,0
2021-09-10 00:00:00,0,0.4756014497629626,0.03781059592207195,0
2021-09-10 04:00:00,0,0.49691460117933217,0.0384399651974593,0
2021-09-10 08:00:00,0,0.134645831935262,0.0391015913487661,0
2021-09-10 12:00:00,0,-0.717982336693835,0.0402808736106856,0
2021-09-10 16:00:00,0,-2.509103057541179,0.035555228812802556,0
2021-09-13 00:00:00,0,-0.2683882446992339,0.03129882317513728,0
2021-09-13 04:00:00,0,0.8153211306774389,0.03235309032226634,0
2021-09-13 08:00:00,0,0.5441649259951931,0.031174434945816485,0
2021-09-13 12:00:00,0,-1.5028651762464573,0.03213950199044988,0
2021-09-13 16:00:00,0,0.14065439638010105,0.0273168800076831,0
2021-09-14 00:00:00,0,0.12486330093323446,0.027896437643654563,0
2021-09-14 04:00:00,0,-0.2407528645159129,0.029331794165956236,0
2021-09-14 08:00:00,0,0.692045360753235,0.029317968774174995,0
2021-09-14 12:00:00,0,-0.8316595354543177,0.028402925002378916,0
2021-09-14 16:00:00,0,-0.44825946976395564,0.02651866253923186,0
2021-09-15 00:00:00,0,0.11243715261431876,0.027332009466148353,0
2021-09-15 04:00:00,0,0.23183611546155158,0.028200774236708342,0
2021-09-15 08:00:00,0,-0.2462591137780842,0.029074166484513678,0
2021-09-15 12:00:00,0,0.4310929532193963,0.029847328756194558,0
2021-09-15 16:00:00,0,0.9493826754213576,0.02787572581112351,0
2021-09-16 00:00:00,0,-0.2917254617755959,0.029420158675626872,0
2021-09-16 04:00:00,0,-0.16856920709561518,0.030191788794430015,0
2021-09-16 08:00:00,0,-0.24693597865650202,0.03126581948677984,0
2021-09-16 12:00:00,0,-0.4311337370085042,0.031924758228870136,0
2021-09-16 16:00:00,0,0.9814298981734771,0.03016116126137707,0
2021-09-17 00:00:00,0,0.5958311733322701,0.030056418780030913,0
2021-09-17 04:00:00,0,-0.21847723486013634,0.0304276914408892,0
2021-09-17 08:00:00,0,-0.07409250877015386,0.031479539670162426,0
2021-09-17 12:00:00,0,-2.4531783460783885,0.0318277332569191,0
2021-09-17 16:00:00,0,-0.8593871691101318,0.02687465955733877,0
2021-09-20 00:00:00,0,-1.1062464189112622,0.027418978347733245,0
2021-09-20 04:00:00,0,-0.9199958017056872,0.026200839257039383,0
2021-09-20 08:00:00,0,-1.282872091724817,0.025314141799127242,0
2021-09-20 12:00:00,0,-1.8759079278819366,0.024026235369055286,0
2021-09-20 16:00:00,0,0.7887121374060834,0.02086192449209883,0
2021-09-21 00:00:00,0,0.47407137218984785,0.01956883666293875,0
2021-09-21 04:00:00,0,0.5254450054513196,0.019973691064527035,0
2021-09-21 08:00:00,0,-0.6153379849372539,0.019837748496868594,0
2021-09-21 12:00:00,0,-0.1954853530509697,0.020179934895452646,0
2021-09-21 16:00:00,0,-0.6505482467733026,0.0193066665488442,0
2021-09-22 00:00:00,0,0.8233685036368638,0.019192869157402304,0
2021-09-22 04:00:00,0,0.42307054673674915,0.01895857811086457,0
2021-09-22 08:00:00,0,0.024930451274495023,0.019580640649069846,0
2021-09-22 12:00:00,0,0.7023327229842732,0.02047766277625109,0
2021-09-22 16:00:00,0,0.24489339013089775,0.019260670492785913,0
2021-09-23 00:00:00,0,-0.04286834085555917,0.019951482992891657,0
2021-09-23 04:00:00,0,0.8482479531241472,0.020869040117212696,0
2021-09-23 08:00:00,0,-0.7074638274406541,0.020916835496993094,0
2021-09-23 12:00:00,0,1.0063795458182265,0.020695594845318556,0
2021-09-23 16:00:00,0,-0.06846832199459911,0.01975982839523395,0
2021-09-24 00:00:00,0,-0.27641609207749473,0.02117747560536978,0
2021-09-24 04:00:00,0,-0.4988461077867091,0.021908569190596954,0
2021-09-24 08:00:00,0,-0.6425262091797913,0.02184681036355864,0
2021-09-24 12:00:00,0,1.1306472938992234,0.021986152847742656,0
2021-09-24 16:00:00,0,0.3157734906142735,0.02169046915169752,0
2021-09-27 00:00:00,0,-0.011194009925075302,0.022393381773017383,0
2021-09-27 04:00:00,0,-0.49205459904237225,0.02340402351711534,0
2021-09-27 08:00:00,0,-1.511096013405382,0.023526390704130064,0
2021-09-27 12:00:00,0,-0.6608662661271102,0.02153114705874922,0
2021-09-27 16:00:00,0,0.333544817254274,0.020656320841909295,0
2021-09-28 00:00:00,0,0.29347152063929666,0.0212458219492428,0
2021-09-28 04:00:00,0,-1.7268387565956216,0.021899808112167293,0
2021-09-28 08:00:00,0,-0.514630854084678,0.019534782409431944,0
2021-09-28 12:00:00,0,-2.0825047463320963,0.019350843227642214,0
2021-09-28 16:00:00,0,0.0747596980841921,0.016898066021044433,0
2021-09-29 00:00:00,0,0.24464624291117995,0.01702938141927093,0
2021-09-29 04:00:00,0,0.3975774826474147,0.01729944556422569,0
2021-09-29 08:00:00,0,-0.49392754713610176,0.0173827185175665,0
2021-09-29 12:00:00,0,-0.7267445342975377,0.017504203721065467,0
2021-09-29 16:00:00,0,-0.020776017919781085,0.016633890205563804,0
2021-09-30 00:00:00,0,0.3122536206967803,0.0169740283643064,0
2021-09-30 04:00:00,0,-0.011354170565995449,0.01754899012060935,0
2021-09-30 08:00:00,0,-0.40207528251883273,0.018038412335469878,0
2021-09-30 12:00:00,0,-0.8177420150561686,0.01846780630984954,0
2021-09-30 16:00:00,0,-0.23785729929143018,0.017272793023844896,0
2021-10-01 00:00:00,0,-0.7026669247322122,0.0173880416599143,0
2021-10-01 04:00:00,0,-0.09282010909947755,0.017203488858372543,0
2021-10-01 08:00:00,0,1.0007720940120879,0.0173821287435452,0
2021-10-01 12:00:00,0,-0.3524744325580708,0.017050177462015752,0
2021-10-01 16:00:00,0,0.9623573556831304,0.016135668081865628,0
2021-10-04 00:00:00,0,-0.29323383775071127,0.016195594834841096,0
2021-10-04 04:00:00,0,-0.3312767467921955,0.01647306243090546,0
2021-10-04 08:00:00,0,0.24238243069878984,0.016420656044092794,0
2021-10-04 12:00:00,0,-2.916500700071738,0.01692182067132725,0
2021-10-04 16:00:00,0,0.7015839272602709,0.014392115077200144,0
2021-10-05 00:00:00,0,0.5570039686552192,0.014818104548180501,0
2021-10-05 04:00:00,0,0.22912260900115572,0.015051555373526527,0
2021-10-05 08:00:00,0,-0.0939070951474556,0.015431821550378718,0
2021-10-05 12:00:00,0,1.7219260420644695,0.01605656100466054,0
2021-10-05 16:00:00,0,-0.48569365794082586,0.01518291873337335,0
2021-10-06 00:00:00,0,-0.6513841370221819,0.016034698155329038,0
2021-10-06 04:00:00,0,-0.9361466831493132,0.016043309858614286,0
2021-10-06 08:00:00,0,0.34419873843982135,0.015728367694349824,0
2021-10-06 12:00:00,0,0.8002038446913721,0.015935085812237158,0
2021-10-06 16:00:00,0,1.312222459834467,0.015240897927932833,0
2021-10-07 00:00:00,0,0.18816781060954063,0.015290820039660528,0
2021-10-07 04:00:00,0,0.44852550828070975,0.015751746082549076,0
2021-10-07 08:00:00,0,0.12261946524698784,0.016234232091784158,0
2021-10-07 12:00:00,0,0.6218067507192884,0.016752883918356234,0
2021-10-07 16:00:00,0,-0.8171038378921145,0.016569617741531723,0
2021-10-08 00:00:00,0,-0.3636822382072291,0.017195767984655212,0
2021-10-08 04:00:00,0,-0.30484631804799595,0.017729242490904587,0
2021-10-08 08:00:00,0,1.1360904507909044,0.018061148727873337,0
2021-10-08 12:00:00,0,-1.2389874502128273,0.01764206910491721,0
2021-10-08 16:00:00,0,-0.22428045494301596,0.01689246237584905,0
2021-10-11 00:00:00,0,0.24383892638373292,0.017026770766758906,0
2021-10-11 04:00:00,0,-0.1592344074323318,0.017732113131094303,0
2021-10-11 08:00:00,0,-0.19538903047943965,0.018064303766731248,0
2021-10-11 12:00:00,0,0.9764257525886169,0.018281303593681797,0
2021-10-11 16:00:00,0,-1.376765584733629,0.01756963189294257,0
2021-10-12 00:00:00,0,0.08106859925592266,0.01715156140203332,0
2021-10-12 04:00:00,0,0.5570885101610512,0.017794666786296744,0
2021-10-12 08:00:00,0,0.4400839480236026,0.017747171251024232,0
2021-10-12 12:00:00,0,-0.7994665382040129,0.018068075748800712,0
2021-10-12 16:00:00,0,-0.5654277372730564,0.017501061417904883,0
2021-10-13 00:00:00,0,0.023421609614748894,0.017845139800988685,0
2021-10-13 04:00:00,0,0.6887891115767243,0.018656383936641197,0
2021-10-13 08:00:00,0,-0.2775090824898175,0.018298517139353043,0
2021-10-13 12:00:00,0,0.20799822514364744,0.018366962912814325,0
2021-10-13 16:00:00,0,0.5973100189672887,0.018221137890588407,0
2021-10-14 00:00:00,0,-0.012297455090649794,0.01897284573390645,0
2021-10-14 04:00:00,0,0.684162694442276,0.020110981652079866,0
2021-10-14 08:00:00,0,0.3404952396852498,0.02047295458025264,0
2021-10-14 12:00:00,0,1.2550555054463048,0.020772300888816268,0
2021-10-14 16:00:00,0,0.26953373198416086,0.020030854488909164,0
2021-10-15 00:00:00,0,0.6152817255909764,0.021448655078055514,0
2021-10-15 04:00:00,0,-0.27616765009830213,0.02168360187829893,0
2021-10-15 08:00:00,0,0.09938690324439739,0.02190854122186661,0
2021-10-15 12:00:00,0,0.1513425691835145,0.022682333276266595,0
2021-10-15 16:00:00,0,0.5302234632783048,0.02292419416337181,0
2021-10-18 00:00:00,0,-0.2310479973864675,0.023273230498364387,0
2021-10-18 04:00:00,0,-0.10647229233455287,0.02429535460822438,0
2021-10-18 08:00:00,0,-0.1601593286399735,0.02482795780962783,0
2021-10-18 12:00:00,0,1.9376776732167418,0.024869350137203854,0
2021-10-18 16:00:00,0,0.7963453268108116,0.023138835888789244,0
2021-10-19 00:00:00,0,-0.04852182202537648,0.024129998999455164,0
2021-10-19 04:00:00,0,0.48780012145212776,0.025231929465921555,0
2021-10-19 08:00:00,0,0.035579770273307394,0.025799852009872528,0
2021-10-19 12:00:00,0,0.8474956746757752,0.026484165195414928,0
2021-10-19 16:00:00,0,0.2330981347423543,0.026166428191091343,0
2021-10-20 00:00:00,0,0.04786180425789355,0.02736305011469059,0
2021-10-20 04:00:00,0,0.13003571497404265,0.028763491974889793,0
2021-10-20 08:00:00,0,0.3363992597317173,0.02956627161554374,0
2021-10-20 12:00:00,0,-0.3269642085705473,0.03061840407944226,0
2021-10-20 16:00:00,0,-0.5417043269561259,0.030522536496217115,0
2021-10-21 00:00:00,0,-0.13283979692084527,0.031182194255030705,0
2021-10-21 04:00:00,0,0.16384303743978468,0.03189526936438911,0
2021-10-21 08:00:00,0,-0.06430073800315642,0.03208289966321717,0
2021-10-21 12:00:00,0,1.591851398378369,0.0326167285911162,0
2021-10-21 16:00:00,0,-0.8514710560011809,0.030976899746756104,0
2021-10-22 00:00:00,0,-0.08571643777023828,0.029875631470980945,0
2021-10-22 04:00:00,0,0.41859812554380676,0.031092343016542505,0
2021-10-22 08:00:00,0,0.12698298682353168,0.03186896552186308,0
2021-10-22 12:00:00,0,-1.5703230103655468,0.03274837347096988,0
2021-10-22 16:00:00,0,-0.24512374301804501,0.02834456699587264,0
2021-10-25 00:00:00,0,0.2807542486539927,0.029116161009436432,0
2021-10-25 04:00:00,0,0.2966342318071603,0.030022288648641333,0
2021-10-25 08:00:00,0,0.14203263693801121,0.030721714490225892,0
2021-10-25 12:00:00,0,1.7831910253413004,0.03162872544232578,0
2021-10-25 16:00:00,0,0.648102924477974,0.028082082552693233,0
2021-10-26 00:00:00,0,0.11160395753696542,0.028263002705806832,0
2021-10-26 04:00:00,0,0.3212886094050321,0.029750636689171515,0
2021-10-26 08:00:00,0,-0.1624801439774586,0.03051940998795511,0
2021-10-26 12:00:00,0,-0.7906319907972846,0.03182449594649641,0
2021-10-26 16:00:00,0,-0.21019625184148652,0.02757628416579347,0
2021-10-27 00:00:00,0,0.17384999217415262,0.028121039993686543,0
2021-10-27 04:00:00,0,0.0945661599196011,0.02943434098374599,0
2021-10-27 08:00:00,0,0.17356248518034054,0.03015886631888008,0
2021-10-27 12:00:00,0,1.6759875140341773,0.03018457708989184,0
2021-10-27 16:00:00,0,-1.2098305500433812,0.02856601635903841,0
2021-10-28 00:00:00,0,0.01364087800921902,0.02772138650221148,0
2021-10-28 04:00:00,0,0.5333275681993478,0.028938075477226256,0
2021-10-28 08:00:00,0,0.08739598854160002,0.028955337252579684,0
2021-10-28 12:00:00,0,0.5148436191327888,0.0295473282721228,0
2021-10-28 16:00:00,0,-0.4226265550450408,0.028182945101484252,0
2021-10-29 00:00:00,0,-0.1298747949345372,0.027129467113383383,0
2021-10-29 04:00:00,0,-0.1869358375908421,0.028181065957767985,0
2021-10-29 08:00:00,0,-0.12832802342908917,0.028992264070015563,0
2021-10-29 12:00:00,0,2.281064010272831,0.029356026153403866,0
2021-10-29 16:00:00,0,1.0112601157586845,0.026646762622509645,0
2021-11-01 00:00:00,0,-0.28481476447976956,0.026757415910685756,0
2021-11-01 04:00:00,0,0.3512879437977181,0.027928140578139648,0
2021-11-01 08:00:00,0,-0.4906529721602266,0.0287639048676211,0
2021-11-01 12:00:00,0,-0.09890375754363953,0.029158818042754883,0
2021-11-01 16:00:00,0,0.36349728360144995,0.028325463015965256,0
2021-11-02 00:00:00,0,-0.11134966634591817,0.02874007761662437,0
2021-11-02 04:00:00,0,-0.0915046201488163,0.029741445838301503,0
2021-11-02 08:00:00,0,0.0746640340333817,0.03081928810563125,0
2021-11-02 12:00:00,0,1.3161984579263433,0.03201124525202144,0
2021-11-02 16:00:00,0,0.07117943289313866,0.03046138703551735,0
2021-11-03 00:00:00,0,0.08843474690341259,0.031924937904153905,0
2021-11-03 04:00:00,0,0.15320838996788752,0.03349201266239191,0
2021-11-03 08:00:00,0,0.1345873646571412,0.03495756827316885,0
2021-11-03 12:00:00,0,-0.014898174287218624,0.03642823842436975,0
2021-11-03 16:00:00,0,2.685657974199574,0.03623150804675204,0
2021-11-04 00:00:00,0,-0.1887635126046691,0.03175876325582465,0
2021-11-04 04:00:00,0,0.4096719160797969,0.03334291519736263,0
2021-11-04 08:00:00,0,-0.04547865617446583,0.033597423385509154,0
2021-11-04 12:00:00,0,2.0206284239619103,0.03471659466394148,0
2021-11-04 16:00:00,0,0.46094342386648,0.030729310407036574,0
2021-11-05 00:00:00,0,0.2192456802855923,0.031048451447082487,0
2021-11-05 04:00:00,0,0.12938382175094237,0.03235738462816572,0
2021-11-05 08:00:00,0,0.508452525226507,0.03289396032517031,0
2021-11-05 12:00:00,0,0.043507730782027514,0.03196721359245649,0
2021-11-05 16:00:00,0,-0.5342891027435348,0.03146034327671082,0
2021-11-08 00:00:00,0,0.40335556756889124,0.03027110887580493,0
2021-11-08 04:00:00,0,0.3294045023925324,0.031087155568293195,0
2021-11-08 08:00:00,0,0.352958048519834,0.031601512241888355,0
2021-11-08 12:00:00,0,-0.19977382037064523,0.03294184797541898,0
2021-11-08 16:00:00,0,-0.34063045772189643,0.03181518131633431,0
2021-11-09 00:00:00,0,0.3312193848931546,0.03215910318714904,0
2021-11-09 04:00:00,0,0.4986545877173689,0.03363861702727715,0
2021-11-09 08:00:00,0,0.43660098735081737,0.034107263664190444,0
2021-11-09 12:00:00,0,-2.7019994920750374,0.03437716908411835,0
2021-11-09 16:00:00,0,-0.16266861102979,0.02906048966826591,0
2021-11-10 00:00:00,0,-0.1176181953264308,0.02981129315380406,0
2021-11-10 04:00:00,0,0.4418054194035535,0.030444059812463793,0
2021-11-10 08:00:00,0,-1.3121250987355066,0.030048959119722576,0
2021-11-10 12:00:00,0,0.2538844004863365,0.028388858267516383,0
2021-11-10 16:00:00,0,-1.6867614917677447,0.025690428663346022,0
2021-11-11 00:00:00,0,-0.2933803765792444,0.02305224622521192,0
2021-11-11 04:00:00,0,0.7364248776636713,0.02339460814284194,0
2021-11-11 08:00:00,0,0.28136661857197987,0.023341185395450083,0
2021-11-11 12:00:00,0,-0.6783653067389341,0.02395639108841132,0
2021-11-11 16:00:00,0,-0.19553050955420673,0.023800087082746293,0
2021-11-12 00:00:00,0,-0.2911351396172354,0.024700185642135834,0
2021-11-12 04:00:00,0,-0.19228994077311387,0.025500746992624827,0
2021-11-12 08:00:00,0,0.23480945281591875,0.02629982225599835,0
2021-11-12 12:00:00,0,1.4297869624009658,0.027509388707554837,0
2021-11-12 16:00:00,0,0.32585907592403035,0.024730979276191833,0
2021-11-15 00:00:00,0,-0.028100899079220674,0.02636982932536589,0
2021-11-15 04:00:00,0,-0.08833908275771092,0.02762475170529798,0
2021-11-15 08:00:00,0,0.4805452309841588,0.02888269365796158,0
2021-11-15 12:00:00,0,-1.664297150839616,0.029322666211768936,0
2021-11-15 16:00:00,0,0.7390610268797441,0.026212526020619235,0
2021-11-16 00:00:00,0,-0.4661140291549731,0.027103017011465294,0
2021-11-16 04:00:00,0,-0.08585539528642344,0.027804921891159948,0
2021-11-16 08:00:00,0,-0.11971439245876958,0.028787317697158366,0
2021-11-16 12:00:00,0,1.7246584527565785,0.02892323221574559,0
2021-11-16 16:00:00,0,0.008179556997831523,0.026673298159315535,0
2021-11-17 00:00:00,0,-0.13457849545042583,0.029257462730012535,0
2021-11-17 04:00:00,0,0.3202133518413025,0.030516970283941056,0
2021-11-17 08:00:00,0,-0.0684324903553551,0.031223076270797574,0
2021-11-17 12:00:00,0,-0.08571567422393671,0.03217666477727766,0
2021-11-17 16:00:00,0,0.26076624964042394,0.03006992951750704,0
2021-11-18 00:00:00,0,0.11247403562099384,0.03187558953255729,0
2021-11-18 04:00:00,0,0.6592485952236873,0.033413641992301096,0
2021-11-18 08:00:00,0,0.1524850008445676,0.03334512419831687,0
2021-11-18 12:00:00,0,0.671658941847692,0.03477035914107677,0
2021-11-18 16:00:00,0,0.9214953228931632,0.030442061728954768,0
2021-11-19 00:00:00,0,0.5061644335894637,0.030388210897338192,0
2021-11-19 04:00:00,0,-0.36788928768832485,0.030640121327006494,0
2021-11-19 08:00:00,0,0.38585843267819814,0.031647383958519924,0
2021-11-19 12:00:00,0,0.4041947948528684,0.03198583516780612,0
2021-11-19 16:00:00,0,-0.08858594038780847,0.03058392207920065,0
2021-11-22 00:00:00,0,-0.04664610997872245,0.031028721711645193,0
2021-11-22 04:00:00,0,0.3759332997377694,0.032529688770697326,0
2021-11-22 08:00:00,0,0.1893747558213554,0.03347965664693709,0
2021-11-22 12:00:00,0,-1.9853541271623327,0.0349124130120076,0
2021-11-22 16:00:00,0,-1.6559494834775956,0.026861684963516597,0
2021-11-23 00:00:00,0,-0.5070008699963963,0.02397087787108935,0
2021-11-23 04:00:00,0,0.07465910027169058,0.024408792080284333,0
2021-11-23 08:00:00,0,0.16455452216510932,0.024555420682427474,0
2021-11-23 12:00:00,0,-2.133773623529543,0.024700334810919516,0
2021-11-23 16:00:00,0,1.2864473635921942,0.020964508065364505,0
2021-11-24 00:00:00,0,0.2856658519313759,0.02073648499756823,0
2021-11-24 04:00:00,0,-0.7466712616267047,0.021250697210000197,0
2021-11-24 08:00:00,0,-0.6846853320846968,0.02102327553737517,0
2021-11-24 12:00:00,0,1.2349416742614765,0.020742359360821663,0
2021-11-24 16:00:00,0,0.3337664989646554,0.019068550974675674,0
2021-11-25 00:00:00,0,0.4316261406988499,0.020116389306356845,0
2021-11-25 04:00:00,0,0.041753153316239654,0.02097951673013901,0
2021-11-25 08:00:00,0,-0.2822099523686492,0.022100562078652814,0
2021-11-25 12:00:00,0,0.16256879307174818,0.022966268341381164,0
2021-11-26 00:00:00,0,-0.2606346325744407,0.023284771876029033,0
2021-11-26 04:00:00,0,-1.572446897045333,0.02365242478209389,0
2021-11-26 08:00:00,0,0.3599262671974225,0.021732635511866917,0
2021-11-26 12:00:00,0,-1.5889621365369262,0.021667007812517985,0
2021-11-26 16:00:00,0,-0.00574488351541445,0.01844286274075735,0
2021-11-29 00:00:00,0,-0.24005287967984917,0.018422979546309625,0
2021-11-29 04:00:00,0,-0.3643721130901838,0.019066208215084316,0
2021-11-29 08:00:00,0,0.6415238676271882,0.019319891094236808,0
2021-11-29 12:00:00,0,1.488336597951737,0.019841501891716934,0
2021-11-29 16:00:00,0,0.13356787136885798,0.018880201184283258,0
2021-11-30 00:00:00,0,-1.1598088828869593,0.02066264021342061,0
2021-11-30 04:00:00,0,0.15280469571659258,0.019956358846880847,0
2021-11-30 08:00:00,0,0.35435354701957095,0.019953331012035443,0
2021-11-30 12:00:00,0,-2.2710112791768537,0.020387367892638272,0
2021-11-30 16:00:00,0,0.9132354716723068,0.016834117870636243,0
2021-12-01 00:00:00,0,0.8121749024067,0.017195877279742092,0
2021-12-01 04:00:00,0,0.11425549286687882,0.017383065483120855,0
2021-12-01 08:00:00,0,-0.2751593868439715,0.01761603015294848,0
2021-12-01 12:00:00,0,-0.8946200486312991,0.018216992503636207,0
2021-12-01 16:00:00,0,-3.1810440641451434,0.017305646751351066,0
2021-12-02 00:00:00,0,-0.16855025446101213,0.014432563855182419,0
2021-12-02 04:00:00,0,-0.030889104926185178,0.015078143267533437,0
2021-12-02 08:00:00,0,-0.8496238740479083,0.015472314145224954,0
2021-12-02 12:00:00,0,1.1956448808337312,0.015138960879774389,0
2021-12-02 16:00:00,0,0.12606428914533274,0.014111413989482402,0
2021-12-03 00:00:00,0,0.6213764691160654,0.013934529152504947,0
2021-12-03 04:00:00,0,-0.2875056308806263,0.014222107472036918,0
2021-12-03 08:00:00,0,0.672478727078723,0.014578278692105796,0
2021-12-03 12:00:00,0,-2.866691110693977,0.014198022386446402,0
2021-12-03 16:00:00,0,0.3235360092748929,0.011664834236165123,0
2021-12-06 00:00:00,0,0.27111323011126087,0.0120678448160543,0
2021-12-06 04:00:00,0,-0.48823556254999056,0.012681488656737875,0
2021-12-06 08:00:00,0,0.16297743789461866,0.012800432473923828,0
2021-12-06 12:00:00,0,0.7411365628570596,0.013010725465373057,0
2021-12-06 16:00:00,0,0.12709625896868393,0.012469248128276104,0
2021-12-07 00:00:00,0,0.5579968585864331,0.013548367977868701,0
2021-12-07 04:00:00,0,1.024716701808647,0.013885509926217282,0
2021-12-07 08:00:00,0,0.08010071082796501,0.013707033392901826,0
2021-12-07 12:00:00,0,1.4381992282718492,0.014319779404736135,0
2021-12-07 16:00:00,0,0.23540095328203212,0.013869224495406016,0
2021-12-08 00:00:00,0,0.24038371080856333,0.014643180410872073,0
2021-12-08 04:00:00,0,-0.20582139064765959,0.015400100709090257,0
2021-12-08 08:00:00,0,-0.3039605079925838,0.01606958837677536,0
2021-12-08 12:00:00,0,-0.10469996403984454,0.01617635022462141,0
2021-12-08 16:00:00,0,0.4699271254226673,0.016416058757949232,0
2021-12-09 00:00:00,0,-0.14757718903337638,0.01796851530642356,0
2021-12-09 04:00:00,0,-0.102478656060193,0.01856659500770966,0
2021-12-09 08:00:00,0,-0.2610026986356301,0.01930247593452838,0
2021-12-09 12:00:00,0,-0.19605882483940223,0.0200110843549259,0
2021-12-09 16:00:00,0,-1.3505787066347976,0.019279386007801685,0
2021-12-10 00:00:00,0,-0.32974766936848343,0.019134081716135967,0
2021-12-10 04:00:00,0,0.537670551265195,0.019889078458425177,0
2021-12-10 08:00:00,0,0.7828883148082325,0.020594647813775614,0
2021-12-10 12:00:00,0,-0.20697238028461817,0.020103503423986004,0
2021-12-10 16:00:00,0,0.5639441215963296,0.01896338815421544,0
2021-12-13 00:00:00,0,-0.25333519161700346,0.01947122087553326,0
2021-12-13 04:00:00,0,0.14685154584110416,0.020463645291304795,0
2021-12-13 08:00:00,0,-0.06272770067924464,0.021234102051953942,0
2021-12-13 12:00:00,0,-2.351124677669563,0.02230197361987656,0
2021-12-13 16:00:00,0,-0.6488620722563743,0.019411292521389793,0
2021-12-14 00:00:00,0,-0.0214089328421023,0.019931893899875593,0
2021-12-14 04:00:00,0,-1.3408202395342956,0.02098974000344105,0
2021-12-14 08:00:00,0,-0.5227073627638225,0.01981677133877729,0
2021-12-14 12:00:00,0,-1.3619489096244948,0.019375938095684928,0
2021-12-14 16:00:00,0,1.3805758651176767,0.017393230012619644,0
2021-12-15 00:00:00,0,0.20787158378791162,0.01730943321258837,0
2021-12-15 04:00:00,0,-0.6289441404526397,0.01815067614570723,0
2021-12-15 08:00:00,0,0.22917615537933195,0.018086310429054762,0
2021-12-15 12:00:00,0,-0.9363981022191513,0.018142543124278897,0
2021-12-15 16:00:00,0,4.03023880591949,0.0172242447629214,0
2021-12-16 00:00:00,0,0.4797405766942517,0.014762012058341299,0
2021-12-16 04:00:00,0,0.2328286877572528,0.015376100120436453,0
2021-12-16 08:00:00,0,-0.2980773003128452,0.015867149069766794,0
2021-12-16 12:00:00,0,-3.344319841058832,0.01584049447927751,0
2021-12-16 16:00:00,0,-0.14906118161750326,0.013227679853862164,0
2021-12-17 00:00:00,0,-0.37505072527167804,0.013484139603231282,0
2021-12-17 04:00:00,0,-0.43503730309130745,0.013611906297598397,0
2021-12-17 08:00:00,0,-0.2510541868666754,0.013274683639276252,0
2021-12-17 12:00:00,0,0.5844208063161858,0.013521260587200866,0
2021-12-17 16:00:00,0,0.0893016551335281,0.012678366953934603,0
2021-12-20 00:00:00,0,-0.5221228895578175,0.012450178714701027,0
2021-12-20 04:00:00,0,-0.19665480655345668,0.012765211566600704,0
2021-12-20 08:00:00,0,0.08344526063890113,0.01304213360813622,0
2021-12-20 12:00:00,0,-0.27583827846849673,0.013440999116022286,0
2021-12-20 16:00:00,0,1.0100389132572416,0.013301648285835427,0
2021-12-21 00:00:00,0,0.19581680517722186,0.013735374402276679,0
2021-12-21 04:00:00,0,-0.3808855727581797,0.014326464716064784,0
2021-12-21 08:00:00,0,0.5256639243918143,0.01457087221288418,0
2021-12-21 12:00:00,0,0.4566853544766141,0.014921637550091404,0
2021-12-21 16:00:00,0,0.7311485290816447,0.014081123818623038,0
2021-12-22 00:00:00,0,0.005406888498653039,0.014954762584171385,0
2021-12-22 04:00:00,0,-0.2044854564546738,0.015844478491299645,0
2021-12-22 08:00:00,0,0.14988727736429985,0.016134325137187527,0
2021-12-22 12:00:00,0,1.4288749624550943,0.016643549592616987,0
2021-12-22 16:00:00,0,0.4929538585915764,0.015994212183588093,0
2021-12-23 00:00:00,0,0.08003258198865455,0.01684157502225745,0
2021-12-23 04:00:00,0,0.008519118982481259,0.017933213152072455,0
2021-12-23 08:00:00,0,0.12475248086556594,0.018766602746501444,0
2021-12-23 12:00:00,0,1.151036124593321,0.019555152228714033,0
2021-12-23 16:00:00,0,-0.13707122888367132,0.01920175652947174,0
2021-12-27 00:00:00,0,-0.021613367964318262,0.02041499937581035,0
2021-12-27 04:00:00,0,0.08917342339240109,0.02166322687639664,0
2021-12-27 08:00:00,0,0.3587372246228402,0.022623631760355145,0
2021-12-27 12:00:00,0,1.6923986864302167,0.02341108385194663,0
2021-12-27 16:00:00,0,0.3998469034322817,0.02188064516089879,0
2021-12-28 00:00:00,0,0.14711182140811388,0.0234738518061587,0
2021-12-28 04:00:00,0,0.8558311504720948,0.02472983939383065,0
2021-12-28 08:00:00,0,-0.30766380458567893,0.024648348114474174,0
2021-12-28 12:00:00,0,-1.3047779739497578,0.025379217300203726,0
2021-12-28 16:00:00,0,0.11541605585462493,0.023948704239120974,0
2021-12-29 00:00:00,0,0.49425131497606517,0.02500792704414165,0
2021-12-29 04:00:00,0,0.020895898970175526,0.02571121139857027,0
2021-12-29 08:00:00,0,-0.7974082089030221,0.026841322038921377,0
2021-12-29 12:00:00,0,-0.5790581346280865,0.026589346824751635,0
2021-12-29 16:00:00,0,0.4688674027879316,0.024733642604460246,0
2021-12-30 00:00:00,0,-0.1339702532683244,0.025530122492424458,0
2021-12-30 04:00:00,0,0.7656736921551481,0.026950389214104642,0
2021-12-30 08:00:00,0,-0.29830160968499364,0.027285921636793452,0
2021-12-30 12:00:00,0,0.48654632696969874,0.02820155620976201,0
2021-12-30 16:00:00,0,-1.4614377028321162,0.0272036316571834,0
2021-12-31 00:00:00,0,-0.05360040450452773,0.025447142068836266,0
2021-12-31 04:00:00,0,-0.04935279195690466,0.02635256348769034,0
2021-12-31 08:00:00,0,0.20251870136924366,0.02747330753331492,0
2021-12-31 12:00:00,0,-0.5769484478377026,0.027740104980570546,0
2021-12-31 16:00:00,0,-0.6060438458567659,0.02660068071068675,0
2022-01-03 00:00:00,0,0.06797536383502396,0.026382547292443343,0
2022-01-03 04:00:00,0,0.04877829500479256,0.027774454059020157,0
2022-01-03 08:00:00,0,-0.34403594525581743,0.029017609510476643,0
2022-01-03 12:00:00,0,0.4466259604842678,0.029107806333300807,0
2022-01-03 16:00:00,0,0.9070522708375295,0.026124520748732744,0
2022-01-04 00:00:00,0,0.5887480385287206,0.026905233585789102,0
2022-01-04 04:00:00,0,-0.1896957583094807,0.027650388206443655,0
2022-01-04 08:00:00,0,0.05902226502218651,0.028190179944115434,0
2022-01-04 12:00:00,0,-4.575533761563854,0.02828975566476185,0
2022-01-04 16:00:00,0,0.8227401218685135,0.02179573294975096,0
2022-01-05 00:00:00,0,-0.22653636458545956,0.020977594011170986,0
2022-01-05 04:00:00,0,0.5101770770999612,0.021796610295266243,0
2022-01-05 08:00:00,0,-0.10380761277532348,0.022246941890046633,0
2022-01-05 12:00:00,0,-1.8403596303032381,0.022558494022314916,0
2022-01-05 16:00:00,0,-2.9705267642391595,0.020627042508333374,0
2022-01-06 00:00:00,0,-0.9977702795921745,0.017166433570443212,0
2022-01-06 04:00:00,0,0.4497021865155488,0.016408373929096227,0
2022-01-06 08:00:00,0,-0.336920441891842,0.016301191199382996,0
2022-01-06 12:00:00,0,1.0510325869288326,0.016409781036633948,0
2022-01-06 16:00:00,0,-0.23509873616386243,0.015014490906787891,0
2022-01-07 00:00:00,0,-0.3192781696583615,0.01553852739427585,0
2022-01-07 04:00:00,0,-0.25148450683832047,0.016071071911810116,0
2022-01-07 08:00:00,0,-0.5955266987990685,0.015955864804875458,0
2022-01-07 12:00:00,0,-0.2814160423280776,0.01522359262330077,0
2022-01-07 16:00:00,0,-0.44174359085075876,0.013828786398692604,0
2022-01-10 00:00:00,0,0.18037730121916606,0.01437084314318506,0
2022-01-10 04:00:00,0,-0.3874286476354201,0.015022975045027812,0
2022-01-10 08:00:00,0,-1.411132239664174,0.014853190401034173,0
2022-01-10 12:00:00,0,-0.7533360167044779,0.01393907621446831,0
2022-01-10 16:00:00,0,2.2049543829588996,0.013067165799556586,0
2022-01-11 00:00:00,0,0.10326132875996523,0.012695236958246148,0
2022-01-11 04:00:00,0,0.7148880636694674,0.013297378968228597,0
2022-01-11 08:00:00,0,-0.7317230319042125,0.013335523030985235,0
2022-01-11 12:00:00,0,1.1200509791744018,0.01334564391231783,0
2022-01-11 16:00:00,0,0.32439065338008105,0.012323117600054796,0
2022-01-12 00:00:00,0,0.45119058669785944,0.013389117025822433,0
2022-01-12 04:00:00,0,-0.19974114402422996,0.013982020960100637,0
2022-01-12 08:00:00,0,0.7610032374552537,0.014036300173826613,0
2022-01-12 12:00:00,0,-0.17797354292271633,0.01418302378701523,0
2022-01-12 16:00:00,0,-0.32703997162166665,0.013725294337756018,0
2022-01-13 00:00:00,0,0.08273069938014009,0.014498784287273452,0
2022-01-13 04:00:00,0,0.44429006239452257,0.015346523927124666,0
2022-01-13 08:00:00,0,0.3721408586586964,0.015808437062523138,0
2022-01-13 12:00:00,0,-2.4295154706073365,0.01631411889997575,0
2022-01-13 16:00:00,0,-0.9383586544308958,0.013979834257994948,0
2022-01-14 00:00:00,0,0.32627217076876175,0.013697974880872543,0
2022-01-14 04:00:00,0,0.026118793168964847,0.014059312026053386,0
2022-01-14 08:00:00,0,-1.1687226832761044,0.014510761866474544,0
2022-01-14 12:00:00,0,0.5858260038201915,0.013888124245571785,0
2022-01-14 16:00:00,0,1.159867386660287,0.013201231182686499,0
2022-01-17 00:00:00,0,-0.08919552025976371,0.013107547785226797,0
2022-01-17 04:00:00,0,0.5931925067318288,0.013770281493274455,0
2022-01-17 08:00:00,0,-0.022566041955693717,0.014101388684210169,0
2022-01-17 12:00:00,0,-0.3740450747519492,0.014904596454924524,0
2022-01-18 00:00:00,0,-1.2975415082725912,0.016086733558594853,0
2022-01-18 04:00:00,0,-0.9174250304643868,0.015415388138986453,0
2022-01-18 08:00:00,0,0.4708052802195854,0.014833159337209339,0
2022-01-18 12:00:00,0,-0.9080695959526699,0.015234866615006497,0
2022-01-18 16:00:00,0,-0.10694282421738217,0.014680970304712083,0
2022-01-19 00:00:00,0,-0.6875914281293889,0.014787066276594036,0
2022-01-19 04:00:00,0,1.3497607931295275,0.014518015127139043,0
2022-01-19 08:00:00,0,0.3710799796100866,0.014126164123692978,0
2022-01-19 12:00:00,0,-0.012716279822727114,0.014477100530790987,0
2022-01-19 16:00:00,0,-1.9015421521888922,0.013568938432881726,0
2022-01-20 00:00:00,0,0.33173352933142236,0.012850497684547067,0
2022-01-20 04:00:00,0,0.17658604420428078,0.013359640375002525,0
2022-01-20 08:00:00,0,0.3924260113475081,0.013579499921683608,0
2022-01-20 12:00:00,0,0.4060905197336007,0.013982484396890814,0
2022-01-20 16:00:00,0,-3.6689841167863966,0.013771214839066334,0
2022-01-21 00:00:00,0,-0.13192032570478207,0.011098910860703358,0
2022-01-21 04:00:00,0,0.4828623958021626,0.011225321025376845,0
2022-01-21 08:00:00,0,-0.40364986955336646,0.011518113499881088,0
2022-01-21 12:00:00,0,-0.43962360933002276,0.011621897652559771,0
2022-01-21 16:00:00,0,-1.3229507700376268,0.010813621140164455,0
2022-01-24 00:00:00,0,-0.07542297986702631,0.010203615363159554,0
2022-01-24 04:00:00,0,-0.5307216897074805,0.010767954713567134,0
2022-01-24 08:00:00,0,-1.6706556044233447,0.010820696228298789,0
2022-01-24 12:00:00,0,-1.3655200993946934,0.010127379877422208,0
2022-01-24 16:00:00,0,2.734235672179685,0.008677511188845393,0
2022-01-25 00:00:00,0,-0.14505363360231138,0.00789674845970556,0
2022-01-25 04:00:00,0,0.1561654935172133,0.008088897218891564,0
2022-01-25 08:00:00,0,-0.6226570459588356,0.008118632999659767,0
2022-01-25 12:00:00,0,-0.4936947191015068,0.008008659388107991,0
2022-01-25 16:00:00,0,-0.7339150491826938,0.0078046671597451584,0
2022-01-26 00:00:00,0,0.07977301674220989,0.007109086076338923,0
2022-01-26 04:00:00,0,0.7443044177660509,0.007520356976956379,0
2022-01-26 08:00:00,0,0.2452288548363804,0.007519526792706678,0
2022-01-26 12:00:00,0,0.29204839137388444,0.007798983528071165,0
2022-01-26 16:00:00,0,-1.6284142905889682,0.007881645397982352,0
2022-01-27 00:00:00,0,-0.21039673702324133,0.006676644090475964,0
2022-01-27 04:00:00,0,1.0402363543166495,0.006877089689138872,0
2022-01-27 08:00:00,0,0.31719101016009255,0.0068559813169018595,0
2022-01-27 12:00:00,0,-0.5632215612515069,0.006971335679004298,0
2022-01-27 16:00:00,0,-0.1323776938478289,0.006779101941503212,0
2022-01-28 00:00:00,0,0.15647687645741384,0.007102053249938181,0
2022-01-28 04:00:00,0,-0.36663603532049527,0.007453048002459766,0
2022-01-28 08:00:00,0,-0.1956133728378729,0.007598685523472287,0
2022-01-28 12:00:00,0,0.7627737748811008,0.007601448292778705,0
2022-01-28 16:00:00,0,0.9148612037879144,0.007248350435973991,0
2022-01-31 00:00:00,0,0.31800891894927263,0.007425176597880309,0
2022-01-31 04:00:00,0,0.15383425371378281,0.007804327494922231,0
2022-01-31 08:00:00,0,-0.22449842851973784,0.008104653694995518,0
2022-01-31 12:00:00,0,1.3396488094183592,0.008346064121105102,0
2022-01-31 16:00:00,0,0.36834482803079843,0.008154322900131348,0
2022-02-01 00:00:00,0,0.23195140104433534,0.00872914758346742,0
2022-02-01 04:00:00,0,0.01786792302326893,0.009224766198395674,0
2022-02-01 08:00:00,0,0.3347693703923565,0.009526387780629968,0
2022-02-01 12:00:00,0,-0.23009210249262557,0.009930687870229408,0
2022-02-01 16:00:00,0,1.0430542969646712,0.009777921004177263,0
2022-02-02 00:00:00,0,0.15240296824635888,0.010099755042296286,0
2022-02-02 04:00:00,0,0.4180712049502866,0.010672789418111107,0
2022-02-02 08:00:00,0,-0.4124994556499634,0.011105285399112532,0
2022-02-02 12:00:00,0,-0.2864926342755021,0.011452064578011218,0
2022-02-02 16:00:00,0,-1.4563390285405258,0.011123098996413642,0
2022-02-03 00:00:00,0,0.0934468384365959,0.010570930022668356,0
2022-02-03 04:00:00,0,0.015972813717412767,0.011177090499628164,0
2022-02-03 08:00:00,0,-0.5115923634565255,0.011536808084616738,0
2022-02-03 12:00:00,0,-0.22932782910989574,0.011640617291629858,0
2022-02-03 16:00:00,0,0.8042271454612037,0.011363675484628627,0
2022-02-04 00:00:00,0,0.5177924618652282,0.01086360986933423,0
2022-02-04 04:00:00,0,-0.698072099934574,0.01129837404251752,0
2022-02-04 08:00:00,0,-1.6031947301626386,0.011320900468871024,0
2022-02-04 12:00:00,0,1.3173203916582035,0.010602776464957026,0
2022-02-04 16:00:00,0,-0.05383804402909739,0.010257990404227408,0
2022-02-07 00:00:00,0,0.3522397797367245,0.010586274938772735,0
2022-02-07 04:00:00,0,-0.2674238526078867,0.010922333996256767,0
2022-02-07 08:00:00,0,0.4328939287878259,0.011105259277930622,0
2022-02-07 12:00:00,0,-0.7865009543608076,0.011426248557689703,0
2022-02-07 16:00:00,0,0.02276365450225172,0.010945313362751738,0
2022-02-08 00:00:00,0,-0.09974851197555798,0.011284656003758132,0
2022-02-08 04:00:00,0,0.08282847684647786,0.011799562766492631,0
2022-02-08 08:00:00,0,-0.26423493608524345,0.012258866802625938,0
2022-02-08 12:00:00,0,1.2998541902893979,0.012524197348235643,0
2022-02-08 16:00:00,0,0.12795942270403585,0.011908708830239112,0
2022-02-09 00:00:00,0,0.23582465133459132,0.012600896883004769,0
2022-02-09 04:00:00,0,0.2865665430431886,0.013143712575982465,0
2022-02-09 08:00:00,0,0.5222176227140519,0.013446348839387199,0
2022-02-09 12:00:00,0,0.4669328810393276,0.013764157241563433,0
2022-02-09 16:00:00,0,0.4765723974270499,0.013879454833107064,0
2022-02-10 00:00:00,0,0.10425722655683424,0.014536188612958066,0
2022-02-10 04:00:00,0,-0.21679810435861438,0.015298274715120252,0
2022-02-10 08:00:00,0,-1.4685404419835324,0.015750727710972124,0
2022-02-10 12:00:00,0,0.5285347955811758,0.014462188000407173,0
2022-02-10 16:00:00,0,-1.221619515858122,0.013282767658599487,0
2022-02-11 00:00:00,0,-0.8424112393895312,0.012630132100602163,0
2022-02-11 04:00:00,0,0.27157915300890567,0.012550918947707492,0
2022-02-11 08:00:00,0,0.89046084570614,0.012704414918653562,0
2022-02-11 12:00:00,0,-1.3807418084167649,0.012722250107838326,0
2022-02-11 16:00:00,0,-1.5856740324374874,0.011931450267294485,0
2022-02-14 00:00:00,0,0.095718353986857,0.011083540521575671,0
2022-02-14 04:00:00,0,-1.0587888520503697,0.01147652260623454,0
2022-02-14 08:00:00,0,0.6267354478773111,0.010921912950501345,0
2022-02-14 12:00:00,0,0.9552612477219257,0.010700707751328918,0
2022-02-14 16:00:00,0,-0.5092125395835926,0.010600938457038809,0
2022-02-15 00:00:00,0,-0.2785369163241655,0.01068489550462598,0
2022-02-15 04:00:00,0,1.5122210493003096,0.010937428471872561,0
2022-02-15 08:00:00,0,-0.19991704374471111,0.010585219723229792,0
2022-02-15 12:00:00,0,-0.026231913157631806,0.010851996234783317,0
2022-02-15 16:00:00,0,0.6642234046041625,0.011018907789420251,0
2022-02-16 00:00:00,0,0.06293420991504868,0.011805285235790476,0
2022-02-16 04:00:00,0,0.21115840235391045,0.012519978520848117,0
2022-02-16 08:00:00,0,-0.5298809876761876,0.012786762766873848,0
2022-02-16 12:00:00,0,-0.7704068492812639,0.012991659117460266,0
2022-02-16 16:00:00,0,1.2152106178727113,0.012869876822601954,0
2022-02-17 00:00:00,0,-0.3785112205163755,0.012939242767782718,0
2022-02-17 04:00:00,0,-0.15184324984990866,0.012820290521217931,0
2022-02-17 08:00:00,0,-0.2738371612980457,0.013004702723899525,0
2022-02-17 12:00:00,0,-0.7806009450089254,0.013143933041566087,0
2022-02-17 16:00:00,0,-1.3163019420704107,0.012744018759091865,0
2022-02-18 00:00:00,0,-0.07171617097248449,0.012209311696535486,0
2022-02-18 04:00:00,0,0.05795069112976993,0.01280094096994131,0
2022-02-18 08:00:00,0,-0.6382980970225803,0.013345312585558626,0
2022-02-18 12:00:00,0,-1.7242992129281973,0.013195588718529397,0
2022-02-18 16:00:00,0,0.30224905229427806,0.012100789989378885,0
2022-02-21 00:00:00,0,0.027337222633106055,0.011108613363366738,0
2022-02-21 04:00:00,0,-0.5357876126571431,0.011568204248855216,0
2022-02-21 08:00:00,0,-0.8957357915249551,0.011328458100027068,0
2022-02-21 12:00:00,0,-0.6111209971346016,0.010922971352675682,0
2022-02-22 00:00:00,0,0.04118689842118814,0.010866687906354222,0
2022-02-22 04:00:00,0,0.17716518731383743,0.011282482000973475,0
2022-02-22 08:00:00,0,1.3375515128355557,0.011335516717103268,0
2022-02-22 12:00:00,0,-0.648816659356048,0.011063096944154792,0
2022-02-22 16:00:00,0,0.5107430342975545,0.010385256089521594,0
2022-02-23 00:00:00,0,0.09574347598808278,0.010369586806761104,0
2022-02-23 04:00:00,0,0.4220669917637126,0.010817945557205349,0
2022-02-23 08:00:00,0,-0.04427640119476642,0.010987569120815733,0
2022-02-23 12:00:00,0,-1.61206546531448,0.011359721449358094,0
2022-02-23 16:00:00,0,-1.6329729729997542,0.010435231930442676,0
2022-02-24 00:00:00,0,-1.4922682730443637,0.009766416045771987,0
2022-02-24 04:00:00,0,-0.043328142830340616,0.008990408940584128,0
2022-02-24 08:00:00,0,-0.31313304043725554,0.008873502542341781,0
2022-02-24 12:00:00,0,1.8258463053651086,0.008838795227074203,0
2022-02-24 16:00:00,0,2.078322047051728,0.00814092336326174,0
2022-02-25 00:00:00,0,0.007596700237787519,0.0078207471029296,0
2022-02-25 04:00:00,0,0.04909815448886581,0.008119063647657751,0
2022-02-25 08:00:00,0,0.8008116534326081,0.008381935623867723,0
2022-02-25 12:00:00,0,0.18384172221592365,0.008319910231607806,0
2022-02-25 16:00:00,0,0.45572446694064994,0.008018094760069379,0
2022-02-28 00:00:00,0,0.09679216570808753,0.007417333863660796,0
2022-02-28 04:00:00,0,0.5068699498842242,0.007693561495449578,0
2022-02-28 08:00:00,0,0.0850055959309999,0.007829931500371033,0
2022-02-28 12:00:00,0,0.4902060100961877,0.008115211784059918,0
2022-02-28 16:00:00,0,0.47465628349221806,0.00797707833180171,0
2022-03-01 00:00:00,0,0.03514407735706798,0.008377432501126677,0
2022-03-01 04:00:00,0,-0.4564602342534944,0.00887244898261958,0
2022-03-01 08:00:00,0,0.32322037558552286,0.008777852634623235,0
2022-03-01 12:00:00,0,-0.4529428866966918,0.009035906553232186,0
2022-03-01 16:00:00,0,-0.305136976658031,0.008764392232071207,0
2022-03-02 00:00:00,0,0.26325168718699155,0.009156248564800023,0
2022-03-02 04:00:00,0,0.12385023295038815,0.009447876095126326,0
2022-03-02 08:00:00,0,-0.3001286852378668,0.009421910378933227,0
2022-03-02 12:00:00,0,0.8272129626809454,0.009577422728665842,0
2022-03-02 16:00:00,0,0.018335081328275393,0.009400087506100703,0
2022-03-03 00:00:00,0,0.29065378675538484,0.010230422571148493,0
2022-03-03 04:00:00,0,-0.23577734990926322,0.010762168623921615,0
2022-03-03 08:00:00,0,0.7996546280587262,0.011092814540841236,0
2022-03-03 12:00:00,0,-1.1502009136751823,0.011205265976694497,0
2022-03-03 16:00:00,0,-0.4533380273103207,0.010210118091407587,0
2022-03-04 00:00:00,0,0.08689189336452532,0.009264422234227767,0
2022-03-04 04:00:00,0,-0.19398135444799963,0.009692590769396494,0
2022-03-04 08:00:00,0,0.002685107467499274,0.009714191998269832,0
2022-03-04 12:00:00,0,-0.24254726432619142,0.009899171244613389,0
2022-03-04 16:00:00,0,-0.3600007028391677,0.009572073145318438,0
2022-03-07 00:00:00,0,0.2589377722128509,0.009096111043927048,0
2022-03-07 04:00:00,0,0.023671553700738975,0.009304174585883814,0
2022-03-07 08:00:00,0,0.9788459966591231,0.00960420419891269,0
2022-03-07 12:00:00,0,-1.435671466238893,0.009558062839818547,0
2022-03-07 16:00:00,0,-1.2569801796849573,0.008721717002954316,0
2022-03-08 00:00:00,0,-0.7186184863834995,0.008555245990646219,0
2022-03-08 04:00:00,0,0.7334352334018691,0.008599270165383371,0
2022-03-08 08:00:00,0,-0.29082356068866033,0.008466181887626866,0
2022-03-08 12:00:00,0,1.4520432131513914,0.00846516845894125,0
2022-03-08 16:00:00,0,-1.7825845610677655,0.00784477793640786,0
2022-03-09 00:00:00,0,-0.11285976233288132,0.007295544326141311,0
2022-03-09 04:00:00,0,1.1446197027483649,0.007542611795397208,0
2022-03-09 08:00:00,0,0.015073439425459688,0.007588810893200673,0
2022-03-09 12:00:00,0,0.7456674996239463,0.007858955045906548,0
2022-03-09 16:00:00,0,0.22319438611122777,0.007884793295433061,0
2022-03-10 00:00:00,0,-0.07651737230331114,0.008449474397141906,0
2022-03-10 04:00:00,0,-0.4442021488117818,0.008782740414849095,0
2022-03-10 08:00:00,0,-0.506277359480981,0.00894554163421803,0
2022-03-10 12:00:00,0,-0.45728497883966895,0.0090734383619211,0
2022-03-10 16:00:00,0,0.713309987171817,0.008944041971128143,0
2022-03-11 00:00:00,0,0.24841459734289204,0.009201154276978108,0
2022-03-11 04:00:00,0,0.4524810425506962,0.009511755534577072,0
2022-03-11 08:00:00,0,0.517964851139461,0.009815753433072309,0
2022-03-11 12:00:00,0,-1.5653308979141236,0.00965361405669592,0
2022-03-11 16:00:00,0,-0.7491334721688212,0.008882218534277092,0
2022-03-14 00:00:00,0,-0.2593809201282168,0.009011787371843182,0
2022-03-14 04:00:00,0,-0.008003786088710649,0.00925127965651954,0
2022-03-14 08:00:00,0,-0.11736600249083033,0.009567940433056006,0
2022-03-14 12:00:00,0,-1.2742794573504448,0.00940804564044109,0
2022-03-14 16:00:00,0,0.010352547862384497,0.008804077921784847,0
2022-03-15 00:00:00,0,0.1608222873481895,0.00961902494229513,0
2022-03-15 04:00:00,0,-0.8958222742318985,0.00998259865167295,0
2022-03-15 08:00:00,0,1.0232543555476896,0.00988681768697637,0
2022-03-15 12:00:00,0,1.1476537204375592,0.009732261233074828,0
2022-03-15 16:00:00,0,0.5147211440510965,0.009345851131628124,0
2022-03-16 00:00:00,0,0.17403325836596803,0.009740440225156443,0
2022-03-16 04:00:00,0,1.162224569585308,0.010276477754806255,0
2022-03-16 08:00:00,0,-0.08766084936843126,0.01020890759232643,0
2022-03-16 12:00:00,0,0.46766301057283777,0.010618273963300822,0
2022-03-16 16:00:00,0,1.5490229225733074,0.010296781131937473,0
2022-03-17 00:00:00,0,-0.12347412480682383,0.0095512882359432,0
2022-03-17 04:00:00,0,-0.19424015989910076,0.009897997946516898,0
2022-03-17 08:00:00,0,-0.4264596891795108,0.010185541170389008,0
2022-03-17 12:00:00,0,0.727427742154462,0.01042123420812258,0
2022-03-17 16:00:00,0,0.3975404569575204,0.010426883687479578,0
2022-03-18 00:00:00,0,0.010323804500310122,0.010731737232590109,0
2022-03-18 04:00:00,0,0.26007178931963254,0.011390225757986107,0
2022-03-18 08:00:00,0,-0.16684043782089067,0.011834423246582846,0
2022-03-18 12:00:00,0,1.9547660820782655,0.01233375663286536,0
2022-03-18 16:00:00,0,0.8509724692646796,0.011624589170049155,0
2022-03-21 00:00:00,0,-0.21439325446723678,0.012236315575311074,0
2022-03-21 04:00:00,0,-0.06448508235943769,0.012804215120883969,0
2022-03-21 08:00:00,0,0.1344779056303851,0.013284546698899303,0
2022-03-21 12:00:00,0,-0.8221033104394154,0.01353272933390409,0
2022-03-21 16:00:00,0,0.9615021820693389,0.012769919768666455,0
2022-03-22 00:00:00,0,0.020655278537817928,0.012816286325595361,0
2022-03-22 04:00:00,0,0.8159960372607663,0.013419666327772606,0
2022-03-22 08:00:00,0,-0.2325072754015907,0.013513011888709636,0
2022-03-22 12:00:00,0,1.5856931647146815,0.01386311373366303,0
2022-03-22 16:00:00,0,0.2754198280412837,0.012877218018979878,0
2022-03-23 00:00:00,0,0.18917681024654862,0.013824956737233725,0
2022-03-23 04:00:00,0,-0.22961589914311747,0.014531324794475095,0
2022-03-23 08:00:00,0,-0.8280164010865324,0.0150746145226554,0
2022-03-23 12:00:00,0,0.5599799349420557,0.015032889940324493,0
2022-03-23 16:00:00,0,-1.0277813266089522,0.014323036995437926,0
2022-03-24 00:00:00,0,0.3282065047620741,0.014641307062655071,0
2022-03-24 04:00:00,0,0.33377379004536734,0.015129987549604873,0
2022-03-24 08:00:00,0,-0.2048221855389023,0.015684255090641815,0
2022-03-24 12:00:00,0,0.8570275292345667,0.016147128606007297,0
2022-03-24 16:00:00,0,1.031886357098178,0.015205940246116897,0
2022-03-25 00:00:00,0,0.6117740736425773,0.01566209228910232,0
2022-03-25 04:00:00,0,-0.6083910106589462,0.0160252996505457,0
2022-03-25 08:00:00,0,0.6932432644288224,0.016024254964029868,0
2022-03-25 12:00:00,0,-1.3997763796091425,0.01599191356040955,0
2022-03-25 16:00:00,0,0.8140402385066375,0.014768382696700298,0
2022-03-28 00:00:00,0,-0.11943568026434727,0.015225420329254441,0
2022-03-28 04:00:00,0,0.30969528926256745,0.016017097121772447,0
2022-03-28 08:00:00,0,0.21021110233119353,0.016453069046255205,0
2022-03-28 12:00:00,0,0.24111736691679142,0.01633814391721685,0
2022-03-28 16:00:00,0,1.5573284895054853,0.015489231932666528,0
2022-03-29 00:00:00,0,0.113362067374697,0.01575992544696027,0
2022-03-29 04:00:00,0,0.3987851066082332,0.016636382060205047,0
2022-03-29 08:00:00,0,1.228203327307844,0.01709488505730451,0
2022-03-29 12:00:00,0,-0.3206277557911472,0.016837360418238377,0
2022-03-29 16:00:00,0,0.8051223302631104,0.01611222942244879,0
2022-03-30 00:00:00,0,-0.05653508543510142,0.01657361389146107,0
2022-03-30 04:00:00,0,-0.4408691676440506,0.017208493046252136,0
2022-03-30 08:00:00,0,-0.04303284720341083,0.01731386633094203,0
2022-03-30 12:00:00,0,0.3093296227191994,0.01782229862904825,0
2022-03-30 16:00:00,0,-0.7817377898340895,0.017548893068394727,0
2022-03-31 00:00:00,0,-0.13800292571134928,0.017262090027782395,0
2022-03-31 04:00:00,0,0.014800227329368748,0.018214787759591736,0
2022-03-31 08:00:00,0,-0.34686405930815173,0.018768292320228485,0
2022-03-31 12:00:00,0,-1.2381557281616637,0.019201015688880385,0
2022-03-31 16:00:00,0,-0.6072669083489879,0.01844496882181218,0
2022-04-01 00:00:00,0,0.11298683862114556,0.0178756167563766,0
2022-04-01 04:00:00,0,0.17541262010471276,0.018647409266087798,0
2022-04-01 08:00:00,0,-0.31917525936551316,0.019372220078062205,0
2022-04-01 12:00:00,0,-1.5619611144355086,0.019850171693246342,0
2022-04-01 16:00:00,0,0.999476329123384,0.018307306336615585,0
2022-04-04 00:00:00,0,0.39304658307940976,0.01850049917543502,0
2022-04-04 04:00:00,0,0.16398880424642232,0.019217373909870095,0
2022-04-04 08:00:00,0,0.06849545765064663,0.01963636625320555,0
2022-04-04 12:00:00,0,2.2106271855055777,0.020170607513577545,0
2022-04-04 16:00:00,0,0.5581727107781793,0.018377130674595486,0
2022-04-05 00:00:00,0,-0.03582618034967594,0.019608574019418373,0
2022-04-05 04:00:00,0,0.1096031861360729,0.020869899263215242,0
2022-04-05 08:00:00,0,-0.6411614661666653,0.021436934243154022,0
2022-04-05 12:00:00,0,-2.362579744353508,0.02179324720370967,0
2022-04-05 16:00:00,0,-0.29784727442797454,0.018614781512751713,0
2022-04-06 00:00:00,0,0.10612058156203914,0.01814146582907044,0
2022-04-06 04:00:00,0,-0.5672093901616281,0.01902466212456579,0
2022-04-06 08:00:00,0,-1.3222342589181841,0.01849233081335171,0
2022-04-06 12:00:00,0,-1.4465435777906301,0.017580451875819296,0
2022-04-06 16:00:00,0,0.41239661180343135,0.016166327580345228,0
2022-04-07 00:00:00,0,-0.09145653608481777,0.015281538911692366,0
2022-04-07 04:00:00,0,1.0551026962333818,0.01581573943791259,0
2022-04-07 08:00:00,0,-0.819075087633475,0.015756071284614898,0
2022-04-07 12:00:00,0,-1.008749484784858,0.015564895873767049,0
2022-04-07 16:00:00,0,1.3105772807201925,0.014029986889947443,0
2022-04-08 00:00:00,0,-0.01350740757252492,0.013796957088473729,0
2022-04-08 04:00:00,0,0.4012560335937516,0.014550992548851279,0
2022-04-08 08:00:00,0,-0.5428475594372716,0.01472382073717374,0
2022-04-08 12:00:00,0,-0.2713762645309953,0.014980127770358785,0
2022-04-08 16:00:00,0,-1.1650139612783548,0.014317727547140956,0
2022-04-11 00:00:00,0,-0.7068597396986034,0.013986852819339523,0
2022-04-11 04:00:00,0,-0.20926785771064801,0.014041591104542554,0
2022-04-11 08:00:00,0,-0.14389962545216237,0.013879037666546783,0
2022-04-11 12:00:00,0,-0.4964442815401865,0.013984970489656755,0
2022-04-11 16:00:00,0,-0.6683089614496552,0.013685820208367977,0
2022-04-12 00:00:00,0,-0.23912215144889912,0.013810032562032865,0
2022-04-12 04:00:00,0,0.8021382019031732,0.014450664003742363,0
2022-04-12 08:00:00,0,1.984362400794122,0.014610522138798777,0
2022-04-12 12:00:00,0,-1.1351993311141138,0.013535268146638387,0
2022-04-12 16:00:00,0,-1.0614434026871482,0.012860659432982662,0
2022-04-13 00:00:00,0,0.11194805985040253,0.012561175429634612,0
2022-04-13 04:00:00,0,0.262384191690432,0.013222348191755237,0
2022-04-13 08:00:00,0,-0.861212137000187,0.013659406022975426,0
2022-04-13 12:00:00,0,1.7334786402826157,0.013420301235875048,0
2022-04-13 16:00:00,0,0.1627434025605912,0.012678226561568137,0
2022-04-14 00:00:00,0,0.3696593816868228,0.013477961239650919,0
2022-04-14 04:00:00,0,-0.3247275146387936,0.013972475625353193,0
2022-04-14 08:00:00,0,-0.4033567650961903,0.014364723084147307,0
2022-04-14 12:00:00,0,-1.6567794181995568,0.014820525193406332,0
2022-04-14 16:00:00,0,-0.6799849723560142,0.013365841360655106,0
2022-04-18 00:00:00,0,0.05528970463826287,0.012753577736704692,0
2022-04-18 04:00:00,0,0.4730757360531257,0.013512423845143593,0
2022-04-18 08:00:00,0,0.24031703882419592,0.01389660896129486,0
2022-04-18 12:00:00,0,-0.21440486202521983,0.014230516884517045,0
2022-04-18 16:00:00,0,1.110468835354672,0.01351809729896501,0
2022-04-19 00:00:00,0,0.3152057279685945,0.013673117740291795,0
2022-04-19 04:00:00,0,-1.0210541669144162,0.014224985151380534,0
2022-04-19 08:00:00,0,0.2618127047268142,0.013941608417952785,0
2022-04-19 12:00:00,0,1.9953849813626165,0.014053775401119486,0
2022-04-19 16:00:00,0,-0.4231535419200312,0.012670943901796095,0
2022-04-20 00:00:00,0,0.12438040132985019,0.013030636445051641,0
2022-04-20 04:00:00,0,0.28991292437695515,0.01343267879855607,0
2022-04-20 08:00:00,0,1.0793242016464537,0.013825487872287021,0
2022-04-20 12:00:00,0,-1.7664595194930675,0.013807038754186962,0
2022-04-20 16:00:00,0,0.11253829677726356,0.012398596945451772,0
2022-04-21 00:00:00,0,0.02840666864327505,0.013016524923415498,0
2022-04-21 04:00:00,0,0.5897918160186489,0.013655085717530891,0
2022-04-21 08:00:00,0,0.06637443692601976,0.013830184100832208,0
2022-04-21 12:00:00,0,-2.1253943356228775,0.014352133359730153,0
2022-04-21 16:00:00,0,-1.3623647926153382,0.012370341610530343,0
2022-04-22 00:00:00,0,0.47746948568454867,0.011581554849077861,0
2022-04-22 04:00:00,0,-0.008445163669171696,0.012043889431951083,0
2022-04-22 08:00:00,0,0.10521443892875756,0.012345857540096867,0
2022-04-22 12:00:00,0,-1.625655411226892,0.012461177490339346,0
2022-04-22 16:00:00,0,-1.1650948830549666,0.01140542257115889,0
2022-04-25 00:00:00,0,-0.10399784338340168,0.011230703001172411,0
2022-04-25 04:00:00,0,-0.2334424476299464,0.011584820037332208,0
2022-04-25 08:00:00,0,0.5191955508141659,0.01162368065427098,0
2022-04-25 12:00:00,0,0.1692931313210442,0.011741057587716151,0
2022-04-25 16:00:00,0,1.1950737500636799,0.011306542967323637,0
2022-04-26 00:00:00,0,0.24026536775862187,0.011683612373938857,0
2022-04-26 04:00:00,0,-0.3480452042651377,0.012227221803360885,0
2022-04-26 08:00:00,0,-0.31318505207302594,0.012191546657678638,0
2022-04-26 12:00:00,0,-1.8750350018127582,0.012539581694513536,0
2022-04-26 16:00:00,0,-2.599747971608671,0.01094951303114645,0
2022-04-27 00:00:00,0,0.5288972905088424,0.009403667163285567,0
2022-04-27 04:00:00,0,0.403127220537528,0.009680587575361992,0
2022-04-27 08:00:00,0,-0.4864428006844247,0.00961350728651173,0
2022-04-27 12:00:00,0,0.840268968669571,0.009673753904209914,0
2022-04-27 16:00:00,0,-0.10277454588087115,0.009223037252696596,0
2022-04-28 00:00:00,0,0.188301971910365,0.009564402889905954,0
2022-04-28 04:00:00,0,0.8240178728832953,0.010041903910480206,0
2022-04-28 08:00:00,0,-0.838583391249632,0.010140209015630454,0
2022-04-28 12:00:00,0,0.9299233330692129,0.00999810871856294,0
2022-04-28 16:00:00,0,-0.2696211674904779,0.009463905019832445,0
2022-04-29 00:00:00,0,0.33333335309814294,0.00935073820575027,0
2022-04-29 04:00:00,0,0.004233613571873646,0.00980067288465382,0
2022-04-29 08:00:00,0,-0.3914395518468001,0.010118696931587016,0
2022-04-29 12:00:00,0,-1.2614574844167097,0.010345204435111896,0
2022-04-29 16:00:00,0,-1.026251186757214,0.009355908105684992,0
2022-05-02 00:00:00,0,0.26019338919840396,0.009044681642071664,0
2022-05-02 04:00:00,0,-0.30993127419499883,0.009290814046309832,0
2022-05-02 08:00:00,0,-0.5363424723411147,0.009526139711223588,0
2022-05-02 12:00:00,0,0.08386205717874863,0.009468185826550051,0
2022-05-02 16:00:00,0,1.2843853384169954,0.009022927754569211,0
2022-05-03 00:00:00,0,0.08732371888006271,0.008944332625335756,0
2022-05-03 04:00:00,0,-0.25513608432723445,0.009276483552158802,0
2022-05-03 08:00:00,0,0.18885745782098656,0.009555641914967885,0
2022-05-03 12:00:00,0,-0.14280583606614516,0.009807541998836869,0
2022-05-03 16:00:00,0,0.2070147913824087,0.00974422864496543,0
2022-05-04 00:00:00,0,-0.08632084308819656,0.010333992607677022,0
2022-05-04 04:00:00,0,0.030178646022660415,0.010834478475652148,0
2022-05-04 08:00:00,0,-0.0702840680260409,0.011358219559859856,0
2022-05-04 12:00:00,0,-0.008688935056335938,0.011845870181289402,0
2022-05-04 16:00:00,0,2.5742188472917236,0.011328516411375566,0
2022-05-05 00:00:00,0,0.07048639800157461,0.010126772917448635,0
2022-05-05 04:00:00,0,-0.8320575610775589,0.010750010152513007,0
2022-05-05 08:00:00,0,-0.020707330636964564,0.0106145684920321,0
2022-05-05 12:00:00,0,-3.20325934994903,0.01112346194801757,0
2022-05-05 16:00:00,0,-0.04240687321088443,0.00889536350589222,0
2022-05-06 00:00:00,0,0.10085919431906397,0.008975757994338496,0
2022-05-06 04:00:00,0,-0.2889521236454098,0.00930547832833957,0
2022-05-06 08:00:00,0,-0.38432347546794027,0.009437757771972033,0
2022-05-06 12:00:00,0,0.7835474742360544,0.009380244107855377,0
2022-05-06 16:00:00,0,-1.0368482995821542,0.00866396927540871,0
2022-05-09 00:00:00,0,0.20436049762229375,0.008287287076334316,0
2022-05-09 04:00:00,0,-0.4112899007958417,0.00863848342290634,0
2022-05-09 08:00:00,0,-0.27543137733108314,0.008663513337485369,0
2022-05-09 12:00:00,0,-0.8398653010654953,0.00866804999518647,0
2022-05-09 16:00:00,0,-0.4232007949780372,0.00815418431958747,0
2022-05-10 00:00:00,0,0.7517063599006311,0.008187318567389551,0
2022-05-10 04:00:00,0,0.45478901190856585,0.008367875812514728,0
2022-05-10 08:00:00,0,0.4269547542433507,0.008669072120839153,0
2022-05-10 12:00:00,0,-1.2867330763941016,0.008745053108255586,0
2022-05-10 16:00:00,0,0.5023165372746201,0.007990923578852043,0
2022-05-11 00:00:00,0,0.3837064413092087,0.008149222834261687,0
2022-05-11 04:00:00,0,0.2823200510581103,0.008467305187506423,0
2022-05-11 08:00:00,0,-1.9674229746404273,0.008695611928233243,0
2022-05-11 12:00:00,0,-0.020879274205968378,0.007664662517602945,0
2022-05-11 16:00:00,0,-0.5877019150487707,0.007291060534790904,0
2022-05-12 00:00:00,0,-0.3206926383232789,0.007416762644058267,0
2022-05-12 04:00:00,0,-0.6740910150732057,0.00762970092657153,0
2022-05-12 08:00:00,0,-0.21043534137041914,0.007605897459023049,0
2022-05-12 12:00:00,0,0.5783146453216736,0.007691866742465639,0
2022-05-12 16:00:00,0,-0.15357695198578158,0.007152337681066318,0
2022-05-13 00:00:00,0,0.2830251966726945,0.007171070761573217,0
2022-05-13 04:00:00,0,0.11685272629945173,0.007494924173922168,0
2022-05-13 08:00:00,0,0.14422680390069573,0.007770795145866163,0
2022-05-13 12:00:00,0,1.0562743946782154,0.008098809560587929,0
2022-05-13 16:00:00,0,-0.10196031163923176,0.007756320287960951,0
2022-05-16 00:00:00,0,-0.7145321691679333,0.007990992179259629,0
2022-05-16 04:00:00,0,0.1572047472805571,0.007814815362091842,0
2022-05-16 08:00:00,0,0.04279141651713269,0.008084375597939706,0
2022-05-16 12:00:00,0,-0.6110902820842598,0.008307711678673781,0
2022-05-16 16:00:00,0,-0.003631692392578898,0.008254917222123319,0
2022-05-17 00:00:00,0,0.1776977044093238,0.00868231421080772,0
2022-05-17 04:00:00,0,0.9865935003861479,0.00915695745414865,0
2022-05-17 08:00:00,0,-0.12389304118869433,0.009142549454014848,0
2022-05-17 12:00:00,0,-0.05675459590933333,0.009390171922735972,0
2022-05-17 16:00:00,0,0.6155468219385252,0.009252094174965824,0
2022-05-18 00:00:00,0,-0.32422268873243104,0.009682797150401542,0
2022-05-18 04:00:00,0,-0.0895308938538444,0.010021954378878335,0
2022-05-18 08:00:00,0,-0.7199965990058846,0.010385739153957132,0
2022-05-18 12:00:00,0,-1.5013696334737483,0.010272115206903387,0
2022-05-18 16:00:00,0,-1.4285591337453079,0.009293622423408582,0
2022-05-19 00:00:00,0,0.43767657610603883,0.008932329034837618,0
2022-05-19 04:00:00,0,-1.1230213698725795,0.00914665138270279,0
2022-05-19 08:00:00,0,0.44486261443265135,0.008857987296752317,0
2022-05-19 12:00:00,0,0.6600850067956472,0.008980990385371214,0
2022-05-19 16:00:00,0,-0.18889204345812644,0.008667977233074923,0
2022-05-20 00:00:00,0,0.3199857105373331,0.00894058120681232,0
2022-05-20 04:00:00,0,0.3264096595062794,0.009406413132857151,0
2022-05-20 08:00:00,0,-0.21630539274568342,0.009623441583746735,0
2022-05-20 12:00:00,0,-2.9343278381810585,0.009917099516024687,0
2022-05-20 16:00:00,0,1.39767327598045,0.008199855634264749,0
2022-05-23 00:00:00,0,-0.12121964845990318,0.008029114953685587,0
2022-05-23 04:00:00,0,-0.3588285924367992,0.008367421336818082,0
2022-05-23 08:00:00,0,-0.008088334220538158,0.008337702945729405,0
2022-05-23 12:00:00,0,0.4979428490658447,0.008634488851147606,0
2022-05-23 16:00:00,0,0.3872001956426993,0.008396572317655537,0
2022-05-24 00:00:00,0,-0.15902968292363467,0.008242246222523291,0
2022-05-24 04:00:00,0,-0.3490522110400101,0.008681992623909826,0
2022-05-24 08:00:00,0,0.3222028514674197,0.008914308933024606,0
2022-05-24 12:00:00,0,-0.8388428260337921,0.009250223820664425,0
2022-05-24 16:00:00,0,0.6266649865818424,0.008733470546805719,0
2022-05-25 00:00:00,0,0.31655674465648503,0.009108505439545916,0
2022-05-25 04:00:00,0,-0.5101242433149158,0.009512066336614824,0
2022-05-25 08:00:00,0,-0.4133765064506651,0.00960549480222897,0
2022-05-25 12:00:00,0,0.759588047604809,0.009660910599216173,0
2022-05-25 16:00:00,0,0.33112192823520803,0.00948376000586315,0
2022-05-26 00:00:00,0,-0.6713466854032617,0.009451490047421168,0
2022-05-26 04:00:00,0,0.11920521034736702,0.009492471623596805,0
2022-05-26 08:00:00,0,0.5081792883595952,0.009644013212986226,0
2022-05-26 12:00:00,0,2.1197477025697085,0.009787348130618802,0
2022-05-26 16:00:00,0,-0.3392761452773617,0.009009629259816049,0
2022-05-27 00:00:00,0,0.11876192184666194,0.009579967438502115,0
2022-05-27 04:00:00,0,0.4565422649354661,0.010153734574488786,0
2022-05-27 08:00:00,0,0.5127208016253991,0.010415699801337415,0
2022-05-27 12:00:00,0,1.0860560956175767,0.010498767373620654,0
2022-05-27 16:00:00,0,0.8197242662007017,0.010274454931525458,0
2022-05-30 00:00:00,0,0.43614837619113167,0.010800048985116644,0
2022-05-30 04:00:00,0,0.23675102073908766,0.011251848301707628,0
2022-05-30 08:00:00,0,-0.24153607080681122,0.011781532844925856,0
2022-05-30 12:00:00,0,-0.05378105065820502,0.0120230260505585,0
2022-05-31 00:00:00,0,0.2779702355554207,0.012107211386915876,0
2022-05-31 04:00:00,0,-0.24456574684422944,0.012419615746553116,0
2022-05-31 08:00:00,0,-0.8452141553341707,0.012377940909258133,0
2022-05-31 12:00:00,0,0.9389729164942697,0.012321756501005667,0
2022-05-31 16:00:00,0,-0.555890685543767,0.011558640807884787,0
2022-06-01 00:00:00,0,-0.1420190787492706,0.011861112867671365,0
2022-06-01 04:00:00,0,-0.42620917301509287,0.01219961568570307,0
2022-06-01 08:00:00,0,0.48295913433811954,0.012242164926960536,0
2022-06-01 12:00:00,0,-1.4353293432191825,0.01241188478378921,0
2022-06-01 16:00:00,0,0.33611003025683533,0.01084606779924853,0
2022-06-02 00:00:00,0,-0.07801020599131772,0.011085571714308105,0
2022-06-02 04:00:00,0,0.3767443484966584,0.011580688354936667,0
2022-06-02 08:00:00,0,-0.20444324054153032,0.011752199470340754,0
2022-06-02 12:00:00,0,1.4740960618645989,0.012158971044968053,0
2022-06-02 16:00:00,0,0.7297799911218102,0.011006385341193494,0
2022-06-03 00:00:00,0,-0.016373885083726742,0.011675557239749725,0
2022-06-03 04:00:00,0,-0.3871793347075596,0.012390768353115358,0
2022-06-03 08:00:00,0,-0.9324039731729018,0.012563346306904859,0
2022-06-03 12:00:00,0,-0.7890746941908048,0.012279544424085527,0
2022-06-03 16:00:00,0,-0.3995983689348235,0.011533650298283972,0
2022-06-06 00:00:00,0,0.4984604639799087,0.01193217911390867,0
2022-06-06 04:00:00,0,0.7530478343426313,0.012356510890166613,0
2022-06-06 08:00:00,0,-0.04319119697344266,0.012445961963630962,0
2022-06-06 12:00:00,0,-1.0694928460590563,0.012937904223835655,0
2022-06-06 16:00:00,0,0.001149840594409954,0.01177759370822982,0
2022-06-07 00:00:00,0,-0.31886576771926617,0.012127567695011592,0
2022-06-07 04:00:00,0,0.2893636346513518,0.0124077508533356,0
2022-06-07 08:00:00,0,-0.9416219586309689,0.012691012037387553,0
2022-06-07 12:00:00,0,1.4927938650491779,0.012549128605226252,0
2022-06-07 16:00:00,0,0.3923501533630071,0.011660916823808888,0
2022-06-08 00:00:00,0,-0.38661380999290185,0.012419374604553965,0
2022-06-08 04:00:00,0,0.33916506052750917,0.012759374942044308,0
2022-06-08 08:00:00,0,-0.21496932094672205,0.013235252352522162,0
2022-06-08 12:00:00,0,-0.0593518929783776,0.013464322431957478,0
2022-06-08 16:00:00,0,-0.21306261475490365,0.01300911122910031,0
2022-06-09 00:00:00,0,0.025364949612031958,0.013845525320145555,0
2022-06-09 04:00:00,0,0.7271000254926384,0.014525146388835888,0
2022-06-09 08:00:00,0,-1.077984045616261,0.014646448563351892,0
2022-06-09 12:00:00,0,0.25142387630576607,0.013815053122612705,0
2022-06-09 16:00:00,0,-2.4242385791741916,0.013423128445985354,0
2022-06-10 00:00:00,0,0.09299096235415019,0.012122993535705838,0
2022-06-10 04:00:00,0,-0.009875944791693621,0.012624193069610525,0
2022-06-10 08:00:00,0,-2.074669799972619,0.012966526265516127,0
2022-06-10 12:00:00,0,-1.3100182267253229,0.011530177439958031,0
2022-06-10 16:00:00,0,-0.019991952910407635,0.010629318023562272,0
2022-06-13 00:00:00,0,-0.07123918923334428,0.009905337443469706,0
2022-06-13 04:00:00,0,-0.8698535894602435,0.010275277355011953,0
2022-06-13 08:00:00,0,0.15737283146089684,0.009912210593416211,0
2022-06-13 12:00:00,0,-0.5121505619660445,0.010287944776905922,0
2022-06-13 16:00:00,0,-0.5733775762536885,0.009670826746086622,0
2022-06-14 00:00:00,0,0.3565905643307128,0.009724337373209147,0
2022-06-14 04:00:00,0,-0.3209678934570968,0.009923821163532097,0
2022-06-14 08:00:00,0,-0.010131928141827253,0.010002925040964583,0
2022-06-14 12:00:00,0,-0.4280114560136973,0.010137813739830031,0
2022-06-14 16:00:00,0,0.042955634835639134,0.009887276070468382,0
2022-06-15 00:00:00,0,-0.1525561266287831,0.009909759359771219,0
2022-06-15 04:00:00,0,0.3078526845854084,0.01026777121236743,0
2022-06-15 08:00:00,0,0.48738865750149735,0.0105383903740491,0
2022-06-15 12:00:00,0,-0.030779524287524583,0.010720931043777556,0
2022-06-15 16:00:00,0,0.9539361325703769,0.010858344300083428,0
2022-06-16 00:00:00,0,-0.5684885105835482,0.009863237648379632,0
2022-06-16 04:00:00,0,-2.284891438102016,0.009886619687148747,0
2022-06-16 08:00:00,0,0.3682893658010054,0.008783888882805005,0
2022-06-16 12:00:00,0,-1.021490306623851,0.008874277945436538,0
2022-06-16 16:00:00,0,0.05995952761999245,0.008454150173344924,0
2022-06-17 00:00:00,0,0.484227144771585,0.008862667604780116,0
2022-06-17 04:00:00,0,-0.08820031551803198,0.009210956210821939,0
2022-06-17 08:00:00,0,-0.16395679422963158,0.009420575760697249,0
2022-06-17 12:00:00,0,0.3307064923434696,0.009682927700201792,0
2022-06-17 16:00:00,0,0.09978408262143301,0.00937292526806281,0
2022-06-20 00:00:00,0,-0.031095962364796063,0.009633707391882889,0
2022-06-20 04:00:00,0,0.290953477664856,0.009803588789771325,0
2022-06-20 08:00:00,0,-0.1428656028690734,0.010234181588034411,0
2022-06-20 12:00:00,0,0.3833674561707239,0.010776803518383702,0
2022-06-21 00:00:00,0,0.3374000716880244,0.011536904540946951,0
2022-06-21 04:00:00,0,0.336737675150728,0.011899337612181256,0
2022-06-21 08:00:00,0,-0.6483732061867323,0.012020237581106272,0
2022-06-21 12:00:00,0,1.4328143583316582,0.012137402241638104,0
2022-06-21 16:00:00,0,-0.35635401762319807,0.011624478528131171,0
2022-06-22 00:00:00,0,-0.5032832347346554,0.012309812787137827,0
2022-06-22 04:00:00,0,-0.9889240546521249,0.012438491169092533,0
2022-06-22 08:00:00,0,0.5153050054328505,0.01198478654212268,0
2022-06-22 12:00:00,0,1.9365470184370657,0.012376404272242694,0
2022-06-22 16:00:00,0,-0.8023254183118274,0.01106284569467839,0
2022-06-23 00:00:00,0,-0.20933576380466826,0.010741407707272953,0
2022-06-23 04:00:00,0,0.23806431830533592,0.01091146354410529,0
2022-06-23 08:00:00,0,0.3779609394207973,0.010929295263094135,0
2022-06-23 12:00:00,0,-0.43384916870354984,0.011102491509142526,0
2022-06-23 16:00:00,0,0.7624932368553402,0.010695010734213077,0
2022-06-24 00:00:00,0,0.8754012923399098,0.010954907769993347,0
2022-06-24 04:00:00,0,-0.07729380554105961,0.01105205534739579,0
2022-06-24 08:00:00,0,-0.13241769837024164,0.01145354499608673,0
2022-06-24 12:00:00,0,1.5899454796675554,0.01196136384699406,0
2022-06-24 16:00:00,0,0.7045357369020012,0.011331184657812292,0
2022-06-27 00:00:00,0,0.9303381420916538,0.011654781394912581,0
2022-06-27 04:00:00,0,0.08478698319524376,0.011680674186747904,0
2022-06-27 08:00:00,0,-0.4404467484757885,0.011705307953206796,0
2022-06-27 12:00:00,0,-0.5109453409584831,0.011996390190841356,0
2022-06-27 16:00:00,0,-0.1337373604144458,0.01154993021333019,0
2022-06-28 00:00:00,0,-0.4480970028608182,0.012345655540207296,0
2022-06-28 04:00:00,0,0.6701703016960492,0.01236392547631715,0
2022-06-28 08:00:00,0,-0.3089143338256072,0.012391360798335289,0
2022-06-28 12:00:00,0,-2.0644892941877564,0.012663864251649897,0
2022-06-28 16:00:00,0,-0.961812325519725,0.0106183707259749,0
2022-06-29 00:00:00,0,0.31586153312449133,0.010946670363418091,0
2022-06-29 04:00:00,0,-0.21731997053222743,0.01146844714929356,0
2022-06-29 08:00:00,0,-0.16771486445286252,0.011672860567654675,0
2022-06-29 12:00:00,0,-0.06093108450949259,0.011809713132798758,0
2022-06-29 16:00:00,0,0.29981169650248995,0.01144682408815258,0
2022-06-30 00:00:00,0,-0.20774866995262448,0.012204029277610648,0
2022-06-30 04:00:00,0,-1.0511251543796583,0.012765814345666386,0
2022-06-30 08:00:00,0,-0.0985622905355129,0.012272277153111863,0
2022-06-30 12:00:00,0,0.9696779153575527,0.012293700668360564,0
2022-06-30 16:00:00,0,-0.8969659166271385,0.01106695471152149,0
2022-07-01 00:00:00,0,-0.916748509153116,0.011017100199432433,0
2022-07-01 04:00:00,0,0.61857565824808,0.010792027327225793,0
2022-07-01 08:00:00,0,0.05901756934636159,0.010997403509319386,0
2022-07-01 12:00:00,0,-0.455722460107411,0.011232243212995449,0
2022-07-01 16:00:00,0,1.2633284107721217,0.010723737626612408,0
2022-07-04 00:00:00,0,-0.06948892661837158,0.010830767866183007,0
2022-07-04 04:00:00,0,0.056912705077922114,0.01135332921936675,0
2022-07-04 08:00:00,0,0.2559386989318417,0.01180219578278409,0
2022-07-04 12:00:00,0,-0.08538086656909782,0.01231581562769082,0
2022-07-05 00:00:00,0,-0.19095075320914517,0.012453194190316916,0
2022-07-05 04:00:00,0,-1.2595827973128653,0.01294121949282398,0
2022-07-05 08:00:00,0,-0.7370963167879419,0.012285049472548899,0
2022-07-05 12:00:00,0,1.1679337326549788,0.012143525272555817,0
2022-07-05 16:00:00,0,1.7001243489720457,0.011386656742393754,0
2022-07-06 00:00:00,0,-0.4037753206914306,0.01133551748711957,0
2022-07-06 04:00:00,0,-0.20392105671806646,0.01150453617616896,0
2022-07-06 08:00:00,0,0.2909336240746457,0.011484290357983463,0
2022-07-06 12:00:00,0,0.10626320229682959,0.011761856280666018,0
2022-07-06 16:00:00,0,0.631878286222897,0.011774415068168183,0
2022-07-07 00:00:00,0,0.23998754496279917,0.012051724873900858,0
2022-07-07 04:00:00,0,0.17978883901689965,0.012422245312895243,0
2022-07-07 08:00:00,0,-0.029913874441912233,0.012865404723775769,0
2022-07-07 12:00:00,0,1.482570547586189,0.01334239589510556,0
2022-07-07 16:00:00,0,0.14156654108282737,0.012912604515426562,0
2022-07-08 00:00:00,0,-0.21698651475388359,0.013915583982386098,0
2022-07-08 04:00:00,0,-0.18039064402714725,0.014324418243356488,0
2022-07-08 08:00:00,0,-0.6106230140603223,0.014853321944576607,0
2022-07-08 12:00:00,0,0.42686064950640007,0.014140202582839184,0
2022-07-08 16:00:00,0,0.8333154153161634,0.013134652313319423,0
2022-07-11 00:00:00,0,-0.6946704010299859,0.01340128058266296,0
2022-07-11 04:00:00,0,0.18361007858800127,0.013509492518751796,0
2022-07-11 08:00:00,0,0.10168169278299125,0.013842940182660671,0
2022-07-11 12:00:00,0,-1.283215955533129,0.01445452011460003,0
2022-07-11 16:00:00,0,-0.2528239648182328,0.013298542379686133,0
2022-07-12 00:00:00,0,-0.057603844816315766,0.013081327166798166,0
2022-07-12 04:00:00,0,0.09356375568500115,0.013661283163857216,0
2022-07-12 08:00:00,0,0.8375839849351504,0.014094587236605862,0
2022-07-12 12:00:00,0,0.0643321469420997,0.01400914911937015,0
2022-07-12 16:00:00,0,-1.148239550206688,0.013093959256543053,0
2022-07-13 00:00:00,0,0.06871692799540345,0.012759777217564569,0
2022-07-13 04:00:00,0,0.24185866937023717,0.01337223111334461,0
2022-07-13 08:00:00,0,-2.444966846629227,0.013762990407900935,0
2022-07-13 12:00:00,0,1.8210804766501625,0.010875423644423038,0
2022-07-13 16:00:00,0,-0.5772291398001108,0.01023255441927001,0
2022-07-14 00:00:00,0,0.3889901616265127,0.010664695492507106,0
2022-07-14 04:00:00,0,-0.8752350678792598,0.011090371711197705,0
2022-07-14 08:00:00,0,0.1892109475039017,0.01085168300983611,0
2022-07-14 12:00:00,0,-0.08676885689959792,0.01126225593944239,0
2022-07-14 16:00:00,0,1.1229221663429056,0.01087626712086806,0
2022-07-15 00:00:00,0,0.19201925252303853,0.011118812179058097,0
2022-07-15 04:00:00,0,-0.05492909706884224,0.011635313951057356,0
2022-07-15 08:00:00,0,0.47601139138226717,0.011913566968058184,0
2022-07-15 12:00:00,0,0.45398350370987844,0.01172556198046747,0
2022-07-15 16:00:00,0,0.490105308231772,0.011690895729907435,0
2022-07-18 00:00:00,0,0.5326708133315097,0.012737912833168703,0
2022-07-18 04:00:00,0,0.576454350717872,0.01320643521726834,0
2022-07-18 08:00:00,0,-0.38361085817953033,0.013514344458310717,0
2022-07-18 12:00:00,0,0.15841054977417465,0.013858650003953601,0
2022-07-18 16:00:00,0,-2.035707808382468,0.01403387916819246,0
2022-07-19 00:00:00,0,-0.13021756335132473,0.012995568165606786,0
2022-07-19 04:00:00,0,0.39024514924540454,0.013582558709196262,0
2022-07-19 08:00:00,0,0.5935332235442956,0.013940731661979445,0
2022-07-19 12:00:00,0,1.6631787059355525,0.014319887886966342,0
2022-07-19 16:00:00,0,0.9841525152684059,0.013610582829036067,0
2022-07-20 00:00:00,0,0.05717444052441958,0.014086695504032617,0
2022-07-20 04:00:00,0,-0.38799469482934085,0.014773059175893246,0
2022-07-20 08:00:00,0,-0.304133605588032,0.01515274974463024,0
2022-07-20 12:00:00,0,1.8274251504344465,0.015288714372603804,0
2022-07-20 16:00:00,0,-0.26828956918357527,0.014022893800316277,0
2022-07-21 00:00:00,0,0.009859518258406702,0.014475067976043159,0
2022-07-21 04:00:00,0,-0.04491349926482796,0.014952960830221589,0
2022-07-21 08:00:00,0,0.8338447435716001,0.015179076558761948,0
2022-07-21 12:00:00,0,0.727435124402455,0.015066025667727242,0
2022-07-21 16:00:00,0,-0.2788151098505821,0.013903128848761338,0
2022-07-22 00:00:00,0,-0.13191734681698056,0.014564802528956347,0
2022-07-22 04:00:00,0,0.27865839042786233,0.015262991004016239,0
2022-07-22 08:00:00,0,0.2790786285375741,0.015853976748302936,0
2022-07-22 12:00:00,0,-1.7092663716083798,0.01645095758909628,0
2022-07-22 16:00:00,0,-0.007970718493772375,0.014285998457314488,0
2022-07-25 00:00:00,0,0.2255025679890151,0.01513110482776548,0
2022-07-25 04:00:00,0,0.38991005460035727,0.015836703227890873,0
2022-07-25 08:00:00,0,-0.04738584339305411,0.01612921063601186,0
2022-07-25 12:00:00,0,-0.7523370299780009,0.016611661848503764,0
2022-07-25 16:00:00,0,-0.5299987907565298,0.015695556205180972,0
2022-07-26 00:00:00,0,0.18946155779274604,0.01592238602857596,0
2022-07-26 04:00:00,0,0.036708245882936606,0.016762311697822708,0
2022-07-26 08:00:00,0,-0.3489817021015823,0.017547150180203454,0
2022-07-26 12:00:00,0,-1.579945780792116,0.01779372710394773,0
2022-07-26 16:00:00,0,0.5886398481044662,0.016285737790287726,0
2022-07-27 00:00:00,0,0.2056190449408491,0.01600248902540038,0
2022-07-27 04:00:00,0,0.14294755462988687,0.01666979083736676,0
2022-07-27 08:00:00,0,-0.15799727371443534,0.017112829947215275,0
2022-07-27 12:00:00,0,1.4468171577458049,0.017620287338796697,0
2022-07-27 16:00:00,0,1.5158627243531593,0.01643584360529443,0
2022-07-28 00:00:00,0,0.032898013805615814,0.01533492966503364,0
2022-07-28 04:00:00,0,-0.6329668733704488,0.016159810420691718,0
2022-07-28 08:00:00,0,0.7676923046856003,0.016245203490071677,0
2022-07-28 12:00:00,0,0.6222974932003933,0.01584773905369011,0
2022-07-28 16:00:00,0,2.3898282845459566,0.014489488063766303,0
2022-07-29 00:00:00,0,0.1255466327737404,0.013553692895045244,0
2022-07-29 04:00:00,0,-0.22552236774689602,0.01423422642587763,0
2022-07-29 08:00:00,0,-0.3256258285573349,0.014487304230528023,0
2022-07-29 12:00:00,0,0.5193148866252909,0.014635860558323022,0
2022-07-29 16:00:00,0,0.6929825816179781,0.014064206798408953,0
2022-08-01 00:00:00,0,0.08816244683225101,0.014429015789410584,0
2022-08-01 04:00:00,0,-0.06360055260220056,0.015243843674539029,0
2022-08-01 08:00:00,0,-0.18418786693248776,0.015710493224139373,0
2022-08-01 12:00:00,0,1.0344391460644065,0.01590354192715168,0
2022-08-01 16:00:00,0,-0.2611314987843031,0.014553826219303337,0
2022-08-02 00:00:00,0,-0.16135477702427758,0.015029970936397042,0
2022-08-02 04:00:00,0,-0.44284045590818,0.015674507762560814,0
2022-08-02 08:00:00,0,-0.06927231001190079,0.01594623452739779,0
2022-08-02 12:00:00,0,2.1406722872373387,0.016373656829873812,0
2022-08-02 16:00:00,0,-1.3263489766777008,0.014830014202123579,0
2022-08-03 00:00:00,0,0.3165158705328661,0.014430825100461843,0
2022-08-03 04:00:00,0,0.09149606560482182,0.014983544434549226,0
2022-08-03 08:00:00,0,0.6075155403885478,0.015496633946381852,0
2022-08-03 12:00:00,0,2.3862299939875844,0.015795922511683828,0
2022-08-03 16:00:00,0,-0.09524772971390844,0.014375467417363069,0
2022-08-04 00:00:00,0,-0.18790972636515196,0.015583493046645644,0
2022-08-04 04:00:00,0,0.10649368725453152,0.01628355352733057,0
2022-08-04 08:00:00,0,0.6111257774544233,0.017002961796039107,0
2022-08-04 12:00:00,0,-0.6769542919226588,0.016980616986380884,0
2022-08-04 16:00:00,0,0.744558747742255,0.01628999333260555,0
2022-08-05 00:00:00,0,0.25687235231205996,0.017299043243425967,0
2022-08-05 04:00:00,0,-0.4985950328360441,0.018093151217550174,0
2022-08-05 08:00:00,0,-2.0200513503946445,0.018528326313338873,0
2022-08-05 12:00:00,0,0.6165358327635079,0.016531824718173594,0
2022-08-05 16:00:00,0,0.14291028362894875,0.015333473835579056,0
2022-08-08 00:00:00,0,0.357698424455,0.015833449376907085,0
2022-08-08 04:00:00,0,0.5197472633865662,0.01649112407577434,0
2022-08-08 08:00:00,0,0.6024442710675318,0.016867236105278408,0
2022-08-08 12:00:00,0,-1.5065163816558431,0.017161946279864934,0
2022-08-08 16:00:00,0,0.14314110324683285,0.015241502746950499,0
2022-08-09 00:00:00,0,0.13494735211015613,0.015961124478486865,0
2022-08-09 04:00:00,0,-0.20973644487679025,0.016533093497323605,0
2022-08-09 08:00:00,0,-0.948340954997629,0.0170850838759633,0
2022-08-09 12:00:00,0,-1.148605639479887,0.016658711264786245,0
2022-08-09 16:00:00,0,0.6729299110845615,0.01598476898515229,0
2022-08-10 00:00:00,0,0.040166008385849765,0.016974772562390973,0
2022-08-10 04:00:00,0,0.6943525682006149,0.01780472689514791,0
2022-08-10 08:00:00,0,2.453862609440066,0.01767987883054715,0
2022-08-10 12:00:00,0,0.13237648828315524,0.015380751494458104,0
2022-08-10 16:00:00,0,0.33437351668984383,0.01502744135780044,0
2022-08-11 00:00:00,0,-0.13191069853900533,0.015713923432978207,0
2022-08-11 04:00:00,0,-0.2553074350394171,0.016568740975868506,0
2022-08-11 08:00:00,0,0.903769975477141,0.016663033695818365,0
2022-08-11 12:00:00,0,-0.7899373700237425,0.016735110583990964,0
2022-08-11 16:00:00,0,-0.6752638661854796,0.01548760770676167,0
2022-08-12 00:00:00,0,0.2256861994798291,0.015620540716684493,0
2022-08-12 04:00:00,0,0.42124481900171407,0.016459058775782617,0
2022-08-12 08:00:00,0,0.07288634306450019,0.016891735121278523,0
2022-08-12 12:00:00,0,0.883048603699215,0.017385230301730992,0
2022-08-12 16:00:00,0,0.9707848207390032,0.01701849202180525,0
2022-08-15 00:00:00,0,-0.03294821878878464,0.017834310624923248,0
2022-08-15 04:00:00,0,-0.32060116080032297,0.018776971763245314,0
2022-08-15 08:00:00,0,-0.11547308877353217,0.01929363860670135,0
2022-08-15 12:00:00,0,1.792697555395239,0.01982654024217172,0
2022-08-15 16:00:00,0,0.13486838669333814,0.01888195356021439,0
2022-08-16 00:00:00,0,0.10877081290223287,0.020317018807700874,0
2022-08-16 04:00:00,0,0.05982330327235129,0.021241944624394368,0
2022-08-16 08:00:00,0,-0.3511703973328818,0.021667257411961408,0
2022-08-16 12:00:00,0,0.03758746853548503,0.022204646597853265,0
2022-08-16 16:00:00,0,0.14413671838969339,0.02069655204916147,0
2022-08-17 00:00:00,0,-0.00288679463246363,0.020469039624059254,0
2022-08-17 04:00:00,0,-0.8787665094951327,0.021653696573524006,0
2022-08-17 08:00:00,0,-0.7597493794200846,0.021300631422237874,0
2022-08-17 12:00:00,0,-0.4935185226365783,0.02099206952807174,0
2022-08-17 16:00:00,0,0.3542242877388623,0.019668928940231735,0
2022-08-18 00:00:00,0,0.0867342726611416,0.018943610249075492,0
2022-08-18 04:00:00,0,0.1539907532070949,0.019947025144969505,0
2022-08-18 08:00:00,0,0.4744989286686692,0.020279408906239874,0
2022-08-18 12:00:00,0,-0.0958767774302961,0.020388390744499222,0
2022-08-18 16:00:00,0,0.3364342314720878,0.019304274598690326,0
2022-08-19 00:00:00,0,-0.10449626693048068,0.020347187241413035,0
2022-08-19 04:00:00,0,-1.1687441019062235,0.021307588593207374,0
2022-08-19 08:00:00,0,-0.19092536898594864,0.020423704242627766,0
2022-08-19 12:00:00,0,-1.0159225414230912,0.020757933627983238,0
2022-08-19 16:00:00,0,-0.5186775717133926,0.019077702360890066,0
2022-08-22 00:00:00,0,0.053736394917799864,0.019372499037199432,0
2022-08-22 04:00:00,0,-1.411149834957925,0.020175803868221178,0
2022-08-22 08:00:00,0,-0.06738923335683401,0.01905737160615932,0
2022-08-22 12:00:00,0,-1.02397492208586,0.019729229226928057,0
2022-08-22 16:00:00,0,-0.4900098161491364,0.0186699746383993,0
2022-08-23 00:00:00,0,-0.1062202350226529,0.019269420623294706,0
2022-08-23 04:00:00,0,0.26389269380810726,0.02013671097446669,0
2022-08-23 08:00:00,0,-0.4697155589664366,0.01921867661096733,0
2022-08-23 12:00:00,0,0.4218101651303691,0.019652204861537514,0
2022-08-23 16:00:00,0,-0.5082572794369926,0.018666742272096654,0
2022-08-24 00:00:00,0,-0.12672663511480736,0.019716520712464394,0
2022-08-24 04:00:00,0,0.4309971022467208,0.020183228702475877,0
2022-08-24 08:00:00,0,-0.04488445206942176,0.020063418756440382,0
2022-08-24 12:00:00,0,0.48415259243110065,0.020368040672899452,0
2022-08-24 16:00:00,0,0.10695982529804306,0.0191769699148934,0
2022-08-25 00:00:00,0,0.21158822980829844,0.020369245156345767,0
2022-08-25 04:00:00,0,0.9725592416819456,0.021427315525172137,0
2022-08-25 08:00:00,0,-0.6370577231126964,0.020936639739515883,0
2022-08-25 12:00:00,0,0.2720893939747877,0.02090856226484686,0
2022-08-25 16:00:00,0,1.3390974133127247,0.01964390167537524,0
2022-08-26 00:00:00,0,-0.1281666789599832,0.019890395472006387,0
2022-08-26 04:00:00,0,-0.501879606171545,0.020983806513067183,0
2022-08-26 08:00:00,0,0.7386949327139014,0.021346939189195883,0
2022-08-26 12:00:00,0,-4.426312972340209,0.021125283935235373,0
2022-08-26 16:00:00,0,-2.28562637017759,0.015401604646996461,0
2022-08-29 00:00:00,0,0.41811068317955025,0.013314477294319811,0
2022-08-29 04:00:00,0,-0.11996084697688757,0.013624833721131218,0
2022-08-29 08:00:00,0,0.34185407049809335,0.013761056109823594,0
2022-08-29 12:00:00,0,0.5825011415141003,0.014221325372415779,0
2022-08-29 16:00:00,0,-0.4899656755655084,0.013895811955839303,0
2022-08-30 00:00:00,0,0.3744381222790047,0.01433701048233936,0
2022-08-30 04:00:00,0,0.7411196461956046,0.014691126160026519,0
2022-08-30 08:00:00,0,-0.6320684153545721,0.014617691611531673,0
2022-08-30 12:00:00,0,-2.2361104414736936,0.014730791887219938,0
2022-08-30 16:00:00,0,0.3575651707586078,0.012763167154033524,0
2022-08-31 00:00:00,0,0.39919612286041983,0.01322197071595284,0
2022-08-31 04:00:00,0,-0.5169594169100685,0.013621766493758314,0
2022-08-31 08:00:00,0,0.5368428883258406,0.013645700644831187,0
2022-08-31 12:00:00,0,-0.9395038861032732,0.013759251540333113,0
2022-08-31 16:00:00,0,-0.3176528547641242,0.01290882858909783,0
2022-09-01 00:00:00,0,0.09412525648033748,0.012386227790556313,0
2022-09-01 04:00:00,0,-0.18006816953904098,0.012919613435198762,0
2022-09-01 08:00:00,0,0.3173292367906257,0.013277298869916741,0
2022-09-01 12:00:00,0,-1.1692919986097072,0.01330363038916557,0
2022-09-01 16:00:00,0,1.9972956032918863,0.012505418547564854,0
2022-09-02 00:00:00,0,0.06498709068126426,0.012433172107330305,0
2022-09-02 04:00:00,0,0.026361679156303556,0.012963382011291337,0
2022-09-02 08:00:00,0,0.5215453747071136,0.013371284909480459,0
2022-09-02 12:00:00,0,-1.0429970513027267,0.013098292858536358,0
2022-09-02 16:00:00,0,-0.7952813109639965,0.011999223437788377,0
2022-09-05 00:00:00,0,0.048520028869347816,0.01174868802825097,0
2022-09-05 04:00:00,0,-0.11139968644655444,0.012300187140580362,0
2022-09-05 08:00:00,0,-0.050368082710065515,0.012669226607407873,0
2022-09-05 12:00:00,0,0.34231818132796177,0.013112568639157903,0
2022-09-06 00:00:00,0,-0.49712106340483997,0.013633459378381306,0
2022-09-06 04:00:00,0,0.4562936890396961,0.013894520984922156,0
2022-09-06 08:00:00,0,-0.37353260827135965,0.014105461102761674,0
2022-09-06 12:00:00,0,-1.0069548103965837,0.014242633179360245,0
2022-09-06 16:00:00,0,-0.3180591912790448,0.012891471802879593,0
2022-09-07 00:00:00,0,0.25298668274966085,0.01300659667344018,0
2022-09-07 04:00:00,0,0.6904801960318225,0.013569714623800678,0
2022-09-07 08:00:00,0,-0.43877765280114595,0.013728459838372358,0
2022-09-07 12:00:00,0,1.3074865039197063,0.013922191564221536,0
2022-09-07 16:00:00,0,0.900859599765507,0.013603598798875205,0
2022-09-08 00:00:00,0,0.08604669015272931,0.014090001361307877,0
2022-09-08 04:00:00,0,-0.19290408955481325,0.014835773545333487,0
2022-09-08 08:00:00,0,-0.7878106945888997,0.014814721111287092,0
2022-09-08 12:00:00,0,0.43365905849576125,0.014653425424121926,0
2022-09-08 16:00:00,0,0.9718854023641963,0.013352349665686433,0
2022-09-09 00:00:00,0,0.15280773111863002,0.013681081751677662,0
2022-09-09 04:00:00,0,0.39850986021845797,0.014228422162699362,0
2022-09-09 08:00:00,0,-0.06672151737840896,0.01439491784518799,0
2022-09-09 12:00:00,0,1.1839533940646794,0.014952562535397684,0
2022-09-09 16:00:00,0,0.11672928948900804,0.014485561480171215,0
2022-09-12 00:00:00,0,-0.28268339613483623,0.015252608366416223,0
2022-09-12 04:00:00,0,1.006967282279886,0.015863959908098926,0
2022-09-12 08:00:00,0,-0.3896879561593954,0.01594131487016783,0
2022-09-12 12:00:00,0,0.7391097503590333,0.016088485861880473,0
2022-09-12 16:00:00,0,0.5397610261965173,0.015876426914199986,0
2022-09-13 00:00:00,0,-0.12782923824054518,0.016960591612878603,0
2022-09-13 04:00:00,0,0.5304741394052541,0.017799185508563867,0
2022-09-13 08:00:00,0,-4.648517057801994,0.01818003142791345,0
2022-09-13 12:00:00,0,-1.35543792253219,0.01335783916981235,0
2022-09-13 16:00:00,0,-1.2666018098190674,0.012269736033176788,0
2022-09-14 00:00:00,0,0.24442784101568937,0.011782001422303737,0
2022-09-14 04:00:00,0,0.4401401555734815,0.012359215669117178,0
2022-09-14 08:00:00,0,-0.27696497889347016,0.012454121222391397,0
2022-09-14 12:00:00,0,0.527841519642957,0.012452386033995419,0
2022-09-14 16:00:00,0,0.14230939701891768,0.012298146365344282,0
2022-09-15 00:00:00,0,-0.13292546872658656,0.012732078777487622,0
2022-09-15 04:00:00,0,-0.04424497210812057,0.013307334615115542,0
2022-09-15 08:00:00,0,-0.3259867832404243,0.013888211196014544,0
2022-09-15 12:00:00,0,-1.0059575421851843,0.014009506817115894,0
2022-09-15 16:00:00,0,-0.8001813329371301,0.012809893345538718,0
2022-09-16 00:00:00,0,-0.022046348934787442,0.012333054225423499,0
2022-09-16 04:00:00,0,-0.3538055504029577,0.013043686441697644,0
2022-09-16 08:00:00,0,-0.20088148635125816,0.013461954299168943,0
2022-09-16 12:00:00,0,0.024156778191973958,0.01368857250676023,0
2022-09-16 16:00:00,0,1.0461725665681467,0.013474321024685161,0
2022-09-19 00:00:00,0,-0.5223091496282315,0.013570354572570434,0
2022-09-19 04:00:00,0,-0.575936022610996,0.013705817958064286,0
2022-09-19 08:00:00,0,0.2590315979283826,0.013922165416927056,0
2022-09-19 12:00:00,0,0.8496180798735675,0.01431148016102572,0
2022-09-19 16:00:00,0,0.9165495202194994,0.013911924783575964,0
2022-09-20 00:00:00,0,-0.058901265776177845,0.014118456356679096,0
2022-09-20 04:00:00,0,-0.5952644246825336,0.014914993575518247,0
2022-09-20 08:00:00,0,-0.5151491374022164,0.014747936047868435,0
2022-09-20 12:00:00,0,0.11356616706470113,0.014914974536089736,0
2022-09-20 16:00:00,0,0.010879728045233624,0.014607527304194949,0
2022-09-21 00:00:00,0,-0.11604085657805285,0.0149161031747442,0
2022-09-21 04:00:00,0,-0.07340093699425333,0.015606666194744706,0
2022-09-21 08:00:00,0,0.5193252694450956,0.01572524174197707,0
2022-09-21 12:00:00,0,0.050188778188614176,0.015952080906287153,0
2022-09-21 16:00:00,0,-3.3452098132236023,0.016268445623854478,0
2022-09-22 00:00:00,0,0.2950491340824351,0.012284475458693047,0
2022-09-22 04:00:00,0,1.1560383544982324,0.012627241169397216,0
2022-09-22 08:00:00,0,-0.303744091962153,0.01220235708157547,0
2022-09-22 12:00:00,0,-1.113547785765818,0.012211137623082064,0
2022-09-22 16:00:00,0,-0.0991694536138562,0.011495491231429783,0
2022-09-23 00:00:00,0,-0.5635398425415125,0.011884394366411966,0
2022-09-23 04:00:00,0,-0.31560229908398074,0.01209431034554323,0
2022-09-23 08:00:00,0,-0.5077850476721333,0.012307269073560846,0
2022-09-23 12:00:00,0,-0.46311503369740525,0.012412212142521861,0
2022-09-23 16:00:00,0,0.25484106718901933,0.011895940136951201,0
2022-09-26 00:00:00,0,-0.07675291286707378,0.011798630766711764,0
2022-09-26 04:00:00,0,0.7013119484316174,0.012091088749808566,0
2022-09-26 08:00:00,0,0.030258465552604672,0.011871527594282156,0
2022-09-26 12:00:00,0,-0.08259673246726008,0.011968930981310012,0
2022-09-26 16:00:00,0,-0.44385122087627066,0.01128996255182883,0
2022-09-27 00:00:00,0,-0.062361384852968216,0.011492099734826376,0
2022-09-27 04:00:00,0,0.45164398354664853,0.01202221813199199,0
2022-09-27 08:00:00,0,0.17273929042438335,0.012078151779403344,0
2022-09-27 12:00:00,0,-1.4430347895427502,0.0121923537732759,0
2022-09-27 16:00:00,0,0.39084912916949555,0.010678171298129346,0
2022-09-28 00:00:00,0,-0.9965380153871816,0.011348476931781459,0
2022-09-28 04:00:00,0,-0.11961506859542399,0.010847649483227289,0
2022-09-28 08:00:00,0,0.7901281484911526,0.010962575368942533,0
2022-09-28 12:00:00,0,1.142411846130367,0.010605073330523056,0
2022-09-28 16:00:00,0,0.4269508900338098,0.010189828866389167,0
2022-09-29 00:00:00,0,0.03783315266475874,0.010756694754561587,0
2022-09-29 04:00:00,0,-1.1396616105675723,0.011235887523556724,0
2022-09-29 08:00:00,0,-0.1974253628715813,0.010761644117345592,0
2022-09-29 12:00:00,0,-1.3688310211709906,0.01075578058714565,0
2022-09-29 16:00:00,0,0.35308461354861986,0.009965169878965842,0
2022-09-30 00:00:00,0,-0.13705312966383681,0.010333826555598056,0
2022-09-30 04:00:00,0,0.9263395105736375,0.010596643254055649,0
2022-09-30 08:00:00,0,-0.7648750240342572,0.010707403379305522,0
2022-09-30 12:00:00,0,-0.10281362609667465,0.010384412889360924,0
2022-09-30 16:00:00,0,-1.140698711711317,0.00999974835700194,0
2022-10-03 00:00:00,0,0.44750083606189245,0.009348022857768592,0
2022-10-03 04:00:00,0,0.03702674851683129,0.009559346935672475,0
2022-10-03 08:00:00,0,0.8490748117857121,0.00976095056448722,0
2022-10-03 12:00:00,0,0.6790208922103229,0.009697068701329447,0
2022-10-03 16:00:00,0,0.667264249624364,0.009568571158254165,0
2022-10-04 00:00:00,0,0.1807378748033108,0.009869284055148466,0
2022-10-04 04:00:00,0,0.5546057481131372,0.010174162097119552,0
2022-10-04 08:00:00,0,0.13779403098167067,0.010514049471358802,0
2022-10-04 12:00:00,0,0.6195506056113259,0.010831756224865144,0
2022-10-04 16:00:00,0,0.31714622888336375,0.01068967060743913,0
2022-10-05 00:00:00,0,-0.09419830165866341,0.01106674966127773,0
2022-10-05 04:00:00,0,-0.18584457945659608,0.01158089302517956,0
2022-10-05 08:00:00,0,-0.2994175543669377,0.01183005819917563,0
2022-10-05 12:00:00,0,0.25004644813557353,0.012222582912223785,0
2022-10-05 16:00:00,0,0.6794257869569109,0.011738504108818864,0
2022-10-06 00:00:00,0,-0.054248653194285366,0.011733103729521676,0
2022-10-06 04:00:00,0,-0.9454327883540941,0.01230079707001594,0
2022-10-06 08:00:00,0,0.2896625475729228,0.011993260171646656,0
2022-10-06 12:00:00,0,-0.03378536323419997,0.011946426797454071,0
2022-10-06 16:00:00,0,-0.8497498332798048,0.011494100111150284,0
2022-10-07 00:00:00,0,-0.05583589499013527,0.011877822005302387,0
2022-10-07 04:00:00,0,-0.06636442244349439,0.012345287714894583,0
2022-10-07 08:00:00,0,-1.2621953673127324,0.012704709367523496,0
2022-10-07 12:00:00,0,-1.7552906963022317,0.011669881986731603,0
2022-10-07 16:00:00,0,-0.2714124406421884,0.010656095532095164,0
2022-10-10 00:00:00,0,0.0323415648347918,0.01088448311934523,0
2022-10-10 04:00:00,0,-0.2877903111124853,0.01141726696242392,0
2022-10-10 08:00:00,0,0.8586656679923624,0.011579416896110228,0
2022-10-10 12:00:00,0,-1.8267866129693169,0.011792241241512728,0
2022-10-10 16:00:00,0,0.6712770389333299,0.010880785639611272,0
2022-10-11 00:00:00,0,-0.6870492021418985,0.011081973376266045,0
2022-10-11 04:00:00,0,-0.2963564013397313,0.011079320003062916,0
2022-10-11 08:00:00,0,0.42678880525095914,0.011162962264593708,0
2022-10-11 12:00:00,0,0.3864856786268267,0.011181486604257091,0
2022-10-11 16:00:00,0,-0.8302799396943628,0.010536685175446254,0
2022-10-12 00:00:00,0,0.09491733261597107,0.01029800731141153,0
2022-10-12 04:00:00,0,0.1210206905725732,0.010583056989335884,0
2022-10-12 08:00:00,0,-0.22701795624090632,0.010803125094463776,0
2022-10-12 12:00:00,0,-0.028845581036714345,0.010836609700759928,0
2022-10-12 16:00:00,0,-0.22455732047326793,0.010791511273034848,0
2022-10-13 00:00:00,0,-0.2525784122247686,0.011734232207638423,0
2022-10-13 04:00:00,0,0.1340001450440649,0.012259463878126264,0
2022-10-13 08:00:00,0,-2.863997041482563,0.012707345989132241,0
2022-10-13 12:00:00,0,3.0568710136589226,0.009909215049550894,0
2022-10-13 16:00:00,0,0.5216115500515788,0.008234417356218795,0
2022-10-14 00:00:00,0,0.5358739477510644,0.008702788644479962,0
2022-10-14 04:00:00,0,-0.8339330963213968,0.00890222509879099,0
2022-10-14 08:00:00,0,1.2506147301555643,0.008741291332272322,0
2022-10-14 12:00:00,0,-2.3866609381917563,0.00853643075482048,0
2022-10-14 16:00:00,0,-0.38530027358289515,0.007392063389340753,0
2022-10-17 00:00:00,0,-0.015557357891743548,0.00790311655129637,0
2022-10-17 04:00:00,0,0.45079562354793046,0.008397292440867657,0
2022-10-17 08:00:00,0,0.49067171315208785,0.008659289236645048,0
2022-10-17 12:00:00,0,0.9397532597168707,0.008999087223115107,0
2022-10-17 16:00:00,0,0.24205000887193692,0.00898875214196384,0
2022-10-18 00:00:00,0,0.8461560618646298,0.00977874823399915,0
2022-10-18 04:00:00,0,-0.472320157049483,0.009730438165130832,0
2022-10-18 08:00:00,0,0.881567454586823,0.009944235294251884,0
2022-10-18 12:00:00,0,-1.3391845896704972,0.010002192438529326,0
2022-10-18 16:00:00,0,0.7770298747772589,0.008963818019293322,0
2022-10-19 00:00:00,0,-0.2152799228075552,0.00908862329487516,0
2022-10-19 04:00:00,0,-0.6602347178210545,0.00946185294642374,0
2022-10-19 08:00:00,0,-0.5250120549575971,0.00940314405364118,0
2022-10-19 12:00:00,0,-0.0670546405885062,0.009199033869281843,0
2022-10-19 16:00:00,0,0.20346184128316477,0.009110758946616506,0
2022-10-20 00:00:00,0,0.16119934651502113,0.009243021490463106,0
2022-10-20 04:00:00,0,-0.1794552096410881,0.009527156005764916,0
2022-10-20 08:00:00,0,0.19834211455681977,0.00963858058670087,0
2022-10-20 12:00:00,0,0.5999194665115184,0.009578192854497108,0
2022-10-20 16:00:00,0,-0.7538383089036435,0.00924208499868337,0
2022-10-21 00:00:00,0,-0.04669937347329074,0.009525444339728533,0
2022-10-21 04:00:00,0,-0.22416143244660747,0.009968324159146402,0
2022-10-21 08:00:00,0,-0.04265787431630515,0.010116328860077512,0
2022-10-21 12:00:00,0,1.8200238973537917,0.010382833938558886,0
2022-10-21 16:00:00,0,0.9577125648567013,0.009901344678948135,0
2022-10-24 00:00:00,0,-0.1832256222177765,0.009961654630634167,0
2022-10-24 04:00:00,0,-0.8342068362764421,0.010253614346974582,0
2022-10-24 08:00:00,0,0.7317685674075532,0.010059735601269488,0
2022-10-24 12:00:00,0,0.16282663708301565,0.01001698096783296,0
2022-10-24 16:00:00,0,0.19794118903041244,0.009593621500649916,0
2022-10-25 00:00:00,0,-0.035918765384488,0.01018691574107868,0
2022-10-25 04:00:00,0,-0.08551685709275042,0.010602649774347573,0
2022-10-25 08:00:00,0,0.04180831475109807,0.011103967148065157,0
2022-10-25 12:00:00,0,1.3657293645652813,0.011606766117676776,0
2022-10-25 16:00:00,0,-0.5180208907362547,0.011161756345525518,0
2022-10-26 00:00:00,0,0.3055912958817425,0.010628318865137107,0
2022-10-26 04:00:00,0,0.505237120535484,0.011019484004061973,0
2022-10-26 08:00:00,0,-0.4074703040581531,0.011333216264140527,0
2022-10-26 12:00:00,0,0.38416979676956003,0.011600415951254042,0
2022-10-26 16:00:00,0,-0.609995518869233,0.010811231014729193,0
2022-10-27 00:00:00,0,0.0746550215990185,0.01085194607990084,0
2022-10-27 04:00:00,0,-0.48292397466755377,0.011350194320507023,0
2022-10-27 08:00:00,0,-0.009745347765272071,0.011557302212760587,0
2022-10-27 12:00:00,0,-1.2029587966287636,0.011731833313809429,0
2022-10-27 16:00:00,0,-1.5151461704638078,0.011016091928294789,0
2022-10-28 00:00:00,0,-0.0016814050258619879,0.00971296064266162,0
2022-10-28 04:00:00,0,-0.25413486959753423,0.010178442026633013,0
2022-10-28 08:00:00,0,0.3024588612279195,0.010447501730321314,0
2022-10-28 12:00:00,0,2.615388047027033,0.010455209880737908,0
2022-10-28 16:00:00,0,0.6674006966172333,0.009555847052946377,0
2022-10-31 00:00:00,0,0.17375456888384053,0.009998354904734068,0
2022-10-31 04:00:00,0,-0.40618894292274643,0.010463110825319609,0
2022-10-31 08:00:00,0,0.034125960696751466,0.010709151989947052,0
2022-10-31 12:00:00,0,-0.4319076014398147,0.01118912608619973,0
2022-10-31 16:00:00,0,0.0592417749120723,0.011016143451424574,0
2022-11-01 00:00:00,0,0.018005480509916676,0.011912431868862297,0
2022-11-01 04:00:00,0,0.5959337303276304,0.012667524471147778,0
2022-11-01 08:00:00,0,0.41228358254859043,0.01295978784600339,0
2022-11-01 12:00:00,0,-2.212508143569484,0.013327398880363672,0
2022-11-01 16:00:00,0,-0.2705137434463266,0.011641150068615472,0
2022-11-02 00:00:00,0,0.06681327380361007,0.012461377022114188,0
2022-11-02 04:00:00,0,0.013385993943738498,0.013154362685349563,0
2022-11-02 08:00:00,0,-0.370602460515719,0.013668440839635042,0
2022-11-02 12:00:00,0,-0.9317080310402146,0.013848568029749623,0
2022-11-02 16:00:00,0,-2.707889078652456,0.013338825987603189,0
2022-11-03 00:00:00,0,0.24112444005076608,0.01062282295741196,0
2022-11-03 04:00:00,0,-0.4584152147122317,0.01116821745980133,0
2022-11-03 08:00:00,0,-0.8798575199315954,0.011287844060936116,0
2022-11-03 12:00:00,0,0.3615161095776832,0.011154304833927767,0
2022-11-03 16:00:00,0,-0.951711101856784,0.010875934549959542,0
2022-11-04 00:00:00,0,0.34557043647083924,0.011266254253996175,0
2022-11-04 04:00:00,0,0.10470472716595813,0.011704789355984263,0
2022-11-04 08:00:00,0,0.7285654180136831,0.012017701417364851,0
2022-11-04 12:00:00,0,-1.2474139267141275,0.011349006720427154,0
2022-11-04 16:00:00,0,1.1326690785683582,0.010199945238288065,0
2022-11-07 00:00:00,0,0.10727711340757397,0.009897446397867266,0
2022-11-07 04:00:00,0,0.31183211041651626,0.0103508134413219,0
2022-11-07 08:00:00,0,0.17675298460549813,0.010421664750576378,0
2022-11-07 12:00:00,0,-0.18157997478642018,0.01081884598151413,0
2022-11-07 16:00:00,0,0.886021251303106,0.010855372005928557,0
2022-11-08 00:00:00,0,-0.38834918364694226,0.011384126981895108,0
2022-11-08 04:00:00,0,0.5421258590456186,0.011791303335728373,0
2022-11-08 08:00:00,0,0.194091936627246,0.011986339299133415,0
2022-11-08 12:00:00,0,1.010297828357579,0.012457597936891378,0
2022-11-08 16:00:00,0,-0.8925697081511176,0.011797576634406155,0
2022-11-09 00:00:00,0,-0.17782463460215048,0.011021606966005284,0
2022-11-09 04:00:00,0,-0.42140288992643793,0.011364800446227917,0
2022-11-09 08:00:00,0,-0.1828189614303098,0.011351473025084295,0
2022-11-09 12:00:00,0,-0.53762556674123,0.011523625103321396,0
2022-11-09 16:00:00,0,-0.9251744438227768,0.011462639971644602,0
2022-11-10 00:00:00,0,0.09557410722623544,0.011720534238494184,0
2022-11-10 04:00:00,0,-0.12649028587183636,0.012301104319768302,0
2022-11-10 08:00:00,0,3.934386086684083,0.012825705965994425,0
2022-11-10 12:00:00,0,0.8905390949825397,0.010806581235264163,0
2022-11-10 16:00:00,0,1.703806585935549,0.010406051155556846,0
2022-11-11 00:00:00,0,0.5612584310657733,0.01054740700426396,0
2022-11-11 04:00:00,0,0.06432844695446388,0.01086769732546537,0
2022-11-11 08:00:00,0,-0.19241421468604278,0.011266275846848497,0
2022-11-11 12:00:00,0,0.4696566461089674,0.011630722058391847,0
2022-11-11 16:00:00,0,0.536852195702012,0.011201051809322366,0
2022-11-14 00:00:00,0,-0.27587574777670504,0.011790193060189446,0
2022-11-14 04:00:00,0,-0.02014455803868193,0.012291198011892783,0
2022-11-14 08:00:00,0,0.14019816184959166,0.012774651367366512,0
2022-11-14 12:00:00,0,0.4674137193917935,0.013312360940959677,0
2022-11-14 16:00:00,0,-0.499811805721481,0.013072257913403827,0
2022-11-15 00:00:00,0,0.2568757037591602,0.01333432373646769,0
2022-11-15 04:00:00,0,0.3461123730252108,0.013987390836641788,0
2022-11-15 08:00:00,0,2.0702839733146017,0.01464149428875206,0
2022-11-15 12:00:00,0,-0.7595194185274801,0.013450113026422152,0
2022-11-15 16:00:00,0,-0.7987557816262439,0.013221059767513537,0
2022-11-16 00:00:00,0,0.39818577302414193,0.012671739689106653,0
2022-11-16 04:00:00,0,-0.008479076233871565,0.013115146822248293,0
2022-11-16 08:00:00,0,-0.8244176309143927,0.013585216710476803,0
2022-11-16 12:00:00,0,-0.3311096781657158,0.013368066199326258,0
2022-11-16 16:00:00,0,-0.18637032540409712,0.013035041736892074,0
2022-11-17 00:00:00,0,0.006817957507758693,0.013869450509296244,0
2022-11-17 04:00:00,0,-0.3587724008250798,0.014612840240908167,0
2022-11-17 08:00:00,0,-1.5840411502148455,0.014440915307413562,0
2022-11-17 12:00:00,0,1.6844295816160713,0.013434485861418573,0
2022-11-17 16:00:00,0,-0.02000144756120236,0.012701106670569763,0
2022-11-18 00:00:00,0,-0.12228169548105981,0.013052434519276767,0
2022-11-18 04:00:00,0,0.3028657357962413,0.013663051337759226,0
2022-11-18 08:00:00,0,0.7502733008427732,0.013765140986991695,0
2022-11-18 12:00:00,0,-1.8591752162979815,0.01395603858627366,0
2022-11-18 16:00:00,0,0.6522556389828073,0.012662028336447846,0
2022-11-21 00:00:00,0,0.10260165594814416,0.012955073895144513,0
2022-11-21 04:00:00,0,-0.448426606408559,0.01370388736729958,0
2022-11-21 08:00:00,0,0.18582328830055195,0.014039517373912961,0
2022-11-21 12:00:00,0,-0.9040785632450395,0.01451815981231524,0
2022-11-21 16:00:00,0,0.28422684548149024,0.014005654811451976,0
2022-11-22 00:00:00,0,-0.22687494117153387,0.015005730653201212,0
2022-11-22 04:00:00,0,0.325592613853322,0.015683242298866036,0
2022-11-22 08:00:00,0,0.2526144343588404,0.015718005547767904,0
2022-11-22 12:00:00,0,0.13212813740645163,0.015975733112711592,0
2022-11-22 16:00:00,0,0.9009149830399594,0.015478550553836573,0
2022-11-23 00:00:00,0,0.1275308200973283,0.016187809720817996,0
2022-11-23 04:00:00,0,0.35383855208190806,0.01714170398573306,0
2022-11-23 08:00:00,0,-0.15068258841542448,0.017701962656776576,0
2022-11-23 12:00:00,0,-0.006538967257031134,0.018146701175494075,0
2022-11-23 16:00:00,0,1.295032070842681,0.01725068276772791,0
2022-11-24 00:00:00,0,-0.12504350228127192,0.017549160867327385,0
2022-11-24 04:00:00,0,0.38291426085460517,0.018633624991229808,0
2022-11-24 08:00:00,0,0.024814089056497703,0.019196601088451257,0
2022-11-24 12:00:00,0,-0.12512604304201017,0.020056494480724017,0
2022-11-25 00:00:00,0,-0.03940598842637812,0.02214926414052864,0
2022-11-25 04:00:00,0,-0.771773483240176,0.02345334299329241,0
2022-11-25 08:00:00,0,-0.5696904815428682,0.02318730721892875,0
2022-11-25 12:00:00,0,-0.532197665341455,0.02329184178271562,0
2022-11-25 16:00:00,0,-0.036696737716655776,0.0233858599312115,0
2022-11-28 00:00:00,0,-0.18731520969101442,0.0231756180599707,0
2022-11-28 04:00:00,0,-0.3061779119016986,0.023828920125048926,0
2022-11-28 08:00:00,0,0.982738596234501,0.02328726854134923,0
2022-11-28 12:00:00,0,-0.7125073110884408,0.023189897866310497,0
2022-11-28 16:00:00,0,-0.6190170548313648,0.021688449846046218,0
2022-11-29 00:00:00,0,0.5757418522747003,0.021781321977420512,0
2022-11-29 04:00:00,0,-0.22555112049314874,0.02240543534655965,0
2022-11-29 08:00:00,0,-0.3331127402308046,0.02264283007494073,0
2022-11-29 12:00:00,0,-1.4982723835561635,0.02261985276038113,0
2022-11-29 16:00:00,0,-0.21971851688320126,0.019933619468477045,0
2022-11-30 00:00:00,0,0.0,0.020437845079984897,0
2022-11-30 04:00:00,0,0.42741730316324855,0.02154542265531443,0
2022-11-30 08:00:00,0,-0.6114363607428388,0.02187106184671559,0
2022-11-30 12:00:00,0,0.15685330022079846,0.02153946052806301,0
2022-11-30 16:00:00,0,7.534473078452679,0.021251671708345913,0
2022-12-01 00:00:00,0,0.2155150631071833,0.015701090145673443,0
2022-12-01 04:00:00,0,-0.6034472553694495,0.01627342714294475,0
2022-12-01 08:00:00,0,0.6401116591574898,0.016349103619372144,0
2022-12-01 12:00:00,0,-0.3349156004129832,0.015992618475662055,0
2022-12-01 16:00:00,0,-0.06284024626602033,0.014887249098704657,0
2022-12-02 00:00:00,0,0.18069423517156183,0.015662839390959225,0
2022-12-02 04:00:00,0,0.35771422204388326,0.01657281219117165,0
2022-12-02 08:00:00,0,-2.7359647039992563,0.017324925727897802,0
2022-12-02 12:00:00,0,0.9758969286969577,0.014281976917096982,0
2022-12-02 16:00:00,0,0.526699651362299,0.013656437519469952,0
2022-12-05 00:00:00,0,0.10621858290280844,0.014079324014514465,0
2022-12-05 04:00:00,0,-0.14465718086053256,0.015017891870671526,0
2022-12-05 08:00:00,0,-0.5202996291228876,0.015536642686333707,0
2022-12-05 12:00:00,0,-1.1059903921277567,0.01572199746099546,0
2022-12-05 16:00:00,0,-0.0501189619636245,0.014938221569008132,0
2022-12-06 00:00:00,0,-0.29396988612477193,0.015564415333901939,0
2022-12-06 04:00:00,0,0.12887868645107683,0.01614194619158527,0
2022-12-06 08:00:00,0,0.07030288108799466,0.016607930391825464,0
2022-12-06 12:00:00,0,-2.6308707930991475,0.017071302254903383,0
2022-12-06 16:00:00,0,-0.20478765096784726,0.014808959006869762,0
2022-12-07 00:00:00,0,-0.14794598450203938,0.015627399997690472,0
2022-12-07 04:00:00,0,-0.5554763644047581,0.016510337162100524,0
2022-12-07 08:00:00,0,-0.23058866660502703,0.016628769392893164,0
2022-12-07 12:00:00,0,0.1816587494781288,0.016226513098823378,0
2022-12-07 16:00:00,0,-0.2526967363814629,0.015489915768582949,0
2022-12-08 00:00:00,0,0.37888343870960123,0.015694702077862707,0
2022-12-08 04:00:00,0,0.41888478546672103,0.016383863860617395,0
2022-12-08 08:00:00,0,0.47203602555785334,0.016832926182455916,0
2022-12-08 12:00:00,0,0.5951588802953885,0.0170403613996315,0
2022-12-08 16:00:00,0,0.10263171338945491,0.015749223602707398,0
2022-12-09 00:00:00,0,0.21598428158349814,0.016377095932833628,0
2022-12-09 04:00:00,0,-0.07397682495631652,0.017269075594676546,0
2022-12-09 08:00:00,0,-0.6293424372646925,0.017803725080744997,0
2022-12-09 12:00:00,0,0.679583808501771,0.015843968905821404,0
2022-12-09 16:00:00,0,-1.3490126436107694,0.015096806730019879,0
2022-12-12 00:00:00,0,0.22085919331652326,0.015065870175634473,0
2022-12-12 04:00:00,0,0.4013667206163848,0.015788915583246067,0
2022-12-12 08:00:00,0,0.0,0.016365427909636247,0
2022-12-12 12:00:00,0,0.08572515966173344,0.017232459564596063,0
2022-12-12 16:00:00,0,1.1322509896765418,0.0173918398122336,0
2022-12-13 00:00:00,0,0.36661954546301717,0.017581362327273576,0
2022-12-13 04:00:00,0,0.2058934117103349,0.018211331650693,0
2022-12-13 08:00:00,0,5.091951171074182,0.01861240057669402,0
2022-12-13 12:00:00,0,-3.53302808336419,0.014212299425798486,0
2022-12-13 16:00:00,0,0.3912725335595155,0.01112425001986698,0
2022-12-14 00:00:00,0,0.03616181929189083,0.011761572567243434,0
2022-12-14 04:00:00,0,-0.34609774126554665,0.01241478202522379,0
2022-12-14 08:00:00,0,-0.06633072281000722,0.012761437752258529,0
2022-12-14 12:00:00,0,0.39503372297055167,0.013238752851048871,0
2022-12-14 16:00:00,0,-0.9130762456373173,0.013102735596175672,0
2022-12-15 00:00:00,0,0.021683467645505126,0.012045641287173827,0
2022-12-15 04:00:00,0,-1.2128420195259224,0.012722782469972235,0
2022-12-15 08:00:00,0,-0.30657378865205637,0.012154643465107428,0
2022-12-15 12:00:00,0,-1.9193917168020778,0.012332346065740685,0
2022-12-15 16:00:00,0,0.004516428460272534,0.01109598402074449,0
2022-12-16 00:00:00,0,0.02450544037029717,0.012053441873894209,0
2022-12-16 04:00:00,0,-0.9063951682441798,0.01253098295320606,0
2022-12-16 08:00:00,0,0.37164446830492454,0.012098613566178616,0
2022-12-16 12:00:00,0,-0.902483502595748,0.012293017351363606,0
2022-12-16 16:00:00,0,0.20979360572439848,0.011589771698526811,0
2022-12-19 00:00:00,0,-0.21553741873432047,0.012128015735784684,0
2022-12-19 04:00:00,0,0.27670794545802035,0.012653997148857513,0
2022-12-19 08:00:00,0,-0.204110721179047,0.01313466623422276,0
2022-12-19 12:00:00,0,-1.158106680242359,0.013528848667677354,0
2022-12-19 16:00:00,0,-0.4110198791141923,0.012648692928010111,0
2022-12-20 00:00:00,0,-1.3745204311967623,0.013155140353642465,0
2022-12-20 04:00:00,0,0.8022376696599794,0.01238459733757557,0
2022-12-20 08:00:00,0,-0.24161021584655734,0.012503367804899553,0
2022-12-20 12:00:00,0,0.4921320910085198,0.012865550099108598,0
2022-12-20 16:00:00,0,0.007302397410224542,0.012384021930449709,0
2022-12-21 00:00:00,0,-0.2323523782290993,0.013188383562101958,0
2022-12-21 04:00:00,0,0.23187837223480265,0.01369806734543882,0
2022-12-21 08:00:00,0,-0.12484824685818559,0.014179687048898219,0
2022-12-21 12:00:00,0,1.1723377588435635,0.014546641295368399,0
2022-12-21 16:00:00,0,0.015036547313804617,0.013745015951564944,0
2022-12-22 00:00:00,0,0.05011298073020461,0.0146803268539011,0
2022-12-22 04:00:00,0,-0.37080668800622296,0.015608967077424306,0
2022-12-22 08:00:00,0,-1.516524590717861,0.01609815646611001,0
2022-12-22 12:00:00,0,-2.9389960235731576,0.01521323496891877,0
2022-12-22 16:00:00,0,1.0913156110404163,0.0128292953347273,0
2022-12-23 00:00:00,0,-0.06003213011526734,0.012665918593074709,0
2022-12-23 04:00:00,0,-0.07510947296034143,0.013362228139528783,0
2022-12-23 08:00:00,0,0.08572978777772636,0.013944495460988667,0
2022-12-23 12:00:00,0,-0.08459514510562437,0.013377259828930652,0
2022-12-23 16:00:00,0,0.22174951019483063,0.012683603431854843,0
2022-12-27 00:00:00,0,-0.17528861264035075,0.013112261038556594,0
2022-12-27 04:00:00,0,-0.1705636827296794,0.013813606168603478,0
2022-12-27 08:00:00,0,-0.8768154439833216,0.014214237315213157,0
2022-12-27 12:00:00,0,-1.0365243766883465,0.013977723625917449,0
2022-12-27 16:00:00,0,-0.34674475458487675,0.013113499035504897,0
2022-12-28 00:00:00,0,-0.21164557743368487,0.014025914745322082,0
2022-12-28 04:00:00,0,-0.04461785005688131,0.014766899311787773,0
2022-12-28 08:00:00,0,0.06186917815400326,0.015135828715393845,0
2022-12-28 12:00:00,0,-0.5934925566081417,0.015613970334960856,0
2022-12-28 16:00:00,0,-0.7395756033716657,0.014098100247653459,0
2022-12-29 00:00:00,0,0.08283840081454076,0.014418670166518283,0
2022-12-29 04:00:00,0,0.42629178959799413,0.015253769183215192,0
2022-12-29 08:00:00,0,0.5735245704485019,0.015836608654057564,0
2022-12-29 12:00:00,0,1.6328415182188882,0.01606117631333596,0
2022-12-29 16:00:00,0,-0.05599465629466755,0.014755825590710316,0
2022-12-30 00:00:00,0,-0.12312110625045879,0.015894720810077156,0
2022-12-30 04:00:00,0,-0.1461214005384617,0.016582860035024072,0
2022-12-30 08:00:00,0,-0.821426758968233,0.016886145037800386,0
2022-12-30 12:00:00,0,0.36742933690291346,0.016457130950136085,0
2022-12-30 16:00:00,0,0.988127002187345,0.01609348004816635,0
2023-01-03 00:00:00,0,0.6438568872949253,0.014247597511541739,0
2023-01-03 04:00:00,0,1.1854096676346717,0.014524095697686527,0
2023-01-03 08:00:00,0,-0.5053064421844745,0.014316314512851862,0
2023-01-03 12:00:00,0,-2.4400379659260043,0.014070215283537897,0
2023-01-03 16:00:00,0,0.5992481449235559,0.011818963647229778,0
2023-01-04 00:00:00,0,0.0,0.012314840342693822,0
2023-01-04 04:00:00,0,0.2351052904927719,0.012952558456090023,0
2023-01-04 08:00:00,0,0.19939033982451504,0.013184853542756687,0
2023-01-04 12:00:00,0,-0.20659062965758565,0.01350380155485408,0
2023-01-04 16:00:00,0,-0.19958844547772622,0.012642252921165118,0
2023-01-05 00:00:00,0,0.022793058171637858,0.012921535055058334,0
2023-01-05 04:00:00,0,0.014179336331996344,0.013399723314208757,0
2023-01-05 08:00:00,0,-0.5251759394877625,0.013817035749822104,0
2023-01-05 12:00:00,0,-0.8921033221425045,0.013473161435176304,0
2023-01-05 16:00:00,0,0.008058567396433033,0.013259678185020609,0
2023-01-06 00:00:00,0,-0.14885596864106654,0.013906469677051097,0
2023-01-06 04:00:00,0,-0.4643002977137178,0.014499130600750655,0
2023-01-06 08:00:00,0,1.4368402810664507,0.01456093165397922,0
2023-01-06 12:00:00,0,0.701622112483932,0.013528631100109982,0
2023-01-06 16:00:00,0,0.7757996150166798,0.012173334615076335,0
2023-01-09 00:00:00,0,0.25191925351346317,0.012509851267628783,0
2023-01-09 04:00:00,0,-0.020529228984785288,0.013155373958052033,0
2023-01-09 08:00:00,0,0.0868342207862896,0.013539700191675058,0
2023-01-09 12:00:00,0,1.7033629698237662,0.014036003621933892,0
2023-01-09 16:00:00,0,-1.5577751177907606,0.013241064771467479,0
2023-01-10 00:00:00,0,-0.12907963073405243,0.01283384283086299,0
2023-01-10 04:00:00,0,0.27242295181149995,0.013322388731218812,0
2023-01-10 08:00:00,0,-0.5948948798240583,0.013934399809815066,0
2023-01-10 12:00:00,0,0.9061666263760771,0.013761382051606685,0
2023-01-10 16:00:00,0,0.5614628604065302,0.013296402402803905,0
2023-01-11 00:00:00,0,-0.05414693428676455,0.014344664612785775,0
2023-01-11 04:00:00,0,0.27621825649051907,0.01520170115926368,0
2023-01-11 08:00:00,0,0.21161520741154782,0.015463285197770878,0
2023-01-11 12:00:00,0,0.8110338682052138,0.015976367549859427,0
2023-01-11 16:00:00,0,0.7888629775300344,0.01567467001861926,0
2023-01-12 00:00:00,0,0.12716387631603238,0.016757046701132313,0
2023-01-12 04:00:00,0,0.011873712246829158,0.017611891468817753,0
2023-01-12 08:00:00,0,0.7428806435301007,0.018337688877545822,0
2023-01-12 12:00:00,0,-0.04610808209477128,0.015802005362548985,0
2023-01-12 16:00:00,0,-0.17477323121293625,0.013956761633539101,0
2023-01-13 00:00:00,0,-0.03616985987913025,0.014319186834595468,0
2023-01-13 04:00:00,0,0.2825049795290287,0.015129404224549947,0
2023-01-13 08:00:00,0,-1.2364229527173698,0.015848194393631155,0
2023-01-13 12:00:00,0,1.2397691179260724,0.015141295310517213,0
2023-01-13 16:00:00,0,0.7486588415941491,0.014694073072547907,0
2023-01-16 00:00:00,0,-0.281169064590362,0.015213222457666013,0
2023-01-16 04:00:00,0,-0.971312621821637,0.015943874592918506,0
2023-01-16 08:00:00,0,0.7767308244947634,0.015773890828643996,0
2023-01-16 12:00:00,0,-0.24897222979976813,0.01601895616059598,0
2023-01-17 00:00:00,0,-0.16873304243767015,0.017077443138260373,0
2023-01-17 04:00:00,0,0.1490560524476159,0.017800051422481453,0
2023-01-17 08:00:00,0,0.11089138250998609,0.018409157557971078,0
2023-01-17 12:00:00,0,0.8028041272499952,0.018993927192542975,0
2023-01-17 16:00:00,0,-0.05746302119016719,0.018178163377540815,0
2023-01-18 00:00:00,0,0.48488523132163314,0.019426217978381892,0
2023-01-18 04:00:00,0,-0.1393750212708737,0.01905812630265037,0
2023-01-18 08:00:00,0,0.7831962195473491,0.019593611205341394,0
2023-01-18 12:00:00,0,-2.2704390682634434,0.019171120599671188,0
2023-01-18 16:00:00,0,-0.32379962408281904,0.016285471110995063,0
2023-01-19 00:00:00,0,0.06368477069173446,0.01715292527941382,0
2023-01-19 04:00:00,0,-0.4411744168379156,0.018004492238930057,0
2023-01-19 08:00:00,0,-0.4255048471512386,0.0182690800109175,0
2023-01-19 12:00:00,0,-0.4560655581432764,0.018096705166096797,0
2023-01-19 16:00:00,0,0.4725396017635061,0.01715575359686786,0
2023-01-20 00:00:00,0,0.00909229779838545,0.0178778487394077,0
2023-01-20 04:00:00,0,-0.2795670997004895,0.018937287893150388,0
2023-01-20 08:00:00,0,0.3571722073167473,0.019139758204417042,0
2023-01-20 12:00:00,0,1.5719163304455037,0.019073363513923376,0
2023-01-20 16:00:00,0,1.7045758156308741,0.01778223717406343,0
2023-01-23 00:00:00,0,0.057656469521750374,0.017401933018494537,0
2023-01-23 04:00:00,0,0.11472525824113004,0.018429769598441167,0
2023-01-23 08:00:00,0,0.21296793373972375,0.018938571015852414,0
2023-01-23 12:00:00,0,3.062204850191323,0.01910771085789693,0
2023-01-23 16:00:00,0,-0.08406851489512991,0.01643306354937087,0
2023-01-24 00:00:00,0,0.04955049405863244,0.01699162948905537,0
2023-01-24 04:00:00,0,-0.3144768242739296,0.017956118076000647,0
2023-01-24 08:00:00,0,-0.6814827838874955,0.018695252595932122,0
2023-01-24 12:00:00,0,0.6228535371489272,0.018759275218611475,0
2023-01-24 16:00:00,0,0.8422335427644091,0.01835379848330115,0
2023-01-25 00:00:00,0,0.1685501318431331,0.016098457630657887,0
2023-01-25 04:00:00,0,-0.42124590217777313,0.016924675609605328,0
2023-01-25 08:00:00,0,-0.8278558196879705,0.017056818124227973,0
2023-01-25 12:00:00,0,0.4963508967122948,0.017022894469088976,0
2023-01-25 16:00:00,0,1.2387885081131411,0.015855874157006906,0
2023-01-26 00:00:00,0,0.31669404601314055,0.015754375638517285,0
2023-01-26 04:00:00,0,-0.15799633922339829,0.016529406174719388,0
2023-01-26 08:00:00,0,0.8545554033313831,0.017115653089424764,0
2023-01-26 12:00:00,0,0.028261635831792437,0.017205004995606794,0
2023-01-26 16:00:00,0,0.6317125314041536,0.016238579408728266,0
2023-01-27 00:00:00,0,0.06685880019975356,0.016667756771442284,0
2023-01-27 04:00:00,0,-0.011307382272280335,0.017622023814156517,0
2023-01-27 08:00:00,0,0.01483301191529411,0.018493434347127885,0
2023-01-27 12:00:00,0,2.1702255641870747,0.019010484996683955,0
2023-01-27 16:00:00,0,-0.026416357109484236,0.017409804661308502,0
2023-01-30 00:00:00,0,-0.23845899028237094,0.017484745786705783,0
2023-01-30 04:00:00,0,-1.094825816517067,0.018176616618181287,0
2023-01-30 08:00:00,0,0.12075472908582428,0.01756294012615185,0
2023-01-30 12:00:00,0,-0.753007434660791,0.018071983643022944,0
2023-01-30 16:00:00,0,-0.3424807613460267,0.016947181725682554,0
2023-01-31 00:00:00,0,-0.7138282631470947,0.01775327269879668,0
2023-01-31 04:00:00,0,-0.14743034457023252,0.017845634964189085,0
2023-01-31 08:00:00,0,0.9911400979227842,0.017997751324388918,0
2023-01-31 12:00:00,0,0.9384111078073407,0.017263152047829286,0
2023-01-31 16:00:00,0,0.3440105176651264,0.016922113236697713,0
2023-02-01 00:00:00,0,0.1575942184331187,0.01763542143618722,0
2023-02-01 04:00:00,0,0.08248194872382177,0.018476203441407466,0
2023-02-01 08:00:00,0,0.21950127149261725,0.0191410682768732,0
2023-02-01 12:00:00,0,-0.1518761950238791,0.019465595206145752,0
2023-02-01 16:00:00,0,4.696254445348494,0.019428156247285056,0
2023-02-02 00:00:00,0,0.06697352691175205,0.015521367997447306,0
2023-02-02 04:00:00,0,0.5690643869286135,0.016208619839677335,0
2023-02-02 08:00:00,0,0.749929941698321,0.016283455058091326,0
2023-02-02 12:00:00,0,1.6954336543658433,0.01620931823205759,0
2023-02-02 16:00:00,0,-1.5350181273786294,0.015411898574247847,0
2023-02-03 00:00:00,0,0.020584337621891047,0.013502806710462539,0
2023-02-03 04:00:00,0,-0.07492684875050123,0.014039413439932124,0
2023-02-03 08:00:00,0,-0.5254251909169784,0.014234831572650954,0
2023-02-03 12:00:00,0,1.0948109016915455,0.013527654076557748,0
2023-02-03 16:00:00,0,-0.8480290054487527,0.012238381715289216,0
2023-02-06 00:00:00,0,-0.1700611091256739,0.012457525194843328,0
2023-02-06 04:00:00,0,-0.6714352275741191,0.012934242041982418,0
2023-02-06 08:00:00,0,0.08902936141047527,0.013097298703890516,0
2023-02-06 12:00:00,0,0.3811897753741311,0.01343948081276861,0
2023-02-06 16:00:00,0,-0.2562254011373589,0.013240440620687514,0
2023-02-07 00:00:00,0,-0.21197380270850927,0.013923396193127262,0
2023-02-07 04:00:00,0,0.21506149763654242,0.014627817234659972,0
2023-02-07 08:00:00,0,-0.3767980955052133,0.014749230361954954,0
2023-02-07 12:00:00,0,2.042316352470777,0.015147257793866683,0
2023-02-07 16:00:00,0,-0.009502709368195094,0.013637617088822291,0
2023-02-08 00:00:00,0,0.3263969248106311,0.012642148432860274,0
2023-02-08 04:00:00,0,-0.37651662287426185,0.013262478569152787,0
2023-02-08 08:00:00,0,-0.2780823149070258,0.013497387754446477,0
2023-02-08 12:00:00,0,-1.076876422954308,0.013871433695295816,0
2023-02-08 16:00:00,0,-0.26541692088309604,0.012851422404340613,0
2023-02-09 00:00:00,0,0.08540383062353864,0.013590512864260294,0
2023-02-09 04:00:00,0,0.9613640258310062,0.014131424502150882,0
2023-02-09 08:00:00,0,0.08002636246424974,0.014247605277768331,0
2023-02-09 12:00:00,0,-1.5440896159226345,0.014762638344364868,0
2023-02-09 16:00:00,0,-0.7651842714758661,0.013556530592084635,0
2023-02-10 00:00:00,0,-0.1442547320171397,0.013452857535076527,0
2023-02-10 04:00:00,0,-0.6305970159990365,0.014038569247746668,0
2023-02-10 08:00:00,0,-0.015279087188279512,0.013952576459570052,0
2023-02-10 12:00:00,0,-0.2568579259686776,0.014259715868538442,0
2023-02-10 16:00:00,0,0.30884061156944276,0.013658808417616538,0
2023-02-13 00:00:00,0,0.1563480077670485,0.0140376681915879,0
2023-02-13 04:00:00,0,0.6045579266396219,0.014759402368939672,0
2023-02-13 08:00:00,0,0.1408094946534517,0.01506026356559414,0
2023-02-13 12:00:00,0,1.4588307567721817,0.015451392237596851,0
2023-02-13 16:00:00,0,0.05777805775445495,0.01467537357026868,0
2023-02-14 00:00:00,0,-0.05801520501007373,0.015693973212063936,0
2023-02-14 04:00:00,0,0.425062236435486,0.01654852542961226,0
2023-02-14 08:00:00,0,-0.44908446182922973,0.01707409844319191,0
2023-02-14 12:00:00,0,0.011960360938960825,0.015526608059956863,0
2023-02-14 16:00:00,0,0.8362443450961968,0.013866819967627116,0
2023-02-15 00:00:00,0,-0.14704771842871603,0.014298375908934968,0
2023-02-15 04:00:00,0,0.14266998592969493,0.014990720099005842,0
2023-02-15 08:00:00,0,0.08077511322521752,0.015491592289589922,0
2023-02-15 12:00:00,0,0.4968423646631767,0.01571870675004288,0
2023-02-15 16:00:00,0,1.0410823743673974,0.015363135493906293,0
2023-02-16 00:00:00,0,0.009554856276912847,0.01581903915362943,0
2023-02-16 04:00:00,0,-0.47081671456511476,0.016732827628913243,0
2023-02-16 08:00:00,0,-1.7777756611783975,0.017211217368882124,0
2023-02-16 12:00:00,0,0.8960506581879525,0.01571495635459205,0
2023-02-16 16:00:00,0,-1.7103727870263368,0.014922607293407473,0
2023-02-17 00:00:00,0,-0.24310151608741729,0.014301711925191238,0
2023-02-17 04:00:00,0,-0.16754464622875273,0.015033132633849056,0
2023-02-17 08:00:00,0,0.0862190345116187,0.015380703894839835,0
2023-02-17 12:00:00,0,-1.0814874364802276,0.01597529711314964,0
2023-02-17 16:00:00,0,0.9738299060207947,0.015247704235567715,0
2023-02-20 00:00:00,0,0.2733904076069397,0.015821872072909037,0
2023-02-20 04:00:00,0,-0.3447736636069763,0.016573941198248555,0
2023-02-20 08:00:00,0,0.39483379795540524,0.01713617952415439,0
2023-02-20 12:00:00,0,-0.3903610627434442,0.017658993156532552,0
2023-02-21 00:00:00,0,-0.008914252249397025,0.0190391401766408,0
2023-02-21 04:00:00,0,-0.7077126700362759,0.02010720477919046,0
2023-02-21 08:00:00,0,-0.6335307948660249,0.01916339179142915,0
2023-02-21 12:00:00,0,-0.8480239503833842,0.01947160793772129,0
2023-02-21 16:00:00,0,-0.6845988612825255,0.018305492412723435,0
2023-02-22 00:00:00,0,-0.006103831228468964,0.019198844251366073,0
2023-02-22 04:00:00,0,-0.17615562772499405,0.020209870115792263,0
2023-02-22 08:00:00,0,0.24448576287628165,0.02012355495764605,0
2023-02-22 12:00:00,0,0.005655565554922493,0.019773795779950698,0
2023-02-22 16:00:00,0,0.4181128465935552,0.018770156563155904,0
2023-02-23 00:00:00,0,-0.10465497124461418,0.018600756413010736,0
2023-02-23 04:00:00,0,-0.09718552436231956,0.019570127653008598,0
2023-02-23 08:00:00,0,0.5264257030050872,0.019653916151969517,0
2023-02-23 12:00:00,0,-1.855302961251546,0.020043935060242705,0
2023-02-23 16:00:00,0,1.240225655122117,0.017338400443617757,0
2023-02-24 00:00:00,0,-0.08758830044057335,0.016775836968969657,0
2023-02-24 04:00:00,0,-0.5773412336063292,0.01775684670587812,0
2023-02-24 08:00:00,0,-1.4649875792099012,0.018084278125573276,0
2023-02-24 12:00:00,0,-0.5916604009684018,0.01689516432483199,0
2023-02-24 16:00:00,0,0.5856411806281854,0.016431054445532268,0
2023-02-27 00:00:00,0,-0.3129309257314704,0.017135622793405744,0
2023-02-27 04:00:00,0,0.570955787882302,0.017872847055486765,0
2023-02-27 08:00:00,0,0.8874967104330426,0.018134201843217436,0
2023-02-27 12:00:00,0,-0.24297179329270382,0.018013184236808522,0
2023-02-27 16:00:00,0,-0.2637605470248476,0.017432408850162708,0
2023-02-28 00:00:00,0,-0.3885627378728375,0.01821872660069126,0
2023-02-28 04:00:00,0,-0.33035229848198133,0.018821651867196657,0
2023-02-28 08:00:00,0,0.43887025837642896,0.018975739895884,0
2023-02-28 12:00:00,0,0.5704948096775941,0.018942228657312845,0
2023-02-28 16:00:00,0,-1.1987323289713288,0.01854847476084639,0
2023-03-01 00:00:00,0,0.3432109825329077,0.017903254146954758,0
2023-03-01 04:00:00,0,0.5405723967645393,0.018650652318144924,0
2023-03-01 08:00:00,0,-0.9772609405903891,0.019173624386116115,0
2023-03-01 12:00:00,0,-0.3761691931483459,0.01867545588230165,0
2023-03-01 16:00:00,0,-0.24722044197261397,0.01757565830328138,0
2023-03-02 00:00:00,0,-0.008255219325738463,0.01698258490820061,0
2023-03-02 04:00:00,0,-0.2610361324792708,0.017685826494344345,0
2023-03-02 08:00:00,0,-0.24119099741007718,0.01788233475978926,0
2023-03-02 12:00:00,0,0.9598097903871553,0.017944578076659643,0
2023-03-02 16:00:00,0,1.4358705052834178,0.0179112034933323,0
2023-03-03 00:00:00,0,0.2096540810623339,0.017457061553880708,0
2023-03-03 04:00:00,0,0.4863427158789733,0.018341805553396234,0
2023-03-03 08:00:00,0,0.7172712132581763,0.01863421671988624,0
2023-03-03 12:00:00,0,1.5241847222602956,0.019065767454673095,0
2023-03-03 16:00:00,0,0.6685897330620467,0.018131468427411063,0
2023-03-06 00:00:00,0,0.3660910317671582,0.01905843026768375,0
2023-03-06 04:00:00,0,-0.4060998355776836,0.019260078826602713,0
2023-03-06 08:00:00,0,0.7095052433095053,0.019684535812296584,0
2023-03-06 12:00:00,0,0.368214045717766,0.019702538796157514,0
2023-03-06 16:00:00,0,-0.9009618566235905,0.018851955387916623,0
2023-03-07 00:00:00,0,-0.051059623065323106,0.019282705505801953,0
2023-03-07 04:00:00,0,-0.07922477508119335,0.020336058138342217,0
2023-03-07 08:00:00,0,-0.0553021175681253,0.020866702145563347,0
2023-03-07 12:00:00,0,-1.1707643833462071,0.021814607252243916,0
2023-03-07 16:00:00,0,-1.0251242368307762,0.019622440937284265,0
2023-03-08 00:00:00,0,-0.14462724488083534,0.019701258948949297,0
2023-03-08 04:00:00,0,0.33768026474743473,0.020456242104926522,0
2023-03-08 08:00:00,0,-0.0800907391153601,0.021122757349823183,0
2023-03-08 12:00:00,0,0.19813136589914093,0.0211918069936461,0
2023-03-08 16:00:00,0,0.5588618456389431,0.019906269915619345,0
2023-03-09 00:00:00,0,0.33677861725372815,0.019950603053967838,0
2023-03-09 04:00:00,0,-0.8448926457946335,0.02080627468925812,0
2023-03-09 08:00:00,0,1.3920005797189299,0.0207160587591675,0
2023-03-09 12:00:00,0,-0.29009527620042636,0.020059376121933994,0
2023-03-09 16:00:00,0,-2.7035496397445953,0.019066814640974827,0
2023-03-10 00:00:00,0,-0.15201854420994707,0.016574939955559493,0
2023-03-10 04:00:00,0,0.5325678883824271,0.01717373206955856,0
2023-03-10 08:00:00,0,0.7900784150196847,0.017100129687484013,0
2023-03-10 12:00:00,0,-1.7528955452249733,0.016125185151818055,0
2023-03-10 16:00:00,0,-0.08149768433795035,0.014564801484037859,0
2023-03-13 00:00:00,0,0.5500386549336288,0.013796562190719223,0
2023-03-13 04:00:00,0,-1.0593783339593428,0.013797367047154523,0
2023-03-13 08:00:00,0,-1.254421352968916,0.013166966930849563,0
2023-03-13 12:00:00,0,1.4920437486303402,0.011632430724102529,0
2023-03-13 16:00:00,0,-0.19572529348482462,0.01043876499783416,0
2023-03-14 00:00:00,0,0.1596896166513355,0.01080539458704066,0
2023-03-14 04:00:00,0,0.07535056560481539,0.011290763512545854,0
2023-03-14 08:00:00,0,0.4684273425590347,0.011696297525719936,0
2023-03-14 12:00:00,0,0.9966914947228893,0.01151578283974358,0
2023-03-14 16:00:00,0,0.10017709589587206,0.011387558323309519,0
2023-03-15 00:00:00,0,0.17614138639370794,0.011893171418358845,0
2023-03-15 04:00:00,0,-0.1470672670765409,0.012448110273520385,0
2023-03-15 08:00:00,0,-1.4488934244024712,0.013016257278356345,0
2023-03-15 12:00:00,0,0.36082496289578664,0.012022860602563877,0
2023-03-15 16:00:00,0,1.465827580120154,0.011720526192924083,0
2023-03-16 00:00:00,0,-0.03515428086777624,0.01185499102963839,0
2023-03-16 04:00:00,0,-0.23101016740005936,0.01242087292071436,0
2023-03-16 08:00:00,0,-0.3296421063631778,0.012823785588442637,0
2023-03-16 12:00:00,0,2.398970692414191,0.013139476037552075,0
2023-03-16 16:00:00,0,0.26385017610505335,0.011771724950341426,0
2023-03-17 00:00:00,0,0.24061460673423724,0.012705686700124773,0
2023-03-17 04:00:00,0,-0.09629624323069325,0.013425836388418924,0
2023-03-17 08:00:00,0,-0.39802782644175616,0.013990234164480123,0
2023-03-17 12:00:00,0,-0.3704015920887181,0.014227657564481118,0
2023-03-17 16:00:00,0,0.0837088381025032,0.013155334492145787,0
2023-03-20 00:00:00,0,-0.4459212634897766,0.013420834412248665,0
2023-03-20 04:00:00,0,-0.3336635686756946,0.013740710494989334,0
2023-03-20 08:00:00,0,0.45419724006126505,0.013502746014452949,0
2023-03-20 12:00:00,0,-0.2976323587320348,0.013852132616519651,0
2023-03-20 16:00:00,0,0.5125369248774121,0.013404985206249356,0
2023-03-21 00:00:00,0,-0.06166273778626499,0.014400279367096902,0
2023-03-21 04:00:00,0,0.12975655761634322,0.015155429974295026,0
2023-03-21 08:00:00,0,0.5121010866254787,0.015767465651624638,0
2023-03-21 12:00:00,0,0.14255863645883443,0.01588902083255999,0
2023-03-21 16:00:00,0,0.9086010324184487,0.015676436244609696,0
2023-03-22 00:00:00,0,0.14471922836655002,0.01654180025433731,0
2023-03-22 04:00:00,0,-0.6808108653319299,0.01752785703926152,0
2023-03-22 08:00:00,0,0.39140004832571557,0.01771863584149552,0
2023-03-22 12:00:00,0,0.41356784181043366,0.018275957803105036,0
2023-03-22 16:00:00,0,-2.160339213936173,0.018283514915970835,0
2023-03-23 00:00:00,0,0.4543254079226215,0.015212802925139431,0
2023-03-23 04:00:00,0,0.6736767716114593,0.015808470678389107,0
2023-03-23 08:00:00,0,-0.18887010003702753,0.015998931207254784,0
2023-03-23 12:00:00,0,1.3480202038476146,0.016550483848087917,0
2023-03-23 16:00:00,0,-0.8083612060763166,0.015331815247988087,0
2023-03-24 00:00:00,0,0.013256397240889775,0.014626260289242781,0
2023-03-24 04:00:00,0,0.004606987497954386,0.015250363288878653,0
2023-03-24 08:00:00,0,-0.4487587434098329,0.015365018205987315,0
2023-03-24 12:00:00,0,-0.04966086766397025,0.015160754541532042,0
2023-03-24 16:00:00,0,1.0754993841161833,0.014984645032099179,0
2023-03-27 00:00:00,0,0.22025490546706458,0.015352868343352335,0
2023-03-27 04:00:00,0,-0.3387673724890923,0.01593547786847531,0
2023-03-27 08:00:00,0,0.04939889388550315,0.015649971611462764,0
2023-03-27 12:00:00,0,-1.2407047066927517,0.01615884884100883,0
2023-03-27 16:00:00,0,0.22681982363779615,0.014988424113199577,0
2023-03-28 00:00:00,0,-0.10168631837358634,0.015975302239182965,0
2023-03-28 04:00:00,0,-0.3698428733966489,0.016799024686589878,0
2023-03-28 08:00:00,0,0.05670900009353906,0.016956526918686956,0
2023-03-28 12:00:00,0,-1.0060745552349266,0.0176627975173889,0
2023-03-28 16:00:00,0,0.7290697265290919,0.01705382396793591,0
2023-03-29 00:00:00,0,0.08849999668488652,0.017663346304777314,0
2023-03-29 04:00:00,0,0.6054639173174138,0.01859321436000363,0
2023-03-29 08:00:00,0,0.17697976003126864,0.01889817618416965,0
2023-03-29 12:00:00,0,0.5441230816040166,0.019840494372404656,0
2023-03-29 16:00:00,0,0.7407489779626416,0.01995356200205992,0
2023-03-30 00:00:00,0,0.1137844433246211,0.020531384000365614,0
2023-03-30 04:00:00,0,0.5004269686493741,0.021595179845610855,0
2023-03-30 08:00:00,0,0.7341424057129863,0.022200081621330855,0
2023-03-30 12:00:00,0,-0.013302967927073773,0.022373410355470545,0
2023-03-30 16:00:00,0,0.4952508852978373,0.022154315864920195,0
2023-03-31 00:00:00,0,-0.05924985420016523,0.022283448610515146,0
2023-03-31 04:00:00,0,-0.700644265669976,0.023431221258024968,0
2023-03-31 08:00:00,0,0.24481858745645152,0.02373271734634786,0
2023-03-31 12:00:00,0,1.8410666687544475,0.023804328419912663,0
2023-03-31 16:00:00,0,1.0070850436463274,0.022049907514382235,0
2023-04-03 00:00:00,0,0.06699126500170483,0.021156331217497555,0
2023-04-03 04:00:00,0,-0.3026481413585377,0.02204101759324802,0
2023-04-03 08:00:00,0,0.05002456424908971,0.02271708492726732,0
2023-04-03 12:00:00,0,-0.5330381410300694,0.023243910481599715,0
2023-04-03 16:00:00,0,1.1557945980739859,0.022289826503455686,0
2023-04-04 00:00:00,0,0.0,0.022607143187827725,0
2023-04-04 04:00:00,0,0.23029925140211613,0.023496807289914594,0
2023-04-04 08:00:00,0,0.5268044853225098,0.02438179120480941,0
2023-04-04 12:00:00,0,-1.1813018911790107,0.024140260515619,0
2023-04-04 16:00:00,0,0.15233024154318733,0.022386444271430266,0
2023-04-05 00:00:00,0,-0.19305075665545288,0.0235095948088829,0
2023-04-05 04:00:00,0,-0.4690451162246162,0.024561910132622954,0
2023-04-05 08:00:00,0,0.20848446137543467,0.024882102280266136,0
2023-04-05 12:00:00,0,-2.6848636177077605,0.025348214374495918,0
2023-04-05 16:00:00,0,0.6546334903038654,0.021863967124679713,0
2023-04-06 00:00:00,0,-0.2200078053765708,0.022749200093479048,0
2023-04-06 04:00:00,0,0.3617865629768896,0.023847834578944727,0
2023-04-06 08:00:00,0,-0.46647235580358326,0.02411912704015301,0
2023-04-06 12:00:00,0,1.5565044662396368,0.023635277802545984,0
2023-04-06 16:00:00,0,0.40916457619815594,0.020951372123898596,0
2023-04-07 00:00:00,0,0.014418801950114067,0.022242837115162773,0
2023-04-07 04:00:00,0,0.17080998633188085,0.02367297606610879,0
2023-04-07 08:00:00,0,-0.08441026873602892,0.02492936503482292,0
2023-04-07 12:00:00,0,0.24184086713066055,0.02490050399570841,0
2023-04-10 00:00:00,0,-0.11628463575500846,0.02627506313800446,0
2023-04-10 04:00:00,0,0.1044701062936431,0.027661545218404904,0
2023-04-10 08:00:00,0,-1.3734196842346997,0.028509568593410608,0
2023-04-10 12:00:00,0,0.827321496284366,0.026724732301131714,0
2023-04-10 16:00:00,0,0.7557828470306401,0.024418810110513896,0
2023-04-11 00:00:00,0,-0.2306624551290832,0.025495865813270933,0
2023-04-11 04:00:00,0,0.6767587459833945,0.026577406576860543,0
2023-04-11 08:00:00,0,-0.8417625605535956,0.027223326147145212,0
2023-04-11 12:00:00,0,-0.6108479228854586,0.026500599224824985,0
2023-04-11 16:00:00,0,-0.23304260473288854,0.025141761142206672,0
2023-04-12 00:00:00,0,-0.13639621307629796,0.026302562895784882,0
2023-04-12 04:00:00,0,0.02856122271345536,0.02753121929699771,0
2023-04-12 08:00:00,0,1.6018002690330162,0.027819296462482525,0
2023-04-12 12:00:00,0,-1.2856007532724802,0.024303705801767505,0
2023-04-12 16:00:00,0,-1.6099104827527966,0.020994390008972037,0
2023-04-13 00:00:00,0,0.18893902292329406,0.020064910861454874,0
2023-04-13 04:00:00,0,0.012600546043210785,0.021089590604353965,0
2023-04-13 08:00:00,0,0.6510788209145348,0.021728976679343936,0
2023-04-13 12:00:00,0,1.5610233365265636,0.02176996343643189,0
2023-04-13 16:00:00,0,0.40917032615740684,0.02052787339523717,0
2023-04-14 00:00:00,0,-0.1551466871467038,0.021141620248680625,0
2023-04-14 04:00:00,0,-0.16410562977594761,0.022341108992167638,0
2023-04-14 08:00:00,0,-0.8222850981929384,0.023160028111147996,0
2023-04-14 12:00:00,0,-0.6959842351324889,0.022835111523244165,0
2023-04-14 16:00:00,0,1.5504427828683343,0.02031402295867516,0
2023-04-17 00:00:00,0,0.04147046929830864,0.020156703709228597,0
2023-04-17 04:00:00,0,0.0879478687109087,0.02138208635523852,0
2023-04-17 08:00:00,0,-0.15278251223481545,0.022124820943199272,0
2023-04-17 12:00:00,0,-0.8723693816175152,0.022769578921911657,0
2023-04-17 16:00:00,0,0.8896745505457622,0.021536037369996593,0
2023-04-18 00:00:00,0,-0.06249134767308077,0.022363104097083447,0
2023-04-18 04:00:00,0,1.052488680621888,0.023527075864634615,0
2023-04-18 08:00:00,0,0.6170905029652355,0.023352267009806985,0
2023-04-18 12:00:00,0,-1.5235724609823371,0.02370328467159738,0
2023-04-18 16:00:00,0,0.13444866727525626,0.02200025442118294,0
2023-04-19 00:00:00,0,-0.20544678303879965,0.023687757378047868,0
2023-04-19 04:00:00,0,-0.7320071457300932,0.024836210782790923,0
2023-04-19 08:00:00,0,-0.5230671542901411,0.024739586724586846,0
2023-04-19 12:00:00,0,1.6485775795035216,0.025129086090499533,0
2023-04-19 16:00:00,0,-0.3161774615778351,0.02375226052323369,0
2023-04-20 00:00:00,0,-0.11505174314587538,0.02439610296682406,0
2023-04-20 04:00:00,0,-1.4673269434465845,0.02539986627344545,0
2023-04-20 08:00:00,0,0.48698261874979265,0.02406825233455232,0
2023-04-20 12:00:00,0,1.498437917207716,0.02470737420769873,0
2023-04-20 16:00:00,0,-1.1096998692431608,0.023462661870401576,0
2023-04-21 00:00:00,0,-0.3091314785342889,0.02224722617989812,0
2023-04-21 04:00:00,0,0.024091316156169284,0.023262688418606875,0
2023-04-21 08:00:00,0,-0.403858109702558,0.02371202054709966,0
2023-04-21 12:00:00,0,0.22126397698704867,0.023332172786198518,0
2023-04-21 16:00:00,0,0.03461130393396597,0.022476061530091265,0
2023-04-24 00:00:00,0,-0.16195050787307796,0.023743477907655276,0
2023-04-24 04:00:00,0,-0.15902564392923385,0.024919875413395916,0
2023-04-24 08:00:00,0,0.9037407358395422,0.025851520524686807,0
2023-04-24 12:00:00,0,-1.2386508705151835,0.025834308960387915,0
2023-04-24 16:00:00,0,0.5120936500776572,0.023174169612361104,0
2023-04-25 00:00:00,0,-0.44683567720922357,0.024656139533134256,0
2023-04-25 04:00:00,0,-0.24078190884234302,0.025280870715905235,0
2023-04-25 08:00:00,0,0.07558570493934182,0.025385247046939036,0
2023-04-25 12:00:00,0,-1.4427049387976993,0.026316041397895527,0
2023-04-25 16:00:00,0,0.18405018494970507,0.02437182128349428,0
2023-04-26 00:00:00,0,-0.13208050160060691,0.022719738347776887,0
2023-04-26 04:00:00,0,0.017653537493289385,0.02367815668436435,0
2023-04-26 08:00:00,0,-0.36013504236624944,0.02412966690370408,0
2023-04-26 12:00:00,0,0.08303235554301765,0.02355588480351028,0
2023-04-26 16:00:00,0,0.055950289962111044,0.022574563270173282,0
2023-04-27 00:00:00,0,0.3553280965042331,0.022889517552275307,0
2023-04-27 04:00:00,0,0.2656905349199481,0.023774363934806364,0
2023-04-27 08:00:00,0,0.43099215048226547,0.024270344789596665,0
2023-04-27 12:00:00,0,2.215426420569504,0.024135273290130592,0
2023-04-27 16:00:00,0,1.1309835615681558,0.022290581166439012,0
2023-04-28 00:00:00,0,-0.012195485687327891,0.020824322304666954,0
2023-04-28 04:00:00,0,-0.2406787104703562,0.021613083766003637,0
2023-04-28 08:00:00,0,0.23145310714581876,0.02193848505796836,0
2023-04-28 12:00:00,0,1.0230006981320898,0.022458124449112674,0
2023-04-28 16:00:00,0,0.4991352821135167,0.021679975212408314,0
2023-05-01 00:00:00,0,0.2252505953649219,0.022832225343774992,0
2023-05-01 04:00:00,0,-0.26135550382181527,0.023701535638562733,0
2023-05-01 08:00:00,0,-0.10552169065764504,0.023743348743885333,0
2023-05-01 12:00:00,0,0.6118425300738367,0.02432792763232619,0
2023-05-01 16:00:00,0,-0.8066927582434988,0.023898477385017814,0
2023-05-02 00:00:00,0,0.31564584629770703,0.0246650413834013,0
2023-05-02 04:00:00,0,0.04479132661147964,0.025691386612176383,0
2023-05-02 08:00:00,0,-0.05013182957728536,0.026538436885444956,0
2023-05-02 12:00:00,0,-1.9501085427905036,0.027235820939997206,0
2023-05-02 16:00:00,0,-0.048740307605685144,0.023396030558511006,0
2023-05-03 00:00:00,0,-0.05043986935421946,0.024593557822389613,0
2023-05-03 04:00:00,0,0.26315105733146127,0.025897036840097542,0
2023-05-03 08:00:00,0,-0.05507611898415515,0.026882441080796047,0
2023-05-03 12:00:00,0,0.363816366494315,0.027766409651921304,0
2023-05-03 16:00:00,0,-2.257979794090794,0.027717745757769703,0
2023-05-04 00:00:00,0,0.7176518781128274,0.023111199087841837,0
2023-05-04 04:00:00,0,-0.36079034583207237,0.023372076661819778,0
2023-05-04 08:00:00,0,-0.7450571990290515,0.023390140511921998,0
2023-05-04 12:00:00,0,0.17062284437549788,0.02310325271717898,0
2023-05-04 16:00:00,0,-0.6551396906231455,0.022419629074898615,0
2023-05-05 00:00:00,0,-0.01297301665968022,0.021998772448603914,0
2023-05-05 04:00:00,0,-0.003426873915445065,0.023242693512751326,0
2023-05-05 08:00:00,0,0.08526706810042145,0.024102058013308173,0
2023-05-05 12:00:00,0,2.2302442941614298,0.024127867350244664,0
2023-05-05 16:00:00,0,0.5064526399629472,0.022271361674066372,0
2023-05-08 00:00:00,0,0.09001141071561769,0.022972655072291417,0
2023-05-08 04:00:00,0,-0.10889498918419839,0.023896682154245282,0
2023-05-08 08:00:00,0,-0.1044611602027331,0.02480668286466165,0
2023-05-08 12:00:00,0,0.47801695328476285,0.025662394608892834,0
2023-05-08 16:00:00,0,0.08804055452095533,0.025536180907232316,0
2023-05-09 00:00:00,0,0.17851845984060563,0.026798289162494132,0
2023-05-09 04:00:00,0,-0.7455653677382108,0.028251361241630708,0
2023-05-09 08:00:00,0,-0.3240238499367749,0.02821666016776187,0
2023-05-09 12:00:00,0,0.16150237624657351,0.02922690526987575,0
2023-05-09 16:00:00,0,-0.4153138173522008,0.029246186459302364,0
2023-05-10 00:00:00,0,-0.0805208774940139,0.03075646981186478,0
2023-05-10 04:00:00,0,-0.7720367024421887,0.032310698601039675,0
2023-05-10 08:00:00,0,2.7007390051446665,0.030970606313658968,0
2023-05-10 12:00:00,0,-0.8154505552041995,0.027383626729599826,0
2023-05-10 16:00:00,0,1.136604249101999,0.02527437478318356,0
2023-05-11 00:00:00,0,-0.006798271616709722,0.023651594848091047,0
2023-05-11 04:00:00,0,0.21143031045088517,0.024948146985910535,0
2023-05-11 08:00:00,0,-0.19408513021183643,0.025689493202065854,0
2023-05-11 12:00:00,0,0.23737731948355162,0.025825840720548016,0
2023-05-11 16:00:00,0,-0.058958284961649295,0.025043164065031903,0
2023-05-12 00:00:00,0,0.15094704186567792,0.02571312414154087,0
2023-05-12 04:00:00,0,-0.10841456532377636,0.0270455769752706,0
2023-05-12 08:00:00,0,-0.29718713885122294,0.028025963632384653,0
2023-05-12 12:00:00,0,-2.291803757847929,0.028772849712192926,0
2023-05-12 16:00:00,0,0.6274720206475484,0.0252193772442991,0
2023-05-15 00:00:00,0,0.5770752326256002,0.025804027435748656,0
2023-05-15 04:00:00,0,0.48249722327619465,0.02661056731566746,0
2023-05-15 08:00:00,0,-0.07818528980613562,0.027193406412074052,0
2023-05-15 12:00:00,0,0.4658966626312477,0.028206260347241916,0
2023-05-15 16:00:00,0,0.16803632269842333,0.026996601849397804,0
2023-05-16 00:00:00,0,-0.1360807003067398,0.028760716957917883,0
2023-05-16 04:00:00,0,0.3184105061216295,0.030432908170479923,0
2023-05-16 08:00:00,0,-0.6897468313849898,0.030628142238920478,0
2023-05-16 12:00:00,0,2.0076049525433444,0.030778732901836144,0
2023-05-16 16:00:00,0,-0.7267402396191573,0.028520422608901457,0
2023-05-17 00:00:00,0,0.20134815273048284,0.029359478271622254,0
2023-05-17 04:00:00,0,-0.14983983656953637,0.030849403534607012,0
2023-05-17 08:00:00,0,0.23182337132291944,0.031212812201742438,0
2023-05-17 12:00:00,0,1.5655626525545934,0.03224196750977554,0
2023-05-17 16:00:00,0,0.5922670280712415,0.029192915881934366,0
2023-05-18 00:00:00,0,0.23078611090399265,0.030775739124922864,0
2023-05-18 04:00:00,0,0.3580174910283349,0.03206850475641432,0
2023-05-18 08:00:00,0,-0.46117804803893997,0.032627692069198966,0
2023-05-18 12:00:00,0,2.8340537154587224,0.03296965095963953,0
2023-05-18 16:00:00,0,1.8096353439777604,0.027155277144380548,0
2023-05-19 00:00:00,0,-0.0982105307978056,0.02532261675454942,0
2023-05-19 04:00:00,0,0.029322955798025276,0.02645745786575373,0
2023-05-19 08:00:00,0,-0.1918970988195545,0.0271494077336796,0
2023-05-19 12:00:00,0,-0.9711499621367091,0.027620796484168358,0
2023-05-19 16:00:00,0,-0.16677374700603723,0.026246346101359334,0
2023-05-22 00:00:00,0,0.25030005472651085,0.026464736775922437,0
2023-05-22 04:00:00,0,-0.18471628274959287,0.027673114233464073,0
2023-05-22 08:00:00,0,-0.10900368520079695,0.029011956001309847,0
2023-05-22 12:00:00,0,0.6872446517247041,0.02961036603181874,0
2023-05-22 16:00:00,0,0.2844352004157379,0.02832905835206453,0
2023-05-23 00:00:00,0,-0.2870377475397747,0.028810006586107908,0
2023-05-23 04:00:00,0,-0.3050791449117027,0.028970584041837315,0
2023-05-23 08:00:00,0,-1.0999596830231795,0.029751776289542786,0
2023-05-23 12:00:00,0,-0.7254690097924396,0.029140373010794633,0
2023-05-23 16:00:00,0,-0.9499816477055493,0.027881165789346997,0
2023-05-24 00:00:00,0,-0.0015575250152641943,0.027770803411591903,0
2023-05-24 04:00:00,0,-0.4919774320307586,0.029062429149637782,0
2023-05-24 08:00:00,0,-1.2167157840209424,0.02887920594706946,0
2023-05-24 12:00:00,0,-0.6828613212265722,0.027892078669039075,0
2023-05-24 16:00:00,0,3.548633768017855,0.02648965825530582,0
2023-05-25 00:00:00,0,-0.21658425910216567,0.02221641205738385,0
2023-05-25 04:00:00,0,0.6590220052919576,0.023066202480720197,0
2023-05-25 08:00:00,0,1.0341439731235658,0.023563735129724067,0
2023-05-25 12:00:00,0,0.11000944842232685,0.023444675815832098,0
2023-05-25 16:00:00,0,0.080091818090656,0.021994426349350536,0
2023-05-26 00:00:00,0,-0.18985037489703968,0.022915722749848075,0
2023-05-26 04:00:00,0,0.44887291427041076,0.023573778577240467,0
2023-05-26 08:00:00,0,0.48677472827301316,0.024224623975566427,0
2023-05-26 12:00:00,0,3.8919346922651825,0.024186893384308246,0
2023-05-26 16:00:00,0,0.4893892442403744,0.02018640524270707,0
2023-05-29 00:00:00,0,-0.1107599541932391,0.020694521918545858,0
2023-05-29 04:00:00,0,0.04059257054536318,0.021665089840107316,0
2023-05-29 08:00:00,0,-0.2975512824098354,0.02244165179243719,0
2023-05-29 12:00:00,0,0.38552960179106427,0.02303585650833326,0
2023-05-30 00:00:00,0,0.07694398121657124,0.024989354041122062,0
2023-05-30 04:00:00,0,1.0927194135249985,0.02637255734568236,0
2023-05-30 08:00:00,0,0.7492577598212234,0.025795011742135637,0
2023-05-30 12:00:00,0,-1.0828044446971254,0.025237679435063547,0
2023-05-30 16:00:00,0,-0.5374398685357588,0.023071616451593082,0
2023-05-31 00:00:00,0,-0.5523046002946628,0.023234913594749006,0
2023-05-31 04:00:00,0,-0.09268708687330848,0.02383667321481305,0
2023-05-31 08:00:00,0,-0.5762265800518166,0.02465380214363603,0
2023-05-31 12:00:00,0,-0.5594838768878769,0.02474785123865619,0
2023-05-31 16:00:00,0,0.09303335877287791,0.02283719069882975,0
2023-06-01 00:00:00,0,0.037950266390247116,0.02344341644852382,0
2023-06-01 04:00:00,0,0.3143163563273171,0.023322789438973476,0
2023-06-01 08:00:00,0,-0.16526214070667763,0.024054878351529634,0
2023-06-01 12:00:00,0,2.1726952457165676,0.024347373968264932,0
2023-06-01 16:00:00,0,0.3779026673304206,0.02178156441246062,0
2023-06-02 00:00:00,0,0.3331248089337846,0.022993651970182175,0
2023-06-02 04:00:00,0,0.24545807562818153,0.023898064252495587,0
2023-06-02 08:00:00,0,-0.22789920689808663,0.02496393044405181,0
2023-06-02 12:00:00,0,1.1108366686281006,0.025077035295940305,0
2023-06-02 16:00:00,0,-0.09344346207085787,0.023434787435103847,0
2023-06-05 00:00:00,0,-0.023628971154659527,0.024087255017553245,0
2023-06-05 04:00:00,0,0.2677567630688654,0.025200698307863274,0
2023-06-05 08:00:00,0,0.2257683418579939,0.025697412293901892,0
2023-06-05 12:00:00,0,1.7876761349325467,0.026623060679359656,0
2023-06-05 16:00:00,0,-1.4110658305985524,0.025258635330469358,0
2023-06-06 00:00:00,0,0.18204758511289162,0.02461950885680313,0
2023-06-06 04:00:00,0,-0.07290818276186839,0.02580916593597426,0
2023-06-06 08:00:00,0,-0.16945676928567205,0.02639813089177004,0
2023-06-06 12:00:00,0,-0.5753354648858817,0.027519676629505496,0
2023-06-06 16:00:00,0,0.8538261354943623,0.026102519658081844,0
2023-06-07 00:00:00,0,-0.16303568263525806,0.02744908107334987,0
2023-06-07 04:00:00,0,-0.3680796688469416,0.028713808634348054,0
2023-06-07 08:00:00,0,0.6405784914694036,0.02921743666649714,0
2023-06-07 12:00:00,0,-3.2185390430261664,0.029298983823389597,0
2023-06-07 16:00:00,0,-0.9106349597632863,0.022967604572721522,0
2023-06-08 00:00:00,0,-0.7960867541601275,0.023472440922256168,0
2023-06-08 04:00:00,0,0.6523720236712768,0.023407369394793095,0
2023-06-08 08:00:00,0,0.4334148168995579,0.023533351891976913,0
2023-06-08 12:00:00,0,1.563785046086857,0.0235407142657396,0
2023-06-08 16:00:00,0,0.4538682708380281,0.02150393691171096,0
2023-06-09 00:00:00,0,0.0029403551510522727,0.022134155575255388,0
2023-06-09 04:00:00,0,0.17083262882742065,0.023392746848161144,0
2023-06-09 08:00:00,0,0.6453652190612867,0.02411510139616762,0
2023-06-09 12:00:00,0,0.016719741046937898,0.024312844229792584,0
2023-06-09 16:00:00,0,0.14396998227121327,0.022137794660172468,0
2023-06-12 00:00:00,0,-0.127208972511389,0.022973036865582924,0
2023-06-12 04:00:00,0,0.706999895098715,0.024192749357724377,0
2023-06-12 08:00:00,0,-0.022710924015137947,0.024692312596088613,0
2023-06-12 12:00:00,0,0.45394359497274095,0.025357524044916632,0
2023-06-12 16:00:00,0,2.10578481746867,0.02504033653032791,0
2023-06-13 00:00:00,0,0.6231743925095,0.024419293932570623,0
2023-06-13 04:00:00,0,0.33001874318500546,0.02499024340088604,0
2023-06-13 08:00:00,0,0.5127312753269103,0.025821292499199736,0
2023-06-13 12:00:00,0,-0.14230170873030432,0.024547685533040663,0
2023-06-13 16:00:00,0,0.06215539132135801,0.022333674965980467,0
2023-06-14 00:00:00,0,0.11956360781661339,0.023186437537522277,0
2023-06-14 04:00:00,0,0.3615405683534427,0.024546378547304844,0
2023-06-14 08:00:00,0,-0.30360270588773924,0.024878545577868665,0
2023-06-14 12:00:00,0,0.9474580207995392,0.025651143679566567,0
2023-06-14 16:00:00,0,0.6787332141737418,0.023890440316164586,0
2023-06-15 00:00:00,0,-0.19800860863978303,0.021790942456737603,0
2023-06-15 04:00:00,0,-0.7689836646335744,0.02250809464269465,0
2023-06-15 08:00:00,0,-0.026605774608414023,0.022481202787661143,0
2023-06-15 12:00:00,0,2.043710545301691,0.022762741023960874,0
2023-06-15 16:00:00,0,0.705415076009667,0.02091747414042604,0
2023-06-16 00:00:00,0,0.12448665211077811,0.020450520907129514,0
2023-06-16 04:00:00,0,0.5647444345863428,0.021352422908337273,0
2023-06-16 08:00:00,0,0.3829452967113812,0.021738851346461176,0
2023-06-16 12:00:00,0,-0.34724802133147165,0.022088207635811114,0
2023-06-16 16:00:00,0,-1.100814751351091,0.02100147335927591,0
2023-06-19 00:00:00,0,-0.10261435329733329,0.020662733305325733,0
2023-06-19 04:00:00,0,-0.00551252697129409,0.021638024441973557,0
2023-06-19 08:00:00,0,-0.14774514372995326,0.022294888555112802,0
2023-06-19 12:00:00,0,-0.18513836562830271,0.023037608147869353,0
2023-06-20 00:00:00,0,-0.2423517169051811,0.02532400298650425,0
2023-06-20 04:00:00,0,-0.666927587293731,0.02641778549645594,0
2023-06-20 08:00:00,0,0.948516921466805,0.02618906944999313,0
2023-06-20 12:00:00,0,0.04345248282525898,0.026218923867959588,0
2023-06-20 16:00:00,0,-0.14720821057490185,0.023752603851863237,0
2023-06-21 00:00:00,0,-0.08059167378254448,0.025301629899496848,0
2023-06-21 04:00:00,0,-0.18649963880949563,0.026596579403654126,0
2023-06-21 08:00:00,0,-0.6285543312356986,0.02718468001695531,0
2023-06-21 12:00:00,0,-1.9407032482927613,0.027058827642904015,0
2023-06-21 16:00:00,0,-0.24673471230094068,0.023454722372620262,0
2023-06-22 00:00:00,0,-0.28064861868849317,0.023833838732045157,0
2023-06-22 04:00:00,0,-0.27063180791619584,0.024861786637390554,0
2023-06-22 08:00:00,0,-0.033155696846043484,0.025565071336386594,0
2023-06-22 12:00:00,0,1.8320131006758933,0.026083516161031977,0
2023-06-22 16:00:00,0,1.2286575667209776,0.023072634270891776,0
2023-06-23 00:00:00,0,-0.803117198762692,0.022957142045870755,0
2023-06-23 04:00:00,0,-0.4370115729708401,0.022961893270752074,0
2023-06-23 08:00:00,0,-0.6910270335920035,0.02289108569787168,0
2023-06-23 12:00:00,0,0.8975917421105245,0.02203280349954881,0
2023-06-23 16:00:00,0,-0.735400629978394,0.02124665483186338,0
2023-06-26 00:00:00,0,0.024686403426889433,0.02130506007935594,0
2023-06-26 04:00:00,0,-0.98422721387979,0.022225146363887432,0
2023-06-26 08:00:00,0,0.5583267812389789,0.0219247159583624,0
2023-06-26 12:00:00,0,-1.6722518065174194,0.022505132819080575,0
2023-06-26 16:00:00,0,-0.4269721803419656,0.01929231682153283,0
2023-06-27 00:00:00,0,0.052964661625695644,0.020279035297903456,0
2023-06-27 04:00:00,0,0.2978924132379924,0.021341972690835577,0
2023-06-27 08:00:00,0,0.06924545097430694,0.022142594471266812,0
2023-06-27 12:00:00,0,1.6734493317639283,0.022924677871019705,0
2023-06-27 16:00:00,0,0.3770363215696122,0.021381874775331062,0
2023-06-28 00:00:00,0,0.09744494719421581,0.021823214944227478,0
2023-06-28 04:00:00,0,-0.25706710184325643,0.02288609791607761,0
2023-06-28 08:00:00,0,0.12441935097034448,0.023495297720831258,0
2023-06-28 12:00:00,0,0.5376220240259092,0.023828813416374814,0
2023-06-28 16:00:00,0,0.8064009072645764,0.021769997493256074,0
2023-06-29 00:00:00,0,-0.3408992994307234,0.022556247799769998,0
2023-06-29 04:00:00,0,0.11689641615152821,0.023386958605425393,0
2023-06-29 08:00:00,0,-0.22679358785854772,0.024101682188116456,0
2023-06-29 12:00:00,0,-0.6400715870745844,0.0242274017888862,0
2023-06-29 16:00:00,0,0.25086226057772937,0.02338016939479645,0
2023-06-30 00:00:00,0,0.23475951831682002,0.024698316121585375,0
2023-06-30 04:00:00,0,0.4857899992501244,0.025775525285382583,0
2023-06-30 08:00:00,0,0.9049203226228453,0.026529898777161866,0
2023-06-30 12:00:00,0,1.5512777012798962,0.02607199173577113,0
2023-06-30 16:00:00,0,-0.47499730069690155,0.02470826718280185,0
2023-07-03 00:00:00,0,0.23111666939256398,0.02573029725894903,0
2023-07-03 04:00:00,0,0.3755158142312214,0.027024227187090834,0
2023-07-03 08:00:00,0,-0.38601147196170427,0.027678812149189307,0
2023-07-03 12:00:00,0,0.1428345698177854,0.028250848610421996,0
2023-07-03 16:00:00,0,-0.08685482469440332,0.027936497383586206,0
2023-07-04 00:00:00,0,0.10237620316290032,0.03113250053151778,0
2023-07-04 04:00:00,0,-0.07026101012656771,0.03268029264440279,0
2023-07-04 08:00:00,0,0.21610019640110362,0.03418460289252209,0
2023-07-04 12:00:00,0,-0.2503911497509941,0.036006741111705806,0
2023-07-05 00:00:00,0,-0.01480596580447499,0.039009233679224035,0
2023-07-05 04:00:00,0,-0.8889625482038256,0.04093558306411225,0
2023-07-05 08:00:00,0,-0.2332129918264223,0.04011791307507933,0
2023-07-05 12:00:00,0,1.57182282645689,0.0401381172473089,0
2023-07-05 16:00:00,0,-0.19841220003580914,0.03520413716764739,0
2023-07-06 00:00:00,0,-0.8633162230245093,0.03577740912743798,0
2023-07-06 04:00:00,0,0.06260936416391794,0.03425728736031505,0
2023-07-06 08:00:00,0,-1.7293861068247052,0.034937909018424966,0
2023-07-06 12:00:00,0,0.3407042951560259,0.031477399465153134,0
2023-07-06 16:00:00,0,0.07067688560585733,0.03012503892539083,0
2023-07-07 00:00:00,0,-0.2264717491326762,0.031742795732586045,0
2023-07-07 04:00:00,0,-0.1854967766570727,0.033064158166456505,0
2023-07-07 08:00:00,0,0.08412852694588414,0.032984346973160945,0
2023-07-07 12:00:00,0,1.8050114255425818,0.030995859402439097,0
2023-07-07 16:00:00,0,-2.0039088043719775,0.028246259050225746,0
2023-07-10 00:00:00,0,-0.1729284383654733,0.025484667865798626,0
2023-07-10 04:00:00,0,-0.24429188927535525,0.026110727097681984,0
2023-07-10 08:00:00,0,0.5384322985264473,0.026210506179504357,0
2023-07-10 12:00:00,0,-0.22251755480347804,0.02618694226250027,0
2023-07-10 16:00:00,0,0.5336057625562487,0.02440727653630091,0
2023-07-11 00:00:00,0,0.003292251379596604,0.025794134400679024,0
2023-07-11 04:00:00,0,-0.024279069668553248,0.02717317289532465,0
2023-07-11 08:00:00,0,0.49153768585216157,0.02753682761643222,0
2023-07-11 12:00:00,0,-0.193814985244533,0.028170094579043847,0
2023-07-11 16:00:00,0,0.6406544446677028,0.026245242398144346,0
2023-07-12 00:00:00,0,0.23638244352722051,0.02644187146508739,0
2023-07-12 04:00:00,0,0.16937793239789004,0.02747239865057357,0
2023-07-12 08:00:00,0,1.5912092261033188,0.028686163001990228,0
2023-07-12 12:00:00,0,0.17102413486501294,0.026857672544471228,0
2023-07-12 16:00:00,0,0.539993834123722,0.024734133768416267,0
2023-07-13 00:00:00,0,0.19287797564579764,0.026119556339903312,0
2023-07-13 04:00:00,0,0.6479461656035599,0.026657471973156877,0
2023-07-13 08:00:00,0,0.14970346421293085,0.027046680950013904,0
2023-07-13 12:00:00,0,1.2866156275944993,0.027765036435439445,0
2023-07-13 16:00:00,0,0.6131499675699958,0.02688490392866697,0
2023-07-14 00:00:00,0,0.4093127304636781,0.0271846170950919,0
2023-07-14 04:00:00,0,-0.1739829042943479,0.02821079055284915,0
2023-07-14 08:00:00,0,0.015086338980731431,0.029110308735355885,0
2023-07-14 12:00:00,0,0.7799340984675904,0.030007943282670833,0
2023-07-14 16:00:00,0,-0.9939771652069207,0.02756173035427795,0
2023-07-17 00:00:00,0,-0.10421742105627298,0.027728751566290406,0
2023-07-17 04:00:00,0,0.5784055341147502,0.028945137585652307,0
2023-07-17 08:00:00,0,-0.032394519612712336,0.029179871004646977,0
2023-07-17 12:00:00,0,1.2710894557175747,0.03026368236410935,0
2023-07-17 16:00:00,0,0.4547700954868529,0.029217475444651936,0
2023-07-18 00:00:00,0,0.025497742082762564,0.029737320836244256,0
2023-07-18 04:00:00,0,0.09517396440103475,0.031087581445053098,0
2023-07-18 08:00:00,0,-0.1826003310058281,0.032410064745440476,0
2023-07-18 12:00:00,0,1.5215253297206464,0.033214876879236806,0
2023-07-18 16:00:00,0,0.5823383608457028,0.028980771158226126,0
2023-07-19 00:00:00,0,0.0,0.029046818274743133,0
2023-07-19 04:00:00,0,0.4442991030388499,0.030788533643224664,0
2023-07-19 08:00:00,0,0.3479576101284214,0.03193393578062799,0
2023-07-19 12:00:00,0,-0.5686107564893701,0.033061113863401735,0
2023-07-19 16:00:00,0,-0.5553148639924752,0.031204344224990212,0
2023-07-20 00:00:00,0,0.2681985957090921,0.02947652141154152,0
2023-07-20 04:00:00,0,-0.8714560976920305,0.030892484208450057,0
2023-07-20 08:00:00,0,-0.00963421481799249,0.03028703294792207,0
2023-07-20 12:00:00,0,-2.073334480635311,0.03067447716234363,0
2023-07-20 16:00:00,0,-1.2617946695785414,0.026358658708745514,0
2023-07-21 00:00:00,0,0.17059460634928453,0.024973773921405262,0
2023-07-21 04:00:00,0,0.6874917974925805,0.025922507912340343,0
2023-07-21 08:00:00,0,0.5521906418653387,0.026076413398524626,0
2023-07-21 12:00:00,0,-1.565179707670656,0.026327711166688465,0
2023-07-21 16:00:00,0,-0.28321495833252824,0.024058887466519314,0
2023-07-24 00:00:00,0,-0.0723336977763572,0.024213391580292613,0
2023-07-24 04:00:00,0,0.2696961089493331,0.02520694205504489,0
2023-07-24 08:00:00,0,0.0019045262764643186,0.025531936422478092,0
2023-07-24 12:00:00,0,-0.2986620290218722,0.026672983421385296,0
2023-07-24 16:00:00,0,0.24355444202069268,0.025289774266912722,0
2023-07-25 00:00:00,0,0.049965488969100615,0.02677394384316336,0
2023-07-25 04:00:00,0,0.885975789539151,0.028432445542457697,0
2023-07-25 08:00:00,0,-0.22919544378879558,0.02844530641056304,0
2023-07-25 12:00:00,0,1.312554005404809,0.029482381810293425,0
2023-07-25 16:00:00,0,0.3706568471036973,0.028276031477694887,0
2023-07-26 00:00:00,0,0.1623592511678166,0.02573465615833176,0
2023-07-26 04:00:00,0,-0.07187797818766026,0.026906010095507627,0
2023-07-26 08:00:00,0,-0.40744748365218564,0.027887465305105066,0
2023-07-26 12:00:00,0,-0.8749541753275379,0.028548426524511148,0
2023-07-26 16:00:00,0,0.9917403264828886,0.027046221621484727,0
2023-07-27 00:00:00,0,0.5093670235895208,0.025344754322573486,0
2023-07-27 04:00:00,0,1.1307310735091405,0.026013319043438406,0
2023-07-27 08:00:00,0,0.25273376754983123,0.025499064481574633,0
2023-07-27 12:00:00,0,0.18010178686207495,0.026032906487523478,0
2023-07-27 16:00:00,0,-3.0439830361604905,0.024676679398956854,0
2023-07-28 00:00:00,0,0.05151353060964302,0.020787543302899485,0
2023-07-28 04:00:00,0,0.5046571623116818,0.020400778484557264,0
2023-07-28 08:00:00,0,0.7479378811294014,0.02067803949915495,0
2023-07-28 12:00:00,0,1.1518888403784728,0.02090139436143487,0
2023-07-28 16:00:00,0,-0.08876158367636587,0.019867803012929217,0
2023-07-31 00:00:00,0,-0.4965859688958724,0.020222542178628847,0
2023-07-31 04:00:00,0,0.5233241186885957,0.020595009470181964,0
2023-07-31 08:00:00,0,0.3309931722166671,0.021223699017734788,0
2023-07-31 12:00:00,0,-0.6456579510679784,0.021787737810946433,0
2023-07-31 16:00:00,0,0.44270059147483554,0.02161995129014922,0
2023-08-01 00:00:00,0,-0.08495578530746674,0.023243585254547103,0
2023-08-01 04:00:00,0,-0.6310658863330159,0.02445511453412106,0
2023-08-01 08:00:00,0,-0.47291661241092253,0.024604455938897634,0
2023-08-01 12:00:00,0,0.6358709366291941,0.024765492117351254,0
2023-08-01 16:00:00,0,-0.20788890618389752,0.024293657483939062,0
2023-08-02 00:00:00,0,-0.5920531888153812,0.023981453183611463,0
2023-08-02 04:00:00,0,-0.9502343666209336,0.02400060846011115,0
2023-08-02 08:00:00,0,0.5096504725324532,0.022854029049130174,0
2023-08-02 12:00:00,0,-2.2548435801845614,0.02267253591622314,0
2023-08-02 16:00:00,0,-0.26886655964861506,0.01962252887597112,0
2023-08-03 00:00:00,0,-0.38721885992015054,0.020663521532890465,0
2023-08-03 04:00:00,0,-0.6406390910722013,0.0212103075993657,0
2023-08-03 08:00:00,0,-0.14379984386507055,0.02043946186816552,0
2023-08-03 12:00:00,0,1.3224076663351332,0.020665558290259352,0
2023-08-03 16:00:00,0,-0.570577406559468,0.019692177023908047,0
2023-08-04 00:00:00,0,0.08291531002774978,0.01957445567923959,0
2023-08-04 04:00:00,0,0.04088285932848969,0.020517808951461672,0
2023-08-04 08:00:00,0,-0.09365454718681639,0.02088650352823538,0
2023-08-04 12:00:00,0,0.8115456955144146,0.020130535028960218,0
2023-08-04 16:00:00,0,-2.143148796163651,0.018687958038002918,0
2023-08-07 00:00:00,0,0.02161069603077558,0.017264547303231823,0
2023-08-07 04:00:00,0,-0.12030452700727892,0.018196008462769992,0
2023-08-07 08:00:00,0,0.18963360583624675,0.018746964345919454,0
2023-08-07 12:00:00,0,-0.16865295459788587,0.01952633150112367,0
2023-08-07 16:00:00,0,0.5992554171446081,0.019010301263868563,0
2023-08-08 00:00:00,0,-0.3815486469540018,0.02049335961503889,0
2023-08-08 04:00:00,0,-0.09468582733012225,0.021017407231389503,0
2023-08-08 08:00:00,0,-0.6328173317913337,0.021843302589961634,0
2023-08-08 12:00:00,0,-1.087615146188431,0.02133337466639871,0
2023-08-08 16:00:00,0,0.8009055235628388,0.020065453157206738,0
2023-08-09 00:00:00,0,0.08980771931953296,0.02102860372587357,0
2023-08-09 04:00:00,0,0.4316166223911522,0.022202996056510615,0
2023-08-09 08:00:00,0,-0.5343945447435735,0.02290257541266622,0
2023-08-09 12:00:00,0,-2.189665641309311,0.0233773114297821,0
2023-08-09 16:00:00,0,0.1436305517339205,0.02054327531746883,0
2023-08-10 00:00:00,0,-0.03450893792354327,0.020933984387757402,0
2023-08-10 04:00:00,0,0.47765229142976107,0.021852713231639072,0
2023-08-10 08:00:00,0,0.593804595120397,0.022208732093308575,0
2023-08-10 12:00:00,0,-1.2950541239387494,0.021836029252596374,0
2023-08-10 16:00:00,0,0.05234868712053399,0.01926331127166567,0
2023-08-11 00:00:00,0,-0.5751355223785036,0.01997383289732114,0
2023-08-11 04:00:00,0,-0.32153887917636437,0.020383115138173213,0
2023-08-11 08:00:00,0,-0.7721892116610833,0.02050465304893784,0
2023-08-11 12:00:00,0,-0.30906297452626086,0.020169644610772735,0
2023-08-11 16:00:00,0,0.41522942810392094,0.019579017983975412,0
2023-08-14 00:00:00,0,-0.6163487789671293,0.020540296612559253,0
2023-08-14 04:00:00,0,0.9479165751197827,0.020454821701996986,0
2023-08-14 08:00:00,0,-0.6280962194531258,0.01950915354130785,0
2023-08-14 12:00:00,0,1.3425129188307088,0.019335105469841633,0
2023-08-14 16:00:00,0,0.5983459563361474,0.018066483876341334,0
2023-08-15 00:00:00,0,0.22048155756539467,0.019217326481708704,0
2023-08-15 04:00:00,0,-0.9023092952993214,0.02008222678146834,0
2023-08-15 08:00:00,0,-0.45434041709958056,0.019350679798242273,0
2023-08-15 12:00:00,0,-0.22224644276950545,0.019544361047830812,0
2023-08-15 16:00:00,0,-0.4982912222879644,0.018842186490120195,0
2023-08-16 00:00:00,0,0.01245326108301452,0.019498546581034483,0
2023-08-16 04:00:00,0,0.4014033900694226,0.020432531824461097,0
2023-08-16 08:00:00,0,-0.8565373912688903,0.020823135137761965,0
2023-08-16 12:00:00,0,-0.6020035888131695,0.020830256674449526,0
2023-08-16 16:00:00,0,-0.8119642820306296,0.02002114744584297,0
2023-08-17 00:00:00,0,0.2714572313675999,0.019617856180221716,0
2023-08-17 04:00:00,0,0.2005185256185267,0.02016828331001733,0
2023-08-17 08:00:00,0,0.5123136699912584,0.02049867124978725,0
2023-08-17 12:00:00,0,-0.6347545918356616,0.02104921111883843,0
2023-08-17 16:00:00,0,-2.139163615908323,0.01995200055083288,0
2023-08-18 00:00:00,0,-0.08412154074975436,0.018930062773164644,0
2023-08-18 04:00:00,0,-0.0928475845891407,0.019721543340803283,0
2023-08-18 08:00:00,0,-1.115966774213921,0.02038499535023157,0
2023-08-18 12:00:00,0,0.6687918970959912,0.019718358757440685,0
2023-08-18 16:00:00,0,0.27746277085576804,0.01917853773775185,0
2023-08-21 00:00:00,0,-0.3329240681940467,0.01945434382460224,0
2023-08-21 04:00:00,0,0.7957883108771734,0.020080803954302572,0
2023-08-21 08:00:00,0,-0.16512400263028557,0.019881292914469807,0
2023-08-21 12:00:00,0,0.9447180516351388,0.020644012343174,0
2023-08-21 16:00:00,0,0.7443647397595772,0.020010387474065708,0
2023-08-22 00:00:00,0,-0.015963009510616702,0.0206379843475398,0
2023-08-22 04:00:00,0,1.0429175111959528,0.021582851738749183,0
2023-08-22 08:00:00,0,0.34961746723360687,0.021343012977803725,0
2023-08-22 12:00:00,0,-1.2680955580039046,0.021640945861425055,0
2023-08-22 16:00:00,0,-0.08819219892323257,0.020248283850342795,0
2023-08-23 00:00:00,0,0.1764788872504203,0.02145351600994169,0
2023-08-23 04:00:00,0,0.6056383738851299,0.022382720783347108,0
2023-08-23 08:00:00,0,-0.928611049086665,0.022679495612479568,0
2023-08-23 12:00:00,0,2.1710071833954143,0.021991044781863762,0
2023-08-23 16:00:00,0,1.7704361315493367,0.02012335496310391,0
2023-08-24 00:00:00,0,0.49003304051560187,0.01982052345071565,0
2023-08-24 04:00:00,0,-0.11915377341547788,0.020312208966294383,0
2023-08-24 08:00:00,0,-0.3997546488689322,0.020947921846528814,0
2023-08-24 12:00:00,0,-3.678946584279389,0.021269155481676016,0
2023-08-24 16:00:00,0,-1.4550442980317546,0.01668234415340155,0
2023-08-25 00:00:00,0,-0.16933037698971387,0.01651001582007535,0
2023-08-25 04:00:00,0,0.3133747135518846,0.017250392514418768,0
2023-08-25 08:00:00,0,0.1808163403454498,0.017364064884696332,0
2023-08-25 12:00:00,0,-0.1550893196024101,0.017874169501157132,0
2023-08-25 16:00:00,0,0.7362692830583809,0.01591159657917481,0
2023-08-28 00:00:00,0,0.012326599884799509,0.01597853587742476,0
2023-08-28 04:00:00,0,0.2866225283277803,0.01678004610906522,0
2023-08-28 08:00:00,0,0.6457839293930744,0.017447333164489917,0
2023-08-28 12:00:00,0,-0.14957227978230123,0.017684911696081197,0
2023-08-28 16:00:00,0,0.24249563322515405,0.017324454095580904,0
2023-08-29 00:00:00,0,0.12277786351952936,0.018306101263114796,0
2023-08-29 04:00:00,0,-0.37964907723275,0.01929271905780177,0
2023-08-29 08:00:00,0,-0.00849008841779951,0.01954163400896042,0
2023-08-29 12:00:00,0,3.0999323831194916,0.020085332999308224,0
2023-08-29 16:00:00,0,0.4140371265637154,0.017480920044728735,0
2023-08-30 00:00:00,0,-0.042831570692444115,0.01907917073950509,0
2023-08-30 04:00:00,0,-0.5950166815482604,0.020088594469414404,0
2023-08-30 08:00:00,0,0.48736249980546986,0.020473386045894024,0
2023-08-30 12:00:00,0,0.8461218165585176,0.020642948582951504,0
2023-08-30 16:00:00,0,0.038797381336850977,0.020030635242266934,0
2023-08-31 00:00:00,0,0.040525355627683925,0.021751706252710945,0
2023-08-31 04:00:00,0,-0.008522691454121096,0.022874327156288714,0
2023-08-31 08:00:00,0,0.053447706470687945,0.023911232839040474,0
2023-08-31 12:00:00,0,0.17245008789004956,0.02387629071091793,0
2023-08-31 16:00:00,0,0.1138062255321012,0.02306112943863861,0
2023-09-01 00:00:00,0,0.07300709088429562,0.024557918072569008,0
2023-09-01 04:00:00,0,-0.0431933301566636,0.026024758153688324,0
2023-09-01 08:00:00,0,1.1695613120657558,0.026302938327009494,0
2023-09-01 12:00:00,0,-1.5192552390169405,0.025654876797103612,0
2023-09-01 16:00:00,0,-0.04709573069567659,0.022856156596402593,0
2023-09-04 00:00:00,0,0.09110130689268427,0.024501859994094446,0
2023-09-04 04:00:00,0,0.3092449397079124,0.02574960623590068,0
2023-09-04 08:00:00,0,-0.0893692877202956,0.02674951497392041,0
2023-09-04 12:00:00,0,-0.3619240088973477,0.02809425414332502,0
2023-09-05 00:00:00,0,0.18729556765538202,0.029014422921684425,0
2023-09-05 04:00:00,0,-0.8726679687747325,0.030520123209484204,0
2023-09-05 08:00:00,0,0.5978931108779063,0.02948988684436299,0
2023-09-05 12:00:00,0,0.8183223385807114,0.02975759604710876,0
2023-09-05 16:00:00,0,-0.44821164300411137,0.027959435635232274,0
2023-09-06 00:00:00,0,-0.26966089292957957,0.029388318423054356,0
2023-09-06 04:00:00,0,-0.33668436402449026,0.03046796634287006,0
2023-09-06 08:00:00,0,0.24613896112317582,0.0300307628936476,0
2023-09-06 12:00:00,0,-2.6501071639796767,0.030771363339210205,0
2023-09-06 16:00:00,0,0.7821051916545151,0.026520599716809284,0
2023-09-07 00:00:00,0,-0.29764722422192025,0.02764920756850919,0
2023-09-07 04:00:00,0,-0.8345223278583612,0.028612389635899783,0
2023-09-07 08:00:00,0,-1.3824937450378674,0.02805882510226259,0
2023-09-07 12:00:00,0,0.5081659589163404,0.02593853051452192,0
2023-09-07 16:00:00,0,0.5829910358376355,0.024948038216986462,0
2023-09-08 00:00:00,0,0.12916562680884244,0.02630014431971336,0
2023-09-08 04:00:00,0,-0.21369764192221544,0.02736541454019344,0
2023-09-08 08:00:00,0,0.13983026436856055,0.02707301734697002,0
2023-09-08 12:00:00,0,0.779619123050698,0.02720332801434611,0
2023-09-08 16:00:00,0,-0.24893970234211896,0.026091222734466447,0
2023-09-11 00:00:00,0,0.3802134463499498,0.02681891984947136,0
2023-09-11 04:00:00,0,0.43336493776516294,0.027687138948402214,0
2023-09-11 08:00:00,0,0.8222776863593207,0.028001381006252327,0
2023-09-11 12:00:00,0,-0.42959074889213844,0.02836846180980821,0
2023-09-11 16:00:00,0,1.0947494391734802,0.027249402003256002,0
2023-09-12 00:00:00,0,0.18987954476816576,0.027666135806759223,0
2023-09-12 04:00:00,0,-0.42345900809459164,0.02879930581674324,0
2023-09-12 08:00:00,0,-0.19998034695051242,0.029187518760433028,0
2023-09-12 12:00:00,0,-0.8618789656909526,0.030011460100255825,0
2023-09-12 16:00:00,0,-0.7606390595122853,0.027690299880727437,0
2023-09-13 00:00:00,0,-0.008361323031823301,0.027753474760760663,0
2023-09-13 04:00:00,0,-0.37639876725889715,0.028641164810394176,0
2023-09-13 08:00:00,0,0.21707438223118927,0.028785471761922476,0
2023-09-13 12:00:00,0,1.3530146639322926,0.02766406514564717,0
2023-09-13 16:00:00,0,-0.2459478835795176,0.025842292761433378,0
2023-09-14 00:00:00,0,0.21522292332399118,0.026148558749706462,0
2023-09-14 04:00:00,0,-0.23772028924183308,0.02723060490567112,0
2023-09-14 08:00:00,0,0.263942307930865,0.02734577332640765,0
2023-09-14 12:00:00,0,1.2027863151004499,0.027575851580692447,0
2023-09-14 16:00:00,0,-0.3363739928342616,0.025206860332581932,0
2023-09-15 00:00:00,0,0.36243950007419706,0.0270821370868139,0
2023-09-15 04:00:00,0,-0.78340469739441,0.027897557014426113,0
2023-09-15 08:00:00,0,-0.5464824583236297,0.02797620068634884,0
2023-09-15 12:00:00,0,-2.293624297613597,0.02843952684372802,0
2023-09-15 16:00:00,0,-0.9757671083637223,0.02441827657540686,0
2023-09-18 00:00:00,0,-0.0783124088511902,0.02481223074513149,0
2023-09-18 04:00:00,0,0.029708506809730282,0.026143066724977588,0
2023-09-18 08:00:00,0,-0.6588988650442952,0.02713829897523036,0
2023-09-18 12:00:00,0,0.9128757956232462,0.02655785530387774,0
2023-09-18 16:00:00,0,-0.0930306605218068,0.025792454150455318,0
2023-09-19 00:00:00,0,-0.34911169093607836,0.02732793252801402,0
2023-09-19 04:00:00,0,0.4170811350213739,0.028387708699620696,0
2023-09-19 08:00:00,0,-0.5945821340182817,0.028888222657521032,0
2023-09-19 12:00:00,0,-1.153895419476881,0.02915628942267557,0
2023-09-19 16:00:00,0,1.0143708406503384,0.02708564990200143,0
2023-09-20 00:00:00,0,-0.25662877851263927,0.027750338694382044,0
2023-09-20 04:00:00,0,0.7868674998586944,0.028843495793029143,0
2023-09-20 08:00:00,0,0.38239618997539027,0.02913552343839054,0
2023-09-20 12:00:00,0,-0.7127334944085711,0.030020113814156306,0
2023-09-20 16:00:00,0,-3.6101661916185,0.028695384357770946,0
2023-09-21 00:00:00,0,-0.08971476565220554,0.024005867240189355,0
2023-09-21 04:00:00,0,-0.4248898614279886,0.02513471290195968,0
2023-09-21 08:00:00,0,-1.2531953152460917,0.02546048313778995,0
2023-09-21 12:00:00,0,-0.17982620418674877,0.024169457350260867,0
2023-09-21 16:00:00,0,-1.2262226619162204,0.02367897201912994,0
2023-09-22 00:00:00,0,0.5420210348932383,0.023033701913570664,0
2023-09-22 04:00:00,0,0.14731977646427966,0.023522357120598074,0
2023-09-22 08:00:00,0,0.48785543216716487,0.02447936979220619,0
2023-09-22 12:00:00,0,0.6688516138060325,0.02480999423457075,0
2023-09-22 16:00:00,0,-1.564117169090704,0.02363951549621235,0
2023-09-25 00:00:00,0,0.38166652477444707,0.02278802102499231,0
2023-09-25 04:00:00,0,-0.9929629625424836,0.023720270869336885,0
2023-09-25 08:00:00,0,-0.20453806525458676,0.02229019922755677,0
2023-09-25 12:00:00,0,0.6930486248104405,0.022490866920415405,0
2023-09-25 16:00:00,0,0.7619918446343501,0.0214150169023928,0
2023-09-26 00:00:00,0,0.002771950348559282,0.021214193388939727,0
2023-09-26 04:00:00,0,-0.20739132760419815,0.02221639821195275,0
2023-09-26 08:00:00,0,-0.1537588960287813,0.02216594767496591,0
2023-09-26 12:00:00,0,-0.9342374167764479,0.022661594013623606,0
2023-09-26 16:00:00,0,-0.44913097428972676,0.021895422212269984,0
2023-09-27 00:00:00,0,0.23196724506819777,0.02227321839375816,0
2023-09-27 04:00:00,0,0.3744445866129489,0.023514143037173914,0
2023-09-27 08:00:00,0,-0.11090439395143663,0.02409501503094654,0
2023-09-27 12:00:00,0,-1.460874725850022,0.024760070394697634,0
2023-09-27 16:00:00,0,1.2627263233077413,0.0229041631731848,0
2023-09-28 00:00:00,0,-0.5332969177251818,0.021213842849919277,0
2023-09-28 04:00:00,0,-0.2223888630832118,0.02133894850663175,0
2023-09-28 08:00:00,0,-0.2870138904108866,0.021722778721743066,0
2023-09-28 12:00:00,0,2.2346762023465407,0.021494578181934895,0
2023-09-28 16:00:00,0,-0.15373255283397902,0.01881219914938663,0
2023-09-29 00:00:00,0,0.381679232000613,0.019322702716391672,0
2023-09-29 04:00:00,0,0.6498533341243506,0.019828021448856988,0
2023-09-29 08:00:00,0,0.6339916261711752,0.01983792223782288,0
2023-09-29 12:00:00,0,-1.041418181095325,0.020081293176705813,0
2023-09-29 16:00:00,0,-0.017790044943812578,0.018943309292166612,0
2023-10-02 00:00:00,0,0.014558840277315774,0.018703348999632597,0
2023-10-02 04:00:00,0,-0.03013084899275941,0.019681217704397274,0
2023-10-02 08:00:00,0,-1.1263496590375537,0.019983669742966798,0
2023-10-02 12:00:00,0,0.34835918845423586,0.01953337587128681,0
2023-10-02 16:00:00,0,0.9649148884469447,0.018048407029207438,0
2023-10-03 00:00:00,0,-0.34310183176663006,0.01850169493520442,0
2023-10-03 04:00:00,0,0.5081140118743716,0.019272952946904478,0
2023-10-03 08:00:00,0,-1.5309809188627863,0.019541465694239972,0
2023-10-03 12:00:00,0,-0.8899696832429431,0.018533645957829595,0
2023-10-03 16:00:00,0,-0.4219323966895185,0.016660112960207137,0
2023-10-04 00:00:00,0,-0.12018561408696118,0.01715768120784654,0
2023-10-04 04:00:00,0,-0.09596574115838864,0.017695527207860638,0
2023-10-04 08:00:00,0,0.945595700920456,0.017794240641229746,0
2023-10-04 12:00:00,0,0.9032320482637554,0.01763791533899723,0
2023-10-04 16:00:00,0,0.27135856303340117,0.01714120250611241,0
2023-10-05 00:00:00,0,0.1476049393312283,0.017734561062272926,0
2023-10-05 04:00:00,0,-0.6013692699767252,0.018617434089093086,0
2023-10-05 08:00:00,0,0.22825062843221972,0.019064500598896302,0
2023-10-05 12:00:00,0,-0.9010618785723957,0.018999226907257374,0
2023-10-05 16:00:00,0,0.5175407788771055,0.01754446624889262,0
2023-10-06 00:00:00,0,-0.13173655000421847,0.01834482343550924,0
2023-10-06 04:00:00,0,0.09359328980359125,0.019370428346289808,0
2023-10-06 08:00:00,0,-1.90672038889025,0.019993724218729393,0
2023-10-06 12:00:00,0,3.295888000823352,0.017609228209211215,0
2023-10-06 16:00:00,0,0.7390268841028987,0.015202436245559198,0
2023-10-09 00:00:00,0,-0.1834821425663196,0.01509671235600238,0
2023-10-09 04:00:00,0,0.1911051370052694,0.015858520271655047,0
2023-10-09 08:00:00,0,-0.22114101537137484,0.0164755319476777,0
2023-10-09 12:00:00,0,0.6398796476376719,0.01709016314384724,0
2023-10-09 16:00:00,0,1.1376537221601635,0.016854300905117293,0
2023-10-10 00:00:00,0,-0.04388267363724706,0.01756212346028041,0
2023-10-10 04:00:00,0,0.16741261092876078,0.018503536061374427,0
2023-10-10 08:00:00,0,-0.3171593539843567,0.019224626480860863,0
2023-10-10 12:00:00,0,1.6464815018392585,0.019698226846738606,0
2023-10-10 16:00:00,0,-0.7325703764213153,0.01854803070768636,0
2023-10-11 00:00:00,0,0.0743048968402465,0.019527856533031036,0
2023-10-11 04:00:00,0,0.08707696289565214,0.020689491113477402,0
2023-10-11 08:00:00,0,0.3707182304306476,0.021563826954350416,0
2023-10-11 12:00:00,0,-0.3563843366884392,0.02220161749936847,0
2023-10-11 16:00:00,0,1.1844567402483792,0.02179285659334711,0
2023-10-12 00:00:00,0,0.032919858218507445,0.02182615123438638,0
2023-10-12 04:00:00,0,0.11943592034241682,0.023186353612962656,0
2023-10-12 08:00:00,0,-0.5647275512254419,0.024268183390776184,0
2023-10-12 12:00:00,0,0.541141023817013,0.024166927602660943,0
2023-10-12 16:00:00,0,-1.3576212093254842,0.023875568742542673,0
2023-10-13 00:00:00,0,-0.1382155764608533,0.02229615424687583,0
2023-10-13 04:00:00,0,-0.2998459477517463,0.023437803418705227,0
2023-10-13 08:00:00,0,0.4055664321131007,0.024080460694485408,0
2023-10-13 12:00:00,0,-1.944015919788929,0.02348083688378667,0
2023-10-13 16:00:00,0,-0.5627096686696353,0.02028074889888085,0
2023-10-16 00:00:00,0,-0.05718328405525123,0.02034516762893957,0
2023-10-16 04:00:00,0,-0.37039364289398274,0.021289678268628518,0
2023-10-16 08:00:00,0,0.4406222079944239,0.02108422619374546,0
2023-10-16 12:00:00,0,1.1888427968804889,0.021183814962492612,0
2023-10-16 16:00:00,0,0.21955717652945317,0.020290357697524068,0
2023-10-17 00:00:00,0,-0.20165645126173648,0.020918802700147874,0
2023-10-17 04:00:00,0,-0.19037706554911268,0.022045549888743594,0
2023-10-17 08:00:00,0,-0.9371815319144152,0.022494264985324745,0
2023-10-17 12:00:00,0,1.1930669115473174,0.021845867226465077,0
2023-10-17 16:00:00,0,-0.32982161818956185,0.01941219561424256,0
2023-10-18 00:00:00,0,0.20836336604134004,0.019937062659656418,0
2023-10-18 04:00:00,0,-0.07579978721191134,0.020804043663681316,0
2023-10-18 08:00:00,0,-0.8192662767298955,0.021349380355098528,0
2023-10-18 12:00:00,0,-0.46344623872719465,0.021310162010474375,0
2023-10-18 16:00:00,0,-0.29419685891252184,0.02043748207835361,0
2023-10-19 00:00:00,0,-0.37068343185023395,0.01997071980087042,0
2023-10-19 04:00:00,0,-0.2325398083970909,0.020230742703245513,0
2023-10-19 08:00:00,0,0.975274751698276,0.020185538470714443,0
2023-10-19 12:00:00,0,-0.3035147048974398,0.020179978098641374,0
2023-10-19 16:00:00,0,-1.9868917475831354,0.01857710968298358,0
2023-10-20 00:00:00,0,0.01578485751919401,0.01728739779134468,0
2023-10-20 04:00:00,0,0.163119521489569,0.018134943122125265,0
2023-10-20 08:00:00,0,-0.38995081533566006,0.018337918234258614,0
2023-10-20 12:00:00,0,-0.5351499483313585,0.018789944148683402,0
2023-10-20 16:00:00,0,-1.0975664959773432,0.01727222111986866,0
2023-10-23 00:00:00,0,-0.05669443786732722,0.017222302709200995,0
2023-10-23 04:00:00,0,-0.6343611689514939,0.018134327006453746,0
2023-10-23 08:00:00,0,-0.26752063548865757,0.018364381431773033,0
2023-10-23 12:00:00,0,2.344153731046437,0.018235241243177776,0
2023-10-23 16:00:00,0,-0.8644653142802463,0.015979863907429868,0
2023-10-24 00:00:00,0,0.2597620092013456,0.016363895173807052,0
2023-10-24 04:00:00,0,0.07169147396368455,0.017099379471211734,0
2023-10-24 08:00:00,0,0.23717337720407844,0.017424530543250785,0
2023-10-24 12:00:00,0,-0.7563580127007546,0.018220708701469385,0
2023-10-24 16:00:00,0,0.9816824365731895,0.0173553284009473,0
2023-10-25 00:00:00,0,-0.10421455857263456,0.01659757876995849,0
2023-10-25 04:00:00,0,-0.2674681941646254,0.01745184811582862,0
2023-10-25 08:00:00,0,-0.09791714771595068,0.017773640130412174,0
2023-10-25 12:00:00,0,-1.8707875323608245,0.01836971268878296,0
2023-10-25 16:00:00,0,-0.7475195937617947,0.016802463760540672,0
2023-10-26 00:00:00,0,-0.18758856015319578,0.016342948469030952,0
2023-10-26 04:00:00,0,0.14731373379966325,0.01704192305147272,0
2023-10-26 08:00:00,0,0.6707271666177866,0.01734384233528014,0
2023-10-26 12:00:00,0,-2.3079027437310167,0.017407440822167525,0
2023-10-26 16:00:00,0,0.4520369366961859,0.01513325910197769,0
2023-10-27 00:00:00,0,0.29665790348846977,0.014819942103549413,0
2023-10-27 04:00:00,0,0.1535361555075255,0.015580567199844996,0
2023-10-27 08:00:00,0,-0.2223655781094866,0.016114470119101002,0
2023-10-27 12:00:00,0,-0.09384389807324534,0.016528626704607606,0
2023-10-27 16:00:00,0,-0.2835293354241212,0.016334341456067086,0
2023-10-30 00:00:00,0,-0.0454435235479526,0.01684793169904739,0
2023-10-30 04:00:00,0,0.24491481888617198,0.01781687121515534,0
2023-10-30 08:00:00,0,0.0,0.018421422462859393,0
2023-10-30 12:00:00,0,-0.3165973572567986,0.019158545999440123,0
2023-10-30 16:00:00,0,0.7948109334197575,0.018175528514028934,0
2023-10-31 00:00:00,0,-0.4381434508640085,0.01838633360788863,0
2023-10-31 04:00:00,0,0.789508804448176,0.01887804068451876,0
2023-10-31 08:00:00,0,-0.030562533310160876,0.018988710720299205,0
2023-10-31 12:00:00,0,0.2435081545642656,0.01932783890596421,0
2023-10-31 16:00:00,0,0.1453123133678586,0.018913669393950432,0
2023-11-01 00:00:00,0,0.21082085396129996,0.01996606337570165,0
2023-11-01 04:00:00,0,-0.37435747257403706,0.020891998284114113,0
2023-11-01 08:00:00,0,0.6749493885616581,0.02131654899911168,0
2023-11-01 12:00:00,0,0.9648442831976726,0.02116074252376863,0
2023-11-01 16:00:00,0,1.820897027296156,0.019857023661280872,0
2023-11-02 00:00:00,0,0.06568017735796446,0.01934327167907936,0
2023-11-02 04:00:00,0,0.358168295342475,0.020494653679723536,0
2023-11-02 08:00:00,0,1.1649603321945778,0.020989399189497885,0
2023-11-02 12:00:00,0,0.08542694321284225,0.020777032907392082,0
2023-11-02 16:00:00,0,0.1725724298540104,0.020742078574014344,0
2023-11-03 00:00:00,0,0.05375303552213422,0.021893183987122842,0
2023-11-03 04:00:00,0,-0.12602584722121474,0.0232159224971552,0
2023-11-03 08:00:00,0,1.2189095847031906,0.024376673324313834,0
2023-11-03 12:00:00,0,1.7062735810496148,0.023454696647556946,0
2023-11-03 16:00:00,0,-0.026803774750411447,0.02193922463427154,0
2023-11-06 00:00:00,0,0.026563008098748703,0.023192129862262757,0
2023-11-06 04:00:00,0,0.39919468626364224,0.024649651759837025,0
2023-11-06 08:00:00,0,-0.1107379713945284,0.02564390403428636,0
2023-11-06 12:00:00,0,0.002031560703494662,0.026652603547987083,0
2023-11-06 16:00:00,0,0.23141601306121415,0.026646840585850772,0
2023-11-07 00:00:00,0,-0.09066430592545473,0.02746466577957406,0
2023-11-07 04:00:00,0,-0.22188769203364545,0.02891330842509098,0
2023-11-07 08:00:00,0,0.8853273777871801,0.02966839741064531,0
2023-11-07 12:00:00,0,1.7722066568731736,0.02945638030235316,0
2023-11-07 16:00:00,0,0.06962239237181556,0.026647796368147077,0
2023-11-08 00:00:00,0,-0.2456162866991462,0.02873578781763623,0
2023-11-08 04:00:00,0,0.15060544042716917,0.029947197977242036,0
2023-11-08 08:00:00,0,0.23866300579577665,0.03114403683997694,0
2023-11-08 12:00:00,0,-0.637592070615868,0.03205664845519748,0
2023-11-08 16:00:00,0,0.43404335626088064,0.029752353540460765,0
2023-11-09 00:00:00,0,-0.003865322020801165,0.030782902754442888,0
2023-11-09 04:00:00,0,0.06504495953815886,0.03238007177676548,0
2023-11-09 08:00:00,0,0.49797302178939573,0.03336729955571522,0
2023-11-09 12:00:00,0,0.20972569623366147,0.03417584901720836,0
2023-11-09 16:00:00,0,-2.668408332572142,0.03236958134224212,0
2023-11-10 00:00:00,0,0.06901601554081757,0.02868681538154757,0
2023-11-10 04:00:00,0,-0.09566587315295316,0.03021910778360863,0
2023-11-10 08:00:00,0,1.1757918935379468,0.030276007031570518,0
2023-11-10 12:00:00,0,2.882516353725089,0.028937422216323377,0
2023-11-10 16:00:00,0,0.7840494857579011,0.025160972607901393,0
2023-11-13 00:00:00,0,-0.29225045763036517,0.02502246072089837,0
2023-11-13 04:00:00,0,0.42326707462765467,0.026011267396592853,0
2023-11-13 08:00:00,0,-0.19731443924648537,0.026937896956177196,0
2023-11-13 12:00:00,0,0.2851602892384892,0.02767909308015765,0
2023-11-13 16:00:00,0,-0.005254948857182663,0.026477355406202177,0
2023-11-14 00:00:00,0,0.039204423276641864,0.028754366563702793,0
2023-11-14 04:00:00,0,0.35197687346784495,0.03042942377502994,0
2023-11-14 08:00:00,0,3.50651402322224,0.03124241660453007,0
2023-11-14 12:00:00,0,0.6905553300833045,0.025782302922362225,0
2023-11-14 16:00:00,0,0.2104000054646328,0.02517687808463408,0
2023-11-15 00:00:00,0,0.18303628157323654,0.02649057272448121,0
2023-11-15 04:00:00,0,0.09072481582017553,0.027738228292202887,0
2023-11-15 08:00:00,0,0.45085641929444986,0.028359623831264873,0
2023-11-15 12:00:00,0,-0.9900436478628992,0.027295568534782114,0
2023-11-15 16:00:00,0,-0.5547970685669605,0.026805773480327158,0
2023-11-16 00:00:00,0,0.35891399075016817,0.027046398298944174,0
2023-11-16 04:00:00,0,-0.10911984989554237,0.02802618478904686,0
2023-11-16 08:00:00,0,0.4134604033152473,0.029313493203915134,0
2023-11-16 12:00:00,0,0.020192499945848062,0.029682282586766615,0
2023-11-16 16:00:00,0,0.19575064129083286,0.028586387481021786,0
2023-11-17 00:00:00,0,-0.11034130933222613,0.030293205483268422,0
2023-11-17 04:00:00,0,0.1844783375105855,0.03165877949551681,0
2023-11-17 08:00:00,0,-0.10476907569137087,0.032450011115584515,0
2023-11-17 12:00:00,0,0.042106308406657356,0.03335145942212315,0
2023-11-17 16:00:00,0,-0.3017607704121621,0.032952116154075096,0
2023-11-20 00:00:00,0,-0.34123629754146495,0.03299836798429548,0
2023-11-20 04:00:00,0,1.4780313712762314,0.03433404145326864,0
2023-11-20 08:00:00,0,-0.26407950412758685,0.03333868982515192,0
2023-11-20 12:00:00,0,1.5902127622878024,0.03399559673811464,0
2023-11-20 16:00:00,0,1.1998954295533664,0.03128859937721791,0
2023-11-21 00:00:00,0,-0.018829312805055832,0.031457157529127186,0
2023-11-21 04:00:00,0,-0.45727860315785973,0.033069139396112335,0
2023-11-21 08:00:00,0,-1.0771575886053235,0.03413118340927847,0
2023-11-21 12:00:00,0,-0.3590480831152177,0.03295735166908078,0
2023-11-21 16:00:00,0,-0.2751817848159093,0.031499371368610384,0
2023-11-22 00:00:00,0,-0.09911704480142644,0.03157155360827574,0
2023-11-22 04:00:00,0,0.3712189768775052,0.033074738794453204,0
2023-11-22 08:00:00,0,1.2926758053231588,0.03379160598350771,0
2023-11-22 12:00:00,0,0.12839075097875813,0.033031190831097665,0
2023-11-22 16:00:00,0,-0.38214600127358467,0.029641460768069512,0
2023-11-23 00:00:00,0,0.058334668816026766,0.030383889184784088,0
2023-11-23 04:00:00,0,0.24301142469984896,0.03206375532642675,0
2023-11-23 08:00:00,0,-0.21326162938387905,0.03368309723163682,0
2023-11-23 12:00:00,0,-0.08400243243948798,0.035006492991243116,0
2023-11-24 00:00:00,0,-0.10636188470535778,0.03854541249541521,0
2023-11-24 04:00:00,0,-0.11662047825388479,0.04082759906251338,0
2023-11-24 08:00:00,0,-0.06842234731756487,0.04129975347193223,0
2023-11-24 12:00:00,0,-0.6381843873132642,0.04248092424738386,0
2023-11-24 16:00:00,0,-0.20777391453282584,0.04110795867738761,0
2023-11-27 00:00:00,0,-0.6195912293775053,0.04386326032328413,0
2023-11-27 04:00:00,0,0.7230149017099518,0.04476410026829598,0
2023-11-27 08:00:00,0,0.5356456284850726,0.04401573693826691,0
2023-11-27 12:00:00,0,1.4978559279330503,0.04406012256675773,0
2023-11-27 16:00:00,0,-1.3025839145312295,0.040801040061921146,0
2023-11-28 00:00:00,0,-0.07760639292445597,0.040305636617204495,0
2023-11-28 04:00:00,0,-0.24972789680069699,0.04198615773643518,0
2023-11-28 08:00:00,0,-0.07243821824910687,0.0411879489876433,0
2023-11-28 12:00:00,0,0.7140539956506454,0.04036628521948461,0
2023-11-28 16:00:00,0,0.5202682935320175,0.037348552572059567,0
2023-11-29 00:00:00,0,-0.05244045374283221,0.036468472358518765,0
2023-11-29 04:00:00,0,0.8024294428026609,0.03822566082284205,0
2023-11-29 08:00:00,0,0.5504040709842662,0.03778418151134886,0
2023-11-29 12:00:00,0,-0.962155133379575,0.037594964357272574,0
2023-11-29 16:00:00,0,-0.7792922805948341,0.03263966076590049,0
2023-11-30 00:00:00,0,0.32050565977727447,0.03339497872407952,0
2023-11-30 04:00:00,0,-0.18287965579424426,0.03497338391084744,0
2023-11-30 08:00:00,0,-0.06880866400200439,0.0358415555821417,0
2023-11-30 12:00:00,0,-2.5059158713995946,0.0362175570819746,0
2023-11-30 16:00:00,0,0.791799131004576,0.030925383756932975,0
2023-12-01 00:00:00,0,0.03697831400805813,0.030638374612872214,0
2023-12-01 04:00:00,0,0.4251801498543428,0.03211420117130153,0
2023-12-01 08:00:00,0,-0.8044890910370471,0.03252082343243479,0
2023-12-01 12:00:00,0,1.6343519703332403,0.03225552924516802,0
2023-12-01 16:00:00,0,-0.11908649905882694,0.02865806548920328,0
2023-12-04 00:00:00,0,-0.3001815975546827,0.029660910787179376,0
2023-12-04 04:00:00,0,0.08489607112360424,0.03116426176587468,0
2023-12-04 08:00:00,0,-0.9629028750047137,0.03146932303117408,0
2023-12-04 12:00:00,0,-0.7283503864349169,0.031145683915542354,0
2023-12-04 16:00:00,0,-0.06341239320009659,0.027498560493152094,0
2023-12-05 00:00:00,0,-0.21046258222379946,0.02838595916909329,0
2023-12-05 04:00:00,0,-0.38613458236418535,0.029874356624061894,0
2023-12-05 08:00:00,0,-0.036445635472614125,0.029917864929706637,0
2023-12-05 12:00:00,0,1.107096866881839,0.030342824034534477,0
2023-12-05 16:00:00,0,0.3645623431536334,0.027012914032659856,0
2023-12-06 00:00:00,0,0.01627043995909714,0.027018975687923226,0
2023-12-06 04:00:00,0,-0.2815658383906006,0.02849336700055729,0
2023-12-06 08:00:00,0,0.8197925745733259,0.029255730592996045,0
2023-12-06 12:00:00,0,-1.9965427368529278,0.02869761227436458,0
2023-12-06 16:00:00,0,-0.6757920937288175,0.025902450600395286,0
2023-12-07 00:00:00,0,-0.05914643817919727,0.026988177823635467,0
2023-12-07 04:00:00,0,0.6226556671488132,0.028290877590517172,0
2023-12-07 08:00:00,0,0.8849647676591483,0.028705874040230117,0
2023-12-07 12:00:00,0,1.6970621476935293,0.028596413001193737,0
2023-12-07 16:00:00,0,-0.20504391727319043,0.026352868524198186,0
2023-12-08 00:00:00,0,0.08136728941320474,0.028220725146503086,0
2023-12-08 04:00:00,0,0.15750088767000858,0.02981195298371874,0
2023-12-08 08:00:00,0,-0.8945000578946002,0.030735436272677025,0
2023-12-08 12:00:00,0,1.4090528830384446,0.028274862806764566,0
2023-12-08 16:00:00,0,0.4039204934857991,0.025984761992061938,0
2023-12-11 00:00:00,0,-0.05193115363156768,0.027143608930409038,0
2023-12-11 04:00:00,0,0.09561840049827972,0.028561222607889875,0
2023-12-11 08:00:00,0,0.15542274347486962,0.029559574908456412,0
2023-12-11 12:00:00,0,1.755801090854446,0.03051957077734171,0
2023-12-11 16:00:00,0,0.5557841892973525,0.028790966373566648,0
2023-12-12 00:00:00,0,0.1749736364898548,0.030221512914738503,0
2023-12-12 04:00:00,0,0.026384363765112644,0.03191305262439731,0
2023-12-12 08:00:00,0,-0.4061673590678094,0.03323400080977611,0
2023-12-12 12:00:00,0,0.6845962909367529,0.031843682346807595,0
2023-12-12 16:00:00,0,1.3992575847355566,0.03027499015914187,0
2023-12-13 00:00:00,0,0.01445887349952903,0.030845208809693422,0
2023-12-13 04:00:00,0,-0.056063092790758336,0.03276441175338581,0
2023-12-13 08:00:00,0,0.46400196022934803,0.03427473221405118,0
2023-12-13 12:00:00,0,-0.5951238525994262,0.03533192202979209,0
2023-12-13 16:00:00,0,2.7441480064074004,0.034909262257321556,0
2023-12-14 00:00:00,0,-0.12458831450078683,0.028440167219230185,0
2023-12-14 04:00:00,0,-0.5435932659774673,0.02953800165362268,0
2023-12-14 08:00:00,0,0.260840958820312,0.02978763854554306,0
2023-12-14 12:00:00,0,-1.630717853725507,0.030569553811757934,0
2023-12-14 16:00:00,0,0.0956543404074357,0.02837445779688115,0
2023-12-15 00:00:00,0,0.19080631176493057,0.02787788370141698,0
2023-12-15 04:00:00,0,0.44374504978555973,0.02946288691323152,0
2023-12-15 08:00:00,0,-0.2713205009126179,0.030428220787675805,0
2023-12-15 12:00:00,0,0.19043095914396843,0.030904358596336036,0
2023-12-15 16:00:00,0,0.1820833620893679,0.02924276573064007,0
2023-12-18 00:00:00,0,0.3528981472957995,0.02968096558414028,0
2023-12-18 04:00:00,0,-0.17168826142731902,0.03099923708593841,0
2023-12-18 08:00:00,0,0.16606101363860476,0.031700164765180935,0
2023-12-18 12:00:00,0,1.2077033456304322,0.032817508454556166,0
2023-12-18 16:00:00,0,-0.14616525102108968,0.031663795558221734,0
2023-12-19 00:00:00,0,0.14335359354217186,0.03373840298708138,0
2023-12-19 04:00:00,0,0.1650159125528608,0.03558983036961851,0
2023-12-19 08:00:00,0,0.24115499661310694,0.03689081877201324,0
2023-12-19 12:00:00,0,0.6157765169221512,0.037342863113510344,0
2023-12-19 16:00:00,0,0.5462177053239268,0.03705140489490548,0
2023-12-20 00:00:00,0,-0.026595503707436345,0.03885962128393436,0
2023-12-20 04:00:00,0,-1.1186148802747746,0.04099193656842051,0
2023-12-20 08:00:00,0,0.09710283966995689,0.039642628724158385,0
2023-12-20 12:00:00,0,1.4152123853807521,0.04137057662456616,0
2023-12-20 16:00:00,0,-4.767304471411258,0.03919612100005323,0
2023-12-21 00:00:00,0,0.5106402029898703,0.0309192988358989,0
2023-12-21 04:00:00,0,0.4617138294920206,0.03204741086950069,0
2023-12-21 08:00:00,0,0.935354845194488,0.032655354383292784,0
2023-12-21 12:00:00,0,-1.5249667811434793,0.03134240646977133,0
2023-12-21 16:00:00,0,1.492746317874505,0.02932741831183073,0
2023-12-22 00:00:00,0,-0.17877906528277193,0.02827766194301599,0
2023-12-22 04:00:00,0,0.21123298634848772,0.029643379019385914,0
2023-12-22 08:00:00,0,1.2146568593878109,0.030958059698272745,0
2023-12-22 12:00:00,0,0.11325846024720235,0.030403194277576862,0
2023-12-22 16:00:00,0,-0.6243283574121665,0.03048881317855709,0
2023-12-26 00:00:00,0,0.24861392227123666,0.029437840754824873,0
2023-12-26 04:00:00,0,-0.15109993834273042,0.030797423823757424,0
2023-12-26 08:00:00,0,-0.12855123004914382,0.031987540622453715,0
2023-12-26 12:00:00,0,0.608883021687551,0.03323932928039058,0
2023-12-26 16:00:00,0,0.7112624106440582,0.0336834198419555,0
2023-12-27 00:00:00,0,0.11586838951850784,0.03514509948422628,0
2023-12-27 04:00:00,0,-0.13931870956389608,0.03713474692239058,0
2023-12-27 08:00:00,0,0.30442311336873756,0.03859343859454257,0
2023-12-27 12:00:00,0,-0.4188314074786581,0.039961048188561686,0
2023-12-27 16:00:00,0,0.9275766947960151,0.03933936363497521,0
2023-12-28 00:00:00,0,-0.06789230626634621,0.039963362078197125,0
2023-12-28 04:00:00,0,0.009551238255836453,0.04216258500159715,0
2023-12-28 08:00:00,0,-0.11602725847141158,0.044531014187057405,0
2023-12-28 12:00:00,0,-0.25201820347332654,0.04632270799485274,0
2023-12-28 16:00:00,0,-0.8292923364792745,0.04594768231185035,0
2023-12-29 00:00:00,0,-0.010649248258674669,0.04688569023768577,0
2023-12-29 04:00:00,0,0.13971731621018715,0.049220012393151526,0
2023-12-29 08:00:00,0,-0.48344233523081737,0.05042469015403499,0
2023-12-29 12:00:00,0,-2.0748000485223597,0.049657126944757025,0
2023-12-29 16:00:00,0,0.17415162370179169,0.04119674695681174,0
2024-01-02 00:00:00,0,0.06136146685935486,0.04137720284295637,0
2024-01-02 04:00:00,0,-0.44319603726132906,0.043433111090987936,0
2024-01-02 08:00:00,0,-2.8189652951660973,0.04365437538734987,0
2024-01-02 12:00:00,0,-2.280237642666081,0.03654177415267581,0
2024-01-02 16:00:00,0,0.18850946412707695,0.031233848744707467,0
2024-01-03 00:00:00,0,-0.09380498372053217,0.031054139461621375,0
2024-01-03 04:00:00,0,-0.921471441432302,0.032517982443220274,0
2024-01-03 08:00:00,0,-0.37962472165465583,0.03169747014029543,0
2024-01-03 12:00:00,0,-0.19880375847491025,0.03138479178421293,0
2024-01-03 16:00:00,0,-0.8178097149953687,0.03011814707199442,0
2024-01-04 00:00:00,0,-0.17096321068842926,0.03036816526524102,0
2024-01-04 04:00:00,0,0.5012103780154893,0.03215190742567093,0
2024-01-04 08:00:00,0,-1.7969317917078447,0.032900530810314514,0
2024-01-04 12:00:00,0,0.6512698957266893,0.030658128181954073,0
2024-01-04 16:00:00,0,-0.740048859406066,0.028686818213484788,0
2024-01-05 00:00:00,0,-0.44132607062607476,0.029675995661865073,0
2024-01-05 04:00:00,0,-0.43995090302231005,0.030746665367783973,0
2024-01-05 08:00:00,0,0.034958629568816436,0.031421467027262354,0
2024-01-05 12:00:00,0,0.9721965964233368,0.030996300550892756,0
2024-01-05 16:00:00,0,-0.05278314603692157,0.027988804073137072,0
2024-01-08 00:00:00,0,-0.34588469749733836,0.028207323463591304,0
2024-01-08 04:00:00,0,-0.29249425059596507,0.0293506641658494,0
2024-01-08 08:00:00,0,0.7764984266988619,0.029028275688301096,0
2024-01-08 12:00:00,0,3.1922167521793745,0.02876459851307815,0
2024-01-08 16:00:00,0,0.8183698970353188,0.02505956298485387,0
2024-01-09 00:00:00,0,-0.16181614784762324,0.026418679944245165,0
2024-01-09 04:00:00,0,-0.4509857514284939,0.027833619068200876,0
2024-01-09 08:00:00,0,-0.9793002736984523,0.02801821739491897,0
2024-01-09 12:00:00,0,2.294392967626296,0.027705297204727714,0
2024-01-09 16:00:00,0,-0.18835486199424387,0.025469427559543702,0
2024-01-10 00:00:00,0,-0.10702495436102792,0.026538717407311598,0
2024-01-10 04:00:00,0,0.9031500952594622,0.02800539371247181,0
2024-01-10 08:00:00,0,-1.0113581596164392,0.027610108170147547,0
2024-01-10 12:00:00,0,1.1692228265028075,0.02733155034067455,0
2024-01-10 16:00:00,0,0.5760669623496882,0.026756760841179353,0
2024-01-11 00:00:00,0,0.18211810120220384,0.027517453080333314,0
2024-01-11 04:00:00,0,0.08243874604547693,0.028916237314759,0
2024-01-11 08:00:00,0,-1.3201405113125806,0.029526554322152815,0
2024-01-11 12:00:00,0,-0.8522405818487485,0.027408766211508298,0
2024-01-11 16:00:00,0,1.2440171863348044,0.023019159715345777,0
2024-01-12 00:00:00,0,-0.018603901706255317,0.023226755985552443,0
2024-01-12 04:00:00,0,-0.17827924630820807,0.024485251085916367,0
2024-01-12 08:00:00,0,0.4281946023501185,0.025017745905655846,0
2024-01-12 12:00:00,0,-0.11629797032211667,0.02457345977703163,0
2024-01-12 16:00:00,0,0.0038175902234139796,0.023847321759745972,0
2024-01-15 00:00:00,0,0.2795924667980087,0.025773362015119507,0
2024-01-15 04:00:00,0,-0.24888671245658542,0.026911075339212193,0
2024-01-15 08:00:00,0,-0.015535472872444576,0.027195159067286034,0
2024-01-15 12:00:00,0,0.11015939021422866,0.028365640619894165,0
2024-01-16 00:00:00,0,-0.4248895339129955,0.028944415628698473,0
2024-01-16 04:00:00,0,-0.33602237170021615,0.02984754529142248,0
2024-01-16 08:00:00,0,0.5096121637227209,0.02954690390580528,0
2024-01-16 12:00:00,0,0.08461740624385397,0.028822063249641146,0
2024-01-16 16:00:00,0,0.973232463381121,0.026339069817547005,0
2024-01-17 00:00:00,0,-0.6679345727511111,0.0267592125779459,0
2024-01-17 04:00:00,0,-0.26702204507212013,0.02718276562826817,0
2024-01-17 08:00:00,0,-0.626000288488875,0.027244167122893535,0
2024-01-17 12:00:00,0,-0.1820985724819115,0.026695495177008106,0
2024-01-17 16:00:00,0,0.6082973162007758,0.02509475932476202,0
2024-01-18 00:00:00,0,0.06298236468901,0.024918170771270995,0
2024-01-18 04:00:00,0,0.6321785872772883,0.02619751926531626,0
2024-01-18 08:00:00,0,0.7828101846996341,0.026547069460284924,0
2024-01-18 12:00:00,0,0.20784547653931015,0.025535365973861412,0
2024-01-18 16:00:00,0,1.3029183979134396,0.024889966739318526,0
2024-01-19 00:00:00,0,-0.07914737407437576,0.024172887681433834,0
2024-01-19 04:00:00,0,0.8690727153113665,0.025371203801195844,0
2024-01-19 08:00:00,0,-0.07168557775653339,0.025499847197159666,0
2024-01-19 12:00:00,0,1.2309011734405926,0.026425669550024247,0
2024-01-19 16:00:00,0,1.5087400978986583,0.025043928552072933,0
2024-01-22 00:00:00,0,-0.14561954322691947,0.02356277503260514,0
2024-01-22 04:00:00,0,0.027275670342783727,0.02470774776460747,0
2024-01-22 08:00:00,0,-0.12620878357433113,0.02574287862028236,0
2024-01-22 12:00:00,0,-0.4951514020169762,0.026243762874524693,0
2024-01-22 16:00:00,0,-0.28052029684459406,0.02496389238237471,0
2024-01-23 00:00:00,0,-0.10099340587556703,0.026818976618302418,0
2024-01-23 04:00:00,0,-0.09083331979635179,0.028267313048642995,0
2024-01-23 08:00:00,0,0.4665392499843886,0.02866582703721043,0
2024-01-23 12:00:00,0,-0.12845954859544081,0.02845938726290323,0
2024-01-23 16:00:00,0,0.7700584426768917,0.02817815495146794,0
2024-01-24 00:00:00,0,0.2616441683967597,0.029006832801048366,0
2024-01-24 04:00:00,0,0.7431426328390486,0.030307596258938214,0
2024-01-24 08:00:00,0,0.05393304364845884,0.030761971996613964,0
2024-01-24 12:00:00,0,1.6638889942807809,0.031484760651828626,0
2024-01-24 16:00:00,0,-1.9382758788281078,0.0293747054160104,0
2024-01-25 00:00:00,0,0.23275481537700504,0.02682750279099853,0
2024-01-25 04:00:00,0,0.029420834675867494,0.027922921869444547,0
2024-01-25 08:00:00,0,0.9776315776697104,0.028668691395579354,0
2024-01-25 12:00:00,0,-0.7095444677865076,0.028189399138856177,0
2024-01-25 16:00:00,0,-0.8612554869018504,0.027226305015617163,0
2024-01-26 00:00:00,0,-0.1449836343643563,0.026249807814989798,0
2024-01-26 04:00:00,0,0.30890705929276285,0.026899235593405176,0
2024-01-26 08:00:00,0,0.7758004667258482,0.027366017035267722,0
2024-01-26 12:00:00,0,-0.8299386634330164,0.027259954397620918,0
2024-01-26 16:00:00,0,-0.2633271745022177,0.026200862044944012,0
2024-01-29 00:00:00,0,-0.04977464545223624,0.026551010839747875,0
2024-01-29 04:00:00,0,0.18516466271162396,0.027993840060178507,0
2024-01-29 08:00:00,0,-0.018860295876612653,0.02852428003240996,0
2024-01-29 12:00:00,0,0.6745487172669803,0.029612748515453598,0
2024-01-29 16:00:00,0,1.2977733030922827,0.029394693940670645,0
2024-01-30 00:00:00,0,0.14047797029020637,0.02925693725922073,0
2024-01-30 04:00:00,0,-0.42435042405013323,0.03084515519437763,0
2024-01-30 08:00:00,0,-0.4162663449985104,0.031194145890391878,0
2024-01-30 12:00:00,0,-1.2130734225465913,0.0315805749023117,0
2024-01-30 16:00:00,0,-1.355070287122752,0.029995460377969504,0
2024-01-31 00:00:00,0,0.12059929893649801,0.028627695835423333,0
2024-01-31 04:00:00,0,-0.8373816206642466,0.029975646371974127,0
2024-01-31 08:00:00,0,0.3403876185416367,0.02851376749545548,0
2024-01-31 12:00:00,0,-0.4381506825940124,0.02759707049693757,0
2024-01-31 16:00:00,0,-1.2309348928858213,0.026191414936198358,0
2024-02-01 00:00:00,0,-0.08142894074274608,0.02350964590625108,0
2024-02-01 04:00:00,0,0.36744920840669504,0.024561361305412064,0
2024-02-01 08:00:00,0,0.04392129784905654,0.024613956377870387,0
2024-02-01 12:00:00,0,0.5401177586203592,0.025208812263590563,0
2024-02-01 16:00:00,0,2.608552053325807,0.024140888637706,0
2024-02-02 00:00:00,0,-0.09070493627988688,0.021757316149799963,0
2024-02-02 04:00:00,0,0.0,0.0230002814341295,0
2024-02-02 08:00:00,0,-1.2044260746888562,0.02373011995033863,0
2024-02-02 12:00:00,0,2.0999068936098473,0.022527206412678445,0
2024-02-02 16:00:00,0,-0.22256152789290248,0.02013987949290412,0
2024-02-05 00:00:00,0,0.05751879856536907,0.0210665013323453,0
2024-02-05 04:00:00,0,-0.05444778009225757,0.022256487622687213,0
2024-02-05 08:00:00,0,0.16899286632444332,0.023101986445631176,0
2024-02-05 12:00:00,0,-0.06683529030099594,0.023919002986887088,0
2024-02-05 16:00:00,0,0.07851608058119253,0.022481116386219,0
2024-02-06 00:00:00,0,0.19840100747642578,0.024280881761400797,0
2024-02-06 04:00:00,0,-0.08036989513059167,0.025445953710436196,0
2024-02-06 08:00:00,0,0.06617840774570628,0.02641797415368974,0
2024-02-06 12:00:00,0,-1.6841259618595694,0.026720723622032136,0
2024-02-06 16:00:00,0,0.606494087485462,0.024119405000336276,0
2024-02-07 00:00:00,0,-0.23911619730296144,0.024589467887746505,0
2024-02-07 04:00:00,0,0.11502469043385513,0.025667840303304226,0
2024-02-07 08:00:00,0,0.6960008808559757,0.026585218584522008,0
2024-02-07 12:00:00,0,0.9665994036313156,0.02655889642052738,0
2024-02-07 16:00:00,0,0.4176940399951629,0.025215630714867193,0
2024-02-08 00:00:00,0,-0.05275161575284207,0.027089173692862702,0
2024-02-08 04:00:00,0,0.006227054647498384,0.028776390210578304,0
2024-02-08 08:00:00,0,-0.28655304486075,0.029874629100314055,0
2024-02-08 12:00:00,0,0.40990474620492734,0.0303952746156392,0
2024-02-08 16:00:00,0,0.05207279269152065,0.030099655759917326,0
2024-02-09 00:00:00,0,0.12789938143076263,0.03197172320086988,0
2024-02-09 04:00:00,0,0.5995254076905276,0.03381794631653962,0
2024-02-09 08:00:00,0,0.39532174632257067,0.03402896307682236,0
2024-02-09 12:00:00,0,1.3229432079988954,0.03398671084159148,0
2024-02-09 16:00:00,0,0.2044210865896633,0.0314990038609909,0
2024-02-12 00:00:00,0,-0.2718014534472479,0.03340568299473372,0
2024-02-12 04:00:00,0,0.48789623682591404,0.03506948404740353,0
2024-02-12 08:00:00,0,-0.3478210037339373,0.03612364126823364,0
2024-02-12 12:00:00,0,1.1996231139053142,0.03743130602873782,0
2024-02-12 16:00:00,0,-2.6351961656987135,0.03553854297424278,0
2024-02-13 00:00:00,0,0.18816727303170203,0.032387349494578464,0
2024-02-13 04:00:00,0,-1.0489009348795968,0.034127196957355395,0
2024-02-13 08:00:00,0,-2.9813298598052165,0.03287243705398923,0
2024-02-13 12:00:00,0,0.12955267755497346,0.027844041469447516,0
2024-02-13 16:00:00,0,0.2960610977906521,0.02521610762380664,0
2024-02-14 00:00:00,0,0.06312091740985322,0.025143286879611055,0
2024-02-14 04:00:00,0,1.229042858021687,0.0266035310682496,0
2024-02-14 08:00:00,0,-0.1482225985981094,0.026267192521332642,0
2024-02-14 12:00:00,0,-0.01466148005275219,0.02701107634135309,0
2024-02-14 16:00:00,0,1.075432559419458,0.025508470110513406,0
2024-02-15 00:00:00,0,0.25589848927044767,0.02547088552795741,0
2024-02-15 04:00:00,0,0.17811105156167528,0.026621401116525154,0
2024-02-15 08:00:00,0,0.09708330517171113,0.027280458279295525,0
2024-02-15 12:00:00,0,-0.5128230278519719,0.028107383052283025,0
2024-02-15 16:00:00,0,1.1926465158651833,0.02712062605913388,0
2024-02-16 00:00:00,0,0.032475431910447224,0.027435100160537827,0
2024-02-16 04:00:00,0,0.9297423752546793,0.028862154918814806,0
2024-02-16 08:00:00,0,-0.8232505026113214,0.028829753824347316,0
2024-02-16 12:00:00,0,-0.990767104136782,0.027715739604613765,0
2024-02-16 16:00:00,0,-1.4418858223392126,0.02450750538943836,0
2024-02-19 00:00:00,0,0.11712549013674187,0.02296571855361504,0
2024-02-19 04:00:00,0,0.010525929689720855,0.024259573290389854,0
2024-02-19 08:00:00,0,-0.03274976489493879,0.025158522164483155,0
2024-02-19 12:00:00,0,0.12332841999984634,0.02644525779661172,0
2024-02-20 00:00:00,0,0.0381985870370432,0.026945474212609975,0
2024-02-20 04:00:00,0,-0.24409699446519145,0.02832094914128765,0
2024-02-20 08:00:00,0,0.06568174928882965,0.02812029334533655,0
2024-02-20 12:00:00,0,-2.0622884157488435,0.02809743750162763,0
2024-02-20 16:00:00,0,0.8232807053589714,0.02392721975354241,0
2024-02-21 00:00:00,0,-0.01590521579597742,0.024143518467059928,0
2024-02-21 04:00:00,0,-0.33921093926114315,0.02555182144410948,0
2024-02-21 08:00:00,0,-0.3077150916416805,0.025884503990700015,0
2024-02-21 12:00:00,0,-0.3039637872666383,0.026160055827856275,0
2024-02-21 16:00:00,0,2.6174463265227166,0.026065192817260677,0
2024-02-22 00:00:00,0,0.21512812688049304,0.02179828472237613,0
2024-02-22 04:00:00,0,0.9049122333229622,0.022600151543982736,0
2024-02-22 08:00:00,0,0.1337762666511452,0.022567493206918733,0
2024-02-22 12:00:00,0,1.2248624815825662,0.023347360215267298,0
2024-02-22 16:00:00,0,0.05951645305515924,0.022612480145619288,0
2024-02-23 00:00:00,0,0.07728983419672922,0.02411724127050379,0
2024-02-23 04:00:00,0,-0.35603546586281526,0.02561937946303318,0
2024-02-23 08:00:00,0,0.6443039604629798,0.026337005098908114,0
2024-02-23 12:00:00,0,-0.35519031567378445,0.02661803230269532,0
2024-02-23 16:00:00,0,-0.8610878732644544,0.024439900305415846,0
2024-02-26 00:00:00,0,0.1351981733014846,0.024689775375070083,0
2024-02-26 04:00:00,0,0.4235314057231979,0.025988384457610213,0
2024-02-26 08:00:00,0,0.26212937864546737,0.026619325941587713,0
2024-02-26 12:00:00,0,0.13011307419410273,0.027405088825929128,0
2024-02-26 16:00:00,0,-0.8893985235795301,0.02727500693750249,0
2024-02-27 00:00:00,0,-0.26039741241163555,0.02821268159388169,0
2024-02-27 04:00:00,0,0.9182382894679582,0.029342817530402448,0
2024-02-27 08:00:00,0,0.16036872658034462,0.02941181503694702,0
2024-02-27 12:00:00,0,-1.266208672317909,0.03015743812953745,0
2024-02-27 16:00:00,0,1.0441515868816404,0.02915813675325869,0
2024-02-28 00:00:00,0,-0.1526380492791553,0.029716960791798017,0
2024-02-28 04:00:00,0,-1.3200669284997215,0.03129283364846517,0
2024-02-28 08:00:00,0,0.5976897680019146,0.03005366955637138,0
2024-02-28 12:00:00,0,-0.3638880400669248,0.03051187819521506,0
2024-02-28 16:00:00,0,-0.724635413179588,0.0299043615465763,0
2024-02-29 00:00:00,0,0.29098712185952635,0.030051742772980554,0
2024-02-29 04:00:00,0,-0.6468752346388618,0.031358446620094495,0
2024-02-29 08:00:00,0,1.7807394051035181,0.030758817642099173,0
2024-02-29 12:00:00,0,0.18185218408009757,0.02852696741135488,0
2024-02-29 16:00:00,0,0.566114889028181,0.026514104011001387,0
2024-03-01 00:00:00,0,0.11037121345389739,0.026625031129145056,0
2024-03-01 04:00:00,0,0.0029961657540409944,0.02819621181167572,0
2024-03-01 08:00:00,0,-0.4743190825257663,0.029143502112750914,0
2024-03-01 12:00:00,0,2.355080585551208,0.02867500839379348,0
2024-03-01 16:00:00,0,0.3974681050370504,0.026117964256094774,0
2024-03-04 00:00:00,0,0.005680689531267365,0.027064168290818716,0
2024-03-04 04:00:00,0,-0.174670475164671,0.028683450349965004,0
2024-03-04 08:00:00,0,0.031083796319944294,0.029596312284851125,0
2024-03-04 12:00:00,0,-0.4093820620438674,0.030667721263441982,0
2024-03-04 16:00:00,0,-0.7643293327132786,0.031265425108621354,0
2024-03-05 00:00:00,0,-0.16844902932161787,0.030620410571475333,0
2024-03-05 04:00:00,0,-0.8383070267576458,0.03183500223551754,0
2024-03-05 08:00:00,0,0.03514115009390252,0.03182171700140449,0
2024-03-05 12:00:00,0,-2.4465851912246475,0.03184571822519177,0
2024-03-05 16:00:00,0,0.37112124576712663,0.02727362602845194,0
2024-03-06 00:00:00,0,0.23030060830410704,0.026879676657200903,0
2024-03-06 04:00:00,0,0.9067801066527058,0.028296999537074947,0
2024-03-06 08:00:00,0,0.49621875682832145,0.02807553673389673,0
2024-03-06 12:00:00,0,0.4197123359449811,0.02862440305831228,0
2024-03-06 16:00:00,0,-1.0178885869262635,0.025850269617105903,0
2024-03-07 00:00:00,0,0.20858838187260267,0.024042983640946054,0
2024-03-07 04:00:00,0,0.9544108337833044,0.024758985862572736,0
2024-03-07 08:00:00,0,0.8178006775865633,0.023720979858158145,0
2024-03-07 12:00:00,0,1.6117677764831666,0.023980675829402047,0
2024-03-07 16:00:00,0,-0.51107980410298,0.02237113125091815,0
2024-03-08 00:00:00,0,0.16705993914969014,0.022043798496554367,0
2024-03-08 04:00:00,0,0.4223445424662754,0.022967227671945346,0
2024-03-08 08:00:00,0,0.21129812068060705,0.023368483550914778,0
2024-03-08 12:00:00,0,-2.6737909314478814,0.02252758403248436,0
2024-03-08 16:00:00,0,-0.06474180574181504,0.018758102649771152,0
2024-03-11 00:00:00,0,-0.22552833763956961,0.01884934455820756,0
2024-03-11 04:00:00,0,0.23748150094666848,0.01933099213335332,0
2024-03-11 08:00:00,0,-0.513633434123782,0.019525789376821347,0
2024-03-11 12:00:00,0,0.2955357935709655,0.019313177140182883,0
2024-03-11 16:00:00,0,0.06787459383491991,0.019244670422214134,0
2024-03-12 00:00:00,0,0.26859430473124285,0.02033907345775756,0
2024-03-12 04:00:00,0,-0.2874316264637767,0.02141973242776496,0
2024-03-12 08:00:00,0,0.2836821728314027,0.022012209894900388,0
2024-03-12 12:00:00,0,0.36413733377023627,0.0210161683971555,0
2024-03-12 16:00:00,0,0.9086263921798078,0.019033125328713887,0
2024-03-13 00:00:00,0,0.05226142287869905,0.019810906703481488,0
2024-03-13 04:00:00,0,-0.05983542488527811,0.02100128317622541,0
2024-03-13 08:00:00,0,-0.31377381509608443,0.021585333479366923,0
2024-03-13 12:00:00,0,-0.6856974389943356,0.02208711064331422,0
2024-03-13 16:00:00,0,0.03386401702323833,0.021266473931375603,0
2024-03-14 00:00:00,0,0.1111048197187775,0.022292937811708723,0
2024-03-14 04:00:00,0,0.37382343900492065,0.02369150875645614,0
2024-03-14 08:00:00,0,-0.48132615398202605,0.024562833078015316,0
2024-03-14 12:00:00,0,-1.250997221194765,0.024950998143964977,0
2024-03-14 16:00:00,0,0.14782535701309996,0.02308868349857787,0
2024-03-15 00:00:00,0,-0.35751761311784175,0.023090262315945433,0
2024-03-15 04:00:00,0,0.34502209303833303,0.02393252203869813,0
2024-03-15 08:00:00,0,-0.0658529315792458,0.02468550588087457,0
2024-03-15 12:00:00,0,-2.5766554309843976,0.024773413906428503,0
2024-03-15 16:00:00,0,0.5061868716884037,0.021898545350335447,0
2024-03-18 00:00:00,0,0.4806209200226166,0.023044099121431218,0
2024-03-18 04:00:00,0,0.5116849485745879,0.023863691337560753,0
2024-03-18 08:00:00,0,0.9271811842761148,0.024733539342383433,0
2024-03-18 12:00:00,0,-0.2693647938753433,0.0243868594219478,0
2024-03-18 16:00:00,0,-0.23126088147015503,0.023700393788894263,0
2024-03-19 00:00:00,0,0.26578217364174245,0.024091944860024313,0
2024-03-19 04:00:00,0,0.35562227846425354,0.024818945946861987,0
2024-03-19 08:00:00,0,-0.972863225871328,0.024886248867213825,0
2024-03-19 12:00:00,0,1.1228906429333663,0.02369000133866992,0
2024-03-19 16:00:00,0,0.29467625370369055,0.02200423045854514,0
2024-03-20 00:00:00,0,-0.14607890565087842,0.023602531679547317,0
2024-03-20 04:00:00,0,0.07430299987711053,0.024863200510510847,0
2024-03-20 08:00:00,0,0.598832405370684,0.02585192522831629,0
2024-03-20 12:00:00,0,-0.09736012177281637,0.025845825222500028,0
2024-03-20 16:00:00,0,2.7534241032821187,0.02590788734519411,0
2024-03-21 00:00:00,0,0.37554714058147587,0.023279490531171617,0
2024-03-21 04:00:00,0,0.2157111029606571,0.02426617927592566,0
2024-03-21 08:00:00,0,0.39800041273473147,0.024751962291810446,0
2024-03-21 12:00:00,0,0.3183322104423494,0.025037229698963222,0
2024-03-21 16:00:00,0,-1.1270416593584431,0.025191414727481112,0
2024-03-22 00:00:00,0,-0.12619134195732717,0.025640852801651185,0
2024-03-22 04:00:00,0,0.17302536392453,0.026230789124615943,0
2024-03-22 08:00:00,0,-0.7230481597402814,0.02694003535126323,0
2024-03-22 12:00:00,0,0.5306374578539713,0.0263509381080246,0
2024-03-22 16:00:00,0,-0.15355312418938186,0.026644098538670512,0
2024-03-25 00:00:00,0,-0.19623092858063998,0.02797036508800695,0
2024-03-25 04:00:00,0,-0.178596655854788,0.02918105896881253,0
2024-03-25 08:00:00,0,-0.9482952162099603,0.030290034849922702,0
2024-03-25 12:00:00,0,0.6378722974332103,0.029627846967719012,0
2024-03-25 16:00:00,0,0.0600848258894752,0.028339683162027132,0
2024-03-26 00:00:00,0,-0.15973059313025856,0.030457485821345557,0
2024-03-26 04:00:00,0,0.7700719621212856,0.03157613263116142,0
2024-03-26 08:00:00,0,-0.31921594630229577,0.03170473894682027,0
2024-03-26 12:00:00,0,-0.3724381667270841,0.032130251400771234,0
2024-03-26 16:00:00,0,-0.8505280602439356,0.032022538061665495,0
2024-03-27 00:00:00,0,0.35335183738053816,0.0320203981210795,0
2024-03-27 04:00:00,0,-0.0980129778666323,0.03332442607052574,0
2024-03-27 08:00:00,0,0.5321376088957795,0.03393720672951926,0
2024-03-27 12:00:00,0,-1.5597310069665573,0.034787133771958176,0
2024-03-27 16:00:00,0,0.8355702520155434,0.03064593931408786,0
2024-03-28 00:00:00,0,0.0,0.03080164882389223,0
2024-03-28 04:00:00,0,-0.2598452336997699,0.03251517651390896,0
2024-03-28 08:00:00,0,0.24101141195749723,0.03370419594661672,0
2024-03-28 12:00:00,0,-0.24062373226901154,0.033850111318376966,0
2024-03-28 16:00:00,0,-0.2550675885125217,0.033471502269583064,0
2024-04-01 00:00:00,0,-0.062087780453539416,0.03126401737705706,0
2024-04-01 04:00:00,0,-0.1396048091421935,0.032563546153530874,0
2024-04-01 08:00:00,0,-0.8677734108379751,0.03347966617177954,0
2024-04-01 12:00:00,0,-0.6605996729274197,0.03281127746214616,0
2024-04-01 16:00:00,0,0.3490455678548534,0.029380342654593897,0
2024-04-02 00:00:00,0,0.12764067558639833,0.030332944222116458,0
2024-04-02 04:00:00,0,0.013324021041272636,0.031672730269681246,0
2024-04-02 08:00:00,0,-1.8592470741322302,0.032056966559470663,0
2024-04-02 12:00:00,0,-0.5965517521850753,0.02934367863409729,0
2024-04-02 16:00:00,0,0.6409907928671851,0.0278438955612688,0
2024-04-03 00:00:00,0,-0.14496656230420935,0.029055384890438275,0
2024-04-03 04:00:00,0,-0.13355492701360389,0.03066683266016609,0
2024-04-03 08:00:00,0,-0.2537116312631133,0.03165284153546096,0
2024-04-03 12:00:00,0,1.9108620150737448,0.03178743197707719,0
2024-04-03 16:00:00,0,-0.27358237539185276,0.02816030595130686,0
2024-04-04 00:00:00,0,0.16371472352827338,0.026799517363551153,0
2024-04-04 04:00:00,0,-0.08005194201122415,0.028155776812157238,0
2024-04-04 08:00:00,0,1.09107366317538,0.02897574128055637,0
2024-04-04 12:00:00,0,0.23550236706647068,0.028676231372298373,0
2024-04-04 16:00:00,0,-5.806916097237655,0.028598366020675347,0
2024-04-05 00:00:00,0,0.14159735377462307,0.021284949434043184,0
2024-04-05 04:00:00,0,0.2506323046131527,0.022061895145820656,0
2024-04-05 08:00:00,0,0.058997647836502784,0.022958015062039275,0
2024-04-05 12:00:00,0,2.409665647515413,0.022384669432453784,0
2024-04-05 16:00:00,0,-0.7438063286424151,0.02001353169131292,0
2024-04-08 00:00:00,0,-0.21775780601694777,0.019929108603759137,0
2024-04-08 04:00:00,0,-0.12025668804107233,0.020588492811190313,0
2024-04-08 08:00:00,0,0.7277543644732627,0.02080519557760497,0
2024-04-08 12:00:00,0,-0.3748925761567832,0.021050973244189197,0
2024-04-08 16:00:00,0,-0.044798721774386006,0.020713949389000362,0
2024-04-09 00:00:00,0,0.1802629777101405,0.022662512924486858,0
2024-04-09 04:00:00,0,-0.10123521001898039,0.02387025968923537,0
2024-04-09 08:00:00,0,0.5824119604889785,0.02440147830540551,0
2024-04-09 12:00:00,0,-0.9882205095003858,0.024125055204470457,0
2024-04-09 16:00:00,0,1.104657803609941,0.02174998564505001,0
2024-04-10 00:00:00,0,0.025696098084830674,0.022121623630621094,0
2024-04-10 04:00:00,0,0.20851521859059582,0.023522529700994336,0
2024-04-10 08:00:00,0,-3.0758226785508374,0.024640865102206727,0
2024-04-10 12:00:00,0,0.6812157685187639,0.01972233808950185,0
2024-04-10 16:00:00,0,0.004926522048112994,0.01923894715914079,0
2024-04-11 00:00:00,0,0.3474184445299153,0.020218128813051343,0
2024-04-11 04:00:00,0,-0.41216347282954013,0.021099202152162374,0
2024-04-11 08:00:00,0,0.8104700543009467,0.021779728583931138,0
2024-04-11 12:00:00,0,0.5548422041351189,0.02095133929169826,0
2024-04-11 16:00:00,0,1.522592831388471,0.02046752132372769,0
2024-04-12 00:00:00,0,-0.051727920295822294,0.020538139503971035,0
2024-04-12 04:00:00,0,-0.39524743902494636,0.021867881765237223,0
2024-04-12 08:00:00,0,-1.1653549473358036,0.022474947568666734,0
2024-04-12 12:00:00,0,-1.4897248384057864,0.021948814242644502,0
2024-04-12 16:00:00,0,0.08477142873865844,0.02055857094798948,0
2024-04-15 00:00:00,0,0.22771890822778765,0.02140915825785232,0
2024-04-15 04:00:00,0,0.2690677124086859,0.022222826474224286,0
2024-04-15 08:00:00,0,0.5025659945500937,0.023202674759373394,0
2024-04-15 12:00:00,0,-2.197503788935449,0.02352086894453096,0
2024-04-15 16:00:00,0,-2.1110199367373257,0.02083794147767798,0
2024-04-16 00:00:00,0,-0.3173402393269387,0.01935437421755587,0
2024-04-16 04:00:00,0,0.20736958773337127,0.01968062142970741,0
2024-04-16 08:00:00,0,0.24670295071691759,0.020488553633309956,0
2024-04-16 12:00:00,0,0.1698736986939648,0.020364070927156225,0
2024-04-16 16:00:00,0,-0.1691437158908876,0.020382789578936147,0
2024-04-17 00:00:00,0,0.21629054418443905,0.020606989208022335,0
2024-04-17 04:00:00,0,-0.21160913191236522,0.021730115341856693,0
2024-04-17 08:00:00,0,0.15912945957411642,0.02100658732959719,0
2024-04-17 12:00:00,0,-2.7005499893898306,0.021735610594223662,0
2024-04-17 16:00:00,0,0.15512849305179313,0.018385310058132178,0
2024-04-18 00:00:00,0,0.24557068907621263,0.019007279246044114,0
2024-04-18 04:00:00,0,-0.032720844035557015,0.019938356800464317,0
2024-04-18 08:00:00,0,-0.3728346354586562,0.02062709835047048,0
2024-04-18 12:00:00,0,-0.6630504624765724,0.021169634207844942,0
2024-04-18 16:00:00,0,-0.7200120452650617,0.019974268209246384,0
2024-04-19 00:00:00,0,-0.6059322160727899,0.019631943401854365,0
2024-04-19 04:00:00,0,0.3595255285472148,0.017913125592756304,0
2024-04-19 08:00:00,0,0.8457160373538231,0.018094356345088918,0
2024-04-19 12:00:00,0,-1.8524153782923092,0.01801097513177336,0
2024-04-19 16:00:00,0,-0.7645477283228085,0.016024576898553862,0
2024-04-22 00:00:00,0,0.32963113984230824,0.015598044552255165,0
2024-04-22 04:00:00,0,-0.020213522932482103,0.016368328318589143,0
2024-04-22 08:00:00,0,0.25847686805942716,0.016944194658026792,0
2024-04-22 12:00:00,0,-0.17729637823613859,0.017608175444291156,0
2024-04-22 16:00:00,0,0.5492546522975186,0.017080880663172246,0
2024-04-23 00:00:00,0,-0.007668317898720708,0.017146657881100594,0
2024-04-23 04:00:00,0,0.42441850079627985,0.017933020846883262,0
2024-04-23 08:00:00,0,0.3178945930451691,0.01842024269858615,0
2024-04-23 12:00:00,0,1.4444250418376374,0.019053880677617825,0
2024-04-23 16:00:00,0,0.5041780948815519,0.018316569293259453,0
2024-04-24 00:00:00,0,0.11036649350921608,0.019415010455604658,0
2024-04-24 04:00:00,0,-0.27703537237576553,0.020426835957366697,0
2024-04-24 08:00:00,0,0.09164257605992998,0.021146343358400838,0
2024-04-24 12:00:00,0,-0.7804003168675891,0.021460126215172765,0
2024-04-24 16:00:00,0,-1.004738020801162,0.019778431645392253,0
2024-04-25 00:00:00,0,-0.3046116411504457,0.019079368678647592,0
2024-04-25 04:00:00,0,0.38001025973119706,0.019931245120776334,0
2024-04-25 08:00:00,0,-1.020891449923609,0.020136800696279624,0
2024-04-25 12:00:00,0,0.9635731343208586,0.019476876331485433,0
2024-04-25 16:00:00,0,2.6165368007072707,0.01866178261460036,0
2024-04-26 00:00:00,0,0.07117778681348316,0.017178840848484183,0
2024-04-26 04:00:00,0,-0.23829819011718145,0.018111399010211547,0
2024-04-26 08:00:00,0,-0.06461279234258784,0.018721785274589443,0
2024-04-26 12:00:00,0,1.253672974409258,0.01870046418253963,0
2024-04-26 16:00:00,0,-0.35463282178529015,0.0178726800860071,0
2024-04-29 00:00:00,0,0.2148244531999895,0.019102885155704893,0
2024-04-29 04:00:00,0,-0.1348013228407467,0.02011311272224663,0
2024-04-29 08:00:00,0,0.24827219416670934,0.02107762868146027,0
2024-04-29 12:00:00,0,-0.2292917909720912,0.021786382116648798,0
2024-04-29 16:00:00,0,0.13491724259915455,0.021595751333573374,0
2024-04-30 00:00:00,0,-0.0024280501862253673,0.02246768802818453,0
2024-04-30 04:00:00,0,-0.3565319471239126,0.02388371111038552,0
2024-04-30 08:00:00,0,-0.46781082767331694,0.02488579970771379,0
2024-04-30 12:00:00,0,-1.3070247592723558,0.024610556577157373,0
2024-04-30 16:00:00,0,-1.9268698141764147,0.022419345509967492,0
2024-05-01 00:00:00,0,0.1280899666558073,0.02071316206314239,0
2024-05-01 04:00:00,0,-0.5149871961258752,0.0218698668103147,0
2024-05-01 08:00:00,0,0.24898629139683776,0.022280322358882207,0
2024-05-01 12:00:00,0,-0.6585177338149755,0.022264060065917732,0
2024-05-01 16:00:00,0,0.4036745459114329,0.021883249720884634,0
2024-05-02 00:00:00,0,0.11989825393859607,0.019076923880306084,0
2024-05-02 04:00:00,0,0.0585170304346482,0.0201144531782017,0
2024-05-02 08:00:00,0,0.13821726167659712,0.02057649533837264,0
2024-05-02 12:00:00,0,-0.4205859568978213,0.021271732603485284,0
2024-05-02 16:00:00,0,1.842553572513124,0.019823049926664185,0
2024-05-03 00:00:00,0,-0.10278174517253762,0.019257130368102674,0
2024-05-03 04:00:00,0,0.07270743031218768,0.020224944001381296,0
2024-05-03 08:00:00,0,1.4932551946177883,0.021093608305501985,0
2024-05-03 12:00:00,0,0.4164290177924357,0.019816761917210848,0
2024-05-03 16:00:00,0,0.45333127526862793,0.01949550083692378,0
2024-05-06 00:00:00,0,-0.10399947873708994,0.020869646392069112,0
2024-05-06 04:00:00,0,0.31088451143423207,0.02210955209591404,0
2024-05-06 08:00:00,0,0.2916936355932239,0.02299230216080433,0
2024-05-06 12:00:00,0,0.6021301309379504,0.023971601696313512,0
2024-05-06 16:00:00,0,0.7141125341671521,0.024380943604046836,0
2024-05-07 00:00:00,0,0.06810693995391767,0.02562089067992113,0
2024-05-07 04:00:00,0,0.12510965091961096,0.027124091487580184,0
2024-05-07 08:00:00,0,-0.03837462447407976,0.02821461278916534,0
2024-05-07 12:00:00,0,0.5800677487792236,0.02910404904971798,0
2024-05-07 16:00:00,0,-0.5172135213104733,0.029185965157494224,0
2024-05-08 00:00:00,0,-0.2809098710308112,0.0300517215362196,0
2024-05-08 04:00:00,0,0.08681858859565501,0.03142190415823683,0
2024-05-08 08:00:00,0,-1.3752707046021826,0.032646302388749944,0
2024-05-08 12:00:00,0,0.9706509246332949,0.030716801326557193,0
2024-05-08 16:00:00,0,-0.08086284047267242,0.028566582529029168,0
2024-05-09 00:00:00,0,-0.2187637099273975,0.030673546514038114,0
2024-05-09 04:00:00,0,-0.33549055003900075,0.03212340694060628,0
2024-05-09 08:00:00,0,0.9129138695867877,0.03310983847684793,0
2024-05-09 12:00:00,0,0.3450325251750049,0.032491141882261876,0
2024-05-09 16:00:00,0,0.07657334707196922,0.03084157435465994,0
2024-05-10 00:00:00,0,-0.04573774773681113,0.033183147534000416,0
2024-05-10 04:00:00,0,0.9148921623221362,0.03493469450365133,0
2024-05-10 08:00:00,0,-0.5745635944023972,0.035040429599012844,0
2024-05-10 12:00:00,0,-0.08407115871551715,0.035434972253593953,0
2024-05-10 16:00:00,0,-0.07719008259314787,0.032236330377171614,0
2024-05-13 00:00:00,0,0.3956655490023294,0.03402113748417539,0
2024-05-13 04:00:00,0,-0.11197729415757281,0.035323744572487645,0
2024-05-13 08:00:00,0,0.7009916022922252,0.0368926084771342,0
2024-05-13 12:00:00,0,-0.4893036495888736,0.0375169207979282,0
2024-05-13 16:00:00,0,-0.08975079349928372,0.036623700748401655,0
2024-05-14 00:00:00,0,-0.12667567977672262,0.03865633759711165,0
2024-05-14 04:00:00,0,0.619506564975301,0.040729540490622544,0
2024-05-14 08:00:00,0,-0.777802507360611,0.04182936764268071,0
2024-05-14 12:00:00,0,0.8868924953516125,0.03765518682872449,0
2024-05-14 16:00:00,0,1.3587019801073026,0.03554203397834738,0
2024-05-15 00:00:00,0,0.02936064265775747,0.03497839788675834,0
2024-05-15 04:00:00,0,0.0879411937172332,0.036448584790499346,0
2024-05-15 08:00:00,0,1.4884457659567385,0.03814261790201927,0
2024-05-15 12:00:00,0,1.7160497731349849,0.03476033458683141,0
2024-05-15 16:00:00,0,0.8175379366000034,0.03134183749341727,0
2024-05-16 00:00:00,0,-0.03014545195762183,0.032471250575101356,0
2024-05-16 04:00:00,0,-0.07040500566744058,0.0341208986890636,0
2024-05-16 08:00:00,0,-0.35895246185917545,0.03569297839191508,0
2024-05-16 12:00:00,0,0.576726731143975,0.03642560760279477,0
2024-05-16 16:00:00,0,-1.4210798455666855,0.03572529159431175,0
2024-05-17 00:00:00,0,0.07211731774299932,0.03591045014479574,0
2024-05-17 04:00:00,0,-0.3575832000545877,0.037774908433649064,0
2024-05-17 08:00:00,0,0.7459034944421058,0.038051104085850024,0
2024-05-17 12:00:00,0,-0.6819245723416969,0.03876222846072488,0
2024-05-17 16:00:00,0,-0.11830420332962147,0.0380548415845546,0
2024-05-20 00:00:00,0,0.08545667225284553,0.03756551761120231,0
2024-05-20 04:00:00,0,-0.15563031562409757,0.039603171835918126,0
2024-05-20 08:00:00,0,-0.21011494684975277,0.04144005610999654,0
2024-05-20 12:00:00,0,2.438547021285267,0.04208071349103508,0
2024-05-20 16:00:00,0,-0.7077183475071,0.037684134536933256,0
2024-05-21 00:00:00,0,-0.03196900201887154,0.03883151590867421,0
2024-05-21 04:00:00,0,-0.1986544908599411,0.0410568817312671,0
2024-05-21 08:00:00,0,-0.4225543023272047,0.04271562119395159,0
2024-05-21 12:00:00,0,0.5403667381627651,0.043346812440318044,0
2024-05-21 16:00:00,0,0.8623514152883527,0.04144285393206245,0
2024-05-22 00:00:00,0,-0.02199302605361737,0.042874106687081054,0
2024-05-22 04:00:00,0,-0.30573249582219014,0.04513069945392447,0
2024-05-22 08:00:00,0,0.20417460873562265,0.04625312106281334,0
2024-05-22 12:00:00,0,0.028371983310936794,0.04607558071927534,0
2024-05-22 16:00:00,0,0.2727544334055258,0.046319550019985826,0
2024-05-23 00:00:00,0,1.505330741108824,0.038639550764859226,0
2024-05-23 04:00:00,0,-0.4146648208346539,0.037029298083275014,0
2024-05-23 08:00:00,0,1.080288613058489,0.03821361230509511,0
2024-05-23 12:00:00,0,-2.4423778390309554,0.03720454615650069,0
2024-05-23 16:00:00,0,-2.085845341168538,0.03211371583312783,0
2024-05-24 00:00:00,0,-0.05920600716175929,0.02872353961682242,0
2024-05-24 04:00:00,0,0.2899811884372688,0.03026882185323391,0
2024-05-24 08:00:00,0,0.2123288571675089,0.030796964484692865,0
2024-05-24 12:00:00,0,1.6907032450664854,0.03169604292984329,0
2024-05-24 16:00:00,0,-0.16600895633333168,0.029013638902976806,0
2024-05-27 00:00:00,0,0.1636947273109894,0.029646393087072207,0
2024-05-27 04:00:00,0,0.18191794392211688,0.031236161621275054,0
2024-05-27 08:00:00,0,-0.08683502755877336,0.03269486374654508,0
2024-05-27 12:00:00,0,1.1667512605014865,0.03457690720237673,0
2024-05-28 00:00:00,0,0.327364332635364,0.034164322412815695,0
2024-05-28 04:00:00,0,0.8105292251993671,0.03541423998881334,0
2024-05-28 08:00:00,0,-0.8849200030567498,0.03550358432167266,0
2024-05-28 12:00:00,0,0.06418018229914028,0.03499491455919081,0
2024-05-28 16:00:00,0,0.42419859940145627,0.03382613284531315,0
2024-05-29 00:00:00,0,-0.15207560753975113,0.03242827756022733,0
2024-05-29 04:00:00,0,-1.000860651765746,0.03343111861603269,0
2024-05-29 08:00:00,0,-0.577030512955777,0.03254299556858965,0
2024-05-29 12:00:00,0,1.2675711683722957,0.0328844532689474,0
2024-05-29 16:00:00,0,-1.6208784309409723,0.03150668985556186,0
2024-05-30 00:00:00,0,-0.4533440589570903,0.030342311453294753,0
2024-05-30 04:00:00,0,0.7194623892754476,0.0310464445717388,0
2024-05-30 08:00:00,0,0.40899911622937374,0.03109698127623723,0
2024-05-30 12:00:00,0,-0.8918947413293246,0.031304925481717503,0
2024-05-30 16:00:00,0,-1.2228598690991188,0.029281531521420448,0
2024-05-31 00:00:00,0,0.3115845072231481,0.02677503025608287,0
2024-05-31 04:00:00,0,-0.11274109592989656,0.027835813522375807,0
2024-05-31 08:00:00,0,1.2206448797338751,0.02846167345010395,0
2024-05-31 12:00:00,0,-3.8942757962645427,0.026443387950322157,0
2024-05-31 16:00:00,0,2.3894104278747075,0.02073811688335019,0
2024-06-03 00:00:00,0,0.11687349905709209,0.01885778348709838,0
2024-06-03 04:00:00,0,0.15394276651981387,0.019889467386001662,0
2024-06-03 08:00:00,0,0.149610917015291,0.020730634289519538,0
2024-06-03 12:00:00,0,-1.8043080282448047,0.021607016683511112,0
2024-06-03 16:00:00,0,1.4236809121283769,0.019250430363630586,0
2024-06-04 00:00:00,0,-0.19576846506295603,0.019360827200726204,0
2024-06-04 04:00:00,0,-0.7705452218711809,0.020396753354156087,0
2024-06-04 08:00:00,0,0.44909153917902395,0.02044708999379598,0
2024-06-04 12:00:00,0,0.16916382096588264,0.02070864543865944,0
2024-06-04 16:00:00,0,0.6658619471360955,0.021002531920461514,0
2024-06-05 00:00:00,0,0.2534158372776544,0.02145663319337471,0
2024-06-05 04:00:00,0,-0.013787165427373273,0.022390581832472747,0
2024-06-05 08:00:00,0,0.6634317337723439,0.02312982873402881,0
2024-06-05 12:00:00,0,1.6927901499611127,0.023720030113277522,0
2024-06-05 16:00:00,0,0.7783917842710764,0.022373065243779716,0
2024-06-06 00:00:00,0,0.12071773032372843,0.02348035275146795,0
2024-06-06 04:00:00,0,-0.08456010720236963,0.02467362912635605,0
2024-06-06 08:00:00,0,0.02869525349156915,0.025876411741243856,0
2024-06-06 12:00:00,0,-0.3874152393645445,0.026479046125435186,0
2024-06-06 16:00:00,0,0.12751838569297047,0.02664465645100925,0
2024-06-07 00:00:00,0,0.12417481339007341,0.028633553207017864,0
2024-06-07 04:00:00,0,-0.15590000410297505,0.030308423905546528,0
2024-06-07 08:00:00,0,-1.1867414906797418,0.03173043649362966,0
2024-06-07 12:00:00,0,1.8465054141924258,0.028737498045201003,0
2024-06-07 16:00:00,0,-1.204797141733031,0.02705637251696149,0
2024-06-10 00:00:00,0,0.14750217030854976,0.026542598704683996,0
2024-06-10 04:00:00,0,-0.5649688388945543,0.02807165314351539,0
2024-06-10 08:00:00,0,-0.03483625540430304,0.028664112763209338,0
2024-06-10 12:00:00,0,1.325032950429679,0.029157971957391806,0
2024-06-10 16:00:00,0,0.012386947723051524,0.027960426479277017,0
2024-06-11 00:00:00,0,0.09411462772320205,0.029181310451994118,0
2024-06-11 04:00:00,0,-0.30580584838583863,0.030947778515601647,0
2024-06-11 08:00:00,0,-0.08289523608174883,0.031595436031022966,0
2024-06-11 12:00:00,0,0.5413552324562237,0.03254206100700976,0
2024-06-11 16:00:00,0,1.8352637265125664,0.030777780513048095,0
2024-06-12 00:00:00,0,0.14089251472080142,0.03000745772323772,0
2024-06-12 04:00:00,0,0.03159840486328316,0.0316420801340615,0
2024-06-12 08:00:00,0,2.1279933366934807,0.03297438145646051,0
2024-06-12 12:00:00,0,1.0357943436535615,0.029868383645666585,0
2024-06-12 16:00:00,0,1.0838409033936487,0.027948878030323376,0
2024-06-13 00:00:00,0,0.2420014913793348,0.027446009958274814,0
2024-06-13 04:00:00,0,0.014146755564300083,0.028897399332281977,0
2024-06-13 08:00:00,0,-0.09913673589963277,0.02977470346893819,0
2024-06-13 12:00:00,0,-0.9978157462367744,0.02937666295678689,0
2024-06-13 16:00:00,0,0.6821273057392395,0.027513456741797296,0
2024-06-14 00:00:00,0,0.23402783839882155,0.028779238032652907,0
2024-06-14 04:00:00,0,-0.25171825257227565,0.030225960565500146,0
2024-06-14 08:00:00,0,-0.6627439257382636,0.031113232809074583,0
2024-06-14 12:00:00,0,0.829431048363558,0.029975758710775402,0
2024-06-14 16:00:00,0,0.729329202061644,0.029810110860692907,0
2024-06-17 00:00:00,0,-0.06668922144990602,0.031064039217394403,0
2024-06-17 04:00:00,0,0.20155869473838275,0.03279475285261228,0
2024-06-17 08:00:00,0,-0.16673679765321378,0.03286974078260091,0
2024-06-17 12:00:00,0,1.8293064388176274,0.03395610112212417,0
2024-06-17 16:00:00,0,1.0665314731693825,0.030273466364007944,0
2024-06-18 00:00:00,0,-0.09041591679385788,0.029289744215741084,0
2024-06-18 04:00:00,0,0.5565310033975938,0.030554512475863296,0
2024-06-18 08:00:00,0,-0.189640478288981,0.0312602174244416,0
2024-06-18 12:00:00,0,-0.07574633516238222,0.03144812381735851,0
2024-06-18 16:00:00,0,0.06247117634733721,0.03117257019820806,0
2024-06-19 00:00:00,0,0.07976380963756702,0.03313292589674934,0
2024-06-19 04:00:00,0,0.15536282113862557,0.035089414960250524,0
2024-06-19 08:00:00,0,0.18070427919086518,0.03683397596987832,0
2024-06-19 12:00:00,0,-0.1645396715477188,0.038876512686200244,0
2024-06-19 16:00:00,0,0.0007798753760226757,0.040527007691095865,0
2024-06-20 00:00:00,0,0.9880381915642744,0.045353094621598,0
2024-06-20 04:00:00,0,0.38862081969102563,0.04508063215936261,0
2024-06-20 08:00:00,0,-1.0436237886936477,0.044722430801389434,0
2024-06-20 12:00:00,0,-3.1228621813523816,0.04356977806813843,0
2024-06-20 16:00:00,0,-0.3876722504647988,0.034999835684580365,0
2024-06-21 00:00:00,0,0.44262563064114413,0.03454911549412096,0
2024-06-21 04:00:00,0,-1.2837317646669584,0.03588831031388924,0
2024-06-21 08:00:00,0,0.7441447196505012,0.033547894132455264,0
2024-06-21 12:00:00,0,-0.45809127391820315,0.03365224002924821,0
2024-06-21 16:00:00,0,0.14389365495301823,0.03120241224402851,0
2024-06-24 00:00:00,0,-0.4915366087385438,0.03322416504949707,0
2024-06-24 04:00:00,0,0.4555296607195935,0.03272594589658123,0
2024-06-24 08:00:00,0,-0.9451373039715215,0.03333628985780643,0
2024-06-24 12:00:00,0,-1.0464864310422461,0.03292061631446834,0
2024-06-24 16:00:00,0,-1.1618725159304788,0.03014973775671811,0
2024-06-25 00:00:00,0,0.541556209292922,0.03025000098894038,0
2024-06-25 04:00:00,0,0.19030280232958877,0.03105178590644054,0
2024-06-25 08:00:00,0,0.1726257338615197,0.030859407668566572,0
2024-06-25 12:00:00,0,0.5644867377899544,0.031897046695861415,0
2024-06-25 16:00:00,0,1.1080752354388592,0.029522201978961982,0
2024-06-26 00:00:00,0,0.017431374616868438,0.029862460632741155,0
2024-06-26 04:00:00,0,0.6835212235782712,0.0314108795330401,0
2024-06-26 08:00:00,0,-1.3825999650499416,0.03158155811214658,0
2024-06-26 12:00:00,0,0.4655775595221185,0.030425871956951556,0
2024-06-26 16:00:00,0,-0.24545912931736405,0.029433850097538603,0
2024-06-27 00:00:00,0,0.5497795335809706,0.028877961604026912,0
2024-06-27 04:00:00,0,0.2008592576781592,0.029866375343534035,0
2024-06-27 08:00:00,0,0.5444131530327112,0.031077980782806356,0
2024-06-27 12:00:00,0,0.3306098966775199,0.03198579424116377,0
2024-06-27 16:00:00,0,0.4304634787393712,0.02990735227867516,0
2024-06-28 00:00:00,0,0.29510724447463477,0.031124975201987783,0
2024-06-28 04:00:00,0,0.07399089244693918,0.031890062071034786,0
2024-06-28 08:00:00,0,-0.38885666870802055,0.033112596321032015,0
2024-06-28 12:00:00,0,-0.5731262345228098,0.03267096451207335,0
2024-06-28 16:00:00,0,-0.7578201172891297,0.02742922166166642,0
2024-07-01 00:00:00,0,-0.026156194250741956,0.026890633993279355,0
2024-07-01 04:00:00,0,-0.5892418666946592,0.028267346849545138,0
2024-07-01 08:00:00,0,0.5385282873363633,0.02792001162661496,0
2024-07-01 12:00:00,0,0.4147580502014618,0.028073817746497583,0
2024-07-01 16:00:00,0,0.302443704112802,0.025674926827974495,0
2024-07-02 00:00:00,0,-0.032870477852962515,0.026005971552030615,0
2024-07-02 04:00:00,0,-0.25148261032175095,0.027208098876032333,0
2024-07-02 08:00:00,0,-0.13895685311277595,0.027439808793156696,0
2024-07-02 12:00:00,0,1.9730247963701815,0.028179245164227186,0
2024-07-02 16:00:00,0,1.1265441486624015,0.0259823213467529,0
2024-07-03 00:00:00,0,0.0,0.0269911899378239,0
2024-07-03 04:00:00,0,0.2325705743753191,0.028729341200377678,0
2024-07-03 08:00:00,0,-0.5388495591095505,0.02980050055797958,0
2024-07-03 12:00:00,0,2.1834261397569223,0.030103407875640604,0
2024-07-03 16:00:00,0,0.051330702847485456,0.027519007725259923,0
2024-07-04 00:00:00,0,-0.02615153860048835,0.030518011571698433,0
2024-07-04 04:00:00,0,-0.03690008393607911,0.032291718494113546,0
2024-07-04 08:00:00,0,0.09486496106170493,0.03435610747049497,0
2024-07-04 12:00:00,0,-0.3517550263282395,0.03656173656374044,0
2024-07-05 00:00:00,0,0.2642143326339045,0.03856224810201805,0
2024-07-05 04:00:00,0,0.11142798026685401,0.04040179103534744,0
2024-07-05 08:00:00,0,-0.06312562827689153,0.04148875091907695,0
2024-07-05 12:00:00,0,2.424227539902494,0.03925340945166677,0
2024-07-05 16:00:00,0,0.020837788537688872,0.03451298446809439,0
2024-07-08 00:00:00,0,0.006860887679273104,0.03637703709270331,0
2024-07-08 04:00:00,0,0.19831228487653962,0.03824813918529017,0
2024-07-08 08:00:00,0,0.39735701574948246,0.03980398891402806,0
2024-07-08 12:00:00,0,0.08924186772795883,0.041232082307266965,0
2024-07-08 16:00:00,0,0.7542835083597252,0.04045525381662481,0
2024-07-09 00:00:00,0,0.14494535477221343,0.03969623188122929,0
2024-07-09 04:00:00,0,-0.08077866828978475,0.04108985037924946,0
2024-07-09 08:00:00,0,-0.14575388161296432,0.042759190889590314,0
2024-07-09 12:00:00,0,-0.7833205347125891,0.04373359002588677,0
2024-07-09 16:00:00,0,0.19731172011731432,0.040583831254928364,0
2024-07-10 00:00:00,0,0.09084245562240974,0.04215048441752416,0
2024-07-10 04:00:00,0,0.2480015595831304,0.04457924284254821,0
2024-07-10 08:00:00,0,0.3877322269438987,0.046040879573900836,0
2024-07-10 12:00:00,0,1.5987119378114063,0.04681130939715535,0
2024-07-10 16:00:00,0,0.7663614607831503,0.04247774506675151,0
2024-07-11 00:00:00,0,0.2848154482473212,0.043142858638599464,0
2024-07-11 04:00:00,0,0.020818424921855146,0.04480031358915765,0
2024-07-11 08:00:00,0,0.19136405866413672,0.04681008319004766,0
2024-07-11 12:00:00,0,-7.3747830209576914,0.043603050446296435,0
2024-07-11 16:00:00,0,-0.14578464794636842,0.028636689500187277,0
2024-07-12 00:00:00,0,-0.4041899118404371,0.028920052446036168,0
2024-07-12 04:00:00,0,0.4384939604690518,0.02971872693538377,0
2024-07-12 08:00:00,0,0.034609953758192334,0.030368734602584057,0
2024-07-12 12:00:00,0,2.1136842421660433,0.029148702070298026,0
2024-07-12 16:00:00,0,-0.896270512422687,0.026216479867308327,0
2024-07-15 00:00:00,0,0.1706220269213185,0.024459256142928924,0
2024-07-15 04:00:00,0,0.37647250074187755,0.02580181684941473,0
2024-07-15 08:00:00,0,-0.25326566072307066,0.026913236623003246,0
2024-07-15 12:00:00,0,0.46222381428039494,0.027732802404337443,0
2024-07-15 16:00:00,0,-0.22440862777033233,0.025667607542666917,0
2024-07-16 00:00:00,0,0.11150531089708565,0.02635815747312456,0
2024-07-16 04:00:00,0,-0.3878686743169656,0.027673211793639383,0
2024-07-16 08:00:00,0,0.3685116814279284,0.027394648900026398,0
2024-07-16 12:00:00,0,-0.9654969250666426,0.027851915519299008,0
2024-07-16 16:00:00,0,0.42974568483954756,0.02539786631030555,0
2024-07-17 00:00:00,0,-0.3980921167651486,0.026191151811447305,0
2024-07-17 04:00:00,0,-1.859778327999478,0.027174599881875355,0
2024-07-17 08:00:00,0,-0.5898927404373139,0.02461085750860849,0
2024-07-17 12:00:00,0,-2.048529511346544,0.024514421999868925,0
2024-07-17 16:00:00,0,-0.39039507277278257,0.021613024932094837,0
2024-07-18 00:00:00,0,-0.09116579270119178,0.02244729244517929,0
2024-07-18 04:00:00,0,0.6501658782358669,0.023301633814327656,0
2024-07-18 08:00:00,0,0.1517457982165317,0.02316541843048264,0
2024-07-18 12:00:00,0,-1.99678731198464,0.02296153191789618,0
2024-07-18 16:00:00,0,0.22379276497021777,0.0194038347580247,0
2024-07-19 00:00:00,0,0.07247833390219577,0.01962940292300182,0
2024-07-19 04:00:00,0,-0.9485033234659626,0.02082449843439092,0
2024-07-19 08:00:00,0,0.7138130481641547,0.019601995891370603,0
2024-07-19 12:00:00,0,-1.6111340810842623,0.019638219049139916,0
2024-07-19 16:00:00,0,-0.18767894589436215,0.01789639776601435,0
2024-07-22 00:00:00,0,-0.07057355817133179,0.018025904896350076,0
2024-07-22 04:00:00,0,0.10660834529506966,0.018463424370973414,0
2024-07-22 08:00:00,0,0.7203947848980917,0.019025855217049557,0
2024-07-22 12:00:00,0,0.3668122557593844,0.01924837718776316,0
2024-07-22 16:00:00,0,0.12302733907202483,0.018476540539389314,0
2024-07-23 00:00:00,0,0.028640118329276886,0.019642964479237714,0
2024-07-23 04:00:00,0,-0.16132269443026667,0.02048133430643486,0
2024-07-23 08:00:00,0,0.3973064997232304,0.02096852858546846,0
2024-07-23 12:00:00,0,-0.15548116643934676,0.021350139398689537,0
2024-07-23 16:00:00,0,-0.03772734053198716,0.02087660431064666,0
2024-07-24 00:00:00,0,-0.8060161661355488,0.020668620180426263,0
2024-07-24 04:00:00,0,0.12988771878524077,0.020669579504603863,0
2024-07-24 08:00:00,0,-0.9334291302006502,0.021073929760072448,0
2024-07-24 12:00:00,0,-2.5022544866738605,0.020682703030993826,0
2024-07-24 16:00:00,0,-0.4096532844735006,0.018080978875305135,0
2024-07-25 00:00:00,0,-0.28100349765952287,0.018268253526970167,0
2024-07-25 04:00:00,0,-0.42490908481081224,0.018737685794965566,0
2024-07-25 08:00:00,0,0.25473805165050956,0.017915886476996292,0
2024-07-25 12:00:00,0,0.7392696175200848,0.017812364663788643,0
2024-07-25 16:00:00,0,-2.0680871355122994,0.015280889533891999,0
2024-07-26 00:00:00,0,0.31196305017251985,0.014027625302564593,0
2024-07-26 04:00:00,0,0.6939256891964098,0.014761644229601172,0
2024-07-26 08:00:00,0,-0.24846306329508724,0.014923840732582797,0
2024-07-26 12:00:00,0,0.618755023274361,0.015470410215722177,0
2024-07-26 16:00:00,0,-0.6045192237599888,0.014977907261337893,0
2024-07-29 00:00:00,0,-0.0014909080674764142,0.014863615433088687,0
2024-07-29 04:00:00,0,-0.32884628472699845,0.01574001221374441,0
2024-07-29 08:00:00,0,0.38436707039009715,0.01601568634628939,0
2024-07-29 12:00:00,0,-0.009797235561241669,0.016285830364073266,0
2024-07-29 16:00:00,0,-0.5409625182306207,0.015486310957789157,0
2024-07-30 00:00:00,0,0.15395589280950017,0.015716128087310842,0
2024-07-30 04:00:00,0,0.43178958640803805,0.016112036807066528,0
2024-07-30 08:00:00,0,0.15747148347265424,0.01666589519460619,0
2024-07-30 12:00:00,0,-3.184966062255429,0.017327578814651984,0
2024-07-30 16:00:00,0,0.2467169283648677,0.014342136902116305,0
2024-07-31 00:00:00,0,0.15995887807054224,0.013600991866804177,0
2024-07-31 04:00:00,0,0.620578649953064,0.014122150368733126,0
2024-07-31 08:00:00,0,0.7583771524072433,0.014340754699411536,0
2024-07-31 12:00:00,0,0.4738395547759573,0.014515429884771325,0
2024-07-31 16:00:00,0,0.8615268827713667,0.014384163431412465,0
2024-08-01 00:00:00,0,0.12905220880440496,0.014095836855343324,0
2024-08-01 04:00:00,0,-0.8500745230180293,0.014764916290415148,0
2024-08-01 08:00:00,0,0.41505172743884916,0.01456623813030353,0
2024-08-01 12:00:00,0,-3.0104991801635235,0.014887371949013378,0
2024-08-01 16:00:00,0,-0.6129237896607106,0.01225769203496872,0
2024-08-02 00:00:00,0,-0.7220478430495388,0.012200755783750846,0
2024-08-02 04:00:00,0,-0.16307214785024718,0.011967207041867647,0
2024-08-02 08:00:00,0,-0.7155724630428252,0.01213233072246008,0
2024-08-02 12:00:00,0,-0.37846521464067967,0.011892448324261805,0
2024-08-02 16:00:00,0,0.0039724796281708505,0.011174635432233794,0
2024-08-05 00:00:00,0,-1.2671498886061725,0.01078037314161824,0
2024-08-05 04:00:00,0,-0.30751117286081314,0.010364947520685857,0
2024-08-05 08:00:00,0,-1.1768101095515207,0.009115999417849234,0
2024-08-05 12:00:00,0,1.8585261352745914,0.00832428804078112,0
2024-08-05 16:00:00,0,0.3236507973279403,0.007561219701434691,0
2024-08-06 00:00:00,0,-0.0041906193439712755,0.007946637095775519,0
2024-08-06 04:00:00,0,-0.5736119904660679,0.008290103458667744,0
2024-08-06 08:00:00,0,-0.3026246068153596,0.008293937410124106,0
2024-08-06 12:00:00,0,1.214664194285019,0.008357025251415337,0
2024-08-06 16:00:00,0,-1.1260046579446505,0.00810729659552307,0
2024-08-07 00:00:00,0,0.7919936672931175,0.008043390618548776,0
2024-08-07 04:00:00,0,-0.006845098267887582,0.008141821696728427,0
2024-08-07 08:00:00,0,0.12373589621786538,0.008358121146185345,0
2024-08-07 12:00:00,0,-0.5525169814634973,0.00880667111495719,0
2024-08-07 16:00:00,0,-1.5818500366657278,0.008668468454684003,0
2024-08-08 00:00:00,0,0.29422872449539894,0.008276485933571772,0
2024-08-08 04:00:00,0,0.026559657988919367,0.008523079306158674,0
2024-08-08 08:00:00,0,0.5992264550986163,0.008753843020671845,0
2024-08-08 12:00:00,0,0.9204178605724886,0.008765729871928155,0
2024-08-08 16:00:00,0,0.5423565560692679,0.008579445566679408,0
2024-08-09 00:00:00,0,-0.24113037242615817,0.009080017171131799,0
2024-08-09 04:00:00,0,0.6976840298799784,0.009297850870332277,0
2024-08-09 08:00:00,0,-0.8430253419499139,0.00949699709504037,0
2024-08-09 12:00:00,0,0.4135048414055135,0.009366599730063159,0
2024-08-09 16:00:00,0,0.28846832733451466,0.009640859306412486,0
2024-08-12 00:00:00,0,0.18426049578445208,0.010266635492902148,0
2024-08-12 04:00:00,0,-0.05930308527983807,0.010794310199229787,0
2024-08-12 08:00:00,0,0.12506823354355492,0.011280143984805058,0
2024-08-12 12:00:00,0,-0.18971992253040443,0.01188518753788345,0
2024-08-12 16:00:00,0,0.012634134208746374,0.011709410321457989,0
2024-08-13 00:00:00,0,0.09376938825693688,0.012772479284962251,0
2024-08-13 04:00:00,0,0.30435602413206947,0.013466347677870222,0
2024-08-13 08:00:00,0,0.38800244636361303,0.013766509645351973,0
2024-08-13 12:00:00,0,1.4411710715614232,0.013827923608929794,0
2024-08-13 16:00:00,0,0.1353952518123555,0.013456503089590644,0
2024-08-14 00:00:00,0,-0.023773636612647822,0.014696446061135003,0
2024-08-14 04:00:00,0,-0.10076351057977932,0.015324819100472337,0
2024-08-14 08:00:00,0,0.27763189138970606,0.015968039859269034,0
2024-08-14 12:00:00,0,-0.39072558167719484,0.016030865441449323,0
2024-08-14 16:00:00,0,0.473160286436082,0.015126933394528766,0
2024-08-15 00:00:00,0,0.2968992709862802,0.01611567661386365,0
2024-08-15 04:00:00,0,-0.40322323539678867,0.016752469269173075,0
2024-08-15 08:00:00,0,1.274275719135049,0.01720024099687305,0
2024-08-15 12:00:00,0,1.3138488569495028,0.016382187414990222,0
2024-08-15 16:00:00,0,0.18782649535150653,0.015818539594862232,0
2024-08-16 00:00:00,0,0.11913995259720765,0.017037644664463128,0
2024-08-16 04:00:00,0,0.03343120682656691,0.017875537755901238,0
2024-08-16 08:00:00,0,-1.0716477176047305,0.018479787279102503,0
2024-08-16 12:00:00,0,1.2175634813474474,0.017822165374471812,0
2024-08-16 16:00:00,0,-0.32964702599587437,0.017483306450084012,0
2024-08-19 00:00:00,0,-0.32460426994603325,0.018647104399767824,0
2024-08-19 04:00:00,0,-0.2757781033749843,0.019036103250471833,0
2024-08-19 08:00:00,0,0.3802504932907916,0.019395563990481153,0
2024-08-19 12:00:00,0,0.5536468567673726,0.019876298690075428,0
2024-08-19 16:00:00,0,1.231228094419809,0.019494849279700372,0
2024-08-20 00:00:00,0,0.13293401547532194,0.020127569325231767,0
2024-08-20 04:00:00,0,-0.06472728253924873,0.02083052569261398,0
2024-08-20 08:00:00,0,-0.21701876108262447,0.021347831582036816,0
2024-08-20 12:00:00,0,-0.6138916313921541,0.022156050294740378,0
2024-08-20 16:00:00,0,0.2099296520679603,0.02122654939183041,0
2024-08-21 00:00:00,0,0.2002156632055292,0.02236786939116068,0
2024-08-21 04:00:00,0,-0.4250771795304823,0.0234752831938388,0
2024-08-21 08:00:00,0,0.3439504292750493,0.0241935793883249,0
2024-08-21 12:00:00,0,0.30614360113067973,0.024798983525287782,0
2024-08-21 16:00:00,0,0.40748738212808977,0.023155626620148976,0
2024-08-22 00:00:00,0,-0.2736571285462184,0.024345548242028597,0
2024-08-22 04:00:00,0,0.16202700934013708,0.024949098789787693,0
2024-08-22 08:00:00,0,0.676837163846824,0.026013104496499722,0
2024-08-22 12:00:00,0,-2.835530577762877,0.02644769915478753,0
2024-08-22 16:00:00,0,-0.8282533266267658,0.021882915658439982,0
2024-08-23 00:00:00,0,0.35590713942787583,0.021713087167875796,0
2024-08-23 04:00:00,0,0.30347722234786745,0.02261277987730574,0
2024-08-23 08:00:00,0,0.40820379339977075,0.02372342616999663,0
2024-08-23 12:00:00,0,-0.7267716787893361,0.02435281358137176,0
2024-08-23 16:00:00,0,0.808307017800252,0.021279234202296077,0
2024-08-26 00:00:00,0,-0.2522203601881872,0.02121618534033049,0
2024-08-26 04:00:00,0,0.5675270813819113,0.02175203429869466,0
2024-08-26 08:00:00,0,-0.5927161216910841,0.022300413849883727,0
2024-08-26 12:00:00,0,-1.3518277190226493,0.022450492795945954,0
2024-08-26 16:00:00,0,-0.5610757842515021,0.020020224450561133,0
2024-08-27 00:00:00,0,0.3849842086612229,0.020795231448272895,0
2024-08-27 04:00:00,0,0.11878719619575255,0.021574375711167427,0
2024-08-27 08:00:00,0,-0.894150987675796,0.022349509028570403,0
2024-08-27 12:00:00,0,0.9483572403349547,0.02182686986182881,0
2024-08-27 16:00:00,0,0.07246884182669121,0.020268861769054545,0
2024-08-28 00:00:00,0,0.23501422046697418,0.021351374020953016,0
2024-08-28 04:00:00,0,0.4546203893920081,0.022284910151030245,0
2024-08-28 08:00:00,0,-0.36227570144589943,0.02294956134033446,0
2024-08-28 12:00:00,0,-1.7351498429213348,0.02330263911916184,0
2024-08-28 16:00:00,0,-1.1467720524899356,0.020326144284115173,0
2024-08-29 00:00:00,0,0.36926857650480777,0.018360675355316478,0
2024-08-29 04:00:00,0,0.9112988754353423,0.018940115591656148,0
2024-08-29 08:00:00,0,0.44834897769734344,0.01891919571266049,0
2024-08-29 12:00:00,0,1.3900235278177004,0.01924374823808992,0
2024-08-29 16:00:00,0,-1.491574597254176,0.018466554398257024,0
2024-08-30 00:00:00,0,0.13992372161021013,0.017436541163506944,0
2024-08-30 04:00:00,0,0.3946039767308888,0.01830579320871564,0
2024-08-30 08:00:00,0,0.061423830231935636,0.018854146780922235,0
2024-08-30 12:00:00,0,-0.493024497510368,0.019480054380309603,0
2024-08-30 16:00:00,0,0.943252414790071,0.018152369373790764,0
2024-09-02 00:00:00,0,-0.18968834902153342,0.01855554868077708,0
2024-09-02 04:00:00,0,-0.09684352268851863,0.019298834100012617,0
2024-09-02 08:00:00,0,0.2954566093478659,0.019767926425889405,0
2024-09-02 12:00:00,0,0.31145915558182347,0.02060819401528318,0
2024-09-03 00:00:00,0,-0.3166074522027565,0.02089314105040959,0
2024-09-03 04:00:00,0,-0.46513514001395107,0.02120316680445975,0
2024-09-03 08:00:00,0,-0.16168275097471,0.020814959481573223,0
2024-09-03 12:00:00,0,-2.891634786080332,0.021362499225851476,0
2024-09-03 16:00:00,0,-1.087018274173412,0.01815692708000421,0
2024-09-04 00:00:00,0,0.1086055606754848,0.01661442676345376,0
2024-09-04 04:00:00,0,0.28537161402409306,0.016959204525122503,0
2024-09-04 08:00:00,0,0.006237468827318379,0.017395771080173553,0
2024-09-04 12:00:00,0,1.141601003785149,0.017792128248872205,0
2024-09-04 16:00:00,0,-0.6760795680102913,0.01674382174804989,0
2024-09-05 00:00:00,0,-0.5468210262492905,0.01686845575804134,0
2024-09-05 04:00:00,0,0.40730273139911116,0.017119010664662704,0
2024-09-05 08:00:00,0,-0.5733473734985755,0.01738291958462806,0
2024-09-05 12:00:00,0,0.29670936819445654,0.01732178520791556,0
2024-09-05 16:00:00,0,-0.05321432685731387,0.016044369047138636,0
2024-09-06 00:00:00,0,0.3881492378362937,0.016390026962956532,0
2024-09-06 04:00:00,0,-1.1381415175213478,0.016718277547297752,0
2024-09-06 08:00:00,0,1.3675313359421002,0.016239850404864548,0
2024-09-06 12:00:00,0,-3.0955271460200087,0.015671086253519477,0
2024-09-06 16:00:00,0,-0.4087261786524856,0.013010375668127998,0
2024-09-09 00:00:00,0,0.4720522314645477,0.013167741810291785,0
2024-09-09 04:00:00,0,0.23894476571104412,0.013654823594524322,0
2024-09-09 08:00:00,0,-0.02211707977803271,0.014253866605345627,0
2024-09-09 12:00:00,0,0.6493390800047923,0.014810420243215645,0
2024-09-09 16:00:00,0,0.0662688339718498,0.014514053321345997,0
2024-09-10 00:00:00,0,-0.38590148552583514,0.014898503023990041,0
2024-09-10 04:00:00,0,0.16373381467441842,0.015389194129828594,0
2024-09-10 08:00:00,0,0.7548010899746737,0.015910811075001023,0
2024-09-10 12:00:00,0,-0.4602451452729108,0.015766900449061393,0
2024-09-10 16:00:00,0,0.9134022580358525,0.015174612994561588,0
2024-09-11 00:00:00,0,-0.5141494366382479,0.015823103795619426,0
2024-09-11 04:00:00,0,0.28296027689536435,0.01612756220064238,0
2024-09-11 08:00:00,0,0.567023258683107,0.016406354219155053,0
2024-09-11 12:00:00,0,0.3502026633965262,0.016525615480659735,0
2024-09-11 16:00:00,0,2.0056298072981305,0.014828519787126909,0
2024-09-12 00:00:00,0,0.3621682942655488,0.014519925534997159,0
2024-09-12 04:00:00,0,-0.09031701981913441,0.015105930241411061,0
2024-09-12 08:00:00,0,-0.2500194957538368,0.015658984168036835,0
2024-09-12 12:00:00,0,0.7918307784662312,0.016195363601194095,0
2024-09-12 16:00:00,0,0.19901352150954937,0.01595046989478641,0
2024-09-13 00:00:00,0,-0.04203289351549744,0.01700065254728661,0
2024-09-13 04:00:00,0,0.03727016479604906,0.017945152971239078,0
2024-09-13 08:00:00,0,-0.04994324422688043,0.01870257388352304,0
2024-09-13 12:00:00,0,0.707877999545363,0.01938681351709531,0
2024-09-13 16:00:00,0,-0.27675729232259266,0.01915768350523159,0
2024-09-16 00:00:00,0,0.07019044526405105,0.020362470434342948,0
2024-09-16 04:00:00,0,0.002111283683019652,0.021442093631453163,0
2024-09-16 08:00:00,0,-0.8062277474846163,0.022197722171950013,0
2024-09-16 12:00:00,0,-0.45354780746145984,0.02211776282101805,0
2024-09-16 16:00:00,0,0.2428311739460987,0.021340219661324936,0
2024-09-17 00:00:00,0,0.15255778165660688,0.022666226093603397,0
2024-09-17 04:00:00,0,0.6727080044906874,0.023818117470245037,0
2024-09-17 08:00:00,0,0.5142814399719031,0.02430017739134778,0
2024-09-17 12:00:00,0,-1.5819089359331377,0.024885521249444993,0
2024-09-17 16:00:00,0,0.4419873003477078,0.022347173082984253,0
2024-09-18 00:00:00,0,-0.22247650382174128,0.02345268212304832,0
2024-09-18 04:00:00,0,0.0725182787634076,0.024451156957068086,0
2024-09-18 08:00:00,0,0.405858319399484,0.02506367226897376,0
2024-09-18 12:00:00,0,-0.19893643169537026,0.025844824367149757,0
2024-09-18 16:00:00,0,-0.6126230654771666,0.024858836220231037,0
2024-09-19 00:00:00,0,1.1282922074485306,0.02032530111152704,0
2024-09-19 04:00:00,0,0.5722688045269871,0.01971912066233259,0
2024-09-19 08:00:00,0,0.5070682132085109,0.020106738271146396,0
2024-09-19 12:00:00,0,1.2221998308473347,0.02057609815612221,0
2024-09-19 16:00:00,0,-0.7081609564078025,0.01981697502047167,0
2024-09-20 00:00:00,0,0.18209245139506972,0.020409960758205538,0
2024-09-20 04:00:00,0,-0.30876947055052456,0.021361144383337072,0
2024-09-20 08:00:00,0,0.36643016479763957,0.02209183250355382,0
2024-09-20 12:00:00,0,-0.39011370914405974,0.022467120618550447,0
2024-09-20 16:00:00,0,-0.0371815367597846,0.021033887393091092,0
2024-09-23 00:00:00,0,0.08174213423672287,0.020657949463494866,0
2024-09-23 04:00:00,0,-0.8080959683228126,0.021758349936540165,0
2024-09-23 08:00:00,0,0.33029230769563195,0.02079423765068113,0
2024-09-23 12:00:00,0,-0.3285463631440391,0.021525158210948758,0
2024-09-23 16:00:00,0,0.1496166778646166,0.021807428154033418,0
2024-09-24 00:00:00,0,0.14426436797762227,0.02364726209094914,0
2024-09-24 04:00:00,0,0.840958981640345,0.024255509279627913,0
2024-09-24 08:00:00,0,-0.48006282793843436,0.024390199924003996,0
2024-09-24 12:00:00,0,0.46488397717341046,0.024211703288200756,0
2024-09-24 16:00:00,0,0.1946919529636948,0.022020401866358546,0
2024-09-25 00:00:00,0,-0.11933322758221565,0.02333662725253361,0
2024-09-25 04:00:00,0,-0.30803629215481126,0.024343728803519857,0
2024-09-25 08:00:00,0,0.5032399126578805,0.024821469967895575,0
2024-09-25 12:00:00,0,0.30371997599880063,0.025381812140616588,0
2024-09-25 16:00:00,0,0.5906836981159392,0.024940348083579325,0
2024-09-26 00:00:00,0,0.7984202158249875,0.025411066466086384,0
2024-09-26 04:00:00,0,0.8599609898273766,0.02568979886992917,0
2024-09-26 08:00:00,0,0.465406525355297,0.02523300237413382,0
2024-09-26 12:00:00,0,-2.604214614802464,0.02593632672353552,0
2024-09-26 16:00:00,0,0.7620091594655818,0.02185257853220608,0
2024-09-27 00:00:00,0,0.0794685227140591,0.02190114384149944,0
2024-09-27 04:00:00,0,-0.45793893056081475,0.022597346353901187,0
2024-09-27 08:00:00,0,0.7290624269575543,0.022515528563413306,0
2024-09-27 12:00:00,0,-0.988762420834399,0.022634383440628236,0
2024-09-27 16:00:00,0,-0.5803700546206905,0.021646991221607327,0
2024-09-30 00:00:00,0,-0.416787577273292,0.02159479605540757,0
2024-09-30 04:00:00,0,0.002105246687601285,0.021897603421912205,0
2024-09-30 08:00:00,0,-0.22167764356773198,0.02215601231804826,0
2024-09-30 12:00:00,0,0.3683683991819764,0.022400911126004057,0
2024-09-30 16:00:00,0,0.17664437661841328,0.02221966321309157,0
2024-10-01 00:00:00,0,-0.09933719317591312,0.02160328507879108,0
2024-10-01 04:00:00,0,0.11457169055202342,0.02214818365081527,0
2024-10-01 08:00:00,0,0.05443352589810636,0.02273880182157292,0
2024-10-01 12:00:00,0,-3.0742218226824094,0.023378007215566765,0
2024-10-01 16:00:00,0,0.18476118077205353,0.01879516149214152,0
2024-10-02 00:00:00,0,-0.1478970586240302,0.01838713899114711,0
2024-10-02 04:00:00,0,0.11520710098571332,0.018896402061412996,0
2024-10-02 08:00:00,0,0.2618188045859683,0.01936484651779233,0
2024-10-02 12:00:00,0,0.0,0.019410505428298693,0
2024-10-02 16:00:00,0,0.5365656005503342,0.018209528858458324,0
2024-10-03 00:00:00,0,-0.4069183552073373,0.019114951523186534,0
2024-10-03 04:00:00,0,-0.2680970903561749,0.019655927515314,0
2024-10-03 08:00:00,0,0.08269585703108054,0.01972827125701615,0
2024-10-03 12:00:00,0,-0.011371712811152002,0.02011775398369588,0
2024-10-03 16:00:00,0,0.28804923722935794,0.019160861257636552,0
2024-10-04 00:00:00,0,0.18685480745389585,0.020047969049330965,0
2024-10-04 04:00:00,0,-0.011884672222522135,0.020413873618680477,0
2024-10-04 08:00:00,0,1.952398433029259,0.021077171178163837,0
2024-10-04 12:00:00,0,-0.6973188496489212,0.019882113554548265,0
2024-10-04 16:00:00,0,0.34505160195641144,0.01860542750074154,0
2024-10-07 00:00:00,0,-0.00734882618704196,0.019145209745865446,0
2024-10-07 04:00:00,0,-0.7960890216277254,0.019937843644363424,0
2024-10-07 08:00:00,0,0.09298670963819779,0.020088995373030473,0
2024-10-07 12:00:00,0,0.08743194945581265,0.020618253462858248,0
2024-10-07 16:00:00,0,-0.9639005568239453,0.02096353689780532,0
2024-10-08 00:00:00,0,-0.100085218378,0.019851151715480707,0
2024-10-08 04:00:00,0,0.12762543121807363,0.020568811331437186,0
2024-10-08 08:00:00,0,0.3774171755408102,0.0210757305985675,0
2024-10-08 12:00:00,0,1.3924901395883307,0.021586546607469274,0
2024-10-08 16:00:00,0,0.43103003417739283,0.02057462285241346,0
2024-10-09 00:00:00,0,-0.37845449054642244,0.021364014536345666,0
2024-10-09 04:00:00,0,0.10986727770739824,0.022046571443707363,0
2024-10-09 08:00:00,0,0.2504094318539549,0.022944366599183263,0
2024-10-09 12:00:00,0,1.1214368165379514,0.02392744184710065,0
2024-10-09 16:00:00,0,0.46024078239834737,0.022605502796435792,0
2024-10-10 00:00:00,0,0.12223108752668344,0.02388184853070926,0
2024-10-10 04:00:00,0,-0.4303420770393734,0.025204527406912862,0
2024-10-10 08:00:00,0,-0.5670141435901445,0.025812049495873183,0
2024-10-10 12:00:00,0,0.7394562223451142,0.024935357255096022,0
2024-10-10 16:00:00,0,-0.05385123273736945,0.023453629172052272,0
2024-10-11 00:00:00,0,-0.10826780905208751,0.02481677464931946,0
2024-10-11 04:00:00,0,-0.7388036744386995,0.026050490109983202,0
2024-10-11 08:00:00,0,0.08530597689285416,0.026356159321964896,0
2024-10-11 12:00:00,0,0.734949076917453,0.027123504717783426,0
2024-10-11 16:00:00,0,-0.2658467634415203,0.02588910483606013,0
2024-10-14 00:00:00,0,-0.02578827701357888,0.027167862119182186,0
2024-10-14 04:00:00,0,0.5587004266530865,0.028468796915522277,0
2024-10-14 08:00:00,0,0.8166396945712295,0.028995050445977166,0
2024-10-14 12:00:00,0,0.7156558024215334,0.029449311635785003,0
2024-10-14 16:00:00,0,0.34763622474591727,0.028172430964849997,0
2024-10-15 00:00:00,0,0.3047327122035356,0.02974716145930268,0
2024-10-15 04:00:00,0,-0.5611256383097826,0.031080746529046126,0
2024-10-15 08:00:00,0,0.5125471418719629,0.03150430272235597,0
2024-10-15 12:00:00,0,-3.020820115112903,0.032185842781276695,0
2024-10-15 16:00:00,0,-0.42269210673309665,0.026272678434777624,0
2024-10-16 00:00:00,0,0.3351266653836248,0.02629879395144675,0
2024-10-16 04:00:00,0,-0.31342777086078766,0.027241061924437655,0
2024-10-16 08:00:00,0,-0.09013410258696342,0.027851235812332783,0
2024-10-16 12:00:00,0,-0.1631426497883709,0.028935403462397362,0
2024-10-16 16:00:00,0,-0.11715133103593608,0.027196421604922284,0
2024-10-17 00:00:00,0,-0.19498017213371985,0.028383408006285065,0
2024-10-17 04:00:00,0,2.1966983993562206,0.02945950685776611,0
2024-10-17 08:00:00,0,0.6821055333535603,0.027274104721528317,0
2024-10-17 12:00:00,0,-0.9416154351956121,0.02746913095723276,0
2024-10-17 16:00:00,0,-0.8059555377894325,0.024979375477637077,0
2024-10-18 00:00:00,0,0.13007836646421383,0.024423745394449848,0
2024-10-18 04:00:00,0,0.7276959369938503,0.025561333642019988,0
2024-10-18 08:00:00,0,0.2827015827867089,0.025748017113969054,0
2024-10-18 12:00:00,0,0.1825340550922237,0.02644872022241481,0
2024-10-18 16:00:00,0,-0.13095893055227514,0.02653984744459488,0
2024-10-21 00:00:00,0,-0.44077546139081203,0.028100721700363297,0
2024-10-21 04:00:00,0,-0.1614544700655899,0.02892049784289926,0
2024-10-21 08:00:00,0,-0.6048831017006767,0.029962463989624804,0
2024-10-21 12:00:00,0,0.768932204580016,0.029300183203082263,0
2024-10-21 16:00:00,0,0.6820800708181671,0.026873905034582757,0
2024-10-22 00:00:00,0,-0.2748553247991481,0.027410809437734687,0
2024-10-22 04:00:00,0,-0.21496330214056236,0.02873169066203872,0
2024-10-22 08:00:00,0,-0.4082745437730766,0.02948637376778452,0
2024-10-22 12:00:00,0,1.1755739742901055,0.02956269187874049,0
2024-10-22 16:00:00,0,0.22634760036962437,0.028212971596620232,0
2024-10-23 00:00:00,0,0.22983351319850095,0.028785957616589117,0
2024-10-23 04:00:00,0,-0.33081440722837535,0.030108170067613342,0
2024-10-23 08:00:00,0,-0.4057747111189923,0.0308327081123299,0
2024-10-23 12:00:00,0,-2.4620731385358496,0.03140117140498532,0
2024-10-23 16:00:00,0,0.27555911803711236,0.02768189029014359,0
2024-10-24 00:00:00,0,-0.1388168951225975,0.02603962910261771,0
2024-10-24 04:00:00,0,0.5227613477640907,0.027345291321986095,0
2024-10-24 08:00:00,0,0.1015912199264939,0.02742905316665484,0
2024-10-24 12:00:00,0,-0.2751355489111458,0.028116228841187935,0
2024-10-24 16:00:00,0,0.3463182868884314,0.02704695355031457,0
2024-10-25 00:00:00,0,-0.27405624149517865,0.02858463482085343,0
2024-10-25 04:00:00,0,0.5469875409399013,0.02956710554761605,0
2024-10-25 08:00:00,0,0.8046292362619135,0.029951148263705818,0
2024-10-25 12:00:00,0,1.6723123925959436,0.030185840981312242,0
2024-10-25 16:00:00,0,-1.6695944944112266,0.027553905750075387,0
2024-10-28 00:00:00,0,0.37617428605552633,0.0246252999541389,0
2024-10-28 04:00:00,0,0.04781243475429094,0.02553729543151926,0
2024-10-28 08:00:00,0,-0.01965931051522654,0.026253023582001694,0
2024-10-28 12:00:00,0,-1.2515118032984858,0.026370887059203728,0
2024-10-28 16:00:00,0,-0.2148941007252008,0.02539151346069541,0
2024-10-29 00:00:00,0,-0.21622526635223138,0.02697363401609992,0
2024-10-29 04:00:00,0,0.3534063087069586,0.027563118304710206,0
2024-10-29 08:00:00,0,-0.40957500186538626,0.02809748048897637,0
2024-10-29 12:00:00,0,1.6816404240024059,0.028627840465002663,0
2024-10-29 16:00:00,0,0.6121736608740199,0.02624764725036715,0
2024-10-30 00:00:00,0,-0.4521954531640306,0.026808051930842198,0
2024-10-30 04:00:00,0,0.010170096281453319,0.027252837510338503,0
2024-10-30 08:00:00,0,-0.3548081033358189,0.028023888969687143,0
2024-10-30 12:00:00,0,-0.46906533397334904,0.028329253509423256,0
2024-10-30 16:00:00,0,-1.4011091527669561,0.02706179729632426,0
2024-10-31 00:00:00,0,-0.2711960400889727,0.025352839321023973,0
2024-10-31 04:00:00,0,-0.8762937980780218,0.026118331657260914,0
2024-10-31 08:00:00,0,0.6137260161948289,0.02559502400417947,0
2024-10-31 12:00:00,0,-2.825563875490606,0.025393784851603585,0
2024-10-31 16:00:00,0,-0.4245267042279816,0.021200620782869453,0
2024-11-01 00:00:00,0,0.08189554733310561,0.021807828373630753,0
2024-11-01 04:00:00,0,0.12659282810820596,0.0222961179254696,0
2024-11-01 08:00:00,0,0.1368349931331882,0.022952104704949308,0
2024-11-01 12:00:00,0,0.8815473902112221,0.023694629881987,0
2024-11-01 16:00:00,0,-0.33979081474369,0.02208520247919172,0
2024-11-04 00:00:00,0,0.3274496154494581,0.02181301583975419,0
2024-11-04 04:00:00,0,-0.5671522269149877,0.022625119672243066,0
2024-11-04 08:00:00,0,-0.14731509003638588,0.022596105710105036,0
2024-11-04 12:00:00,0,-0.16963610098540843,0.02266360748493227,0
2024-11-04 16:00:00,0,-0.1133112042907372,0.02137415847547454,0
2024-11-05 00:00:00,0,0.029586446729454985,0.02198526161843218,0
2024-11-05 04:00:00,0,0.42218560521329174,0.02314537726390859,0
2024-11-05 08:00:00,0,-0.222224077028992,0.02387733956537245,0
2024-11-05 12:00:00,0,2.120879646258655,0.02468310153059481,0
2024-11-05 16:00:00,0,0.10012556358741044,0.022541045002829413,0
2024-11-06 00:00:00,0,1.5875743209336226,0.023006378517638527,0
2024-11-06 04:00:00,0,1.1361868302457987,0.021478354231285655,0
2024-11-06 08:00:00,0,-0.3233968503669569,0.021265325967115386,0
2024-11-06 12:00:00,0,1.0115423978378308,0.020975430683422613,0
2024-11-06 16:00:00,0,0.8024203768241432,0.020492260284489607,0
2024-11-07 00:00:00,0,0.29186399809262914,0.02151254120078681,0
2024-11-07 04:00:00,0,-0.07031455224804743,0.022423306265229197,0
2024-11-07 08:00:00,0,0.37570910913043504,0.023297741234128717,0
2024-11-07 12:00:00,0,1.8373702019223819,0.023993786346533118,0
2024-11-07 16:00:00,0,0.24209428923540402,0.022756755924735868,0
2024-11-08 00:00:00,0,0.17460017884461682,0.024303059043727867,0
2024-11-08 04:00:00,0,-0.24287174406779805,0.02543134917878489,0
2024-11-08 08:00:00,0,-0.5980503931530159,0.026501004500745558,0
2024-11-08 12:00:00,0,0.5212777367264464,0.026450801738987163,0
2024-11-08 16:00:00,0,0.07806596029521541,0.026970730899973632,0
2024-11-11 00:00:00,0,0.05354726428496773,0.028108470952254244,0
2024-11-11 04:00:00,0,0.037361065285908955,0.029424235291302583,0
2024-11-11 08:00:00,0,0.09970337488350568,0.03054564614416519,0
2024-11-11 12:00:00,0,-1.6138237843638878,0.031018895289508817,0
2024-11-11 16:00:00,0,0.5561816407035903,0.029362802633076678,0
2024-11-12 00:00:00,0,-0.37110963654146234,0.029546381961538467,0
2024-11-12 04:00:00,0,-0.13051165903866702,0.03047594054877172,0
2024-11-12 08:00:00,0,0.4230994847910479,0.031183812505844923,0
2024-11-12 12:00:00,0,-1.7451499936922197,0.030874747463355348,0
2024-11-12 16:00:00,0,1.146613312633451,0.02845627614263215,0
2024-11-13 00:00:00,0,-0.20022985011654804,0.028462049717619436,0
2024-11-13 04:00:00,0,0.5756562985213786,0.029577064435148195,0
2024-11-13 08:00:00,0,-0.01092740641621637,0.02996265334768538,0
2024-11-13 12:00:00,0,0.5866997371678633,0.029154094152690893,0
2024-11-13 16:00:00,0,-0.6258784859648756,0.027576567842043365,0
2024-11-14 00:00:00,0,-0.12155329652476181,0.027716581922820234,0
2024-11-14 04:00:00,0,0.3556630043400902,0.028848465569183676,0
2024-11-14 08:00:00,0,-0.19973687235671952,0.02878649659093737,0
2024-11-14 12:00:00,0,-0.5575597195827576,0.029312641896626718,0
2024-11-14 16:00:00,0,-1.039773961473889,0.027889250490474162,0
2024-11-15 00:00:00,0,0.08040944529654609,0.02637529917511597,0
2024-11-15 04:00:00,0,-0.7994551914473066,0.027512800147918088,0
2024-11-15 08:00:00,0,-0.08096151841833003,0.027282832126126495,0
2024-11-15 12:00:00,0,-3.388549705185598,0.02793380907200323,0
2024-11-15 16:00:00,0,0.17299824862302385,0.022903587899838325,0
2024-11-18 00:00:00,0,0.2549631047747282,0.022524353214189687,0
2024-11-18 04:00:00,0,-0.7129686601432542,0.023335086044754313,0
2024-11-18 08:00:00,0,-0.023241013224001923,0.023360167235168167,0
2024-11-18 12:00:00,0,0.9612095957204725,0.023441752938658456,0
2024-11-18 16:00:00,0,-0.2522069190297303,0.022052132368988318,0
2024-11-19 00:00:00,0,0.27828631160573813,0.02364858504134915,0
2024-11-19 04:00:00,0,-1.1764928665873484,0.024422615802845396,0
2024-11-19 08:00:00,0,-1.00889177264207,0.022986562425891716,0
2024-11-19 12:00:00,0,2.210976722401527,0.021639185085878337,0
2024-11-19 16:00:00,0,0.43186946908376367,0.019595848550081892,0
2024-11-20 00:00:00,0,0.04183871843599251,0.02050441409888142,0
2024-11-20 04:00:00,0,-0.010002273888088168,0.02157073382185874,0
2024-11-20 08:00:00,0,-0.01246403024409289,0.02239800775256508,0
2024-11-20 12:00:00,0,-1.598996153955331,0.023005089846054438,0
2024-11-20 16:00:00,0,0.9891248259333826,0.020341227374146717,0
2024-11-21 00:00:00,0,0.333631977773508,0.01931295700093744,0
2024-11-21 04:00:00,0,-0.22775828601754688,0.02000136685251546,0
2024-11-21 08:00:00,0,1.473112765066866,0.020047846220558597,0
2024-11-21 12:00:00,0,-0.1826234771590698,0.01915213471634221,0
2024-11-21 16:00:00,0,-0.15930051171610266,0.016982455619704094,0
2024-11-22 00:00:00,0,-0.2271110451467283,0.018402754520494613,0
2024-11-22 04:00:00,0,-0.06337333356690604,0.01895302032253674,0
2024-11-22 08:00:00,0,0.18694116643943914,0.01899622861398666,0
2024-11-22 12:00:00,0,0.49985382369591763,0.01921880581895371,0
2024-11-22 16:00:00,0,0.1717183164490786,0.019195430499664667,0
2024-11-25 00:00:00,0,0.1250182026548243,0.02029141789879932,0
2024-11-25 04:00:00,0,-0.02385892436464627,0.021628238170589106,0
2024-11-25 08:00:00,0,0.2632827734820757,0.022745688238414025,0
2024-11-25 12:00:00,0,-1.2693753777756704,0.023275748370160526,0
2024-11-25 16:00:00,0,0.3807480535628051,0.020783245502151153,0
2024-11-26 00:00:00,0,0.3013483473398032,0.020644674835781106,0
2024-11-26 04:00:00,0,0.021710407059027388,0.0213859173630758,0
2024-11-26 08:00:00,0,0.4657591009509108,0.022069769631772793,0
2024-11-26 12:00:00,0,0.3143661596008909,0.0224933599446796,0
2024-11-26 16:00:00,0,0.14708755938901172,0.022753194689838635,0
2024-11-27 00:00:00,0,-0.3234721454611306,0.024280779124071932,0
2024-11-27 04:00:00,0,-0.34476412791909444,0.02497290935296524,0
2024-11-27 08:00:00,0,0.3031019691822623,0.025329499011770566,0
2024-11-27 12:00:00,0,-2.0259143405780837,0.026101966807698666,0
2024-11-27 16:00:00,0,0.547382258850425,0.023066488203978996,0
2024-11-28 00:00:00,0,0.1833142425844481,0.024484138563993924,0
2024-11-28 04:00:00,0,-0.002393434329151298,0.02590621006477756,0
2024-11-28 08:00:00,0,0.14158218942045647,0.027374510772621836,0
2024-11-28 12:00:00,0,0.2022983423536492,0.028843535945355308,0
2024-11-29 00:00:00,0,0.2897100271066519,0.030493920065284764,0
2024-11-29 04:00:00,0,-0.057560056014194505,0.031217598377740064,0
2024-11-29 08:00:00,0,-0.8197156414682937,0.032275278481052286,0
2024-11-29 12:00:00,0,1.8981792579713428,0.031837531901022315,0
2024-11-29 16:00:00,0,0.0,0.02901239263506514,0
2024-12-02 00:00:00,0,-0.04652355148520443,0.03163725941858644,0
2024-12-02 04:00:00,0,-0.01844609184411297,0.03344543303367103,0
2024-12-02 08:00:00,0,0.954160230082797,0.03491695707039699,0
2024-12-02 12:00:00,0,2.5237958779245857,0.03447647927145174,0
2024-12-02 16:00:00,0,-0.19107780008432135,0.030509742348044964,0
2024-12-03 00:00:00,0,0.1791731160807741,0.032912696527607414,0
2024-12-03 04:00:00,0,-0.15978704553959996,0.034533159575380654,0
2024-12-03 08:00:00,0,-0.2513834514451234,0.03605021092640424,0
2024-12-03 12:00:00,0,0.6467692826785726,0.037358564419796285,0
2024-12-03 16:00:00,0,1.042975257156032,0.03560631088658724,0
2024-12-04 00:00:00,0,0.4274281460519844,0.036168698317533436,0
2024-12-04 04:00:00,0,0.5396532936397564,0.03735923777332015,0
2024-12-04 08:00:00,0,0.6648960613557675,0.037826110829644766,0
2024-12-04 12:00:00,0,0.4706038679730349,0.03829786859909519,0
2024-12-04 16:00:00,0,0.4965021990315932,0.03701386828493009,0
2024-12-05 00:00:00,0,0.0033709682156123294,0.03767546108397841,0
2024-12-05 04:00:00,0,-0.12128151623382684,0.039861759507644284,0
2024-12-05 08:00:00,0,0.3046128932528123,0.0415232513895816,0
2024-12-05 12:00:00,0,0.5131655753760651,0.042860254210948336,0
2024-12-05 16:00:00,0,-1.5635792577964711,0.042323615305691044,0
2024-12-06 00:00:00,0,0.20163820258397264,0.040898469535956064,0
2024-12-06 04:00:00,0,-0.09633252940205855,0.04299379712324187,0
2024-12-06 08:00:00,0,0.31926862340259854,0.04454390813828881,0
2024-12-06 12:00:00,0,1.9687031796256929,0.043402718370214664,0
2024-12-06 16:00:00,0,0.2268469763106921,0.03958075878623406,0
2024-12-09 00:00:00,0,-0.040492952611669804,0.04142254926903683,0
2024-12-09 04:00:00,0,-0.2049410490919577,0.04349532191460878,0
2024-12-09 08:00:00,0,-0.2093048440790047,0.04277991838876671,0
2024-12-09 12:00:00,0,-2.0468109010555837,0.04358047907922916,0
2024-12-09 16:00:00,0,-0.19640137770885965,0.03729556467992275,0
2024-12-10 00:00:00,0,-0.06119405129188376,0.037939536537319685,0
2024-12-10 04:00:00,0,-0.035713198643277586,0.03984907984933373,0
2024-12-10 08:00:00,0,0.605470539918642,0.04199845922982314,0
2024-12-10 12:00:00,0,-0.47673633913177377,0.041536925070994914,0
2024-12-10 16:00:00,0,-0.4445401593520001,0.03770844568400196,0
2024-12-11 00:00:00,0,0.016720774125559397,0.03726344567976715,0
2024-12-11 04:00:00,0,0.2565899970645357,0.03918466100473866,0
2024-12-11 08:00:00,0,1.145348313060679,0.0400676552798353,0
2024-12-11 12:00:00,0,3.483236557096746,0.03886975661647255,0
2024-12-11 16:00:00,0,-0.26753629466272255,0.03305986578065456,0
2024-12-12 00:00:00,0,0.15312558423223868,0.035363505866425796,0
2024-12-12 04:00:00,0,-0.35969032698995235,0.037536594126226765,0
2024-12-12 08:00:00,0,-0.6778832590372699,0.03881905753352956,0
2024-12-12 12:00:00,0,0.7325381130471337,0.03777744211920967,0
2024-12-12 16:00:00,0,-1.3975254096935985,0.03642407355224682,0
2024-12-13 00:00:00,0,-0.11322839560127207,0.03281770246010121,0
2024-12-13 04:00:00,0,0.7744949998910807,0.03424028430903237,0
2024-12-13 08:00:00,0,0.46711273903310885,0.03486209613866617,0
2024-12-13 12:00:00,0,-1.5202374312688396,0.03546137556629488,0
2024-12-13 16:00:00,0,0.9656046401506797,0.03096595688512833,0
2024-12-16 00:00:00,0,-0.20705512493567912,0.030559266602522728,0
2024-12-16 04:00:00,0,0.6606061902821738,0.031974925520917526,0
2024-12-16 08:00:00,0,0.7567296984219671,0.03282115802480015,0
2024-12-16 12:00:00,0,1.9981329362258489,0.03319315413614358,0
2024-12-16 16:00:00,0,0.31783092749555997,0.030465916862015628,0
2024-12-17 00:00:00,0,-0.08965894792454344,0.03231823987120899,0
2024-12-17 04:00:00,0,-0.1626489935320616,0.03409414084716475,0
2024-12-17 08:00:00,0,-0.43005087060243835,0.03406046200327513,0
2024-12-17 12:00:00,0,-0.14376785117290897,0.03361242597935914,0
2024-12-17 16:00:00,0,-0.36654991810448834,0.032103659629107724,0
2024-12-18 00:00:00,0,0.22117643155304817,0.03139312789307408,0
2024-12-18 04:00:00,0,0.11075595487861918,0.032672157031436125,0
2024-12-18 08:00:00,0,-0.7337512894208928,0.033861718523802396,0
2024-12-18 12:00:00,0,0.14778805314683055,0.03326190566549887,0
2024-12-18 16:00:00,0,-9.501496145596873,0.031945329893353684,0
2024-12-19 00:00:00,0,-0.42420871346242994,0.01838960862141243,0
2024-12-19 04:00:00,0,0.883983276697615,0.018966950986879685,0
2024-12-19 08:00:00,0,0.3766312006289563,0.01894974522183454,0
2024-12-19 12:00:00,0,-0.7077786706029771,0.019096584764369477,0
2024-12-19 16:00:00,0,-0.7052020789693356,0.01794678381097271,0
2024-12-20 00:00:00,0,-0.0417180625305265,0.01691632656071317,0
2024-12-20 04:00:00,0,-0.8896382324725846,0.017603413613442632,0
2024-12-20 08:00:00,0,0.5939430764945299,0.017198605941447332,0
2024-12-20 12:00:00,0,3.2892088948133678,0.01677552932366708,0
2024-12-20 16:00:00,0,-1.0562184065022917,0.014164415502404791,0
2024-12-23 00:00:00,0,0.21325792943166064,0.014108959622547828,0
2024-12-23 04:00:00,0,-0.32805213120141,0.014783013518194122,0
2024-12-23 08:00:00,0,-0.5095138358568898,0.015333508616898549,0
2024-12-23 12:00:00,0,0.6825659141934199,0.015553355591041757,0
2024-12-23 16:00:00,0,0.22549584640040504,0.015212449668304122,0
2024-12-24 00:00:00,0,0.04578044217169189,0.01654038644765893,0
2024-12-24 04:00:00,0,0.3209527019795046,0.017559566128809764,0
2024-12-24 08:00:00,0,0.18651203280149875,0.018383614746671533,0
2024-12-24 12:00:00,0,1.4060651181041572,0.019230529531155317,0
2024-12-24 16:00:00,0,0.09184766552470151,0.018623337089303395,0
2024-12-26 00:00:00,0,0.22058226247144944,0.02091059963315797,0
2024-12-26 04:00:00,0,-1.2082250682763427,0.021815355636908694,0
2024-12-26 08:00:00,0,0.13273325866075653,0.02113691965329985,0
2024-12-26 12:00:00,0,0.4361724809205778,0.021760603938522836,0
2024-12-26 16:00:00,0,-0.17439254090438958,0.020982229052888417,0
2024-12-27 00:00:00,0,-0.08149091932729571,0.022491169342411414,0
2024-12-27 04:00:00,0,-0.3388461893925235,0.02378806274761968,0
2024-12-27 08:00:00,0,-0.1618285702285566,0.02468417393978766,0
2024-12-27 12:00:00,0,-2.9309388480782883,0.025364402364727638,0
2024-12-27 16:00:00,0,1.142209717123083,0.02106403899286368,0
2024-12-30 00:00:00,0,-0.37873713903214806,0.0214249511908062,0
2024-12-30 04:00:00,0,-0.11581648945238888,0.02221109644914266,0
2024-12-30 08:00:00,0,-2.175641264812925,0.02288104586612785,0
2024-12-30 12:00:00,0,1.2560025897836924,0.020401256219209237,0
2024-12-30 16:00:00,0,-1.09723778733055,0.01884872391600959,0
2024-12-31 00:00:00,0,-0.0698627673231176,0.018810769548454048,0
2024-12-31 04:00:00,0,0.5732918964900752,0.019446009189204305,0
2024-12-31 08:00:00,0,-0.1967155028282945,0.019446174744052646,0
2024-12-31 12:00:00,0,-1.0683325309163174,0.019965395863108592,0
2024-12-31 16:00:00,0,-0.5309601546208902,0.01849775326049507,0
2025-01-02 00:00:00,0,0.5013169956012088,0.018021353207046866,1
2025-01-02 04:00:00,0,0.214684192405984,0.01864244659368663,1
2025-01-02 08:00:00,0,0.09671623910647148,0.019066942651857068,1
2025-01-02 12:00:00,0,-2.382783931838094,0.019230769309151408,1
2025-01-02 16:00:00,0,0.6340853963101898,0.016362187609848592,1
2025-01-03 00:00:00,0,0.0075880678095305975,0.016609292463781834,1
2025-01-03 04:00:00,0,0.29478874359431456,0.017458352798234322,1
2025-01-03 08:00:00,0,-0.291739085850994,0.018162233396453262,1
2025-01-03 12:00:00,0,1.6561143897291322,0.01889983282462802,1
2025-01-03 16:00:00,0,0.15209630137772454,0.01807657833906045,1
2025-01-06 00:00:00,0,0.26938116589847694,0.01929285308572273,1
2025-01-06 04:00:00,0,0.9308579394776928,0.020088884670132392,1
2025-01-06 08:00:00,0,0.5772428148144325,0.020201400822582014,1
2025-01-06 12:00:00,0,0.3350568986267985,0.020497068861148243,1
2025-01-06 16:00:00,0,-0.08471572618550251,0.019353858121429923,1
2025-01-07 00:00:00,0,-0.4467193271783513,0.02028445277254826,1
2025-01-07 04:00:00,0,0.15270392134544808,0.020370010691846116,1
2025-01-07 08:00:00,0,0.378058227732499,0.02090283909330319,1
2025-01-07 12:00:00,0,-2.5658012614955505,0.021791737581802584,1
2025-01-07 16:00:00,0,-0.47348514152714166,0.01853677021937753,1
2025-01-08 00:00:00,0,0.001659362495540273,0.018349826186591898,1
2025-01-08 04:00:00,0,-0.0017407475231884658,0.01925026363394503,1
2025-01-08 08:00:00,0,-0.39049148083887497,0.019948109265287464,1
2025-01-08 12:00:00,0,-0.7425753976011914,0.019043440305777475,1
2025-01-08 16:00:00,0,0.38013184125695054,0.017989295883715558,1
2025-01-09 00:00:00,0,0.057494023947913885,0.018603385044599182,1
2025-01-09 04:00:00,0,-0.0886517538382196,0.01950449519689452,1
2025-01-09 08:00:00,0,-0.04502242133885233,0.0198022132342044,1
2025-01-09 12:00:00,0,-0.022547080376622952,0.020655410361138306,1
2025-01-10 00:00:00,0,0.4190225482349217,0.021599784508045696,1
2025-01-10 04:00:00,0,-0.1912654854560173,0.022121169789171648,1
2025-01-10 08:00:00,0,-1.3302075687341732,0.022844848555720103,1
2025-01-10 12:00:00,0,-0.6032888760452075,0.020203810757486614,1
2025-01-10 16:00:00,0,-0.25842974596835677,0.018368193906005286,1
2025-01-13 00:00:00,0,-0.25733436044575336,0.017919635686950507,1
2025-01-13 04:00:00,0,-1.1240353089344177,0.018431702319145413,1
2025-01-13 08:00:00,0,0.5743720538465558,0.017543444617813462,1
2025-01-13 12:00:00,0,0.5456575311766779,0.017757219689740377,1
2025-01-13 16:00:00,0,0.669223067677272,0.017487708789405858,1
2025-01-14 00:00:00,0,0.20903507844305758,0.01802850564038498,1
2025-01-14 04:00:00,0,0.28497807129964897,0.018847427272509168,1
2025-01-14 08:00:00,0,-0.3158448053782371,0.01909992816574361,1
2025-01-14 12:00:00,0,-1.3254523546894916,0.018583148399385,1
2025-01-14 16:00:00,0,0.7046146074933337,0.01684762907106689,1
2025-01-15 00:00:00,0,-0.06887111587086132,0.017327464643316966,1
2025-01-15 04:00:00,0,0.11721983336563623,0.018381500939550176,1
2025-01-15 08:00:00,0,2.2417765952287185,0.019187057515328735,1
2025-01-15 12:00:00,0,0.28044253727761054,0.017273901918740467,1
2025-01-15 16:00:00,0,0.32691677056127477,0.016860417699074752,1
2025-01-16 00:00:00,0,-0.21207455966677663,0.01788054167336376,1
2025-01-16 04:00:00,0,0.7220560371731387,0.018709249429489816,1
2025-01-16 08:00:00,0,-0.004275582264261876,0.018239698071614713,1
2025-01-16 12:00:00,0,-0.5865092297245363,0.01870742968603736,1
2025-01-16 16:00:00,0,-1.1555620306330274,0.018337946732411903,1
2025-01-17 00:00:00,0,0.2158007387206664,0.018247243668966528,1
2025-01-17 04:00:00,0,0.3100128089786139,0.019072249358406103,1
2025-01-17 08:00:00,0,1.3890724910780783,0.019498204289403756,1
2025-01-17 12:00:00,0,0.5606565285715812,0.01876992358318321,1
2025-01-17 16:00:00,0,-0.24503873607212717,0.018452895372839624,1
2025-01-20 00:00:00,0,0.03134629852429658,0.019405013103198,1
2025-01-20 04:00:00,0,0.3949416162663002,0.020593334062797054,1
2025-01-20 08:00:00,0,0.5050866178374209,0.021327379951309886,1
2025-01-20 12:00:00,0,-0.05022734392205473,0.02115789269827779,1
2025-01-21 00:00:00,0,0.027536189294898022,0.01850459285154318,1
2025-01-21 04:00:00,0,0.8045053058044412,0.019108557197385426,1
2025-01-21 08:00:00,0,0.1367070585355006,0.019420947743660138,1
2025-01-21 12:00:00,0,0.09085938775651145,0.020011902499805764,1
2025-01-21 16:00:00,0,0.22781045645275425,0.019289719668543287,1
2025-01-22 00:00:00,0,0.17030569902837325,0.02068034907617,1
2025-01-22 04:00:00,0,0.20292021543235,0.02172546956628878,1
2025-01-22 08:00:00,0,0.3717551422428396,0.022514017539964095,1
2025-01-22 12:00:00,0,1.0347658183154667,0.02337130548389649,1
2025-01-22 16:00:00,0,-0.5695138311334635,0.022552116896846948,1
2025-01-23 00:00:00,0,0.038132005363631157,0.024041348023585506,1
2025-01-23 04:00:00,0,-0.524659477988721,0.025197898736014905,1
2025-01-23 08:00:00,0,0.020041849361266656,0.025207433366306913,1
2025-01-23 12:00:00,0,0.37884341361870383,0.02633716087404898,1
2025-01-23 16:00:00,0,0.7671116652053215,0.026431712858615015,1
2025-01-24 00:00:00,0,-0.1402242722122869,0.02750528010684043,1
2025-01-24 04:00:00,0,0.09095761965260309,0.02796412079346274,1
2025-01-24 08:00:00,0,0.06379988945439938,0.029040063445088096,1
2025-01-24 12:00:00,0,-0.73201022684244,0.029919997535959728,1
2025-01-24 16:00:00,0,-0.33494447900861896,0.028721399964503264,1
2025-01-27 00:00:00,0,-0.7971230392302253,0.02288360638507948,1
2025-01-27 04:00:00,0,-2.1612029579824346,0.02237466054171048,1
2025-01-27 08:00:00,0,-0.03885613457113699,0.020251349109576548,1
2025-01-27 12:00:00,0,-0.08580171802397779,0.01771035955321056,1
2025-01-27 16:00:00,0,0.9612345208998462,0.01649347501893639,1
2025-01-28 00:00:00,0,0.3411836018260705,0.016418507598129472,1
2025-01-28 04:00:00,0,0.6232208321206076,0.016866632869231058,1
2025-01-28 08:00:00,0,-0.5881003941626853,0.017137134821940264,1
2025-01-28 12:00:00,0,1.4922596174956684,0.017030689019056636,1
2025-01-28 16:00:00,0,0.08307171900733117,0.015591404463426354,1
2025-01-29 00:00:00,0,0.08945302603269684,0.016923054836459544,1
2025-01-29 04:00:00,0,0.4632239037339057,0.01781339515139117,1
2025-01-29 08:00:00,0,-0.4257073049734883,0.01822757905738427,1
2025-01-29 12:00:00,0,-0.7841854781486485,0.0183599160945724,1
2025-01-29 16:00:00,0,0.5900260322256525,0.018113050038756972,1
2025-01-30 00:00:00,0,0.05002765655984243,0.017517677766329457,1
2025-01-30 04:00:00,0,-0.16513357043981303,0.0185706473569874,1
2025-01-30 08:00:00,-1,0.22553814405688816,0.019141842281940668,1
2025-01-30 12:00:00,0,-0.7881792903282143,0.019655909527738664,1
2025-01-30 16:00:00,0,0.34437762420415996,0.017904209005660688,1
2025-01-31 00:00:00,0,-0.2421121224194765,0.017815736772855854,1
2025-01-31 04:00:00,0,0.2968766922755326,0.01857162608937457,1
2025-01-31 08:00:00,0,0.061630576285745815,0.019301514962842853,1
2025-01-31 12:00:00,0,0.884712053389165,0.020212300446597047,1
2025-01-31 16:00:00,0,-2.3858362063438974,0.019577770791488126,1
2025-02-03 00:00:00,0,-0.014228696299812589,0.014110501086474945,1
2025-02-03 04:00:00,0,0.5931680526027628,0.01461092430824536,1
2025-02-03 08:00:00,0,0.10629963907953141,0.014577267038948856,1
2025-02-03 12:00:00,0,1.0773832790721944,0.015011936525868986,1
2025-02-03 16:00:00,0,0.778366140988822,0.014223350487768184,1
2025-02-04 00:00:00,0,-0.794904821892711,0.01456580058879344,1
2025-02-04 04:00:00,0,0.06473159625824963,0.01403829643651955,1
2025-02-04 08:00:00,0,0.3395726076377583,0.0144936488101057,1
2025-02-04 12:00:00,0,1.0026525271820244,0.014825720934440699,1
2025-02-04 16:00:00,0,-0.20870497285553538,0.014408976762192561,1
2025-02-05 00:00:00,0,-0.172860105514964,0.015434663649052197,1
2025-02-05 04:00:00,0,-0.5740887572140607,0.01621361627206863,1
2025-02-05 08:00:00,0,0.5357290828943246,0.016554965581906306,1
2025-02-05 12:00:00,0,1.0655264948043304,0.016965696045267185,1
2025-02-05 16:00:00,0,0.38215536643986375,0.016557395432578344,1
2025-02-06 00:00:00,0,0.38280653878413096,0.017857755292969735,1
2025-02-06 04:00:00,0,-0.22580101455927143,0.018618122125869524,1
2025-02-06 08:00:00,0,-0.12575078431286155,0.019435394097473902,1
2025-02-06 12:00:00,0,0.27764523371426464,0.019835637777726664,1
2025-02-06 16:00:00,0,0.20585937922497977,0.020202911434822106,1
2025-02-07 00:00:00,0,-0.29445485756732265,0.020590291636572056,1
2025-02-07 04:00:00,0,0.039827563052203675,0.02146702413970961,1
2025-02-07 08:00:00,0,0.18969067585970345,0.022379423089426857,1
2025-02-07 12:00:00,0,-1.8206362463902477,0.02251445632806789,1
2025-02-07 16:00:00,0,-0.5386521928464141,0.0194375906500674,1
2025-02-10 00:00:00,0,0.27200299239500336,0.0179803776131446,1
2025-02-10 04:00:00,0,-0.03499999340614208,0.018745714709687233,1
2025-02-10 08:00:00,0,0.5005117740482993,0.019852193116023983,1
2025-02-10 12:00:00,0,0.6169715966910143,0.02045509895980429,1
2025-02-10 16:00:00,0,-0.2113763948166836,0.020416139507644253,1
2025-02-11 00:00:00,0,-0.05270528428812675,0.022039364479411704,1
2025-02-11 04:00:00,0,-0.3294740841886165,0.023079884219289536,1
2025-02-11 08:00:00,0,-0.6127991018339466,0.023769922409678356,1
2025-02-11 12:00:00,0,0.7517084350279376,0.024030885381253052,1
2025-02-11 16:00:00,0,0.23751390255916127,0.02294453091781068,1
2025-02-12 00:00:00,0,-0.4544645253808668,0.024446833842695262,1
2025-02-12 04:00:00,0,-0.053685425032431414,0.02523580468708572,1
2025-02-12 08:00:00,0,-2.056930215302689,0.025790454018438182,1
2025-02-12 12:00:00,0,2.1652051737122897,0.02229603612781825,1
2025-02-12 16:00:00,0,0.32044659058508684,0.02039620392826734,1
2025-02-13 00:00:00,0,0.06483961730697857,0.02163981008032421,1
2025-02-13 04:00:00,0,-0.5566156770815364,0.022606216189662114,1
2025-02-13 08:00:00,0,0.3791325597664519,0.022020085704506868,1
2025-02-13 12:00:00,0,0.7026547115117777,0.02229909685616396,1
2025-02-13 16:00:00,0,0.8020582587812228,0.021248275401053757,1
2025-02-14 00:00:00,0,-0.1727537158474851,0.021080494394767876,1
2025-02-14 04:00:00,0,0.03687479458623968,0.022252185923611216,1
2025-02-14 08:00:00,0,-0.16160505738365208,0.023153219624818415,1
2025-02-14 12:00:00,0,0.42410444498948185,0.023683028352484693,1
2025-02-14 16:00:00,0,0.3698137436404454,0.02431957432247075,1
2025-02-17 00:00:00,0,0.20947191086778158,0.025992963865069458,1
2025-02-17 04:00:00,0,-0.217549232741858,0.02728853622099279,1
2025-02-17 08:00:00,0,0.0623495001964052,0.028316975291572438,1
2025-02-17 12:00:00,0,-0.171580614102482,0.029800455591923868,1
2025-02-18 00:00:00,0,0.10125886161901675,0.03157095539833852,1
2025-02-18 04:00:00,0,0.23774959862717043,0.033066758880158344,1
2025-02-18 08:00:00,-1,0.43628870496328154,0.03362032982473549,1
2025-02-18 12:00:00,0,-1.4112689835577632,0.03472044923053059,1
2025-02-18 16:00:00,0,0.317201313161458,0.031543921220554,1
2025-02-19 00:00:00,0,-0.10499658293847676,0.031087002789519702,1
2025-02-19 04:00:00,0,-0.17428594808115017,0.032440831692082624,1
2025-02-19 08:00:00,0,-0.4912114346172078,0.03390062946658464,1
2025-02-19 12:00:00,0,0.48528156437881265,0.03410345403306963,1
2025-02-19 16:00:00,0,-0.26714519036762546,0.032697601172890514,1
2025-02-20 00:00:00,0,-0.002840784910454094,0.03265571739250468,1
2025-02-20 04:00:00,0,0.433674146525248,0.03417333677316292,1
2025-02-20 08:00:00,0,-0.006034685692185409,0.03474159500812266,1
2025-02-20 12:00:00,0,-2.043707690125606,0.035880446288963634,1
2025-02-20 16:00:00,0,1.0192783845372546,0.030386945939677446,1
2025-02-21 00:00:00,0,-0.1621705536974444,0.031024382545098563,1
2025-02-21 04:00:00,0,0.4751531372856348,0.03217803296222074,1
2025-02-21 08:00:00,0,0.6500370928179586,0.03290554275010434,1
2025-02-21 12:00:00,0,-4.2709291375739715,0.03286870035154518,1
2025-02-21 16:00:00,0,-1.7562531318509815,0.025772996936516173,1
2025-02-24 00:00:00,0,0.4039223318202553,0.023881961690927964,1
2025-02-24 04:00:00,0,-0.08992795470269051,0.024790559448530525,1
2025-02-24 08:00:00,0,0.1428405457338956,0.024840969630195532,1
2025-02-24 12:00:00,0,-1.7682395087084577,0.025685629317444298,1
2025-02-24 16:00:00,0,-1.3575498413965486,0.021809517080230125,1
2025-02-25 00:00:00,0,-0.024369107541396217,0.020852474699304985,1
2025-02-25 04:00:00,0,-1.054442542778742,0.021772868664270643,1
2025-02-25 08:00:00,0,0.7664634759821847,0.02144420429351452,1
2025-02-25 12:00:00,0,-1.4093126866909678,0.02114424105874012,1
2025-02-25 16:00:00,0,-0.16825913564275446,0.01811485701444891,1
2025-02-26 00:00:00,0,0.416237736457973,0.018884314628705302,1
2025-02-26 04:00:00,0,0.17978346988141336,0.019586599998830057,1
2025-02-26 08:00:00,0,-0.23008548082213012,0.02039642237221687,1
2025-02-26 12:00:00,0,-0.17616954467318485,0.02103254811254379,1
2025-02-26 16:00:00,0,0.17898774518316718,0.020066965059353452,1
2025-02-27 00:00:00,0,0.5228807883867255,0.018683036235873987,1
2025-02-27 04:00:00,0,0.5360473806983354,0.019037856595159306,1
2025-02-27 08:00:00,0,-0.11521010650423338,0.01960587892090297,1
2025-02-27 12:00:00,0,-1.9384516987729536,0.0198519145380569,1
2025-02-27 16:00:00,0,-2.489208331441565,0.016665928550907084,1
2025-02-28 00:00:00,0,-0.01686521324049413,0.014325388393529976,1
2025-02-28 04:00:00,0,0.18822233161506766,0.014651001288454738,1
2025-02-28 08:00:00,0,-0.3274697548586533,0.014979948312109545,1
2025-02-28 12:00:00,0,-0.3518918307541778,0.015317340585199544,1
2025-02-28 16:00:00,0,1.999483513588438,0.014460495286668679,1
2025-03-03 00:00:00,0,0.20883202105033669,0.013370784944408761,1
2025-03-03 04:00:00,0,0.12865702904303927,0.013805510421464906,1
2025-03-03 08:00:00,0,0.27202733021255143,0.014148546005676284,1
2025-03-03 12:00:00,0,-1.115604632386252,0.014601978543579365,1
2025-03-03 16:00:00,0,-1.611433324528672,0.013603801238885762,1
2025-03-04 00:00:00,0,0.42832168868682563,0.0123950484266523,1
2025-03-04 04:00:00,0,-0.3412745829357872,0.012872094606241273,1
2025-03-04 08:00:00,0,-0.857645541370385,0.01324504552954236,1
2025-03-04 12:00:00,0,0.04709154582972287,0.012884840830893798,1
2025-03-04 16:00:00,0,0.8984548282169239,0.012254855335938718,1
2025-03-05 00:00:00,0,0.2120139151952835,0.01189764427829745,1
2025-03-05 04:00:00,0,0.2670923070027185,0.012306935309863327,1
2025-03-05 08:00:00,0,-0.9123227369173751,0.012774336318340001,1
2025-03-05 12:00:00,0,0.7010298412977619,0.012617580220980319,1
2025-03-05 16:00:00,0,0.2056023819631802,0.012120959358909751,1
2025-03-06 00:00:00,0,-0.007058732952487003,0.012597939515455073,1
2025-03-06 04:00:00,0,-1.0143126109335863,0.013293276205570933,1
2025-03-06 08:00:00,0,-0.41788629883345013,0.012852506449117245,1
2025-03-06 12:00:00,0,-0.7708740768202642,0.013097922302269624,1
2025-03-06 16:00:00,0,0.005754491474102285,0.012058468977117183,1
2025-03-07 00:00:00,0,-0.20752678247965947,0.012641641182292577,1
2025-03-07 04:00:00,0,0.21854592564682757,0.013205672794972582,1
2025-03-07 08:00:00,0,-0.6819516100548063,0.013659178902517582,1
2025-03-07 12:00:00,0,-0.6116809031450366,0.013380282061634687,1
2025-03-07 16:00:00,0,1.2000633398354008,0.012080017488481086,1
2025-03-10 00:00:00,0,0.12357024076158749,0.011510005579287847,1
2025-03-10 04:00:00,0,-0.590290936565843,0.012035378464261835,1
2025-03-10 08:00:00,0,-0.2134234865453597,0.0120834202188602,1
2025-03-10 12:00:00,0,-1.7525912918573254,0.01214450683970825,1
2025-03-10 16:00:00,0,-0.30908184962497826,0.011143942808500834,1
2025-03-11 00:00:00,0,1.0602469949722642,0.010477054363131899,1
2025-03-11 04:00:00,0,0.40733685477105513,0.010292022840839472,1
2025-03-11 08:00:00,0,-0.4494283647806524,0.010602848881487765,1
2025-03-11 12:00:00,0,-0.555101704767697,0.010863131189106007,1
2025-03-11 16:00:00,0,0.3026432954189994,0.01043879068097676,1
2025-03-12 00:00:00,0,-0.05072326261152934,0.010261804645464964,1
2025-03-12 04:00:00,0,0.3927298274433255,0.010853010949616023,1
2025-03-12 08:00:00,0,0.7592988326273761,0.011124935671271366,1
2025-03-12 12:00:00,0,-0.40736578920480165,0.011116176196889394,1
2025-03-12 16:00:00,0,-0.2494297946477509,0.010596964549346449,1
2025-03-13 00:00:00,0,-0.7020958585909941,0.011141001786078466,1
2025-03-13 04:00:00,0,0.016994832038748606,0.011179788676459137,1
2025-03-13 08:00:00,0,0.290420390301488,0.011621544190590326,1
2025-03-13 12:00:00,0,-1.2406638952323237,0.011840973285787981,1
2025-03-13 16:00:00,0,0.014730647227984043,0.011190645016343276,1
2025-03-14 00:00:00,0,0.19889276681536236,0.011605465171073033,1
2025-03-14 04:00:00,0,-0.07208816499777185,0.012218686947159666,1
2025-03-14 08:00:00,0,0.3385324461567779,0.012750060751655126,1
2025-03-14 12:00:00,0,0.9875968993897434,0.013105351084669153,1
2025-03-14 16:00:00,0,-0.09975820376745774,0.012868971782860904,1
2025-03-17 00:00:00,0,-0.013147349210732797,0.013402581312268153,1
2025-03-17 04:00:00,0,0.13774731849305308,0.014192030597926508,1
2025-03-17 08:00:00,0,0.7512316604092928,0.01483897151918368,1
2025-03-17 12:00:00,0,-0.31592811398617887,0.014937084921701895,1
2025-03-17 16:00:00,0,0.7540327213116127,0.014587094056580374,1
2025-03-18 00:00:00,0,-0.4316765619280224,0.014643934146306,1
2025-03-18 04:00:00,0,0.5619093839992663,0.0150878991623899,1
2025-03-18 08:00:00,0,-0.7166509998001542,0.015553174715482567,1
2025-03-18 12:00:00,0,-1.0991406473543708,0.01567284275396393,1
2025-03-18 16:00:00,0,-0.16557340758139122,0.014508673160177909,1
2025-03-19 00:00:00,0,-0.25720195481969493,0.0151152100695548,1
2025-03-19 04:00:00,0,-0.04733549657694894,0.015810093027240003,1
2025-03-19 08:00:00,0,0.23934089067658335,0.016278842620218455,1
2025-03-19 12:00:00,0,0.7531101221885449,0.016885004394427354,1
2025-03-19 16:00:00,0,0.4534098489063873,0.016375102681811377,1
2025-03-20 00:00:00,0,0.1942313186295536,0.015433150980517741,1
2025-03-20 04:00:00,0,-0.14946371434733724,0.01615290437708716,1
2025-03-20 08:00:00,-1,-1.4876202258254527,0.016962691715758645,1
2025-03-20 12:00:00,0,0.31296480108717145,0.015529301508762618,1
2025-03-20 16:00:00,0,0.09152990735718947,0.014436301168755095,1
2025-03-21 00:00:00,0,-0.26095339719349064,0.015274665222528737,1
2025-03-21 04:00:00,0,-0.44359337155328576,0.01589707246620522,1
2025-03-21 08:00:00,0,-0.7434882876119936,0.016045434253267474,1
2025-03-21 12:00:00,0,1.3174147372592657,0.01586653677258449,1
2025-03-21 16:00:00,0,0.4568146005606631,0.015183923990381034,1
2025-03-24 00:00:00,0,-0.056100627688840034,0.015302305137875965,1
2025-03-24 04:00:00,0,0.6141414826270566,0.016233550336713462,1
2025-03-24 08:00:00,0,0.39075466716755214,0.016634376570949776,1
2025-03-24 12:00:00,0,0.42969224124074074,0.017159108161876758,1
2025-03-24 16:00:00,0,0.11293446679520452,0.017209297719266572,1
2025-03-25 00:00:00,0,-0.2266711794602538,0.018717154600469802,1
2025-03-25 04:00:00,0,-0.23139958296609547,0.0196345114266638,1
2025-03-25 08:00:00,-1,0.7842415684222079,0.020211159154598125,1
2025-03-25 12:00:00,0,0.3308895598695457,0.020087925396017475,1
2025-03-25 16:00:00,0,0.5110770807199688,0.020144084875321364,1
2025-03-26 00:00:00,0,-0.3537005443601203,0.02148255946802454,1
2025-03-26 04:00:00,0,-0.2619577772120262,0.0222849930531672,1
2025-03-26 08:00:00,-1,0.2344017625018643,0.02310708799692658,1
2025-03-26 12:00:00,0,-3.166710059638953,0.023902295829646265,1
2025-03-26 16:00:00,0,-0.33757995885040554,0.02024436525908992,1
2025-03-27 00:00:00,0,0.4916750799389574,0.02078982219123906,1
2025-03-27 04:00:00,0,-0.18399396763054182,0.02143766211836016,1
2025-03-27 08:00:00,0,-0.4132639649744258,0.02138844459848766,1
2025-03-27 12:00:00,0,-0.4468629432715206,0.02151761316531844,1
2025-03-27 16:00:00,0,-0.08309914137315011,0.019827550820702682,1
2025-03-28 00:00:00,0,-0.015664836852297317,0.02016466695863641,1
2025-03-28 04:00:00,0,-0.6394511245402702,0.02126807386790513,1
2025-03-28 08:00:00,0,-0.3128263353958178,0.020681949468215253,1
2025-03-28 12:00:00,0,-3.05874375292768,0.020894743390185534,1
2025-03-28 16:00:00,0,-0.8755456038809296,0.016959210640233015,1
2025-03-31 00:00:00,0,0.10983002153409761,0.01623940856402863,1
2025-03-31 04:00:00,0,-0.1672850532332818,0.016736334950537262,1
2025-03-31 08:00:00,0,0.1328386414129118,0.017308104474449304,1
2025-03-31 12:00:00,0,-0.0035510671856453973,0.017589589866344468,1
2025-03-31 16:00:00,0,1.2513752750944367,0.01620561646043056,1
2025-04-01 00:00:00,0,0.2815408247890345,0.015686005333685162,1
2025-04-01 04:00:00,0,0.6693877790375105,0.016148453970756795,1
2025-04-01 08:00:00,0,-0.5674381178605701,0.016426039829883287,1
2025-04-01 12:00:00,0,1.148483973271205,0.016006383517275968,1
2025-04-01 16:00:00,0,0.1948272875701746,0.014634984408028419,1
2025-04-02 00:00:00,0,0.10468597370058753,0.014479845890329654,1
2025-04-02 04:00:00,0,-0.36688485167017776,0.015329198166766398,1
2025-04-02 08:00:00,0,-0.9041866711116707,0.015776800339741267,1
2025-04-02 12:00:00,0,2.589809173772779,0.01530046910614281,1
2025-04-02 16:00:00,0,-3.6806231784000363,0.01357536155155459,1
2025-04-03 00:00:00,0,0.4997816458961473,0.00983657808953598,1
2025-04-03 04:00:00,0,0.14325609623247282,0.01018339598247955,1
2025-04-03 08:00:00,0,-1.2851968568152807,0.01048362540326893,1
2025-04-03 12:00:00,0,0.1134393498985686,0.010029806377966239,1
2025-04-03 16:00:00,0,-0.9244992013873732,0.009726824654436457,1
2025-04-04 00:00:00,0,-0.7752093235988016,0.009848494087723755,1
2025-04-04 04:00:00,0,0.432363508197049,0.009805871837854611,1
2025-04-04 08:00:00,0,-1.6189174114582712,0.00995258483312247,1
2025-04-04 12:00:00,0,-1.6185397629387277,0.00840443023495585,1
2025-04-04 16:00:00,0,-0.9102053204233294,0.007547178861234579,1
2025-04-07 00:00:00,0,-0.08951145963713737,0.005854492377691205,1
2025-04-07 04:00:00,0,0.30136142933816173,0.005860652765970399,1
2025-04-07 08:00:00,0,0.8790520746984112,0.0057813472799434105,1
2025-04-07 12:00:00,0,0.23604902423726284,0.005733486691311907,1
2025-04-07 16:00:00,0,0.7695272480637313,0.004646833661817623,1
2025-04-08 00:00:00,0,0.1427702156520572,0.00489753923455803,1
2025-04-08 04:00:00,0,0.10320791240657487,0.0051092969825116295,1
2025-04-08 08:00:00,0,0.3690289837777264,0.005315615918674912,1
2025-04-08 12:00:00,0,-0.7609791944462229,0.0054235198116925195,1
2025-04-08 16:00:00,0,-0.9881148829429574,0.005094861474495226,1
2025-04-09 00:00:00,0,-0.17154967517473343,0.004691602523612763,1
2025-04-09 04:00:00,0,1.1235885499069809,0.004681740720922554,1
2025-04-09 08:00:00,0,-0.4659129659660454,0.004669098102281928,1
2025-04-09 12:00:00,0,0.8260233340011484,0.004576767325541957,1
2025-04-09 16:00:00,0,3.5671431493334858,0.004692055545248985,1
2025-04-10 00:00:00,0,-0.3143438715277089,0.004415762298946862,1
2025-04-10 04:00:00,0,-0.4922082448908941,0.004525934254393518,1
2025-04-10 08:00:00,0,0.07692893992086024,0.00449766622961733,1
2025-04-10 12:00:00,0,-0.9828974831571382,0.004675326954561809,1
2025-04-10 16:00:00,0,0.3407785349192753,0.004284219376155168,1
2025-04-11 00:00:00,0,0.5417482510056681,0.004227321036089787,1
2025-04-11 04:00:00,0,-0.16421422307694136,0.004391843550691378,1
2025-04-11 08:00:00,0,0.17039429916054238,0.004408741335857369,1
2025-04-11 12:00:00,0,0.46131724722048656,0.004550963298481022,1
2025-04-11 16:00:00,0,0.1610143218342138,0.004620846217618016,1
2025-04-14 00:00:00,0,0.23229372999768216,0.004993788728133032,1
2025-04-14 04:00:00,0,0.0008531795456189771,0.005265832687129412,1
2025-04-14 08:00:00,0,0.14635676278063278,0.00556850351447679,1
2025-04-14 12:00:00,0,-0.9609432872729429,0.005844560045876546,1
2025-04-14 16:00:00,0,0.26902225352253006,0.005632242915808523,1
2025-04-15 00:00:00,0,-0.0024970880458159853,0.006097380849021859,1
2025-04-15 04:00:00,0,0.22953963212175293,0.006457140196559393,1
2025-04-15 08:00:00,0,-0.17505691648942037,0.006751343407256735,1
2025-04-15 12:00:00,0,0.08186908066507713,0.006967606288633351,1
2025-04-15 16:00:00,0,-0.07587290277670831,0.007175941727210966,1
2025-04-16 00:00:00,0,-0.00463316352629126,0.0074451895382875765,1
2025-04-16 04:00:00,0,0.13544082578295832,0.007885171264688087,1
2025-04-16 08:00:00,0,-0.23706513595836964,0.007808766467303961,1
2025-04-16 12:00:00,0,-0.2555646061065262,0.0081118229327751,1
2025-04-16 16:00:00,0,-0.65532685159298,0.008224029183148886,1
2025-04-17 00:00:00,0,0.17102772164127042,0.008128896639884737,1
2025-04-17 04:00:00,0,0.009847424704043746,0.008573440973638416,1
2025-04-17 08:00:00,0,-0.03348125646823654,0.008905223513602777,1
2025-04-17 12:00:00,0,-0.2872676159296174,0.00914771810574481,1
2025-04-17 16:00:00,0,-0.12540207407440468,0.009062983372198392,1
2025-04-21 00:00:00,0,-0.32893835858683146,0.009413001772024435,1
2025-04-21 04:00:00,0,-0.1975646126379808,0.009727158389208675,1
2025-04-21 08:00:00,0,-0.21955000936366703,0.010093415361202007,1
2025-04-21 12:00:00,0,-1.4444921397744315,0.010384432837333056,1
2025-04-21 16:00:00,0,0.4974098539063041,0.009741339304575493,1
2025-04-22 00:00:00,0,-0.057292557268588507,0.010052243555853688,1
2025-04-22 04:00:00,0,0.5839636925375947,0.010397304766979872,1
2025-04-22 08:00:00,0,0.11253836428155994,0.010545146895335984,1
2025-04-22 12:00:00,0,1.4481375732004467,0.01100873198277805,1
2025-04-22 16:00:00,0,-0.40713249518234884,0.01050284584541889,1
2025-04-23 00:00:00,0,0.09033758708844788,0.009821147052857512,1
2025-04-23 04:00:00,0,0.4444097310195912,0.010224499052892648,1
2025-04-23 08:00:00,0,0.5810186002289671,0.010475158253071585,1
2025-04-23 12:00:00,0,-0.23369555733139505,0.010805597690138991,1
2025-04-23 16:00:00,0,-0.26783860807285415,0.010165302493613616,1
2025-04-24 00:00:00,0,-0.325461093806574,0.010476487844759364,1
2025-04-24 04:00:00,0,-0.5865571312064634,0.010760040575770622,1
2025-04-24 08:00:00,0,0.9782517261974977,0.010823656704404662,1
2025-04-24 12:00:00,0,1.8000657108957345,0.01092092221061088,1
2025-04-24 16:00:00,0,0.36581307280172765,0.010402445650590888,1
2025-04-25 00:00:00,0,-0.20358362594644638,0.01102354347846513,1
2025-04-25 04:00:00,0,-0.022581809387816135,0.011332021589066788,1
2025-04-25 08:00:00,-1,-0.7527210501092818,0.011801869823752587,1
2025-04-25 12:00:00,0,1.0375100630942125,0.011782267142274788,1
2025-04-25 16:00:00,0,0.4120906364993388,0.011758955673080088,1
2025-04-28 00:00:00,0,-0.007202309446053706,0.012055177529355237,1
2025-04-28 04:00:00,0,0.44075249406752065,0.012711147800927249,1
2025-04-28 08:00:00,0,0.1984852321293801,0.013185879033896158,1
2025-04-28 12:00:00,0,-1.2196696390735362,0.013772576715280623,1
2025-04-28 16:00:00,0,0.8420392541184196,0.012760673145250886,1
2025-04-29 00:00:00,0,0.011388751262311564,0.012801732105073228,1
2025-04-29 04:00:00,0,0.14106978695542144,0.013347603206236293,1
2025-04-29 08:00:00,0,-0.7409319861558974,0.013878429301265947,1
2025-04-29 12:00:00,0,0.2760305348094362,0.01397402150078418,1
2025-04-29 16:00:00,0,0.649046785024442,0.01372453444964183,1
2025-04-30 00:00:00,0,-0.0714756480971936,0.014162157777761942,1
2025-04-30 04:00:00,0,0.306963313763035,0.014856708490672062,1
2025-04-30 08:00:00,0,-1.777181935812243,0.015253926185442307,1
2025-04-30 12:00:00,0,0.8617873469540721,0.013870984561874251,1
2025-04-30 16:00:00,0,2.0621935090853785,0.013010656962860368,1
2025-05-01 00:00:00,0,-0.016479236518578612,0.01214761031376877,1
2025-05-01 04:00:00,0,0.20451197617788036,0.012803839508097381,1
2025-05-01 08:00:00,0,-0.1605188133747612,0.013376030005641564,1
2025-05-01 12:00:00,0,-0.05526354105583825,0.013913371189136055,1
2025-05-01 16:00:00,0,-0.7643031315012789,0.013506721633606316,1
2025-05-02 00:00:00,0,0.21153584732903333,0.01293188116954774,1
2025-05-02 04:00:00,0,-0.5991512329795838,0.013461518735905162,1
2025-05-02 08:00:00,0,1.1927001953004368,0.013749837998885782,1
2025-05-02 12:00:00,0,0.7600116867078865,0.013629423159904314,1
2025-05-02 16:00:00,0,-0.19638787434882435,0.01345031871840619,1
2025-05-05 00:00:00,0,-0.3730372307641963,0.013973265396713654,1
2025-05-05 04:00:00,0,-0.1934741564426877,0.014322633840448955,1
2025-05-05 08:00:00,0,0.02913212860875176,0.014645435131410006,1
2025-05-05 12:00:00,0,0.7621398025350049,0.015377706714128794,1
2025-05-05 16:00:00,0,-0.558887798602805,0.01552513728905288,1
2025-05-06 00:00:00,0,-0.12837969040154512,0.016003787553949902,1
2025-05-06 04:00:00,0,-0.629763414639235,0.01665804847157037,1
2025-05-06 08:00:00,0,-0.22682008510457496,0.01665803533352334,1
2025-05-06 12:00:00,0,0.1587785550358489,0.017000831285083513,1
2025-05-06 16:00:00,0,-0.10243972524651854,0.016005915018333327,1
2025-05-07 00:00:00,0,-0.4044282222707433,0.015104596181040665,1
2025-05-07 04:00:00,0,-0.03994394388121006,0.01533117639733032,1
2025-05-07 08:00:00,0,-0.4534786179238972,0.01598493469366357,1
2025-05-07 12:00:00,0,-0.22989823163982498,0.01621773844366909,1
2025-05-07 16:00:00,0,0.3821586834755548,0.015979354774284863,1
2025-05-08 00:00:00,0,0.9435507332580984,0.015001129894931901,1
2025-05-08 04:00:00,0,0.22092126854896427,0.015014352832117717,1
2025-05-08 08:00:00,0,-0.30022577680255025,0.015473860527157513,1
2025-05-08 12:00:00,0,0.9264181594152159,0.01571473754439187,1
2025-05-08 16:00:00,0,-0.9925546973113409,0.014651590494183062,1
2025-05-09 00:00:00,0,0.3554034346236987,0.01489723400283478,1
2025-05-09 04:00:00,0,-0.05188661071010706,0.01549330168650066,1
2025-05-09 08:00:00,0,0.3605501288468822,0.016122508450575584,1
2025-05-09 12:00:00,0,-0.8998364866477178,0.01638591045837749,1
2025-05-09 16:00:00,0,0.3496246358409059,0.015838587096924147,1
2025-05-12 00:00:00,0,0.22624073117935856,0.015119528121738416,1
2025-05-12 04:00:00,0,2.0326932789424745,0.015901381718047832,1
2025-05-12 08:00:00,0,0.21704263669122717,0.014684245675170383,1
2025-05-12 12:00:00,0,-0.21910517780350014,0.015107499892577874,1
2025-05-12 16:00:00,0,0.42433949926097764,0.014680406029232517,1
2025-05-13 00:00:00,0,-0.19751487236245163,0.015466441466016294,1
2025-05-13 04:00:00,0,-0.05074602828551914,0.016111774203743347,1
2025-05-13 08:00:00,-1,1.0976983845005996,0.016899808201110762,1
2025-05-13 12:00:00,0,1.8984072390274527,0.016521892601502938,1
2025-05-13 16:00:00,0,-0.37753230093957235,0.015423579746634749,1
2025-05-14 00:00:00,0,0.2411589147981399,0.01673160516361807,1
2025-05-14 04:00:00,0,-0.21555025684251844,0.017486380880234496,1
2025-05-14 08:00:00,-1,0.3302300506747827,0.017954864461528924,1
2025-05-14 12:00:00,0,0.2712670562342279,0.018075626169735428,1
2025-05-14 16:00:00,0,0.2093767743673721,0.018181763734636612,1
2025-05-15 00:00:00,0,0.024498689141213312,0.019389651968415498,1
2025-05-15 04:00:00,0,-1.2387366989322557,0.020377110798952946,1
2025-05-15 08:00:00,0,0.509656563153234,0.019694164315718153,1
2025-05-15 12:00:00,0,1.4649491508228,0.019779121344189396,1
2025-05-15 16:00:00,0,-0.6612169845815753,0.01894821096666874,1
2025-05-16 00:00:00,0,0.2901248660457387,0.018798094858872377,1
2025-05-16 04:00:00,0,0.40717929053641466,0.019575893943033468,1
2025-05-16 08:00:00,0,-0.15920734806031267,0.019883470091267504,1
2025-05-16 12:00:00,0,-0.08901067789842414,0.020595238187462804,1
2025-05-16 16:00:00,0,-0.16418641800601172,0.020066399212305814,1
2025-05-19 00:00:00,0,-0.5893496276867081,0.019924740203201563,1
2025-05-19 04:00:00,0,-0.6232322705343188,0.020123530598271176,1
2025-05-19 08:00:00,0,0.5550084888158333,0.01965165762485268,1
2025-05-19 12:00:00,0,2.0906091095179047,0.02010939370984888,1
2025-05-19 16:00:00,0,0.1332734517615072,0.018348118363301875,1
2025-05-20 00:00:00,0,-0.46251874471565946,0.01959044088285285,1
2025-05-20 04:00:00,0,-0.09546788818181416,0.020028612908997583,1
2025-05-20 08:00:00,0,0.019193797234452796,0.02051581797820472,1
2025-05-20 12:00:00,0,0.15876719176153606,0.021275064088938977,1
2025-05-20 16:00:00,0,-0.2895872004740102,0.021492458653695923,1
2025-05-21 00:00:00,0,-0.5106662567535459,0.021298904747637695,1
2025-05-21 04:00:00,0,-0.26936786528564355,0.021762089473742748,1
2025-05-21 08:00:00,0,-0.09392742983620511,0.02209610955216293,1
2025-05-21 12:00:00,0,1.6137349018982983,0.02211026183054631,1
2025-05-21 16:00:00,0,-2.6944649935686784,0.02034555120593797,1
2025-05-22 00:00:00,0,-0.21217129388302314,0.017798160345144108,1
2025-05-22 04:00:00,0,0.21102926730372634,0.018550976808247212,1
2025-05-22 08:00:00,0,-0.04073924810796768,0.019307031958118483,1
2025-05-22 12:00:00,0,0.17408049254621935,0.018699656226824873,1
2025-05-22 16:00:00,0,-0.027779985214878244,0.018112051313620335,1
2025-05-23 00:00:00,0,-0.3189954118304196,0.01834894397500866,1
2025-05-23 04:00:00,0,0.22566607252391857,0.019064536844168072,1
2025-05-23 08:00:00,0,-2.686270824195828,0.01915958386387775,1
2025-05-23 12:00:00,0,1.089257666246193,0.01624022099278028,1
2025-05-23 16:00:00,0,-0.17643927179065594,0.015836554463495914,1
2025-05-26 00:00:00,0,0.20465820150085023,0.015424773630273508,1
2025-05-26 04:00:00,0,0.15264612877324849,0.016174687068262063,1
2025-05-26 08:00:00,0,0.09241448178042452,0.01671152666440927,1
2025-05-26 12:00:00,0,0.149876749992693,0.017641825871618513,1
2025-05-27 00:00:00,0,-0.43441964022593993,0.018754077611377082,1
2025-05-27 04:00:00,0,0.9580301574474192,0.019173932508402207,1
2025-05-27 08:00:00,0,-0.25472238039984024,0.018770945843915893,1
2025-05-27 12:00:00,0,1.0671417858394407,0.01920186828091532,1
2025-05-27 16:00:00,0,0.2899629213014008,0.018242863264117337,1
2025-05-28 00:00:00,0,-0.22377087805943469,0.020097815489719582,1
2025-05-28 04:00:00,0,-0.13062827302037966,0.021060352860299284,1
2025-05-28 08:00:00,-1,0.6894990702094819,0.022077194944976966,1
2025-05-28 12:00:00,0,-0.3370158654618921,0.0221129715872034,1
2025-05-28 16:00:00,0,0.4505856990049528,0.021935780563515115,1
2025-05-29 00:00:00,0,-0.1754386904021691,0.019284448545165908,1
2025-05-29 04:00:00,0,-0.09366930658031883,0.019991777628262514,1
2025-05-29 08:00:00,-1,-0.9935103296087021,0.02028941023610631,1
2025-05-29 12:00:00,0,-1.3183233423138034,0.019587612550004685,1
2025-05-29 16:00:00,0,-0.43669350595681417,0.017295190340192505,1
2025-05-30 00:00:00,0,0.0560361748667184,0.01784534440963915,1
2025-05-30 04:00:00,0,0.07281418119898404,0.018348461662060122,1
2025-05-30 08:00:00,0,-0.17358392871349898,0.018862223075401193,1
2025-05-30 12:00:00,0,-1.5095788677861213,0.018420909101031564,1
2025-05-30 16:00:00,0,1.5783191498915683,0.016828383675435175,1
2025-06-02 00:00:00,0,-0.3362784305878138,0.01636211505819677,1
2025-06-02 04:00:00,0,-0.016807834309680306,0.016852987768959698,1
2025-06-02 08:00:00,0,0.31184045589290765,0.017303064656746223,1
2025-06-02 12:00:00,0,1.0232182118268383,0.01787961806355932,1
2025-06-02 16:00:00,0,0.6987468395291601,0.017486263199547207,1
2025-06-03 00:00:00,0,-0.17281466568656179,0.018182673173109887,1
2025-06-03 04:00:00,0,-0.07998510410437605,0.018962992238111872,1
2025-06-03 08:00:00,0,0.6380816473884197,0.019568932124113217,1
2025-06-03 12:00:00,0,1.439563947266169,0.019950369293916023,1
2025-06-03 16:00:00,0,-0.32697530987813617,0.019209873361066804,1
2025-06-04 00:00:00,0,-0.15603174419853824,0.020444180980441103,1
2025-06-04 04:00:00,0,0.30490890215964367,0.021482785102104798,1
2025-06-04 08:00:00,0,-0.0708575666026176,0.022203922815608533,1
2025-06-04 12:00:00,0,0.3769113760458986,0.022398382045355547,1
2025-06-04 16:00:00,0,-0.05046076079931999,0.02210424026958196,1
2025-06-05 00:00:00,0,0.02776979701592207,0.024139090399672963,1
2025-06-05 04:00:00,0,0.36763903497036693,0.025513196530860427,1
2025-06-05 08:00:00,0,0.09760818349714827,0.02547048836382979,1
2025-06-05 12:00:00,0,-0.97302474937752,0.024354765506669533,1
2025-06-05 16:00:00,0,-1.3822589546937099,0.02229457396481749,1
2025-06-06 00:00:00,0,0.5904487091849853,0.020655595598758816,1
2025-06-06 04:00:00,0,0.08119903257665483,0.0212489498494545,1
2025-06-06 08:00:00,0,0.770344258136863,0.022169098366007858,1
2025-06-06 12:00:00,0,-0.03601681790952439,0.022128725011320037,1
2025-06-06 16:00:00,0,0.424544536857227,0.02192085363614333,1
2025-06-09 00:00:00,0,-0.005934421176104741,0.022360295656557252,1
2025-06-09 04:00:00,0,0.37039826725633646,0.023545127580928388,1
2025-06-09 08:00:00,0,0.03951751410608286,0.02432813275568903,1
2025-06-09 12:00:00,0,0.6343149058896338,0.025202881188759046,1
2025-06-09 16:00:00,0,-0.4128837112507437,0.024935399332015266,1
2025-06-10 00:00:00,0,0.49768372387522053,0.026339805250367113,1
2025-06-10 04:00:00,0,-0.9534608321202995,0.026367353990662777,1
2025-06-10 08:00:00,0,0.3669316329900368,0.0247889543053305,1
2025-06-10 12:00:00,0,0.4783641710258173,0.025666932941331797,1
2025-06-10 16:00:00,0,0.34148227248329077,0.024762080732783118,1
2025-06-11 00:00:00,0,-0.3153432531436641,0.02441647533116173,1
2025-06-11 04:00:00,0,0.5846725620492825,0.025416344487287974,1
2025-06-11 08:00:00,0,0.7641374204417156,0.02583662995294049,1
2025-06-11 12:00:00,0,-0.4241915699014308,0.024379717968554194,1
2025-06-11 16:00:00,0,-0.7971417194853145,0.02373828878981417,1
2025-06-12 00:00:00,0,0.21705307595565562,0.022382103746935632,1
2025-06-12 04:00:00,0,-0.24832316753335137,0.02308608005226211,1
2025-06-12 08:00:00,0,0.2878059120925751,0.022830146538687146,1
2025-06-12 12:00:00,0,0.6964871460352573,0.02289874442591411,1
2025-06-12 16:00:00,0,-0.128432882093307,0.022582844163038893,1
2025-06-13 00:00:00,0,-0.19149327780082306,0.019907331253040436,1
2025-06-13 04:00:00,0,0.41385295592911875,0.019835408213101997,1
2025-06-13 08:00:00,0,0.39980667387568397,0.01989408218926523,1
2025-06-13 12:00:00,0,1.2174919146927414,0.02013924889242282,1
2025-06-13 16:00:00,0,-1.212943049752439,0.01934195026464755,1
2025-06-16 00:00:00,0,-0.07937867926049509,0.01827415244051799,1
2025-06-16 04:00:00,0,0.6833800004084676,0.01916751816062231,1
2025-06-16 08:00:00,0,0.21281997282178977,0.01961680578124429,1
2025-06-16 12:00:00,0,0.9125070361546278,0.020007104738169093,1
2025-06-16 16:00:00,0,-0.009893093484061451,0.019466686095540867,1
2025-06-17 00:00:00,0,-0.14180843547122854,0.019906784882618166,1
2025-06-17 04:00:00,0,-0.05026478771802158,0.02039948640544985,1
2025-06-17 08:00:00,0,-0.08311139737300333,0.020612662247034515,1
2025-06-17 12:00:00,0,-0.11477305351574396,0.021014027031477717,1
2025-06-17 16:00:00,0,-0.6406331636304108,0.021289600164865363,1
2025-06-18 00:00:00,0,0.01871862773182655,0.02118677985557209,1
2025-06-18 04:00:00,0,0.4056453200115576,0.021995648892709344,1
2025-06-18 08:00:00,0,-0.3884729208164665,0.022932081398117577,1
2025-06-18 12:00:00,0,0.3224471816458289,0.02298070083768434,1
2025-06-18 16:00:00,0,-0.5187117873463776,0.022439175666362044,1
2025-06-19 00:00:00,0,0.04413330739191497,0.021636743346511073,1
2025-06-19 04:00:00,0,-0.5539350318345863,0.021882927125491877,1
2025-06-19 08:00:00,0,-0.4994378113662343,0.021982480754228064,1
2025-06-19 12:00:00,0,-0.4705506490586256,0.02212574797584251,1
2025-06-20 00:00:00,0,0.156851421059823,0.021054982471369593,1
2025-06-20 04:00:00,0,-0.3111617777370388,0.02178252224245096,1
2025-06-20 08:00:00,0,1.2881761008844377,0.02222902156743704,1
2025-06-20 12:00:00,0,-1.1119157336554635,0.021791277404688825,1
2025-06-20 16:00:00,0,-0.06761535566909335,0.019298106891112107,1
2025-06-23 00:00:00,0,0.21168155348070036,0.017832195361074672,1
2025-06-23 04:00:00,0,0.9464874210525671,0.018679901190255026,1
2025-06-23 08:00:00,0,-0.15939683774707028,0.018536783819785532,1
2025-06-23 12:00:00,0,-0.299941149050508,0.01845971708657375,1
2025-06-23 16:00:00,0,1.4283070730247085,0.017408968124159756,1
2025-06-24 00:00:00,0,0.0863617912260352,0.016771302607565826,1
2025-06-24 04:00:00,0,0.3493470022475891,0.017630659319004,1
2025-06-24 08:00:00,0,-0.11051854957968754,0.017879837865852,1
2025-06-24 12:00:00,0,0.7289902806665649,0.01836280169362575,1
2025-06-24 16:00:00,0,0.04508389477914382,0.01845418569867321,1
2025-06-25 00:00:00,0,0.0035059223829924492,0.020255827676792338,1
2025-06-25 04:00:00,0,0.06674125167109432,0.021427048669693607,1
2025-06-25 08:00:00,0,0.5800184578231418,0.02268978387492738,1
2025-06-25 12:00:00,0,-0.5244580449825392,0.023182902515270488,1
2025-06-25 16:00:00,0,0.22917631632720067,0.02295822785232691,1
2025-06-26 00:00:00,0,0.24328144643802488,0.024519980300108338,1
2025-06-26 04:00:00,0,0.4847534336161123,0.02570385643659381,1
2025-06-26 08:00:00,0,-0.058814095813974857,0.02629654663642281,1
2025-06-26 12:00:00,0,0.5068274427377599,0.027103939730184882,1
2025-06-26 16:00:00,0,0.5963921266575236,0.02631899108105875,1
2025-06-27 00:00:00,0,0.19553850132523384,0.02787489374000473,1
2025-06-27 04:00:00,0,0.5861725309734352,0.029085094377093168,1
2025-06-27 08:00:00,0,-0.1625761510353935,0.029775109541311292,1
2025-06-27 12:00:00,0,0.6509658793578611,0.03055116319316218,1
2025-06-27 16:00:00,0,-0.5483987420368052,0.02979436249513777,1
2025-06-30 00:00:00,0,0.3936834246061925,0.0277764676080445,1
2025-06-30 04:00:00,0,0.0,0.02845992851705065,1
2025-06-30 08:00:00,0,-0.07010956901575346,0.029525267604277608,1
2025-06-30 12:00:00,0,-0.2680571349135503,0.030371205125177353,1
2025-06-30 16:00:00,0,0.23302162154374254,0.03043893247886302,1
2025-07-01 00:00:00,0,-0.4441306915576072,0.030285111218063706,1
2025-07-01 04:00:00,0,-0.1318951045911065,0.031080938161922173,1
2025-07-01 08:00:00,0,-0.553475162011192,0.0322373008673233,1
2025-07-01 12:00:00,0,-1.0146915372226841,0.03212877623402778,1
2025-07-01 16:00:00,0,-0.09942371770281021,0.028515457679413686,1
2025-07-02 00:00:00,0,0.5959020870134313,0.029483405453594593,1
2025-07-02 04:00:00,0,-0.632508678847973,0.02942969103835699,1
2025-07-02 08:00:00,0,-0.9609187492054345,0.029860951263360698,1
2025-07-02 12:00:00,0,2.2199100172376793,0.028987063081092314,1
2025-07-02 16:00:00,0,0.11371360762864877,0.026578303388083147,1
2025-07-03 00:00:00,0,0.16365008072198178,0.02922414909266636,1
2025-07-03 04:00:00,0,-0.1359859450546428,0.03024224957575601,1
2025-07-03 08:00:00,0,0.4143700435908118,0.03132540071259675,1
2025-07-03 12:00:00,0,1.7697711516489985,0.031172393378176608,1
2025-07-03 16:00:00,0,-0.0014557556456732828,0.028851050970381844,1
2025-07-04 00:00:00,0,-0.21185789643506844,0.03143500127835839,1
2025-07-04 04:00:00,0,-0.8594432088548979,0.03231687958453506,1
2025-07-04 08:00:00,0,-0.02185978532116929,0.03230718331436183,1
2025-07-04 12:00:00,0,-0.2006779034704725,0.03294002747037364,1
2025-07-07 00:00:00,0,-0.2746206868018577,0.032859163614004164,1
2025-07-07 04:00:00,0,-0.40024104724691967,0.03311095261528943,1
2025-07-07 08:00:00,0,0.43439737372986964,0.034260895733405065,1
2025-07-07 12:00:00,0,-0.9422659685023658,0.0341619721665297,1
2025-07-07 16:00:00,0,-0.3254603354745854,0.032573869916879127,1
2025-07-08 00:00:00,0,0.052570621088720425,0.031068868943800308,1
2025-07-08 04:00:00,0,0.39035825049622963,0.03207041754219307,1
2025-07-08 08:00:00,0,-0.06640358031573261,0.032753372124033314,1
2025-07-08 12:00:00,0,-0.2658300269620475,0.03381602040778376,1
2025-07-08 16:00:00,0,-0.15852752678767443,0.03287628569001021,1
2025-07-09 00:00:00,0,0.19687284176040523,0.03418775486642142,1
2025-07-09 04:00:00,0,-0.0119877777124415,0.0354018016479609,1
2025-07-09 08:00:00,0,0.5368732002148483,0.03606951576163086,1
2025-07-09 12:00:00,0,0.5817831669802023,0.03666508242419685,1
2025-07-09 16:00:00,0,0.7006655943149968,0.03341918719222553,1
2025-07-10 00:00:00,0,-0.15160300821830397,0.03395417296396066,1
2025-07-10 04:00:00,0,0.631565566184099,0.03539334148712234,1
2025-07-10 08:00:00,0,0.039257306457654885,0.035921573810244224,1
2025-07-10 12:00:00,0,-0.7097059019252864,0.03650284952778498,1
2025-07-10 16:00:00,0,0.18283564207496694,0.03328738648070236,1
2025-07-11 00:00:00,0,0.8533286565019933,0.030502008431361766,1
2025-07-11 04:00:00,0,-0.636278505269997,0.03036923614288504,1
2025-07-11 08:00:00,0,0.025514348957525662,0.03016131812573167,1
2025-07-11 12:00:00,0,1.0302048826789163,0.030775218252595812,1
2025-07-11 16:00:00,0,-0.6760841985616427,0.029798374368642723,1
2025-07-14 00:00:00,0,0.08869440138415059,0.029071467037397217,1
2025-07-14 04:00:00,0,0.29595591532731974,0.03039229307741806,1
2025-07-14 08:00:00,0,0.12140778791417,0.030533714422349645,1
2025-07-14 12:00:00,0,1.4660136779332524,0.031782081625481164,1
2025-07-14 16:00:00,0,0.014921703595320544,0.029581113474203682,1
2025-07-15 00:00:00,0,1.1938006257871687,0.03209207662789356,1
2025-07-15 04:00:00,0,0.41039762159336335,0.03026825061426715,1
2025-07-15 08:00:00,0,0.4051415093213879,0.031083529535652996,1
2025-07-15 12:00:00,0,-1.0235813195471957,0.03169961988823868,1
2025-07-15 16:00:00,0,-0.832317266880778,0.030545264802809776,1
2025-07-16 00:00:00,0,0.2035578839484102,0.029867661859727387,1
2025-07-16 04:00:00,0,-0.19229982255946612,0.031308956763374925,1
2025-07-16 08:00:00,0,0.7241579233615499,0.030772968675153164,1
2025-07-16 12:00:00,0,-0.2785713464139779,0.030719224684050413,1
2025-07-16 16:00:00,0,0.16777357825278177,0.027547614556300178,1
2025-07-17 00:00:00,0,-0.09827790017974616,0.029249856384161894,1
2025-07-17 04:00:00,0,0.6176714823614033,0.030545305783975418,1
2025-07-17 08:00:00,0,0.4268829526260701,0.03035121193592688,1
2025-07-17 12:00:00,0,1.1205948957056773,0.030942144767561828,1
2025-07-17 16:00:00,0,0.10525313686310522,0.02874144483497214,1
2025-07-18 00:00:00,0,0.11712103040072665,0.03129312555874,1
2025-07-18 04:00:00,0,0.02468769498448024,0.032990331915006374,1
2025-07-18 08:00:00,0,-0.14478028474494312,0.03413379707046396,1
2025-07-18 12:00:00,0,-0.9332052390808869,0.03555135288176963,1
2025-07-18 16:00:00,0,0.42505131898743426,0.03366084571791218,1
2025-07-21 00:00:00,0,0.21593460664306954,0.0355565506911401,1
2025-07-21 04:00:00,0,0.24707298366029945,0.03715477737753367,1
2025-07-21 08:00:00,0,-0.6605051307686739,0.03836074034209013,1
2025-07-21 12:00:00,0,2.1596679867756396,0.03856246769330852,1
2025-07-21 16:00:00,0,-0.6931982446772569,0.03489408409012496,1
2025-07-22 00:00:00,0,-0.40791517292685253,0.03642385069918779,1
2025-07-22 04:00:00,0,-0.3456637767137454,0.036824713243183455,1
2025-07-22 08:00:00,0,0.7151757276132706,0.03697406777506906,1
2025-07-22 12:00:00,0,-1.665729383483438,0.037373495182546866,1
2025-07-22 16:00:00,0,-0.027131234180278397,0.032532392189595555,1
2025-07-23 00:00:00,0,0.5051308131220097,0.03260498477380582,1
2025-07-23 04:00:00,0,0.36085373969388423,0.033589044901343255,1
2025-07-23 08:00:00,0,-0.5265061709215118,0.034973320646889544,1
2025-07-23 12:00:00,0,-0.08248198794337613,0.035889498971219264,1
2025-07-23 16:00:00,0,2.077549753357272,0.03406563206280778,1
2025-07-24 00:00:00,0,-0.1397034792562176,0.033124942667467815,1
2025-07-24 04:00:00,0,0.08500541615081178,0.034260188203265686,1
2025-07-24 08:00:00,0,-0.35881000535111834,0.03554339286447861,1
2025-07-24 12:00:00,0,0.15109935982901185,0.035791958604582036,1
2025-07-24 16:00:00,0,0.28309125741313457,0.0352848874530652,1
2025-07-25 00:00:00,0,-0.21480681690613304,0.037680730809456345,1
2025-07-25 04:00:00,0,-0.2883110187578225,0.03874117121620335,1
2025-07-25 08:00:00,0,-0.05841898651965046,0.03922726792507095,1
2025-07-25 12:00:00,0,1.041701126768694,0.04081075097499316,1
2025-07-25 16:00:00,0,-0.03483021480197029,0.0383922431970958,1
2025-07-28 00:00:00,0,0.21900720423836642,0.03811705077337105,1
2025-07-28 04:00:00,0,-0.2935350545800455,0.039731473396537514,1
2025-07-28 08:00:00,-1,-0.3003754310920058,0.04061830459114422,1
2025-07-28 12:00:00,0,-0.38025280892470287,0.0412752899265632,1
2025-07-28 16:00:00,0,0.3008348853098715,0.04063263501987919,1
2025-07-29 00:00:00,0,0.10102206260958582,0.04242181749603196,1
2025-07-29 04:00:00,0,0.6025885936814147,0.04425274002865637,1
2025-07-29 08:00:00,0,-0.1152471328133214,0.04477588095406409,1
2025-07-29 12:00:00,0,-1.0775300857125785,0.04604683195096791,1
2025-07-29 16:00:00,0,-0.740198456685595,0.039605358045664556,1
2025-07-30 00:00:00,0,0.23378418178853597,0.04002278907977542,1
2025-07-30 04:00:00,0,-0.27599264995514566,0.04141285740511695,1
2025-07-30 08:00:00,0,0.1046699288735317,0.042393598447486705,1
2025-07-30 12:00:00,0,0.6275964498050185,0.04337514908075009,1
2025-07-30 16:00:00,0,1.7761336589745997,0.04233573581013721,1
2025-07-31 00:00:00,0,0.5619137246602955,0.0337260973597132,1
2025-07-31 04:00:00,0,-0.07298970051953,0.03457433044474934,1
2025-07-31 08:00:00,-1,0.028579085454077603,0.035195065968895385,1
2025-07-31 12:00:00,0,-2.7267717179443327,0.03612760126019738,1
2025-07-31 16:00:00,0,-2.3800074073705817,0.02992971001386827,1
2025-08-01 00:00:00,0,0.3329820103609605,0.026237652807103603,1
2025-08-01 04:00:00,0,-1.8361067067430379,0.02703025554316532,1
2025-08-01 08:00:00,0,-0.4010828652348974,0.024447192161935475,1
2025-08-01 12:00:00,0,-1.5128385282482117,0.02420097035306147,1
2025-08-01 16:00:00,0,-0.06441465091378208,0.021781449167251082,1
2025-08-04 00:00:00,0,0.0977957486076992,0.021524901595839224,1
2025-08-04 04:00:00,0,0.685472690984722,0.022495309165397544,1
2025-08-04 08:00:00,0,0.11342109347054116,0.022799019522396293,1
2025-08-04 12:00:00,0,1.5666129897590375,0.023877543389868045,1
2025-08-04 16:00:00,0,0.6100600070811166,0.02293334722960279,1
2025-08-05 00:00:00,0,0.09609546514118816,0.024204773469090904,1
2025-08-05 04:00:00,0,-0.23498209134888,0.025357783005326862,1
2025-08-05 08:00:00,0,0.25049445079731025,0.025877548486447414,1
2025-08-05 12:00:00,0,-1.5951351351848333,0.026543142780598827,1
2025-08-05 16:00:00,0,-0.6930424264600095,0.0237986709841038,1
2025-08-06 00:00:00,0,0.7219617951130052,0.024005636296675306,1
2025-08-06 04:00:00,0,0.03041168986584644,0.024318653006612127,1
2025-08-06 08:00:00,0,0.09822074968101066,0.025075303364433976,1
2025-08-06 12:00:00,0,1.6263841834790527,0.02555533916785612,1
2025-08-06 16:00:00,0,0.3289406494058365,0.02397278243908714,1
2025-08-07 00:00:00,0,-0.1934819198851142,0.02476256957563765,1
2025-08-07 04:00:00,0,0.7642515072828409,0.025776818640367148,1
2025-08-07 08:00:00,0,0.35768406061836927,0.025843134148340434,1
2025-08-07 12:00:00,0,-1.1723630158309193,0.02616572869291938,1
2025-08-07 16:00:00,0,0.46892036158170386,0.023652380492467245,1
2025-08-08 00:00:00,0,-0.22655114210388416,0.02362648693126507,1
2025-08-08 04:00:00,0,0.08737957638033654,0.024785271272685327,1
2025-08-08 08:00:00,0,-0.1838257668536852,0.025765708566503925,1
2025-08-08 12:00:00,0,1.2306091616947101,0.026627790849244246,1
2025-08-08 16:00:00,0,0.7565866813760707,0.025677584242050164,1
2025-08-11 00:00:00,0,0.08016891935520834,0.026646781248898372,1
2025-08-11 04:00:00,0,-0.38094186285682724,0.02786691938413022,1
2025-08-11 08:00:00,0,0.19882229101702042,0.028073680370089255,1
2025-08-11 12:00:00,0,0.14570505812785575,0.029079625245640617,1
2025-08-11 16:00:00,0,-1.0128180731621692,0.028761392401884397,1
2025-08-12 00:00:00,0,0.30407328259973176,0.02866967870024544,1
2025-08-12 04:00:00,0,-0.31436330143368024,0.02996245589342355,1
2025-08-12 08:00:00,0,1.3303123437490594,0.03045246393882479,1
2025-08-12 12:00:00,0,1.144220482758605,0.02832029116657801,1
2025-08-12 16:00:00,0,0.42305468528974693,0.025517289331855344,1
2025-08-13 00:00:00,0,0.131294324200065,0.027618049954095347,1
2025-08-13 04:00:00,0,0.354316462220796,0.02896215998279195,1
2025-08-13 08:00:00,0,0.24193028972218936,0.02950838928960212,1
2025-08-13 12:00:00,0,-1.1966535032163237,0.030723768577625852,1
2025-08-13 16:00:00,0,0.2446743965215273,0.028930361233719986,1
2025-08-14 00:00:00,0,0.007448242199811877,0.030792240363353075,1
2025-08-14 04:00:00,0,-0.10207382183692067,0.03245496322909349,1
2025-08-14 08:00:00,0,-0.8807623469779526,0.03374875255698805,1
2025-08-14 12:00:00,0,1.0703180989916816,0.031706615135247716,1
2025-08-14 16:00:00,0,-0.5424502732357758,0.029819462539878775,1
2025-08-15 00:00:00,0,0.47389182120339113,0.031009224222866286,1
2025-08-15 04:00:00,0,-0.5581715666999281,0.032021408408361464,1
2025-08-15 08:00:00,0,0.23952419393621016,0.03217054445309827,1
2025-08-15 12:00:00,0,-0.9405578991660442,0.03323260124319423,1
2025-08-15 16:00:00,0,-0.2194662975092999,0.030840082322017313,1
2025-08-18 00:00:00,0,-0.09574370470817534,0.031998433280036105,1
2025-08-18 04:00:00,0,-0.7510585272414709,0.03347349705727297,1
2025-08-18 08:00:00,0,-0.04804562944943407,0.03290134799757714,1
2025-08-18 12:00:00,0,-0.43530112360160167,0.03392790721191991,1
2025-08-18 16:00:00,0,0.5607323738258729,0.0334973855299615,1
2025-08-19 00:00:00,0,-0.24205691225099285,0.034287924013241926,1
2025-08-19 04:00:00,0,0.3321305469497204,0.03529143735991786,1
2025-08-19 08:00:00,0,-0.48861566291666414,0.03627092628039723,1
2025-08-19 12:00:00,0,-3.2081291994371215,0.03680735045799914,1
2025-08-19 16:00:00,0,-0.022871068721247147,0.030659417707400244,1
2025-08-20 00:00:00,0,-0.6225344159995982,0.03093739656534148,1
2025-08-20 04:00:00,0,0.6014551409579847,0.031164849579848837,1
2025-08-20 08:00:00,0,0.16505907440766768,0.03132063385439604,1
2025-08-20 12:00:00,0,-2.060685901474158,0.032084764699757254,1
2025-08-20 16:00:00,0,0.754043090492575,0.025915348009545692,1
2025-08-21 00:00:00,0,0.4093112131792387,0.025776488995252374,1
2025-08-21 04:00:00,0,-0.36917102372260513,0.026106975994825848,1
2025-08-21 08:00:00,0,-0.6522539907369713,0.026778923241745974,1
2025-08-21 12:00:00,0,-0.5893505722754144,0.02664453962482924,1
2025-08-21 16:00:00,0,0.517392811363776,0.025167998239005746,1
2025-08-22 00:00:00,0,-0.027432189965425933,0.025795239139604752,1
2025-08-22 04:00:00,0,0.4116698550056719,0.026953601481201163,1
2025-08-22 08:00:00,0,-0.10727397446220853,0.025865403202698013,1
2025-08-22 12:00:00,0,2.5330890787833145,0.02696420332566096,1
2025-08-22 16:00:00,0,0.37030633163445725,0.022591077458581466,1
2025-08-25 00:00:00,0,-0.005939210627449561,0.02418628505111568,1
2025-08-25 04:00:00,0,-0.37960752198457115,0.025456418222447826,1
2025-08-25 08:00:00,0,-0.26380081627216106,0.026347933129334908,1
2025-08-25 12:00:00,0,1.0510871847005947,0.02741720210133567,1
2025-08-25 16:00:00,0,-0.8125416462142931,0.02653488982607029,1
2025-08-26 00:00:00,0,0.33538590574555427,0.02583801140211469,1
2025-08-26 04:00:00,0,0.05533958601459045,0.02672282712044586,1
2025-08-26 08:00:00,0,0.13368257687394466,0.02758479385523758,1
2025-08-26 12:00:00,0,0.6526126218942486,0.028427197358360915,1
2025-08-26 16:00:00,0,0.6103113503993197,0.028115876899013473,1
2025-08-27 00:00:00,0,0.16974576085471285,0.029289149102152832,1
2025-08-27 04:00:00,0,-0.2974486306328875,0.03087330855092366,1
2025-08-27 08:00:00,0,-0.057409505896359375,0.03193749251796293,1
2025-08-27 12:00:00,0,0.20950313045241536,0.03288214295403773,1
2025-08-27 16:00:00,0,-0.6089928025594532,0.03176976466660382,1
2025-08-28 00:00:00,0,0.38375329955252885,0.02967611171399214,1
2025-08-28 04:00:00,0,0.5560730467063826,0.03052907176561336,1
2025-08-28 08:00:00,0,0.17458713212473792,0.030152452829838475,1
2025-08-28 12:00:00,0,0.9727976920610697,0.03085044360744661,1
2025-08-28 16:00:00,0,0.29755787889756474,0.028988059330844376,1
2025-08-29 00:00:00,0,-0.2707928830512306,0.03117679382950476,1
2025-08-29 04:00:00,0,-0.9024573302753889,0.03262153587711623,1
2025-08-29 08:00:00,0,0.35606055012866716,0.032142360496723296,1
2025-08-29 12:00:00,0,-2.055733912984037,0.03286356710433187,1
2025-08-29 16:00:00,0,-0.23047720630075005,0.029059420131382477,1
2025-09-01 00:00:00,0,-1.081131918337312,0.029358427905268634,1
2025-09-01 04:00:00,0,0.5924649839219034,0.028635023849753763,1
2025-09-01 08:00:00,0,-0.11306863854682532,0.028249702869791147,1
2025-09-01 12:00:00,0,0.2467537570644894,0.029274032295302965,1
2025-09-02 00:00:00,0,-0.36358043592776024,0.0307497840656431,1
2025-09-02 04:00:00,0,-1.2987903743386473,0.03140063951360562,1
2025-09-02 08:00:00,0,-2.063483690582086,0.02942396252034735,1
2025-09-02 12:00:00,0,0.26397684401913746,0.026184284827515017,1
2025-09-02 16:00:00,0,2.010704044442972,0.02413057658217396,1
2025-09-03 00:00:00,0,-0.015296287084658012,0.023169915475115918,1
2025-09-03 04:00:00,0,0.6956647150159377,0.024379958095441197,1
2025-09-03 08:00:00,0,0.030197311885109296,0.02448656974282876,1
2025-09-03 12:00:00,0,-0.10123696138259393,0.025436800859552196,1
2025-09-03 16:00:00,0,0.36247715662889346,0.024893944259388533,1
2025-09-04 00:00:00,0,-0.09484832341890136,0.02516359620489993,1
2025-09-04 04:00:00,0,0.05516607117305188,0.025890992719190195,1
2025-09-04 08:00:00,0,-0.10794903501085094,0.026880825240359906,1
2025-09-04 12:00:00,0,0.48345650204022966,0.027718656167441888,1
2025-09-04 16:00:00,0,1.2798323378149865,0.02700581088491125,1
2025-09-05 00:00:00,0,0.14230282549839066,0.02741497448242549,1
2025-09-05 04:00:00,0,0.3839464208184553,0.02890062599823445,1
2025-09-05 08:00:00,0,0.8335107737209053,0.03016652889425651,1
2025-09-05 12:00:00,0,-2.0711631364826406,0.029351804991130333,1
2025-09-05 16:00:00,0,0.14746814855913745,0.024323862582054438,1
2025-09-08 00:00:00,0,-0.24396206971557222,0.024476114017110313,1
2025-09-08 04:00:00,0,0.2634557347142769,0.0255195821461967,1
2025-09-08 08:00:00,0,0.10663725458139559,0.02655656718753406,1
2025-09-08 12:00:00,0,0.3144244336690344,0.027769363561365005,1
2025-09-08 16:00:00,0,-0.12478716062912594,0.027663405130044293,1
2025-09-09 00:00:00,0,0.303740152703332,0.030084546585973253,1
2025-09-09 04:00:00,0,0.0894429216680794,0.03113179942198766,1
2025-09-09 08:00:00,0,-0.04312374691813619,0.031810539858624386,1
2025-09-09 12:00:00,0,-0.20184175029772894,0.03307063168909287,1
2025-09-09 16:00:00,0,0.7006824658999843,0.0321537911824512,1
2025-09-10 00:00:00,0,0.3928976533309892,0.033669926969516976,1
2025-09-10 04:00:00,0,-0.3038501313238194,0.03496636603740661,1
2025-09-10 08:00:00,-1,1.2258828390101821,0.03557450327580413,1
2025-09-10 12:00:00,0,-0.8222953342699443,0.03380755896268313,1
2025-09-10 16:00:00,0,-0.7141823418356401,0.03309875892976577,1
2025-09-11 00:00:00,0,-0.2574038186759844,0.03262736526425335,1
2025-09-11 04:00:00,0,0.45675343967806775,0.033987537196406396,1
2025-09-11 08:00:00,0,0.41716676005153536,0.034617953534008934,1
2025-09-11 12:00:00,0,0.540801552119718,0.033887920264894046,1
2025-09-11 16:00:00,0,-0.017889405378086472,0.03283806610093436,1
2025-09-12 00:00:00,0,0.11523826846685035,0.0359749380822643,1
2025-09-12 04:00:00,0,-0.19306577776138373,0.03766508052362992,1
2025-09-12 08:00:00,0,0.47881446271618555,0.03809665076659616,1
2025-09-12 12:00:00,0,0.8597562490141397,0.039197967197274725,1
2025-09-12 16:00:00,0,0.08171162647644127,0.03794915793433996,1
2025-09-15 00:00:00,0,0.29526243823039156,0.039838954467730094,1
2025-09-15 04:00:00,0,-0.45615095505240816,0.04177112436912483,1
2025-09-15 08:00:00,-1,1.0096967276684672,0.04143215123973294,1
2025-09-15 12:00:00,0,1.2234493523368184,0.04089348992505935,1
2025-09-15 16:00:00,0,0.37780062704958856,0.03912314498953901,1
2025-09-16 00:00:00,0,0.4686258633092122,0.04176712938974687,1
2025-09-16 04:00:00,0,0.7682442900479614,0.04306582174315026,1
2025-09-16 08:00:00,0,-0.573158712023187,0.04332548879412656,1
2025-09-16 12:00:00,0,-0.9808099047119322,0.0437961097338775,1
2025-09-16 16:00:00,0,0.09752322309488348,0.04220934515873127,1
2025-09-17 00:00:00,0,-0.3217724456130394,0.045699220792360946,1
2025-09-17 04:00:00,0,-0.09328480363103714,0.04713891775877556,1
2025-09-17 08:00:00,0,0.18086125698021874,0.045703456322779425,1
2025-09-17 12:00:00,0,-2.09019426854847,0.04712082986196695,1
2025-09-17 16:00:00,0,1.4751733174046642,0.04220601197696731,1
2025-09-18 00:00:00,0,0.8998911669672081,0.03478596701745262,1
2025-09-18 04:00:00,0,0.8793209296636868,0.034847245170709876,1
2025-09-18 08:00:00,0,-0.3979758108965671,0.03355700430804152,1
2025-09-18 12:00:00,0,1.0655813911575647,0.0340804501970123,1
2025-09-18 16:00:00,0,-0.7258285965880985,0.0312682652700048,1
2025-09-19 00:00:00,0,0.09059537669609291,0.03205510911534932,1
2025-09-19 04:00:00,0,-0.1560629160547746,0.033128201408738275,1
2025-09-19 08:00:00,0,0.34230879764444616,0.03380921041515308,1
2025-09-19 12:00:00,0,0.8952274836625239,0.03485633094166127,1
2025-09-19 16:00:00,0,0.4206471937669166,0.03408514022797315,1
2025-09-22 00:00:00,0,0.22377688905300544,0.03537734223873065,1
2025-09-22 04:00:00,0,-0.8024262104588639,0.03700535859274555,1
2025-09-22 08:00:00,-1,0.18389230476025178,0.03615399814627461,1
2025-09-22 12:00:00,0,2.1722817667975853,0.03744537282893413,1
2025-09-22 16:00:00,0,0.10097570460143883,0.03423342069582212,1
2025-09-23 00:00:00,0,-0.023062096208928056,0.03713823341288218,1
2025-09-23 04:00:00,0,0.19351051050579093,0.038963263742070556,1
2025-09-23 08:00:00,0,0.08432279112518659,0.04026347604502058,1
2025-09-23 12:00:00,0,-1.0386282474813815,0.04165118816702763,1
2025-09-23 16:00:00,0,-1.1977089274305157,0.04086057040140257,1
2025-09-24 00:00:00,0,0.1536467694592952,0.03936194393478959,1
2025-09-24 04:00:00,0,0.6058139172122817,0.041108044665924624,1
2025-09-24 08:00:00,0,-0.1921119827658537,0.041787115559216846,1
2025-09-24 12:00:00,0,-2.6400328511814424,0.043118037358849316,1
2025-09-24 16:00:00,0,0.6877480350183046,0.03600856925411267,1
2025-09-25 00:00:00,0,-0.19401941479491305,0.03812274148922206,1
2025-09-25 04:00:00,0,-0.3849295633792752,0.03960940450038886,1
2025-09-25 08:00:00,0,-2.0158097301185425,0.040032958892378706,1
2025-09-25 12:00:00,0,0.6442101408129304,0.036152574633266696,1
2025-09-25 16:00:00,0,0.10161874352888367,0.031477460693887974,1
2025-09-26 00:00:00,0,-0.4332306599168982,0.030537989256629407,1
2025-09-26 04:00:00,0,0.03748829735858659,0.03168334891441962,1
2025-09-26 08:00:00,0,1.0872090694215122,0.03183082596529616,1
2025-09-26 12:00:00,0,-0.03569357975355544,0.030300483960854104,1
2025-09-26 16:00:00,0,0.3083938503234489,0.02822908511178874,1
2025-09-29 00:00:00,0,0.3229864767894007,0.029320741712497746,1
2025-09-29 04:00:00,0,0.6224875506183686,0.03035809631512587,1
2025-09-29 08:00:00,0,0.04819338072514271,0.03095229505179055,1
2025-09-29 12:00:00,0,-0.639548826524876,0.0320516210108056,1
2025-09-29 16:00:00,0,-0.24169513435033196,0.030952515536038654,1
2025-09-30 00:00:00,0,-0.15103643894359237,0.032796286375078684,1
2025-09-30 04:00:00,0,-0.21826866632453645,0.03407667929871487,1
2025-09-30 08:00:00,0,0.36509247521368987,0.033876996135863625,1
2025-09-30 12:00:00,0,-0.5392541628249469,0.03451499612349972,1
2025-09-30 16:00:00,0,0.5702657496232164,0.0332750649845509,1
2025-10-01 00:00:00,0,-0.2000279534097767,0.03158255451568423,1
2025-10-01 04:00:00,0,-0.5694234655117747,0.03275292317965581,1
2025-10-01 08:00:00,0,0.568438893179834,0.031559991712517874,1
2025-10-01 12:00:00,0,1.740731546126111,0.03185971766739127,1
2025-10-01 16:00:00,0,0.5227992389628657,0.029403020835577724,1
2025-10-02 00:00:00,0,0.06707120119366028,0.03098641758332652,1
2025-10-02 04:00:00,0,0.4655507492602276,0.03258699745284396,1
2025-10-02 08:00:00,0,0.504941505947746,0.03359598964290097,1
2025-10-02 12:00:00,0,-0.8962127069633008,0.033874026318833975,1
2025-10-02 16:00:00,0,0.2717194113252231,0.03164179253606094,1
2025-10-03 00:00:00,0,0.2864110009051214,0.0329123914875404,1
2025-10-03 04:00:00,0,0.09011931887481828,0.0344431071555119,1
2025-10-03 08:00:00,0,-0.6853453782586838,0.0360177885690357,1
2025-10-03 12:00:00,0,-0.024912508473966803,0.035885438161768736,1
2025-10-03 16:00:00,0,-1.4883204020891891,0.03520860123775555,1
2025-10-06 00:00:00,0,0.37360538546460076,0.032253884824251365,1
2025-10-06 04:00:00,0,0.05416906877694436,0.03343186196528071,1
2025-10-06 08:00:00,0,0.8411843392375931,0.034128044418001505,1
2025-10-06 12:00:00,0,0.1380816514321869,0.03326056017718457,1
2025-10-06 16:00:00,0,-0.18465197681240825,0.0329893271975002,1
2025-10-07 00:00:00,0,0.513979102793703,0.03406187197517411,1
2025-10-07 04:00:00,0,-0.09305655076602304,0.035165312750644266,1
2025-10-07 08:00:00,0,0.904664916667235,0.0361267181253705,1
2025-10-07 12:00:00,0,-2.5781260142775837,0.03628607172090503,1
2025-10-07 16:00:00,0,0.289699507428574,0.03107397446412575,1
2025-10-08 00:00:00,0,0.2728748969387856,0.03271374530464264,1
2025-10-08 04:00:00,0,-0.01857754295592633,0.03437891361102429,1
2025-10-08 08:00:00,0,-0.26495333865444876,0.03465049040045482,1
2025-10-08 12:00:00,0,2.073237642686425,0.0354830895196531,1
2025-10-08 16:00:00,0,1.0189066263362065,0.03243020953056224,1
2025-10-09 00:00:00,0,-0.2281155363285591,0.03318666676324607,1
2025-10-09 04:00:00,0,-0.41919557564503285,0.03404836183873929,1
2025-10-09 08:00:00,0,0.34382680222492557,0.034580788411446635,1
2025-10-09 12:00:00,0,-1.4250839317289876,0.03597088850143428,1
2025-10-09 16:00:00,0,0.9006520604895878,0.03437339483858976,1
2025-10-10 00:00:00,0,-0.30743220411201616,0.03436671497309927,1
2025-10-10 04:00:00,0,0.3086897032236323,0.035415196845084394,1
2025-10-10 08:00:00,0,-0.4285202176242289,0.03638582822251296,1
2025-10-10 12:00:00,0,-7.234069343629306,0.03639235765526712,1
2025-10-10 16:00:00,0,-3.4434605877373246,0.023355249976409316,1
2025-10-13 00:00:00,0,-0.06032253985618868,0.015787613575488545,1
2025-10-13 04:00:00,0,0.3028906046660988,0.01640528724619172,1
2025-10-13 08:00:00,0,-0.4538758559218227,0.01665557768815484,1
2025-10-13 12:00:00,0,0.8531138455391459,0.016899413041935322,1
2025-10-13 16:00:00,0,-0.22238686800148447,0.01674174904667728,1
2025-10-14 00:00:00,0,-1.1093506910584585,0.01780267345525209,1
2025-10-14 04:00:00,0,-0.6139156157665558,0.017067185495417348,1
2025-10-14 08:00:00,0,-0.37013806569697166,0.016721883336447446,1
2025-10-14 12:00:00,0,1.408378570807424,0.01655599902913318,1
2025-10-14 16:00:00,0,-0.6385479511720284,0.0149084133979035,1
2025-10-15 00:00:00,0,0.22449668542828374,0.015398370227449911,1
2025-10-15 04:00:00,0,0.37079385780587504,0.01607190979560643,1
2025-10-15 08:00:00,0,0.46384500337108847,0.016771806930143063,1
2025-10-15 12:00:00,0,-0.6369221741522282,0.017443842192060223,1
2025-10-15 16:00:00,0,0.19774817679429701,0.01702371748688576,1
2025-10-16 00:00:00,0,0.08239545850795957,0.01684481318555915,1
2025-10-16 04:00:00,0,0.494238252799828,0.017769419405677802,1
2025-10-16 08:00:00,0,0.34347962597100007,0.01815055201501398,1
2025-10-16 12:00:00,0,-0.876195050890001,0.018834492663059286,1
2025-10-16 16:00:00,0,-0.6953088521599567,0.016810381227210965,1
2025-10-17 00:00:00,0,-0.3632058033764378,0.01629946074331724,1
2025-10-17 04:00:00,0,-1.123322769927648,0.016628071315038254,1
2025-10-17 08:00:00,0,1.2232602206644458,0.01584897206164184,1
2025-10-17 12:00:00,0,0.7925238092216442,0.015359843962738491,1
2025-10-17 16:00:00,0,0.6046945550076069,0.014994436387824156,1
2025-10-20 00:00:00,0,0.3103900541790552,0.015423345538268508,1
2025-10-20 04:00:00,0,-0.1998775052942412,0.01610894527402247,1
2025-10-20 08:00:00,-1,0.2997262758396758,0.016769672421034824,1
2025-10-20 12:00:00,0,0.9953017307705995,0.01744906571631018,1
2025-10-20 16:00:00,0,0.06158146535523491,0.01730418662512589,1
2025-10-21 00:00:00,0,-0.20010931924283232,0.019272793992044988,1
2025-10-21 04:00:00,0,-0.24302357901031582,0.02006683387905086,1
2025-10-21 08:00:00,-1,0.18493113045016477,0.02094819645599759,1
2025-10-21 12:00:00,0,-0.08571743309386791,0.021985231322652964,1
2025-10-21 16:00:00,0,-0.13394334763289925,0.022029957504494737,1
2025-10-22 00:00:00,0,0.6499475758987143,0.02340573664236759,1
2025-10-22 04:00:00,0,-0.36900470493001586,0.023781585710204875,1
2025-10-22 08:00:00,-1,-0.04850294899694538,0.024378173765938083,1
2025-10-22 12:00:00,0,-2.050976389606634,0.024842021328669004,1
2025-10-22 16:00:00,0,0.3064201135715767,0.02124720090662933,1
2025-10-23 00:00:00,0,0.1431600694023294,0.020621444986151472,1
2025-10-23 04:00:00,0,0.1028575599839522,0.02152404066051229,1
2025-10-23 08:00:00,0,-0.5403984379705675,0.02237209055501697,1
2025-10-23 12:00:00,0,1.57765678574844,0.02216871038045291,1
2025-10-23 16:00:00,0,0.23255675525343336,0.020814831345699027,1
2025-10-24 00:00:00,0,0.21990965090633277,0.022681454496006823,1
2025-10-24 04:00:00,0,0.1553905531912786,0.02397112336952195,1
2025-10-24 08:00:00,0,0.8073581571121077,0.025030182082862926,1
2025-10-24 12:00:00,0,0.691990320434499,0.02461490055417162,1
2025-10-24 16:00:00,0,-0.308025086978536,0.02473878375842318,1
2025-10-27 00:00:00,0,0.2880991148846298,0.024144503870328862,1
2025-10-27 04:00:00,0,0.30185293363071614,0.025178170669311505,1
2025-10-27 08:00:00,0,0.2146199600393748,0.026312690139084303,1
2025-10-27 12:00:00,0,0.6720480877054839,0.027355571596091744,1
2025-10-27 16:00:00,0,0.7383010488090123,0.027480447195769742,1
2025-10-28 00:00:00,0,-0.15055421820069664,0.028911079412389348,1
2025-10-28 04:00:00,0,0.09518023436671726,0.030458765978500477,1
2025-10-28 08:00:00,0,0.41244199611575233,0.031892310666031584,1
2025-10-28 12:00:00,0,0.914608428433373,0.032919824584055124,1
2025-10-28 16:00:00,0,0.6101093023141347,0.03219812523209015,1
2025-10-29 00:00:00,0,0.684505990876878,0.0335333619352831,1
2025-10-29 04:00:00,0,0.23881446086805347,0.034173217281731644,1
2025-10-29 08:00:00,0,-0.08512803218989973,0.03507744545903068,1
2025-10-29 12:00:00,0,-0.07633629389213549,0.0357824022062277,1
2025-10-29 16:00:00,0,-0.318316438481742,0.03504063731945529,1
2025-10-30 00:00:00,0,-0.7043245971142819,0.02909794701326533,1
2025-10-30 04:00:00,0,0.4840910109798377,0.026736786010855034,1
2025-10-30 08:00:00,0,-1.4378350097551662,0.026626060356024137,1
2025-10-30 12:00:00,0,-0.06003603467931641,0.025337888544185675,1
2025-10-30 16:00:00,0,0.5111822804003027,0.023983501859611265,1
2025-10-31 00:00:00,0,-0.013679901925759094,0.023194508998086054,1
2025-10-31 04:00:00,0,0.038686699806171516,0.024295644288401773,1
2025-10-31 08:00:00,0,0.09702841207697908,0.025127805834573202,1
2025-10-31 12:00:00,0,-1.9665885480270107,0.025479920944505362,1
2025-10-31 16:00:00,0,0.2569264739714728,0.023343546608828883,1
2025-11-03 00:00:00,0,-0.15180473375916592,0.02253868593156952,1
2025-11-03 04:00:00,0,0.43890890861685666,0.023494780593333497,1
2025-11-03 08:00:00,0,0.39262903985103575,0.023608714003022162,1
2025-11-03 12:00:00,0,-0.25925924190647237,0.024582509655381904,1
2025-11-03 16:00:00,0,-0.27650475124534823,0.023252367028930607,1
2025-11-04 00:00:00,0,-1.3265883750094876,0.023818451831616513,1
2025-11-04 04:00:00,0,-1.018696894923488,0.022960055194908565,1
2025-11-04 08:00:00,0,0.2779088987465285,0.022702073414978912,1
2025-11-04 12:00:00,0,-0.2526268526195306,0.022730488340502984,1
2025-11-04 16:00:00,0,-0.675326359715771,0.021641447555392733,1
2025-11-05 00:00:00,0,0.8677632262009701,0.0200131204490026,1
2025-11-05 04:00:00,0,0.21409933675658946,0.01951289241516011,1
2025-11-05 08:00:00,0,0.4258617789521338,0.020141493087855566,1
2025-11-05 12:00:00,0,1.3447955824739806,0.019946493186507708,1
2025-11-05 16:00:00,0,-0.4667263978274288,0.018731325631379962,1
2025-11-06 00:00:00,0,0.10582510736047943,0.018785953977155854,1
2025-11-06 04:00:00,0,0.1963413167530987,0.01938315551350896,1
2025-11-06 08:00:00,0,0.23058560646673285,0.01985458653503153,1
2025-11-06 12:00:00,0,-2.641971829850321,0.020512126414904186,1
2025-11-06 16:00:00,0,-0.13078863503976348,0.017101088359884557,1
2025-11-07 00:00:00,0,0.3138251096380294,0.017224586673078305,1
2025-11-07 04:00:00,0,-0.3795963286378115,0.017406937033471858,1
2025-11-07 08:00:00,0,-0.8077960701277984,0.0178784488431115,1
2025-11-07 12:00:00,0,-1.4924503073367508,0.017570925837580118,1
2025-11-07 16:00:00,0,1.9117599846364985,0.015971098912986596,1
2025-11-10 00:00:00,0,0.26194200013500324,0.015233789176545923,1
2025-11-10 04:00:00,0,0.33275922333174307,0.015955992711939516,1
2025-11-10 08:00:00,0,0.007492079068369344,0.016549183523288533,1
2025-11-10 12:00:00,0,0.4261934483266236,0.017461807049912334,1
2025-11-10 16:00:00,0,0.4448947364872102,0.01737993256028628,1
2025-11-11 00:00:00,0,-0.5052465581789496,0.0187090244903443,1
2025-11-11 04:00:00,0,-0.2893578602316359,0.01923356974999579,1
2025-11-11 08:00:00,-1,-0.040109397063216395,0.01972691045994464,1
2025-11-11 12:00:00,0,0.12609474701781795,0.020575985751989975,1
2025-11-11 16:00:00,0,0.252287710415934,0.020542828934448757,1
2025-11-12 00:00:00,0,0.08164806990393295,0.021802032325290915,1
2025-11-12 04:00:00,0,0.5167516998205315,0.022733834671083114,1
2025-11-12 08:00:00,0,-0.1292870756545047,0.023519952284844225,1
2025-11-12 12:00:00,0,-1.3626268593582536,0.023908659119123123,1
2025-11-12 16:00:00,0,0.10821448946637512,0.021816333182497347,1
2025-11-13 00:00:00,0,0.027600300657165434,0.021643562481667416,1
2025-11-13 04:00:00,0,-0.8629903141237277,0.022459967969338596,1
2025-11-13 08:00:00,0,-0.468372701166846,0.021925297526494945,1
2025-11-13 12:00:00,0,-2.4186082005816933,0.022015588718310792,1
2025-11-13 16:00:00,0,-0.30895072473290636,0.019550771644724078,1
2025-11-14 00:00:00,0,-0.10365813567231699,0.020458860376596652,1
2025-11-14 04:00:00,0,-0.9969705200420719,0.02025196346446104,1
2025-11-14 08:00:00,0,-1.355806711262856,0.019756070257043897,1
2025-11-14 12:00:00,0,2.729206367162154,0.018226543339788594,1
2025-11-14 16:00:00,0,-0.2676259660738865,0.015502396595025574,1
2025-11-17 00:00:00,0,0.21849107988811547,0.015543781209463078,1
2025-11-17 04:00:00,0,0.1834348944539073,0.016251024857547192,1
2025-11-17 08:00:00,0,-1.0484045713419852,0.01668788125772325,1
2025-11-17 12:00:00,0,-0.3888509369727313,0.016071097030509827,1
2025-11-17 16:00:00,0,-0.4485313501873553,0.015443197982599143,1
2025-11-18 00:00:00,0,-1.0646368678858766,0.015306676160189261,1
2025-11-18 04:00:00,0,0.5751201968059767,0.014498916735161998,1
2025-11-18 08:00:00,0,-0.47880011305457215,0.014423157785387929,1
2025-11-18 12:00:00,0,0.07133873508539344,0.01453865774853876,1
2025-11-18 16:00:00,0,-0.9161885671717104,0.013537155995064632,1
2025-11-19 00:00:00,0,-0.06982252015656062,0.013682814347104505,1
2025-11-19 04:00:00,0,0.6102124289401496,0.013768113359004377,1
2025-11-19 08:00:00,0,-0.04863676073283917,0.014153873704571083,1
2025-11-19 12:00:00,0,-0.14799489885714706,0.014791939598063982,1
2025-11-19 16:00:00,0,1.3857246991356649,0.013608018564675107,1
2025-11-20 00:00:00,0,0.053160809592923866,0.013352044069946977,1
2025-11-20 04:00:00,0,-0.46514756483639297,0.014036152336512002,1
2025-11-20 08:00:00,0,0.7410865613000609,0.014308377813898394,1
2025-11-20 12:00:00,0,-3.7317874142400074,0.014333090536346484,1
2025-11-20 16:00:00,0,-1.1379154589183762,0.011147380798442548,1
2025-11-21 00:00:00,0,-0.2223253896734175,0.010645165287069115,1
2025-11-21 04:00:00,0,-0.37965334099853854,0.011036171900346803,1
2025-11-21 08:00:00,0,0.754038067134658,0.011265656608877314,1
2025-11-21 12:00:00,0,0.3766561631831151,0.01105420869684449,1
2025-11-21 16:00:00,0,-0.004183150592210394,0.010571682101933627,1
2025-11-24 00:00:00,0,0.15050629862297255,0.010681545900253792,1
2025-11-24 04:00:00,0,-0.25014698546846703,0.011262881485506138,1
2025-11-24 08:00:00,0,0.26145000627651244,0.01148708171198861,1
2025-11-24 12:00:00,0,1.5424508422110852,0.011754454204218254,1
2025-11-24 16:00:00,0,0.16122351606434251,0.011436423657224807,1
2025-11-25 00:00:00,0,-0.008818836498637465,0.012678283679008537,1
2025-11-25 04:00:00,0,-0.2657920521745927,0.013468427410610332,1
2025-11-25 08:00:00,0,0.11558632325685983,0.013947941790645717,1
2025-11-25 12:00:00,0,0.46184163476084505,0.014372519638267743,1
2025-11-25 16:00:00,0,0.3278291457459003,0.013437458255803331,1
2025-11-26 00:00:00,0,0.1473308168550605,0.014270670097331893,1
2025-11-26 04:00:00,0,-0.23076333388393605,0.01515878256203144,1
2025-11-26 08:00:00,-1,0.3215998607269186,0.01575093027907186,1
2025-11-26 12:00:00,0,0.6295881985693784,0.01639773649278026,1
2025-11-26 16:00:00,0,-0.13282300071343014,0.016254170672460183,1
2025-11-27 00:00:00,0,-0.05764670724581364,0.01805606679631009,1
2025-11-27 04:00:00,0,-0.12249644486589047,0.019172376553729404,1
2025-11-27 08:00:00,-1,-0.018540773188044098,0.02030376090038812,1
2025-11-27 12:00:00,0,0.0032735560946316276,0.02150790974104425,1
2025-11-28 00:00:00,0,0.05733860417392929,0.023735109088617288,1
2025-11-28 04:00:00,0,0.02349001595373785,0.025371022849971756,1
2025-11-28 12:00:00,0,0.9381691513762342,0.026568096692437072,1
2025-11-28 16:00:00,0,-0.029647891325428093,0.026165070074708703,1
2025-12-01 00:00:00,0,-0.5080851097192085,0.025385418832628688,1
2025-12-01 04:00:00,0,0.22906372133238917,0.025275228796404488,1
2025-12-01 08:00:00,0,-0.10091895357204787,0.025590425679422196,1
2025-12-01 12:00:00,0,1.4422463970722796,0.025686953043915526,1
2025-12-01 16:00:00,0,-0.36689506179804166,0.023766946948247044,1
2025-12-02 00:00:00,0,-0.2969776892680677,0.024654163401593404,1
2025-12-02 04:00:00,0,0.5326043616255707,0.02530283497383987,1
2025-12-02 08:00:00,0,0.49358673279293597,0.025431817824904952,1
2025-12-02 12:00:00,0,-0.007920476022113532,0.026253175761474158,1
2025-12-02 16:00:00,0,0.7700815400556724,0.024471393764364004,1
2025-12-03 00:00:00,0,0.15344504124338273,0.025259170017448034,1
2025-12-03 04:00:00,0,-0.18369719461814565,0.026622379636974766,1
2025-12-03 08:00:00,0,0.09515240443837532,0.027573806905544652,1
2025-12-03 12:00:00,0,-0.20047837064192678,0.028423464802620223,1
2025-12-03 16:00:00,0,0.15954498954693683,0.026576948764570514,1
2025-12-04 00:00:00,0,-0.015066493958983886,0.02869062896252228,1
2025-12-04 04:00:00,0,0.40800986471467626,0.030073948041928124,1
2025-12-04 08:00:00,0,-0.49734179659092176,0.030571840492348956,1
2025-12-04 12:00:00,0,-0.12655965101793065,0.03122122176959659,1
2025-12-04 16:00:00,0,0.13784898211715668,0.028910054796115296,1
2025-12-05 00:00:00,0,0.3643145097921219,0.02914947335210308,1
2025-12-05 04:00:00,0,-0.0501399233728933,0.03052981883820016,1
2025-12-05 08:00:00,-1,-0.9655697951107435,0.03173405206813923,1
2025-12-05 12:00:00,0,1.0498133704582908,0.030593757206987832,1
2025-12-05 16:00:00,0,0.03887062070329544,0.028078511394004364,1
2025-12-08 00:00:00,0,0.22983150853841133,0.02962861149666714,1
2025-12-08 04:00:00,0,-0.19830705266998155,0.03106262961356318,1
2025-12-08 08:00:00,-1,0.3460023225714295,0.03222681928813822,1
2025-12-08 12:00:00,0,-1.2691603364043618,0.03303171406788457,1
2025-12-08 16:00:00,0,0.22954623960272363,0.029491409709210176,1
2025-12-09 00:00:00,0,-0.263582206512457,0.030345157338036832,1
2025-12-09 04:00:00,0,-0.05690311587728495,0.031642030147091715,1
2025-12-09 08:00:00,0,-0.3901644975834782,0.03251487365759202,1
2025-12-09 12:00:00,0,0.994008343601073,0.03276445809742193,1
2025-12-09 16:00:00,0,-0.39715011071887946,0.03131830158378328,1
2025-12-10 00:00:00,0,0.25755468911239143,0.033386764041403824,1
2025-12-10 04:00:00,0,0.28675733127049285,0.03452948284757596,1
2025-12-10 08:00:00,0,-0.3869992189292406,0.03542305571648916,1
2025-12-10 12:00:00,0,-0.06771893720525972,0.03477780492437239,1
2025-12-10 16:00:00,0,1.370214169193303,0.033318634476167557,1
2025-12-11 00:00:00,0,-1.2769636149041714,0.029060519761595318,1
2025-12-11 04:00:00,0,0.7084673972037308,0.02624409792093825,1
2025-12-11 08:00:00,0,0.3194778337627182,0.02597291508310897,1
2025-12-11 12:00:00,0,-0.4050446225001052,0.02610922235851901,1
2025-12-11 16:00:00,0,1.74307350642251,0.023884212374881145,1
2025-12-12 00:00:00,0,0.09527599471965092,0.02195644767689063,1
2025-12-12 04:00:00,0,-0.6536184422796852,0.023088554076187335,1
2025-12-12 08:00:00,0,0.26706992513344896,0.02311880660783759,1
2025-12-12 12:00:00,0,-2.5205547733486657,0.023751843529110504,1
2025-12-12 16:00:00,0,-0.4710501515959033,0.019671291488397667,1
2025-12-15 00:00:00,0,0.08436496024641445,0.019472543855466352,1
2025-12-15 04:00:00,0,0.30663670274338284,0.020503561750714657,1
2025-12-15 08:00:00,0,0.374764476357852,0.021051055048080042,1
2025-12-15 12:00:00,0,-1.7198886590338325,0.021985119151946588,1
2025-12-15 16:00:00,0,-0.1808462377682654,0.019636988112527124,1
2025-12-16 00:00:00,0,-0.22963587763335327,0.019193491093978828,1
2025-12-16 04:00:00,0,0.4265488473828449,0.01989053003492294,1
2025-12-16 08:00:00,0,0.4275873733622629,0.019994344301544648,1
2025-12-16 12:00:00,0,-0.30138927571730484,0.019597607495008884,1
2025-12-16 16:00:00,0,0.7177235443166743,0.019045305416938944,1
2025-12-17 00:00:00,0,-0.023324857834328725,0.01905831795005849,1
2025-12-17 04:00:00,0,0.6751513778370104,0.019743623581165656,1
2025-12-17 08:00:00,0,0.00925198675426332,0.02024621451147912,1
2025-12-17 12:00:00,0,-2.8332069854460533,0.020738704676367264,1
2025-12-17 16:00:00,0,-0.3976581629896903,0.017674592740103367,1
2025-12-18 00:00:00,0,0.1342980370190755,0.018200276955214343,1
2025-12-18 04:00:00,0,0.642696273490349,0.018728859968012036,1
2025-12-18 08:00:00,0,0.7382453996587404,0.01903749947124485,1
2025-12-18 12:00:00,0,0.7638473892770629,0.018904663807137848,1
2025-12-18 16:00:00,0,-0.7581691403284834,0.018427791871027426,1
2025-12-19 00:00:00,0,0.15026449192149882,0.0190154086956752,1
2025-12-19 04:00:00,0,0.547227598070938,0.019749483731876703,1
2025-12-19 08:00:00,0,-0.3721294996196981,0.020168533501819342,1
2025-12-19 12:00:00,0,1.5897449375366834,0.02059800606766433,1
2025-12-19 16:00:00,0,0.13954579809104123,0.019587728151455167,1
2025-12-22 00:00:00,0,-0.09413389761118723,0.02113592970940445,1
2025-12-22 04:00:00,0,0.2579928516635489,0.022348262355682446,1
2025-12-22 08:00:00,0,0.28654418887220695,0.023478725469746952,1
2025-12-22 12:00:00,0,-0.23656532417265658,0.02453643023203995,1
2025-12-22 16:00:00,0,-0.15609886904351206,0.024184764726127017,1
2025-12-23 00:00:00,0,-0.26680512572883963,0.02679088449437079,1
2025-12-23 04:00:00,0,0.3458032504872605,0.027782922335772356,1
2025-12-23 08:00:00,0,-0.8614505412330835,0.02858905123308491,1
2025-12-23 12:00:00,0,1.1707438749147108,0.02851765538331687,1
2025-12-23 16:00:00,0,0.4975089781487394,0.027768967943974213,1
2025-12-24 00:00:00,0,-0.1505556409054883,0.03036760003285955,1
2025-12-24 04:00:00,0,0.08633461280554983,0.031920667773689994,1
2025-12-24 08:00:00,0,0.2461762728998968,0.033801615371126734,1
2025-12-24 12:00:00,0,0.5828242767580685,0.03517816952186642,1
2025-12-24 16:00:00,0,-0.13072447324697864,0.03490309796696136,1
2025-12-26 00:00:00,0,-0.15261782172122307,0.03775543130982557,1
2025-12-26 04:00:00,0,0.011859435944216195,0.039596597814751645,1
2025-12-26 08:00:00,0,0.25631271874943534,0.041260047594816315,1
2025-12-26 12:00:00,0,-0.3286086425628992,0.04221270115148858,1
2025-12-26 16:00:00,0,-0.2075234078796564,0.04134631373095452,1
2025-12-29 00:00:00,0,-0.2837895612704453,0.0435013848729955,1
2025-12-29 04:00:00,0,-0.7501558070948549,0.044593382654228415,1
2025-12-29 08:00:00,0,-0.8980488823237907,0.04306492219315902,1
2025-12-29 12:00:00,0,0.050057973012599136,0.041507182608025724,1
2025-12-29 16:00:00,0,0.5073805747715281,0.038412885816956316,1
2025-12-30 00:00:00,0,0.23782409043266736,0.03949935450957061,1
2025-12-30 04:00:00,0,-0.06105775116098477,0.04057576110639133,1
2025-12-30 08:00:00,0,-0.2936314078252566,0.041056901079849745,1
2025-12-30 12:00:00,0,0.18492841124885068,0.0420548449828423,1
2025-12-30 16:00:00,0,-0.6513191294750297,0.04077147895845322,1
2025-12-31 00:00:00,0,-0.23060346599549497,0.04012332994838395,1
2025-12-31 04:00:00,0,-0.3746809391705034,0.04159516570415968,1
2025-12-31 08:00:00,0,1.6960409699102414,0.042441179149081486,1
2025-12-31 12:00:00,0,-1.4316044723240702,0.03995703219508888,1
2025-12-31 16:00:00,0,-1.6002542733458998,0.0369509315156342,1
2026-01-02 00:00:00,0,0.808276630677768,0.03319034902416947,0
2026-01-02 04:00:00,0,0.9026952314496899,0.03363839959506496,0
2026-01-02 08:00:00,0,-0.36800814937824,0.033474069006384055,0
2026-01-02 12:00:00,0,-3.815619847624455,0.03439893799561512,0
2026-01-02 16:00:00,0,0.5474703569285235,0.026083463399872286,0
2026-01-05 00:00:00,0,0.2888474083805189,0.025689939503834792,0
2026-01-05 04:00:00,0,0.11270257468074511,0.027000198185632308,0
2026-01-05 08:00:00,0,0.5204569948684096,0.02736314941695557,0
2026-01-05 12:00:00,0,0.45726382881007116,0.028130607190271273,0
2026-01-05 16:00:00,0,-0.39869209030323444,0.027326122509072723,0
2026-01-06 00:00:00,0,0.40537371456829013,0.029170089724714885,0
2026-01-06 04:00:00,0,-0.543280600877079,0.03021535862968077,0
2026-01-06 08:00:00,0,0.25359925628052327,0.02942847770634551,0
2026-01-06 12:00:00,0,1.2660315769754125,0.030178229859503223,0
2026-01-06 16:00:00,0,0.6266798333114799,0.028848082168826502,0
2026-01-07 00:00:00,0,-0.30868769273261154,0.030943957080693675,0
2026-01-07 04:00:00,0,-0.2737791520716028,0.03197983205144769,0
2026-01-07 08:00:00,0,0.3385331040459154,0.03267001451494955,0
2026-01-07 12:00:00,0,1.813974450061843,0.033599623405243965,0
2026-01-07 16:00:00,0,-1.228444198309023,0.030880834955901024,0
2026-01-08 00:00:00,0,-0.9264723364029921,0.03110336205974942,0
2026-01-08 04:00:00,0,0.3059074134780259,0.031083152301539838,0
2026-01-08 08:00:00,0,0.2685752583695291,0.03059200180049296,0
2026-01-08 12:00:00,0,-1.1422413243019331,0.03126464686763001,0
2026-01-08 16:00:00,0,0.3029885687661043,0.02853719729966297,0
2026-01-09 00:00:00,0,0.356695501452892,0.028342674343274057,0
2026-01-09 04:00:00,0,0.26137028451925476,0.02968448791806744,0
2026-01-09 08:00:00,0,0.7326579278179157,0.030489200596091077,0
2026-01-09 12:00:00,0,1.09613795786216,0.03091472184462459,0
2026-01-09 16:00:00,0,0.08543999321999005,0.027263624796572832,0
2026-01-12 00:00:00,0,-0.6186084835660892,0.025891035796522105,0
2026-01-12 04:00:00,0,-0.011832676616366491,0.026206515189963715,0
2026-01-12 08:00:00,0,0.34493905656822593,0.026365228051591826,0
2026-01-12 12:00:00,0,1.8270494242358244,0.027200641947026927,0
2026-01-12 16:00:00,0,-0.18987918350904492,0.025483964247463516,0
2026-01-13 00:00:00,0,0.1691215109628473,0.026331139282508596,0
2026-01-13 04:00:00,0,0.06597161163360785,0.027620358335429706,0
2026-01-13 08:00:00,0,0.5332029806402941,0.02895987333757876,0
2026-01-13 12:00:00,0,-0.7771892696759591,0.028007012019257274,0
2026-01-13 16:00:00,0,0.1538154355508854,0.026195942740158476,0
2026-01-14 00:00:00,0,-0.24522414124359312,0.027567902416515827,0
2026-01-14 04:00:00,0,-0.03181519387122335,0.02835619631157081,0
2026-01-14 08:00:00,0,-0.8697322524522301,0.029694887910122376,0
2026-01-14 12:00:00,0,-2.6926173150585315,0.02888293696267473,0
2026-01-14 16:00:00,0,1.2167351230301306,0.024763513831999887,0
2026-01-15 00:00:00,0,-0.05881929749969819,0.02435826860254277,0
2026-01-15 04:00:00,0,1.405008765136433,0.025112781039260526,0
2026-01-15 08:00:00,0,0.58395105333263,0.024181747102846513,0
2026-01-15 12:00:00,0,-0.2700603431397568,0.024579217553872493,0
2026-01-15 16:00:00,0,-1.0600010486687974,0.024415586185080933,0
2026-01-16 00:00:00,0,0.27921982337061624,0.02402890872353558,0
2026-01-16 04:00:00,0,0.05078650195522612,0.02511220698366162,0
2026-01-16 08:00:00,0,0.08662507247372297,0.02629358662125896,0
2026-01-16 12:00:00,0,-1.3468045465011496,0.027188058507195408,0
2026-01-16 16:00:00,0,0.14090363755598104,0.02451303053207207,0
2026-01-19 00:00:00,0,-0.034704913947577666,0.022798393641939765,0
2026-01-19 04:00:00,0,-0.8241605676889585,0.023847271510641567,0
2026-01-19 08:00:00,0,0.2881143142762925,0.02356888760060586,0
2026-01-19 12:00:00,0,0.5718654955764166,0.024201059411716633,0
2026-01-20 00:00:00,0,-0.26984092962489037,0.024124856057175684,0
2026-01-20 04:00:00,0,-1.9049366975522843,0.024943078222686658,0
2026-01-20 08:00:00,0,0.5366411770387545,0.022690920402067764,0
2026-01-20 12:00:00,0,0.571466602033546,0.022420431650879244,0
2026-01-20 16:00:00,0,-0.9842447890882439,0.021583215798294527,0
2026-01-21 00:00:00,0,0.1176490430596286,0.021316747496793936,0
2026-01-21 04:00:00,0,-0.621312837821223,0.0223111295251078,0
2026-01-21 08:00:00,0,-0.31401895701080224,0.02253888837858065,0
2026-01-21 12:00:00,0,1.1007412551476532,0.022312989601296067,0
2026-01-21 16:00:00,0,1.5784756090229526,0.019786880535909504,0
2026-01-22 00:00:00,0,-0.3327150545797149,0.01818928973736038,0
2026-01-22 04:00:00,0,0.9461629490916996,0.018947503969837593,0
2026-01-22 08:00:00,0,0.2169256798021189,0.018632405505466118,0
2026-01-22 12:00:00,0,-0.1502937099972167,0.01942597838214625,0
2026-01-22 16:00:00,0,-0.47094579812674636,0.019163803361084777,0
2026-01-23 00:00:00,0,0.15752817431310365,0.019956494018625665,0
2026-01-23 04:00:00,0,-0.9798322124566328,0.021037370925102092,0
2026-01-23 08:00:00,0,0.07321591350303268,0.02061182305015937,0
2026-01-23 12:00:00,0,0.7899387795136016,0.021128680279759837,0
2026-01-23 16:00:00,0,-0.09542092682417294,0.020009263518424875,0
2026-01-26 00:00:00,0,0.1438913900811259,0.019506605435922326,0
2026-01-26 04:00:00,0,-0.3320730314181546,0.020318798958410603,0
2026-01-26 08:00:00,0,0.605392167793946,0.02031615607336882,0
2026-01-26 12:00:00,0,1.0907157975950759,0.02090686824631506,0
2026-01-26 16:00:00,0,-0.18068741803622196,0.020432207843512296,0
2026-01-27 00:00:00,0,0.5572545073351867,0.02178096242893126,0
2026-01-27 04:00:00,0,-0.2261234415310884,0.02254386910578041,0
2026-01-27 08:00:00,0,0.12057066143555402,0.023510528474134266,0
2026-01-27 12:00:00,0,0.49944074340061617,0.024387760335767613,0
2026-01-27 16:00:00,0,0.33825559448567144,0.02385669970931356,0
2026-01-28 00:00:00,0,0.2961592512591453,0.024982479263512877,0
2026-01-28 04:00:00,0,0.29378560434442724,0.026117495248614585,0
2026-01-28 08:00:00,0,-0.09169853486975073,0.02655101571958736,0
2026-01-28 12:00:00,0,-1.0707228969151987,0.02741663726100896,0
2026-01-28 16:00:00,0,0.9853194164197222,0.026185482821482375,0
2026-01-29 00:00:00,0,0.725408669845308,0.023252198767351673,0
2026-01-29 04:00:00,0,-0.16827141204250837,0.023557806904714228,0
2026-01-29 08:00:00,0,-0.12425070549413107,0.02443365004342953,0
2026-01-29 12:00:00,0,-3.2375942030359988,0.02510144263936129,0
2026-01-29 16:00:00,0,1.2834975011746306,0.019330382008171807,0
2026-01-30 00:00:00,0,-0.11050675044572539,0.01825716719076225,0
2026-01-30 04:00:00,0,-0.7479776532632316,0.01841239316492032,0
2026-01-30 08:00:00,0,0.7038227053920048,0.018266420365440017,0
2026-01-30 12:00:00,0,-0.7794364274065452,0.018153948812639906,0
2026-01-30 16:00:00,0,-0.22284095461060144,0.017542569300077547,0
2026-02-02 00:00:00,0,-0.8001710871496693,0.016717877265084904,0
2026-02-02 04:00:00,0,1.0202712574259274,0.01640017164836256,0
2026-02-02 08:00:00,0,0.3671971055340924,0.016056386825966298,0
2026-02-02 12:00:00,0,1.9411813397447875,0.01642597190821821,0
2026-02-02 16:00:00,0,-0.2337204213026946,0.01547776769833579,0
2026-02-03 00:00:00,0,0.13821799455847064,0.016461131096616424,0
2026-02-03 04:00:00,0,-0.0921086763471091,0.017124775200007252,0
2026-02-03 08:00:00,0,-0.0034666314969560943,0.01794072278658976,0
2026-02-03 12:00:00,0,-3.2691268338306205,0.018706354843824737,0
2026-02-03 16:00:00,0,0.16086176431861846,0.015499427380202048,0
2026-02-04 00:00:00,0,0.020574676529662547,0.015954195484151328,0
2026-02-04 04:00:00,0,-0.20189203730493205,0.016726305664640846,0
2026-02-04 08:00:00,0,-0.2293452991565034,0.016944185583093962,0
2026-02-04 12:00:00,0,-2.54893586023092,0.017209853897831126,0
2026-02-04 16:00:00,0,1.09721337764924,0.014626435853175105,0
2026-02-05 00:00:00,0,-0.5690641708276308,0.014547856246287974,0
2026-02-05 04:00:00,0,0.14880025368267275,0.014502498626216475,0
2026-02-05 08:00:00,0,-1.2085427557878543,0.014893855779919998,0
2026-02-05 12:00:00,0,0.06641500516269713,0.013978510063166343,0
2026-02-05 16:00:00,0,-1.4790798959989184,0.013230586731804956,0
2026-02-06 00:00:00,0,0.2055425998751317,0.012289379094567374,0
2026-02-06 04:00:00,0,0.6644842171838408,0.012625967359786813,0
2026-02-06 08:00:00,0,0.1879436495604098,0.012570342356107852,0
2026-02-06 12:00:00,0,1.1796624383546075,0.012937602700153405,0
2026-02-06 16:00:00,0,0.05649882031169355,0.012518780402904304,0
2026-02-09 00:00:00,0,-0.008915190394137929,0.012951452693961151,0
2026-02-09 04:00:00,0,-0.5315288428679638,0.013591396693077414,0
2026-02-09 08:00:00,0,-0.03421424260744545,0.013905484942149242,0
2026-02-09 12:00:00,0,1.1884272014154265,0.014100562779716969,0
2026-02-09 16:00:00,0,0.01963722364494834,0.013308910655533978,0
2026-02-10 00:00:00,0,0.07366114132937987,0.014447541498297276,0
2026-02-10 04:00:00,0,0.05420850641079363,0.01516522454093458,0
2026-02-10 08:00:00,0,0.04300834009157936,0.015714760831577024,0
2026-02-10 12:00:00,0,0.05411748037709913,0.016170190075415605,0
2026-02-10 16:00:00,0,-0.6263179114570109,0.016252133716928845,0
2026-02-11 00:00:00,0,-0.1472428965322565,0.017096011032244014,0
2026-02-11 04:00:00,0,-0.4504278682431448,0.017925395312517998,0
2026-02-11 08:00:00,0,1.3357985184371433,0.018377494404047214,0
2026-02-11 12:00:00,0,-0.9638889601176833,0.017661842375133033,0
2026-02-11 16:00:00,0,0.06852318865757127,0.016185357817594143,0
2026-02-12 00:00:00,0,0.21122731139407067,0.017017043621869815,0
2026-02-12 04:00:00,0,0.07580945830254975,0.017796214107615525,0
2026-02-12 08:00:00,0,0.2288761036734879,0.018592829387563212,0
2026-02-12 12:00:00,0,-3.36492091451567,0.019226989923436938,0
2026-02-12 16:00:00,0,-0.01540742313460922,0.01599586590313965,0
2026-02-13 00:00:00,0,-0.3784295705246722,0.016136593765941044,0
2026-02-13 04:00:00,0,0.31903672674565314,0.01644053525135188,0
2026-02-13 08:00:00,0,0.036319816148794856,0.016667460304004164,0
2026-02-13 12:00:00,0,0.806614748593195,0.016637985797784426,0
2026-02-13 16:00:00,0,-0.7928401486397894,0.015483713066975798,0
2026-02-16 00:00:00,0,-0.2397871057689904,0.015681303504372017,0
2026-02-16 04:00:00,0,0.49923034010331746,0.01638206212602535,0
2026-02-16 08:00:00,0,-0.3411700146122041,0.016868624017447938,0
2026-02-16 12:00:00,0,-0.5480739414248349,0.017622997621468184,0
2026-02-17 00:00:00,0,-0.464977408288807,0.017521945757433228,0
2026-02-17 04:00:00,0,0.5809472992650035,0.01784692856515687,0
2026-02-17 08:00:00,0,-0.42121925473711974,0.018172493370936665,0
2026-02-17 12:00:00,0,0.47879981741460975,0.018064230619063447,0
2026-02-17 16:00:00,0,0.37988527959929347,0.016842401328934966,0
2026-02-18 00:00:00,0,0.4346162199933833,0.017302693331949545,0
2026-02-18 04:00:00,0,0.46584795369193255,0.01788790434965527,0
2026-02-18 08:00:00,0,-0.4624956613847999,0.018249161909416566,0
2026-02-18 12:00:00,0,1.5397867869791566,0.01843151979202993,0
2026-02-18 16:00:00,0,-0.8747403860491397,0.017222649935549825,0
2026-02-19 00:00:00,0,0.1257943497595074,0.01734411201798468,0
2026-02-19 04:00:00,0,-0.5815003876903492,0.018219109502661014,0
2026-02-19 08:00:00,0,-0.21861876126662366,0.017966597650239596,0
2026-02-19 12:00:00,0,-0.4271291372661549,0.0185133986771713,0
2026-02-19 16:00:00,0,0.34863958672705664,0.018299133320223263,0
2026-02-20 00:00:00,0,0.2130636466062878,0.019270166306683312,0
2026-02-20 04:00:00,0,-0.040477506090423894,0.020146885182857927,0
2026-02-20 08:00:00,0,-1.076658776515707,0.02081610272919946,0
2026-02-20 12:00:00,0,1.6458926782565562,0.020044370890345185,0
2026-02-20 16:00:00,0,0.2331492452776223,0.017881477210765256,0
2026-02-23 00:00:00,0,-0.024191661348246945,0.017330304038751156,0
2026-02-23 04:00:00,0,0.8169165472134357,0.018244724208009287,0
2026-02-23 08:00:00,0,-0.27825034459731923,0.01839343781544682,0
2026-02-23 12:00:00,0,-1.1088947114500212,0.018813330999097842,0
2026-02-23 16:00:00,0,0.22461236413540017,0.01724941099190489,0
2026-02-24 00:00:00,0,0.10450696686183958,0.01845523117876214,0
2026-02-24 04:00:00,0,0.038885926190284734,0.019290226843854213,0
2026-02-24 08:00:00,0,0.18561299510366727,0.019800090767918506,0
2026-02-24 12:00:00,0,1.058113847225954,0.020345265221989716,0
2026-02-24 16:00:00,0,-0.17054048256449855,0.018624684061084897,0
2026-02-25 00:00:00,0,-0.3717321316894834,0.019752943772104938,0
2026-02-25 04:00:00,0,0.24893777200569883,0.02012085061469958,0
2026-02-25 08:00:00,0,0.43755825520234204,0.0209790831829234,0
2026-02-25 12:00:00,0,1.3286711417172152,0.021586925385738736,0
2026-02-25 16:00:00,0,0.6894827272620455,0.020977513772580635,0
2026-02-26 00:00:00,0,-0.05325423542985498,0.020588264528466255,0
2026-02-26 04:00:00,0,0.46930617070867847,0.0217477546498948,0
2026-02-26 08:00:00,0,0.03739464101868137,0.022403678707649262,0
2026-02-26 12:00:00,0,-3.19745079995318,0.023285776356107894,0
2026-02-26 16:00:00,0,0.549489880540197,0.019080274298451966,0
2026-02-27 00:00:00,0,0.2828186774073603,0.019542727536687128,0
2026-02-27 04:00:00,0,-0.061157906517217045,0.020386486384295008,0
2026-02-27 08:00:00,0,-1.0320552529718459,0.02087348922127519,0
2026-02-27 12:00:00,0,0.4760843147099579,0.019890499370503318,0
2026-02-27 16:00:00,0,0.044382646517611736,0.019168828196575328,0
2026-03-02 00:00:00,0,-1.0688252741549766,0.0183382491314856,0
2026-03-02 04:00:00,0,-0.2686989963827423,0.01801680649581589,0
2026-03-02 08:00:00,0,-0.046905173626954434,0.017647991386863234,0
2026-03-02 12:00:00,0,2.4741479542755465,0.01790847414394512,0
2026-03-02 16:00:00,0,-0.35498033116202843,0.016334991915313315,0
2026-03-03 00:00:00,0,-0.5546001557338844,0.016827282362308887,0
2026-03-03 04:00:00,0,-1.6708385488505932,0.017098959261384862,0
2026-03-03 08:00:00,0,0.21411304791214894,0.015886010591464113,0
2026-03-03 12:00:00,0,0.7191840244011634,0.015720751927912703,0
2026-03-03 16:00:00,0,0.3218586005888743,0.01491996394789545,0
2026-03-04 00:00:00,0,-0.4732708778254165,0.015178422242571349,0
2026-03-04 04:00:00,0,0.853078729955816,0.015292442542293139,0
2026-03-04 08:00:00,0,0.6303296097651493,0.015084200234082714,0
2026-03-04 12:00:00,0,1.3176676355576755,0.01520671120696215,0
2026-03-04 16:00:00,0,-0.1353500275722855,0.014684923959833349,0
2026-03-05 00:00:00,0,-0.1739203534308593,0.015197384826681239,0
2026-03-05 04:00:00,0,0.39490626777303356,0.015776058797942832,0
2026-03-05 08:00:00,0,-0.5756065907013681,0.01568036031370911,0
2026-03-05 12:00:00,0,-0.9197830484957483,0.015786402034737898,0
2026-03-05 16:00:00,0,0.9172474097626822,0.01459385226753453,0
2026-03-06 00:00:00,0,0.23703974599128047,0.015078144565030569,0
2026-03-06 04:00:00,0,-0.9643486139907994,0.015811348585647953,0
2026-03-06 08:00:00,0,-1.3037389074977317,0.015419250530944213,0
2026-03-06 12:00:00,0,0.6367017100761289,0.014511318535548717,0
2026-03-06 16:00:00,0,-0.5406357390174991,0.014188814174741625,0
2026-03-09 00:00:00,0,-0.08620308446143649,0.012278317850477654,0
2026-03-09 04:00:00,0,0.8531868786365218,0.012690349937278104,0
2026-03-09 08:00:00,0,0.26369171560411075,0.012787178541634837,0
2026-03-09 12:00:00,0,1.3380000229020546,0.012958837387858252,0
2026-03-09 16:00:00,0,0.9587685902650096,0.012434900080878684,0
2026-03-10 00:00:00,0,-0.11445828521314708,0.012255455169201398,0
2026-03-10 04:00:00,0,0.7050331159064703,0.012654857133617043,0
2026-03-10 08:00:00,0,-0.4633145200928678,0.01279997095653645,0
2026-03-10 12:00:00,0,0.7361577870145231,0.012789647720486269,0
2026-03-10 16:00:00,0,-0.5729192316190589,0.012771323990856669,0
2026-03-11 00:00:00,0,0.11960083210363819,0.013104307256011182,0
2026-03-11 04:00:00,0,-0.5321238885294127,0.013822210340210443,0
2026-03-11 08:00:00,0,-0.08893717171808088,0.014073777782075041,0
2026-03-11 12:00:00,0,0.2811867366828338,0.014433871408797578,0
2026-03-11 16:00:00,0,-0.2615313185149412,0.014187970449396174,0
2026-03-12 00:00:00,0,-0.3247517000477344,0.014465881609562768,0
2026-03-12 04:00:00,0,0.7295413574796547,0.01479255477053031,0
2026-03-12 08:00:00,0,-0.20493485861699576,0.015050990096471496,0
2026-03-12 12:00:00,0,-0.8219453088212256,0.015479313646202846,0
2026-03-12 16:00:00,0,-0.4380362759903179,0.014952962759189248,0
2026-03-13 00:00:00,0,-0.24531579685635638,0.015309968341972192,0
2026-03-13 04:00:00,0,-0.3116616032779573,0.01588713379135778,0
2026-03-13 08:00:00,0,0.8348928421197764,0.0158453474958805,0
2026-03-13 12:00:00,0,-1.4211039624272437,0.015829914170865714,0
2026-03-13 16:00:00,0,-0.27739678632610104,0.014555643617291517,0
2026-03-16 00:00:00,0,-0.017424903798375753,0.014811889590762493,0
2026-03-16 04:00:00,0,0.09348596929873854,0.015485307758747487,0
2026-03-16 08:00:00,0,0.660264859771244,0.01613875385926146,0
2026-03-16 12:00:00,0,0.10134480128460863,0.01613603663443931,0
2026-03-16 16:00:00,0,-0.0864710493586236,0.016465658776080604,0
2026-03-17 00:00:00,0,0.11584353621571623,0.01725060094722549,0
2026-03-17 04:00:00,0,-0.37611784832038564,0.018091375134693097,0
2026-03-17 08:00:00,0,0.942093474820198,0.018438842007097698,0
2026-03-17 12:00:00,0,0.3659488723902475,0.018584445324688326,0
2026-03-17 16:00:00,0,0.18105180840951915,0.01854119881146465,0
2026-03-18 00:00:00,0,0.3465066223762626,0.020039294343405224,0
2026-03-18 04:00:00,0,0.22340465712354832,0.020979546821961795,0
2026-03-18 08:00:00,0,-1.9576379393232133,0.021827431309117927,0
2026-03-18 12:00:00,0,-0.22860423830939372,0.019866533527082376,0
2026-03-18 16:00:00,0,-1.4748961504234774,0.01962472067741134,0
2026-03-19 00:00:00,0,0.0588607939934701,0.018694372145611992,0
2026-03-19 04:00:00,0,-0.4953448325733496,0.019076087633220624,0
2026-03-19 08:00:00,0,-0.6068751883352442,0.019232059576557495,0
2026-03-19 12:00:00,0,0.054107734345916716,0.018648981720428635,0
2026-03-19 16:00:00,0,0.9237313853246243,0.018034667765159832,0
2026-03-20 00:00:00,0,-0.06922809863183857,0.017926892959173157,0
2026-03-20 04:00:00,0,-0.1620981455679423,0.01868315205813093,0
2026-03-20 08:00:00,0,-0.37903290030933495,0.018959239271747967,0
2026-03-20 12:00:00,0,-1.293918980760737,0.018146941254722364,0
2026-03-20 16:00:00,0,-0.2992483404579972,0.017138379721951588,0
2026-03-23 00:00:00,0,0.2339282356552162,0.01539180595474014,0
2026-03-23 04:00:00,0,-0.3255302640596722,0.015785666663446676,0
2026-03-23 08:00:00,0,3.3105542312096503,0.01538528463371038,0
2026-03-23 12:00:00,0,-0.9401076723885513,0.012515713218764053,0
2026-03-23 16:00:00,0,0.1192930074741123,0.01197314733981599,0
2026-03-24 00:00:00,0,-0.26080741601622753,0.012202216667442974,0
2026-03-24 04:00:00,0,0.48209313634077666,0.012713042904787843,0
2026-03-24 08:00:00,0,-0.3832321886116999,0.01253324212686051,0
2026-03-24 12:00:00,0,0.009793729586797733,0.012786441557475554,0
2026-03-24 16:00:00,0,0.4786786419437697,0.012769700308504297,0
2026-03-25 00:00:00,0,-0.12458722390636379,0.01287967763944592,0
2026-03-25 04:00:00,0,0.08817613491647219,0.01323651263847114,0
2026-03-25 08:00:00,0,0.014827331882942829,0.013361941566118652,0
2026-03-25 12:00:00,0,-0.1082694811695152,0.013653630498321506,0
2026-03-25 16:00:00,0,-0.23082266795237513,0.013618612157399328,0
2026-03-26 00:00:00,0,-0.138393533410592,0.014251656639385522,0
2026-03-26 04:00:00,0,-0.6032464545705198,0.014470489376945983,0
2026-03-26 08:00:00,0,-0.36055096244582857,0.014547565557503398,0
2026-03-26 12:00:00,0,-0.5677786751761504,0.014936272041635588,0
2026-03-26 16:00:00,0,-0.8394698877671679,0.0145817498267716,0
2026-03-27 00:00:00,0,0.47447804685839995,0.014837108508165447,0
2026-03-27 04:00:00,0,-0.6902975677843288,0.01539476417500329,0
2026-03-27 08:00:00,0,-0.8286323216162608,0.015287868378239929,0
2026-03-27 12:00:00,0,-0.6885535344004421,0.015104442965277312,0
2026-03-27 16:00:00,0,-1.0886480848724776,0.014912055991557135,0
2026-03-30 00:00:00,0,0.8166237730135507,0.014449023103544683,0
2026-03-30 04:00:00,0,0.591024543936112,0.014501980960211137,0
2026-03-30 08:00:00,0,0.31754361084128424,0.014978672418112886,0
2026-03-30 12:00:00,0,-1.0850189829308936,0.015049404338279336,0
2026-03-30 16:00:00,0,-0.8802623888915048,0.01453382363639556,0
2026-03-31 00:00:00,0,0.3772109173462085,0.013636015444723574,0
2026-03-31 04:00:00,0,0.13095629505434975,0.01358196418427741,0
2026-03-31 08:00:00,0,0.2628081336484239,0.013892967831148585,0
2026-03-31 12:00:00,0,1.8720129556509135,0.014015029841772119,0
2026-03-31 16:00:00,0,0.5480825255829817,0.013038514956473192,0
2026-04-01 00:00:00,0,-0.10012867165660133,0.013506064665843214,0
2026-04-01 04:00:00,0,0.25252260613707567,0.014125406171190881,0
2026-04-01 08:00:00,0,-0.04979091471272531,0.014392547437547136,0
2026-04-01 12:00:00,0,1.1780780539059392,0.014303857879390196,0
2026-04-01 16:00:00,0,-0.5786972547563022,0.014104184114196259,0
2026-04-02 00:00:00,0,-2.047760694201465,0.014685828395641259,0
2026-04-02 04:00:00,0,0.141017440821836,0.01338715874124234,0
2026-04-02 08:00:00,0,-0.49231036517629523,0.013837943002884066,0
2026-04-02 12:00:00,0,1.7734686065691943,0.013905494716197312,0
2026-04-02 16:00:00,0,0.4015685262171176,0.012673834770386841,0
2026-04-03 00:00:00,0,-0.25617122015165905,0.013685223403914513,0
2026-04-03 04:00:00,0,-0.08030236274957904,0.01431795056571507,0
2026-04-03 08:00:00,0,-0.162421745994954,0.015022470121476141,0
2026-04-03 12:00:00,0,0.06127246940067379,0.01545724743691623,0
2026-04-06 00:00:00,0,0.22194500246869622,0.01625311003164729,0
2026-04-06 04:00:00,0,0.603894967302514,0.01631647417665016,0
2026-04-06 08:00:00,0,-0.32944239958580573,0.01644279815375298,0
2026-04-06 12:00:00,0,-0.0026738165011433728,0.016792995444586397,0
2026-04-06 16:00:00,0,0.21156888546646363,0.016686528455986806,0
2026-04-07 00:00:00,0,-0.3085806186601716,0.01736209812735969,0
2026-04-07 04:00:00,0,0.6303578378934963,0.017480101139705845,0
2026-04-07 08:00:00,0,-0.809170118647801,0.017574419733850696,0
2026-04-07 12:00:00,0,-0.08167232167999693,0.016753580691220682,0
2026-04-07 16:00:00,0,0.9568258530685035,0.015703773442412215,0
2026-04-08 00:00:00,0,0.17728679548548865,0.012996333668583262,0
2026-04-08 04:00:00,0,0.35666607379618537,0.013567583014467558,0
2026-04-08 08:00:00,0,0.004355898511063042,0.014191438940994726,0
2026-04-08 12:00:00,0,-0.32261349013579055,0.014783103499363955,0
2026-04-08 16:00:00,0,-0.46588187574947343,0.014295914544481009,0
2026-04-09 00:00:00,0,0.012804983379763482,0.015049975168251453,0
2026-04-09 04:00:00,0,-0.2033161876597858,0.015822483374234867,0
2026-04-09 08:00:00,0,0.2862227340380677,0.016365644035801007,0
2026-04-09 12:00:00,0,0.8625290753412262,0.01701399819908777,0
2026-04-09 16:00:00,0,0.24281884153319777,0.016433740904943255,0
2026-04-10 00:00:00,0,-0.005412016095853496,0.01767354308084928,0
2026-04-10 04:00:00,0,-0.3490050541094318,0.01866078585150023,0
2026-04-10 08:00:00,0,0.5617994382269453,0.01935201368315975,0
2026-04-10 12:00:00,0,-0.22478973899871618,0.01945703960624262,0
2026-04-10 16:00:00,0,0.39991627410181757,0.01941390136038303,0
2026-04-13 00:00:00,0,0.1379372683821937,0.017880522451002637,0
2026-04-13 04:00:00,0,0.09776873396813675,0.01893159985126451,0
2026-04-13 08:00:00,0,0.4245230690488964,0.019774954914437304,0
2026-04-13 12:00:00,0,1.497970735013285,0.020216093434904717,0
2026-04-13 16:00:00,0,1.0268086637666232,0.019413932143744893,0
2026-04-14 00:00:00,0,0.015361748934000911,0.0203332453029756,0
2026-04-14 04:00:00,0,0.45225957510737413,0.02164140379236179,0
2026-04-14 08:00:00,0,0.09386255136718819,0.022252887530178168,0
2026-04-14 12:00:00,0,1.6057857198054368,0.022863004190627267,0
2026-04-14 16:00:00,0,0.48399338431856465,0.02161568233400072,0
2026-04-15 00:00:00,0,-0.032653107738920634,0.023124865185833433,0
2026-04-15 04:00:00,0,0.12248136731039848,0.024242208049398462,0
2026-04-15 08:00:00,0,-0.2996382076714809,0.024882611627303833,0
2026-04-15 12:00:00,0,1.156077600755962,0.025221510680436113,0
2026-04-15 16:00:00,0,1.495407070647641,0.023624670588834953,0
2026-04-16 00:00:00,0,-0.020485239030940773,0.02334771110522413,0
2026-04-16 04:00:00,0,0.04143215351351146,0.02463888340140507,0
2026-04-16 08:00:00,0,-0.2873033527883383,0.02550121043199283,0
2026-04-16 12:00:00,0,0.5479849723669263,0.02593498574833846,0
2026-04-16 16:00:00,0,-0.06834289523455202,0.023996935264661838,0
2026-04-17 00:00:00,0,-0.17360014259716564,0.02503231618504561,0
2026-04-17 04:00:00,0,0.42679486153096835,0.026233270930997556,0
2026-04-17 08:00:00,0,1.757296614146208,0.027085549064288856,0
2026-04-17 12:00:00,0,0.8661581307196573,0.025666861218645618,0
2026-04-17 16:00:00,0,-0.12308037654262137,0.024263272423218723,0
2026-04-20 00:00:00,0,0.12004299834082414,0.022390477543433852,0
2026-04-20 04:00:00,0,0.14242001551510963,0.02341925111865533,0
2026-04-20 08:00:00,0,0.37143215404609115,0.023896867281624504,0
2026-04-20 12:00:00,0,-0.5078218053529522,0.02455298483444609,0
2026-04-20 16:00:00,0,0.6323958521614798,0.02314450278847496,0
2026-04-21 00:00:00,0,0.006937527273350471,0.024084044259463033,0
2026-04-21 04:00:00,0,0.08384502906254233,0.0253163885974901,0
2026-04-21 08:00:00,0,-0.1216477159688444,0.026397916998306955,0
2026-04-21 12:00:00,0,-1.1702039500946564,0.02691273598127968,0
2026-04-21 16:00:00,0,0.3845245920224985,0.02545007458798603,0
2026-04-22 00:00:00,0,-0.13948148008461977,0.02479897846407577,0
2026-04-22 04:00:00,0,0.3151984435150053,0.025875832574948434,0
2026-04-22 08:00:00,0,0.015265158292287173,0.02649527193795248,0
2026-04-22 12:00:00,0,1.1033705023412552,0.02704672796947782,0
2026-04-22 16:00:00,0,1.0346612170765217,0.02620993241472043,0
2026-04-23 00:00:00,0,-0.7267343415736288,0.02430932909895219,0
2026-04-23 04:00:00,0,-0.191167310637048,0.023596083823392903,0
2026-04-23 08:00:00,0,0.5646641804204094,0.024183102323026905,0
2026-04-23 12:00:00,0,0.5337115809961849,0.023726055519504123,0
2026-04-23 16:00:00,0,-0.972326601907424,0.023310371836049976,0
2026-04-24 00:00:00,0,-0.3800155495809191,0.020498446839774056,0
2026-04-24 04:00:00,0,0.2409429363017001,0.020978869132336767,0
2026-04-24 08:00:00,0,0.84776464785828,0.021445434266339422,0
2026-04-24 12:00:00,0,0.9950005045647508,0.020340079728233255,0
2026-04-24 16:00:00,0,0.15609387383301004,0.019441744900389468,0
2026-04-27 00:00:00,0,0.3592633165161619,0.020619042947468677,0
2026-04-27 04:00:00,0,-0.46982427737744453,0.021426987245935745,0
2026-04-27 08:00:00,0,-0.11851007560760195,0.02169224215532888,0
2026-04-27 12:00:00,0,-0.1815339753838947,0.022208432533007427,0
2026-04-27 16:00:00,0,0.17653926531703423,0.022448655091619224,0
2026-04-28 00:00:00,0,-0.34556628358692904,0.024074612144282203,0
2026-04-28 04:00:00,0,-0.45656004454601445,0.02461906702519005,0
2026-04-28 08:00:00,0,-1.4347109214849307,0.024842042334254293,0
2026-04-28 12:00:00,0,-0.4244436051787112,0.02266129787937844,0
2026-04-28 16:00:00,0,0.6633893148570315,0.0217507027078208,0
2026-04-29 00:00:00,0,0.21312864066670667,0.022305210567564883,0
2026-04-29 04:00:00,0,-0.36205807641622284,0.02272553124356346,0
2026-04-29 08:00:00,0,-0.10470153026170088,0.023073499595859907,0
2026-04-29 12:00:00,0,-0.19499633246714,0.023689310754776635,0
2026-04-29 16:00:00,0,-0.30234269286709203,0.02319978159192661,0
2026-04-30 00:00:00,0,-1.9680032111728616,0.01927311783387443,0
2026-04-30 04:00:00,0,0.6380280766123969,0.017757883153073573,0
2026-04-30 08:00:00,0,0.7949130043966034,0.017764592235898602,0
2026-04-30 12:00:00,0,-0.7551754472069694,0.01780250120368176,0
2026-04-30 16:00:00,0,1.0615960625455454,0.01666890465721365,0
2026-05-01 00:00:00,0,0.014543858831095512,0.017344193992686798,0
2026-05-01 04:00:00,0,-0.3105605798138464,0.018269881677508776,0
2026-05-01 08:00:00,0,0.05323560956583536,0.01900820007037926,0
2026-05-01 12:00:00,0,1.4015356701216222,0.01975778192998438,0
2026-05-01 16:00:00,0,-0.2504627171889504,0.018751495844525415,0
2026-05-04 00:00:00,0,0.24576538173298615,0.019426845221605264,0
2026-05-04 04:00:00,0,-0.24962604833113836,0.020173318350972268,0
2026-05-04 08:00:00,0,-0.28366256166024706,0.020794183894101526,0
2026-05-04 12:00:00,0,-0.7787527301387004,0.020050829936075456,0
2026-05-04 16:00:00,0,0.20226871366566992,0.01886855772149234,0
2026-05-05 00:00:00,0,0.2428501462572275,0.020463884514617628,0
2026-05-05 04:00:00,0,0.5936161486667968,0.021227301014476913,0
2026-05-05 08:00:00,0,0.2553732024100139,0.021763037422110974,0
2026-05-05 12:00:00,0,0.9359984600270558,0.022375619228380522,0
2026-05-05 16:00:00,0,0.4978119481372737,0.02231508376969952,0
2026-05-06 00:00:00,0,0.36118173128598063,0.02216856623493485,0
2026-05-06 04:00:00,0,0.9205498846463107,0.023049815963731086,0
2026-05-06 08:00:00,0,-0.15160585814480526,0.022594978855552096,0
2026-05-06 12:00:00,0,0.4837191064565816,0.022050233931725012,0
2026-05-06 16:00:00,0,0.9931052983134543,0.02124195867162239,0
2026-05-07 00:00:00,0,0.24409663325254746,0.02144826001529187,0
2026-05-07 04:00:00,0,0.1919813033993218,0.02236260090875653,0
2026-05-07 08:00:00,0,0.1045909590738724,0.02284904054192693,0
2026-05-07 12:00:00,0,-0.3587204838306764,0.02384375925690623,0
2026-05-07 16:00:00,0,-0.30121495538015636,0.022249078843115923,0
2026-05-08 00:00:00,0,0.19384282525001842,0.021538375652412053,0
2026-05-08 04:00:00,0,0.4957086284937449,0.022363089638190926,0
2026-05-08 08:00:00,0,0.30694698072912874,0.0231928359746505,0
2026-05-08 12:00:00,0,2.0060267621900625,0.02339894596588668,0
2026-05-08 16:00:00,0,0.5236432389300819,0.021554674651766068,0
2026-05-11 00:00:00,0,0.26351204582451054,0.02188786332146598,0
2026-05-11 04:00:00,0,-0.26212026391305693,0.022510879523663863,0
2026-05-11 08:00:00,0,0.001530874760349531,0.02325294202216881,0
2026-05-11 12:00:00,0,0.6657531506954342,0.023615226365134797,0
2026-05-11 16:00:00,0,-0.03830397362836628,0.0229876637017666,0
2026-05-12 00:00:00,0,-0.6012299150121369,0.023760666063215224,0
2026-05-12 04:00:00,0,-0.42760399047346914,0.02363118703871269,0
2026-05-12 08:00:00,0,0.044798388050841666,0.02389517613460574,0
2026-05-12 12:00:00,0,-2.995694320663188,0.02415358969228572,0
2026-05-12 16:00:00,0,2.0593480991034907,0.020150626148472482,0
2026-05-13 00:00:00,0,0.7198490725154563,0.01910309334395173,0
2026-05-13 04:00:00,0,0.6430619023998383,0.01950016389067965,0
2026-05-13 08:00:00,0,-0.9182610107716687,0.01975399546071657,0
2026-05-13 12:00:00,0,1.0618469976767453,0.019400386710075705,0
2026-05-13 16:00:00,0,0.4209621459798322,0.018262192177574084,0
2026-05-14 00:00:00,0,-0.5705301680216558,0.019225926967480544,0
2026-05-14 04:00:00,0,0.046737312198803886,0.01937623220506229,0
2026-05-14 08:00:00,0,-0.429356980230967,0.020054856278381328,0
2026-05-14 12:00:00,0,1.2543529212054294,0.020583928315845892,0
2026-05-14 16:00:00,0,-0.20309219066938178,0.01963451046950418,0
2026-05-15 00:00:00,0,-1.2042849441471881,0.02062239226691445,0
2026-05-15 04:00:00,0,-1.0158398564959752,0.02005297387122483,0
2026-05-15 08:00:00,0,-0.37573920178656045,0.01925984028873443,0
2026-05-15 12:00:00,0,0.692569554261364,0.019009934452100682,0
2026-05-15 16:00:00,0,-0.7480644482449574,0.018470145926939234,0
2026-05-18 00:00:00,0,0.0781284587496737,0.016579781664479137,0
2026-05-18 04:00:00,0,0.8431294320069683,0.016788302751940903,0
2026-05-18 08:00:00,0,0.7367440606715664,0.0167541100957391,0
2026-05-18 12:00:00,0,-1.7141350011981789,0.01614233676691053,0
2026-05-18 16:00:00,0,0.26607447584113697,0.014440313053527411,0
2026-05-19 00:00:00,0,-0.48891163633329127,0.014932631024129414,0
2026-05-19 04:00:00,0,0.17815454181542958,0.015135194655385365,0
2026-05-19 08:00:00,0,-0.37420738031879297,0.015195403864136101,0
2026-05-19 12:00:00,0,0.46935104183042,0.015483353681339853,0
2026-05-19 16:00:00,0,-0.48570647442164167,0.014835127638527497,0
2026-05-20 00:00:00,0,-0.22184486293873085,0.014911971697983655,0
2026-05-20 04:00:00,0,0.872229697658773,0.01520561496828307,0
2026-05-20 08:00:00,0,0.02408797118267655,0.015284921862639689,0
2026-05-20 12:00:00,0,0.6663374483825554,0.015942461084131925,0
2026-05-20 16:00:00,0,0.040982528037459706,0.015332034984554455,0
2026-05-21 00:00:00,0,0.8346249828085461,0.01605273278553101,0
2026-05-21 04:00:00,0,-0.1936990710117581,0.01632384257102804,0
2026-05-21 08:00:00,0,-0.7735799464374409,0.016190311329022544,0
2026-05-21 12:00:00,0,0.28043000092076825,0.016046600935009397,0
2026-05-21 16:00:00,0,0.8326830672258358,0.01620717508128399,0
2026-05-22 00:00:00,0,0.1195103766447417,0.0164968741362704,0
2026-05-22 04:00:00,0,-0.12336558128931087,0.017183636916519463,0
2026-05-22 08:00:00,0,0.1345878000213499,0.017658034560872223,0
2026-05-22 12:00:00,0,0.3435036541001853,0.018017512392768015,0
2026-05-22 16:00:00,0,-0.7133469225753271,0.017984188291944748,0
2026-05-25 00:00:00,0,0.25591212930652885,0.016785984813048042,0
2026-05-25 04:00:00,0,-0.05208297552084226,0.017615261464723527,0
2026-05-25 08:00:00,0,-0.10121382076231757,0.0183000770574267,0
2026-05-25 12:00:00,0,0.11070556005370982,0.019341779229781197,0
2026-05-26 00:00:00,0,-0.10593322255500306,0.020241814855725956,0
2026-05-26 04:00:00,0,0.039826965215125056,0.021251356784663455,0
2026-05-26 08:00:00,0,0.6386609632788114,0.021956759656490715,0
2026-05-26 12:00:00,0,0.32131452823476847,0.02250445494030077,0
2026-05-26 16:00:00,0,0.39113988329558824,0.021490233008623735,0
2026-05-27 00:00:00,0,-0.13704648135607891,0.02244066228522333,0
2026-05-27 04:00:00,0,0.5398569298081343,0.023287056668913432,0
2026-05-27 08:00:00,0,0.3879269785352002,0.023423014157206407,0
2026-05-27 12:00:00,0,-1.623990411129037,0.023095379451230955,0
2026-05-27 16:00:00,0,0.7264815248195919,0.020912764175678267,0
2026-05-28 00:00:00,0,-1.5100843400723274,0.020744198544626457,0
2026-05-28 04:00:00,0,0.9817428099588408,0.01959838901930653,0
2026-05-28 08:00:00,0,0.3594642119964783,0.019527326389710286,0
2026-05-28 12:00:00,0,1.3194559835878399,0.019574773860112457,0
2026-05-28 16:00:00,0,-0.09232374763042289,0.018405826305394547,0
2026-05-29 00:00:00,0,0.25293194478711534,0.019829314759163188,0
2026-05-29 04:00:00,0,0.09124626909896488,0.02066832448694515,0
2026-05-29 08:00:00,0,0.18255884834314656,0.021536446564669392,0
2026-05-29 12:00:00,0,0.33285977995815963,0.02252527404805246,0
2026-05-29 16:00:00,0,-0.06768295908715394,0.021807349393268373,0
2026-06-01 00:00:00,0,0.1820285599411894,0.022064206267785318,0
2026-06-01 04:00:00,0,-0.44007376901583245,0.02307657095416056,0
2026-06-01 08:00:00,0,-0.2921606575579308,0.023248247520022646,0
2026-06-01 12:00:00,0,0.8154266365673002,0.023962774738718762,0
2026-06-01 16:00:00,0,-0.3269104497667659,0.022776909167209335,0
2026-06-02 00:00:00,0,0.40992401777521104,0.022486286674563673,0
2026-06-02 04:00:00,0,0.5933189974999792,0.022993012873248512,0
2026-06-02 08:00:00,0,-0.10765156612278526,0.023405980032001422,0
2026-06-02 12:00:00,0,0.9760546361579887,0.02430123958402704,0
2026-06-02 16:00:00,0,0.2987056797455995,0.02319382927778638,0
2026-06-03 00:00:00,0,-0.10058258704522252,0.023096572241109878,0
2026-06-03 04:00:00,0,0.08883109641696395,0.024034157545911417,0
2026-06-03 08:00:00,0,0.00394393470664209,0.024989286455008308,0
2026-06-03 12:00:00,0,-0.7479113003968622,0.025717008516649004,0
2026-06-03 16:00:00,0,-0.6991326427712599,0.023919905687436457,0
2026-06-04 00:00:00,0,-0.00670241271907759,0.023709253585537594,0
2026-06-04 04:00:00,0,-0.9139282203341577,0.02360594493499133,0
2026-06-04 08:00:00,0,-0.19928583479840078,0.023010626431605227,0
2026-06-04 12:00:00,0,0.970368802067147,0.022861274248438184,0
2026-06-04 16:00:00,0,-0.46220965250414325,0.02148647829694324,0
2026-06-05 00:00:00,0,0.4478582042475955,0.020244765678360997,0
2026-06-05 04:00:00,0,-0.36194782122546043,0.020281809455090498,0
2026-06-05 08:00:00,0,-0.5438411101649964,0.020403047413370096,0
2026-06-05 12:00:00,0,-2.922746864826388,0.020160019270461838,0
2026-06-05 16:00:00,0,-2.8650619335397645,0.016612706013930088,0
2026-06-08 00:00:00,0,-0.4518628585815274,0.013564058039358153,0
2026-06-08 04:00:00,0,0.3151884162163828,0.013720605286380048,0
2026-06-08 08:00:00,0,1.1033580852785245,0.013647972727541114,0
2026-06-08 12:00:00,0,0.3303860521482675,0.01349358938869114,0
2026-06-08 16:00:00,0,-0.4979070044186712,0.013117622379061103,0
2026-06-09 00:00:00,0,0.935693475942794,0.013542354014326144,0
2026-06-09 04:00:00,0,0.1288799463594913,0.013599015811749257,0
2026-06-09 08:00:00,0,0.3478297994321909,0.014189339625858185,0
2026-06-09 12:00:00,0,-4.927797693263162,0.014823199890677933,0
2026-06-09 16:00:00,0,1.8177753774339431,0.01034412411743919,0
2026-06-10 00:00:00,0,-0.47829695383353654,0.010198710592579362,0
2026-06-10 04:00:00,0,-0.37821435185971936,0.010388485555922772,0
2026-06-10 08:00:00,0,0.19825659144097776,0.01052897036770859,0
2026-06-10 12:00:00,0,-0.3186359339980809,0.010498473988387439,0
2026-06-10 16:00:00,0,-0.6630717101049688,0.009929723887588135,0
2026-06-11 00:00:00,0,0.5999337930679265,0.00992805592649515,0
2026-06-11 04:00:00,0,0.36110927488299216,0.010211082864435395,0
2026-06-11 08:00:00,0,-0.2708636368757195,0.010507861917446789,0
2026-06-11 12:00:00,0,-0.13006864494488227,0.01063013175986584,0
2026-06-11 16:00:00,0,1.8278874780180412,0.010368064307161228,0
2026-06-12 00:00:00,0,-0.11937426684037929,0.010029448931254629,0
2026-06-12 04:00:00,0,-0.17550390186087028,0.010527826684687755,0
2026-06-12 08:00:00,0,-0.19586944840952203,0.010628500638696095,0
2026-06-12 12:00:00,0,0.731254343811984,0.010779443544249577,0
2026-06-12 16:00:00,0,0.0036748187269035433,0.010508178582163675,0
2026-06-15 00:00:00,0,0.2465490262364337,0.010760795509188665,0
2026-06-15 04:00:00,0,0.17891233410356736,0.011363793288758996,0
2026-06-15 08:00:00,0,-0.023475894495714415,0.01193934385258028,0
2026-06-15 12:00:00,0,0.910905748292028,0.01252391977963171,0
2026-06-15 16:00:00,0,-0.11779364461052157,0.01253950957545979,0
2026-06-16 00:00:00,0,0.13379831240885895,0.01384155581851757,0
2026-06-16 04:00:00,0,0.4086376864995943,0.014533906692707061,0
2026-06-16 08:00:00,0,-0.3794305756123075,0.015081618881312087,0
2026-06-16 12:00:00,0,-1.3134405644929814,0.015475993106665564,0
2026-06-16 16:00:00,0,-0.7614287832853336,0.014389037807943034,0
2026-06-17 00:00:00,0,0.3939566061619644,0.015069773099034171,0
2026-06-17 04:00:00,0,0.09508029636963053,0.015729526351524865,0
2026-06-17 08:00:00,0,-0.08009796236972735,0.01634991113305761,0
2026-06-17 12:00:00,0,-0.3199936662274947,0.016851103162675463,0
2026-06-17 16:00:00,0,-1.1211741942939173,0.016729556283546047,0
2026-06-18 00:00:00,0,-0.09569928759609209,0.014763332638143677,0
2026-06-18 04:00:00,0,0.2106751990513965,0.015205979341196687,0
2026-06-18 08:00:00,0,0.47173341847785266,0.015582725139337863,0
2026-06-18 12:00:00,0,0.6304493450631036,0.0159873246959937,0
2026-06-18 16:00:00,0,0.18272957882177185,0.01582181790121333,0
2026-06-19 00:00:00,0,-0.8943271245124979,0.016823715093780865,0
2026-06-19 04:00:00,0,0.90582975363879,0.016595311930371483,0
2026-06-19 08:00:00,0,0.012560189620670226,0.016541558705817687,0
2026-06-19 12:00:00,0,-0.02262979452651012,0.017029969283702345,0
2026-06-22 00:00:00,0,-0.1525560065609283,0.01745010587738419,0
2026-06-22 04:00:00,0,0.6686595974608978,0.017953378623253087,0
2026-06-22 08:00:00,0,0.3238906966646847,0.0181005892070552,0
2026-06-22 12:00:00,0,-0.982433086364844,0.0185866159885464,0
2026-06-22 16:00:00,0,0.313731408784653,0.017058051149997474,0
2026-06-23 00:00:00,0,-1.600818745354588,0.01746767318419414,0
2026-06-23 04:00:00,0,-1.754426279018325,0.016436097311701488,0
2026-06-23 08:00:00,0,-0.3724298016078182,0.015058062885593684,0
2026-06-23 12:00:00,0,0.5287453161766394,0.01514118191253667,0
2026-06-23 16:00:00,0,-0.4504462882212441,0.014454909532006253,0
2026-06-24 00:00:00,0,-0.22182684621851034,0.01412784824673406,0
2026-06-24 04:00:00,0,0.12775984286335051,0.014234261662025197,0
2026-06-24 08:00:00,0,-0.2152725027129665,0.014836786354648237,0
2026-06-24 12:00:00,0,-0.6068881710408064,0.015323900873745262,0
2026-06-24 16:00:00,0,1.8411434841979535,0.014714098137501581,0
2026-06-25 00:00:00,0,0.24819243677623576,0.012937046122760577,0
2026-06-25 04:00:00,0,0.28151651445598674,0.013486469574917993,0
2026-06-25 08:00:00,0,0.2834841336936598,0.013897098961124206,0
2026-06-25 12:00:00,0,-1.9222022985766998,0.014373595993321053,0
2026-06-25 16:00:00,0,0.23262511908941003,0.012072933636042142,0
2026-06-26 00:00:00,0,-1.174532329045136,0.012185745924955306,0
2026-06-26 04:00:00,0,0.3902475206035303,0.011509132533072366,0
2026-06-26 08:00:00,0,-0.27067843301225275,0.011614200964168526,0
2026-06-26 12:00:00,0,0.9366980867002027,0.012037322111519217,0
2026-06-26 16:00:00,0,-1.0032421423455933,0.011582890585900835,0
2026-06-29 00:00:00,0,0.0786550432526438,0.011091964002051872,0
2026-06-29 04:00:00,0,0.41888575025422403,0.011404390779130927,0
2026-06-29 08:00:00,0,0.13749676015743637,0.011703318625770783,0
2026-06-29 12:00:00,0,0.6720238395070746,0.012222974928551072,0
2026-06-29 16:00:00,0,0.23003004798142682,0.011414936360981728,0
2026-06-30 00:00:00,0,0.5626787050566865,0.012393620666940088,0
2026-06-30 04:00:00,0,-0.3790567453060349,0.012625512701452098,0
2026-06-30 08:00:00,0,-0.18980052239891174,0.012911100353496399,0
2026-06-30 12:00:00,0,1.751158987074701,0.01330085156337787,0
2026-06-30 16:00:00,0,-0.06644392325033076,0.012724570435094998,0
2026-07-01 00:00:00,0,-0.2879494488617193,0.014146416978241226,0
2026-07-01 04:00:00,0,-0.24632632933780826,0.01454485304485659,0
2026-07-01 08:00:00,0,-0.42219412260682554,0.014934321347515744,0
2026-07-01 12:00:00,0,-0.30843576947325263,0.015130020547763325,0
2026-07-01 16:00:00,0,-0.4813551791799971,0.015063292720335329,0
2026-07-02 00:00:00,0,0.017995984926170355,0.01554229633787323,0
2026-07-02 04:00:00,0,-0.3267134995572732,0.015851725207185814,0
2026-07-02 08:00:00,0,0.5951358735297729,0.015418156690814618,0
2026-07-02 12:00:00,0,-2.794635448133077,0.014877180856774457,0
2026-07-02 16:00:00,0,0.30056633991962767,0.012487785807107549,0
2026-07-03 00:00:00,0,0.9186832259540701,0.013241181662419865,0
2026-07-03 04:00:00,0,0.16231748302436097,0.013366841083126236,0
2026-07-03 08:00:00,0,0.19080605866140665,0.014055035793256614,0
2026-07-03 12:00:00,0,0.006506019348269303,0.014771541873329843,0
2026-07-06 00:00:00,0,-0.39582597966704064,0.015988412987604318,0
2026-07-06 04:00:00,0,0.16470270328697326,0.015908631709034875,0
2026-07-06 08:00:00,0,0.27525220479070356,0.016475692198818222,0
2026-07-06 12:00:00,0,0.23902467856086784,0.01717094342147559,0
2026-07-06 16:00:00,0,-0.18305775232733806,0.01672432092754336,0
2026-07-07 00:00:00,0,-0.8619452550099915,0.017295529053097766,0
2026-07-07 04:00:00,0,0.15653400107126567,0.01716662888058522,0
2026-07-07 08:00:00,0,-0.08133379414770761,0.017395535043131023,0
2026-07-07 12:00:00,0,-0.47701766197297896,0.017945977280431367,0
2026-07-07 16:00:00,0,-0.5168684486786612,0.016445520437190567,0
2026-07-08 00:00:00,0,-0.5315998910781224,0.015864679187549625,0
2026-07-08 04:00:00,0,-1.7300533346091256,0.016079464020050414,0
2026-07-08 08:00:00,0,0.5761923301680363,0.014733176325012866,0
2026-07-08 12:00:00,0,0.8405840904323719,0.014496129331378563,0
2026-07-08 16:00:00,0,0.06179590822248802,0.014199636149211993,0
2026-07-09 00:00:00,0,0.19249679507342948,0.014892017404966608,0
2026-07-09 04:00:00,0,0.43460810588130666,0.01524494080912412,0
2026-07-09 08:00:00,0,0.2955033022406646,0.015255899635194758,0
2026-07-09 12:00:00,0,0.6468986783777929,0.015424002227208506,0
2026-07-09 16:00:00,0,0.12925121681097398,0.015218830704395916,0
2026-07-10 00:00:00,0,0.06757377120584393,0.016296435740297256,0
2026-07-10 04:00:00,0,-0.4777105585346534,0.016769310510444745,0
2026-07-10 08:00:00,0,0.12013120735466233,0.017117513680627788,0
2026-07-10 12:00:00,0,1.0228919119456847,0.01744859681326539,0
2026-07-10 16:00:00,0,0.17657108419211212,0.016792149568622267,0
2026-07-13 00:00:00,0,-0.9362450115034492,0.017334369334117805,0
2026-07-13 04:00:00,0,0.5476045681635613,0.01713891542165657,0
2026-07-13 08:00:00,0,-0.1271862706062142,0.017295931986080915,0
2026-07-13 12:00:00,0,-0.8917695551819632,0.017730265437640086,0
2026-07-13 16:00:00,0,-0.43892989351691836,0.017191195752744682,0
2026-07-14 00:00:00,0,-0.0501071892752549,0.017436875571023896,0
2026-07-14 04:00:00,0,0.27697860654306483,0.01733250536905478,0
2026-07-14 08:00:00,0,0.9283129547270034,0.017726682305110566,0
2026-07-14 12:00:00,0,0.2348835940333432,0.01700164879064374,0
2026-07-14 16:00:00,0,-0.14221075860935495,0.016505243073230688,0
2026-07-15 00:00:00,0,0.4691039888596026,0.017429080595165694,0
2026-07-15 04:00:00,0,-0.4121453770979428,0.017831793182944457,0
2026-07-15 08:00:00,0,0.19808612133589248,0.017940722494577198,0
2026-07-15 12:00:00,0,-2.2358234085574433,0.018434727304891436,0
2026-07-15 16:00:00,0,0.8137186055071928,0.01602518792378597,0
2026-07-16 00:00:00,0,0.24131674813188628,0.01659325322827539,0
2026-07-16 04:00:00,0,-0.518907135069598,0.016991006585716444,0
2026-07-16 08:00:00,0,-0.8584804020612092,0.01644725293877264,0
2026-07-16 12:00:00,0,-0.23005204839948032,0.016095047956285316,0
2026-07-16 16:00:00,0,-0.684011031710359,0.015898844797200926,0
2026-07-17 00:00:00,0,-1.058247993394099,0.015706951729519164,0
2026-07-17 04:00:00,0,-0.7224801574863086,0.015154102624634815,0
2026-07-17 08:00:00,0,0.14128779856632215,0.014929581409663951,0
2026-07-17 12:00:00,0,1.240083994478629,0.015131610196636974,0
2026-07-17 16:00:00,0,-0.7719786179823971,0.013801754786146439,0
2026-07-20 00:00:00,0,0.1386043532000992,0.013616509732554396,0
2026-07-20 04:00:00,0,-0.05803075156107311,0.01398187465509251,0
2026-07-20 08:00:00,0,0.5504826150859606,0.014333165623521361,0
2026-07-20 12:00:00,0,-0.12795946637096375,0.014431552763534304,0
2026-07-20 16:00:00,0,-0.7866178032941368,0.014218403886717829,0
2026-07-21 00:00:00,0,0.7629047696028292,0.014446541575561628,0
2026-07-21 04:00:00,0,0.4343355444980934,0.014572544863489776,0
2026-07-21 08:00:00,0,0.023281220435195166,0.015039011373474135,0
2026-07-21 12:00:00,0,0.6802761486660297,0.01576259355239137,0
2026-07-21 16:00:00,0,-0.1759439207350137,0.01562703806427141,0
2026-07-22 00:00:00,0,-0.30395221745731427,0.017160192925791587,0
2026-07-22 04:00:00,0,-0.5236816510398304,0.01771567068969277,0
2026-07-22 08:00:00,0,-0.4458485311772005,0.017731639203944785,0
2026-07-22 12:00:00,0,1.3841209295842825,0.017699700686943987,0
2026-07-22 16:00:00,0,-0.6771989139083302,0.017215303967761858,0
2026-07-23 00:00:00,0,-0.5893996029530341,0.017019437731472693,0
2026-07-23 04:00:00,0,-0.09479416911799522,0.01683503228320204,0
2026-07-23 08:00:00,0,-1.4005587255025702,0.016626817058636577,0
2026-07-23 12:00:00,0,-0.6194613307067901,0.01568066584436694,0
2026-07-23 16:00:00,0,0.3932280298655902,0.014659729110998486,0
2026-07-24 00:00:00,0,-0.4362180922087411,0.015065496648607797,0
2026-07-24 04:00:00,0,0.22917195990011416,0.015060967233701972,0
2026-07-24 08:00:00,0,-0.12672786782592163,0.01537771395179713,0
2026-07-24 12:00:00,0,-0.41784224803399383,0.01594809486730851,0
2026-07-24 16:00:00,0,-0.7796136973191506,0.015220945069203809,0
2026-07-27 00:00:00,0,0.17590160530158366,0.014160267346847874,0
2026-07-27 04:00:00,0,0.3689701209409394,0.014687841698464385,0
2026-07-27 08:00:00,0,-0.18694319986512992,0.015348710009427238,0
2026-07-27 12:00:00,0,-2.769474123251414,0.015833279203926385,0
2026-07-27 16:00:00,0,0.5999037586510934,0.013341267154051996,0
2026-07-28 00:00:00,0,-0.43671613415310084,0.013740250238453829,0
2026-07-28 04:00:00,0,0.14667926921430552,0.014064822547365905,0
2026-07-28 08:00:00,0,0.00015748326828004752,0.014260904051326349,0
2026-07-28 12:00:00,0,0.255825583864241,0.014552348288788474,0
2026-07-28 16:00:00,0,-0.3720749698786027,0.01369789592282264,0
2026-07-29 00:00:00,0,-0.9413003401897716,0.013322530642920553,0
2026-07-29 04:00:00,0,0.5194274393029261,0.012768902877167835,0
2026-07-29 08:00:00,0,0.01726821451213092,0.013018577006754684,0
2026-07-29 12:00:00,0,-1.1238908574196773,0.013234949143385766,0
2026-07-29 16:00:00,0,-1.1792733061028462,0.012099621318185348,0
2026-07-30 00:00:00,0,-0.29168375915059613,0.010432568534110807,0
2026-07-30 04:00:00,0,0.1146524761773236,0.01057250265082206,0
2026-07-30 08:00:00,0,0.9741273083619276,0.010884135264180042,0
2026-07-30 12:00:00,0,0.9756549275681445,0.01095964805808567,0
2026-07-30 16:00:00,0,0.6065904174664148,0.010796335046706735,0
2026-07-31 00:00:00,0,0.08314547907236813,0.011376343288553442,0
2026-07-31 04:00:00,0,0.16909926886806795,0.011756787543288648,0
2026-07-31 08:00:00,0,-0.44589264342227625,0.012205398435723411,0
2026-07-31 12:00:00,0,-0.34031220304641074,0.012426337670440367,0
2026-07-31 16:00:00,0,-0.2631149939807742,0.011425752913619707,0
2026-08-03 00:00:00,0,0.0928410517512555,0.011572778824233592,0
2026-08-03 04:00:00,0,-0.18753002565378077,0.012088497711560177,0
2026-08-03 08:00:00,0,-0.4519141849871687,0.012388909037964241,0
2026-08-03 12:00:00,0,1.2340399502590693,0.01257421172986011,0
2026-08-03 16:00:00,0,0.34980586357081384,0.012029482032983556,0
2026-08-04 00:00:00,0,0.4850607659619819,0.013103952816277459,0
2026-08-04 04:00:00,0,0.19324554138495117,0.013400646613712278,0
2026-08-04 08:00:00,0,0.4935158871848405,0.013874285933041002,0
2026-08-04 12:00:00,0,1.9791625177425334,0.014063954909261241,0
2026-08-04 16:00:00,0,0.2640897949410312,0.013327993761140165,0
2026-08-05 00:00:00,0,0.2001858329191575,0.014281950974861408,0
2026-08-05 04:00:00,0,-0.25240954761656614,0.014902652657815875,0
2026-08-05 08:00:00,0,0.30558692368179785,0.015155717336558612,0
2026-08-05 12:00:00,0,-0.4383804898742342,0.015739089588034473,0
2026-08-05 16:00:00,0,-0.8514944477262462,0.01513669488163416,0
2026-08-06 00:00:00,0,0.1453450899410706,0.015353537864830822,0
2026-08-06 04:00:00,0,-0.2346699751524127,0.015748288985999576,0
2026-08-06 08:00:00,0,-0.5012940389795243,0.016150260731209686,0
2026-08-06 12:00:00,0,0.6825773710721931,0.01642080039153524,0
2026-08-06 16:00:00,0,-0.21843144265641423,0.015493256900059425,0
2026-08-07 00:00:00,0,-0.22751012167029488,0.016756657738929592,0
2026-08-07 04:00:00,0,0.5501429907540301,0.017277758431697106,0
2026-08-07 08:00:00,0,0.9710331265363613,0.017816731658426344,0
2026-08-07 12:00:00,0,-0.4729437113798819,0.017596287304259363,0
2026-08-07 16:00:00,0,0.44219904609951,0.01714374337123276,0
2026-08-10 00:00:00,0,0.3696618065734612,0.018036571343072773,0
2026-08-10 04:00:00,0,0.43350392690010886,0.01873006159058673,0
2026-08-10 08:00:00,0,-0.9788818863415549,0.019482028077052634,0
2026-08-10 12:00:00,0,0.00874045639596812,0.019271558850501493,0
2026-08-10 16:00:00,0,-0.07728424301467988,0.0194226060258768,0
2026-08-11 00:00:00,0,0.29515912219491564,0.020732394244238107,0
2026-08-11 04:00:00,0,-0.5013603957079601,0.02150836624269393,0
2026-08-11 08:00:00,0,0.47346041879617884,0.021824759179124062,0
2026-08-11 12:00:00,0,-1.177970728197532,0.021962956335706114,0
2026-08-11 16:00:00,0,0.11274650164662385,0.021319602373826955,0
2026-08-12 00:00:00,0,0.278739964522431,0.02282010932235027,0
2026-08-12 04:00:00,0,0.49815514498798313,0.023788905535134904,0
2026-08-12 08:00:00,0,0.7845124526623801,0.024188654712232166,0
2026-08-12 12:00:00,0,-0.08379685258588888,0.02406332040798165,0
2026-08-12 16:00:00,0,-0.6144601049977935,0.02384984727219193,0
2026-08-13 00:00:00,0,0.21202024087625324,0.025057732645573837,0
2026-08-13 04:00:00,0,-0.12205605595578627,0.02589273849205465,0
2026-08-13 08:00:00,0,0.13208945548189174,0.026566003621768714,0
2026-08-13 12:00:00,0,2.1961325129762774,0.027446942647261535,0
2026-08-13 16:00:00,0,0.13232808533355242,0.024493137686697173,0
2026-08-14 00:00:00,0,-0.1458791194273443,0.025920815306589722,0
2026-08-14 04:00:00,0,0.5092938814661766,0.02711008440483071,0
2026-08-14 08:00:00,0,0.3294944657324753,0.027630144054813604,0
2026-08-14 12:00:00,0,-1.5418003795701685,0.02867003161300119,0
2026-08-14 16:00:00,0,0.6566667417879014,0.026865948068770525,0
2026-08-17 00:00:00,0,0.24635270533006098,0.02838785322027919,0
2026-08-17 04:00:00,0,0.47534331159385085,0.029491537681415908,0
2026-08-17 08:00:00,0,-0.7380160451269226,0.030073083607930727,0
2026-08-17 12:00:00,0,-0.13956057210035705,0.02953120472294343,0
2026-08-17 16:00:00,0,-0.7937584653846049,0.029574624986352698,0
2026-08-18 00:00:00,0,-1.4339233228059014,0.03074017307509681,0
2026-08-18 04:00:00,0,-1.0952185734732127,0.028482728646217988,0
2026-08-18 08:00:00,0,-0.37498710932413026,0.027697112813735374,0
2026-08-18 12:00:00,0,-0.46822885996874897,0.02815778458330458,0
2026-08-18 16:00:00,0,-0.6167504504815656,0.026471034598874274,0
2026-08-19 00:00:00,0,-0.24112317395747368,0.026758016346344893,0
2026-08-19 04:00:00,0,0.7122474928437991,0.026699114534954726,0
2026-08-19 08:00:00,0,0.9063677686617091,0.02593291022490756,0
2026-08-19 12:00:00,0,-1.2027983624057834,0.02482985348578964,0
2026-08-19 16:00:00,0,0.020835212217169958,0.022432614550840273,0
2026-08-20 00:00:00,0,-0.32561063552833114,0.023508083299968854,0
2026-08-20 04:00:00,0,-0.8800861918892532,0.02426200339150161,0
2026-08-20 08:00:00,0,-0.802066583176844,0.023398585300209312,0
2026-08-20 12:00:00,0,0.18872084805456757,0.021613624568638315,0
2026-08-20 16:00:00,0,-0.3454580128396405,0.021432439550786258,0
2026-08-21 00:00:00,0,0.21988356412894558,0.022163363474746758,0
2026-08-21 04:00:00,0,0.5680769844828755,0.02280483144100046,0
2026-08-21 08:00:00,0,0.3455461090469289,0.023281799992945714,0
2026-08-21 12:00:00,0,-0.6298329340092559,0.02370874840631633,0
2026-08-21 16:00:00,0,-0.22193406311350478,0.02229710911557102,0
2026-08-24 00:00:00,0,-0.9674320398932383,0.023090650269878117,0
2026-08-24 04:00:00,0,-0.3089377727322727,0.02275483573746181,0
2026-08-24 08:00:00,0,-0.0536530105936483,0.02258992926835989,0
2026-08-24 12:00:00,0,-0.2100046935991019,0.02288291699174118,0
2026-08-24 16:00:00,0,-0.24121845931243197,0.021666862765719063,0
2026-08-25 00:00:00,0,0.42730141677934574,0.02222339974098569,0
2026-08-25 04:00:00,0,0.6138248141036726,0.02272663139381394,0
2026-08-25 08:00:00,0,0.19753268163739404,0.02311844835375398,0
2026-08-25 12:00:00,0,-0.35552525774948474,0.023508235088001067,0
2026-08-25 16:00:00,0,0.07134893190721658,0.022475868692198444,0
2026-08-26 00:00:00,0,0.6895802571277295,0.022598551851819578,0
2026-08-26 04:00:00,0,-0.0012457587054713734,0.022498193111245977,0
2026-08-26 08:00:00,0,-0.46678306390121344,0.023262849225924604,0
2026-08-26 12:00:00,0,0.4062760398981497,0.02339971254477823,0
2026-08-26 16:00:00,0,1.3092322505823906,0.02308439573649392,0
2026-08-27 00:00:00,0,0.3183272095959263,0.022138048348243976,0
2026-08-27 04:00:00,0,0.730344437898465,0.022461537622075162,0
2026-08-27 08:00:00,0,-0.5781024611496428,0.021753637317085673,0
2026-08-27 12:00:00,0,0.7485665785354867,0.02219696121986327,0
2026-08-27 16:00:00,0,-0.09680526829806449,0.021742415465115315,0
2026-08-28 00:00:00,0,-0.020599951175008825,0.022645971259238337,0
2026-08-28 04:00:00,0,-0.13520699305060346,0.02363624381722414,0
2026-08-28 08:00:00,0,0.26023757403724457,0.024567440747519917,0
2026-08-28 12:00:00,0,-1.0467883873945192,0.025598937038465927,0
2026-08-28 16:00:00,0,0.056676315063423965,0.023313633074128714,0
2026-08-31 00:00:00,0,0.34898356404069575,0.022855679489652416,0
2026-08-31 04:00:00,0,0.4278383663328647,0.023201903206392413,0
2026-08-31 08:00:00,0,-0.5892206875991376,0.02364044584997838,0
2026-08-31 12:00:00,0,0.31318263234235827,0.023918829205124427,0
2026-08-31 16:00:00,0,0.5029181508737006,0.023939564663940344,0
2026-09-01 00:00:00,0,-0.22199444352363407,0.02537140292773269,0
2026-09-01 04:00:00,0,-1.6461817235886307,0.02621629103434337,0
2026-09-01 08:00:00,0,-0.6852449416487971,0.023782473846400518,0
2026-09-01 12:00:00,0,0.4179056507850358,0.02398902908639445,0
2026-09-01 16:00:00,0,-0.3265759963110229,0.022819287464344626,0
2026-09-02 00:00:00,0,-0.280483025614569,0.02353629083353271,0
2026-09-02 04:00:00,0,-0.5240490721950697,0.024227655489578278,0
2026-09-02 08:00:00,0,0.409193310474709,0.024049198208696294,0
2026-09-02 12:00:00,0,0.6988459844136834,0.023428390370076074,0
2026-09-02 16:00:00,0,-0.08233182124324682,0.023184546724387314,0
2026-09-03 00:00:00,0,0.3770226565494442,0.024952576628976403,0
2026-09-03 04:00:00,0,0.05516694292646247,0.02536529912670961,0
2026-09-03 08:00:00,0,0.1781299251224621,0.024586055929376783,0
2026-09-03 12:00:00,0,1.823305207623851,0.02458448577762749,0
2026-09-03 16:00:00,0,-0.15278610981678764,0.02279348237071976,0
2026-09-04 00:00:00,0,0.4310787685864661,0.02451673085383776,0
2026-09-04 04:00:00,0,0.40138017905427625,0.025418958772912965,0
2026-09-04 08:00:00,0,-0.7508017881816894,0.026118120242606596,0
2026-09-04 12:00:00,0,0.20350178925159693,0.025405052209246992,0
2026-09-04 16:00:00,0,-0.336379842092649,0.024733080057864475,0
2026-09-07 00:00:00,0,0.4045586575470903,0.02590654866124417,0
2026-09-07 04:00:00,0,0.31763815344636004,0.026724414765609546,0
2026-09-07 08:00:00,0,-0.3970990050067202,0.027290145880875586,0
2026-09-07 12:00:00,0,0.11105366152106813,0.0275546911842829,0
2026-09-08 00:00:00,0,0.781944576762025,0.028729567005048074,0
2026-09-08 04:00:00,0,-1.703204319384959,0.028569443359978457,0
2026-09-08 08:00:00,0,1.0147804760204495,0.02658333360122088,0
2026-09-08 12:00:00,0,-0.5569203508568843,0.02637949603949827,0
2026-09-08 16:00:00,0,-0.30231051034868855,0.024902062481628153,0
2026-09-09 00:00:00,0,0.3665349310968185,0.025981934816153168,0
2026-09-09 04:00:00,0,-0.3488330374606686,0.02696580799629013,0
2026-09-09 08:00:00,0,-1.254664458565299,0.02758641285534899,0
2026-09-09 12:00:00,0,0.48034246150461746,0.026058050294677084,0
2026-09-09 16:00:00,0,0.013095135597615147,0.025071925653374683,0
2026-09-10 00:00:00,0,0.3164085819565568,0.027206555962430927,0
2026-09-10 04:00:00,0,-0.3330431327764136,0.02785386607524742,0
2026-09-10 08:00:00,0,-2.6426365676353996,0.02832909924980996,0
2026-09-10 12:00:00,0,1.145470630951916,0.024714059443725525,0
2026-09-10 16:00:00,0,-0.5737267531088698,0.02400288829388311,0
2026-09-11 00:00:00,0,-0.23513850114521245,0.024745739534830127,0
2026-09-11 04:00:00,0,1.326488450325894,0.02498541295529945,0
2026-09-11 08:00:00,0,0.9319891540561186,0.024523604021221654,0
2026-09-11 12:00:00,0,-0.19565863506986741,0.023413575697896094,0
2026-09-11 16:00:00,0,-0.29133138282240423,0.02336116114587009,0
2026-09-14 00:00:00,0,0.042446777614251294,0.02135412759313381,0
2026-09-14 04:00:00,0,-0.8342860045865066,0.022155806670944894,0
2026-09-14 08:00:00,0,0.011655943015098301,0.021885536618784056,0
2026-09-14 12:00:00,0,2.2527516975193342,0.021992722659154924,0
2026-09-14 16:00:00,0,-0.3617035742778429,0.019897895859062004,0
2026-09-15 00:00:00,0,-0.6430017107415744,0.021080746165727346,0
2026-09-15 04:00:00,0,-0.45465625018943845,0.02131472770134984,0
2026-09-15 08:00:00,0,0.9198473176273717,0.021294759071340263,0
2026-09-15 12:00:00,0,-0.8429853001534914,0.020826101032975646,0
2026-09-15 16:00:00,0,-0.023194127341822295,0.02028629812570724,0
2026-09-16 00:00:00,0,0.18611670983557074,0.022459725887956947,0
2026-09-16 04:00:00,0,0.42050934751032887,0.022856688771501023,0
2026-09-16 08:00:00,0,0.16421053300353702,0.02344739297186095,0
2026-09-16 12:00:00,0,0.42680648948114935,0.024142860944014386,0
2026-09-16 16:00:00,0,-1.3040556464173518,0.023883243653832677,0
2026-09-17 00:00:00,0,0.005388698224135573,0.02043389408793838,0
2026-09-17 04:00:00,0,0.5933155979325969,0.021405162838353437,0
2026-09-17 08:00:00,0,0.9407745963984272,0.02131593665471241,0
2026-09-17 12:00:00,0,0.1189859031701725,0.02119096393840911,0
2026-09-17 16:00:00,0,-0.10837559784913131,0.021491207206572813,0
2026-09-18 00:00:00,0,0.8757159324840632,0.023257509000387876,0
2026-09-18 04:00:00,0,0.5028989036442074,0.023372337716004346,0
2026-09-18 08:00:00,0,-0.7154787901552392,0.023453956217849136,0
2026-09-18 12:00:00,0,-0.2870222424533888,0.02365890399087322,0
2026-09-18 16:00:00,0,1.3765645245487204,0.023411772148095998,0
2026-09-21 00:00:00,0,-0.026018781027681737,0.022428857018738035,0
2026-09-21 04:00:00,0,0.8677765761039676,0.023471676762092143,0
2026-09-21 08:00:00,0,-0.06508598520548788,0.023593483207931146,0
2026-09-21 12:00:00,0,2.8672300322873303,0.02475116266001812,0
2026-09-21 16:00:00,0,0.5385388622969679,0.021737460419592847,0
2026-09-22 00:00:00,0,-0.48718994723814535,0.022151275739935573,0
2026-09-22 04:00:00,0,-0.1698028101363167,0.02285602055841885,0
2026-09-22 08:00:00,0,-0.1741639056057542,0.02283925825044223,0
2026-09-22 12:00:00,0,1.113485053037079,0.023524489000341695,0
2026-09-22 16:00:00,0,0.349176673701624,0.022896272431686546,0
2026-09-23 00:00:00,0,0.06517303505161468,0.024258930873692026,0
2026-09-23 04:00:00,0,-0.12309259012633833,0.025255020757705315,0
2026-09-23 08:00:00,0,-0.3143540316002268,0.02603716998374961,0
2026-09-23 12:00:00,0,-1.8576449450464056,0.026325132377782563,0
2026-09-23 16:00:00,0,0.5277165107114147,0.023663352804612108,0
2026-09-24 00:00:00,0,-0.24876550581364376,0.024626165804522055,0
2026-09-24 04:00:00,0,-1.6180304708066744,0.025177103769945357,0
2026-09-24 08:00:00,0,0.3196915410095315,0.023361038045004112,0
2026-09-24 12:00:00,0,1.8268923635204408,0.02356023464837406,0
2026-09-24 16:00:00,0,-0.3275973005796132,0.022238499829703984,0
2026-09-25 00:00:00,0,0.46464511971574457,0.02288115107301397,0
2026-09-25 04:00:00,0,0.989180555845414,0.02336628310233669,0
2026-09-25 08:00:00,0,-0.40667214761532383,0.023412425348758793,0
2026-09-25 12:00:00,0,0.0,0.023811010253717818,0
2026-09-25 16:00:00,0,0.2377162035161075,0.02282651280256142,0
