entry_time,exit_time,dir,entry,exit,lots,pnl,risk_usd,reason,leg,R
2019-01-02 01:15:00,2019-01-02 09:10:00,1,1281.6200000000001,1286.26,0.62,283.33999999999213,495.9402829874593,TIME,drift,0.5713187851835719
2019-01-02 01:07:00,2019-01-02 23:50:00,1,1281.64,1284.65,0.22,64.6799999999998,243.49705501651252,TIME,season,0.26562949599375474
2019-01-02 07:30:00,2019-01-03 08:34:00,1,1284.94,1291.44,0.67,271.0552,494.4599999999964,TIME,nr7,0.5481842818428224
2019-01-02 10:15:00,2019-01-03 11:19:00,1,1285.78,1287.52,0.45,-32.14799999999961,498.0621579883211,TIME,lw,-0.06454616052310773
2019-01-03 01:07:00,2019-01-03 23:47:00,1,1288.45,1294.02,0.22,120.9999999999986,241.9601225153331,TIME,season,0.5000824050761951
2019-01-03 10:30:00,2019-01-04 11:31:00,1,1289.81,1290.14,0.45,-24.065999999993046,494.9184324177268,TIME,lw,-0.048626194588122715
2019-01-02 12:00:00,2019-01-04 16:46:00,1,1287.25,1278.167805534837,0.55,-678.2266955839627,500.6206955839686,SL,trendH4,-1.3547715896819221
2019-01-02 08:00:00,2019-01-04 16:49:00,1,1286.44,1277.3119005629865,0.54,-668.3741695987338,493.9973695987417,SL,trendH4,-1.352991353256866
2019-01-02 01:10:00,2019-01-04 23:59:00,1,1281.96,1284.62,0.22,-12.962400000003207,485.4541100330251,EOD,tom,-0.026701596983330484
2019-01-07 15:15:00,2019-01-07 23:48:00,1,1293.18,1288.56,0.42,-196.98000000000496,495.1529289456952,TIME,tday900,-0.3978164895831775
2019-01-07 01:07:00,2019-01-07 23:50:00,1,1285.77,1288.53,0.21,56.48999999999981,247.5764644728476,TIME,season,0.22817193112552597
2019-01-07 15:30:00,2019-01-08 06:04:00,1,1294.21,1282.4406445489121,0.42,-530.634528945692,495.1529289456952,SL,lw,-1.071657861492501
2019-01-08 01:15:00,2019-01-08 09:10:00,1,1289.51,1282.93,0.5700000000000001,-379.0499999999959,492.89855803757456,TIME,drift,-0.7690223349590328
2019-01-08 01:07:00,2019-01-08 23:47:00,1,1289.47,1285.07,0.2,-89.40000000000182,236.74517266306236,TIME,season,-0.3776212160711578
2019-01-09 01:15:00,2019-01-09 09:10:00,1,1285.11,1282.28,0.59,-171.09999999999567,490.1432244407765,TIME,drift,-0.3490816387295985
2019-01-09 18:15:00,2019-01-09 23:45:00,1,1289.75,1293.08,0.41000000000000003,133.659999999997,482.5242036764728,TIME,tday,0.2770016487911031
2019-01-09 01:07:00,2019-01-09 23:52:00,1,1285.2,1292.89,0.2,152.40000000000109,235.37766032998672,TIME,season,0.6474701115914931
2019-01-10 01:15:00,2019-01-10 09:15:00,1,1293.1100000000001,1295.68,0.53,132.49999999999662,488.14410050639503,TIME,drift,0.27143624159862356
2019-01-09 16:45:00,2019-01-10 17:56:00,1,1289.32,1289.79,0.41000000000000003,-81.36039999999889,482.5242036764728,TIME,lw,-0.16861413247272078
2019-01-10 01:05:00,2019-01-10 23:50:00,1,1293.27,1286.21,0.41000000000000003,-292.32999999999777,488.5603319852962,TIME,strong_close,-0.5983498472176324
2019-01-10 01:07:00,2019-01-10 23:52:00,1,1293.21,1286.22,0.2,-141.2000000000002,238.32211316355912,TIME,season,-0.5924754447905362
2019-01-11 01:15:00,2019-01-11 09:10:00,1,1287.91,1293.6,0.6,337.19999999998964,486.1056623898014,TIME,drift,0.6936763467066829
2019-01-11 01:05:00,2019-01-11 23:00:00,1,1287.05,1288.31,0.27,32.129999999999754,478.92033064504983,TIME,friday,0.06708840269262403
2019-01-11 01:07:00,2019-01-11 23:47:00,1,1287.35,1287.72,0.2,6.000000000002364,236.97053365187645,TIME,season,0.025319603697296453
2019-01-11 23:05:00,2019-01-11 23:55:00,1,1288.49,1287.57,1.43,-141.5700000000104,490.16189982937635,TIME,fri_close,-0.28882293799108094
2019-01-11 10:15:00,2019-01-11 23:59:00,1,1295.25,1287.39,0.41000000000000003,-325.1299999999959,485.78959398634674,EOD,lw,-0.669281524398264
2019-01-14 15:15:00,2019-01-14 23:45:00,1,1295.05,1291.83,0.42,-138.18000000000114,488.34254062115855,TIME,tday900,-0.2829571223187722
2019-01-14 01:07:00,2019-01-14 23:47:00,1,1288.28,1291.72,0.21,70.77000000000115,244.17127031057927,TIME,season,0.28983753866695133
2019-01-15 01:15:00,2019-01-15 09:10:00,1,1292.62,1290.26,0.59,-143.36999999999406,485.0914737408419,TIME,drift,-0.2955525045500777
2019-01-14 10:15:00,2019-01-15 11:16:00,1,1293.29,1288.39,0.42,-242.12159999999423,488.34254062115855,TIME,lw,-0.4958028020496066
2019-01-14 13:00:00,2019-01-15 14:01:00,1,1295.31,1291.12,0.55,-278.014000000003,481.800000000003,TIME,inside,-0.5770319634703223
2019-01-15 01:07:00,2019-01-15 23:47:00,1,1292.66,1289.23,0.21,-73.50000000000134,239.67546528839497,TIME,season,-0.30666468055693885
2019-01-16 01:15:00,2019-01-16 09:10:00,1,1289.45,1291.83,0.5700000000000001,131.66999999999325,479.64029528476175,TIME,drift,0.2745182197876452
2019-01-16 18:15:00,2019-01-16 23:45:00,1,1294.6200000000001,1293.38,0.43,-56.33000000000039,480.4037588306559,TIME,tday,-0.11725553550436921
2019-01-16 01:07:00,2019-01-16 23:47:00,1,1289.98,1293.53,0.21,73.07999999999905,234.61578919636682,TIME,season,0.311487987446715
2019-01-17 01:15:00,2019-01-17 09:10:00,1,1293.88,1291.97,0.7000000000000001,-138.60000000000576,484.97624265675097,TIME,drift,-0.28578719493709703
2019-01-16 17:00:00,2019-01-17 18:01:00,1,1292.67,1290.65,0.43,-192.3991999999992,480.4037588306559,TIME,lw,-0.4004947847791937
2019-01-17 01:07:00,2019-01-17 23:47:00,1,1293.87,1291.74,0.22,-48.3999999999974,239.53025751755433,TIME,season,-0.2020621549093869
2019-01-18 01:15:00,2019-01-18 09:10:00,1,1292.28,1291.86,0.67,-32.83000000000488,480.8974430762212,TIME,drift,-0.06826819412887042
2019-01-18 01:07:00,2019-01-18 15:13:00,1,1292.6000000000001,1282.0349566632203,0.22,-233.97095340915578,232.8709534091575,SL,season,-1.0047236462250644
2019-01-18 01:05:00,2019-01-18 23:00:00,1,1292.48,1280.68,0.3,-356.09999999999866,475.2769501550948,TIME,friday,-0.7492473596369322
2019-01-18 23:05:00,2019-01-18 23:55:00,1,1281.1,1281.31,1.33,18.620000000004836,478.11217553151636,TIME,fri_close,0.03894483544432856
2019-01-21 01:07:00,2019-01-22 04:47:00,1,1283.0900000000001,1278.13,0.22,-128.1456000000008,234.95302816564643,TIME,season,-0.5454094420509263
2019-01-22 01:15:00,2019-01-22 09:10:00,1,1280.16,1279.0,0.73,-89.79000000000597,478.31468865571395,TIME,drift,-0.18772160280579614
2019-01-22 01:07:00,2019-01-22 23:47:00,1,1280.38,1285.01,0.23,104.87999999999728,239.34108903093602,TIME,season,0.43820307003968306
2019-01-23 01:15:00,2019-01-23 09:10:00,1,1284.98,1283.83,0.68,-82.96000000000619,476.5176489378318,TIME,drift,-0.17409638485568338
2019-01-22 10:15:00,2019-01-23 11:16:00,1,1283.52,1285.32,0.46,43.01919999999791,478.68217806187204,TIME,lw,0.08987006822392594
2019-01-23 01:05:00,2019-01-23 23:45:00,1,1285.13,1282.34,0.46,-131.56000000000878,471.20345105745247,TIME,strong_close,-0.2791999924974405
2019-01-23 01:07:00,2019-01-23 23:47:00,1,1285.13,1282.38,0.23,-64.86000000000001,235.60172552872623,TIME,season,-0.27529509749745795
2019-01-24 01:15:00,2019-01-24 09:10:00,1,1283.18,1280.97,0.6900000000000001,-157.32000000000252,474.8970770639108,TIME,drift,-0.3312717799247071
2019-01-24 01:07:00,2019-01-24 23:47:00,1,1282.96,1280.79,0.23,-51.52000000000167,231.78445941953134,TIME,season,-0.22227547148340152
2019-01-25 01:15:00,2019-01-25 09:10:00,1,1281.31,1284.2,0.68,191.76000000000684,477.6929883122055,TIME,drift,0.4014293797309798
2019-01-25 01:05:00,2019-01-25 23:00:00,1,1280.96,1299.59,0.32,593.9199999999962,475.9266542788432,TIME,friday,1.2479233820176443
2019-01-25 15:15:00,2019-01-25 23:45:00,1,1284.41,1302.97,0.48,887.5199999999973,477.04665427884316,TIME,tday900,1.8604469647558295
2019-01-25 18:15:00,2019-01-25 23:45:00,1,1298.79,1302.97,0.48,197.280000000003,477.04665427884316,TIME,tday,0.41354445782296373
2019-01-25 01:07:00,2019-01-25 23:47:00,1,1280.93,1303.07,0.24,529.679999999997,238.52332713942158,TIME,season,2.2206633051466222
2019-01-25 23:05:00,2019-01-25 23:55:00,1,1302.99,1302.86,1.0,-20.000000000010914,480.9746012183788,TIME,fri_close,-0.041582237293503646
2019-01-25 10:15:00,2019-01-25 23:59:00,1,1284.77,1303.04,0.48,873.5999999999991,477.04665427884316,EOD,lw,1.8312674288023887
2019-01-28 01:05:00,2019-01-28 23:45:00,1,1302.66,1303.52,0.45,35.5499999999955,493.1040070730997,TIME,strong_close,0.07209432389529422
2019-01-28 01:07:00,2019-01-28 23:47:00,1,1302.48,1303.52,0.22,21.3399999999992,241.0730701246265,TIME,season,0.08852087870688814
2019-01-29 01:15:00,2019-01-29 09:10:00,1,1303.68,1305.45,0.65,110.49999999999883,491.7593080905883,TIME,drift,0.22470342336589455
2019-01-29 01:05:00,2019-01-29 23:45:00,1,1303.3899999999999,1311.76,0.46,381.80000000000547,490.4660257614502,TIME,strong_close,0.7784433170620934
2019-01-29 15:15:00,2019-01-29 23:45:00,1,1310.88,1311.76,0.46,37.25999999999456,490.4660257614502,TIME,tday900,0.07596856467713188
2019-01-29 01:07:00,2019-01-29 23:47:00,1,1303.41,1311.75,0.23,190.2099999999981,245.2330128807251,TIME,season,0.7756296665184766
2019-01-29 08:15:00,2019-01-30 09:16:00,1,1305.48,1314.14,0.64,498.8928000000052,493.43999999999187,TIME,nr7,1.0110505836576147
2019-01-29 10:15:00,2019-01-30 11:16:00,1,1308.25,1313.99,0.46,224.2592000000004,490.4660257614502,TIME,lw,0.4572369710049482
2019-01-30 01:05:00,2019-01-30 23:45:00,1,1311.78,1319.79,0.46,365.23999999999955,488.0927382070613,TIME,strong_close,0.7483004179526546
2019-01-30 01:07:00,2019-01-30 23:47:00,1,1311.75,1319.64,0.19,148.5800000000019,201.60352230291662,TIME,season,0.7369910917367557
2019-01-31 01:15:00,2019-01-31 09:10:00,1,1320.49,1319.96,0.47000000000000003,-28.199999999998717,498.140543610052,TIME,drift,-0.05661052962208569
2019-01-31 01:07:00,2019-01-31 23:47:00,1,1320.27,1320.71,0.23,8.510000000001256,250.23877131042127,TIME,season,0.03400751991962348
2019-02-01 01:15:00,2019-02-01 09:10:00,1,1320.78,1318.23,0.45,-117.89999999999796,409.308399201579,TIME,drift,-0.28804686204822727
2019-01-31 16:00:00,2019-02-01 09:20:00,1,1325.51,1316.9390200358075,0.58,-547.2752379231636,498.2768379231618,SL,trendH4,-1.0983356966866633
2019-02-01 01:05:00,2019-02-01 23:00:00,1,1321.23,1317.81,0.31,-108.19000000000224,498.0901933451852,TIME,friday,-0.21720965689646632
2019-02-01 23:05:00,2019-02-01 23:55:00,1,1317.98,1317.82,1.19,-27.37000000000974,496.1760319141463,TIME,fri_close,-0.055161874495271046
2019-01-29 12:00:00,2019-02-01 23:59:00,1,1308.52,1317.52,0.62,307.27199999999993,492.9526792290143,EOD,trendH4,0.6233296073784976
2019-02-01 01:10:00,2019-02-01 23:59:00,1,1321.14,1317.52,0.23,-84.87000000000272,492.19771814792523,EOD,tom,-0.1724307059353247
2019-02-04 10:15:00,2019-02-05 11:16:00,-1,1313.42,1312.29,0.47000000000000003,65.99270000000513,493.5817636465566,TIME,lw,0.133701657679681
2019-02-06 01:15:00,2019-02-06 09:10:00,1,1314.8799999999999,1313.66,0.72,-92.87999999998559,499.6886324198374,TIME,drift,-0.1858757513657985
2019-02-05 15:45:00,2019-02-06 16:46:00,1,1316.69,1312.95,0.47000000000000003,-216.42560000000046,493.54235195751716,TIME,lw,-0.43851474780553346
2019-02-07 01:15:00,2019-02-07 09:10:00,1,1307.75,1304.55,0.71,-232.17000000000323,496.03519994891633,TIME,drift,-0.468051460912276
2019-02-07 18:15:00,2019-02-07 23:45:00,1,1310.6000000000001,1309.83,0.48,-40.32000000001004,489.3483151410521,TIME,tday,-0.08239529748536685
2019-02-08 01:15:00,2019-02-08 09:10:00,1,1310.68,1308.11,0.67,-176.880000000011,495.26424595097865,TIME,drift,-0.35714267978375047
2019-02-07 15:15:00,2019-02-08 16:16:00,1,1310.35,1313.54,0.48,111.60960000000262,489.3483151410521,TIME,lw,0.2280780306106331
2019-02-08 01:05:00,2019-02-08 23:00:00,1,1310.27,1314.34,0.32,127.99999999999797,484.95486405954864,TIME,friday,0.26394208922560797
2019-02-08 18:15:00,2019-02-08 23:45:00,1,1314.3700000000001,1313.88,0.49,-27.440000000000445,496.2014237274559,TIME,tday,-0.05530012347379351
2019-02-08 23:05:00,2019-02-08 23:55:00,1,1314.49,1314.11,1.56,-70.20000000001703,497.6838944054137,TIME,fri_close,-0.14105338908723467
2019-02-08 15:15:00,2019-02-08 23:59:00,1,1314.15,1314.05,0.49,-8.330000000006685,496.2014237274559,EOD,lw,-0.016787537483129087
2019-02-11 01:05:00,2019-02-11 16:19:00,1,1313.73,1303.7810517369433,0.5,-500.9474131528382,498.447413152837,SL,strong_close,-1.0050155742291607
2019-02-12 01:15:00,2019-02-12 09:10:00,1,1308.14,1312.02,0.7000000000000001,266.6999999999918,491.45270366498903,TIME,drift,0.5426768395230857
2019-02-12 15:15:00,2019-02-12 23:45:00,1,1314.77,1310.76,0.49,-199.91999999999956,492.9621459690811,TIME,tday900,-0.4055483806104225
2019-02-13 01:15:00,2019-02-13 09:10:00,1,1311.6299999999999,1313.09,0.71,98.69000000000257,491.60784018987755,TIME,drift,0.2007494428117435
2019-02-12 10:30:00,2019-02-13 11:31:00,1,1312.6100000000001,1312.4,0.49,-52.66520000000178,492.9621459690811,TIME,lw,-0.10683416653923966
2019-02-13 17:15:00,2019-02-13 21:49:00,1,1316.81,1306.64,0.48,-491.5199999999926,489.1199999999947,SL,inside,-1.004906771344451
2019-02-14 01:15:00,2019-02-14 09:10:00,1,1307.33,1308.24,0.54,45.360000000004426,487.0597792298648,TIME,drift,0.09313025204365533
2019-02-13 11:45:00,2019-02-14 12:46:00,1,1313.47,1305.97,0.49,-487.7656,486.94056411414664,TIME,lw,-1.001694325645994
2019-02-14 18:15:00,2019-02-14 23:45:00,1,1310.74,1312.35,0.48,73.9199999999952,488.22278718254773,TIME,tday,0.15140628815499413
2019-02-15 01:15:00,2019-02-15 09:10:00,1,1312.03,1314.53,0.49,119.07000000000002,487.0197993558813,TIME,drift,0.24448698011349573
2019-02-15 01:05:00,2019-02-15 23:00:00,1,1312.79,1320.93,0.31,250.17000000000314,478.3532661485863,TIME,friday,0.5229816909461537
2019-02-15 15:15:00,2019-02-15 23:45:00,1,1317.64,1321.23,0.47000000000000003,165.43999999999616,484.5935163222271,TIME,tday900,0.34139953265488593
2019-02-15 23:05:00,2019-02-15 23:55:00,1,1321.57,1321.53,1.19,-13.08999999999567,493.48637526219034,TIME,fri_close,-0.026525555022752
2019-02-15 13:15:00,2019-02-15 23:59:00,1,1318.83,1321.01,0.47000000000000003,99.17000000000299,484.5935163222271,EOD,lw,0.2046457425857522
2019-02-18 01:05:00,2019-02-19 04:43:00,1,1321.22,1324.78,0.47000000000000003,126.67439999999743,487.81469372778236,TIME,strong_close,0.2596772947366079
2019-02-18 15:15:00,2019-02-19 04:43:00,1,1325.39,1324.78,0.47000000000000003,-69.31560000000599,487.81469372778236,TIME,tday900,-0.1420941207619435
2019-02-18 18:15:00,2019-02-19 04:43:00,1,1326.36,1324.78,0.47000000000000003,-114.90559999999658,487.81469372778236,TIME,tday,-0.23555174019443934
2019-02-18 14:30:00,2019-02-19 19:28:00,1,1326.06,1338.98,0.47000000000000003,566.5944000000035,487.81469372778236,TIME,lw,1.1614951482297557
2019-02-19 01:05:00,2019-02-19 23:45:00,1,1326.55,1341.03,0.11,158.5100000000002,111.54586808977645,TIME,strong_close,1.4210297764900193
2019-02-19 10:30:00,2019-02-20 11:31:00,1,1328.8600000000001,1344.4,0.61,895.1871999999977,494.71000000001163,TIME,nr7,1.8095191122071044
2019-02-19 11:30:00,2019-02-20 12:31:00,1,1329.7,1345.14,0.48,699.6096000000026,486.74560620993356,TIME,lw,1.4373208326368758
2019-02-20 18:15:00,2019-02-20 23:45:00,1,1345.54,1338.21,0.15,-110.9999999999989,161.64314465913256,TIME,tday,-0.6866978505897782
2019-02-21 01:15:00,2019-02-21 09:10:00,1,1339.8400000000001,1338.16,0.02,-3.5000000000001275,20.851726046183984,TIME,drift,-0.167851811991394
2019-02-19 20:00:00,2019-02-21 11:50:00,1,1340.75,1332.520657242406,0.6,-688.7125654556364,494.96056545563897,SL,trendH4,-1.391449366924086
2019-02-19 12:00:00,2019-02-21 22:53:00,1,1329.25,1323.839857869494,0.64,-554.1978963523887,490.8830321174675,SL,trendH4,-1.1289815701345531
2019-02-18 16:00:00,2019-02-21 23:34:00,1,1327.08,1322.286305217352,0.6,-530.2616869588734,491.2738956529609,SL,trendH4,-1.0793606003715974
2019-02-22 01:15:00,2019-02-22 09:10:00,1,1324.59,1325.97,0.43,56.33000000000469,492.0350341227654,TIME,drift,0.11448371781174843
2019-02-22 01:05:00,2019-02-22 23:00:00,1,1324.53,1328.35,0.29,108.74999999999815,495.67053672163746,TIME,friday,0.21939976646437395
2019-02-22 18:15:00,2019-02-22 23:45:00,1,1330.22,1327.71,0.43,-110.93999999999961,490.97650756391755,TIME,tday,-0.22595785804590038
2019-02-22 23:05:00,2019-02-22 23:55:00,1,1328.32,1327.73,1.07,-70.61999999999125,495.798902376394,TIME,fri_close,-0.14243678164978854
2019-02-22 18:45:00,2019-02-22 23:59:00,1,1331.56,1327.86,0.43,-162.11000000000195,490.97650756391755,EOD,lw,-0.33017873055544866
2019-02-26 01:15:00,2019-02-26 09:10:00,1,1327.57,1327.73,0.5700000000000001,5.1300000000046655,495.5697528943219,TIME,drift,0.010351721367261525
2019-02-26 14:45:00,2019-02-27 15:53:00,-1,1324.23,1326.5500000000002,0.44,-90.0196000000072,490.7216409878134,TIME,lw,-0.18344330569729808
2019-02-27 10:15:00,2019-02-28 11:16:00,-1,1325.79,1324.28,0.45,111.25349999999958,487.6262337303101,TIME,lw,0.22815322947027947
2019-03-01 01:15:00,2019-03-01 09:10:00,1,1314.56,1309.31,0.51,-271.32,496.2338877826267,TIME,drift,-0.5467583062744208
2019-03-01 01:05:00,2019-03-01 20:07:00,1,1314.38,1297.546397363874,0.29,-490.2044764476602,488.7544764476613,SL,friday,-1.0029667247460068
2019-03-01 01:10:00,2019-03-01 21:22:00,1,1314.54,1292.1118631518316,0.22,-494.95901065970435,493.8590106597034,SL,tom,-1.002227356343122
2019-03-01 23:05:00,2019-03-01 23:55:00,1,1291.61,1293.49,0.63,114.03000000000688,485.66646290059725,TIME,fri_close,0.2347907642602568
2019-03-05 01:15:00,2019-03-05 09:10:00,1,1287.25,1286.54,0.45,-35.100000000001636,481.1746477048386,TIME,drift,-0.07294648661858141
2019-03-06 01:15:00,2019-03-06 09:10:00,1,1287.71,1290.68,0.55,159.5000000000015,490.4329867571439,TIME,drift,0.325222822091663
2019-03-07 01:15:00,2019-03-07 09:10:00,1,1287.28,1284.23,0.61,-190.31999999999724,488.9682659200858,TIME,drift,-0.3892277132583939
2019-03-08 01:15:00,2019-03-08 09:10:00,1,1286.06,1292.38,0.5700000000000001,356.2500000000093,483.8221536469145,TIME,drift,0.7363242822072069
2019-03-08 01:05:00,2019-03-08 23:00:00,1,1285.97,1300.01,0.28,391.15999999999906,483.0573531119974,TIME,friday,0.8097589188530749
2019-03-08 23:05:00,2019-03-08 23:55:00,1,1300.29,1298.31,1.1500000000000001,-235.7500000000021,490.9080640976645,TIME,fri_close,-0.4802324859611604
2019-03-08 10:15:00,2019-03-08 23:59:00,1,1293.45,1298.29,0.42,200.33999999999656,484.0373531119973,EOD,lw,0.41389367723784243
2019-03-11 01:05:00,2019-03-11 23:45:00,1,1297.98,1293.33,0.41000000000000003,-193.52000000000373,484.3888932120656,TIME,strong_close,-0.399513702134538
2019-03-12 01:15:00,2019-03-12 09:10:00,1,1293.69,1296.34,0.64,165.11999999999128,491.3168335330732,TIME,drift,0.3360764149125702
2019-03-13 01:15:00,2019-03-13 09:10:00,1,1301.22,1304.34,0.63,192.14999999999313,488.57753596951176,TIME,drift,0.3932845574217798
2019-03-12 13:15:00,2019-03-13 14:16:00,1,1297.66,1308.6,0.42,423.15839999999275,486.8901667139156,TIME,lw,0.8691044283271179
2019-03-13 01:05:00,2019-03-13 23:45:00,1,1301.06,1309.34,0.42,344.81999999999886,482.5322976629215,TIME,strong_close,0.7146050153950043
2019-03-13 18:15:00,2019-03-13 23:45:00,1,1307.69,1309.34,0.43,67.93999999999413,494.0211618929911,TIME,tday,0.13752447312107346
2019-03-14 01:15:00,2019-03-14 09:10:00,1,1309.29,1303.62,0.67,-384.5800000000049,494.5503903814001,TIME,drift,-0.7776356211212664
2019-03-13 11:30:00,2019-03-14 12:31:00,1,1306.29,1300.17,0.43,-368.6991999999953,494.0211618929911,TIME,lw,-0.7463226850186196
2019-03-15 01:15:00,2019-03-15 09:10:00,1,1296.62,1299.83,0.62,194.68000000000225,489.1683080940826,TIME,drift,0.3979816287741991
2019-03-15 01:05:00,2019-03-15 23:00:00,1,1296.79,1301.86,0.27,134.9999999999983,479.8577868505672,TIME,friday,0.2813333527127668
2019-03-15 23:05:00,2019-03-15 23:55:00,1,1302.29,1302.06,1.48,-44.40000000000269,494.1134473781496,TIME,fri_close,-0.08985790659128319
2019-03-15 10:45:00,2019-03-15 23:59:00,1,1303.21,1302.07,0.41000000000000003,-49.610000000004106,486.7386237252656,EOD,lw,-0.10192328609616552
2019-03-19 01:15:00,2019-03-19 09:10:00,1,1303.84,1306.16,0.65,146.25000000001063,489.07993763209714,TIME,drift,0.29903087153418456
2019-03-19 15:15:00,2019-03-19 23:45:00,1,1308.75,1306.5,0.42,-97.44,490.31847078172365,TIME,tday900,-0.19872798151913312
2019-03-19 05:30:00,2019-03-20 06:31:00,1,1307.44,1304.81,0.54,-188.7192000000059,492.4799999999976,TIME,nr7,-0.3832017543859788
2019-03-20 01:15:00,2019-03-20 09:10:00,1,1306.58,1306.45,0.6900000000000001,-13.799999999991844,494.17890080488814,TIME,drift,-0.02792510966679325
2019-03-19 13:15:00,2019-03-20 14:16:00,1,1307.02,1304.36,0.42,-148.04160000000343,490.31847078172365,TIME,lw,-0.30192947812873133
2019-03-21 01:15:00,2019-03-21 09:10:00,1,1313.97,1318.03,0.4,159.59999999999783,490.6077367826539,TIME,drift,0.32531080950054986
2019-03-20 16:30:00,2019-03-21 17:31:00,1,1309.23,1312.3,0.43,26.47079999999727,492.6118115084753,TIME,lw,0.053735617745214875
2019-03-21 19:30:00,2019-03-22 20:31:00,-1,1304.14,1312.88,0.41000000000000003,-347.10190000000046,489.8303746412255,TIME,lw,-0.7086165292510371
2019-03-22 23:05:00,2019-03-22 23:55:00,1,1313.4,1312.97,1.16,-58.000000000007375,491.5363931057343,TIME,fri_close,-0.11799736665181372
2019-03-25 15:15:00,2019-03-25 23:45:00,1,1318.72,1321.94,0.41000000000000003,129.15000000000114,492.9448638488121,TIME,tday900,0.26199684685144
2019-03-25 18:15:00,2019-03-25 23:45:00,1,1321.44,1321.94,0.41000000000000003,17.63,492.9448638488121,TIME,tday,0.03576464893527561
2019-03-25 04:15:00,2019-03-26 05:16:00,1,1315.37,1320.88,0.58,269.42160000001263,488.94000000000733,TIME,inside,0.5510320284697685
2019-03-26 01:15:00,2019-03-26 09:10:00,1,1321.69,1318.56,0.5700000000000001,-182.40000000000626,491.08758531005276,TIME,drift,-0.3714205071684846
2019-03-25 10:15:00,2019-03-26 11:16:00,1,1317.07,1317.47,0.41000000000000003,-19.056799999996272,492.9448638488121,TIME,lw,-0.038659090290960124
2019-03-26 01:05:00,2019-03-26 23:45:00,1,1321.9,1315.4,0.4,-262.8,485.39883136129305,TIME,strong_close,-0.5414104505834547
2019-03-27 01:15:00,2019-03-27 09:10:00,1,1315.92,1315.86,0.54,-7.0200000000093326,488.9821367421321,TIME,drift,-0.014356352661020364
2019-03-27 17:30:00,2019-03-28 18:31:00,-1,1311.1200000000001,1293.26,0.41000000000000003,771.7143000000053,493.12638770637346,TIME,lw,1.5649422120552061
2019-03-28 14:45:00,2019-03-29 15:46:00,-1,1304.55,1297.47,0.41000000000000003,301.518099999997,490.73236001306145,TIME,lw,0.6144247344763889
2019-03-29 23:05:00,2019-03-29 23:55:00,1,1292.3,1292.2,1.07,-18.18999999999027,495.159387710548,TIME,fri_close,-0.0367356460393385
2019-04-03 01:15:00,2019-04-03 09:10:00,1,1292.6299999999999,1292.88,0.6,10.80000000001364,494.24532360184946,TIME,drift,0.021851496583332016
2019-04-03 01:05:00,2019-04-03 23:45:00,1,1292.46,1289.8,0.4,-109.20000000000327,493.6926380860877,TIME,strong_close,-0.22119025396720926
2019-04-01 01:10:00,2019-04-04 03:13:00,1,1292.96,1292.3,0.19,-89.37600000000155,486.68981782029346,TIME,tom,-0.1836405791275522
2019-04-04 01:15:00,2019-04-04 09:10:00,1,1290.81,1292.27,0.72,100.0800000000026,495.3707875010567,TIME,drift,0.20203048408418534
2019-04-05 01:15:00,2019-04-05 09:10:00,1,1292.85,1287.42,0.55,-302.499999999991,493.95730066698115,TIME,drift,-0.6124011115769137
2019-04-04 10:15:00,2019-04-05 11:16:00,1,1292.55,1289.93,0.41000000000000003,-142.87679999999554,488.2224573212229,TIME,lw,-0.29264692325693376
2019-04-05 01:05:00,2019-04-05 23:00:00,1,1293.03,1291.79,0.27,-35.370000000000246,486.21863027809036,TIME,friday,-0.0727450529400129
2019-04-05 23:05:00,2019-04-05 23:55:00,1,1291.89,1291.55,1.33,-54.530000000019356,494.21153704092063,TIME,fri_close,-0.11033736752993745
2019-04-09 01:15:00,2019-04-09 09:10:00,1,1298.3799999999999,1298.15,0.71,-21.299999999985147,489.44015922072276,TIME,drift,-0.04351910973937774
2019-04-08 10:15:00,2019-04-09 11:16:00,1,1297.48,1301.02,0.41000000000000003,109.6831999999985,485.2159963637075,TIME,lw,0.2260502556015946
2019-04-10 01:15:00,2019-04-10 09:10:00,1,1304.46,1302.88,0.6900000000000001,-113.84999999999499,495.1367542948719,TIME,drift,-0.22993647515044538
2019-04-09 13:15:00,2019-04-10 14:16:00,1,1302.76,1303.08,0.41000000000000003,-22.33680000000261,486.75485376630036,TIME,lw,-0.045889218827855606
2019-04-10 18:15:00,2019-04-10 23:45:00,1,1308.16,1307.94,0.42,-12.180000000001145,491.99071455818785,TIME,tday,-0.02475656478789218
2019-04-11 01:15:00,2019-04-11 09:10:00,1,1308.6,1308.04,0.63,-39.68999999999656,493.0752499598972,TIME,drift,-0.08049481291795649
2019-04-11 11:30:00,2019-04-12 12:31:00,-1,1303.69,1295.19,0.42,368.5122,486.0685206611747,TIME,lw,0.7581486649222444
2019-04-12 23:05:00,2019-04-12 23:55:00,1,1290.82,1290.54,1.48,-51.79999999999596,494.2266396151508,TIME,fri_close,-0.10481021427807309
2019-04-15 10:15:00,2019-04-16 11:16:00,-1,1287.23,1285.26,0.42,94.25220000000115,491.16153057009495,TIME,lw,0.19189654346626436
2019-04-16 18:15:00,2019-04-16 23:45:00,-1,1276.0,1277.09,0.43,-49.87999999999648,496.0854346746314,TIME,tday,-0.10054719714299086
2019-04-16 12:15:00,2019-04-17 13:16:00,-1,1283.27,1276.15,0.43,317.9462999999953,496.0854346746314,TIME,lw,0.6409103710301984
2019-04-18 01:15:00,2019-04-18 09:10:00,1,1274.59,1272.01,0.73,-193.4499999999947,498.58538897037386,TIME,drift,-0.38799773174157254
2019-04-18 12:15:00,2019-04-22 13:16:00,1,1277.76,1278.74,0.43,4.953600000000783,493.78065540822814,TIME,lw,0.010031984740077443
2019-04-23 01:15:00,2019-04-23 09:10:00,1,1275.5,1272.21,0.79,-265.4399999999971,497.41665682567304,TIME,drift,-0.5336371357041717
2019-04-22 11:00:00,2019-04-23 12:02:00,1,1278.81,1273.19,0.44,-285.3311999999952,489.88507457393104,TIME,lw,-0.5824451791027865
2019-04-23 18:15:00,2019-04-23 23:45:00,-1,1268.66,1272.28,0.45,-166.0499999999951,484.7103386781651,TIME,tday,-0.34257573389670964
2019-04-23 14:15:00,2019-04-24 15:16:00,-1,1272.1000000000001,1273.53,0.45,-52.01549999999264,484.7103386781651,TIME,lw,-0.10731254493527435
2019-04-25 01:15:00,2019-04-25 09:10:00,1,1275.25,1276.22,0.59,53.1000000000016,486.10570649290014,TIME,drift,0.10923550020241772
2019-04-24 18:45:00,2019-04-25 19:46:00,1,1278.57,1276.9,0.46,-189.7223999999929,493.86727385641717,TIME,lw,-0.38415665512420893
2019-04-26 01:15:00,2019-04-26 09:10:00,1,1277.8899999999999,1280.33,0.63,149.31000000000344,492.7626952710049,TIME,drift,0.3030058919494451
2019-04-25 16:45:00,2019-04-26 17:46:00,1,1282.68,1287.37,0.46,175.95919999999205,491.0538971523873,TIME,lw,0.35832970885757404
2019-04-26 01:05:00,2019-04-26 23:00:00,1,1277.62,1285.4,0.31,239.01000000000622,490.63955097611523,TIME,friday,0.4871396925186764
2019-04-26 23:05:00,2019-04-26 23:55:00,1,1285.99,1286.02,1.3900000000000001,-5.560000000003792,495.48941890220885,TIME,fri_close,-0.01122122852254314
2019-04-26 10:15:00,2019-04-26 23:59:00,1,1282.45,1285.8,0.46,150.87999999999582,486.43719021293117,EOD,lw,0.31017365249961704
2019-04-29 01:05:00,2019-04-29 23:45:00,1,1286.3,1279.55,0.45,-306.9,489.6365780660943,TIME,strong_close,-0.6267914076439213
2019-04-30 01:15:00,2019-04-30 09:10:00,1,1280.4399999999998,1282.9,0.75,179.25000000001978,491.8031475148624,TIME,drift,0.3644750972127579
2019-05-01 01:15:00,2019-05-01 09:10:00,1,1283.47,1279.97,0.6900000000000001,-246.33,490.8856335389055,TIME,drift,-0.5018073114589876
2019-04-30 10:45:00,2019-05-01 11:46:00,1,1283.97,1280.65,0.46,-192.50079999999707,495.02757727543576,TIME,lw,-0.3888688405189368
2019-05-02 01:15:00,2019-05-02 09:10:00,1,1277.78,1272.14,0.44,-251.2399999999944,483.5748763633382,TIME,drift,-0.5195472558239834
2019-05-03 01:15:00,2019-05-03 09:10:00,1,1270.94,1272.19,0.59,69.62,486.5381064080473,TIME,drift,0.14309259456362386
2019-05-03 01:05:00,2019-05-03 23:00:00,1,1270.85,1278.14,0.3,216.6000000000057,485.96409975389855,TIME,friday,0.44571193656012054
2019-05-03 23:05:00,2019-05-03 23:55:00,1,1278.6399999999999,1279.06,1.02,35.70000000000742,491.16418017720406,TIME,fri_close,0.0726844534695658
2019-05-01 01:10:00,2019-05-03 23:59:00,1,1283.55,1278.97,0.23,-180.07159999999834,479.90846461290516,EOD,tom,-0.37522072077900176
2019-05-03 16:00:00,2019-05-03 23:59:00,1,1276.1299999999999,1278.97,0.45,124.65000000000654,487.01409975389856,EOD,lw,0.25594741520419134
2019-05-07 01:15:00,2019-05-07 09:10:00,1,1281.74,1282.94,0.65,73.45000000000296,488.5324523794844,TIME,drift,0.1503482514667176
2019-05-08 01:15:00,2019-05-08 09:10:00,1,1284.3799999999999,1287.76,0.71,235.01000000000772,487.46530251410707,TIME,drift,0.48210610845108637
2019-05-07 19:15:00,2019-05-08 20:16:00,1,1285.03,1280.57,0.45,-239.6160000000017,491.60858601229023,TIME,lw,-0.4874121543394103
2019-05-09 01:15:00,2019-05-09 09:10:00,1,1281.43,1282.28,0.66,51.479999999994,490.119324298416,TIME,drift,0.1050356463167114
2019-05-08 12:00:00,2019-05-09 13:01:00,1,1287.3799999999999,1284.32,0.46,-253.6623999999975,492.6937054529355,TIME,lw,-0.5148480631933475
2019-05-10 01:15:00,2019-05-10 09:10:00,1,1284.43,1285.18,0.58,39.43999999999999,491.0334942422036,TIME,drift,0.08032038641450823
2019-05-09 17:00:00,2019-05-10 18:01:00,1,1286.17,1287.38,0.45,15.53400000000164,486.7377603881483,TIME,lw,0.031914515914306864
2019-05-10 01:05:00,2019-05-10 23:00:00,1,1284.69,1285.96,0.3,35.99999999999945,478.7564917889953,TIME,friday,0.07519480282236238
2019-05-10 23:05:00,2019-05-10 23:55:00,1,1285.98,1285.71,1.2,-40.799999999997816,491.1271478835721,TIME,fri_close,-0.08307421036653827
2019-05-13 07:15:00,2019-05-13 15:40:00,-1,1282.89,1289.34,0.76,-495.51999999998617,491.7199999999896,SL,nr7,-1.0077279752704722
2019-05-13 10:15:00,2019-05-13 16:01:00,-1,1282.75,1293.0800545924712,0.47000000000000003,-488.80256584614847,486.4525658461527,SL,lw,-1.0048308923931937
2019-05-14 01:15:00,2019-05-14 09:10:00,1,1300.68,1298.49,0.53,-119.78000000000289,484.0692096266053,TIME,drift,-0.2474439555707275
2019-05-14 01:05:00,2019-05-14 23:45:00,1,1300.83,1296.73,0.44,-183.479999999996,483.6250876352572,TIME,strong_close,-0.37938478522101376
2019-05-15 01:15:00,2019-05-15 09:10:00,1,1297.32,1295.27,0.65,-137.79999999999706,484.5599900529127,TIME,drift,-0.2843817129535388
2019-05-16 01:15:00,2019-05-16 09:10:00,1,1296.87,1296.23,0.65,-46.14999999999172,481.37371661461253,TIME,drift,-0.09587145788630454
2019-05-16 15:45:00,2019-05-17 16:46:00,-1,1290.63,1280.8600000000001,0.45,451.98449999999923,480.7400500308589,TIME,lw,0.9401848253978136
2019-05-17 18:15:00,2019-05-17 23:45:00,-1,1276.3400000000001,1277.88,0.44,-70.8399999999984,482.61858510738335,TIME,tday,-0.14678257776632533
2019-05-17 17:15:00,2019-05-17 23:59:00,-1,1278.57,1277.92,0.44,25.519999999994,482.61858510738335,EOD,lw,0.05287819571705006
2019-05-21 01:15:00,2019-05-21 09:10:00,1,1277.95,1275.31,0.71,-192.4100000000071,481.5894084524553,TIME,drift,-0.39953121190580065
2019-05-21 15:15:00,2019-05-21 23:45:00,-1,1272.1100000000001,1275.05,0.45,-135.44999999999223,485.3420152761657,TIME,tday900,-0.2790815460782217
2019-05-21 14:15:00,2019-05-22 15:16:00,-1,1274.95,1277.28,0.45,-92.51549999999675,485.3420152761657,TIME,lw,-0.19061918623994312
2019-05-21 14:30:00,2019-05-22 15:31:00,-1,1272.78,1276.92,0.78,-301.54020000000776,485.16000000000713,TIME,nr7,-0.6215273311897175
2019-05-23 01:15:00,2019-05-23 09:10:00,1,1273.89,1274.42,0.87,40.01999999999762,484.22858600521243,TIME,drift,0.08264691750264994
2019-05-24 01:15:00,2019-05-24 09:10:00,1,1283.44,1283.37,0.62,-8.68000000001015,481.8401062656272,TIME,drift,-0.018014274625834215
2019-05-23 11:15:00,2019-05-24 12:16:00,1,1275.5,1281.53,0.47000000000000003,242.7643999999987,479.9320835984789,TIME,lw,0.5058307379239526
2019-05-24 01:05:00,2019-05-24 23:00:00,1,1283.74,1284.72,0.3,27.30000000000054,477.16233876156576,TIME,friday,0.05721323286086527
2019-05-24 23:05:00,2019-05-24 23:55:00,1,1285.2,1284.81,1.97,-90.6200000000197,483.96142820841004,TIME,fri_close,-0.187246327327135
2019-05-27 01:05:00,2019-05-28 04:45:00,1,1285.72,1282.91,0.47000000000000003,-172.71559999999744,479.16577616399474,TIME,strong_close,-0.3604506177020569
2019-05-28 01:15:00,2019-05-28 09:10:00,1,1285.63,1283.32,1.1300000000000001,-268.94000000001955,484.90059880549984,TIME,drift,-0.554629135667236
2019-05-27 10:15:00,2019-05-28 15:15:00,1,1286.39,1280.6,0.47000000000000003,-312.775600000009,479.16577616399474,TIME,lw,-0.652750291358374
2019-05-28 15:15:00,2019-05-28 23:45:00,-1,1280.56,1280.18,0.49,15.189999999994207,476.7882513928029,TIME,tday900,0.03185900649946992
2019-05-28 18:15:00,2019-05-28 23:45:00,-1,1278.6200000000001,1280.18,0.49,-79.86999999999733,476.7882513928029,TIME,tday,-0.1675167115940453
2019-05-29 01:15:00,2019-05-29 09:10:00,1,1279.89,1281.69,0.71,122.82999999999676,476.7995492496324,TIME,drift,0.25761349857251664
2019-05-30 01:15:00,2019-05-30 09:10:00,1,1279.83,1276.59,0.56,-185.36000000000053,475.50637509962195,TIME,drift,-0.3898160144775478
2019-05-29 10:15:00,2019-05-30 10:17:00,1,1284.71,1274.9382255566961,0.49,-599.0825477218916,479.79694772188844,SL,lw,-1.248616837948595
2019-05-31 01:15:00,2019-05-31 09:11:00,1,1288.27,1292.3,0.59,233.6399999999984,472.83884562666,TIME,drift,0.49412183910218294
2019-05-31 01:05:00,2019-05-31 23:01:00,1,1288.62,1305.73,0.32,545.2800000000041,473.6758892044935,TIME,friday,1.1511668894858988
2019-05-31 23:05:00,2019-05-31 23:55:00,1,1305.79,1305.2,0.78,-51.479999999993616,478.36622498478295,TIME,fri_close,-0.10761629335689663
2019-05-31 10:15:00,2019-05-31 23:59:00,1,1295.79,1305.37,0.48,456.4799999999965,474.7958892044935,EOD,lw,0.9614236567313488
2019-05-31 20:00:00,2019-05-31 23:59:00,1,1304.77,1305.37,0.6,31.799999999994544,477.96590722566197,EOD,trendH4,0.06653194196334346
2019-06-03 01:05:00,2019-06-03 23:45:00,1,1306.88,1324.92,0.45,808.6499999999985,474.43034997712624,TIME,strong_close,1.7044651549779353
2019-06-03 13:30:00,2019-06-04 14:31:00,1,1317.33,1325.38,0.45,323.3340000000082,474.43034997712624,TIME,lw,0.6815204803309846
2019-06-03 01:10:00,2019-06-06 03:13:00,1,1306.88,1329.44,0.23,425.86799999999886,483.3632466432846,TIME,tom,0.8810516789545721
2019-06-03 04:00:00,2019-06-07 23:59:00,1,1308.78,1340.43,0.6,1608.6720000000055,478.97873127116105,EOD,trendH4,3.3585457870556232
2019-06-03 08:00:00,2019-06-07 23:59:00,1,1312.78,1340.43,0.6,1368.672000000005,481.1597947076026,EOD,trendH4,2.8445269431369207
2019-06-03 12:00:00,2019-06-07 23:59:00,1,1314.42,1340.43,0.58,1227.9295999999995,479.1300781398143,EOD,trendH4,2.5628313813387416
2019-06-10 10:15:00,2019-06-11 11:16:00,-1,1327.8,1323.3700000000001,0.41000000000000003,192.8680999999933,505.6771277715118,TIME,lw,0.38140562308987797
2019-06-11 11:30:00,2019-06-12 08:54:00,-1,1322.46,1334.996903590644,0.4,-490.51214362575956,502.2761436257601,SL,lw,-0.9765786208457359
2019-06-13 01:15:00,2019-06-13 09:10:00,1,1333.32,1336.5,0.58,180.3800000000037,510.49854337074004,TIME,drift,0.3533408710806175
2019-06-12 10:15:00,2019-06-13 11:16:00,1,1335.41,1337.75,0.41000000000000003,-4.690400000003365,507.491400986661,TIME,lw,-0.009242324088416718
2019-06-13 18:15:00,2019-06-13 23:45:00,1,1338.3899999999999,1341.99,0.41000000000000003,144.73000000000562,507.8784437733275,TIME,tday,0.28496976348261877
2019-06-14 01:15:00,2019-06-14 09:10:00,1,1344.07,1346.78,0.56,147.84000000000205,505.23510951164434,TIME,drift,0.292616243837256
2019-06-13 18:30:00,2019-06-14 19:31:00,1,1339.27,1346.96,0.41000000000000003,279.83320000000225,507.8784437733275,TIME,lw,0.5509845976548186
2019-06-14 10:15:00,2019-06-14 20:02:00,1,1356.45,1344.196097963322,0.41000000000000003,-505.2799835037992,503.2299835038042,SL,lw,-1.0040736841348792
2019-06-14 12:00:00,2019-06-14 20:03:00,1,1354.1399999999999,1343.2828830340175,0.47000000000000003,-513.5744974011734,511.22449740117537,SL,trendH4,-1.004596806318837
2019-06-14 01:05:00,2019-06-14 23:00:00,1,1342.58,1340.97,0.27,-45.3599999999973,496.1480324854652,TIME,friday,-0.09142432707586345
2019-06-14 23:05:00,2019-06-14 23:55:00,1,1341.21,1341.02,0.72,-18.720000000003928,506.55605000406325,TIME,fri_close,-0.03695543661921276
2019-06-17 12:30:00,2019-06-18 09:05:00,-1,1333.47,1346.3036233197724,0.39,-489.82140947112424,501.29130947113003,SL,lw,-0.9771192921494954
2019-06-18 15:15:00,2019-06-18 23:45:00,1,1350.35,1346.39,0.4,-161.19999999999237,507.6774375915524,TIME,tday900,-0.31752445167690213
2019-06-18 10:15:00,2019-06-19 11:16:00,1,1346.48,1342.82,0.4,-180.9920000000033,507.6774375915524,TIME,lw,-0.35650983596718133
2019-06-20 01:05:00,2019-06-20 23:45:00,1,1359.67,1387.64,0.37,1032.300000000001,500.66232363009914,TIME,strong_close,2.061868751207826
2019-06-20 10:15:00,2019-06-21 09:39:00,1,1382.8600000000001,1391.4678787717528,0.37,286.4939145548487,500.66232363009914,SL,lw,0.5722298264379027
2019-06-21 01:05:00,2019-06-21 23:01:00,1,1388.47,1398.51,0.16,159.5199999999994,363.225801105388,TIME,friday,0.4391758501586058
2019-06-21 23:05:00,2019-06-21 23:55:00,1,1399.29,1398.83,0.6,-31.800000000002182,512.9013452838615,TIME,fri_close,-0.062000227319354576
2019-06-20 04:00:00,2019-06-21 23:59:00,1,1371.54,1399.27,0.37,994.0124000000006,504.86542458050076,EOD,trendH4,1.9688660613388973
2019-06-20 08:00:00,2019-06-21 23:59:00,1,1378.76,1399.27,0.33,648.2915999999998,504.34760974591103,EOD,trendH4,1.2854063099983906
2019-06-24 15:15:00,2019-06-24 23:45:00,1,1408.79,1418.34,0.32,303.35999999999854,517.5100394638135,TIME,tday900,0.586191526476098
2019-06-24 18:15:00,2019-06-24 23:45:00,1,1410.29,1418.34,0.32,255.35999999999854,517.5100394638135,TIME,tday,0.4934397026665883
2019-06-24 18:30:00,2019-06-25 19:31:00,1,1417.4,1430.29,0.32,384.80639999999596,517.5100394638135,TIME,lw,0.7435728211160688
2019-06-25 08:00:00,2019-06-25 20:20:00,1,1436.21,1416.8687314062054,0.27,-524.104252032456,522.7542520324588,SL,trendH4,-1.0025824754074184
2019-06-25 01:05:00,2019-06-25 20:21:00,1,1419.08,1414.1908799786956,0.31,-153.73272066043265,514.6851471069575,SL,strong_close,-0.29869274744873336
2019-06-25 10:15:00,2019-06-25 20:21:00,1,1431.03,1414.4472533191304,0.2,-333.05493361739207,332.05493361739195,SL,lw,-1.0030115498935859
2019-06-25 04:00:00,2019-06-26 05:54:00,1,1424.82,1406.162348848637,0.28,-546.6286322381605,522.974232238162,SL,trendH4,-1.0452305267484505
2019-06-28 01:05:00,2019-06-28 23:00:00,1,1409.8600000000001,1411.18,0.19,23.749999999998792,496.6309646681156,TIME,friday,0.04782222956208589
2019-06-28 23:05:00,2019-06-28 23:55:00,1,1410.89,1409.91,0.87,-91.35000000000159,515.7809977967106,TIME,fri_close,-0.17711005327886503
2019-06-24 20:00:00,2019-06-28 23:59:00,1,1415.21,1409.25,0.27,-291.567600000001,505.3615025892508,EOD,trendH4,-0.5769485774166343
2019-06-28 03:15:00,2019-06-28 23:59:00,1,1414.5,1409.25,0.32,-170.24,506.24,EOD,nr7,-0.336283185840708
2019-06-28 12:00:00,2019-06-28 23:59:00,1,1415.32,1409.25,0.29,-178.05999999999813,506.02045527632805,EOD,lw,-0.35188300817357865
2019-07-01 01:07:00,2019-07-01 23:47:00,1,1392.6599999999999,1383.67,0.14,-126.83999999999696,245.90675581352644,TIME,season,-0.5158052676526749
2019-07-01 18:00:00,2019-07-02 19:01:00,1,1395.0,1404.11,0.29,239.11079999999714,509.37827989944753,TIME,lw,0.46941695285318835
2019-07-02 15:15:00,2019-07-02 23:45:00,1,1393.39,1419.32,0.28,724.0799999999954,511.88397508226336,TIME,tday900,1.4145393004022653
2019-07-02 18:15:00,2019-07-02 23:45:00,1,1397.13,1419.32,0.28,619.3599999999952,511.88397508226336,TIME,tday,1.209961690831325
2019-07-02 01:07:00,2019-07-02 23:47:00,1,1385.2,1419.23,0.14,475.4399999999996,255.94198754113168,TIME,season,1.8576084548206184
2019-07-02 10:15:00,2019-07-03 11:16:00,1,1392.94,1424.54,0.28,860.5855999999975,511.88397508226336,TIME,lw,1.6812122314665063
2019-07-03 01:05:00,2019-07-03 23:45:00,1,1423.48,1418.76,0.26,-124.54000000000072,511.8293458617477,TIME,strong_close,-0.24332328930909078
2019-07-03 01:07:00,2019-07-03 23:47:00,1,1423.34,1418.95,0.13,-57.97999999999834,255.91467293087385,TIME,season,-0.22655988941931265
2019-07-01 01:10:00,2019-07-04 03:13:00,1,1392.51,1418.89,0.14,312.70400000000154,490.83351162705287,TIME,tom,0.6370877142504515
2019-07-04 01:07:00,2019-07-05 04:47:00,1,1420.45,1418.56,0.13,-35.812400000001304,261.3971962929543,TIME,season,-0.13700376479885984
2019-07-05 01:45:00,2019-07-05 14:54:00,1,1423.08,1410.39,0.41000000000000003,-523.1599999999929,521.1099999999948,SL,nr7,-1.0039339103068414
2019-07-05 01:07:00,2019-07-05 15:32:00,1,1416.4,1396.9266288362178,0.13,-254.06382512916997,253.41382512917193,SL,season,-1.002564974502345
2019-07-05 01:05:00,2019-07-05 16:55:00,1,1416.84,1387.6549432543263,0.18,-526.5910214221246,525.6910214221263,SL,friday,-1.0017120322838378
2019-07-05 23:05:00,2019-07-05 23:55:00,1,1400.56,1398.27,0.5700000000000001,-134.51999999999796,522.6232939351536,TIME,fri_close,-0.25739380842961246
2019-07-08 01:07:00,2019-07-08 23:47:00,1,1399.34,1395.19,0.12,-50.639999999998366,249.34613582500455,TIME,season,-0.2030911761774339
2019-07-09 01:07:00,2019-07-09 23:47:00,1,1395.96,1397.5,0.12,17.639999999999564,245.19855469464702,TIME,season,0.07194169648335479
2019-07-10 01:05:00,2019-07-10 23:45:00,1,1396.98,1417.98,0.26,544.18,519.947568373754,TIME,strong_close,1.0466055292883434
2019-07-10 18:15:00,2019-07-10 23:45:00,1,1406.33,1417.98,0.26,301.08000000000237,519.947568373754,TIME,tday,0.5790583864863408
2019-07-10 01:07:00,2019-07-10 23:47:00,1,1397.07,1418.09,0.13,272.34999999999974,259.973784186877,TIME,season,1.0476056301285606
2019-07-11 01:05:00,2019-07-11 23:45:00,1,1419.69,1403.1,0.25,-416.50000000000364,516.1853289051379,TIME,strong_close,-0.8068807396820572
2019-07-11 01:07:00,2019-07-11 23:47:00,1,1420.18,1403.01,0.12,-206.88000000000085,247.7689578744662,TIME,season,-0.834971425697395
2019-07-12 01:05:00,2019-07-12 23:00:00,1,1404.92,1414.88,0.16,158.24000000000058,504.83949319543706,TIME,friday,0.31344615889379634
2019-07-12 01:07:00,2019-07-12 23:47:00,1,1405.59,1414.56,0.12,106.80000000000031,252.6997465977185,TIME,season,0.42263596001945714
2019-07-12 23:05:00,2019-07-12 23:55:00,1,1414.71,1414.96,0.85,15.3,519.7749646965874,TIME,fri_close,0.029435815572477982
2019-07-15 01:05:00,2019-07-15 23:45:00,1,1416.84,1414.26,0.25,-66.24999999999818,513.8715335967767,TIME,strong_close,-0.12892327297503708
2019-07-15 01:07:00,2019-07-15 23:47:00,1,1417.31,1414.26,0.12,-37.43999999999946,246.65833612645278,TIME,season,-0.15178891006872489
2019-07-15 01:30:00,2019-07-16 02:31:00,1,1418.84,1416.19,0.33,-115.98839999999551,521.7300000000004,TIME,inside,-0.2223149905123252
2019-07-16 01:07:00,2019-07-16 23:47:00,1,1415.54,1405.34,0.13,-133.51000000000062,259.31582622244366,TIME,season,-0.5148548083041967
2019-07-17 18:15:00,2019-07-17 23:45:00,1,1422.1499999999999,1426.03,0.26,99.06000000000284,513.7893915559667,TIME,tday,0.19280273518300603
2019-07-17 01:07:00,2019-07-17 23:47:00,1,1406.83,1426.0,0.13,248.30000000000095,256.8946957779834,TIME,season,0.9665438955368303
2019-07-17 17:30:00,2019-07-18 18:31:00,1,1414.23,1425.2,0.26,221.40560000000076,513.7893915559667,TIME,lw,0.4309267642321167
2019-07-18 01:05:00,2019-07-18 23:45:00,1,1426.66,1444.79,0.25,451.49999999999704,506.45481388925623,TIME,strong_close,0.8914911806894665
2019-07-18 01:07:00,2019-07-18 23:47:00,1,1426.6599999999999,1444.81,0.12,216.9600000000011,243.098310666843,TIME,season,0.8924784355961096
2019-07-19 01:07:00,2019-07-19 17:43:00,1,1449.02,1427.8273926269705,0.12,-255.15128847635316,254.55128847635422,SL,season,-1.0023570888349862
2019-07-19 01:05:00,2019-07-19 23:00:00,1,1448.38,1425.44,0.16,-368.1600000000009,508.5425769527083,TIME,friday,-0.7239511826248478
2019-07-19 23:05:00,2019-07-19 23:55:00,1,1425.08,1424.85,0.49,-14.700000000000891,517.3298625488585,TIME,fri_close,-0.028415139090511268
2019-07-22 01:07:00,2019-07-22 23:47:00,1,1425.8,1424.39,0.11,-16.2799999999984,242.4587753102301,TIME,season,-0.06714543525664461
2019-07-23 01:07:00,2019-07-23 23:47:00,1,1424.84,1417.87,0.12,-84.48000000000033,252.30187628828503,TIME,season,-0.3348369867193213
2019-07-24 15:15:00,2019-07-24 23:45:00,1,1426.68,1424.98,0.25,-44.25000000000114,516.6375582957892,TIME,tday900,-0.08564998670628356
2019-07-24 01:07:00,2019-07-24 23:47:00,1,1417.91,1425.12,0.12,85.6799999999977,247.9860279819788,TIME,season,0.34550333620499013
2019-07-24 12:00:00,2019-07-25 13:01:00,1,1425.44,1426.2,0.25,-42.36000000000023,516.6375582957892,TIME,lw,-0.08199171608764062
2019-07-25 14:45:00,2019-07-25 16:35:00,1,1430.03,1416.49,0.38,-517.1799999999986,515.2800000000003,SL,inside,-1.003687315634215
2019-07-25 15:00:00,2019-07-25 20:01:00,1,1431.74,1411.6248906918706,0.26,-524.8128420113638,523.5128420113623,SL,lw,-1.0024832246617044
2019-07-25 01:07:00,2019-07-25 23:47:00,1,1425.34,1414.17,0.13,-146.119999999998,261.75642100568115,TIME,season,-0.5582289039504654
2019-07-26 01:05:00,2019-07-26 23:00:00,1,1415.22,1416.66,0.17,23.290000000000926,517.7406239746335,TIME,friday,0.04498391457329802
2019-07-26 01:07:00,2019-07-26 23:47:00,1,1415.75,1417.97,0.12,25.800000000000324,243.92264657629812,TIME,season,0.10577123675119758
2019-07-26 23:05:00,2019-07-26 23:55:00,1,1417.1599999999999,1418.49,0.93,117.18000000001437,517.5549896757394,TIME,fri_close,0.22641072415016314
2019-07-29 01:07:00,2019-07-29 23:47:00,1,1420.44,1426.87,0.13,82.67999999999788,255.941709948776,TIME,season,0.32304230528328265
2019-07-30 01:05:00,2019-07-30 23:45:00,1,1426.22,1430.78,0.27,121.22999999999854,519.4447263297823,TIME,strong_close,0.23338383056955456
2019-07-30 01:07:00,2019-07-30 23:47:00,1,1425.9499999999998,1430.74,0.13,61.36000000000249,250.10301638100628,TIME,season,0.24533890429584757
2019-07-31 01:07:00,2019-07-31 21:52:00,1,1431.57,1412.9390702584994,0.14,-261.81301638100695,261.1130163810063,SL,season,-1.0026808315023992
2019-08-01 01:07:00,2019-08-01 23:47:00,1,1415.52,1444.65,0.13,377.7800000000014,247.38265187954102,TIME,season,1.5271078918822296
2019-08-02 01:05:00,2019-08-02 23:00:00,1,1445.83,1440.93,0.16,-79.51999999999782,501.6788317934989,TIME,friday,-0.1585077841847827
2019-08-02 01:07:00,2019-08-02 23:47:00,1,1443.93,1440.13,0.12,-46.43999999999946,251.11941589674944,TIME,season,-0.18493193699962165
2019-08-02 23:05:00,2019-08-02 23:55:00,1,1440.57,1440.5,0.58,-8.119999999996306,515.8505575145759,TIME,fri_close,-0.01574099297114139
2019-08-01 01:10:00,2019-08-02 23:59:00,1,1415.75,1440.68,0.13,312.8476000000008,493.855303759082,EOD,tom,0.6334802878873558
2019-08-05 15:15:00,2019-08-05 23:45:00,1,1460.93,1463.93,0.25,73.25,519.5107748002594,TIME,tday900,0.14099803806410569
2019-08-05 01:07:00,2019-08-05 23:47:00,1,1440.35,1464.32,0.12,286.8000000000003,249.36517190412448,TIME,season,1.1501205152669383
2019-08-05 10:15:00,2019-08-06 11:16:00,1,1456.66,1462.13,0.25,115.13000000000068,519.5107748002594,TIME,lw,0.22161234296683388
2019-08-06 01:05:00,2019-08-06 23:45:00,1,1468.13,1473.49,0.17,89.9299999999983,368.15394637387806,TIME,strong_close,0.24427281273435014
2019-08-07 01:05:00,2019-08-07 23:45:00,1,1474.79,1501.01,0.11,287.6500000000003,235.77674088850654,TIME,strong_close,1.2200100778219827
2019-08-05 08:00:00,2019-08-09 23:59:00,1,1453.27,1497.12,0.27,1053.3023999999973,514.1894543375338,EOD,trendH4,2.0484714167408207
2019-08-05 12:00:00,2019-08-09 23:59:00,1,1457.47,1497.12,0.27,939.9023999999962,513.090481620657,EOD,trendH4,1.831845324885395
2019-08-05 16:00:00,2019-08-09 23:59:00,1,1462.8700000000001,1497.12,0.27,794.102399999994,508.2934575396243,EOD,trendH4,1.5622912083972462
2019-08-06 04:00:00,2019-08-09 23:59:00,1,1470.38,1497.12,0.01,22.69599999999978,19.72449173733463,EOD,trendH4,1.150650688607639
2019-08-12 18:15:00,2019-08-12 23:45:00,1,1505.6,1511.53,0.24,140.6400000000015,524.3202807304917,TIME,tday,0.26823299645029847
2019-08-12 01:07:00,2019-08-12 23:47:00,1,1495.9499999999998,1511.05,0.12,180.36000000000163,262.16014036524587,TIME,season,0.6879764397010205
2019-08-13 01:07:00,2019-08-13 16:49:00,1,1510.4199999999998,1501.0992694218912,0.12,-112.68876693730348,271.32584462487114,SL,season,-0.41532632872885505
2019-08-13 10:45:00,2019-08-13 16:49:00,1,1524.74,1502.1495129479274,0.24,-543.8516892497424,542.6516892497423,SL,lw,-1.002211363244182
2019-08-13 12:00:00,2019-08-13 16:49:00,1,1523.56,1504.2002998102603,0.28,-544.0316053127108,542.6316053127124,SL,trendH4,-1.0025800192732812
2019-08-14 15:15:00,2019-08-14 23:45:00,1,1514.53,1514.22,0.21,-7.979999999998854,523.6444975154159,TIME,tday900,-0.015239346613708904
2019-08-14 18:15:00,2019-08-14 23:45:00,1,1519.7,1514.22,0.21,-116.55000000000038,523.6444975154159,TIME,tday,-0.22257466764762326
2019-08-14 01:07:00,2019-08-14 23:47:00,1,1502.25,1516.3,0.1,139.79999999999956,249.35452262638853,TIME,season,0.5606475412096853
2019-08-15 01:07:00,2019-08-15 23:47:00,1,1519.76,1524.43,0.1,46.000000000000725,252.92919958164657,TIME,season,0.18186907670639166
2019-08-16 01:05:00,2019-08-16 23:00:00,1,1522.3,1513.96,0.14,-117.73999999999887,521.4619391842111,TIME,friday,-0.22578829086585772
2019-08-16 01:07:00,2019-08-16 23:47:00,1,1521.96,1512.05,0.1,-99.80000000000082,248.54854246867194,TIME,season,-0.4015312220653236
2019-08-16 23:05:00,2019-08-16 23:55:00,1,1514.07,1512.48,0.61,-101.259999999995,537.1280381668768,TIME,fri_close,-0.18852115846638265
2019-08-19 01:07:00,2019-08-19 23:47:00,1,1510.87,1496.19,0.1,-147.49999999999835,248.18793229233822,TIME,season,-0.5943077031894504
2019-08-20 01:07:00,2019-08-20 23:47:00,1,1496.99,1507.23,0.1,101.70000000000009,244.88879427145685,TIME,season,0.41529054158054546
2019-08-20 13:00:00,2019-08-21 14:01:00,1,1504.54,1501.48,0.21,-82.42079999999885,514.2664679700594,TIME,lw,-0.16026866446364804
2019-08-21 01:05:00,2019-08-21 23:45:00,1,1506.99,1502.03,0.22,-110.6600000000008,525.022822583119,TIME,strong_close,-0.2107717897967791
2019-08-21 01:07:00,2019-08-21 23:47:00,1,1506.5,1501.99,0.11,-50.3799999999999,262.5114112915595,TIME,season,-0.19191546665392434
2019-08-22 01:07:00,2019-08-22 23:47:00,1,1502.3,1498.29,0.11,-44.8799999999999,252.85916762787673,TIME,season,-0.1774901041596724
2019-08-23 01:05:00,2019-08-23 23:00:00,1,1498.97,1528.43,0.16,470.2400000000006,532.5032487006333,TIME,friday,0.8830744247052728
2019-08-23 18:15:00,2019-08-23 23:45:00,1,1525.06,1525.85,0.24,17.279999999999127,533.0632487006334,TIME,tday,0.032416415954616896
2019-08-23 01:07:00,2019-08-23 23:47:00,1,1498.8899999999999,1526.53,0.12,330.8400000000012,266.5316243503167,TIME,season,1.2412785942622726
2019-08-23 23:05:00,2019-08-23 23:55:00,1,1526.54,1526.48,0.56,-7.279999999996945,537.446216051073,TIME,fri_close,-0.013545541456198724
2019-08-23 15:45:00,2019-08-23 23:59:00,1,1504.0,1526.6,0.24,540.7199999999979,533.0632487006334,EOD,lw,1.0143636825799343
2019-08-26 04:00:00,2019-08-26 10:02:00,1,1545.16,1527.3404745077512,0.3,-536.6857647674666,535.1857647674649,SL,trendH4,-1.0028027651308205
2019-08-26 01:07:00,2019-08-26 11:39:00,1,1549.43,1526.201957639559,0.11,-256.2784659648524,255.72846596485294,SL,season,-1.0021507187239571
2019-08-26 01:05:00,2019-08-26 23:45:00,1,1546.4499999999998,1527.96,0.23,-426.87999999999505,534.7049742901471,TIME,strong_close,-0.798346790333686
2019-08-27 18:15:00,2019-08-27 23:45:00,1,1539.1200000000001,1542.72,0.22,77.65999999999799,522.0985796490127,TIME,tday,0.14874585571982576
2019-08-27 01:07:00,2019-08-27 23:47:00,1,1527.77,1542.74,0.11,163.9000000000003,261.04928982450633,TIME,season,0.6278507791006983
2019-08-27 18:30:00,2019-08-28 19:31:00,1,1542.07,1537.0,0.22,-130.5655999999986,522.0985796490127,TIME,lw,-0.2500784432085086
2019-08-28 01:05:00,2019-08-28 23:45:00,1,1541.42,1539.44,0.22,-45.1000000000004,514.7258239597973,TIME,strong_close,-0.08761946244127619
2019-08-28 01:07:00,2019-08-28 23:47:00,1,1541.3,1539.35,0.11,-22.2200000000005,257.3629119798986,TIME,season,-0.08633722640555139
2019-08-28 14:30:00,2019-08-29 15:31:00,1,1545.27,1538.09,0.27,-260.1288000000018,521.64,TIME,inside,-0.49867494824016906
2019-08-29 10:30:00,2019-08-29 21:10:00,1,1547.06,1524.2781308068916,0.23,-525.5929914414927,524.4429914414916,SL,lw,-1.0021928026854554
2019-08-29 01:07:00,2019-08-29 23:47:00,1,1539.4099999999999,1526.43,0.11,-143.5499999999977,250.8205611241916,TIME,season,-0.5723215009032699
2019-08-30 01:05:00,2019-08-30 23:00:00,1,1528.03,1524.05,0.15,-60.75000000000027,525.210481356013,TIME,friday,-0.11566791249701086
2019-08-30 01:07:00,2019-08-30 23:47:00,1,1527.86,1520.86,0.11,-77.77,257.0262353296064,TIME,season,-0.30257611601504014
2019-08-30 23:05:00,2019-08-30 23:55:00,1,1523.72,1520.69,0.56,-173.5999999999985,527.8529255063676,TIME,fri_close,-0.3288794882276433
2019-09-03 18:15:00,2019-09-03 23:45:00,1,1549.2,1547.12,0.23,-49.450000000003556,512.3728324332934,TIME,tday,-0.0965117525165457
2019-09-03 15:30:00,2019-09-04 16:31:00,1,1534.24,1544.49,0.35000000000000003,328.4820000000001,515.5500000000029,TIME,nr7,0.637148676171076
2019-09-03 16:15:00,2019-09-04 17:16:00,1,1537.24,1548.43,0.23,237.47960000000126,512.3728324332934,TIME,lw,0.46348983585291686
2019-09-04 01:05:00,2019-09-04 23:45:00,1,1546.9199999999998,1552.59,0.23,128.80000000000166,522.0212015452014,TIME,strong_close,0.24673327370372902
2019-09-02 01:10:00,2019-09-05 07:12:00,1,1532.48,1544.7,0.11,89.93600000000029,502.1315798978406,TIME,tom,0.1791084321330634
2019-09-05 01:05:00,2019-09-05 16:48:00,1,1551.8,1529.0853241612185,0.23,-524.0475442919729,522.8975442919728,SL,strong_close,-1.00219928361216
2019-09-06 01:05:00,2019-09-06 23:00:00,1,1518.96,1505.37,0.14,-191.24000000000203,512.9311788562379,TIME,friday,-0.37283754211713055
2019-09-06 23:05:00,2019-09-06 23:55:00,1,1505.69,1506.48,0.38,27.35999999999862,523.563541262384,TIME,fri_close,0.05225726744461596
2019-09-10 15:15:00,2019-09-11 16:16:00,-1,1489.89,1488.48,0.22,37.0502000000018,528.9998841077485,TIME,lw,0.07003820059902942
2019-09-11 18:15:00,2019-09-11 23:45:00,1,1495.67,1496.24,0.22,10.9999999999986,517.2370352429094,TIME,tday,0.02126684527691
2019-09-12 10:00:00,2019-09-12 19:25:00,1,1501.3,1500.1299999999999,0.33,-40.9200000000024,528.9900000000013,SL,inside,-0.07735495945103368
2019-09-12 01:05:00,2019-09-12 23:45:00,1,1497.03,1498.42,0.23,30.3600000000023,523.7758231741234,TIME,strong_close,0.05796372924587904
2019-09-12 11:00:00,2019-09-13 12:01:00,1,1503.12,1505.55,0.23,35.99960000000147,523.7758231741234,TIME,lw,0.06873093107245962
2019-09-13 01:05:00,2019-09-13 23:00:00,1,1497.97,1486.83,0.14,-156.9400000000014,496.0658066041478,TIME,friday,-0.31636931614848607
2019-09-13 23:05:00,2019-09-13 23:55:00,1,1487.18,1488.52,0.53,67.30999999999567,523.1926109036743,TIME,fri_close,0.12865242856495196
2019-09-17 19:30:00,2019-09-18 20:31:00,1,1506.18,1507.59,0.22,11.994399999996798,519.7670575690527,TIME,lw,0.023076491334588483
2019-09-18 17:45:00,2019-09-18 21:44:00,1,1507.28,1484.3803514662413,0.23,-528.3019162764487,527.1519162764506,SL,lw,-1.0021815343252873
2019-09-19 15:15:00,2019-09-19 23:45:00,1,1502.72,1498.62,0.22,-91.74000000000301,512.6085343324997,TIME,tday900,-0.17896697744110623
2019-09-20 01:05:00,2019-09-20 23:00:00,1,1499.49,1516.43,0.15,253.05000000000078,511.4545334164164,TIME,friday,0.4947653866897537
2019-09-20 23:05:00,2019-09-20 23:55:00,1,1516.53,1516.48,0.64,-7.67999999999709,520.7768513263454,TIME,fri_close,-0.014747199266705518
2019-09-20 07:45:00,2019-09-20 23:59:00,1,1504.93,1516.63,0.33,383.79000000000156,524.3700000000055,EOD,inside,0.731906859660159
2019-09-20 10:30:00,2019-09-20 23:59:00,1,1506.18,1516.63,0.23,238.74000000000103,523.3568563812257,EOD,lw,0.456170578619681
2019-09-23 01:05:00,2019-09-23 23:45:00,1,1512.88,1523.27,0.23,237.35999999999706,517.467795211138,TIME,strong_close,0.45869521194676294
2019-09-23 18:15:00,2019-09-23 23:45:00,1,1525.21,1523.27,0.23,-46.230000000001255,517.467795211138,TIME,tday,-0.0893388930245184
2019-09-23 17:00:00,2019-09-24 18:01:00,1,1522.48,1523.02,0.23,-7.470400000000836,517.467795211138,TIME,lw,-0.01443645395739604
2019-09-25 01:05:00,2019-09-25 18:47:00,1,1533.62,1511.7490134448353,0.24,-526.5836773239495,525.3836773239523,SL,strong_close,-1.0022840450737058
2019-09-24 18:45:00,2019-09-25 19:04:00,1,1529.07,1507.0620144790535,0.24,-548.9468525027154,528.6716525027174,SL,lw,-1.03835121460365
2019-09-27 01:05:00,2019-09-27 23:00:00,1,1504.46,1496.3,0.15,-123.45000000000121,495.584700898029,TIME,friday,-0.2490996993577535
2019-09-27 23:05:00,2019-09-27 23:55:00,1,1497.47,1496.76,0.5,-39.00000000000182,525.1686131689688,TIME,fri_close,-0.07426186375584841
2019-09-30 12:15:00,2019-10-01 13:16:00,-1,1486.25,1465.96,0.23,472.9742999999992,504.85190656670085,TIME,lw,0.9368575097923494
2019-10-02 16:00:00,2019-10-03 17:01:00,1,1492.56,1509.12,0.22,310.3231999999988,513.4344295951629,TIME,lw,0.6044066819684941
2019-10-03 01:05:00,2019-10-03 23:45:00,1,1499.42,1505.16,0.22,124.74000000000018,524.9248274812226,TIME,strong_close,0.23763402580622334
2019-10-04 01:05:00,2019-10-04 23:00:00,1,1506.57,1505.58,0.14,-14.840000000000128,500.63427890381087,TIME,friday,-0.029642396905968565
2019-10-04 23:05:00,2019-10-04 23:55:00,1,1505.02,1504.62,0.53,-24.91000000000482,525.3926264417152,TIME,fri_close,-0.047412161393871846
2019-10-07 10:30:00,2019-10-08 11:31:00,-1,1501.91,1497.8300000000002,0.22,95.79019999999839,518.6496726751358,TIME,lw,0.18469152695291116
2019-10-08 14:15:00,2019-10-09 15:16:00,1,1503.77,1505.34,0.22,15.514399999998599,520.888981769769,TIME,lw,0.029784465678822723
2019-10-09 01:05:00,2019-10-09 23:45:00,1,1506.9,1505.03,0.22,-42.6800000000026,519.6997687862142,TIME,strong_close,-0.0821243390192071
2019-10-10 01:30:00,2019-10-10 16:31:00,1,1514.75,1499.98,0.35000000000000003,-519.3999999999994,517.650000000001,SL,nr7,-1.0033806626098685
2019-10-10 16:45:00,2019-10-11 17:46:00,-1,1495.92,1475.39,0.23,478.4942999999994,525.0494508671367,TIME,lw,0.911331873997297
2019-10-11 15:00:00,2019-10-11 23:59:00,-1,1482.76,1488.9199999999998,0.22,-137.0599999999968,507.26827002484816,EOD,lw,-0.2701923382538455
2019-10-15 17:00:00,2019-10-16 18:01:00,-1,1487.56,1485.6100000000001,0.23,51.15429999999582,525.4857666017127,TIME,lw,0.09734668996043003
2019-10-17 01:05:00,2019-10-17 23:45:00,1,1490.42,1492.28,0.23,41.16999999999771,509.51548242698664,TIME,strong_close,0.08080225512263477
2019-10-17 19:00:00,2019-10-18 20:01:00,1,1496.53,1491.43,0.23,-137.1903999999979,509.51548242698664,TIME,lw,-0.2692565873494477
2019-10-18 01:05:00,2019-10-18 23:00:00,1,1492.43,1490.64,0.16,-29.759999999999415,517.0634488112415,TIME,friday,-0.05755579913532732
2019-10-18 23:05:00,2019-10-18 23:55:00,1,1490.6599999999999,1490.08,1.04,-67.59999999999243,529.2832253741226,TIME,fri_close,-0.1277198988352777
2019-10-21 16:15:00,2019-10-21 18:14:00,1,1494.8,1485.04,0.54,-530.8199999999995,528.120000000002,SL,inside,-1.005112474437623
2019-10-21 18:15:00,2019-10-22 19:16:00,-1,1484.98,1483.92,0.25,33.352499999998635,517.1953001894451,TIME,lw,0.06448724493007156
2019-10-23 01:05:00,2019-10-23 23:45:00,1,1488.44,1491.65,0.27,84.780000000001,522.0808479111101,TIME,strong_close,0.16238864217910498
2019-10-23 10:15:00,2019-10-24 11:16:00,1,1491.74,1490.75,0.27,-92.99880000000026,522.0808479111101,TIME,lw,-0.17813103156742172
2019-10-24 18:15:00,2019-10-24 23:45:00,1,1502.22,1502.64,0.28,9.800000000002038,520.4445202106987,TIME,tday,0.0188300570366935
2019-10-24 16:30:00,2019-10-25 17:31:00,1,1496.66,1511.73,0.28,397.74559999999826,520.4445202106987,TIME,lw,0.7642420749073763
2019-10-25 01:05:00,2019-10-25 23:00:00,1,1503.4,1505.56,0.19,39.70999999999724,523.9893743317954,TIME,friday,0.07578397949507362
2019-10-25 23:05:00,2019-10-25 23:55:00,1,1505.17,1504.26,0.8,-78.40000000000654,522.7775303380407,TIME,fri_close,-0.1499681900048596
2019-10-25 15:15:00,2019-10-25 23:59:00,1,1510.18,1504.37,0.28,-164.64000000000485,515.4499116242201,EOD,lw,-0.31941027884011514
2019-10-28 16:45:00,2019-10-29 17:46:00,-1,1493.82,1486.47,0.28,213.47479999999746,513.4520607939189,TIME,lw,0.4157638391204715
2019-10-30 14:00:00,2019-10-31 15:01:00,1,1493.28,1506.03,0.29,298.5724,517.141011288447,TIME,lw,0.5773520055122152
2019-10-31 01:05:00,2019-10-31 23:45:00,1,1495.3400000000001,1512.26,0.29,488.64999999999554,512.3509390535575,TIME,strong_close,0.9537408107471345
2019-10-31 15:15:00,2019-10-31 23:45:00,1,1506.18,1512.26,0.3,180.29999999999782,530.018212814025,TIME,tday900,0.3401769894712321
2019-10-31 18:15:00,2019-10-31 23:45:00,1,1510.26,1512.26,0.3,57.9,530.018212814025,TIME,tday,0.10924152906480629
2019-10-31 12:15:00,2019-11-01 13:16:00,1,1503.6100000000001,1511.61,0.29,206.9207999999934,512.3509390535575,TIME,lw,0.4038653669342907
2019-11-01 01:05:00,2019-11-01 23:02:00,1,1512.39,1512.69,0.19,4.369999999999136,508.618923446658,TIME,friday,0.008591894242522113
2019-11-01 23:05:00,2019-11-01 23:55:00,1,1512.82,1513.97,0.71,76.68000000000646,534.7994976712846,TIME,fri_close,0.1433808377418072
2019-11-01 01:10:00,2019-11-01 23:59:00,1,1512.1200000000001,1514.06,0.14,26.179999999997587,499.36911777215533,EOD,tom,0.05242614945192227
2019-11-04 01:05:00,2019-11-04 23:45:00,1,1513.08,1509.5,0.3,-109.4999999999978,525.3106018651545,TIME,strong_close,-0.20844810596094934
2019-11-05 10:45:00,2019-11-06 11:46:00,-1,1504.66,1487.8400000000001,0.31,529.9170999999981,527.1873155991841,TIME,lw,1.0051780160865809
2019-11-07 11:30:00,2019-11-08 12:31:00,-1,1484.99,1467.1200000000001,0.3,544.3229999999967,525.7042610414526,TIME,lw,1.035416754891161
2019-11-08 23:05:00,2019-11-08 23:55:00,1,1458.58,1458.76,0.8200000000000001,9.020000000005222,539.1933825615604,TIME,fri_close,0.016728691953068243
2019-11-11 17:45:00,2019-11-12 18:46:00,-1,1452.26,1453.96,0.29,-41.35110000000132,533.911799891864,TIME,lw,-0.07744930905886772
2019-11-12 17:45:00,2019-11-13 11:30:00,-1,1446.25,1464.6349837403798,0.29,-525.2156284710132,533.7445284710167,SL,lw,-0.9840206324466958
2019-11-14 10:30:00,2019-11-15 11:31:00,1,1468.64,1463.61,0.3,-176.844000000006,530.0819773659489,TIME,lw,-0.3336163226653516
2019-11-15 01:05:00,2019-11-15 23:00:00,1,1471.49,1466.78,0.2,-95.60000000000073,520.6404075540953,TIME,friday,-0.18362001606659342
2019-11-15 23:05:00,2019-11-15 23:55:00,1,1467.02,1467.37,1.31,36.679999999988084,533.974453801639,TIME,fri_close,0.06869242477583765
2019-11-18 15:15:00,2019-11-18 23:45:00,-1,1458.5,1471.16,0.31,-394.63000000000255,520.1671053435721,TIME,tday900,-0.7586600458699674
2019-11-18 10:15:00,2019-11-19 11:16:00,-1,1461.56,1468.0800000000002,0.31,-193.62290000000647,520.1671053435721,TIME,lw,-0.3722321115867523
2019-11-20 10:15:00,2019-11-21 11:16:00,1,1478.3,1471.07,0.32,-309.9008000000006,524.625257685655,TIME,lw,-0.5907088830741866
2019-11-21 15:15:00,2019-11-21 23:45:00,-1,1467.53,1464.6200000000001,0.32,90.87999999999535,516.9120249938227,TIME,tday900,0.17581328273622848
2019-11-21 12:15:00,2019-11-22 13:16:00,-1,1469.27,1472.5700000000002,0.32,-96.82880000000581,516.9120249938227,TIME,lw,-0.18732162402521582
2019-11-22 23:05:00,2019-11-22 23:55:00,1,1462.31,1462.01,1.08,-39.95999999999509,531.1826356113335,TIME,fri_close,-0.07522836275324678
2019-11-25 15:45:00,2019-11-26 16:46:00,-1,1455.23,1453.93,0.33,51.9452999999985,516.9267543671159,TIME,lw,0.10048870475585309
2019-11-26 01:45:00,2019-11-26 18:35:00,-1,1453.93,1462.1,0.64,-527.3599999999901,524.159999999993,SL,nr7,-1.0061050061050005
2019-11-27 01:05:00,2019-11-27 23:45:00,1,1461.71,1454.44,0.35000000000000003,-256.8999999999994,523.9520643292351,TIME,strong_close,-0.490312029458045
2019-11-29 01:15:00,2019-11-29 09:10:00,1,1456.23,1457.61,0.8300000000000001,108.7299999999902,527.224474371124,TIME,drift,0.20623094200944275
2019-11-29 01:05:00,2019-11-29 20:45:00,1,1455.82,1463.91,0.25,200.50000000000364,518.2723152604268,EOD,friday,0.3868622615878186
2019-11-29 10:15:00,2019-11-29 20:45:00,1,1457.8700000000001,1463.91,0.38,226.85999999999862,526.0692794638992,EOD,lw,0.43123597757159393
2019-12-02 01:05:00,2019-12-02 23:45:00,1,1462.8600000000001,1462.22,0.38,-26.980000000003802,525.2714737879064,TIME,strong_close,-0.0513639162725554
2019-12-03 01:15:00,2019-12-03 09:10:00,1,1461.92,1461.49,0.53,-26.500000000003375,528.1060965011903,TIME,drift,-0.05017931089145009
2019-12-04 01:15:00,2019-12-04 09:10:00,1,1476.98,1482.37,0.49,260.67999999999375,525.6419162627377,TIME,drift,0.4959269646024482
2019-12-03 12:15:00,2019-12-04 13:16:00,1,1469.0,1476.26,0.38,243.01759999999962,518.1520828030557,TIME,lw,0.46900824693272175
2019-12-02 01:10:00,2019-12-05 03:13:00,1,1462.3600000000001,1475.6,0.19,174.72399999999587,523.9414737879065,TIME,tom,0.3334799948872244
2019-12-05 01:15:00,2019-12-05 09:10:00,1,1475.15,1477.49,0.5,113.49999999999591,532.2110113393827,TIME,drift,0.21326127716590726
2019-12-06 01:15:00,2019-12-06 09:10:00,1,1476.38,1472.96,0.51,-177.9900000000037,525.8552218951902,TIME,drift,-0.3384771940811485
2019-12-05 19:30:00,2019-12-06 15:30:00,1,1480.21,1466.1098815797911,0.37,-553.7019815477294,522.4443815477317,SL,lw,-1.059829526556296
2019-12-06 01:05:00,2019-12-06 23:00:00,1,1476.28,1460.75,0.26,-405.5999999999993,531.3607170747107,TIME,friday,-0.7633232697986044
2019-12-06 23:05:00,2019-12-06 23:55:00,1,1460.33,1459.64,1.06,-80.55999999998168,525.7341821780719,TIME,fri_close,-0.15323333108421536
2019-12-10 01:15:00,2019-12-10 09:10:00,1,1462.13,1462.62,0.7000000000000001,29.39999999998473,524.6995008773757,TIME,drift,0.05603207159683504
2019-12-11 01:15:00,2019-12-11 09:10:00,1,1464.47,1463.42,0.64,-71.6799999999971,520.0036901170394,TIME,drift,-0.13784517564454934
2019-12-10 11:15:00,2019-12-11 12:16:00,1,1464.72,1467.13,0.38,58.71760000000312,518.5500242090253,TIME,lw,0.11323420549361367
2019-12-12 01:15:00,2019-12-12 09:10:00,1,1474.92,1473.56,0.49,-70.07000000000625,522.5388210279889,TIME,drift,-0.13409530006241022
2019-12-12 18:15:00,2019-12-12 23:45:00,-1,1466.01,1469.75,0.39,-148.59000000000034,527.7382504782065,TIME,tday,-0.28156003447799455
2019-12-13 01:15:00,2019-12-13 09:10:00,1,1464.57,1466.3,0.37,61.42000000000067,525.8801411254659,TIME,drift,0.11679467467349545
2019-12-13 01:05:00,2019-12-13 23:00:00,1,1466.79,1476.43,0.24,229.6800000000024,510.3927861241773,TIME,friday,0.45000636028605984
2019-12-13 23:05:00,2019-12-13 23:55:00,1,1476.18,1475.55,0.8200000000000001,-57.40000000000896,527.8504143068268,TIME,fri_close,-0.1087429287620938
2019-12-13 18:30:00,2019-12-13 23:59:00,1,1476.4,1475.51,0.37,-35.520000000003705,525.433696849849,EOD,lw,-0.0676012981522845
2019-12-16 01:05:00,2019-12-16 23:45:00,1,1475.23,1476.47,0.36,42.120000000000324,516.8618728295932,TIME,strong_close,0.08149179154850736
2019-12-17 01:15:00,2019-12-17 09:10:00,1,1475.6000000000001,1477.19,0.61,92.71999999999501,523.8483974795809,TIME,drift,0.17699777348962714
2019-12-18 01:15:00,2019-12-18 09:10:00,1,1476.14,1477.59,0.68,93.83999999998764,521.8952209624819,TIME,drift,0.17980620674572845
2019-12-17 10:30:00,2019-12-18 11:31:00,1,1479.1,1478.6,0.38,-51.8624,525.0366769401172,TIME,lw,-0.09877862305210944
2019-12-19 01:15:00,2019-12-19 09:10:00,1,1475.68,1476.66,0.67,60.97000000000122,526.1884158064458,TIME,drift,0.11587104194712744
2019-12-18 11:15:00,2019-12-19 12:16:00,1,1479.04,1474.78,0.39,-261.8615999999996,518.1646150538334,TIME,lw,-0.5053637249482854
2019-12-20 01:15:00,2019-12-20 09:10:00,1,1479.28,1479.34,0.73,-0.730000000003983,522.083592827757,TIME,drift,-0.0013982435189163675
2019-12-19 20:00:00,2019-12-20 21:01:00,1,1479.98,1477.57,0.4,-130.9920000000033,518.9186810036506,TIME,lw,-0.25243261573595527
2019-12-20 01:05:00,2019-12-20 23:00:00,1,1479.3,1477.58,0.27,-48.330000000000744,511.46265276503965,TIME,friday,-0.09449370298832556
2019-12-20 23:05:00,2019-12-20 23:55:00,1,1477.79,1477.93,1.77,12.390000000017707,525.0362640766848,TIME,fri_close,0.023598369956038066
2019-12-24 01:15:00,2019-12-24 09:10:00,1,1485.98,1490.43,0.8,350.4000000000036,523.2690537711552,TIME,drift,0.6696363896827089
2019-12-23 10:15:00,2019-12-24 11:16:00,1,1484.8,1492.52,0.43,294.7736000000012,521.026486588461,TIME,lw,0.5657554991687622
2019-12-24 01:05:00,2019-12-26 04:00:00,1,1485.44,1501.26,0.44,658.0287999999972,522.3417115093015,TIME,strong_close,1.25976690258687
2019-12-24 10:15:00,2019-12-26 14:30:00,1,1491.39,1507.04,0.44,650.548799999994,522.3417115093015,TIME,lw,1.2454467749095497
2019-12-24 04:00:00,2019-12-27 23:59:00,1,1487.78,1510.78,0.7000000000000001,1493.8280000000002,520.3224179432225,EOD,trendH4,2.8709660558254217
2019-12-24 08:00:00,2019-12-27 23:59:00,1,1490.43,1510.78,0.7000000000000001,1308.3279999999936,519.9612970460605,EOD,trendH4,2.516202662453348
2019-12-24 12:00:00,2019-12-27 23:59:00,1,1491.2,1510.78,0.71,1272.3483999999949,526.6153497965265,EOD,trendH4,2.4160868088854692
2019-12-24 20:00:00,2019-12-27 23:59:00,1,1499.79,1510.78,0.65,606.4760000000006,525.6857863723777,EOD,trendH4,1.1536853681837878
2019-12-31 01:15:00,2019-12-31 09:10:00,1,1515.29,1523.84,0.79,669.9199999999964,557.413093932035,TIME,drift,1.2018375730543553
2019-12-30 16:45:00,2019-12-31 17:46:00,1,1515.76,1524.25,0.46,350.7592000000004,556.1631570414218,TIME,lw,0.6306767997109105
2020-01-02 01:15:00,2020-01-02 09:10:00,1,1520.0,1520.14,0.59,4.130000000005901,562.3751010824068,TIME,drift,0.007343852869831656
2019-12-31 10:15:00,2020-01-02 11:16:00,1,1524.3600000000001,1520.17,0.48,-242.63040000000262,557.3710093072158,TIME,lw,-0.43531219950169286
2020-01-02 15:15:00,2020-01-02 23:45:00,1,1523.79,1528.53,0.48,224.16000000000042,554.4845086424149,TIME,tday900,0.4042673807945109
2020-01-02 01:07:00,2020-01-02 23:47:00,1,1521.21,1528.45,0.24,172.08000000000018,277.24225432120744,TIME,season,0.6206846082005655
2020-01-02 14:45:00,2020-01-03 15:46:00,1,1523.26,1546.61,0.48,1079.2895999999957,554.4845086424149,TIME,lw,1.9464738566682407
2020-01-03 18:15:00,2020-01-03 23:45:00,1,1548.32,1551.03,0.48,126.72000000000175,564.2841865965278,TIME,tday,0.22456769657911496
2020-01-03 23:05:00,2020-01-03 23:55:00,1,1549.02,1551.54,0.8200000000000001,200.8999999999985,568.5513242848901,TIME,fri_close,0.35335420289924674
2019-12-31 04:00:00,2020-01-03 23:59:00,1,1521.49,1551.78,0.7000000000000001,2004.1279999999979,557.217441940243,EOD,trendH4,3.5966713335849314
2019-12-31 08:00:00,2020-01-03 23:59:00,1,1523.5,1551.78,0.7000000000000001,1863.427999999998,552.4215698432307,EOD,trendH4,3.3731992046016814
2020-01-02 01:10:00,2020-01-03 23:59:00,1,1521.1000000000001,1551.78,0.24,715.564799999996,552.8045086424148,EOD,tom,1.2944264904012637
2020-01-06 01:07:00,2020-01-06 01:46:00,1,1580.22,1567.4909309140553,0.23,-294.3785889767288,293.2285889767288,SL,season,-1.0039218549733269
2020-01-06 01:05:00,2020-01-06 17:40:00,1,1576.72,1563.9909309140553,0.46,-588.7571779534576,586.4571779534576,SL,strong_close,-1.0039218549733269
2020-01-06 04:00:00,2020-01-06 17:41:00,1,1577.98,1563.4461100003266,0.4,-584.1555999869369,582.1555999869365,SL,trendH4,-1.0034355076203771
2020-01-06 10:15:00,2020-01-07 03:46:00,1,1572.77,1560.2313963710828,0.46,-616.5565669301886,586.4571779534576,SL,lw,-1.0513241036315182
2020-01-07 01:15:00,2020-01-07 09:10:00,1,1564.6,1565.44,0.31,23.87000000000451,584.8963478877256,TIME,drift,0.04081064976077864
2020-01-07 18:15:00,2020-01-07 23:45:00,1,1569.86,1575.14,0.4,208.400000000008,579.1082803350904,TIME,tday,0.3598636163161424
2020-01-07 01:07:00,2020-01-07 23:47:00,1,1564.82,1575.18,0.2,205.80000000000254,289.5541401675452,TIME,season,0.710747910152209
2020-01-08 01:05:00,2020-01-08 04:04:00,1,1576.32,1588.8660509526173,0.39,486.56598715207883,585.7526752319478,SL,strong_close,0.8306679725524211
2020-01-08 01:07:00,2020-01-08 04:04:00,1,1577.53,1588.8660509526173,0.19,214.05496809973002,285.36668793351305,SL,season,0.7501049602173685
2020-01-08 01:15:00,2020-01-08 04:06:00,1,1576.66,1586.4489177411613,0.35000000000000003,340.1621209406415,582.0752527062369,SL,drift,0.5843954357432806
2020-01-08 04:00:00,2020-01-08 13:34:00,1,1593.68,1575.4273442978447,0.32,-586.3249824689722,584.7249824689771,SL,trendH4,-1.0027363291255986
2020-01-08 10:15:00,2020-01-08 15:00:00,1,1587.34,1572.3407006350783,0.39,-587.7026752319435,585.7526752319478,SL,lw,-1.0033290500964824
2020-01-09 01:07:00,2020-01-09 23:47:00,1,1555.76,1552.02,0.16,-60.96000000000014,290.8124477074086,TIME,season,-0.20961963795075597
2020-01-10 01:05:00,2020-01-10 23:00:00,1,1553.24,1560.23,0.21,145.32000000000016,578.4715059651062,TIME,friday,0.25121375642790256
2020-01-10 18:15:00,2020-01-10 23:45:00,1,1559.8600000000001,1562.69,0.31,85.55999999999774,570.012751902168,TIME,tday,0.15010190511436577
2020-01-10 01:07:00,2020-01-10 23:47:00,1,1553.68,1562.47,0.15,130.79999999999944,275.81262188814577,TIME,season,0.47423500456423867
2020-01-10 23:05:00,2020-01-10 23:55:00,1,1561.02,1561.96,1.08,93.96000000000589,584.124307639593,TIME,fri_close,0.16085617183043097
2020-01-13 01:05:00,2020-01-13 23:45:00,1,1560.0,1548.07,0.32,-384.00000000000205,586.3716700260408,TIME,strong_close,-0.6548747486094418
2020-01-13 01:07:00,2020-01-13 23:47:00,1,1560.66,1548.22,0.16,-200.16000000000088,293.1858350130204,TIME,season,-0.6827069254253425
2020-01-14 01:07:00,2020-01-14 23:47:00,1,1548.91,1546.34,0.16,-42.24000000000262,289.9811325120904,TIME,season,-0.14566464940004836
2020-01-15 01:05:00,2020-01-15 23:45:00,1,1546.78,1555.78,0.33,294.69,586.0320796771729,TIME,strong_close,0.5028564309352069
2020-01-15 01:07:00,2020-01-15 23:47:00,1,1546.79,1555.95,0.16,145.4400000000013,284.1367659040838,TIME,season,0.5118661766182613
2020-01-15 01:45:00,2020-01-16 02:46:00,1,1550.09,1557.15,0.41000000000000003,188.82960000000708,576.0499999999914,TIME,nr7,0.3278007117437894
2020-01-15 10:15:00,2020-01-16 11:16:00,1,1553.43,1555.46,0.33,-14.005200000000912,586.0320796771729,TIME,lw,-0.023898350424290674
2020-01-16 01:05:00,2020-01-16 23:45:00,1,1555.67,1552.79,0.33,-97.35000000000362,573.1183597002315,TIME,strong_close,-0.16986020139177246
2020-01-16 01:07:00,2020-01-16 23:47:00,1,1555.5900000000001,1552.85,0.16,-44.96000000000378,277.8755683395062,TIME,season,-0.16179903929183154
2020-01-17 01:05:00,2020-01-17 23:00:00,1,1552.68,1557.12,0.23,100.50999999999604,580.5296089297701,TIME,friday,0.17313501060745257
2020-01-17 15:15:00,2020-01-17 23:45:00,1,1560.58,1556.73,0.34,-133.2799999999969,572.9094696699185,TIME,tday900,-0.23263710421261863
2020-01-17 01:07:00,2020-01-17 23:47:00,1,1552.44,1556.85,0.17,73.77999999999753,286.45473483495925,TIME,season,0.25756250823539656
2020-01-17 23:05:00,2020-01-17 23:55:00,1,1557.38,1556.93,1.07,-55.64000000000487,586.1484715818561,TIME,fri_close,-0.09492475490014939
2020-01-17 13:00:00,2020-01-17 23:59:00,1,1557.02,1557.26,0.34,5.7800000000003084,572.9094696699185,EOD,lw,0.010088854009221479
2020-01-17 14:45:00,2020-01-17 23:59:00,1,1559.43,1557.26,0.51,-114.2400000000037,577.32,EOD,inside,-0.19787985865725022
2020-01-20 01:07:00,2020-01-21 04:34:00,1,1558.26,1566.99,0.17,133.70840000000032,280.4801109181766,TIME,season,0.47671258957469026
2020-01-21 03:30:00,2020-01-21 10:41:00,1,1565.5,1556.5,0.65,-589.55,586.300000000003,SL,nr7,-1.005543237250549
2020-01-21 01:07:00,2020-01-21 23:47:00,1,1560.85,1557.93,0.18,-53.819999999997215,284.11044518845944,TIME,season,-0.189433373223208
2020-01-22 01:07:00,2020-01-22 23:47:00,1,1558.02,1558.55,0.18,8.279999999999509,292.51398481785515,TIME,season,0.028306338943607647
2020-01-23 01:05:00,2020-01-23 23:45:00,1,1559.01,1563.17,0.37,151.33000000000303,582.5652646721763,TIME,strong_close,0.2597648867464834
2020-01-23 18:15:00,2020-01-23 23:45:00,1,1564.01,1563.17,0.37,-33.669999999996975,582.5652646721763,TIME,tday,-0.057796099496155
2020-01-23 01:07:00,2020-01-23 23:47:00,1,1558.7,1563.49,0.18,84.95999999999934,283.4101287594371,TIME,season,0.29977757101304836
2020-01-23 01:30:00,2020-01-24 02:31:00,1,1561.49,1561.39,0.52,-50.16959999999528,583.9600000000042,TIME,inside,-0.0859127337488782
2020-01-24 01:05:00,2020-01-24 23:00:00,1,1562.29,1571.5,0.24,219.36000000000087,566.893096267526,TIME,friday,0.3869512637290636
2020-01-24 18:15:00,2020-01-24 23:45:00,1,1571.56,1570.62,0.37,-37.37000000000202,583.503460052735,TIME,tday,-0.0640441789267619
2020-01-24 01:07:00,2020-01-24 23:47:00,1,1562.5,1570.5,0.18,142.74,283.866548133763,TIME,season,0.5028419196922717
2020-01-24 23:05:00,2020-01-24 23:55:00,1,1571.82,1571.0,0.64,-56.95999999999593,579.1584926297468,TIME,fri_close,-0.09834958949036803
2020-01-24 17:30:00,2020-01-24 23:59:00,1,1575.03,1571.31,0.37,-140.230000000001,583.503460052735,EOD,lw,-0.2403241961707091
2020-01-27 01:07:00,2020-01-27 23:47:00,1,1585.2,1581.62,0.18,-65.70000000000279,288.5075089813513,TIME,season,-0.22772370893212884
2020-01-28 01:07:00,2020-01-28 23:47:00,1,1580.78,1566.6,0.18,-256.50000000000114,290.01411548268345,TIME,season,-0.8844397093331017
2020-01-29 01:07:00,2020-01-29 23:47:00,1,1569.55,1577.05,0.18,133.74,291.8888215196347,TIME,season,0.45818815295399595
2020-01-30 01:05:00,2020-01-30 23:45:00,1,1575.6,1573.67,0.36,-71.9999999999941,579.9049542507503,TIME,strong_close,-0.12415827709735582
2020-01-30 18:15:00,2020-01-30 23:45:00,1,1582.6000000000001,1573.67,0.36,-324.0000000000023,579.9049542507503,TIME,tday,-0.5587122469381509
2020-01-30 01:07:00,2020-01-30 23:47:00,1,1575.47,1574.04,0.18,-27.000000000001148,289.95247712537514,TIME,season,-0.09311870782302845
2020-01-30 17:45:00,2020-01-31 18:46:00,1,1583.53,1584.77,0.36,13.507200000000324,579.9049542507503,TIME,lw,0.023292092783466417
2020-01-31 01:05:00,2020-01-31 23:00:00,1,1575.29,1586.74,0.24,273.1200000000011,572.9231718042685,TIME,friday,0.47671313265246823
2020-01-31 15:15:00,2020-01-31 23:45:00,1,1581.3,1589.77,0.36,302.400000000001,573.7631718042684,TIME,tday900,0.5270467239106115
2020-01-31 18:15:00,2020-01-31 23:45:00,1,1587.01,1589.77,0.36,96.83999999999968,573.7631718042684,TIME,tday,0.16878043896661138
2020-01-31 01:07:00,2020-01-31 23:47:00,1,1575.91,1589.89,0.18,250.3800000000003,286.8815859021342,TIME,season,0.8727642773329275
2020-01-31 23:05:00,2020-01-31 23:55:00,1,1586.5900000000001,1588.95,0.5700000000000001,130.5299999999943,576.0497924189623,TIME,fri_close,0.2265949952900244
2020-01-31 12:30:00,2020-01-31 23:59:00,1,1580.89,1588.81,0.36,282.59999999999445,573.7631718042684,EOD,lw,0.49253771222597686
2020-02-03 01:05:00,2020-02-03 17:00:00,1,1588.82,1570.47,0.36,-663.1199999999967,583.000088103963,SL,strong_close,-1.1374269293107662
2020-02-03 01:10:00,2020-02-04 16:11:00,1,1590.57,1558.2711062164465,0.18,-596.9464881039625,581.740088103963,SL,tom,-1.0261395085381875
2020-02-06 15:15:00,2020-02-06 23:45:00,1,1567.13,1566.5,0.33,-23.1000000000036,579.8947828355336,TIME,tday900,-0.039834812596607004
2020-02-06 11:30:00,2020-02-07 12:31:00,1,1563.17,1568.32,0.33,141.41159999999553,579.8947828355336,TIME,lw,0.24385734134135478
2020-02-07 01:05:00,2020-02-07 23:00:00,1,1566.19,1570.03,0.22,82.9399999999982,574.9701554901384,TIME,friday,0.14425096539018667
2020-02-07 23:05:00,2020-02-07 23:55:00,1,1570.15,1570.04,0.97,-17.46000000001235,581.3104184886744,TIME,fri_close,-0.03003558760465003
2020-02-07 16:45:00,2020-02-07 23:59:00,1,1573.3500000000001,1570.08,0.33,-110.2200000000069,575.7401554901385,EOD,lw,-0.19144052911538634
2020-02-10 01:45:00,2020-02-11 02:46:00,1,1574.31,1571.16,0.42,-168.62159999999426,577.080000000003,TIME,nr7,-0.29219796215428256
2020-02-11 10:15:00,2020-02-12 11:16:00,-1,1566.51,1564.75,0.35000000000000003,71.19349999999969,580.8370469579729,TIME,lw,0.1225705219266962
2020-02-12 10:45:00,2020-02-13 11:46:00,-1,1562.21,1574.72,0.35000000000000003,-404.16949999999974,569.2486864609751,TIME,lw,-0.7100051517250319
2020-02-13 18:15:00,2020-02-13 23:45:00,1,1576.1000000000001,1576.58,0.37,15.16999999999226,581.8916697708759,TIME,tday,0.026070144647311347
2020-02-14 01:15:00,2020-02-14 09:10:00,1,1576.88,1574.74,0.6,-132.600000000006,580.2444354586555,TIME,drift,-0.22852438023846283
2020-02-14 01:05:00,2020-02-14 23:00:00,1,1576.25,1582.54,0.25,155.4999999999991,580.9332799484596,TIME,friday,0.2676727351784616
2020-02-14 18:15:00,2020-02-14 23:45:00,1,1581.67,1584.43,0.37,99.52999999999965,574.0508362158134,TIME,tday,0.1733818570078374
2020-02-14 23:05:00,2020-02-14 23:55:00,1,1582.86,1583.89,1.44,138.2400000000288,578.2569624147429,TIME,fri_close,0.2390632694204882
2020-02-14 16:45:00,2020-02-14 23:59:00,1,1581.47,1583.88,0.37,86.58000000000303,574.0508362158134,EOD,lw,0.15082287933024355
2020-02-17 01:05:00,2020-02-18 04:45:00,1,1581.65,1586.56,0.38,153.71759999999446,579.9710291324554,TIME,strong_close,0.2650435836940538
2020-02-18 01:15:00,2020-02-18 09:10:00,1,1585.04,1586.3,0.9,107.0999999999992,577.9547758221196,TIME,drift,0.185308616660626
2020-02-18 18:15:00,2020-02-18 23:45:00,1,1602.52,1602.03,0.4,-22.400000000000365,581.488975843754,TIME,tday,-0.03852179650955109
2020-02-18 01:30:00,2020-02-19 02:31:00,1,1584.83,1600.35,0.99,1450.864799999998,579.1499999999972,TIME,inside,2.5051623931624016
2020-02-18 10:15:00,2020-02-19 11:16:00,1,1587.24,1608.4,0.4,811.8080000000033,581.488975843754,TIME,lw,1.3960849366439854
2020-02-19 01:05:00,2020-02-19 23:45:00,1,1601.45,1611.4,0.07,69.16000000000032,106.51695857461007,TIME,strong_close,0.6492862819731848
2020-02-20 01:15:00,2020-02-20 09:10:00,1,1612.15,1607.69,0.46,-208.3800000000017,592.247790090904,TIME,drift,-0.3518459730647834
2020-02-19 12:45:00,2020-02-20 13:46:00,1,1610.33,1613.95,0.39,45.458400000004616,593.451626344256,TIME,lw,0.07660000913643904
2020-02-20 01:05:00,2020-02-20 23:45:00,1,1611.44,1619.15,0.39,297.9600000000014,588.6415101768093,TIME,strong_close,0.5061824469540105
2020-02-20 15:15:00,2020-02-20 23:45:00,1,1617.4,1619.15,0.39,65.52,588.6415101768093,TIME,tday900,0.11130713493229497
2020-02-20 18:15:00,2020-02-20 23:45:00,1,1621.41,1619.15,0.09,-20.969999999999917,135.84034850234062,TIME,tday,-0.15437239547157516
2020-02-21 01:15:00,2020-02-21 09:10:00,1,1620.75,1631.86,0.24,264.9599999999976,330.75121408703507,TIME,drift,0.801085494822326
2020-02-20 14:30:00,2020-02-21 15:31:00,1,1618.8,1642.14,0.39,876.5328000000058,588.6415101768093,TIME,lw,1.4890774518037693
2020-02-21 01:05:00,2020-02-21 23:00:00,1,1620.06,1643.43,0.25,582.500000000003,577.9209912292945,TIME,friday,1.007923243557858
2020-02-21 18:15:00,2020-02-21 23:45:00,1,1642.58,1643.46,0.39,31.590000000004256,601.9478308784663,TIME,tday,0.05247963092399995
2020-02-21 23:05:00,2020-02-21 23:55:00,1,1643.46,1643.7,0.65,11.05000000000059,604.8313516325219,TIME,fri_close,0.018269555587975293
2020-02-19 12:00:00,2020-02-21 23:59:00,1,1609.1200000000001,1643.27,0.58,1792.2463999999923,589.2016101692049,EOD,trendH4,3.0418219656346515
2020-02-20 16:00:00,2020-02-21 23:59:00,1,1615.91,1643.27,0.52,1377.7503999999947,592.8077574570032,EOD,trendH4,2.3241099372757854
2020-02-21 10:15:00,2020-02-21 23:59:00,1,1636.08,1643.27,0.38,270.56000000000205,586.5132711123518,EOD,lw,0.46130243478868166
2020-02-21 16:00:00,2020-02-21 23:59:00,1,1643.24,1643.27,0.47000000000000003,-1.8800000000012824,597.2524501669924,EOD,trendH4,-0.003147747655912726
2020-02-24 12:00:00,2020-02-24 21:24:00,1,1682.79,1664.8251115102657,0.34,-613.1862086509635,611.4862086509678,SL,trendH4,-1.0027801117604045
2020-02-24 01:05:00,2020-02-24 21:25:00,1,1659.73,1664.5840060400549,0.37,177.00822348202965,610.5245176786489,SL,strong_close,0.28992811649080796
2020-02-24 10:15:00,2020-02-24 21:25:00,1,1679.42,1664.5840060400549,0.37,-551.5217765179724,610.5245176786489,SL,lw,-0.9033572945030641
2020-02-24 04:00:00,2020-02-25 02:12:00,1,1661.92,1645.6964393465548,0.38,-649.3577048309194,617.2553048309196,SL,trendH4,-1.052008301506284
2020-02-26 11:00:00,2020-02-26 15:47:00,1,1651.64,1631.6046327237052,0.3,-603.1610182888468,601.6610182888513,SL,lw,-1.0024930981971567
2020-02-27 15:00:00,2020-02-28 07:50:00,1,1653.95,1633.1900161005833,0.29,-627.1187330830854,602.6195330830883,SL,lw,-1.0406545069567454
2020-02-28 01:05:00,2020-02-28 17:02:00,1,1642.49,1610.9046652829552,0.19,-601.4513596238515,600.5013596238526,SL,friday,-1.0015820114055929
2020-02-28 23:05:00,2020-02-28 23:55:00,1,1580.95,1585.04,0.18,72.35999999999852,599.997965969352,TIME,fri_close,0.12060040884154379
2020-03-02 15:15:00,2020-03-02 23:45:00,1,1602.57,1591.25,0.23,-261.96999999999855,592.9009562093535,TIME,tday900,-0.44184445522718446
2020-03-03 15:15:00,2020-03-03 23:45:00,1,1602.77,1639.17,0.22,799.260000000002,582.6353213536491,TIME,tday900,1.3718014866367252
2020-03-03 13:15:00,2020-03-04 14:16:00,1,1602.8,1645.5,0.22,920.3744000000012,582.6353213536491,TIME,lw,1.579674912021598
2020-03-04 01:05:00,2020-03-04 23:45:00,1,1642.72,1635.08,0.2,-154.200000000002,583.8921543894443,TIME,strong_close,-0.2640898646107749
2020-03-02 01:10:00,2020-03-05 03:13:00,1,1587.23,1640.19,0.11,538.0760000000005,566.3526537654685,TIME,tom,0.950072355841423
2020-03-05 15:15:00,2020-03-05 23:45:00,1,1652.47,1669.9,0.21,364.5600000000013,600.5998505297085,TIME,tday900,0.6069931580543549
2020-03-05 18:15:00,2020-03-05 23:45:00,1,1659.77,1669.9,0.21,211.2600000000023,600.5998505297085,TIME,tday,0.35174833928726124
2020-03-05 12:15:00,2020-03-06 13:16:00,1,1647.48,1685.96,0.21,789.9192000000004,600.5998505297085,TIME,lw,1.3152171105326094
2020-03-05 15:30:00,2020-03-06 16:31:00,1,1654.74,1682.33,0.27,721.5803999999979,614.2500000000017,TIME,nr7,1.1747340659340593
2020-03-06 01:05:00,2020-03-06 23:00:00,1,1672.0,1673.86,0.14,25.059999999998603,616.7898612061579,TIME,friday,0.040629721038203746
2020-03-06 23:05:00,2020-03-06 23:55:00,1,1672.84,1674.38,0.2,29.400000000003825,614.3216286600597,TIME,fri_close,0.04785766710530808
2020-03-09 04:00:00,2020-03-09 07:36:00,1,1700.22,1666.3086565108633,0.18,-611.6641828044606,610.7641828044609,SL,trendH4,-1.0014735638161805
2020-03-09 12:15:00,2020-03-10 13:16:00,-1,1665.16,1660.5,0.2,98.68200000000164,617.0651833795953,TIME,lw,0.1599215166532839
2020-03-10 12:45:00,2020-03-11 13:46:00,-1,1658.8300000000002,1663.13,0.19,-76.49209999999914,606.6189296241429,TIME,lw,-0.1260958012757583
2020-03-11 14:00:00,2020-03-12 05:00:00,1,1665.13,1632.7339244920533,0.19,-662.1590346509885,615.9054346509898,SL,lw,-1.0750985417529377
2020-03-13 01:05:00,2020-03-13 19:25:00,1,1577.05,1521.7515043813034,0.11,-609.0534518056616,608.503451805662,SL,friday,-1.000903856828367
2020-03-13 23:05:00,2020-03-13 23:55:00,1,1519.27,1530.12,0.14,150.91999999999877,598.0708842946793,TIME,fri_close,0.25234467011043793
2020-03-16 12:45:00,2020-03-16 18:16:00,-1,1524.7,1512.7396745030755,0.15,178.35488245386745,614.0467450307539,SL,lw,0.2904581514310197
2020-03-18 12:30:00,2020-03-19 13:31:00,-1,1491.07,1480.74,0.12,135.50759999999912,598.422244531418,TIME,lw,0.22644144872339347
2020-03-20 01:05:00,2020-03-20 23:00:00,1,1470.73,1489.29,0.08,147.91999999999956,605.7671394173965,TIME,friday,0.2441862398516092
2020-03-20 23:05:00,2020-03-20 23:55:00,1,1487.6299999999999,1498.76,0.28,309.6800000000031,606.8163016805843,TIME,fri_close,0.5103356635976011
2020-03-20 10:15:00,2020-03-20 23:59:00,1,1498.74,1498.03,0.12,-9.360000000000435,606.0471394173964,EOD,lw,-0.015444343172708257
2020-03-23 17:00:00,2020-03-24 18:14:00,1,1528.39,1603.34,0.12,889.0223999999978,614.8980580304395,TIME,lw,1.4458045335963448
2020-03-24 01:05:00,2020-03-24 23:59:00,1,1558.49,1625.45,0.11,735.7900000000004,585.2389422521002,TIME,strong_close,1.2572471633014608
2020-03-24 11:30:00,2020-03-25 12:43:00,1,1591.4,1612.69,0.11,224.6771999999996,585.2389422521002,TIME,lw,0.3839067836726706
2020-03-25 01:05:00,2020-03-25 23:48:00,1,1624.08,1615.34,0.11,-96.9100000000001,605.3975892340931,TIME,strong_close,-0.16007662026306363
2020-03-26 20:00:00,2020-03-27 21:01:00,1,1639.03,1623.43,0.11,-181.112799999999,599.8456185745149,TIME,lw,-0.3019323545788316
2020-03-27 01:05:00,2020-03-27 23:00:00,1,1637.05,1619.2,0.07,-125.43999999999937,567.893843736502,TIME,friday,-0.22088635293993866
2020-03-27 23:05:00,2020-03-27 23:56:00,1,1622.7599999999998,1620.01,0.31,-87.41999999999295,609.4193892328803,TIME,fri_close,-0.1434480122301897
2020-03-31 11:45:00,2020-04-01 12:46:00,-1,1611.79,1594.46,0.12,211.24919999999912,596.1404057811594,TIME,lw,0.35436148590395633
2020-04-02 18:15:00,2020-04-02 23:45:00,1,1607.01,1614.27,0.12,86.27999999999989,581.7626968215102,TIME,tday,0.1483078933582284
2020-04-02 15:30:00,2020-04-03 16:31:00,1,1605.29,1616.62,0.12,125.58239999999913,581.7626968215102,TIME,lw,0.21586533596279875
2020-04-03 01:05:00,2020-04-03 23:00:00,1,1616.27,1621.77,0.08,43.44,572.4739327628307,TIME,friday,0.07588118430188276
2020-04-03 23:05:00,2020-04-03 23:55:00,1,1622.3400000000001,1614.88,0.41000000000000003,-308.73000000000155,618.9886499285377,TIME,fri_close,-0.49876520358756893
2020-04-06 15:15:00,2020-04-06 23:45:00,1,1640.34,1656.52,0.13,209.43000000000083,594.8460395054667,TIME,tday900,0.35207429501272847
2020-04-06 18:15:00,2020-04-06 23:45:00,1,1649.34,1656.52,0.13,92.43000000000083,594.8460395054667,TIME,tday,0.15538474472628877
2020-04-06 09:45:00,2020-04-07 10:46:00,1,1628.6,1654.32,0.27,671.0904000000007,610.1999999999992,TIME,nr7,1.0997876106194715
2020-04-06 10:15:00,2020-04-07 11:16:00,1,1625.5,1650.96,0.13,319.73760000000044,594.8460395054667,TIME,lw,0.5375132030227832
2020-04-07 01:05:00,2020-04-07 23:45:00,1,1666.59,1649.14,0.13,-227.75999999999763,608.0713223979332,TIME,strong_close,-0.3745613246515633
2020-04-09 18:15:00,2020-04-09 23:45:00,1,1681.0900000000001,1681.78,0.14,8.67999999999758,611.6955136552236,TIME,tday,0.014190066472990318
2020-04-09 10:15:00,2020-04-13 11:16:00,1,1655.52,1689.63,0.14,465.43280000000175,611.6955136552236,TIME,lw,0.7608896740451467
2020-04-09 10:45:00,2020-04-13 11:46:00,1,1657.1,1689.72,0.4,1270.2080000000049,632.4000000000004,TIME,nr7,2.0085515496521253
2020-04-13 01:05:00,2020-04-13 23:45:00,1,1681.6699999999998,1716.12,0.14,481.3200000000006,615.6029769655648,TIME,strong_close,0.7818675640142727
2020-04-13 18:15:00,2020-04-13 23:45:00,1,1702.1599999999999,1716.12,0.14,194.46000000000055,615.6029769655648,TIME,tday,0.3158854119883149
2020-04-13 18:30:00,2020-04-14 19:31:00,1,1710.17,1738.58,0.14,385.6327999999979,615.6029769655648,TIME,lw,0.6264310187401338
2020-04-14 01:05:00,2020-04-14 23:45:00,1,1716.81,1726.21,0.14,130.6200000000013,620.5313357537387,TIME,strong_close,0.21049702484620145
2020-04-14 15:15:00,2020-04-14 23:45:00,1,1724.1499999999999,1726.21,0.14,27.86000000000242,620.5313357537387,TIME,tday900,0.044897007443083926
2020-04-14 15:30:00,2020-04-15 16:31:00,1,1729.58,1717.98,0.14,-174.50719999999876,620.5313357537387,TIME,lw,-0.28122222028969845
2020-04-16 15:15:00,2020-04-16 23:45:00,1,1737.32,1717.87,0.15,-292.8000000000007,637.4066093789095,TIME,tday900,-0.4593614118393057
2020-04-14 20:00:00,2020-04-17 01:14:00,1,1734.4299999999998,1704.9871694016772,0.22,-736.7102731630981,648.1822731630987,SL,trendH4,-1.1365788662623972
2020-04-14 16:00:00,2020-04-17 01:15:00,1,1730.41,1701.8338625280815,0.22,-717.6430243822098,629.1150243822091,SL,trendH4,-1.1407183051889997
2020-04-13 20:00:00,2020-04-17 09:09:00,1,1714.69,1686.4213081746168,0.22,-728.3648201584316,622.3512201584305,SL,trendH4,-1.1703436846689454
2020-04-16 13:45:00,2020-04-17 13:21:00,1,1726.79,1684.316226041406,0.15,-650.078609378909,637.4066093789095,SL,lw,-1.0198805594632085
2020-04-17 01:05:00,2020-04-17 23:00:00,1,1713.12,1683.72,0.1,-294.6999999999986,624.9025658518444,TIME,friday,-0.4715935189004614
2020-04-21 12:45:00,2020-04-22 13:46:00,-1,1678.02,1700.46,0.15,-332.48850000000084,613.7863960661311,TIME,lw,-0.5417006667644969
2020-04-22 18:15:00,2020-04-22 23:45:00,1,1710.4,1713.39,0.15,43.80000000000014,611.2052249185505,TIME,tday,0.07166169105612104
2020-04-23 01:05:00,2020-04-23 23:45:00,1,1714.11,1730.9,0.15,250.80000000000283,608.7119945672252,TIME,strong_close,0.41201750949283267
2020-04-23 15:15:00,2020-04-23 23:45:00,1,1729.21,1730.9,0.15,24.300000000000814,608.7119945672252,TIME,tday900,0.03992035678100501
2020-04-23 18:15:00,2020-04-23 23:45:00,1,1737.34,1730.9,0.15,-97.64999999999739,608.7119945672252,TIME,tday,-0.16042069299032527
2020-04-23 17:15:00,2020-04-24 18:16:00,1,1735.21,1718.22,0.15,-267.8220000000001,608.7119945672252,TIME,lw,-0.43998147299596585
2020-04-24 01:05:00,2020-04-24 23:00:00,1,1730.4399999999998,1728.1,0.1,-24.09999999999918,598.9754235267093,TIME,friday,-0.04023537369546937
2020-04-24 23:05:00,2020-04-24 23:55:00,1,1728.31,1726.43,0.4,-77.99999999999527,619.9852408038599,TIME,fri_close,-0.12580944652627873
2020-04-27 15:00:00,2020-04-28 16:01:00,-1,1714.74,1711.64,0.16,53.98559999999855,623.3432766359788,TIME,lw,0.0866065329064665
2020-04-28 10:15:00,2020-04-29 11:16:00,-1,1702.25,1705.48,0.16,-47.29440000000029,603.6416140191233,TIME,lw,-0.07834847515748311
2020-04-30 09:15:00,2020-04-30 15:42:00,1,1717.99,1698.42,0.32,-628.479999999998,626.8799999999994,SL,nr7,-1.002552322613576
2020-04-30 10:30:00,2020-04-30 19:16:00,1,1720.62,1685.0577829179745,0.17,-605.7476903944323,604.8976903944331,SL,lw,-1.0014051963059158
2020-05-01 01:05:00,2020-05-01 23:00:00,1,1687.31,1698.89,0.11,126.61000000000169,592.4232545781762,TIME,friday,0.21371544587687052
2020-05-01 23:05:00,2020-05-01 23:55:00,1,1699.32,1699.45,0.34,2.0400000000037113,615.7847563805578,TIME,fri_close,0.0033128458911428167
2020-05-01 01:10:00,2020-05-01 23:59:00,1,1688.1399999999999,1699.13,0.08,87.36000000000189,574.2843680758073,EOD,tom,0.15211975957609578
2020-05-04 01:05:00,2020-05-04 23:45:00,1,1698.8799999999999,1703.19,0.17,72.08000000000294,609.9127024319349,TIME,strong_close,0.1181808473779851
2020-05-06 16:15:00,2020-05-07 17:16:00,-1,1689.25,1698.43,0.18,-147.91860000000113,611.3837577424806,TIME,lw,-0.2419406765828829
2020-05-07 18:15:00,2020-05-07 23:45:00,1,1698.78,1717.86,0.18,342.1799999999987,601.5277750465891,TIME,tday,0.5688515380249838
2020-05-08 01:05:00,2020-05-08 23:00:00,1,1715.51,1706.83,0.12,-105.00000000000077,610.3543625432613,TIME,friday,-0.17203121079118766
2020-05-08 23:05:00,2020-05-08 23:55:00,1,1706.84,1701.67,0.47000000000000003,-246.27999999999275,624.200969563347,TIME,fri_close,-0.39455241502151983
2020-05-12 18:15:00,2020-05-12 23:45:00,1,1709.32,1701.17,0.19,-156.17999999999742,611.9185198771007,TIME,tday,-0.2552300591120612
2020-05-12 10:45:00,2020-05-13 11:46:00,1,1704.9699999999998,1700.74,0.19,-96.80119999999603,611.9185198771007,TIME,lw,-0.15819295683261528
2020-05-13 18:15:00,2020-05-13 23:45:00,1,1715.3799999999999,1714.94,0.19,-9.689999999996717,591.7021970287365,TIME,tday,-0.016376481359466906
2020-05-13 15:00:00,2020-05-14 16:01:00,1,1708.31,1716.35,0.19,106.1263999999993,591.7021970287365,TIME,lw,0.1793577927087622
2020-05-14 01:05:00,2020-05-14 23:45:00,1,1715.87,1730.89,0.2,299.00000000000426,605.3126737874867,TIME,strong_close,0.49395958972598225
2020-05-14 18:15:00,2020-05-14 23:45:00,1,1730.48,1730.89,0.2,6.800000000001637,605.3126737874867,TIME,tday,0.011233863579054983
2020-05-14 16:45:00,2020-05-15 17:46:00,1,1726.54,1739.36,0.2,239.1039999999988,605.3126737874867,TIME,lw,0.3950090760596621
2020-05-15 01:05:00,2020-05-15 23:00:00,1,1729.9099999999999,1744.1,0.13,183.5600000000007,583.0173671611709,TIME,friday,0.31484482339486963
2020-05-15 18:15:00,2020-05-15 23:45:00,1,1744.19,1744.43,0.2,3.4000000000001815,598.4331970883803,TIME,tday,0.005681502992385044
2020-05-15 23:05:00,2020-05-15 23:55:00,1,1743.64,1742.24,0.48,-70.56000000000437,623.3774901378637,TIME,fri_close,-0.1131898426175119
2020-05-15 20:00:00,2020-05-15 23:59:00,1,1749.26,1742.08,0.31,-224.75000000000193,622.7686417650432,EOD,trendH4,-0.36088843420731376
2020-05-18 04:00:00,2020-05-18 16:57:00,1,1754.82,1733.3681218002273,0.29,-624.1344677934064,622.6844677934063,SL,trendH4,-1.0023286272181133
2020-05-18 10:15:00,2020-05-18 18:25:00,1,1760.64,1731.2156015637538,0.21,-619.3823671611722,618.332367161171,SL,lw,-1.0016981158609275
2020-05-20 01:05:00,2020-05-20 23:45:00,1,1746.7,1746.66,0.21,-2.3099999999992358,618.6539288277446,TIME,strong_close,-0.003733913085101287
2020-05-21 10:15:00,2020-05-22 11:16:00,-1,1736.8500000000001,1736.47,0.21,13.736100000002292,591.6693624829056,TIME,lw,0.02321583788344145
2020-05-22 18:15:00,2020-05-22 23:45:00,1,1736.14,1735.8,0.21,-8.610000000003055,597.5572651626983,TIME,tday,-0.014408660896556567
2020-05-22 23:05:00,2020-05-22 23:55:00,1,1735.3400000000001,1735.43,0.76,1.5199999999937788,611.2514503588302,TIME,fri_close,0.0024867016660679907
2020-05-25 16:45:00,2020-05-26 21:45:00,-1,1724.82,1712.6200000000001,0.22,274.430199999996,608.1529178113324,TIME,lw,0.4512519663436567
2020-05-26 17:00:00,2020-05-27 18:01:00,-1,1718.5,1699.0800000000002,0.23,452.9642999999965,612.7415013817804,TIME,lw,0.7392420767624297
2020-05-27 16:15:00,2020-05-28 11:17:00,-1,1695.3300000000002,1721.9537252110658,0.23,-590.2127798545106,612.8056798545102,SL,lw,-0.9631320323183631
2020-05-28 18:15:00,2020-05-28 23:45:00,1,1722.95,1718.1,0.23,-113.16000000000315,605.4724170077593,TIME,tday,-0.1868953842013797
2020-05-29 01:05:00,2020-05-29 23:00:00,1,1720.2,1731.38,0.15,166.65000000000094,584.0146179340672,TIME,friday,0.28535244646704205
2020-05-29 15:15:00,2020-05-29 23:45:00,1,1727.51,1731.35,0.23,86.70999999999812,597.5293872214909,TIME,tday900,0.14511420166830497
2020-05-29 18:15:00,2020-05-29 23:45:00,1,1731.3300000000002,1731.35,0.23,-1.150000000005648,597.5293872214909,TIME,tday,-0.0019245915340718941
2020-05-29 23:05:00,2020-05-29 23:55:00,1,1731.51,1730.21,0.58,-79.45999999999736,616.9786162764469,TIME,fri_close,-0.1287889043538489
2020-05-29 12:00:00,2020-05-29 23:59:00,1,1726.52,1728.51,0.23,44.16000000000021,597.5293872214909,EOD,lw,0.07390431490799812
2020-06-01 01:10:00,2020-06-04 03:13:00,1,1736.51,1699.73,0.11,-449.0639999999997,569.570573743312,TIME,tom,-0.7884255625227912
2020-06-04 16:00:00,2020-06-05 15:32:00,1,1717.1499999999999,1690.689503039457,0.23,-628.4818300924883,609.0514300924877,SL,lw,-1.0319027245319001
2020-06-05 01:05:00,2020-06-05 17:29:00,1,1715.4499999999998,1675.9289506621008,0.15,-593.8657400684858,593.1157400684865,SL,friday,-1.0012645086773666
2020-06-05 23:05:00,2020-06-05 23:55:00,1,1682.18,1684.34,0.5,104.49999999999272,606.9307274119842,TIME,fri_close,0.17217780428681145
2020-06-08 19:45:00,2020-06-09 20:46:00,1,1697.14,1714.71,0.22,367.5143999999986,610.2523862209115,TIME,lw,0.6022334501236318
2020-06-09 01:05:00,2020-06-09 23:45:00,1,1701.01,1716.28,0.22,334.3999999999996,603.4029300622749,TIME,strong_close,0.5541902157576322
2020-06-09 15:15:00,2020-06-09 23:45:00,1,1707.19,1716.28,0.22,198.4399999999982,603.4029300622749,TIME,tday900,0.3288681411930134
2020-06-09 18:15:00,2020-06-09 23:45:00,1,1718.79,1716.28,0.22,-56.7599999999998,603.4029300622749,TIME,tday,-0.09406649714833473
2020-06-09 04:15:00,2020-06-10 05:16:00,1,1700.9,1717.08,0.26,398.19519999999574,610.4800000000022,TIME,inside,0.6522657580919838
2020-06-09 11:45:00,2020-06-10 12:46:00,1,1706.53,1718.94,0.22,253.99440000000178,603.4029300622749,TIME,lw,0.42093663677401766
2020-06-10 14:30:00,2020-06-11 15:31:00,1,1721.97,1724.93,0.22,11.1232000000008,605.3398636292551,TIME,lw,0.01837513216676787
2020-06-11 01:05:00,2020-06-11 23:45:00,1,1738.53,1728.95,0.22,-212.29999999999842,612.29273051288,TIME,strong_close,-0.3467295778967811
2020-06-12 01:05:00,2020-06-12 23:00:00,1,1729.77,1731.14,0.15,19.500000000001773,618.1917976461601,TIME,friday,0.03154360843066889
2020-06-12 15:15:00,2020-06-12 23:45:00,1,1735.8899999999999,1731.59,0.22,-96.139999999999,604.9675354762456,TIME,tday900,-0.15891761848727168
2020-06-12 23:05:00,2020-06-12 23:55:00,1,1732.27,1730.33,0.6,-120.60000000000328,608.8617521916137,TIME,fri_close,-0.1980745211304544
2020-06-12 13:30:00,2020-06-12 23:59:00,1,1737.06,1729.88,0.22,-159.4999999999964,604.9675354762456,EOD,lw,-0.26365051122029876
2020-06-15 10:30:00,2020-06-16 11:31:00,-1,1716.71,1730.46,0.22,-296.4698,594.5669972279424,TIME,lw,-0.49863144335665305
2020-06-17 12:15:00,2020-06-18 13:16:00,-1,1718.27,1726.92,0.23,-176.8171000000021,608.715602556821,TIME,lw,-0.2904757151899963
2020-06-19 01:05:00,2020-06-19 23:00:00,1,1723.9599999999998,1743.94,0.16,318.5600000000039,609.698332735241,TIME,friday,0.5224878975326595
2020-06-19 15:15:00,2020-06-19 23:45:00,1,1732.37,1741.48,0.24,216.96000000000305,610.258332735241,TIME,tday900,0.35552156908299126
2020-06-19 18:15:00,2020-06-19 23:45:00,1,1742.2,1741.48,0.24,-18.960000000000655,610.258332735241,TIME,tday,-0.031068809687562926
2020-06-19 23:05:00,2020-06-19 23:55:00,1,1742.66,1742.23,0.68,-34.00000000000433,611.5034315687425,TIME,fri_close,-0.05560066917822717
2020-06-19 10:15:00,2020-06-19 23:59:00,1,1731.05,1742.65,0.24,276.72000000000327,610.258332735241,EOD,lw,0.45344731100961067
2020-06-22 01:05:00,2020-06-22 23:45:00,1,1747.9599999999998,1755.32,0.24,174.96000000000302,608.308451825581,TIME,strong_close,0.28761724331617367
2020-06-23 18:15:00,2020-06-23 23:45:00,1,1767.07,1770.45,0.24,79.44000000000261,599.8635624094679,TIME,tday,0.13243011407613509
2020-06-23 15:45:00,2020-06-24 16:46:00,1,1760.97,1771.19,0.24,224.52480000000065,599.8635624094679,TIME,lw,0.3742931127507619
2020-06-24 01:05:00,2020-06-24 23:45:00,1,1769.96,1763.8,0.24,-149.52000000000197,597.6275936659348,TIME,strong_close,-0.2501892509394094
2020-06-24 12:00:00,2020-06-25 01:02:00,1,1775.21,1757.0036553443897,0.33,-681.8045736351411,601.4693736351408,SL,trendH4,-1.1335649054156707
2020-06-24 13:00:00,2020-06-25 01:02:00,1,1778.77,1753.8888502639195,0.24,-656.0531936659316,597.6275936659348,SL,lw,-1.0977625541712452
2020-06-25 10:45:00,2020-06-26 11:46:00,1,1767.84,1764.88,0.25,-95.61999999999523,611.4016903018717,TIME,lw,-0.15639472627690004
2020-06-26 01:05:00,2020-06-26 23:00:00,1,1764.1200000000001,1771.04,0.17,116.44999999999739,606.84938667163,TIME,friday,0.19189275388195987
2020-06-26 23:05:00,2020-06-26 23:55:00,1,1770.7499999999998,1769.55,0.61,-77.4699999999889,610.1269314304944,TIME,fri_close,-0.12697357879016077
2020-06-23 20:00:00,2020-06-26 23:59:00,1,1765.6699999999998,1770.77,0.32,33.79200000000435,603.8819161664262,EOD,trendH4,0.055957959818574
2020-06-26 10:30:00,2020-06-26 23:59:00,1,1764.33,1770.77,0.25,159.25000000000136,595.5337124231665,EOD,lw,0.26740719572705496
2020-06-29 01:05:00,2020-06-29 23:45:00,1,1771.0,1772.91,0.25,46.000000000002046,596.709875821512,TIME,strong_close,0.07708938944017339
2020-06-30 18:15:00,2020-06-30 23:45:00,1,1783.72,1780.73,0.26,-79.56000000000023,594.6741086504887,TIME,tday,-0.13378756337744055
2020-06-30 10:15:00,2020-07-01 11:16:00,1,1773.29,1788.6,0.26,375.57519999999863,594.6741086504887,TIME,lw,0.631564741993396
2020-06-30 17:45:00,2020-07-01 16:37:00,1,1777.7,1771.03,0.51,-384.2748000000037,613.5300000000019,SL,nr7,-0.6263341645885327
2020-06-30 20:00:00,2020-07-01 16:53:00,1,1783.78,1766.5272360643307,0.35000000000000003,-634.1147377484233,604.5467377484263,SL,trendH4,-1.0489093698695986
2020-07-01 01:07:00,2020-07-01 18:23:00,1,1782.03,1759.2623532624825,0.13,-296.8894075877269,296.23940758772676,SL,season,-1.0021941712795508
2020-07-02 18:15:00,2020-07-02 23:45:00,1,1776.3600000000001,1775.54,0.26,-23.140000000004257,606.0217569486355,TIME,tday,-0.03818344759850847
2020-07-02 01:07:00,2020-07-02 23:47:00,1,1771.6599999999999,1774.92,0.13,41.47000000000284,303.01087847431774,TIME,season,0.1368597728530651
2020-07-01 01:10:00,2020-07-03 20:00:00,1,1782.1899999999998,1774.85,0.13,-137.65959999999893,591.5688151754536,EOD,tom,-0.23270259768370385
2020-07-03 01:05:00,2020-07-03 20:00:00,1,1777.03,1774.85,0.17,-38.25000000000109,591.6258857925072,EOD,friday,-0.06465234351394825
2020-07-03 01:07:00,2020-07-03 20:00:00,1,1776.64,1774.85,0.13,-24.180000000002483,301.9165300118664,EOD,season,-0.0800883608428201
2020-07-06 15:15:00,2020-07-06 23:45:00,1,1780.97,1785.03,0.27,107.72999999999854,591.1390221657424,TIME,tday900,0.18224139493500296
2020-07-06 18:15:00,2020-07-06 23:45:00,1,1783.3600000000001,1785.03,0.27,43.199999999995825,591.1390221657424,TIME,tday,0.07307925611428083
2020-07-06 01:07:00,2020-07-06 23:47:00,1,1774.1,1784.87,0.13,139.09999999999977,284.62249215387595,TIME,season,0.4887175252642995
2020-07-06 10:15:00,2020-07-07 11:16:00,1,1776.97,1779.08,0.27,33.6203999999973,591.1390221657424,TIME,lw,0.056873931070939986
2020-07-07 01:05:00,2020-07-07 23:45:00,1,1785.78,1794.78,0.28,250.04000000000005,603.3649843077519,TIME,strong_close,0.41440919924591585
2020-07-07 18:15:00,2020-07-07 23:45:00,1,1794.13,1794.78,0.28,16.239999999996183,603.3649843077519,TIME,tday,0.026915715068597384
2020-07-07 01:07:00,2020-07-07 23:47:00,1,1785.84,1794.43,0.14,119.28000000000205,301.68249215387596,TIME,season,0.3953825730767372
2020-07-08 01:05:00,2020-07-08 23:45:00,1,1795.36,1808.46,0.28,364.84000000000384,608.1074854286267,TIME,strong_close,0.5999597254469662
2020-07-08 15:15:00,2020-07-08 23:45:00,1,1803.01,1808.46,0.28,150.6400000000013,608.1074854286267,TIME,tday900,0.24771936476628334
2020-07-08 01:07:00,2020-07-08 23:47:00,1,1795.1899999999998,1808.54,0.14,185.92000000000195,304.05374271431333,TIME,season,0.6114708483450276
2020-07-08 15:00:00,2020-07-09 16:01:00,1,1804.77,1810.6,0.28,94.51679999999797,608.1074854286267,TIME,lw,0.15542778581878083
2020-07-09 01:07:00,2020-07-09 23:47:00,1,1809.65,1802.5,0.13,-93.86000000000118,286.83164550366814,TIME,season,-0.32723028114692754
2020-07-10 01:05:00,2020-07-10 23:00:00,1,1802.4499999999998,1799.25,0.18,-58.85999999999672,592.15817347136,TIME,friday,-0.09939911773056613
2020-07-10 01:07:00,2020-07-10 23:47:00,1,1802.6499999999999,1798.85,0.13,-50.309999999999405,285.4165279676919,TIME,season,-0.17626869879691873
2020-07-10 23:05:00,2020-07-10 23:55:00,1,1799.4699999999998,1798.39,0.64,-73.5999999999808,604.7097953089592,TIME,fri_close,-0.12171127468239037
2020-07-07 20:00:00,2020-07-10 23:59:00,1,1796.16,1798.1,0.38,-79.95200000000656,603.8689021021565,EOD,trendH4,-0.13239959819371702
2020-07-08 12:00:00,2020-07-10 23:59:00,1,1799.81,1798.1,0.41000000000000003,-203.3272000000015,605.313660250831,EOD,trendH4,-0.3359038682783838
2020-07-13 01:07:00,2020-07-13 23:47:00,1,1799.32,1802.28,0.14,40.46000000000052,301.9965279676919,TIME,season,0.13397505021756076
2020-07-13 10:15:00,2020-07-14 11:16:00,1,1807.79,1800.82,0.28,-219.37440000000078,603.9930559353838,TIME,lw,-0.3632068247212925
2020-07-14 18:15:00,2020-07-14 23:45:00,1,1809.08,1808.98,0.28,-4.759999999997454,592.9706947971421,TIME,tday,-0.008027378151673873
2020-07-14 01:07:00,2020-07-14 23:47:00,1,1803.18,1809.2,0.14,83.29999999999976,296.48534739857104,TIME,season,0.280958235308735
2020-07-15 01:05:00,2020-07-15 23:45:00,1,1809.73,1810.78,0.28,27.439999999998726,591.655645168775,TIME,strong_close,0.046378328718846625
2020-07-15 01:07:00,2020-07-15 23:47:00,1,1810.31,1810.71,0.14,4.620000000001274,295.8278225843875,TIME,season,0.015617192323698282
2020-07-16 01:07:00,2020-07-16 23:47:00,1,1811.39,1796.57,0.14,-208.4600000000023,287.3672638283597,TIME,season,-0.7254131776280281
2020-07-17 01:05:00,2020-07-17 23:00:00,1,1798.51,1810.14,0.2,231.20000000000218,610.5307800666345,TIME,friday,0.37868688614645857
2020-07-17 15:15:00,2020-07-17 23:45:00,1,1806.43,1809.97,0.3,104.0999999999989,611.2307800666345,TIME,tday900,0.1703121037010771
2020-07-17 18:15:00,2020-07-17 23:45:00,1,1810.14,1809.97,0.3,-7.200000000002182,611.2307800666345,TIME,tday,-0.011779511495179057
2020-07-17 01:07:00,2020-07-17 23:47:00,1,1798.4999999999998,1809.63,0.15,165.90000000000504,305.6153900333172,TIME,season,0.5428391547360202
2020-07-17 23:05:00,2020-07-17 23:55:00,1,1810.88,1809.54,1.1,-155.10000000001602,607.5650610973776,TIME,fri_close,-0.25528130225243045
2020-07-17 13:30:00,2020-07-17 23:59:00,1,1804.3600000000001,1809.41,0.3,149.39999999999864,611.2307800666345,EOD,lw,0.24442486352488912
2020-07-20 01:05:00,2020-07-20 23:45:00,1,1808.28,1817.89,0.3,286.2000000000038,602.3714386333036,TIME,strong_close,0.4751221283820354
2020-07-20 15:15:00,2020-07-20 23:45:00,1,1814.2,1817.89,0.3,108.60000000000164,602.3714386333036,TIME,tday900,0.18028743236299488
2020-07-20 18:15:00,2020-07-20 23:45:00,1,1817.14,1817.89,0.3,20.399999999999995,602.3714386333036,TIME,tday,0.033866147515700176
2020-07-20 01:07:00,2020-07-20 23:47:00,1,1808.1799999999998,1817.77,0.15,142.80000000000217,301.1857193166518,TIME,season,0.4741260652198098
2020-07-20 14:15:00,2020-07-21 15:16:00,1,1812.95,1834.59,0.36,747.9071999999954,611.6400000000026,TIME,inside,1.2227898763978684
2020-07-20 14:30:00,2020-07-21 15:31:00,1,1813.21,1839.59,0.3,765.4559999999964,602.3714386333036,TIME,lw,1.270737539842043
2020-07-21 15:15:00,2020-07-21 23:45:00,1,1833.6599999999999,1841.84,0.31,251.410000000002,611.0490232600506,TIME,tday900,0.41143998342176674
2020-07-21 18:15:00,2020-07-21 23:45:00,1,1838.45,1841.84,0.31,102.91999999999604,611.0490232600506,TIME,tday,0.16843165782493247
2020-07-21 01:07:00,2020-07-21 23:47:00,1,1818.26,1841.82,0.15,352.34999999999917,295.66888222260513,TIME,season,1.191704711538496
2020-07-21 11:45:00,2020-07-22 12:46:00,1,1824.27,1854.24,0.31,902.2612000000009,611.0490232600506,TIME,lw,1.476577435941692
2020-07-22 01:05:00,2020-07-22 23:45:00,1,1841.97,1871.34,0.17,498.0999999999982,344.8041570056941,TIME,strong_close,1.4445881520847574
2020-07-21 12:00:00,2020-07-24 23:59:00,1,1824.11,1900.83,0.5,3633.8000000000015,605.3596554242177,EOD,trendH4,6.002712548548589
2020-07-21 16:00:00,2020-07-24 23:59:00,1,1839.38,1900.83,0.46,2640.6759999999917,617.1973388407669,EOD,trendH4,4.278495440307253
2020-07-27 15:15:00,2020-07-27 23:45:00,1,1935.91,1941.18,0.29,150.79999999999947,648.0224025746825,TIME,tday900,0.2327080042307955
2020-07-27 18:15:00,2020-07-27 23:45:00,1,1941.43,1941.18,0.29,-9.28,648.0224025746825,TIME,tday,-0.014320492568049003
2020-07-27 01:07:00,2020-07-27 23:47:00,1,1904.88,1941.98,0.14,518.4199999999987,312.8384012429502,TIME,season,1.6571494993589162
2020-07-27 10:15:00,2020-07-28 06:04:00,1,1934.99,1947.6165998668268,0.29,341.09219613797825,648.0224025746825,SL,lw,0.526358648686792
2020-07-28 01:05:00,2020-07-28 06:04:00,1,1943.63,1945.0671998763391,0.27,36.91439666115399,649.2204022258954,SL,strong_close,0.05685957578441854
2020-07-28 01:07:00,2020-07-28 06:04:00,1,1944.4,1945.0671998763391,0.05,2.9859993816952737,120.22600041220285,SL,season,0.024836552588105534
2020-07-27 04:00:00,2020-07-28 10:37:00,1,1915.4099999999999,1915.3643824434969,0.3,-27.31252669508926,658.7561755650299,SL,trendH4,-0.04146075241216934
2020-07-27 08:00:00,2020-07-28 10:39:00,1,1932.11,1909.3026633213221,0.27,-639.1476903242994,647.4360301081009,SL,trendH4,-0.9871982104820185
2020-07-28 10:45:00,2020-07-28 15:43:00,-1,1914.0900000000001,1938.1152000824407,0.27,-650.5704022258936,649.2204022258954,SL,lw,-1.002079417090667
2020-07-29 01:07:00,2020-07-29 23:47:00,1,1962.29,1970.13,0.12,93.24000000000174,331.86651520433776,TIME,season,0.2809563355392808
2020-07-30 01:07:00,2020-07-30 17:42:00,1,1970.33,1941.8462815615692,0.11,-314.09090282273814,313.5409028227397,SL,season,-1.0017541570973576
2020-07-31 01:05:00,2020-07-31 23:00:00,1,1956.1599999999999,1974.04,0.15,267.1500000000016,646.6687602315021,TIME,friday,0.4131172192458533
2020-07-31 15:15:00,2020-07-31 23:45:00,1,1977.21,1973.52,0.23,-86.48000000000125,661.5758437922024,TIME,tday900,-0.13071819476402194
2020-07-31 01:07:00,2020-07-31 23:47:00,1,1956.01,1974.57,0.11,203.3899999999994,316.4058383354011,TIME,season,0.6428136758475328
2020-07-31 23:05:00,2020-07-31 23:55:00,1,1975.01,1974.81,0.5,-13.500000000002274,655.7390582293509,TIME,fri_close,-0.020587457511613592
2020-07-31 10:15:00,2020-07-31 23:59:00,1,1975.96,1975.11,0.23,-21.16000000000314,661.5758437922024,EOD,lw,-0.03198423914439263
2020-08-03 01:07:00,2020-08-03 23:47:00,1,1982.38,1975.87,0.11,-72.3800000000024,316.2847070257295,TIME,season,-0.22884445056053354
2020-08-04 18:15:00,2020-08-04 23:45:00,1,1994.27,2016.51,0.23,509.91000000000025,659.5431000045008,TIME,tday,0.7731261232154814
2020-08-04 01:07:00,2020-08-04 23:47:00,1,1977.4099999999999,2016.65,0.11,430.8700000000027,315.43365652389167,TIME,season,1.3659607688926738
2020-08-04 17:45:00,2020-08-05 18:46:00,1,1987.69,2044.73,0.23,1292.0295999999992,659.5431000045008,TIME,lw,1.9589767522261732
2020-08-05 01:05:00,2020-08-05 23:45:00,1,2021.78,2038.08,0.15,243.4499999999993,456.57346118285,TIME,strong_close,0.5332110179362827
2020-08-03 01:10:00,2020-08-06 03:13:00,1,1982.47,2037.51,0.11,560.9559999999997,631.799414051459,TIME,tom,0.8878704024159014
2020-08-06 15:15:00,2020-08-06 23:45:00,1,2060.05,2066.17,0.21,127.04999999999771,662.7554995377048,TIME,tday900,0.1916996540784943
2020-08-06 01:07:00,2020-08-06 23:47:00,1,2041.1899999999998,2066.21,0.1,249.50000000000213,315.59785692271663,TIME,season,0.7905630362410841
2020-08-06 15:00:00,2020-08-07 16:01:00,1,2059.5,2060.28,0.21,-1.7807999999957982,662.7554995377048,TIME,lw,-0.00268696374641624
2020-08-07 01:07:00,2020-08-07 17:03:00,1,2066.86,2035.0580561428908,0.1,-318.71943857109335,318.2194385710941,SL,season,-1.0015712427947343
2020-08-07 01:05:00,2020-08-07 20:20:00,1,2066.87,2019.1920842143359,0.14,-668.4708209992965,667.7708209992977,SL,friday,-1.0010482638324196
2020-08-07 23:05:00,2020-08-07 23:55:00,1,2031.23,2033.2,0.28,53.20000000000076,665.6400986366425,TIME,fri_close,0.07992306970232785
2020-08-04 20:00:00,2020-08-07 23:59:00,1,1999.8,2034.53,0.25,767.1500000000004,664.927568380982,EOD,trendH4,1.1537346870245095
2020-08-10 01:07:00,2020-08-10 23:47:00,1,2029.47,2025.44,0.1,-40.99999999999973,338.2180501017301,TIME,season,-0.12122357156180057
2020-08-11 01:07:00,2020-08-11 09:28:00,1,2028.19,1994.590466776268,0.1,-336.6953322373212,336.1953322373208,SL,season,-1.001487230642594
2020-08-11 10:15:00,2020-08-12 09:50:00,-1,2002.1100000000001,1913.164299835598,0.2,1784.3960032880414,672.3906644746417,SL,lw,2.653808414610042
2020-08-12 18:15:00,2020-08-12 23:45:00,1,1944.25,1917.09,0.17,-462.91000000000145,687.0597744603423,TIME,tday,-0.6737550606329683
2020-08-13 18:15:00,2020-08-13 23:45:00,1,1947.8500000000001,1954.03,0.15,91.64999999999755,655.8949832763309,TIME,tday,0.13973273517383358
2020-08-13 01:07:00,2020-08-13 23:47:00,1,1920.69,1954.95,0.07,239.32999999999996,306.0843255289544,TIME,season,0.7819087095897703
2020-08-13 20:00:00,2020-08-14 21:01:00,1,1953.98,1942.02,0.15,-192.37200000000055,655.8949832763309,TIME,lw,-0.2932969528735571
2020-08-14 01:05:00,2020-08-14 23:00:00,1,1951.85,1942.93,0.1,-89.89999999999846,666.5096273280217,TIME,friday,-0.13488177261654813
2020-08-14 01:07:00,2020-08-14 23:47:00,1,1951.8899999999999,1944.11,0.07,-54.949999999999825,311.2011594197435,TIME,season,-0.1765738922774516
2020-08-14 23:05:00,2020-08-14 23:55:00,1,1943.6,1943.52,0.43,-6.449999999996871,680.7645705597973,TIME,fri_close,-0.009474641129888696
2020-08-17 18:15:00,2020-08-17 23:45:00,1,1983.85,1984.36,0.15,6.599999999999864,651.4660825188772,TIME,tday,0.01013099557613365
2020-08-17 01:07:00,2020-08-17 23:47:00,1,1945.75,1984.39,0.07,269.9900000000007,304.01750517547606,TIME,season,0.8880738622079178
2020-08-17 15:45:00,2020-08-18 16:46:00,1,1961.3,2013.53,0.15,770.4780000000002,651.4660825188772,TIME,lw,1.1826832135618885
2020-08-17 16:30:00,2020-08-18 17:31:00,1,1966.1000000000001,1977.7,0.2,214.7039999999982,678.200000000003,TIME,inside,0.3165791801828329
2020-08-18 01:05:00,2020-08-18 23:45:00,1,1983.46,2002.05,0.15,277.79999999999876,670.6863623389577,TIME,strong_close,0.41420254771723186
2020-08-18 15:15:00,2020-08-18 23:45:00,1,2008.24,2002.05,0.08,-50.08000000000044,357.6993932474441,TIME,tday900,-0.14000582876403378
2020-08-18 01:07:00,2020-08-18 23:47:00,1,1983.2,2002.16,0.07,132.23000000000025,312.98696909151363,TIME,season,0.42247765261223313
2020-08-18 12:30:00,2020-08-19 13:31:00,1,2009.4,1987.75,0.15,-337.7220000000014,670.6863623389577,TIME,lw,-0.5035468424051842
2020-08-19 01:07:00,2020-08-19 17:58:00,1,2005.52,1961.181320426636,0.07,-310.8607570135485,310.5107570135484,SL,season,-1.0011271751206507
2020-08-20 01:07:00,2020-08-20 23:47:00,1,1931.03,1948.75,0.07,123.5500000000002,329.3114172268664,TIME,season,0.3751767887078303
2020-08-21 01:05:00,2020-08-21 23:00:00,1,1948.21,1938.21,0.1,-100.7,688.0410852983564,TIME,friday,-0.14635753903610754
2020-08-21 01:07:00,2020-08-21 23:47:00,1,1948.6499999999999,1938.03,0.07,-74.82999999999923,321.249173139233,TIME,season,-0.23293445168671942
2020-08-21 23:05:00,2020-08-21 23:55:00,1,1939.06,1939.0,0.42,-5.459999999997708,688.6256186434654,TIME,fri_close,-0.00792883658722057
2020-08-24 01:07:00,2020-08-24 23:47:00,1,1934.81,1926.42,0.07,-59.21999999999912,320.5828036292878,TIME,season,-0.1847260655580245
2020-08-24 15:15:00,2020-08-25 16:16:00,1,1958.81,1929.58,0.15,-451.4220000000003,686.9631506341881,TIME,lw,-0.657126950089329
2020-08-25 01:07:00,2020-08-25 23:47:00,1,1929.9499999999998,1926.71,0.07,-23.16999999999847,316.7890319414815,TIME,season,-0.07314015847707292
2020-08-26 01:07:00,2020-08-26 23:47:00,1,1928.72,1954.36,0.07,178.98999999999913,305.7562439456614,TIME,season,0.5854009641477967
2020-08-27 01:05:00,2020-08-27 17:09:00,1,1952.29,1910.1689616638735,0.15,-632.8655750418975,664.460383361265,SL,strong_close,-0.9524504257732556
2020-08-27 01:07:00,2020-08-27 17:09:00,1,1952.46,1910.1689616638735,0.07,-296.5272683528861,310.08151223525704,SL,season,-0.9562881263553455
2020-08-27 17:15:00,2020-08-28 18:16:00,-1,1923.4,1966.5600000000002,0.15,-643.2885000000011,664.460383361265,TIME,lw,-0.9681367258433633
2020-08-28 23:05:00,2020-08-28 23:55:00,1,1964.3799999999999,1964.31,0.44,-6.159999999997199,666.4372571615385,TIME,fri_close,-0.009243180710264627
2020-08-31 01:05:00,2020-08-31 23:45:00,1,1969.52,1968.74,0.14,-11.899999999999618,647.7431180383514,TIME,strong_close,-0.018371480404204072
2020-08-31 01:07:00,2020-08-31 23:47:00,1,1969.5,1968.94,0.07,-4.409999999999618,323.8715590191757,TIME,season,-0.013616509005468158
2020-08-31 01:45:00,2020-09-01 02:46:00,1,1974.9099999999999,1967.63,0.13,-105.8823999999967,671.7099999999988,TIME,inside,-0.15763112057286163
2020-09-01 15:15:00,2020-09-01 23:45:00,1,1989.92,1969.38,0.15,-309.14999999999947,668.5668776401963,TIME,tday900,-0.4624069937344028
2020-09-01 05:15:00,2020-09-02 06:16:00,1,1980.89,1963.87,0.25,-447.12000000000523,664.25,TIME,nr7,-0.6731200602182992
2020-09-01 10:15:00,2020-09-02 11:16:00,1,1987.18,1963.16,0.15,-373.27199999999976,668.5668776401963,TIME,lw,-0.5583166209452635
2020-09-01 01:10:00,2020-09-04 03:13:00,1,1968.4999999999998,1933.22,0.07,-275.26799999999827,623.5057524641833,TIME,tom,-0.44148429892122093
2020-09-04 01:05:00,2020-09-04 23:00:00,1,1931.96,1934.89,0.1,28.600000000000637,633.9285642039036,TIME,friday,0.04511549347191338
2020-09-04 23:05:00,2020-09-04 23:55:00,1,1934.1899999999998,1932.99,0.4,-50.79999999999272,663.8596570969951,TIME,fri_close,-0.0765221978123163
2020-09-08 10:15:00,2020-09-09 11:16:00,1,1931.24,1931.7,0.16,-6.476799999999418,635.5547066691685,TIME,lw,-0.010190782842193396
2020-09-09 18:15:00,2020-09-09 23:45:00,1,1946.01,1947.87,0.17,30.429999999998298,668.9235275619922,TIME,tday,0.045490999712486886
2020-09-10 01:05:00,2020-09-10 23:45:00,1,1946.46,1945.31,0.17,-20.740000000001547,658.6404184504213,TIME,strong_close,-0.03148910910872491
2020-09-10 16:15:00,2020-09-11 17:16:00,1,1959.14,1950.12,0.17,-168.04160000000354,658.6404184504213,TIME,lw,-0.25513405386713717
2020-09-11 01:05:00,2020-09-11 23:00:00,1,1946.56,1942.26,0.11,-48.0699999999995,623.0630241916613,TIME,friday,-0.0771511037143694
2020-09-11 23:05:00,2020-09-11 23:55:00,1,1942.58,1940.31,0.63,-147.41999999999885,669.2602544909412,TIME,fri_close,-0.22027305373472506
2020-09-14 18:15:00,2020-09-14 23:45:00,1,1959.51,1958.31,0.18,-22.86000000000082,654.1861803499944,TIME,tday,-0.034944180550818965
2020-09-14 15:15:00,2020-09-15 16:16:00,1,1947.98,1968.32,0.18,350.5535999999985,654.1861803499944,TIME,lw,0.5358621299710883
2020-09-15 15:15:00,2020-09-15 23:45:00,1,1970.43,1954.28,0.18,-291.9600000000016,640.3085960392805,TIME,tday900,-0.45596764092495645
2020-09-15 14:00:00,2020-09-16 15:01:00,1,1970.8400000000001,1964.26,0.18,-134.0064000000028,640.3085960392805,TIME,lw,-0.20928408712442464
2020-09-16 10:15:00,2020-09-17 11:16:00,1,1964.22,1942.22,0.19,-464.6336,660.0397746892949,TIME,lw,-0.7039478798360602
2020-09-18 01:05:00,2020-09-18 23:00:00,1,1944.68,1950.67,0.13,76.96000000000012,653.5919233320546,TIME,friday,0.11774931306931238
2020-09-18 18:15:00,2020-09-18 23:45:00,1,1954.78,1950.92,0.19,-74.6699999999981,637.2764894004636,TIME,tday,-0.11717049230899147
2020-09-18 23:05:00,2020-09-18 23:55:00,1,1950.74,1950.38,0.71,-30.529999999992892,663.7063316770681,TIME,fri_close,-0.045999259827533966
2020-09-18 11:45:00,2020-09-18 23:59:00,1,1955.31,1949.57,0.19,-110.39000000000017,637.2764894004636,EOD,lw,-0.17322151661965873
2020-09-21 11:45:00,2020-09-22 12:46:00,-1,1937.66,1904.2900000000002,0.2,672.8819999999978,646.9446888876712,TIME,lw,1.0400920071805861
2020-09-23 10:15:00,2020-09-24 11:16:00,-1,1882.64,1856.2900000000002,0.19,518.9336999999983,656.8157132699774,TIME,lw,0.7900750385773672
2020-09-25 01:05:00,2020-09-25 23:00:00,1,1870.08,1862.79,0.12,-88.31999999999957,631.7411868333168,TIME,friday,-0.13980408724451673
2020-09-25 23:05:00,2020-09-25 23:55:00,1,1862.7499999999998,1859.9,0.5700000000000001,-166.43999999998186,662.5647753024607,TIME,fri_close,-0.2512056272898028
2020-09-28 15:30:00,2020-09-29 16:31:00,1,1868.42,1888.01,0.19,355.77879999999845,650.7104489993226,TIME,lw,0.5467543982844032
2020-09-29 01:05:00,2020-09-29 23:45:00,1,1881.5,1897.68,0.19,306.0900000000012,650.9711312136569,TIME,strong_close,0.4702051831842888
2020-09-29 20:00:00,2020-09-30 21:01:00,1,1895.8,1891.92,0.19,-90.15119999999776,650.9711312136569,TIME,lw,-0.13848724724846362
2020-09-30 01:05:00,2020-09-30 23:45:00,1,1897.99,1885.28,0.2,-255.60000000000073,670.0875718629727,TIME,strong_close,-0.3814426811250706
2020-10-01 10:15:00,2020-10-02 11:16:00,1,1898.14,1910.71,0.2,234.10399999999873,652.1813167299034,TIME,lw,0.358955391690485
2020-10-02 01:05:00,2020-10-02 23:00:00,1,1905.09,1901.53,0.13,-47.18999999999929,628.4170135393947,TIME,friday,-0.07509344747719979
2020-10-02 23:05:00,2020-10-02 23:55:00,1,1901.87,1900.45,0.5700000000000001,-84.9299999999912,667.8301064107632,TIME,fri_close,-0.12717306270668963
2020-10-01 01:10:00,2020-10-02 23:59:00,1,1887.59,1898.47,0.1,100.1520000000011,651.4813167299035,EOD,tom,0.15372965797808588
2020-10-05 10:15:00,2020-10-06 11:16:00,-1,1887.78,1910.41,0.21,-469.47390000000235,670.0920135393944,TIME,lw,-0.7006110959601851
2020-10-08 15:30:00,2020-10-09 16:31:00,1,1898.44,1919.41,0.2,402.10400000000055,648.1262264841212,TIME,lw,0.6204100120763312
2020-10-09 01:05:00,2020-10-09 23:00:00,1,1894.36,1928.74,0.14,480.3400000000016,659.8130708220185,TIME,friday,0.7279940656549544
2020-10-09 23:05:00,2020-10-09 23:55:00,1,1928.6499999999999,1930.27,0.64,99.20000000000756,668.3743710795382,TIME,fri_close,0.14841981424240236
2020-10-09 10:15:00,2020-10-09 23:59:00,1,1909.96,1929.83,0.21,415.7999999999976,660.3030708220183,EOD,lw,0.6297108379071504
2020-10-12 01:05:00,2020-10-12 23:45:00,1,1927.1,1922.61,0.21,-95.76000000000019,668.9235657633029,TIME,strong_close,-0.14315536916497967
2020-10-13 10:15:00,2020-10-14 11:16:00,-1,1915.42,1896.53,0.22,421.61020000000224,674.4815639738256,TIME,lw,0.625087804499818
2020-10-15 15:15:00,2020-10-15 23:45:00,-1,1891.24,1908.39,0.21,-361.6200000000019,655.4190794394964,TIME,tday900,-0.5517385919086355
2020-10-16 01:05:00,2020-10-16 23:00:00,1,1909.21,1899.43,0.14,-137.89999999999964,637.333430908104,TIME,friday,-0.21637025976106877
2020-10-16 23:05:00,2020-10-16 23:55:00,1,1899.78,1898.66,0.8300000000000001,-98.76999999999096,672.2797679633975,TIME,fri_close,-0.14691800156236223
2020-10-16 11:00:00,2020-10-16 23:59:00,1,1909.45,1898.67,0.34,-368.8999999999991,672.5200000000012,EOD,inside,-0.5485338725985821
2020-10-19 10:15:00,2020-10-20 11:16:00,1,1909.04,1902.04,0.23,-180.8904,675.3179110255886,TIME,lw,-0.26785962144153147
2020-10-21 10:15:00,2020-10-22 11:16:00,1,1919.77,1918.08,0.24,-99.4656000000013,675.507987382384,TIME,lw,-0.1472456312255223
2020-10-22 15:00:00,2020-10-23 16:01:00,-1,1914.14,1910.76,0.24,87.69840000000261,669.1545597122137,TIME,lw,0.1310585106641423
2020-10-23 23:05:00,2020-10-23 23:55:00,1,1903.22,1901.42,0.76,-142.11999999999654,671.0680536224202,TIME,fri_close,-0.2117817995251508
2020-10-27 18:45:00,2020-10-28 15:25:00,1,1909.47,1882.6474367151402,0.25,-692.1840821214956,671.0640821214973,SL,lw,-1.0314724041454129
2020-10-30 01:05:00,2020-10-30 23:00:00,1,1869.4899999999998,1877.63,0.16,129.12000000000523,644.7642408469725,TIME,friday,0.20025924488366656
2020-10-30 23:05:00,2020-10-30 23:55:00,1,1878.15,1878.21,0.64,-0.6400000000034929,670.8058228467053,TIME,fri_close,-0.0009540763932064849
2020-10-30 15:00:00,2020-10-30 23:59:00,1,1879.46,1878.81,0.24,-17.280000000002183,645.3242408469725,EOD,lw,-0.026777236784600866
2020-11-02 11:45:00,2020-11-03 12:46:00,1,1889.07,1898.27,0.25,208.38000000000113,669.7332686763873,TIME,lw,0.31113879173395165
2020-11-03 01:05:00,2020-11-03 23:45:00,1,1895.24,1907.87,0.25,313.99999999999704,662.3773209137885,TIME,strong_close,0.47405004683254487
2020-11-04 01:05:00,2020-11-04 03:00:00,1,1909.56,1883.285270937488,0.25,-658.6182265628013,657.3682265628034,SL,strong_close,-1.0019015217795568
2020-11-03 15:30:00,2020-11-04 16:31:00,1,1905.88,1906.77,0.25,0.6299999999968158,662.3773209137885,TIME,lw,0.0009511195207101803
2020-11-02 01:10:00,2020-11-05 03:13:00,1,1879.26,1905.19,0.12,262.6320000000008,642.1039379293318,TIME,tom,0.4090178933444033
2020-11-05 11:00:00,2020-11-06 12:01:00,1,1918.13,1947.5,0.25,712.6299999999973,672.5740675226033,TIME,lw,1.0595561655015011
2020-11-06 01:05:00,2020-11-06 23:00:00,1,1946.61,1952.38,0.15,85.50000000000314,642.9243992867468,TIME,friday,0.13298608684762298
2020-11-06 23:05:00,2020-11-06 23:55:00,1,1952.29,1951.78,0.6,-34.79999999999946,666.3672089750079,TIME,fri_close,-0.05222345807430724
2020-11-05 20:00:00,2020-11-06 23:59:00,1,1947.9,1950.89,0.26,55.255200000000244,664.0202530387969,EOD,trendH4,0.08321312452012188
2020-11-06 16:00:00,2020-11-06 23:59:00,1,1958.79,1950.89,0.27,-215.1899999999963,674.238785595506,EOD,trendH4,-0.31915992463995474
2020-11-09 08:00:00,2020-11-09 13:59:00,1,1961.99,1937.6152872899092,0.27,-660.0072431724507,658.6572431724499,SL,trendH4,-1.002049624465524
2020-11-09 14:00:00,2020-11-10 15:01:00,-1,1938.28,1882.44,0.23,1290.6242999999981,651.5419694817058,TIME,lw,1.980876690148871
2020-11-11 15:45:00,2020-11-12 16:46:00,-1,1863.71,1878.04,0.19,-253.9862999999986,649.9906863366809,TIME,lw,-0.3907537528444512
2020-11-11 16:00:00,2020-11-12 17:01:00,-1,1858.48,1877.95,0.21,-388.6617000000006,669.2699999999991,TIME,inside,-0.5807248195795436
2020-11-13 01:05:00,2020-11-13 23:00:00,1,1877.38,1888.11,0.13,138.57999999999728,640.6737706290362,TIME,friday,0.216303532863433
2020-11-13 23:05:00,2020-11-13 23:55:00,1,1888.26,1889.24,0.89,80.99000000000161,674.201098170701,TIME,fri_close,0.12012736291849788
2020-11-13 14:30:00,2020-11-13 23:59:00,1,1886.14,1889.26,0.2,60.999999999997826,657.5679698759346,EOD,lw,0.09276607559140522
2020-11-16 14:00:00,2020-11-17 15:01:00,-1,1869.3400000000001,1888.7900000000002,0.21,-402.69390000000095,675.4187706290361,TIME,lw,-0.5962136640427701
2020-11-18 05:15:00,2020-11-19 06:16:00,-1,1876.48,1867.92,0.39,371.36969999999786,659.8800000000053,TIME,inside,0.5627836879432546
2020-11-18 14:00:00,2020-11-19 15:01:00,-1,1871.68,1861.43,0.21,235.4583,655.559246103608,TIME,lw,0.3591716559555427
2020-11-19 10:15:00,2020-11-20 11:16:00,-1,1858.17,1868.05,0.22,-211.32979999999742,671.1923278422853,TIME,lw,-0.31485729385401295
2020-11-20 23:05:00,2020-11-20 23:55:00,1,1872.51,1870.89,1.05,-177.44999999998853,675.5458870999801,TIME,fri_close,-0.26267645675670603
2020-11-20 16:15:00,2020-11-20 23:59:00,1,1877.64,1870.73,0.22,-153.5600000000018,656.9100187106935,EOD,lw,-0.23376108694671985
2020-11-23 18:15:00,2020-11-23 23:45:00,-1,1833.14,1836.67,0.23,-82.79999999999937,668.8303103717449,TIME,tday,-0.12379821715014384
2020-11-23 17:00:00,2020-11-24 18:02:00,-1,1841.56,1805.65,0.23,832.2342999999968,668.8303103717449,TIME,lw,1.2443130747729267
2020-11-24 15:15:00,2020-11-24 23:45:00,-1,1806.82,1807.01,0.22,-5.720000000001201,665.1456793985061,TIME,tday900,-0.00859961986849831
2020-11-24 18:15:00,2020-11-24 23:45:00,-1,1805.31,1807.01,0.22,-38.940000000001,665.1456793985061,TIME,tday,-0.0585435660278431
2020-11-24 12:30:00,2020-11-25 13:32:00,-1,1817.8700000000001,1809.7800000000002,0.22,184.0101999999982,665.1456793985061,TIME,lw,0.2766464636234266
2020-11-26 10:15:00,2020-11-27 15:15:00,1,1816.95,1793.7,0.22,-530.5255999999999,655.8231623385082,TIME,lw,-0.8089461160662165
2020-11-27 01:05:00,2020-11-27 20:45:00,1,1810.76,1786.66,0.15,-362.5499999999986,642.4315746234209,EOD,friday,-0.5643402571122338
2020-11-30 15:15:00,2020-11-30 23:45:00,-1,1770.3600000000001,1777.33,0.22,-154.8799999999956,645.9451756898362,TIME,tday900,-0.23977267085336107
2020-11-30 12:45:00,2020-12-01 13:02:00,-1,1771.49,1800.831144349538,0.22,-639.4749756898337,645.9451756898362,SL,lw,-0.9899833604406246
2020-12-02 01:05:00,2020-12-02 23:45:00,1,1813.38,1831.49,0.22,396.8799999999978,659.9846667937874,TIME,strong_close,0.6013473039124456
2020-12-03 01:05:00,2020-12-03 23:45:00,1,1829.79,1840.47,0.22,233.4200000000014,652.160047737088,TIME,strong_close,0.35791827605806115
2020-12-03 10:15:00,2020-12-04 11:17:00,1,1840.74,1841.13,0.22,-10.4455999999978,652.160047737088,TIME,lw,-0.016016927188721077
2020-12-04 01:05:00,2020-12-04 23:00:00,1,1841.49,1836.59,0.15,-74.55000000000136,651.3760193607087,TIME,friday,-0.1144500223897838
2020-12-04 23:05:00,2020-12-04 23:55:00,1,1837.16,1838.54,0.8,104.79999999999056,671.8972082751993,TIME,fri_close,0.15597623968258253
2020-12-07 10:45:00,2020-12-07 16:55:00,-1,1828.74,1856.990994449807,0.23,-651.3828723455603,650.2328723455619,SL,lw,-1.001768597142513
2020-12-08 01:05:00,2020-12-08 23:45:00,1,1863.2599999999998,1870.66,0.22,161.260000000007,650.8903151889155,TIME,strong_close,0.24775295658409457
2020-12-09 10:15:00,2020-12-10 11:17:00,-1,1859.71,1831.66,0.23,667.2828999999989,656.7272215632653,TIME,lw,1.0160731550180104
2020-12-11 01:05:00,2020-12-11 23:00:00,1,1837.52,1839.23,0.15,24.600000000000545,655.5287843820579,TIME,friday,0.03752695623151016
2020-12-11 23:05:00,2020-12-11 23:55:00,1,1839.1699999999998,1839.7,0.81,37.260000000016205,668.8744549608373,TIME,fri_close,0.05570552100423357
2020-12-14 10:30:00,2020-12-15 11:32:00,-1,1829.65,1845.8100000000002,0.23,-365.3757000000019,661.781131842017,TIME,lw,-0.5521095758396839
2020-12-16 01:05:00,2020-12-16 23:45:00,1,1854.3,1864.2,0.23,226.09000000000208,654.1918942923512,TIME,strong_close,0.3456019586494065
2020-12-17 01:05:00,2020-12-17 23:45:00,1,1863.8899999999999,1886.53,0.24,541.6800000000025,670.0296615503527,TIME,strong_close,0.8084418214361324
2020-12-17 10:15:00,2020-12-18 11:17:00,1,1874.99,1881.06,0.24,124.92479999999847,670.0296615503527,TIME,lw,0.18644667119801886
2020-12-18 01:05:00,2020-12-18 23:00:00,1,1884.88,1881.12,0.15,-57.450000000003264,637.852607153209,TIME,friday,-0.09006782970819474
2020-12-18 23:05:00,2020-12-18 23:55:00,1,1881.6299999999999,1880.51,0.8,-95.19999999999126,674.0419784803588,TIME,fri_close,-0.14123749416115236
2020-12-21 10:15:00,2020-12-21 12:06:00,1,1896.38,1869.1749717682803,0.24,-654.6006775612747,653.4006775612736,SL,lw,-1.0018365453866376
2020-12-23 11:15:00,2020-12-24 12:17:00,1,1871.4099999999999,1876.81,0.23,67.74880000000209,660.8521670239526,TIME,lw,0.10251733047210623
2020-12-28 13:30:00,2020-12-29 14:32:00,-1,1876.16,1878.69,0.24,-54.14159999999934,653.2489949975933,TIME,lw,-0.08288049490255826
2020-12-30 17:00:00,2020-12-31 18:02:00,1,1887.52,1899.31,0.25,233.38999999999908,665.6787848352108,TIME,lw,0.35060453377340983
2020-12-31 01:05:00,2020-12-31 23:45:00,1,1894.04,1898.2,0.25,102.25000000000205,651.255300204124,TIME,strong_close,0.15700448037498302
2021-01-04 01:05:00,2021-01-04 23:45:00,1,1909.05,1942.63,0.26,871.2600000000041,657.9722613399825,TIME,strong_close,1.3241591647429847
2021-01-04 01:07:00,2021-01-04 23:47:00,1,1908.77,1942.4,0.13,436.2800000000014,328.98613066999127,TIME,season,1.3261349319240376
2021-01-04 10:15:00,2021-01-05 11:17:00,1,1927.8400000000001,1941.98,0.26,345.1551999999967,657.9722613399825,TIME,lw,0.5245740896387889
2021-01-05 12:00:00,2021-01-06 17:26:00,1,1945.83,1924.6569599861539,0.07,-154.26488009692235,148.35128009692346,SL,trendH4,-1.0398621433946194
2021-01-04 08:00:00,2021-01-06 18:11:00,1,1921.95,1901.4530331186552,0.32,-709.0101402030356,656.5429402030355,SL,trendH4,-1.07991434647637
2021-01-04 01:10:00,2021-01-07 03:16:00,1,1908.55,1919.6,0.13,91.0779999999994,657.0622613399825,TIME,tom,0.13861395693957393
2021-01-07 01:07:00,2021-01-07 23:47:00,1,1920.83,1913.53,0.11,-81.0699999999995,314.21446316163036,TIME,season,-0.2580084926208425
2021-01-04 04:00:00,2021-01-08 10:00:00,1,1916.8,1897.7090519536478,0.32,-765.7519374832702,658.0367791610903,SL,trendH4,-1.163691698903977
2021-01-08 01:07:00,2021-01-08 10:00:00,1,1915.68,1887.6775453175248,0.12,-336.8694561897026,336.26945618970336,SL,season,-1.0017842833744042
2021-01-08 01:05:00,2021-01-08 16:42:00,1,1916.33,1874.351317976287,0.16,-672.7789123794074,671.9789123794069,SL,friday,-1.0011905135492538
2021-01-08 23:05:00,2021-01-08 23:55:00,1,1848.14,1848.91,0.29,20.299999999999468,661.3820745322416,TIME,fri_close,0.030693302376476588
2021-01-11 01:07:00,2021-01-11 03:15:00,1,1853.8700000000001,1821.4955777948446,0.1,-324.44422205155496,323.9442220515562,SL,season,-1.0015434755922863
2021-01-12 01:07:00,2021-01-12 23:47:00,1,1846.6599999999999,1855.16,0.1,84.30000000000227,329.4410633335879,TIME,season,0.2558879550320087
2021-01-12 12:00:00,2021-01-13 13:02:00,1,1862.8600000000001,1854.06,0.2,-193.29600000000363,658.8821266671758,TIME,lw,-0.29336962132779804
2021-01-13 01:07:00,2021-01-13 23:47:00,1,1855.4599999999998,1846.87,0.1,-86.59999999999918,325.3381302383316,TIME,season,-0.26618459980869436
2021-01-14 01:07:00,2021-01-14 23:47:00,1,1847.87,1846.77,0.1,-11.69999999999909,317.2211209355937,TIME,season,-0.036882790040876794
2021-01-14 20:00:00,2021-01-15 18:13:00,1,1855.48,1823.7778879064406,0.21,-683.9051539647481,666.1643539647467,SL,lw,-1.0266312658346475
2021-01-15 01:05:00,2021-01-15 23:00:00,1,1848.18,1825.61,0.14,-316.96000000000237,661.7861858244075,TIME,friday,-0.4789462318636275
2021-01-15 01:07:00,2021-01-15 23:47:00,1,1847.97,1827.63,0.1,-204.09999999999917,315.36961229733697,TIME,season,-0.6471771281741929
2021-01-15 23:05:00,2021-01-15 23:55:00,1,1826.36,1827.59,0.54,62.64000000000098,660.6508559018944,TIME,fri_close,0.0948155889611122
2021-01-18 01:07:00,2021-01-19 04:47:00,1,1826.92,1841.21,0.1,134.25199999999964,316.99321141895575,TIME,season,0.4235169560857402
2021-01-19 01:05:00,2021-01-19 23:45:00,1,1838.7499999999998,1840.06,0.2,24.80000000000346,643.9016783494892,TIME,strong_close,0.03851519701513002
2021-01-19 01:07:00,2021-01-19 23:47:00,1,1838.8,1839.84,0.1,9.699999999999639,321.9508391747446,TIME,season,0.03012882347150768
2021-01-20 01:07:00,2021-01-20 23:47:00,1,1840.82,1871.22,0.1,303.3000000000009,307.93292209083427,TIME,season,0.9849547685275862
2021-01-20 10:15:00,2021-01-21 11:17:00,1,1854.74,1870.82,0.21,286.13759999999843,646.6591363907519,TIME,lw,0.44248597738375756
2021-01-21 01:05:00,2021-01-21 23:45:00,1,1871.76,1869.0,0.21,-59.42999999999981,659.629198077127,TIME,strong_close,-0.09009607241953982
2021-01-21 01:07:00,2021-01-21 23:47:00,1,1871.68,1870.05,0.1,-17.00000000000109,314.10914194148904,TIME,season,-0.054121315587713076
2021-01-22 01:07:00,2021-01-22 15:00:00,1,1869.96,1839.6070082482904,0.1,-304.2299175170962,303.7299175170969,SL,season,-1.0016461993737287
2021-01-22 01:05:00,2021-01-22 23:00:00,1,1870.09,1854.21,0.14,-223.29999999999836,637.3428267859036,TIME,friday,-0.35036088995633957
2021-01-22 23:05:00,2021-01-22 23:55:00,1,1853.55,1854.64,0.68,69.36000000000989,655.4889558592524,TIME,fri_close,0.10581413978072114
2021-01-25 01:07:00,2021-01-25 23:47:00,1,1857.27,1855.6,0.1,-17.400000000000727,306.0420662658757,TIME,season,-0.05685492916808496
2021-01-26 01:07:00,2021-01-26 23:47:00,1,1855.33,1850.63,0.11,-52.46999999999801,329.02153911443014,TIME,season,-0.15947284223769165
2021-01-27 01:07:00,2021-01-27 23:47:00,1,1852.44,1843.69,0.11,-97.02,316.0800006062567,TIME,season,-0.30694760761171525
2021-01-28 01:07:00,2021-01-28 23:47:00,1,1843.24,1842.33,0.11,-10.7800000000009,310.7964291343813,TIME,season,-0.034685083191029434
2021-01-28 16:00:00,2021-01-29 17:02:00,1,1857.18,1863.61,0.23,127.99959999999622,649.8470790991609,TIME,lw,0.19696880099458697
2021-01-29 01:05:00,2021-01-29 23:00:00,1,1843.4399999999998,1841.73,0.15,-26.699999999997136,638.1774709208216,TIME,friday,-0.04183789183512213
2021-01-29 01:07:00,2021-01-29 23:47:00,1,1842.81,1847.31,0.11,48.73,312.25454133906834,TIME,season,0.15605857897543104
2021-01-29 23:05:00,2021-01-29 23:55:00,1,1843.45,1847.38,0.42,162.12000000000268,659.967122738048,TIME,fri_close,0.24564860038391761
2021-01-29 12:45:00,2021-01-29 23:57:00,1,1855.96,1848.57,0.23,-171.58000000000231,652.8958591635065,EOD,lw,-0.26279841967420575
2021-02-01 01:10:00,2021-02-04 03:16:00,1,1853.16,1832.59,0.11,-270.75400000000184,635.9227196296982,TIME,tom,-0.42576557125945047
2021-02-04 18:15:00,2021-02-04 23:45:00,-1,1789.74,1793.32,0.23,-83.94999999999833,643.9202059966913,TIME,tday,-0.13037329659512145
2021-02-04 04:00:00,2021-02-05 05:02:00,-1,1826.8700000000001,1794.39,0.36,1179.1476000000007,648.7199999999934,TIME,inside,1.817652608213116
2021-02-04 10:15:00,2021-02-05 11:17:00,-1,1824.23,1805.5300000000002,0.23,436.4042999999958,643.9202059966913,TIME,lw,0.6777304018974025
2021-02-05 23:05:00,2021-02-05 23:55:00,1,1810.6899999999998,1813.34,0.68,175.44000000000622,662.3261674389828,TIME,fri_close,0.26488459708360945
2021-02-05 19:15:00,2021-02-05 23:57:00,1,1814.52,1813.67,0.22,-20.239999999998,650.1391270653843,EOD,lw,-0.03113179803737988
2021-02-08 01:05:00,2021-02-08 23:45:00,1,1817.81,1831.1,0.23,304.05999999999915,669.3215551706168,TIME,strong_close,0.4542809022824481
2021-02-08 15:00:00,2021-02-09 16:02:00,1,1825.52,1846.4,0.23,460.3496000000025,669.3215551706168,TIME,lw,0.6877854096341702
2021-02-09 11:00:00,2021-02-10 12:02:00,1,1844.31,1839.72,0.22,-120.00559999999821,643.8648595614793,TIME,lw,-0.18638321103861935
2021-02-11 19:00:00,2021-02-12 20:02:00,-1,1829.93,1819.69,0.24,252.33840000000018,673.8431981403895,TIME,lw,0.3744764370945355
2021-02-12 15:15:00,2021-02-12 23:46:00,-1,1815.18,1822.96,0.24,-188.39999999999935,671.1058268446476,TIME,tday900,-0.28073068726850964
2021-02-12 10:15:00,2021-02-12 23:57:00,-1,1814.92,1824.75,0.24,-237.59999999999826,671.1058268446476,EOD,lw,-0.35404252279722737
2021-02-15 12:15:00,2021-02-16 17:15:00,-1,1816.6200000000001,1806.52,0.24,248.97840000000326,657.88398207003,TIME,lw,0.3784533546729523
2021-02-16 15:00:00,2021-02-17 16:02:00,-1,1807.27,1778.88,0.34,974.5793999999956,669.8000000000037,TIME,inside,1.4550304568527774
2021-02-17 18:15:00,2021-02-17 23:45:00,-1,1770.04,1776.45,0.25,-162.00000000000205,675.2537891679159,TIME,tday,-0.23990979776600319
2021-02-18 11:00:00,2021-02-19 03:29:00,1,1787.89,1760.9977164023346,0.25,-693.9270899416371,672.8070899416361,SL,lw,-1.0313908701554155
2021-02-19 01:05:00,2021-02-19 23:00:00,1,1776.73,1781.9,0.17,86.70000000000125,675.536929473293,TIME,friday,0.1283423543811292
2021-02-19 23:05:00,2021-02-19 23:55:00,1,1781.6999999999998,1782.96,0.6,71.4000000000131,666.2269533026079,TIME,fri_close,0.10717068657470302
2021-02-19 17:00:00,2021-02-19 23:57:00,1,1786.96,1783.33,0.25,-92.50000000000273,662.8744406600911,EOD,lw,-0.13954377228346765
2021-02-22 10:15:00,2021-02-23 11:17:00,1,1795.03,1808.05,0.25,303.87999999999954,671.0619806129416,TIME,lw,0.45283447547190564
2021-02-23 01:05:00,2021-02-23 23:45:00,1,1809.7399999999998,1805.02,0.24,-114.95999999999519,653.1809655749652,TIME,strong_close,-0.1760002297354167
2021-02-24 16:00:00,2021-02-25 17:02:00,-1,1790.47,1779.7,0.25,293.30749999999955,668.3506363448327,TIME,lw,0.438852727969378
2021-02-25 18:15:00,2021-02-25 23:45:00,-1,1777.4,1771.5,0.25,145.75000000000227,674.7184480344874,TIME,tday,0.21601602924091448
2021-02-25 10:15:00,2021-02-26 11:17:00,-1,1792.1200000000001,1767.3700000000001,0.25,625.6025,674.7184480344874,TIME,lw,0.9272052688383333
2021-02-26 18:15:00,2021-02-26 23:46:00,-1,1727.23,1735.3700000000001,0.24,-197.0400000000024,670.3947308193143,TIME,tday,-0.29391639125682345
2021-02-26 17:00:00,2021-02-26 23:57:00,-1,1744.8,1734.68,0.24,241.19999999999735,670.3947308193143,EOD,lw,0.35978803071023224
2021-03-03 01:05:00,2021-03-03 17:43:00,1,1738.34,1707.4276271925103,0.22,-681.6122017647722,680.5122017647709,SL,strong_close,-1.0016164295028784
2021-03-01 01:10:00,2021-03-04 03:16:00,1,1738.8600000000001,1713.88,0.11,-319.2640000000002,662.0750387331071,TIME,tom,-0.48221724324620024
2021-03-05 01:05:00,2021-03-05 23:00:00,1,1697.98,1698.07,0.14,0.27999999999885417,662.5615361927582,TIME,friday,0.00042260225609805715
2021-03-05 23:05:00,2021-03-05 23:55:00,1,1698.79,1700.72,0.59,109.74000000000376,674.6584358498128,TIME,fri_close,0.16266008719178487
2021-03-08 15:15:00,2021-03-08 23:45:00,-1,1689.38,1681.96,0.22,161.7000000000016,677.2236032351323,TIME,tday900,0.23876899627767303
2021-03-08 18:15:00,2021-03-08 23:45:00,-1,1681.63,1681.96,0.22,-8.799999999998398,677.2236032351323,TIME,tday,-0.012994231089938895
2021-03-08 11:15:00,2021-03-09 12:17:00,-1,1692.57,1702.3100000000002,0.22,-208.24980000000522,677.2236032351323,TIME,lw,-0.30750523018569514
2021-03-10 01:05:00,2021-03-10 23:45:00,1,1715.6,1725.91,0.21,215.04000000000363,670.6359201951494,TIME,strong_close,0.32065088302670813
2021-03-11 01:05:00,2021-03-11 23:45:00,1,1726.79,1722.52,0.21,-91.13999999999962,650.7233544669247,TIME,strong_close,-0.14005951895588856
2021-03-11 10:15:00,2021-03-12 10:58:00,1,1737.0800000000002,1706.1131735968133,0.21,-668.4641544669231,650.7233544669247,SL,lw,-1.027263198528554
2021-03-12 01:05:00,2021-03-12 23:00:00,1,1721.8999999999999,1723.45,0.14,20.720000000002546,634.7581148621443,TIME,friday,0.03264235543408922
2021-03-12 23:05:00,2021-03-12 23:55:00,1,1724.61,1726.87,0.65,142.3499999999994,672.6319933582141,TIME,fri_close,0.2116313250122048
2021-03-15 01:05:00,2021-03-15 23:45:00,1,1728.74,1731.52,0.22,59.61999999999941,665.2781661584124,TIME,strong_close,0.08961664914432652
2021-03-16 01:05:00,2021-03-16 23:45:00,1,1732.02,1731.8,0.23,-6.670000000000628,667.1132197446927,TIME,strong_close,-0.009998302840638157
2021-03-16 17:30:00,2021-03-17 18:32:00,1,1739.89,1728.96,0.23,-271.28040000000146,667.1132197446927,TIME,lw,-0.40664821498189124
2021-03-18 15:15:00,2021-03-18 23:45:00,-1,1729.8300000000002,1736.5,0.24,-161.7599999999963,671.7932962032995,TIME,tday900,-0.24078835099158855
2021-03-18 18:15:00,2021-03-18 23:45:00,-1,1727.0,1736.5,0.24,-229.67999999999998,671.7932962032995,TIME,tday,-0.3418908781883613
2021-03-18 14:30:00,2021-03-19 15:32:00,-1,1732.64,1743.69,0.24,-258.6215999999989,671.7932962032995,TIME,lw,-0.38497198686206346
2021-03-19 23:05:00,2021-03-19 23:55:00,1,1742.88,1745.1,0.87,187.0499999999826,670.6984369837803,TIME,fri_close,0.2788883791666061
2021-03-22 01:05:00,2021-03-22 23:45:00,1,1743.87,1738.62,0.24,-127.68,668.6552400936615,TIME,strong_close,-0.19095042159860334
2021-03-23 18:15:00,2021-03-23 23:45:00,-1,1727.0,1727.68,0.24,-18.000000000001528,654.6141515155427,TIME,tday,-0.027497114076022455
2021-03-23 17:15:00,2021-03-24 18:17:00,-1,1727.1100000000001,1730.3000000000002,0.24,-69.98160000000132,654.6141515155427,TIME,lw,-0.10690511324569145
2021-03-25 15:00:00,2021-03-26 16:02:00,-1,1728.3,1725.21,0.26,87.4665999999979,669.8786780950885,TIME,lw,0.13057080761060155
2021-03-26 23:05:00,2021-03-26 23:55:00,1,1732.04,1732.66,0.99,54.450000000011705,668.7321411213252,TIME,fri_close,0.08142273513085574
2021-03-29 18:15:00,2021-03-29 23:45:00,-1,1710.89,1711.76,0.26,-24.439999999997163,647.0181459085203,TIME,tday,-0.03777328372402812
2021-03-29 11:15:00,2021-03-30 12:17:00,-1,1725.0900000000001,1699.66,0.26,668.3066000000016,647.0181459085203,TIME,lw,1.032902406564794
2021-03-30 15:15:00,2021-03-30 23:45:00,-1,1689.3500000000001,1684.43,0.26,126.1000000000019,651.8368497721971,TIME,tday900,0.19345331587815437
2021-03-30 18:15:00,2021-03-30 23:45:00,-1,1685.57,1684.43,0.26,27.81999999999669,651.8368497721971,TIME,tday,0.042679391338061326
2021-03-30 10:30:00,2021-03-31 11:32:00,-1,1701.1200000000001,1684.74,0.26,433.00660000000283,651.8368497721971,TIME,lw,0.6642867769002769
2021-03-31 18:00:00,2021-04-01 19:02:00,1,1704.2,1727.72,0.26,547.7055999999994,671.6699319313258,TIME,lw,0.8154386164423377
2021-04-01 16:15:00,2021-04-05 17:17:00,1,1723.46,1729.74,0.25,135.3799999999993,666.4374392243978,TIME,lw,0.20313984784161437
2021-04-05 01:05:00,2021-04-05 23:45:00,1,1728.8500000000001,1728.05,0.25,-21.750000000004547,663.2276221369409,TIME,strong_close,-0.03279417092117687
2021-04-01 01:10:00,2021-04-07 03:16:00,1,1707.76,1742.08,0.12,382.38719999999927,638.9399416554219,TIME,tom,0.5984712726039271
2021-04-06 11:00:00,2021-04-07 12:02:00,1,1733.63,1737.74,0.26,84.3751999999974,663.4241036636744,TIME,lw,0.1271813905072882
2021-04-07 01:05:00,2021-04-07 23:45:00,1,1743.4,1736.6,0.27,-185.4900000000049,675.1775285328287,TIME,strong_close,-0.2747277451651532
2021-04-08 10:15:00,2021-04-09 11:18:00,1,1744.32,1745.41,0.28,6.305600000004073,677.8309534019832,TIME,lw,0.009302614417882122
2021-04-09 01:05:00,2021-04-09 23:01:00,1,1755.96,1742.73,0.18,-239.40000000000032,655.6767975614696,TIME,friday,-0.3651189136024851
2021-04-09 23:05:00,2021-04-09 23:55:00,1,1742.86,1743.43,0.97,48.50000000001588,678.755413861018,TIME,fri_close,0.07145431035920509
2021-04-13 10:15:00,2021-04-13 16:56:00,-1,1724.93,1748.8788489773033,0.28,-672.5277713644901,671.1277713644889,SL,lw,-1.002086040929516
2021-04-12 17:45:00,2021-04-13 18:47:00,-1,1731.46,1744.0900000000001,0.27,-333.6093000000029,660.0334548785077,TIME,lw,-0.5054430158565377
2021-04-14 01:05:00,2021-04-14 23:45:00,1,1745.83,1736.25,0.28,-270.19999999999794,673.7300734098823,TIME,strong_close,-0.4010508223752902
2021-04-15 10:15:00,2021-04-16 11:17:00,1,1747.14,1765.8,0.28,498.26559999999597,659.3664967377476,TIME,lw,0.755673214312818
2021-04-16 01:05:00,2021-04-16 23:00:00,1,1764.13,1775.94,0.18,211.31999999999903,658.0242866197686,TIME,friday,0.3211431618816643
2021-04-16 23:05:00,2021-04-16 23:55:00,1,1775.75,1776.66,0.92,77.28000000000753,678.0326184630032,TIME,fri_close,0.11397681747994592
2021-04-15 20:00:00,2021-04-16 23:57:00,1,1767.6200000000001,1776.76,0.4,331.0079999999949,665.4813210988436,EOD,trendH4,0.49739637989152585
2021-04-16 14:00:00,2021-04-16 23:57:00,1,1778.38,1776.76,0.27,-45.63000000000319,658.6542866197688,EOD,lw,-0.069277617905104
2021-04-16 16:00:00,2021-04-16 23:57:00,1,1780.89,1776.76,0.41000000000000003,-172.20000000000448,675.5680186511921,EOD,trendH4,-0.2548966132881942
2021-04-19 12:00:00,2021-04-19 16:18:00,1,1787.16,1769.9836751129255,0.39,-672.6066705959072,670.656670595912,SL,trendH4,-1.0029075980087732
2021-04-19 11:00:00,2021-04-20 13:32:00,1,1787.17,1768.7,0.27,-522.0396000000007,658.1439804326425,TIME,lw,-0.7931996880938255
2021-04-20 19:30:00,2021-04-21 20:32:00,1,1780.24,1792.62,0.27,310.91039999999686,656.2815532588821,TIME,lw,0.47374545034233595
2021-04-21 01:05:00,2021-04-21 23:45:00,1,1778.53,1794.05,0.28,432.59999999999957,665.7148290641087,TIME,strong_close,0.6498277957968396
2021-04-21 10:15:00,2021-04-22 11:17:00,1,1788.14,1791.13,0.28,14.996800000000249,665.7148290641087,TIME,lw,0.022527363587624166
2021-04-22 01:05:00,2021-04-22 23:46:00,1,1794.1399999999999,1784.15,0.28,-281.6799999999939,661.1637698452436,TIME,strong_close,-0.426036653620518
2021-04-21 20:00:00,2021-04-23 17:17:00,1,1790.95,1773.1734777343718,0.37,-777.9517238282461,658.471323828244,SL,trendH4,-1.181451181966988
2021-04-23 01:05:00,2021-04-23 23:00:00,1,1784.4399999999998,1776.33,0.19,-155.4199999999981,666.0495324685272,TIME,friday,-0.23334600870295208
2021-04-23 23:05:00,2021-04-23 23:55:00,1,1776.49,1776.38,0.93,-16.739999999990697,666.9792045625048,TIME,fri_close,-0.025098233776225533
2021-04-23 15:15:00,2021-04-23 23:57:00,1,1792.48,1776.49,0.28,-449.68000000000035,655.0177862848689,EOD,lw,-0.6865157090626443
2021-04-27 01:05:00,2021-04-27 23:45:00,1,1781.55,1776.39,0.29,-151.66999999999578,666.3504902664253,TIME,strong_close,-0.22761294876417656
2021-04-28 10:15:00,2021-04-29 04:36:00,-1,1767.01,1789.1770600331613,0.3,-636.1428009948393,665.6118009948419,SL,lw,-0.9557264460216037
2021-04-29 13:30:00,2021-04-30 14:32:00,-1,1773.22,1771.47,0.3,60.723,661.053815209496,TIME,lw,0.0918578769275481
2021-04-30 23:05:00,2021-04-30 23:55:00,1,1768.1599999999999,1768.91,0.86,58.48000000001956,661.4876723711355,TIME,fri_close,0.08840678737125227
2021-05-03 10:15:00,2021-05-04 11:47:00,1,1780.32,1788.75,0.3,226.95600000000192,657.8137488285962,TIME,lw,0.3450155920336942
2021-05-04 01:30:00,2021-05-05 01:12:00,1,1792.83,1777.79,0.29,-461.2391999999989,656.6275793056682,TIME,strong_close,-0.7024365325741008
2021-05-03 01:10:00,2021-05-06 03:47:00,1,1766.79,1783.93,0.15,196.44000000000148,656.7637488285961,TIME,tom,0.29910298848006134
2021-05-06 01:05:00,2021-05-06 23:45:00,1,1787.07,1815.32,0.29,817.2199999999999,657.5415352176425,TIME,strong_close,1.2428416400030224
2021-05-06 18:15:00,2021-05-06 23:45:00,1,1814.89,1815.32,0.29,10.439999999995253,657.5415352176425,TIME,tday,0.015877324002870286
2021-05-06 10:15:00,2021-05-07 11:17:00,1,1795.22,1820.17,0.29,698.4708000000012,657.5415352176425,TIME,lw,1.06224590020585
2021-05-07 01:05:00,2021-05-07 23:00:00,1,1814.82,1832.05,0.18,308.88000000000034,637.6307114812621,TIME,friday,0.48441832307990595
2021-05-07 23:05:00,2021-05-07 23:55:00,1,1831.9099999999999,1830.81,0.66,-77.219999999994,665.0726158055376,TIME,fri_close,-0.11610762218267692
2021-05-06 20:00:00,2021-05-07 23:57:00,1,1815.97,1831.28,0.38,548.917599999998,662.2465989840828,EOD,trendH4,0.8288719048796372
2021-05-07 08:00:00,2021-05-07 23:57:00,1,1819.3799999999999,1831.28,0.4,473.2000000000036,657.0409055831349,EOD,trendH4,0.7201986907954089
2021-05-07 16:00:00,2021-05-07 23:57:00,1,1839.05,1831.28,0.37,-290.0799999999993,665.4287359921206,EOD,trendH4,-0.43592947570486973
2021-05-10 15:15:00,2021-05-10 23:45:00,1,1841.78,1835.84,0.28,-168.28000000000154,675.7614258708451,TIME,tday900,-0.24902279644497502
2021-05-10 16:30:00,2021-05-11 16:23:00,1,1844.71,1820.5956633617557,0.28,-699.4158258708425,675.7614258708451,SL,lw,-1.0350040696234093
2021-05-12 01:05:00,2021-05-12 23:26:00,1,1837.1499999999999,1813.6234036129422,0.28,-660.7046988376151,659.3046988376162,SL,strong_close,-1.0021234491464526
2021-05-14 01:05:00,2021-05-14 23:00:00,1,1827.28,1843.36,0.18,288.1799999999987,640.9678026231858,TIME,friday,0.449601366590663
2021-05-14 18:15:00,2021-05-14 23:46:00,1,1837.28,1843.71,0.28,178.0800000000018,665.3606842018223,TIME,tday,0.2676443081599111
2021-05-14 23:05:00,2021-05-14 23:56:00,1,1842.72,1843.21,0.96,40.320000000000874,665.3596328254257,TIME,fri_close,0.0605988070373062
2021-05-14 11:30:00,2021-05-14 23:57:00,1,1834.67,1843.26,0.28,238.5599999999977,665.3606842018223,EOD,lw,0.35854237508213793
2021-05-17 01:05:00,2021-05-17 23:46:00,1,1843.84,1866.4,0.28,629.7200000000048,670.7349210445491,TIME,strong_close,0.9388507743406725
2021-05-17 18:15:00,2021-05-17 23:46:00,1,1863.3600000000001,1866.4,0.28,83.15999999999899,670.7349210445491,TIME,tday,0.12398340594894364
2021-05-17 10:15:00,2021-05-18 11:19:00,1,1854.3300000000002,1869.27,0.28,394.1055999999952,670.7349210445491,TIME,lw,0.5875728065362193
2021-05-18 01:05:00,2021-05-18 23:46:00,1,1866.98,1869.73,0.28,75.04,675.1252838270817,TIME,strong_close,0.1111497403483704
2021-05-19 20:00:00,2021-05-19 22:00:00,1,1882.19,1862.4424107203722,0.34,-673.7980355073469,672.0980355073518,SL,trendH4,-1.0025293929013075
2021-05-19 18:15:00,2021-05-19 23:45:00,1,1883.45,1869.86,0.29,-396.14000000000414,673.8585510275759,TIME,tday,-0.5878681800444989
2021-05-20 18:15:00,2021-05-20 23:45:00,1,1879.31,1877.34,0.27,-55.08000000000074,655.7615798292593,TIME,tday,-0.08399394184444585
2021-05-21 01:05:00,2021-05-21 23:00:00,1,1878.1399999999999,1879.51,0.18,23.400000000002127,647.0557526985978,TIME,friday,0.03616380799090427
2021-05-21 23:05:00,2021-05-21 23:55:00,1,1880.1,1881.67,0.75,112.50000000001228,663.7827778871795,TIME,fri_close,0.16948315585725163
2021-05-17 08:00:00,2021-05-21 23:57:00,1,1852.93,1881.28,0.37,869.9143999999967,669.7853328653713,EOD,trendH4,1.2987958340002228
2021-05-17 20:00:00,2021-05-21 23:57:00,1,1868.16,1881.28,0.35000000000000003,289.84199999999623,665.7860512983959,EOD,trendH4,0.4353380480632706
2021-05-18 04:00:00,2021-05-21 23:57:00,1,1869.3300000000002,1881.28,0.29,229.27399999999477,520.5556229316363,EOD,trendH4,0.44044092485022474
2021-05-21 15:30:00,2021-05-21 23:57:00,1,1885.49,1881.28,0.02,-8.560000000000073,43.179999999999964,EOD,inside,-0.19823992589161835
2021-05-25 18:15:00,2021-05-25 23:45:00,1,1892.08,1899.72,0.29,219.53000000000287,661.8958586500058,TIME,tday,0.3316684900367157
2021-05-25 10:15:00,2021-05-26 11:17:00,1,1885.74,1908.86,0.29,645.4007999999967,661.8958586500058,TIME,lw,0.9750790725845419
2021-05-26 01:05:00,2021-05-26 23:45:00,1,1899.06,1896.18,0.29,-85.54999999999656,671.809725889291,TIME,strong_close,-0.12734260416779755
2021-05-26 08:00:00,2021-05-27 16:33:00,1,1906.67,1888.5880847817598,0.37,-759.8436630748905,669.7708630748922,SL,trendH4,-1.1344830074967394
2021-05-26 15:30:00,2021-05-27 16:34:00,1,1910.44,1888.54,0.29,-706.2776000000025,671.809725889291,TIME,lw,-1.0513060064218116
2021-05-28 01:05:00,2021-05-28 23:00:00,1,1897.7699999999998,1903.86,0.2,120.40000000000292,675.7447590180694,TIME,friday,0.17817378291613717
2021-05-28 23:05:00,2021-05-28 23:55:00,1,1904.04,1903.15,0.85,-81.59999999998918,672.962224201997,TIME,fri_close,-0.12125494874062359
2021-05-25 20:00:00,2021-05-28 23:57:00,1,1895.48,1903.76,0.35000000000000003,148.25999999999908,666.8865594266355,EOD,trendH4,0.22231667126035284
2021-05-31 01:05:00,2021-06-01 04:45:00,1,1903.99,1912.34,0.3,224.55599999999728,678.8701333739212,TIME,strong_close,0.3307790237935125
2021-06-01 01:15:00,2021-06-01 09:10:00,1,1907.4699999999998,1913.65,0.56,342.16000000001634,670.1387101950144,TIME,drift,0.510580861536033
2021-06-01 04:45:00,2021-06-01 16:56:00,1,1912.55,1902.14,0.65,-681.1999999999905,677.9499999999936,SL,nr7,-1.004793863854262
2021-06-01 10:15:00,2021-06-02 11:17:00,1,1913.07,1899.24,0.31,-455.5387999999977,670.5899136897386,TIME,lw,-0.6793105453875966
2021-06-03 01:15:00,2021-06-03 09:12:00,1,1908.75,1898.33,0.48,-503.52000000000345,669.8318054651656,TIME,drift,-0.7517110950715953
2021-06-03 01:05:00,2021-06-03 15:30:00,1,1908.6,1887.300527417122,0.31,-662.4536500692117,660.9036500692135,SL,strong_close,-1.0023452737775556
2021-06-01 01:10:00,2021-06-04 03:18:00,1,1907.7199999999998,1870.0,0.15,-626.459999999997,647.9079809900696,TIME,tom,-0.9668965630623998
2021-06-04 01:05:00,2021-06-04 23:00:00,1,1871.54,1891.83,0.19,384.1799999999993,653.9049708540175,TIME,friday,0.5875165614634339
2021-06-04 18:15:00,2021-06-04 23:45:00,1,1894.3400000000001,1891.61,0.29,-81.20000000000711,666.0536545532107,TIME,tday,-0.12191210039148594
2021-06-04 23:05:00,2021-06-04 23:55:00,1,1892.18,1891.47,1.07,-83.4600000000039,667.8333298205071,TIME,fri_close,-0.12497130088196612
2021-06-04 16:45:00,2021-06-04 23:57:00,1,1888.99,1891.44,0.29,69.02000000000132,666.0536545532107,EOD,lw,0.10362528533275595
2021-06-07 01:05:00,2021-06-07 23:45:00,1,1890.3500000000001,1899.69,0.27,250.28999999999783,654.7032826309783,TIME,strong_close,0.38229531856658355
2021-06-08 01:05:00,2021-06-08 23:45:00,1,1899.35,1892.84,0.28,-184.23999999999975,667.7550129039048,TIME,strong_close,-0.27590957228278173
2021-06-10 10:15:00,2021-06-11 11:17:00,-1,1883.06,1896.72,0.29,-388.1911000000023,659.1712533239865,TIME,lw,-0.5889078111985021
2021-06-11 16:00:00,2021-06-11 23:57:00,-1,1884.0900000000001,1876.38,0.28,213.92000000000104,651.0011236697808,EOD,lw,0.32860158334920414
2021-06-14 10:15:00,2021-06-15 11:17:00,-1,1859.5900000000001,1863.75,0.28,-108.80519999999593,661.7610434076535,TIME,lw,-0.16441765662076077
2021-06-15 20:00:00,2021-06-16 21:02:00,-1,1852.26,1850.5700000000002,0.27,53.030699999995335,656.4012403981799,TIME,lw,0.0807900667095424
2021-06-17 15:30:00,2021-06-18 16:32:00,-1,1777.75,1776.67,0.25,33.85249999999818,660.526217060149,TIME,lw,0.051250804473239396
2021-06-18 23:05:00,2021-06-18 23:55:00,1,1764.3700000000001,1764.5,0.46,2.759999999994561,655.0572435000463,TIME,fri_close,0.00421337223178781
2021-06-21 11:15:00,2021-06-22 12:17:00,1,1784.46,1779.44,0.22,-129.4655999999996,643.2998928631907,TIME,lw,-0.20125232638198617
2021-06-22 01:05:00,2021-06-22 23:45:00,1,1784.31,1778.07,0.23,-145.13000000000025,661.318597292513,TIME,strong_close,-0.21945549481622495
2021-06-23 16:45:00,2021-06-24 17:47:00,1,1789.79,1782.01,0.23,-235.3911999999994,643.2751260573335,TIME,lw,-0.3659261651273915
2021-06-24 15:00:00,2021-06-25 16:02:00,1,1787.7,1787.82,0.24,-17.875200000002618,660.5490662418886,TIME,lw,-0.027061123712885306
2021-06-25 01:05:00,2021-06-25 23:00:00,1,1776.6399999999999,1779.37,0.16,42.560000000000294,639.052704367468,TIME,friday,0.06659857584379683
2021-06-25 23:05:00,2021-06-25 23:55:00,1,1779.59,1781.07,1.06,149.46000000000194,664.546462087,TIME,fri_close,0.22490526776807246
2021-06-25 10:30:00,2021-06-25 23:57:00,1,1783.49,1781.2,0.24,-56.63999999999912,639.6127043674679,EOD,lw,-0.08855358815302473
2021-06-28 15:00:00,2021-06-29 16:02:00,-1,1774.53,1754.48,0.25,508.1024999999989,648.6908598792473,TIME,lw,0.7832737154560514
2021-06-29 11:15:00,2021-06-30 12:17:00,-1,1769.73,1758.97,0.26,286.88659999999976,654.7714589691018,TIME,lw,0.4381476866014982
2021-07-01 01:07:00,2021-07-01 23:47:00,1,1770.2,1776.38,0.13,79.43000000000083,326.2876953208627,TIME,season,0.24343547470244462
2021-07-01 16:15:00,2021-07-02 17:17:00,1,1779.3300000000002,1779.33,0.26,-22.484800000005915,652.5753906417254,TIME,lw,-0.03445548257327779
2021-07-02 01:05:00,2021-07-02 23:00:00,1,1776.6299999999999,1787.79,0.18,199.62000000000145,661.7912695473779,TIME,friday,0.3016358921394181
2021-07-02 01:07:00,2021-07-02 23:47:00,1,1776.6399999999999,1787.65,0.13,142.22000000000284,318.9435742265153,TIME,season,0.4459095949648996
2021-07-02 23:05:00,2021-07-02 23:55:00,1,1787.94,1787.46,0.68,-37.400000000001235,666.9600069483355,TIME,fri_close,-0.056075326271996906
2021-07-01 01:10:00,2021-07-02 23:57:00,1,1769.78,1787.3,0.13,216.5175999999998,651.6653906417255,EOD,tom,0.3322527221934937
2021-07-02 13:45:00,2021-07-02 23:57:00,1,1787.04,1787.3,0.27,5.129999999999754,662.421269547378,EOD,lw,0.007744316548750015
2021-07-05 01:07:00,2021-07-06 04:47:00,1,1787.6499999999999,1794.66,0.13,79.88760000000283,315.6526046389072,TIME,season,0.25308709266438895
2021-07-06 01:07:00,2021-07-06 23:47:00,1,1792.38,1796.67,0.14,59.079999999999494,325.67260463890705,TIME,season,0.18140917952096422
2021-07-06 10:15:00,2021-07-07 11:17:00,1,1805.3400000000001,1807.58,0.28,38.50559999999388,651.3452092778141,TIME,lw,0.05911703878606458
2021-07-07 01:07:00,2021-07-07 23:47:00,1,1796.7299999999998,1803.7,0.14,96.60000000000358,327.40027573612804,TIME,season,0.29505167575930646
2021-07-07 11:15:00,2021-07-08 12:17:00,1,1807.5,1812.49,0.28,70.99680000000023,654.8005514722561,TIME,lw,0.10842507667467713
2021-07-08 01:07:00,2021-07-08 23:47:00,1,1803.77,1802.42,0.14,-19.87999999999873,320.27454175497604,TIME,season,-0.06207174598100837
2021-07-08 11:30:00,2021-07-09 12:32:00,1,1811.1000000000001,1803.25,0.29,-252.72920000000397,663.4258364924503,TIME,lw,-0.3809456703347428
2021-07-09 01:05:00,2021-07-09 23:00:00,1,1803.19,1808.07,0.19,91.38999999999776,655.909427143973,TIME,friday,0.13933326190772607
2021-07-09 01:07:00,2021-07-09 23:47:00,1,1803.2,1808.13,0.14,68.0400000000009,322.52778877247795,TIME,season,0.21095856657485915
2021-07-09 23:05:00,2021-07-09 23:55:00,1,1808.69,1807.88,0.92,-80.95999999999498,667.1908748545227,TIME,fri_close,-0.12134458526227275
2021-07-12 01:07:00,2021-07-12 23:47:00,1,1808.33,1806.14,0.14,-31.639999999997585,315.2700895744439,TIME,season,-0.10035839442525522
2021-07-13 01:07:00,2021-07-13 23:47:00,1,1806.52,1807.41,0.15,12.300000000001498,334.8329972806967,TIME,season,0.03673473074605661
2021-07-13 17:30:00,2021-07-14 18:32:00,1,1814.22,1822.05,0.3,208.9559999999978,669.6659945613934,TIME,lw,0.3120301787712191
2021-07-14 01:07:00,2021-07-14 23:47:00,1,1808.37,1827.62,0.15,287.7,330.7056403320756,TIME,season,0.8699579472279584
2021-07-14 13:45:00,2021-07-15 14:47:00,1,1816.16,1824.53,0.3,177.46799999999672,661.4112806641511,TIME,lw,0.26831716541301437
2021-07-15 01:05:00,2021-07-15 23:45:00,1,1827.75,1829.19,0.3,41.100000000001636,668.2961891881406,TIME,strong_close,0.061499677336078674
2021-07-15 01:07:00,2021-07-15 23:47:00,1,1827.4599999999998,1829.48,0.15,29.250000000003133,334.1480945940703,TIME,season,0.08753603708420546
2021-07-16 01:05:00,2021-07-16 23:00:00,1,1829.92,1810.36,0.2,-392.60000000000343,649.625032817559,TIME,friday,-0.6043486321597176
2021-07-16 01:07:00,2021-07-16 23:47:00,1,1829.6000000000001,1811.53,0.15,-272.10000000000247,325.16251640877954,TIME,season,-0.8368123208209236
2021-07-16 23:05:00,2021-07-16 23:55:00,1,1811.57,1811.46,0.72,-12.959999999992796,667.3589642044988,TIME,fri_close,-0.01941983354556614
2021-07-19 01:07:00,2021-07-19 23:47:00,1,1811.62,1811.99,0.15,4.500000000001774,327.3723366652954,TIME,season,0.013745816295414605
2021-07-20 01:05:00,2021-07-20 23:45:00,1,1812.87,1810.07,0.3,-86.09999999999863,655.9771966641198,TIME,strong_close,-0.1312545625638332
2021-07-20 01:07:00,2021-07-20 23:47:00,1,1812.25,1809.96,0.15,-35.39999999999945,327.9885983320599,TIME,season,-0.10793058106294302
2021-07-20 15:45:00,2021-07-21 14:56:00,1,1822.52,1800.6740934445293,0.3,-681.3211966641217,655.9771966641198,SL,lw,-1.0386354893567722
2021-07-21 01:07:00,2021-07-21 23:47:00,1,1810.73,1803.39,0.15,-111.14999999999877,325.9465555940555,TIME,season,-0.34100682486864076
2021-07-22 01:07:00,2021-07-22 23:47:00,1,1804.08,1806.64,0.15,37.350000000002595,323.16108733733716,TIME,season,0.11557703406602964
2021-07-23 01:15:00,2021-07-23 09:10:00,1,1807.33,1803.47,0.45,-176.8499999999955,664.8630469913264,TIME,drift,-0.2659946297215442
2021-07-23 01:05:00,2021-07-23 23:00:00,1,1807.32,1801.29,0.21,-128.09999999999943,664.0791203078074,TIME,friday,-0.1928987014990379
2021-07-23 01:07:00,2021-07-23 23:47:00,1,1807.29,1801.96,0.15,-80.9999999999989,316.5781525275273,TIME,season,-0.2558609915223248
2021-07-23 23:05:00,2021-07-23 23:55:00,1,1802.02,1801.89,0.96,-19.19999999998865,667.7935913784885,TIME,fri_close,-0.028751399006922446
2021-07-26 01:07:00,2021-07-26 23:47:00,1,1802.46,1797.73,0.15,-72.00000000000027,315.8761416327041,TIME,season,-0.22793744290988827
2021-07-27 01:15:00,2021-07-27 09:10:00,1,1798.14,1797.01,0.49,-58.80000000000535,662.0831602702234,TIME,drift,-0.08881059590158832
2021-07-26 10:45:00,2021-07-27 11:47:00,1,1811.21,1795.7,0.31,-507.61879999999974,652.8106927075885,TIME,lw,-0.7775895917001713
2021-07-27 01:07:00,2021-07-27 23:47:00,1,1798.1100000000001,1799.37,0.16,19.039999999996216,330.18208314096427,TIME,season,0.05766515196364392
2021-07-28 01:15:00,2021-07-28 09:10:00,1,1800.33,1806.11,0.44,251.2399999999988,660.0690472151255,TIME,drift,0.38062684663066204
2021-07-27 15:30:00,2021-07-28 16:32:00,1,1803.8400000000001,1798.78,0.32,-189.59360000000555,660.3641662819285,TIME,lw,-0.28710461542376087
2021-07-28 01:07:00,2021-07-28 23:47:00,1,1800.52,1807.49,0.16,110.40000000000043,319.9690772023241,TIME,season,0.3450333418631947
2021-07-29 01:15:00,2021-07-29 09:10:00,1,1807.8,1816.95,0.37,335.9600000000034,660.8935659410947,TIME,drift,0.5083420649157105
2021-07-28 10:15:00,2021-07-29 11:17:00,1,1804.89,1817.36,0.33,330.5147999999934,659.9362217297935,TIME,lw,0.5008283969224536
2021-07-29 01:05:00,2021-07-29 23:45:00,1,1807.6299999999999,1827.95,0.33,668.2500000000056,653.4822058919513,TIME,strong_close,1.0225986170318095
2021-07-29 01:07:00,2021-07-29 23:47:00,1,1807.6299999999999,1828.36,0.16,330.5600000000003,316.8398574021582,TIME,season,1.0433030828581247
2021-07-30 01:15:00,2021-07-30 09:10:00,1,1829.43,1827.64,0.49,-91.13999999999822,663.7595265968256,TIME,drift,-0.13730876371339465
2021-07-29 10:15:00,2021-07-30 11:17:00,1,1819.19,1828.53,0.33,279.6815999999973,653.4822058919513,TIME,lw,0.42798655797865853
2021-07-30 01:05:00,2021-07-30 23:00:00,1,1829.1399999999999,1814.45,0.22,-324.7199999999962,667.6506197568117,TIME,friday,-0.48636216366918644
2021-07-30 01:07:00,2021-07-30 23:47:00,1,1829.1299999999999,1814.27,0.16,-238.87999999999843,324.0827247305754,TIME,season,-0.7370957529395933
2021-07-30 23:05:00,2021-07-30 23:55:00,1,1813.96,1814.38,0.84,29.400000000006113,669.6351614221679,TIME,fri_close,0.04390450456270327
2021-08-02 01:07:00,2021-08-02 23:47:00,1,1814.68,1813.15,0.16,-25.599999999999564,325.10538724981996,TIME,season,-0.0787436966718974
2021-08-03 01:15:00,2021-08-03 09:10:00,1,1813.5,1810.73,0.43,-122.11999999999921,658.4234144014216,TIME,drift,-0.18547335548663552
2021-08-03 01:07:00,2021-08-03 23:47:00,1,1813.71,1810.16,0.16,-57.91999999999927,317.6892881605471,TIME,season,-0.18231650281746006
2021-08-04 01:15:00,2021-08-04 09:10:00,1,1810.58,1812.72,0.59,122.13000000000591,668.8955073140054,TIME,drift,0.18258457212611143
2021-08-04 01:07:00,2021-08-04 23:47:00,1,1810.6799999999998,1811.42,0.17,11.390000000004022,323.10023519411135,TIME,season,0.03525221822621443
2021-08-02 01:10:00,2021-08-05 03:16:00,1,1814.76,1810.96,0.16,-125.50399999999928,649.0907744996399,TIME,tom,-0.1933535414930919
2021-08-05 01:15:00,2021-08-05 09:10:00,1,1812.07,1809.68,0.43,-105.77999999999453,669.5048579230396,TIME,drift,-0.1579973599118441
2021-08-04 10:45:00,2021-08-05 11:47:00,1,1814.44,1809.08,0.35000000000000003,-273.50400000000445,665.2063665761116,TIME,lw,-0.4111566180699064
2021-08-05 01:07:00,2021-08-05 23:47:00,1,1812.17,1804.29,0.17,-135.15000000000185,330.7430755373891,TIME,season,-0.4086253348778688
2021-08-06 01:15:00,2021-08-06 09:10:00,1,1804.72,1801.59,0.46,-147.20000000000505,666.8172628264439,TIME,drift,-0.22075013381637298
2021-08-06 01:07:00,2021-08-06 15:41:00,1,1804.8999999999999,1785.6313446135039,0.17,-328.7571415704319,327.90714157043266,SL,season,-1.0025921972785599
2021-08-06 01:05:00,2021-08-06 15:50:00,1,1804.82,1775.942016920256,0.23,-665.8036108341097,664.6536108341134,SL,friday,-1.0017302245579516
2021-08-06 18:15:00,2021-08-06 23:45:00,-1,1764.16,1762.1000000000001,0.34,67.65999999999815,655.8142831408653,TIME,tday,0.1031694516867745
2021-08-09 01:07:00,2021-08-09 01:48:00,1,1762.31,1741.1169628553964,0.15,-318.94555716905285,318.19555716905205,SL,season,-1.0023570410808795
2021-08-09 12:30:00,2021-08-10 13:32:00,-1,1740.98,1728.46,0.31,396.6170999999994,657.6041514827076,TIME,lw,0.6031243858569663
2021-08-11 01:07:00,2021-08-11 23:47:00,1,1729.78,1752.12,0.12,267.239999999999,306.87999657783587,TIME,season,0.8708289982407414
2021-08-11 14:00:00,2021-08-12 15:02:00,1,1737.53,1749.36,0.25,234.38999999999817,639.3333262038248,TIME,lw,0.3666162710330428
2021-08-12 01:05:00,2021-08-12 23:45:00,1,1751.62,1753.29,0.25,40.00000000000182,648.0773743321228,TIME,strong_close,0.06172102527298363
2021-08-12 01:07:00,2021-08-12 23:47:00,1,1752.04,1753.02,0.12,10.920000000000218,311.0771396794189,TIME,season,0.03510383312400855
2021-08-13 01:05:00,2021-08-13 23:00:00,1,1753.3600000000001,1778.72,0.17,429.92999999999836,643.5718559745676,TIME,friday,0.6680372921978555
2021-08-13 01:07:00,2021-08-13 23:47:00,1,1753.48,1778.92,0.13,329.8100000000007,328.3987893203678,TIME,season,1.0042972469007982
2021-08-13 23:05:00,2021-08-13 23:55:00,1,1778.71,1779.73,1.01,95.94999999999817,667.439284223713,TIME,fri_close,0.14375839461052392
2021-08-13 10:15:00,2021-08-13 23:57:00,1,1759.5,1779.32,0.26,513.4999999999983,656.7975786407357,EOD,lw,0.7818238323330965
2021-08-16 01:05:00,2021-08-16 23:45:00,1,1779.34,1787.36,0.26,206.69999999999956,662.440608737826,TIME,strong_close,0.31202797243036345
2021-08-16 01:07:00,2021-08-16 23:47:00,1,1778.97,1787.21,0.13,106.21000000000014,331.220304368913,TIME,season,0.32066270877434944
2021-08-17 01:05:00,2021-08-17 23:45:00,1,1787.49,1785.31,0.27,-60.75000000000172,674.5377298543323,TIME,strong_close,-0.09006167825945155
2021-08-17 01:07:00,2021-08-17 23:47:00,1,1787.33,1785.51,0.13,-24.569999999999173,324.7774254854192,TIME,season,-0.07565180973793462
2021-08-17 10:30:00,2021-08-18 11:32:00,1,1794.98,1787.26,0.27,-231.78960000000075,674.5377298543323,TIME,lw,-0.3436273313429868
2021-08-18 01:07:00,2021-08-18 23:47:00,1,1786.23,1787.93,0.13,21.19000000000059,315.5726093793179,TIME,season,0.06714777952902191
2021-08-18 10:15:00,2021-08-19 11:17:00,1,1792.82,1780.06,0.27,-410.78879999999975,655.4200348647372,TIME,lw,-0.6267565502247373
2021-08-19 01:07:00,2021-08-19 23:47:00,1,1787.74,1780.16,0.14,-107.099999999999,332.07260937931795,TIME,season,-0.32251982540860946
2021-08-20 01:05:00,2021-08-20 23:00:00,1,1780.26,1782.4,0.19,39.3300000000019,663.6560294644758,TIME,friday,0.059262627406155684
2021-08-20 01:07:00,2021-08-20 23:47:00,1,1780.2,1781.19,0.14,12.880000000000127,326.3331372807951,TIME,season,0.03946886947284628
2021-08-20 23:05:00,2021-08-20 23:55:00,1,1782.1200000000001,1780.96,1.11,-136.5300000000091,670.1924917118859,TIME,fri_close,-0.2037175911226159
2021-08-20 10:30:00,2021-08-20 23:57:00,1,1787.66,1780.89,0.28,-191.51999999999953,652.6662745615902,EOD,lw,-0.2934424643415926
2021-08-23 01:07:00,2021-08-23 23:47:00,1,1781.81,1804.87,0.14,321.8599999999992,313.15362747502405,TIME,season,1.027802240693091
2021-08-23 10:15:00,2021-08-24 11:17:00,1,1786.28,1801.0,0.29,401.80080000000083,648.675371198264,TIME,lw,0.6194173816986073
2021-08-24 01:05:00,2021-08-24 23:45:00,1,1805.78,1803.49,0.29,-68.43999999999893,664.6707018269594,TIME,strong_close,-0.10296828160452998
2021-08-24 01:07:00,2021-08-24 23:47:00,1,1805.7,1803.47,0.14,-32.20000000000026,320.87551122680804,TIME,season,-0.10035044393662056
2021-08-25 01:07:00,2021-08-25 23:47:00,1,1802.8899999999999,1790.01,0.15,-194.24999999999824,328.8062484144264,TIME,season,-0.5907734446553646
2021-08-26 01:07:00,2021-08-26 23:47:00,1,1791.04,1791.54,0.15,6.45,328.762944956253,TIME,season,0.01961899933965573
2021-08-27 01:05:00,2021-08-27 23:00:00,1,1792.53,1818.97,0.2,527.4000000000011,648.9454692044701,TIME,friday,0.8127031083929606
2021-08-27 01:07:00,2021-08-27 23:47:00,1,1793.1200000000001,1818.02,0.15,372.44999999999794,324.822734602235,TIME,season,1.1466254061806522
2021-08-27 23:05:00,2021-08-27 23:55:00,1,1818.66,1817.81,0.73,-67.16000000000994,667.988462201609,TIME,fri_close,-0.10054065870937161
2021-08-27 10:15:00,2021-08-27 23:57:00,1,1803.91,1818.07,0.31,436.7899999999954,671.3003181779524,EOD,lw,0.6506625844979989
2021-08-30 01:05:00,2021-08-30 23:45:00,1,1818.09,1810.01,0.3,-244.4999999999978,677.9207928327221,TIME,strong_close,-0.3606616032211429
2021-08-30 01:07:00,2021-08-30 23:47:00,1,1818.32,1810.01,0.15,-125.69999999999916,338.96039641636105,TIME,season,-0.37083978343474655
2021-08-31 01:07:00,2021-08-31 23:47:00,1,1809.92,1815.05,0.15,75.89999999999823,331.31322524376367,TIME,season,0.22908834968527084
2021-08-31 10:15:00,2021-09-01 11:17:00,1,1816.31,1809.99,0.3,-215.54399999999808,662.6264504875273,TIME,lw,-0.325287346802126
2021-09-02 01:15:00,2021-09-02 09:10:00,1,1814.09,1814.56,0.47000000000000003,18.800000000001283,667.3221754729894,TIME,drift,0.02817229921465757
2021-09-03 01:15:00,2021-09-03 09:10:00,1,1809.78,1813.01,0.53,167.48000000000096,663.1353304594938,TIME,drift,0.2525577997540143
2021-09-03 01:05:00,2021-09-03 23:00:00,1,1809.56,1828.55,0.22,416.2400000000002,672.7276942030642,TIME,friday,0.6187347474866366
2021-09-03 23:05:00,2021-09-03 23:55:00,1,1828.82,1827.6,0.9500000000000001,-122.55000000000261,673.5470475522291,TIME,fri_close,-0.1819472009347642
2021-09-01 01:10:00,2021-09-03 23:57:00,1,1814.74,1827.45,0.15,141.91200000000055,652.0674183098473,EOD,tom,0.2176339378646385
2021-09-03 14:15:00,2021-09-03 23:57:00,1,1815.05,1827.45,0.33,406.890000000003,673.4976942030643,EOD,lw,0.6041446073270784
2021-09-07 01:15:00,2021-09-07 09:10:00,1,1822.92,1816.87,0.6900000000000001,-422.2800000000126,676.7635781670903,TIME,drift,-0.623969748998155
2021-09-07 10:15:00,2021-09-08 11:17:00,-1,1819.07,1799.51,0.34,674.3593999999981,676.6580350789749,TIME,lw,0.9966029590135459
2021-09-09 01:15:00,2021-09-09 09:10:00,1,1790.08,1788.09,0.42,-86.52000000000038,671.0301522938082,TIME,drift,-0.12893608387677621
2021-09-10 01:15:00,2021-09-10 09:10:00,1,1794.3999999999999,1802.49,0.39,312.78000000000566,675.6590887176437,TIME,drift,0.4629257642247386
2021-09-09 14:30:00,2021-09-10 15:32:00,1,1799.8700000000001,1796.06,0.32,-149.59360000000552,668.8079132213531,TIME,lw,-0.223671994668064
2021-09-10 01:05:00,2021-09-10 23:00:00,1,1794.24,1787.82,0.22,-142.7800000000016,680.2868633302686,TIME,friday,-0.2098820478482239
2021-09-10 23:05:00,2021-09-10 23:55:00,1,1788.6,1787.78,0.84,-74.75999999999465,681.2969421249115,TIME,fri_close,-0.10973188836988479
2021-09-10 10:15:00,2021-09-10 23:57:00,1,1802.46,1787.59,0.33,-493.0200000000039,681.0568633302686,EOD,lw,-0.7239043118796397
2021-09-14 01:15:00,2021-09-14 09:10:00,1,1793.5,1792.32,0.51,-63.750000000003254,671.4903892663042,TIME,drift,-0.09493806764629784
2021-09-13 17:15:00,2021-09-14 18:17:00,1,1796.55,1807.74,0.33,340.7316000000018,672.9528016638207,TIME,lw,0.5063231762429264
2021-09-15 01:15:00,2021-09-15 09:10:00,1,1804.22,1802.46,0.38,-69.53999999999965,667.2628356731421,TIME,drift,-0.10421680375746827
2021-09-15 01:05:00,2021-09-15 23:45:00,1,1804.14,1793.33,0.33,-359.0400000000057,678.3375687815598,TIME,strong_close,-0.529293992436419
2021-09-16 01:15:00,2021-09-16 09:10:00,1,1794.78,1785.97,0.49,-435.1199999999973,674.030904057135,TIME,drift,-0.6455490354832659
2021-09-16 18:15:00,2021-09-16 23:45:00,-1,1756.92,1752.05,0.33,158.4000000000039,668.2120281543056,TIME,tday,0.2370505069139906
2021-09-16 10:15:00,2021-09-17 11:17:00,-1,1783.63,1762.16,0.33,717.5553000000009,668.2120281543056,TIME,lw,1.0738437348725798
2021-09-17 23:05:00,2021-09-17 23:55:00,1,1752.28,1753.93,0.77,121.66000000000702,678.0794849452107,TIME,fri_close,0.1794184939982917
2021-09-20 05:30:00,2021-09-21 06:37:00,-1,1744.57,1763.26,0.29,-534.0611000000016,663.2300000000052,TIME,inside,-0.805242675994749
2021-09-21 17:45:00,2021-09-22 18:48:00,1,1777.6000000000001,1777.53,0.3,-28.044000000004914,675.9328206516731,TIME,lw,-0.041489330216229824
2021-09-23 18:15:00,2021-09-23 23:45:00,-1,1748.22,1739.01,0.29,265.0600000000011,657.7177642880703,TIME,tday,0.4029996062017703
2021-09-23 16:15:00,2021-09-24 17:17:00,-1,1758.56,1745.5800000000002,0.29,384.3688999999939,657.7177642880703,TIME,lw,0.5843979300392536
2021-09-24 23:05:00,2021-09-24 23:56:00,1,1746.71,1749.91,0.99,309.8700000000045,675.3460975168047,TIME,fri_close,0.45883140679922857
2021-09-27 10:15:00,2021-09-28 11:18:00,1,1758.65,1740.75,0.29,-544.1792000000025,677.7280722687947,TIME,lw,-0.8029462291244369
2021-09-28 15:15:00,2021-09-28 23:45:00,-1,1735.26,1734.02,0.29,33.93000000000026,662.6067813924521,TIME,tday900,0.051206840848651125
2021-09-29 13:45:00,2021-09-29 20:35:00,1,1745.48,1722.2663838470398,0.29,-675.2248684358453,673.7748684358486,SL,lw,-1.0021520541473488
2021-09-30 16:00:00,2021-10-01 17:02:00,1,1737.3,1753.62,0.29,448.2007999999982,675.3416635475738,TIME,lw,0.6636652589233081
2021-10-01 01:05:00,2021-10-01 23:00:00,1,1755.99,1759.92,0.18,69.48000000000114,664.359492377336,TIME,friday,0.10458193312083906
2021-10-01 23:05:00,2021-10-01 23:55:00,1,1760.17,1760.13,0.86,-9.459999999996871,672.9218254340911,TIME,fri_close,-0.01405809656105949
2021-10-01 01:10:00,2021-10-01 23:57:00,1,1756.24,1760.46,0.13,53.95000000000036,639.4502519189163,EOD,tom,0.08436934669757756
2021-10-04 10:45:00,2021-10-05 11:48:00,-1,1754.1100000000001,1755.92,0.28,-43.00519999999848,669.5602519189163,TIME,lw,-0.06422902177473702
2021-10-05 10:15:00,2021-10-06 11:22:00,-1,1756.31,1746.52,0.28,281.794799999999,667.6945196389933,TIME,lw,0.42204150507684085
2021-10-06 10:15:00,2021-10-07 11:17:00,-1,1748.31,1764.0700000000002,0.28,-414.3356000000061,663.1020539504938,TIME,lw,-0.6248443924001776
2021-10-07 15:45:00,2021-10-08 16:04:00,-1,1754.88,1778.230629340195,0.29,-669.2193508656529,677.7482508656534,SL,lw,-0.9874158288286146
2021-10-08 23:05:00,2021-10-08 23:55:00,1,1756.3,1757.06,0.8200000000000001,56.57999999999925,670.2443759283025,TIME,fri_close,0.08441697093188551
2021-10-12 10:15:00,2021-10-13 11:19:00,1,1758.75,1768.27,0.3,259.65599999999944,668.6080830219571,TIME,lw,0.38835306750467796
2021-10-13 11:15:00,2021-10-14 12:17:00,1,1767.94,1797.01,0.3,798.467999999998,660.9860770918169,TIME,lw,1.2079951873011747
2021-10-14 01:05:00,2021-10-14 23:45:00,1,1793.31,1795.77,0.29,69.31000000000104,672.8151215800357,TIME,strong_close,0.10301492605759778
2021-10-15 01:05:00,2021-10-15 23:02:00,1,1796.3999999999999,1768.18,0.2,-565.799999999996,675.5359542271276,TIME,friday,-0.8375571965630176
2021-10-15 23:05:00,2021-10-15 23:55:00,1,1768.24,1767.38,0.97,-90.2099999999903,672.072985872272,TIME,fri_close,-0.13422649309867482
2021-10-19 10:15:00,2021-10-20 11:17:00,1,1778.8600000000001,1776.45,0.3,-98.24400000000244,671.5886544101255,TIME,lw,-0.1462859733482139
2021-10-20 11:45:00,2021-10-21 12:49:00,1,1779.0800000000002,1787.08,0.3,166.36799999999315,671.5537505236879,TIME,lw,0.24773594052636416
2021-10-22 01:05:00,2021-10-22 23:00:00,1,1783.54,1794.23,0.2,212.40000000000109,652.1269583597108,TIME,friday,0.3257034497304772
2021-10-22 23:05:00,2021-10-22 23:55:00,1,1794.22,1792.63,0.5700000000000001,-94.61999999999534,669.5003532290012,TIME,fri_close,-0.14132927569588716
2021-10-22 10:15:00,2021-10-22 23:57:00,1,1791.96,1792.49,0.31,14.259999999999154,674.5878569717012,EOD,lw,0.02113883292239184
2021-10-26 01:05:00,2021-10-26 17:08:00,1,1807.62,1785.5349904825184,0.3,-664.650285524444,663.1502855244444,SL,strong_close,-1.0022619307157705
2021-10-25 16:45:00,2021-10-26 17:15:00,1,1805.8700000000001,1783.4584512888662,0.3,-698.2904613340185,672.946461334017,SL,lw,-1.037661242693454
2021-10-28 01:05:00,2021-10-28 23:45:00,1,1796.98,1798.98,0.3,57.9,659.2142768042403,TIME,strong_close,0.08783183562208247
2021-10-29 01:05:00,2021-10-29 23:00:00,1,1799.67,1782.67,0.2,-341.40000000000003,650.3846856039372,TIME,friday,-0.5249201089090547
2021-10-29 23:05:00,2021-10-29 23:55:00,1,1783.44,1782.94,0.7000000000000001,-39.9,661.7260190837566,TIME,fri_close,-0.06029685829075695
2021-11-01 18:15:00,2021-11-01 23:45:00,1,1792.3,1793.24,0.3,26.100000000001632,668.178636632227,TIME,tday,0.039061410480813324
2021-11-02 01:05:00,2021-11-02 23:46:00,1,1792.97,1787.68,0.3,-160.7999999999989,656.344448301354,TIME,strong_close,-0.24499331169198707
2021-11-03 01:15:00,2021-11-03 09:11:00,1,1788.32,1780.77,0.53,-403.85999999999757,669.2454577227854,TIME,drift,-0.6034557206771275
2021-11-01 01:10:00,2021-11-04 03:19:00,1,1782.39,1776.15,0.15,-154.26000000000013,667.1286366322271,TIME,tom,-0.23122976818793073
2021-11-04 14:45:00,2021-11-05 15:47:00,1,1781.8600000000001,1791.85,0.3,273.75599999999343,649.2485294026982,TIME,lw,0.4216505507557269
2021-11-05 01:05:00,2021-11-05 23:00:00,1,1791.3400000000001,1816.82,0.2,508.19999999999584,665.8807773025052,TIME,friday,0.7631996857736651
2021-11-05 18:15:00,2021-11-05 23:45:00,1,1804.72,1818.09,0.3,398.9999999999967,666.5807773025051,TIME,tday,0.5985771171119807
2021-11-05 23:05:00,2021-11-05 23:55:00,1,1816.86,1817.81,0.66,58.08000000000301,667.8185338908581,TIME,fri_close,0.08696973362152158
2021-11-05 20:00:00,2021-11-05 23:57:00,1,1814.18,1817.86,0.37,133.56999999999394,657.0178458870831,EOD,trendH4,0.2032973698296616
2021-11-08 01:05:00,2021-11-08 23:45:00,1,1815.9999999999998,1824.51,0.29,244.76000000000633,667.5627453405818,TIME,strong_close,0.3666471829178139
2021-11-09 01:05:00,2021-11-09 23:45:00,1,1824.51,1831.66,0.3,212.4000000000027,671.5762824700174,TIME,strong_close,0.31627084747366035
2021-11-10 01:05:00,2021-11-10 23:45:00,1,1831.8600000000001,1850.74,0.19,357.38999999999777,413.53009945260567,TIME,strong_close,0.8642418060331735
2021-11-08 08:00:00,2021-11-12 23:57:00,1,1821.16,1864.62,0.39,1506.2267999999926,662.9794900764897,EOD,trendH4,2.2719055755800457
2021-11-08 16:00:00,2021-11-12 23:57:00,1,1821.96,1864.62,0.39,1475.0267999999942,668.4736647940323,EOD,trendH4,2.2065593271418913
2021-11-09 16:00:00,2021-11-12 23:57:00,1,1830.07,1864.62,0.42,1281.251999999998,659.9413641151154,EOD,trendH4,1.941463393066699
2021-11-09 20:00:00,2021-11-12 23:57:00,1,1831.05,1864.62,0.42,1240.0919999999974,673.3752959093596,EOD,trendH4,1.8416060219811232
2021-11-15 01:05:00,2021-11-15 23:45:00,1,1867.01,1862.96,0.3,-123.59999999999863,704.6347121935178,TIME,strong_close,-0.17541003566973531
2021-11-16 12:00:00,2021-11-16 17:04:00,1,1873.44,1856.4676406133253,0.41000000000000003,-698.7367348536638,696.6867348536665,SL,trendH4,-1.0029424989703988
2021-11-16 11:00:00,2021-11-17 12:02:00,1,1872.23,1858.64,0.3,-433.6439999999975,684.8822327511236,TIME,lw,-0.6331657900630304
2021-11-17 15:15:00,2021-11-17 23:45:00,1,1862.49,1866.93,0.3,131.10000000000164,694.9335018403287,TIME,tday900,0.18865114381854023
2021-11-17 18:15:00,2021-11-17 23:45:00,1,1863.8,1866.93,0.3,91.80000000000328,694.9335018403287,TIME,tday,0.13209897027110903
2021-11-17 13:30:00,2021-11-18 14:32:00,1,1861.28,1865.01,0.3,38.26800000000053,694.9335018403287,TIME,lw,0.055067139371837576
2021-11-18 01:05:00,2021-11-18 23:45:00,1,1866.36,1859.17,0.3,-217.7999999999948,685.1096802803053,TIME,strong_close,-0.3179053022734758
2021-11-19 01:05:00,2021-11-19 23:00:00,1,1859.55,1846.93,0.2,-253.79999999999782,669.6518459745694,TIME,friday,-0.3790029125218541
2021-11-19 23:05:00,2021-11-19 23:55:00,1,1847.6699999999998,1845.7,0.66,-134.6399999999868,690.0626570390277,TIME,fri_close,-0.1951127171229786
2021-11-22 16:15:00,2021-11-23 17:17:00,-1,1828.7,1786.3,0.31,1322.8971000000026,693.726414113694,TIME,lw,1.9069435343472372
2021-11-23 15:30:00,2021-11-24 16:33:00,-1,1787.95,1782.1100000000001,0.28,171.19479999999774,675.655056998582,TIME,lw,0.2533760359324255
2021-11-26 10:15:00,2021-11-26 18:43:00,1,1806.44,1783.4124156572018,0.3,-692.9275302839479,691.4275302839504,SL,lw,-1.0021694247542927
2021-11-26 01:05:00,2021-11-26 20:30:00,1,1790.65,1787.78,0.2,-58.80000000000237,690.7275302839506,EOD,friday,-0.08512763343286799
2021-11-30 10:15:00,2021-11-30 18:01:00,1,1794.75,1772.9542722913297,0.29,-634.1061035514374,692.147402367626,SL,lw,-0.916143153008092
2021-12-03 01:05:00,2021-12-03 23:00:00,1,1769.98,1782.87,0.18,230.75999999999772,661.8276195215293,TIME,friday,0.34867085203670783
2021-12-03 23:05:00,2021-12-03 23:55:00,1,1782.91,1783.84,0.67,57.619999999989034,693.8149846208623,TIME,fri_close,0.08304807661580801
2021-12-01 01:12:00,2021-12-03 23:57:00,1,1776.77,1783.38,0.14,47.05120000000177,697.5059469502858,EOD,tom,0.06745634242363716
2021-12-03 18:30:00,2021-12-03 23:57:00,1,1776.98,1783.38,0.28,177.24000000000254,686.9930869112158,EOD,lw,0.25799386249560374
2021-12-06 01:05:00,2021-12-06 23:45:00,1,1782.35,1778.32,0.28,-114.79999999999924,678.0221521318432,TIME,strong_close,-0.16931600190206778
2021-12-07 15:45:00,2021-12-07 18:52:00,-1,1774.06,1787.7,0.51,-699.2100000000052,696.6600000000075,SL,nr7,-1.0036603221083422
2021-12-08 12:00:00,2021-12-09 13:04:00,1,1789.86,1783.16,0.3,-274.6319999999945,684.119080048915,TIME,lw,-0.4014388839737639
2021-12-09 15:15:00,2021-12-09 23:45:00,-1,1775.76,1775.3200000000002,0.31,11.469999999994643,686.4542601421732,TIME,tday900,0.016709052104387938
2021-12-09 14:30:00,2021-12-10 15:32:00,-1,1775.64,1774.92,0.31,30.817100000000842,686.4542601421732,TIME,lw,0.04489315864048719
2021-12-10 23:05:00,2021-12-10 23:55:00,1,1782.48,1782.83,1.17,32.75999999998936,692.2649225669918,TIME,fri_close,0.047322923539895395
2021-12-10 16:00:00,2021-12-10 23:57:00,1,1784.26,1782.8,0.32,-48.960000000001166,692.4980926708394,EOD,lw,-0.07070055573896433
2021-12-14 01:15:00,2021-12-14 09:10:00,1,1786.4799999999998,1787.34,0.56,44.240000000007136,687.4954247795278,TIME,drift,0.06434951914653747
2021-12-15 01:15:00,2021-12-15 09:11:00,1,1772.04,1768.1,0.49,-196.49000000000268,683.1109910697602,TIME,drift,-0.2876399334349707
2021-12-16 01:15:00,2021-12-16 09:10:00,1,1779.55,1785.24,0.35000000000000003,196.70000000000195,692.5777932947934,TIME,drift,0.2840114163410337
2021-12-16 01:05:00,2021-12-16 23:45:00,1,1778.74,1798.62,0.32,633.9199999999962,684.8683367547856,TIME,strong_close,0.9256085673398109
2021-12-17 01:15:00,2021-12-17 09:10:00,1,1798.83,1808.01,0.47000000000000003,428.170000000003,686.5304662938431,TIME,drift,0.6236722491158042
2021-12-16 13:15:00,2021-12-17 14:17:00,1,1788.24,1809.17,0.32,642.0864000000021,684.8683367547856,TIME,lw,0.9375326110745555
2021-12-17 01:05:00,2021-12-17 23:00:00,1,1798.74,1796.12,0.21,-56.490000000002475,679.6599640649209,TIME,friday,-0.08311509134971877
2021-12-17 23:05:00,2021-12-17 23:55:00,1,1797.29,1798.05,0.86,59.33999999999922,695.7264196221994,TIME,fri_close,0.08529214692209425
2021-12-17 10:30:00,2021-12-17 23:57:00,1,1809.7,1797.42,0.32,-395.19999999999914,691.1948841294435,EOD,lw,-0.5717634911284848
2021-12-20 17:00:00,2021-12-21 18:02:00,-1,1791.73,1786.3600000000001,0.32,180.6111999999965,684.132392405912,TIME,lw,0.26400036309468533
2021-12-22 01:15:00,2021-12-22 09:11:00,1,1789.79,1787.99,0.55,-102.84999999999751,702.8795648465208,TIME,drift,-0.146326632817182
2021-12-22 18:00:00,2021-12-23 19:29:00,1,1795.88,1807.4,0.34,308.23039999999935,700.5794015887074,TIME,lw,0.43996497656229083
2021-12-23 01:27:00,2021-12-27 01:10:00,1,1804.53,1807.29,0.34,64.4367999999997,697.2151586180856,TIME,strong_close,0.09242025105667034
2021-12-27 01:05:00,2021-12-27 23:48:00,1,1806.31,1811.65,0.35000000000000003,184.4500000000051,696.2806663261117,TIME,strong_close,0.26490754220312596
2021-12-28 01:15:00,2021-12-28 09:10:00,1,1812.17,1814.74,0.63,157.499999999996,698.1265077866309,TIME,drift,0.2256038099732676
2021-12-27 17:45:00,2021-12-28 18:50:00,1,1812.55,1810.23,0.35000000000000003,-111.46799999999777,696.2806663261117,TIME,lw,-0.16009061487826856
2021-12-28 01:05:00,2021-12-28 23:45:00,1,1811.99,1805.4,0.36,-239.75999999999706,692.2247996747351,TIME,strong_close,-0.3463614711762079
2021-12-29 01:15:00,2021-12-29 09:11:00,1,1807.2299999999998,1805.48,0.59,-107.37999999998658,700.985768870773,TIME,drift,-0.1531842795795504
2021-12-28 10:15:00,2021-12-29 11:19:00,1,1815.14,1803.72,0.36,-442.2528000000026,692.2247996747351,TIME,lw,-0.6388860962620955
2021-12-29 12:30:00,2021-12-30 13:32:00,-1,1798.68,1802.66,0.37,-111.65490000000068,700.9123187371979,TIME,lw,-0.1592993831256444
2021-12-31 01:15:00,2021-12-31 09:10:00,1,1815.07,1819.65,0.56,252.56000000000873,700.6927552898535,TIME,drift,0.36044328715163176
2021-12-30 18:30:00,2021-12-31 19:32:00,1,1812.14,1826.53,0.37,500.43239999999525,699.3700102559701,TIME,lw,0.7155474107573422
2021-12-31 01:05:00,2021-12-31 23:00:00,1,1814.88,1829.25,0.24,343.1999999999974,685.2032525092549,TIME,friday,0.5008732791958863
2021-12-31 15:15:00,2021-12-31 23:45:00,1,1822.76,1828.42,0.36,201.24000000000294,686.0432525092549,TIME,tday900,0.2933342748637968
2021-12-31 23:05:00,2021-12-31 23:55:00,1,1829.49,1828.68,1.17,-102.95999999999361,704.4062411194654,TIME,fri_close,-0.14616565554042538
2021-12-31 15:30:00,2021-12-31 23:57:00,1,1825.25,1828.87,0.36,127.79999999999607,686.0432525092549,EOD,lw,0.1862856307274475
2022-01-03 01:05:00,2022-01-03 15:25:00,1,1830.77,1811.95015420115,0.37,-698.9242945574457,697.0742945574436,SL,strong_close,-1.0026539495351448
2022-01-03 01:07:00,2022-01-03 15:25:00,1,1830.18,1811.3601542011502,0.18,-340.0172243792979,339.1172243792969,SL,season,-1.0026539495351448
2022-01-04 01:15:00,2022-01-04 09:10:00,1,1803.42,1804.34,0.46,39.09999999999289,701.942995038602,TIME,drift,0.05570252894658869
2022-01-04 18:15:00,2022-01-04 23:45:00,1,1813.97,1814.69,0.35000000000000003,22.750000000000956,695.7949884626199,TIME,tday,0.03269641256006711
2022-01-04 01:07:00,2022-01-04 23:47:00,1,1802.9699999999998,1814.81,0.17,200.09000000000248,337.9575658247011,TIME,season,0.5920565782030438
2022-01-05 01:15:00,2022-01-05 09:11:00,1,1813.68,1814.43,0.49,33.32,697.0257516603716,TIME,drift,0.047803111894544885
2022-01-04 17:45:00,2022-01-05 18:49:00,1,1816.74,1823.52,0.35000000000000003,207.0319999999991,695.7949884626199,TIME,lw,0.29754741473123075
2022-01-05 01:05:00,2022-01-05 23:46:00,1,1814.12,1809.55,0.35000000000000003,-162.3999999999978,691.7953464295758,TIME,strong_close,-0.23475150684109145
2022-01-05 01:07:00,2022-01-05 23:48:00,1,1813.9,1809.82,0.17,-70.55000000000263,336.0148825515082,TIME,season,-0.20996093823072826
2022-01-05 15:45:00,2022-01-06 03:05:00,1,1827.26,1807.5144186734408,0.35000000000000003,-776.9993464295721,691.7953464295758,SL,lw,-1.123163592296107
2022-01-03 01:10:00,2022-01-06 03:18:00,1,1831.83,1809.12,0.18,-481.5720000000007,676.9744487585938,TIME,tom,-0.7113591966182571
2022-01-05 08:30:00,2022-01-06 08:18:00,1,1817.06,1801.9650000000001,0.38,-666.8771999999924,700.7199999999958,SL,inside,-0.9517028199566109
2022-01-06 01:15:00,2022-01-06 09:10:00,1,1811.1699999999998,1802.91,0.41000000000000003,-341.5299999999903,699.3769010481,TIME,drift,-0.48833468690225074
2022-01-06 01:07:00,2022-01-06 15:01:00,1,1810.83,1790.9676744824806,0.17,-338.8495337978292,337.999533797829,SL,season,-1.0025147963680585
2022-01-07 01:15:00,2022-01-07 09:10:00,1,1791.4599999999998,1790.54,0.36,-35.63999999999444,673.245101312034,TIME,drift,-0.052937629892201916
2022-01-07 01:05:00,2022-01-07 23:00:00,1,1791.53,1795.89,0.22,94.3800000000028,667.9048319297004,TIME,friday,0.1413075568375835
2022-01-07 01:07:00,2022-01-07 23:47:00,1,1791.55,1795.89,0.17,72.59000000000248,344.4688528122699,TIME,season,0.21073022831345184
2022-01-07 23:05:00,2022-01-07 23:55:00,1,1795.04,1796.32,0.8300000000000001,100.42999999999773,688.6898796117897,TIME,fri_close,0.1458276111979597
2022-01-10 01:05:00,2022-01-10 23:45:00,1,1795.2,1801.73,0.34,219.63999999999908,678.9007266513584,TIME,strong_close,0.3235230003116386
2022-01-10 01:07:00,2022-01-10 23:47:00,1,1795.38,1801.36,0.17,100.46999999999645,339.4503633256792,TIME,season,0.2959784724213196
2022-01-11 01:15:00,2022-01-11 09:10:00,1,1800.83,1808.79,0.46,362.94000000000165,679.2783382599215,TIME,drift,0.5343023316917916
2022-01-10 13:45:00,2022-01-11 14:47:00,1,1802.02,1806.39,0.34,119.17680000000402,678.9007266513584,TIME,lw,0.17554378029294096
2022-01-11 01:05:00,2022-01-11 23:45:00,1,1800.75,1822.17,0.35000000000000003,747.2500000000026,679.099224004975,TIME,strong_close,1.1003546662785295
2022-01-11 18:15:00,2022-01-11 23:45:00,1,1813.29,1822.17,0.35000000000000003,308.35000000000383,679.099224004975,TIME,tday,0.4540573587781701
2022-01-11 01:07:00,2022-01-11 23:47:00,1,1800.6699999999998,1822.07,0.17,362.6100000000016,329.8481945167021,TIME,season,1.099323889073586
2022-01-11 02:15:00,2022-01-12 03:17:00,1,1803.74,1818.91,0.52,743.8704000000038,692.64,TIME,nr7,1.0739639639639695
2022-01-12 01:15:00,2022-01-12 09:10:00,1,1820.41,1819.72,0.29,-22.040000000001584,406.80336447910116,TIME,drift,-0.05417850963013324
2022-01-11 10:15:00,2022-01-12 11:17:00,1,1808.6200000000001,1815.04,0.35000000000000003,194.43199999999462,679.099224004975,TIME,lw,0.28630867644544716
2022-01-12 01:05:00,2022-01-12 23:45:00,1,1820.4,1825.7,0.35000000000000003,183.04999999999842,688.6921365760485,TIME,strong_close,0.2657936547817476
2022-01-12 01:07:00,2022-01-12 23:47:00,1,1820.58,1825.91,0.17,89.42000000000263,334.50760919408066,TIME,season,0.2673182837766818
2022-01-13 01:15:00,2022-01-13 09:10:00,1,1826.04,1824.29,0.55,-100.10000000000001,700.6491036006644,TIME,drift,-0.1428675202545497
2022-01-13 01:05:00,2022-01-13 23:45:00,1,1826.2099999999998,1822.71,0.36,-128.51999999999182,692.3569794236546,TIME,strong_close,-0.18562678476495892
2022-01-13 01:07:00,2022-01-13 23:47:00,1,1826.1,1822.62,0.18,-63.900000000000325,346.1784897118273,TIME,season,-0.1845868587999018
2022-01-14 01:15:00,2022-01-14 09:10:00,1,1821.73,1826.75,0.54,267.2999999999991,704.2210399816438,TIME,drift,0.3795683241826551
2022-01-14 01:05:00,2022-01-14 23:00:00,1,1821.84,1816.38,0.24,-132.71999999999542,683.1543380362509,TIME,friday,-0.19427527955323146
2022-01-14 01:07:00,2022-01-14 23:47:00,1,1821.66,1817.1,0.18,-83.34000000000312,341.99716901812553,TIME,season,-0.2436862276938502
2022-01-14 23:05:00,2022-01-14 23:55:00,1,1816.91,1817.52,0.9400000000000001,50.7599999999906,702.732378479083,TIME,fri_close,0.07223233417798393
2022-01-17 01:07:00,2022-01-18 03:32:00,1,1817.9099999999999,1819.45,0.18,12.153600000003436,336.36594265968824,TIME,season,0.0361320765827342
2022-01-18 01:15:00,2022-01-18 09:10:00,1,1818.76,1816.88,0.81,-157.9499999999904,700.7601307802432,TIME,drift,-0.22539809709796857
2022-01-18 01:07:00,2022-01-18 23:47:00,1,1818.97,1813.44,0.19,-106.39999999999948,343.480586654536,TIME,season,-0.30977005436122035
2022-01-19 01:15:00,2022-01-19 09:10:00,1,1814.71,1814.8,0.43,0.8599999999964805,696.2353797195462,TIME,drift,0.001235214447652604
2022-01-19 15:15:00,2022-01-19 23:45:00,1,1819.51,1840.56,0.39,818.2199999999982,702.2313061422923,TIME,tday900,1.1651716362446012
2022-01-19 18:15:00,2022-01-19 23:45:00,1,1840.2,1840.56,0.39,11.3099999999961,702.2313061422923,TIME,tday,0.016105804314147692
2022-01-19 01:07:00,2022-01-19 23:47:00,1,1814.32,1840.36,0.19,493.4299999999993,342.1126876077834,TIME,season,1.442302544960549
2022-01-20 01:15:00,2022-01-20 09:10:00,1,1839.72,1840.14,0.47000000000000003,16.45000000000342,710.162472729404,TIME,drift,0.023163713420085812
2022-01-19 15:30:00,2022-01-20 16:32:00,1,1824.0800000000002,1845.31,0.39,732.2483999999918,702.2313061422923,TIME,lw,1.042745308554525
2022-01-20 01:05:00,2022-01-20 23:45:00,1,1840.56,1838.4,0.37,-82.50999999999462,706.1901982682098,TIME,strong_close,-0.11683821186180988
2022-01-20 01:07:00,2022-01-20 23:47:00,1,1840.2199999999998,1838.5,0.18,-32.219999999996396,343.5519883466966,TIME,season,-0.09378493239131389
2022-01-21 01:15:00,2022-01-21 09:10:00,1,1839.19,1842.08,0.5,140.99999999999363,708.9536383402256,TIME,drift,0.19888465532118194
2022-01-20 16:00:00,2022-01-21 10:17:00,1,1846.5900000000001,1832.7587910234663,0.51,-749.4964578032261,706.4116578032317,SL,trendH4,-1.0609910659373567
2022-01-21 01:05:00,2022-01-21 23:00:00,1,1839.56,1831.92,0.25,-192.74999999999682,696.0380726945025,TIME,friday,-0.27692450680725417
2022-01-21 01:07:00,2022-01-21 23:47:00,1,1839.58,1833.07,0.19,-125.01999999999983,353.1026234985479,TIME,season,-0.3540613738898316
2022-01-21 23:05:00,2022-01-21 23:55:00,1,1831.04,1834.4,0.88,289.5200000000112,704.9625069200015,TIME,fri_close,0.41068850776891835
2022-01-19 20:00:00,2022-01-21 23:57:00,1,1840.5,1834.33,0.49,-461.54080000000357,699.4492382293801,EOD,trendH4,-0.6598631820207146
2022-01-24 01:07:00,2022-01-24 23:47:00,1,1834.03,1843.25,0.19,173.8500000000005,347.98029324865166,TIME,season,0.49959725700838703
2022-01-25 01:15:00,2022-01-25 09:10:00,1,1842.9099999999999,1841.42,0.41000000000000003,-63.95999999999105,707.4547252940549,TIME,drift,-0.0904086123297939
2022-01-24 10:15:00,2022-01-25 11:17:00,1,1840.26,1838.52,0.38,-98.98240000000034,695.9605864973033,TIME,lw,-0.14222414590769913
2022-01-25 01:05:00,2022-01-25 23:45:00,1,1843.35,1847.72,0.39,167.70000000000462,704.3449574325806,TIME,strong_close,0.23809356229551307
2022-01-25 01:07:00,2022-01-25 23:47:00,1,1842.8400000000001,1847.84,0.19,93.66999999999568,343.14241515946236,TIME,season,0.2729770377015797
2022-01-26 01:15:00,2022-01-26 09:11:00,1,1848.32,1846.74,0.44,-72.5999999999968,705.4714753510974,TIME,drift,-0.10290990144408801
2022-01-25 20:00:00,2022-01-26 16:22:00,1,1849.95,1835.1010331944613,0.47000000000000003,-738.5470398603233,698.8414398603277,SL,trendH4,-1.0568163216078474
2022-01-25 17:00:00,2022-01-26 16:25:00,1,1850.47,1832.4298728863441,0.39,-737.2921574325801,704.3449574325806,SL,lw,-1.046777079401684
2022-01-26 01:07:00,2022-01-26 19:12:00,1,1848.18,1830.0655962516053,0.19,-345.5036712195013,344.55367121950076,SL,season,-1.0027571901835732
2022-01-27 01:15:00,2022-01-27 09:10:00,1,1819.9,1813.82,0.35000000000000003,-215.25000000000543,687.0196153595411,TIME,drift,-0.313309831608458
2022-01-27 01:07:00,2022-01-27 15:54:00,1,1819.8799999999999,1800.5466250907762,0.18,-349.260748366027,348.36074836602677,SL,season,-1.0025835287248108
2022-01-28 01:15:00,2022-01-28 09:10:00,1,1797.77,1796.38,0.33,-48.17999999999581,699.4539470247651,TIME,drift,-0.06888230483927762
2022-01-28 01:05:00,2022-01-28 23:00:00,1,1797.79,1788.76,0.23,-209.29999999999941,694.108474770488,TIME,friday,-0.3015378829212624
2022-01-28 01:07:00,2022-01-28 23:47:00,1,1797.52,1791.1,0.17,-110.33000000000123,342.42113249560276,TIME,season,-0.3222055811681484
2022-01-28 23:05:00,2022-01-28 23:55:00,1,1789.3,1791.58,0.78,172.3799999999979,696.3687566270593,TIME,fri_close,0.24754126080403133
2022-01-31 01:07:00,2022-01-31 23:47:00,1,1790.26,1797.54,0.17,122.56999999999954,341.2767658887739,TIME,season,0.35915131720378096
2022-02-01 01:15:00,2022-02-01 09:10:00,1,1797.77,1803.35,0.47000000000000003,258.96999999999656,696.6356184751359,TIME,drift,0.37174384015398954
2022-01-31 19:15:00,2022-02-01 20:17:00,1,1798.66,1801.85,0.34,79.05679999999414,682.5535317775478,TIME,lw,0.11582505447464254
2022-02-01 01:05:00,2022-02-01 23:45:00,1,1797.87,1800.94,0.35000000000000003,105.00000000000573,688.5158759638323,TIME,strong_close,0.15250193011601867
2022-02-02 01:15:00,2022-02-02 09:10:00,1,1800.8899999999999,1797.38,0.5,-178.99999999998818,699.2452857518568,TIME,drift,-0.2559902850221151
2022-02-01 11:00:00,2022-02-02 12:03:00,1,1804.82,1802.05,0.35000000000000003,-127.21799999999936,688.5158759638323,TIME,lw,-0.1847713385285572
2022-02-03 01:15:00,2022-02-03 09:10:00,1,1807.52,1805.17,0.56,-135.5199999999949,698.5377342341094,TIME,drift,-0.1940052675158368
2022-02-02 17:30:00,2022-02-03 18:32:00,1,1806.57,1806.67,0.36,-84.75839999999509,691.2886325532111,TIME,lw,-0.12260927781634094
2022-02-01 01:10:00,2022-02-04 03:17:00,1,1798.1,1806.11,0.17,67.42199999999984,667.653993793437,TIME,tom,0.10098344445889629
2022-02-04 01:15:00,2022-02-04 09:10:00,1,1805.58,1808.88,0.45,145.35000000000818,698.3794731641991,TIME,drift,0.20812467374142637
2022-02-04 12:15:00,2022-02-04 16:01:00,1,1813.42,1794.3367546908316,0.36,-689.5168311300636,687.7168311300654,SL,lw,-1.002617356328244
2022-02-04 01:05:00,2022-02-04 23:00:00,1,1805.07,1808.04,0.24,69.60000000000065,686.8768311300654,TIME,friday,0.10132821030736056
2022-02-04 23:05:00,2022-02-04 23:55:00,1,1808.02,1807.81,0.88,-24.6400000000032,696.3325279595251,TIME,fri_close,-0.035385392769466346
2022-02-08 01:15:00,2022-02-08 09:10:00,1,1821.0,1819.02,0.53,-108.65000000000096,684.2432745150801,TIME,drift,-0.15878855378885628
2022-02-07 18:30:00,2022-02-08 19:34:00,1,1817.17,1827.34,0.35000000000000003,325.6819999999946,677.880472547976,TIME,lw,0.4804416312153688
2022-02-08 01:05:00,2022-02-08 23:45:00,1,1821.52,1826.04,0.36,160.19999999999933,689.3850227601076,TIME,strong_close,0.2323810275984858
2022-02-08 18:15:00,2022-02-08 23:45:00,1,1826.53,1826.04,0.36,-20.160000000000327,689.3850227601076,TIME,tday,-0.02924345515846173
2022-02-09 01:15:00,2022-02-09 09:10:00,1,1826.37,1827.95,0.63,95.13000000000974,691.3870617021933,TIME,drift,0.13759297110044252
2022-02-08 17:30:00,2022-02-09 18:32:00,1,1827.32,1831.01,0.36,101.70720000000196,689.3850227601076,TIME,lw,0.14753323127443987
2022-02-09 01:05:00,2022-02-09 23:45:00,1,1825.94,1832.61,0.37,244.19999999999428,693.2864205309755,TIME,strong_close,0.3522353716563003
2022-02-10 01:15:00,2022-02-10 09:10:00,1,1833.19,1833.83,0.65,37.049999999991726,692.7297191368324,TIME,drift,0.053484063086188124
2022-02-09 17:30:00,2022-02-10 18:32:00,1,1831.39,1840.14,0.37,232.93720000000002,693.2864205309755,TIME,lw,0.33598984936355397
2022-02-10 18:15:00,2022-02-10 23:45:00,1,1839.01,1826.84,0.38,-465.1200000000028,691.8636134021273,TIME,tday,-0.6722712265685581
2022-02-10 17:45:00,2022-02-11 02:20:00,1,1840.49,1824.68,0.44,-733.6911999999976,696.5199999999996,SL,nr7,-1.0533670246367628
2022-02-11 01:15:00,2022-02-11 09:10:00,1,1827.59,1822.81,0.39,-189.14999999999893,691.6477289511237,TIME,drift,-0.27347736728181393
2022-02-11 01:05:00,2022-02-11 23:00:00,1,1827.56,1861.13,0.25,837.5000000000041,687.7326344615362,TIME,friday,1.2177697524209083
2022-02-11 15:15:00,2022-02-11 23:45:00,1,1833.32,1861.03,0.37,1022.6800000000013,679.4261993353824,TIME,tday900,1.5052113106624254
2022-02-11 18:15:00,2022-02-11 23:45:00,1,1833.31,1861.03,0.37,1023.050000000001,679.4261993353824,TIME,tday,1.5057558878370496
2022-02-11 23:05:00,2022-02-11 23:55:00,1,1861.4,1858.97,0.46,-115.00000000000294,695.253409514785,TIME,fri_close,-0.16540731541361453
2022-02-11 17:30:00,2022-02-11 23:57:00,1,1836.71,1858.94,0.37,819.9200000000006,679.4261993353824,EOD,lw,1.2067830189681379
2022-02-14 01:05:00,2022-02-14 23:45:00,1,1856.0900000000001,1870.07,0.35000000000000003,486.8499999999927,708.368283199998,TIME,strong_close,0.6872837358000927
2022-02-15 01:15:00,2022-02-15 09:10:00,1,1871.01,1877.7,0.31,205.2200000000017,699.4812609730976,TIME,drift,0.2933888460635896
2022-02-15 08:00:00,2022-02-15 10:45:00,1,1878.02,1861.6327205652124,0.43,-707.6630156958674,705.5130156958651,SL,trendH4,-1.003047427832188
2022-02-15 01:05:00,2022-02-15 13:46:00,1,1870.99,1850.5415557518368,0.34,-697.6271044375502,695.9271044375489,SL,strong_close,-1.0024427845806858
2022-02-16 01:15:00,2022-02-16 09:10:00,1,1854.05,1856.36,0.32,71.67999999999826,691.6357371900331,TIME,drift,0.10363836936942943
2022-02-16 18:15:00,2022-02-16 23:45:00,1,1862.3,1868.18,0.33,191.7300000000036,709.7587558901439,TIME,tday,0.27013403978306044
2022-02-17 01:15:00,2022-02-17 09:10:00,1,1870.3,1875.95,0.39,217.62000000000356,702.4371283318798,TIME,drift,0.30980708624670655
2022-02-16 19:30:00,2022-02-17 20:33:00,1,1869.0,1900.06,0.33,943.9847999999982,709.7587558901439,TIME,lw,1.3300079670254998
2022-02-17 01:05:00,2022-02-17 23:45:00,1,1870.04,1897.68,0.32,882.2400000000033,690.1758494595234,TIME,strong_close,1.2782829197673105
2022-02-17 15:15:00,2022-02-17 23:45:00,1,1889.95,1897.68,0.33,252.78000000000063,711.7438447551336,TIME,tday900,0.35515586381637954
2022-02-17 06:00:00,2022-02-18 07:02:00,1,1875.43,1890.22,0.28,389.905599999999,693.840000000001,TIME,inside,0.5619531880548807
2022-02-18 01:15:00,2022-02-18 09:10:00,1,1899.25,1890.6,0.01,-8.720000000000091,20.31729157790495,TIME,drift,-0.42919106449616984
2022-02-17 10:30:00,2022-02-18 11:32:00,1,1884.72,1894.0,0.33,277.70159999999913,711.7438447551336,TIME,lw,0.3901707082490314
2022-02-18 01:05:00,2022-02-18 23:00:00,1,1898.76,1896.95,0.21,-39.479999999998846,705.1438623965956,TIME,friday,-0.055988574963719985
2022-02-18 23:05:00,2022-02-18 23:55:00,1,1897.29,1897.29,0.89,-6.23,717.7978370215753,TIME,fri_close,-0.00867932400834574
2022-02-17 12:00:00,2022-02-18 23:57:00,1,1888.51,1897.39,0.39,312.5928000000042,702.0360151509817,EOD,trendH4,0.44526604512273804
2022-02-21 01:30:00,2022-02-22 05:15:00,1,1904.91,1908.68,0.39,113.30279999999932,712.9200000000014,TIME,nr7,0.15892778993435322
2022-02-22 01:15:00,2022-02-22 09:10:00,1,1912.3600000000001,1910.18,0.38,-85.50000000000242,708.9767110153456,TIME,drift,-0.12059634494559836
2022-02-23 01:15:00,2022-02-23 09:10:00,1,1899.43,1897.45,0.34,-69.70000000000061,724.0368779786502,TIME,drift,-0.09626581479466557
2022-02-22 04:00:00,2022-02-23 11:30:00,1,1909.57,1891.0636310079553,0.39,-755.4755906897394,722.5283906897412,SL,trendH4,-1.0455998690495
2022-02-23 18:15:00,2022-02-23 23:45:00,1,1907.15,1907.39,0.32,5.440000000000291,701.567458257327,TIME,tday,0.007754065465797247
2022-02-24 01:15:00,2022-02-24 09:10:00,1,1910.3700000000001,1941.66,0.42,1311.2399999999984,709.851885632821,TIME,drift,1.8472022495665417
2022-02-23 18:45:00,2022-02-24 16:37:00,1,1908.3400000000001,1941.549025394188,0.32,984.1480126140111,701.567458257327,SL,lw,1.4027845804858252
2022-02-24 01:05:00,2022-02-24 16:37:00,1,1909.97,1941.6512378660316,0.33,1043.1708495790413,721.2427669473068,SL,strong_close,1.4463519044971638
2022-02-24 10:15:00,2022-02-24 16:37:00,1,1942.63,1941.6512378660316,0.33,-34.6091504209615,721.2427669473068,SL,lw,-0.04798543847787385
2022-02-24 16:00:00,2022-02-24 16:41:00,1,1959.44,1936.3945799943062,0.31,-716.5780201765082,715.0280201765081,SL,trendH4,-1.0021677472158608
2022-02-24 12:00:00,2022-02-24 16:53:00,1,1953.68,1931.9863999940067,0.33,-718.1988001977822,716.5488001977845,SL,trendH4,-1.0023027042952863
2022-02-24 08:00:00,2022-02-24 17:18:00,1,1940.65,1919.7772631515859,0.34,-712.053052846083,710.3530528460826,SL,trendH4,-1.0023931761723122
2022-02-25 01:05:00,2022-02-25 23:00:00,1,1907.1200000000001,1890.65,0.17,-281.1800000000005,692.6515308290742,TIME,friday,-0.4059472728854582
2022-02-25 23:05:00,2022-02-25 23:55:00,1,1889.82,1888.27,0.61,-98.81999999999722,720.7791475675228,TIME,fri_close,-0.13710163554744031
2022-02-28 10:15:00,2022-03-01 11:17:00,-1,1897.75,1914.99,0.25,-424.1475000000002,700.9103571973365,TIME,lw,-0.6051380117936885
2022-03-01 18:15:00,2022-03-01 23:45:00,1,1925.58,1943.03,0.25,434.50000000000114,721.8274745403836,TIME,tday,0.6019443915967103
2022-03-01 13:00:00,2022-03-02 14:02:00,1,1925.3400000000001,1929.81,0.25,90.129999999995,721.8274745403836,TIME,lw,0.12486363179426548
2022-03-02 01:05:00,2022-03-02 23:45:00,1,1943.2,1927.35,0.24,-382.0800000000033,727.166205875999,TIME,strong_close,-0.5254369591333263
2022-03-04 01:05:00,2022-03-04 23:00:00,1,1937.37,1967.36,0.16,478.7200000000002,713.934942821652,TIME,friday,0.6705372874844552
2022-03-04 18:15:00,2022-03-04 23:45:00,1,1961.28,1968.54,0.24,172.55999999999977,714.4949428216521,TIME,tday,0.24151325594906717
2022-03-04 23:05:00,2022-03-04 23:55:00,1,1967.65,1969.93,0.54,119.33999999999854,725.5231838229173,TIME,fri_close,0.16448819646420362
2022-03-04 02:30:00,2022-03-04 23:57:00,1,1942.65,1970.39,0.35000000000000003,968.4500000000005,717.5000000000023,EOD,inside,1.349756097560972
2022-03-04 11:45:00,2022-03-04 23:57:00,1,1944.3700000000001,1970.39,0.24,622.7999999999996,714.4949428216521,EOD,lw,0.8716646720275796
2022-03-07 04:00:00,2022-03-07 15:32:00,1,1998.04,1968.0107953259676,0.24,-722.3809121767769,721.1809121767764,SL,trendH4,-1.0016639375498424
2022-03-07 10:30:00,2022-03-07 15:32:00,1,1997.3600000000001,1966.7937075694006,0.24,-735.2710183343894,734.0710183343915,SL,lw,-1.0016347192165693
2022-03-07 01:05:00,2022-03-07 23:45:00,1,1981.33,1996.25,0.24,356.40000000000174,734.0710183343915,TIME,strong_close,0.4855116073219646
2022-03-08 18:15:00,2022-03-08 19:34:00,1,2056.1200000000003,2024.7605856001578,0.23,-722.8765311963783,721.726531196378,SL,tday,-1.0015934013096262
2022-03-08 01:05:00,2022-03-08 19:37:00,1,1997.81,2023.205878400236,0.23,582.4952032054313,721.726531196378,SL,strong_close,0.8070857562072045
2022-03-08 14:30:00,2022-03-08 19:37:00,1,2013.57,2023.205878400236,0.23,220.0152032054315,721.726531196378,SL,lw,0.3048456634131502
2022-03-08 15:15:00,2022-03-08 19:37:00,1,2011.81,2023.205878400236,0.23,260.49520320543127,721.726531196378,SL,tday900,0.3609333895119783
2022-03-08 20:00:00,2022-03-09 15:26:00,1,2030.09,1991.3773683814823,0.18,-712.393769133318,697.1873691333183,SL,trendH4,-1.0218110663979798
2022-03-08 12:00:00,2022-03-10 03:19:00,1,2006.46,1971.6522364337754,0.21,-799.1962348907165,731.3830348907163,SL,trendH4,-1.0927191317886296
2022-03-11 01:05:00,2022-03-11 23:00:00,1,1997.58,1982.59,0.12,-180.7200000000001,699.8484409096832,TIME,friday,-0.2582273381435201
2022-03-11 23:05:00,2022-03-11 23:55:00,1,1983.63,1985.4,0.38,64.59999999999931,710.5440302961106,TIME,fri_close,0.090916251837452
2022-03-14 11:15:00,2022-03-15 12:18:00,-1,1969.72,1933.3700000000001,0.18,659.2337999999984,702.3206951304198,TIME,lw,0.9386506827590774
2022-03-15 10:15:00,2022-03-16 11:17:00,-1,1932.54,1914.45,0.18,330.55379999999855,704.0849311925331,TIME,lw,0.4694800092371358
2022-03-17 01:05:00,2022-03-17 23:45:00,1,1925.93,1941.14,0.18,272.5200000000006,708.2674151609087,TIME,strong_close,0.38476992470151655
2022-03-17 15:15:00,2022-03-17 23:45:00,1,1942.92,1941.14,0.18,-33.29999999999951,708.2674151609087,TIME,tday900,-0.047016140072509476
2022-03-17 18:15:00,2022-03-17 23:45:00,1,1948.23,1941.14,0.18,-128.87999999999852,708.2674151609087,TIME,tday,-0.18196516914549674
2022-03-17 04:30:00,2022-03-18 05:32:00,1,1930.79,1937.02,0.2,107.30400000000037,713.9999999999977,TIME,nr7,0.15028571428571527
2022-03-17 11:45:00,2022-03-18 12:47:00,1,1941.26,1932.16,0.18,-179.36639999999832,708.2674151609087,TIME,lw,-0.2532467203213757
2022-03-18 01:05:00,2022-03-18 23:00:00,1,1942.76,1920.06,0.12,-273.2400000000005,691.5983140779869,TIME,friday,-0.3950848266081648
2022-03-18 23:05:00,2022-03-18 23:55:00,1,1919.87,1920.83,0.54,48.06000000000197,720.9048715981271,TIME,fri_close,0.06666621615895157
2022-03-21 18:15:00,2022-03-21 23:45:00,1,1935.1,1933.96,0.19,-22.98999999999758,715.4870776875509,TIME,tday,-0.032131956979993395
2022-03-21 17:15:00,2022-03-22 18:17:00,1,1934.45,1914.1,0.19,-403.0812000000026,715.4870776875509,TIME,lw,-0.563366149536562
2022-03-23 18:15:00,2022-03-23 23:45:00,1,1932.25,1945.55,0.2,264.59999999999917,719.6407418324172,TIME,tday,0.3676834628987926
2022-03-23 13:45:00,2022-03-24 14:47:00,1,1933.45,1952.37,0.2,329.31199999999694,719.6407418324172,TIME,lw,0.4576061093504401
2022-03-24 01:05:00,2022-03-24 23:45:00,1,1944.83,1957.02,0.2,242.4000000000011,715.2664031301016,TIME,strong_close,0.3388947096343771
2022-03-24 18:15:00,2022-03-24 23:45:00,1,1964.22,1957.02,0.2,-145.40000000000094,715.2664031301016,TIME,tday,-0.20328090256121506
2022-03-24 17:30:00,2022-03-25 18:33:00,1,1960.05,1960.14,0.2,-15.49599999999709,715.2664031301016,TIME,lw,-0.02166465520005486
2022-03-25 01:05:00,2022-03-25 23:01:00,1,1959.55,1955.11,0.13,-58.63000000000071,687.2169042624314,TIME,friday,-0.08531513069068997
2022-03-25 23:05:00,2022-03-25 23:55:00,1,1955.3999999999999,1957.26,0.7000000000000001,125.30000000000894,725.0850349957134,TIME,fri_close,0.17280731769722663
2022-03-28 10:15:00,2022-03-29 11:17:00,-1,1934.88,1918.67,0.21,346.1661000000007,719.5169042624315,TIME,lw,0.48110905796556874
2022-03-29 15:30:00,2022-03-30 15:16:00,-1,1897.3300000000002,1932.0846590320123,0.21,-724.0917396722544,730.2678396722578,SL,lw,-0.9915426920583342
2022-03-30 18:15:00,2022-03-30 23:45:00,1,1937.05,1933.34,0.2,-75.60000000000073,701.9579534516566,TIME,tday,-0.10769875834907433
2022-03-30 17:45:00,2022-03-31 18:47:00,1,1935.14,1944.73,0.2,142.71199999999834,701.9579534516566,TIME,lw,0.2033056243586345
2022-03-31 17:45:00,2022-04-01 18:47:00,1,1942.24,1927.42,0.21,-329.38079999999866,718.3690046153655,TIME,lw,-0.45851198741008903
2022-04-01 01:05:00,2022-04-01 23:00:00,1,1937.75,1922.5,0.14,-214.48000000000002,712.5869328571252,TIME,friday,-0.30098783756816877
2022-04-01 01:10:00,2022-04-01 23:57:00,1,1937.37,1924.27,0.1,-131.69999999999908,678.4208884353575,EOD,tom,-0.19412727739521535
2022-04-01 23:05:00,2022-04-01 23:57:00,1,1924.12,1924.27,0.6,4.800000000005457,718.4524021166643,EOD,fri_close,0.006681027143710516
2022-04-04 18:00:00,2022-04-05 19:06:00,1,1934.94,1919.02,0.21,-352.4808000000016,694.4378662244735,TIME,lw,-0.5075771600940666
2022-04-05 01:05:00,2022-04-05 23:45:00,1,1933.17,1922.1,0.22,-245.0800000000036,709.295883470066,TIME,strong_close,-0.3455257611266633
2022-04-07 15:15:00,2022-04-08 16:17:00,1,1932.95,1934.91,0.23,25.189600000000837,710.4655424508688,TIME,lw,0.03545506220203886
2022-04-07 17:45:00,2022-04-08 18:47:00,1,1934.3500000000001,1944.2,0.37,332.45239999999666,712.9900000000017,TIME,nr7,0.46627919045147315
2022-04-08 01:05:00,2022-04-08 23:00:00,1,1932.1899999999998,1944.03,0.16,188.32000000000232,717.4642523126431,TIME,friday,0.2624799763792828
2022-04-08 18:15:00,2022-04-08 23:45:00,1,1943.8,1945.56,0.24,40.559999999999775,718.0242523126432,TIME,tday,0.05648834265606265
2022-04-08 23:05:00,2022-04-08 23:55:00,1,1944.56,1946.32,0.77,130.1299999999993,720.5347918179965,TIME,fri_close,0.18060196603645684
2022-04-08 15:15:00,2022-04-08 23:57:00,1,1938.0900000000001,1946.04,0.24,189.1199999999956,718.0242523126432,EOD,lw,0.26338943202944726
2022-04-11 01:05:00,2022-04-11 23:45:00,1,1948.32,1952.97,0.24,109.92000000000218,701.9996628617401,TIME,strong_close,0.15658127177997103
2022-04-11 15:15:00,2022-04-11 23:45:00,1,1963.17,1952.97,0.24,-246.48000000000107,701.9996628617401,TIME,tday900,-0.3511112797336851
2022-04-11 11:45:00,2022-04-12 12:47:00,1,1956.8500000000001,1952.66,0.24,-121.31520000000131,701.9996628617401,TIME,lw,-0.17281375820816386
2022-04-12 18:15:00,2022-04-12 23:45:00,1,1973.99,1964.82,0.24,-221.76000000000175,702.99397265733,TIME,tday,-0.31545078425316353
2022-04-12 16:00:00,2022-04-13 17:02:00,1,1970.6000000000001,1975.62,0.24,99.7247999999941,702.99397265733,TIME,lw,0.1418572617671707
2022-04-13 18:15:00,2022-04-13 23:45:00,1,1978.27,1976.72,0.24,-38.87999999999891,702.4086888960919,TIME,tday,-0.05535239044537285
2022-04-13 12:45:00,2022-04-14 13:47:00,1,1977.6000000000001,1970.25,0.24,-235.30560000000327,702.4086888960919,TIME,lw,-0.33499813387817057
2022-04-18 15:15:00,2022-04-18 23:45:00,1,1993.84,1977.25,0.25,-416.49999999999795,697.632378951103,TIME,tday900,-0.5970193078283003
2022-04-18 10:15:00,2022-04-19 11:17:00,1,1989.69,1979.73,0.25,-270.6200000000009,697.632378951103,TIME,lw,-0.38791204101919796
2022-04-19 16:15:00,2022-04-20 17:17:00,-1,1962.3600000000001,1951.27,0.25,284.10250000000366,695.9443518831669,TIME,lw,0.4082258864968818
2022-04-21 01:05:00,2022-04-21 23:45:00,1,1956.3799999999999,1951.68,0.25,-119.24999999999545,697.750487082935,TIME,strong_close,-0.1709063658250393
2022-04-22 01:05:00,2022-04-22 23:00:00,1,1950.8300000000002,1932.58,0.17,-311.44000000000386,698.7429613371231,TIME,friday,-0.44571468656232105
2022-04-22 23:05:00,2022-04-22 23:55:00,1,1934.04,1931.96,0.55,-118.249999999996,718.9981308945054,TIME,fri_close,-0.16446496161663343
2022-04-25 10:15:00,2022-04-26 11:17:00,-1,1919.3600000000001,1901.52,0.26,470.9666000000038,716.3097224984524,TIME,lw,0.6574901682993998
2022-04-27 10:15:00,2022-04-28 11:18:00,-1,1897.55,1883.03,0.26,402.53979999999956,720.7748117461142,TIME,lw,0.5584820576968084
2022-04-29 01:05:00,2022-04-29 23:00:00,1,1895.55,1896.54,0.17,15.640000000000155,697.5723981985636,TIME,friday,0.022420611882565108
2022-04-29 23:05:00,2022-04-29 23:55:00,1,1896.35,1896.36,0.53,-3.180000000000482,715.3511895445918,TIME,fri_close,-0.00444536899704457
2022-04-29 10:15:00,2022-04-29 23:57:00,1,1911.5800000000002,1896.26,0.26,-400.14000000000425,711.8569550259865,EOD,lw,-0.5621073126768805
2022-05-02 01:10:00,2022-05-05 03:16:00,1,1898.3899999999999,1894.44,0.13,-103.92199999999764,710.8743153812732,TIME,tom,-0.1461889925566655
2022-05-05 10:15:00,2022-05-06 04:23:00,1,1896.32,1867.756627314243,0.25,-735.7043171439258,714.5843171439283,SL,lw,-1.029555644440128
2022-05-06 01:05:00,2022-05-06 23:00:00,1,1876.7099999999998,1881.04,0.16,68.16000000000247,700.5723055683017,TIME,friday,0.09729188473231372
2022-05-06 23:05:00,2022-05-06 23:55:00,1,1882.29,1882.37,0.6,0.5999999999956342,711.9299930066146,TIME,fri_close,0.0008427794950198981
2022-05-06 18:30:00,2022-05-06 23:57:00,1,1892.01,1882.52,0.24,-229.44000000000023,701.1323055683017,EOD,lw,-0.32724208851570175
2022-05-09 15:15:00,2022-05-09 23:45:00,-1,1862.78,1854.5500000000002,0.24,195.83999999999497,696.5142837419944,TIME,tday900,0.2811715489133297
2022-05-09 18:15:00,2022-05-09 23:45:00,-1,1860.8700000000001,1854.5500000000002,0.24,149.99999999999847,696.5142837419944,TIME,tday,0.21535811038092373
2022-05-09 10:15:00,2022-05-10 11:17:00,-1,1870.44,1860.46,0.24,246.09840000000042,696.5142837419944,TIME,lw,0.353328575945129
2022-05-11 11:15:00,2022-05-12 12:20:00,1,1850.9,1849.43,0.24,-94.18560000000065,706.2675201652912,TIME,lw,-0.13335683336812365
2022-05-12 18:15:00,2022-05-12 23:45:00,-1,1840.8600000000001,1823.18,0.24,422.64000000000146,700.5969830106276,TIME,tday,0.6032569512129776
2022-05-12 14:45:00,2022-05-13 15:47:00,-1,1841.06,1812.14,0.24,700.6583999999964,700.5969830106276,TIME,lw,1.0000876637936762
2022-05-12 20:00:00,2022-05-13 21:02:00,-1,1825.41,1809.8500000000001,0.22,348.3501999999988,718.0799999999986,TIME,nr7,0.48511335784313653
2022-05-13 16:15:00,2022-05-13 23:57:00,-1,1802.9,1811.5600000000002,0.24,-209.52000000000197,714.9086270812971,EOD,lw,-0.2930724180171014
2022-05-16 10:45:00,2022-05-16 22:06:00,-1,1794.82,1824.588012357312,0.24,-716.112296575489,714.9122965754901,SL,lw,-1.0016785275700908
2022-05-17 01:05:00,2022-05-17 23:45:00,1,1825.4099999999999,1814.68,0.23,-248.3999999999952,702.3446924883084,TIME,strong_close,-0.353672495366839
2022-05-18 04:45:00,2022-05-19 05:53:00,-1,1812.55,1816.43,0.3,-87.53100000000327,705.3000000000017,TIME,nr7,-0.12410463632497246
2022-05-19 12:15:00,2022-05-20 13:17:00,1,1827.17,1846.73,0.24,448.68479999999863,698.9640800205368,TIME,lw,0.6419282661661462
2022-05-20 01:05:00,2022-05-20 23:00:00,1,1842.34,1844.66,0.16,36.00000000000262,714.1180743047843,TIME,friday,0.05041183145385267
2022-05-20 23:05:00,2022-05-20 23:55:00,1,1845.34,1845.64,0.84,19.320000000015277,717.0591740527848,TIME,fri_close,0.026943383055570636
2022-05-23 01:05:00,2022-05-23 23:45:00,1,1848.41,1853.35,0.25,121.74999999999568,721.9415897293303,TIME,strong_close,0.1686424521485763
2022-05-23 10:15:00,2022-05-24 11:17:00,1,1853.67,1859.19,0.25,116.37999999999954,721.9415897293303,TIME,lw,0.1612041772571
2022-05-24 17:00:00,2022-05-25 18:02:00,1,1867.7,1849.83,0.25,-468.37000000000296,709.910047605807,TIME,lw,-0.659759643604982
2022-05-25 01:05:00,2022-05-25 23:45:00,1,1865.57,1853.57,0.26,-313.82,723.493131687894,TIME,strong_close,-0.43375670929710786
2022-05-27 01:05:00,2022-05-27 23:00:00,1,1851.0,1853.44,0.18,42.660000000000984,720.4911459756398,TIME,friday,0.059209610330788635
2022-05-27 23:05:00,2022-05-27 23:55:00,1,1853.57,1853.02,1.01,-62.6199999999954,713.9888340004312,TIME,fri_close,-0.08770445281215361
2022-05-27 10:15:00,2022-05-27 23:57:00,1,1856.22,1852.82,0.26,-90.22000000000236,694.4129553839495,EOD,lw,-0.12992269124662084
2022-05-30 10:15:00,2022-05-31 13:44:00,1,1863.24,1849.97,0.27,-381.6395999999996,696.651064120237,TIME,lw,-0.5478203072609263
2022-05-31 18:15:00,2022-05-31 23:45:00,-1,1843.8400000000001,1837.95,0.28,162.96000000000282,702.609172856525,TIME,tday,0.2319354860362459
2022-06-01 16:15:00,2022-06-02 17:17:00,1,1846.27,1868.21,0.28,545.5968000000016,696.6828033667732,TIME,lw,0.7831351618891167
2022-06-02 01:05:00,2022-06-02 23:45:00,1,1847.33,1868.38,0.29,608.4200000000053,714.8290226256975,TIME,strong_close,0.8511405955023589
2022-06-02 13:30:00,2022-06-03 14:32:00,1,1856.76,1866.29,0.29,251.29079999999925,714.8290226256975,TIME,lw,0.3515397277477099
2022-06-03 01:05:00,2022-06-03 23:00:00,1,1869.25,1850.68,0.19,-354.1599999999988,705.3829997113814,TIME,friday,-0.5020818479392173
2022-06-03 23:05:00,2022-06-03 23:55:00,1,1850.8500000000001,1851.06,0.86,12.039999999983575,717.7472502779332,TIME,fri_close,0.016774707245929995
2022-06-01 01:10:00,2022-06-03 23:57:00,1,1837.6000000000001,1850.82,0.14,139.59119999999723,695.7028033667732,EOD,tom,0.20064774688913395
2022-06-07 11:45:00,2022-06-08 12:47:00,1,1848.0,1849.2,0.29,9.720800000001319,706.6235833486363,TIME,lw,0.013756687760030842
2022-06-08 01:05:00,2022-06-08 23:45:00,1,1852.76,1851.55,0.3,-38.40000000000109,718.6334913940103,TIME,strong_close,-0.053434748672111704
2022-06-09 18:15:00,2022-06-09 23:45:00,-1,1843.43,1848.17,0.31,-149.11000000000027,723.0259453137764,TIME,tday,-0.2062304969364412
2022-06-09 15:15:00,2022-06-10 16:17:00,-1,1845.15,1836.8300000000002,0.31,266.417099999998,723.0259453137764,TIME,lw,0.3684751587778488
2022-06-09 17:15:00,2022-06-10 17:49:00,-1,1841.3,1852.6000000000001,0.39,-430.0101000000071,715.649999999999,SL,nr7,-0.6008664850136348
2022-06-10 14:30:00,2022-06-10 17:56:00,-1,1840.68,1859.214403072854,0.31,-576.7364952584754,705.5476635056494,SL,lw,-0.817430947744691
2022-06-10 23:05:00,2022-06-10 23:55:00,1,1872.06,1871.49,0.54,-34.55999999999656,711.7293084963329,TIME,fri_close,-0.04855778677010127
2022-06-13 01:05:00,2022-06-13 11:45:00,1,1878.41,1853.6567980977572,0.29,-719.8728551650421,718.4228551650453,SL,strong_close,-1.0020183099543285
2022-06-15 10:15:00,2022-06-16 11:17:00,1,1821.7,1831.54,0.26,192.0255999999979,708.6168834615079,TIME,lw,0.27098648717199064
2022-06-16 14:45:00,2022-06-16 18:32:00,-1,1817.06,1844.8163172664824,0.25,-695.6579316620621,694.4079316620606,SL,lw,-1.0018000946461103
2022-06-17 01:05:00,2022-06-17 23:00:00,1,1853.72,1836.97,0.16,-269.12,690.9864990816083,TIME,friday,-0.38947215373627125
2022-06-17 23:05:00,2022-06-17 23:55:00,1,1837.14,1840.22,0.73,219.72999999999467,704.6896854252662,TIME,fri_close,0.31181100638274845
2022-06-21 09:45:00,2022-06-22 10:47:00,-1,1833.99,1828.3300000000002,0.59,350.11189999999135,709.7699999999887,TIME,inside,0.49327514546965484
2022-06-21 10:30:00,2022-06-22 11:32:00,-1,1832.8300000000002,1825.6000000000001,0.26,195.10660000000047,707.1641745247847,TIME,lw,0.2759000060079576
2022-06-22 10:15:00,2022-06-23 11:17:00,-1,1824.78,1836.27,0.27,-284.24790000000024,711.1261682917567,TIME,lw,-0.3997151457424369
2022-06-23 14:15:00,2022-06-24 15:17:00,-1,1826.94,1824.7,0.27,67.88070000000025,707.6585848423456,TIME,lw,0.09592295134117948
2022-06-24 23:05:00,2022-06-24 23:55:00,1,1825.8,1827.21,0.8300000000000001,111.2200000000068,707.1798963961202,TIME,fri_close,0.157272570341434
2022-06-27 18:15:00,2022-06-27 23:45:00,-1,1824.49,1823.43,0.28,27.719999999998475,706.5569356526795,TIME,tday,0.03923250710771414
2022-06-27 15:30:00,2022-06-28 16:32:00,-1,1830.28,1825.14,0.28,151.59479999999647,706.5569356526795,TIME,lw,0.21455425932513322
2022-06-29 02:45:00,2022-06-29 15:30:00,-1,1818.18,1828.9600000000003,0.63,-683.5500000000126,712.5300000000005,SL,nr7,-0.9593280282935625
2022-06-29 13:00:00,2022-06-30 14:02:00,-1,1814.69,1810.3000000000002,0.29,155.2166999999963,693.3597852831238,TIME,lw,0.2238616996464768
2022-06-30 15:15:00,2022-06-30 23:45:00,-1,1806.06,1807.47,0.3,-44.40000000000246,711.4638331537392,TIME,tday900,-0.06240654539414672
2022-06-30 18:15:00,2022-06-30 23:45:00,-1,1806.06,1807.47,0.3,-44.40000000000246,711.4638331537392,TIME,tday,-0.06240654539414672
2022-06-30 14:45:00,2022-07-01 15:47:00,-1,1803.91,1787.02,0.3,514.923000000003,711.4638331537392,TIME,lw,0.7237514768916357
2022-07-01 15:15:00,2022-07-01 23:45:00,-1,1788.19,1807.65,0.3,-585.9000000000011,708.5592736427577,TIME,tday900,-0.8268891845672193
2022-07-01 10:15:00,2022-07-01 23:57:00,-1,1793.98,1809.24,0.3,-459.8999999999997,708.5592736427577,EOD,lw,-0.649063553477493
2022-07-04 01:05:00,2022-07-05 04:30:00,1,1810.55,1808.71,0.3,-81.14399999999753,711.1978969539895,TIME,strong_close,-0.11409482557180156
2022-07-04 01:07:00,2022-07-05 04:32:00,1,1809.61,1808.9,0.15,-23.621999999997136,355.59894847699474,TIME,season,-0.06642876786100887
2022-07-05 01:07:00,2022-07-05 16:55:00,1,1808.09,1785.354588903805,0.15,-342.081166442923,341.3311664429235,SL,season,-1.0021972795740142
2022-07-05 18:15:00,2022-07-05 23:45:00,-1,1767.5900000000001,1766.06,0.31,45.2600000000062,705.417743982042,TIME,tday,0.06416056356126816
2022-07-06 01:07:00,2022-07-06 18:00:00,1,1767.45,1742.8899754106762,0.14,-344.82034425053325,344.1203442505338,SL,season,-1.0020341720903598
2022-07-06 18:15:00,2022-07-06 23:45:00,-1,1737.6000000000001,1738.66,0.28,-31.639999999998476,688.2406885010676,TIME,tday,-0.0459722892421659
2022-07-07 01:07:00,2022-07-07 23:47:00,1,1740.67,1740.27,0.13,-6.110000000001183,334.5274396854091,TIME,season,-0.018264570481115246
2022-07-08 01:05:00,2022-07-08 23:00:00,1,1740.8,1741.3,0.19,8.17,706.1501450738683,TIME,friday,0.011569777414894336
2022-07-08 01:07:00,2022-07-08 23:47:00,1,1740.69,1741.54,0.14,10.919999999998728,347.20743968540904,TIME,season,0.03145093898302671
2022-07-08 23:05:00,2022-07-08 23:55:00,1,1741.7,1742.56,0.8300000000000001,65.56999999999171,707.0266052264757,TIME,fri_close,0.09274049875250202
2022-07-11 01:07:00,2022-07-11 23:47:00,1,1742.41,1733.35,0.14,-127.82000000000244,341.80690827930835,TIME,season,-0.3739538227692988
2022-07-12 01:07:00,2022-07-12 23:47:00,1,1733.3500000000001,1726.13,0.14,-102.0600000000004,330.8021291165005,TIME,season,-0.30852280265722637
2022-07-13 01:07:00,2022-07-13 23:47:00,1,1726.03,1733.91,0.15,117.15000000000164,352.1072202944774,TIME,season,0.3327111551476443
2022-07-14 01:07:00,2022-07-14 13:58:00,1,1736.2,1711.6943149341514,0.14,-344.059590921881,343.35959092188057,SL,season,-1.0020386790365197
2022-07-14 18:15:00,2022-07-14 23:45:00,-1,1705.8,1711.26,0.28,-154.84000000000106,686.7191818437611,TIME,tday,-0.22547790143894578
2022-07-15 01:05:00,2022-07-15 23:00:00,1,1711.15,1705.49,0.18,-103.14000000000148,689.2082470080614,TIME,friday,-0.14964997944778669
2022-07-15 01:07:00,2022-07-15 23:47:00,1,1710.7,1706.41,0.13,-56.67999999999953,332.1443411520296,TIME,season,-0.1706486999098259
2022-07-15 23:05:00,2022-07-15 23:55:00,1,1705.98,1707.01,0.88,84.4799999999976,702.6880085553901,TIME,fri_close,0.12022405245490735
2022-07-18 01:07:00,2022-07-18 23:47:00,1,1707.3899999999999,1708.91,0.14,20.300000000002928,349.72434115202964,TIME,season,0.058045716615356374
2022-07-18 10:15:00,2022-07-19 11:17:00,1,1716.63,1711.52,0.28,-167.2944000000036,699.4486823040593,TIME,lw,-0.2391803776781991
2022-07-19 01:07:00,2022-07-19 23:47:00,1,1710.18,1711.3,0.14,14.699999999998472,342.844031069742,TIME,season,0.04287663971903355
2022-07-19 14:00:00,2022-07-20 15:02:00,1,1717.03,1708.08,0.28,-274.81440000000134,685.688062139484,TIME,lw,-0.4007863271565869
2022-07-20 01:07:00,2022-07-20 23:47:00,1,1711.55,1696.62,0.14,-210.0000000000009,331.5951717076176,TIME,season,-0.6333023455032915
2022-07-21 01:07:00,2022-07-21 23:47:00,1,1697.08,1718.96,0.14,305.34000000000157,330.1198022999305,TIME,season,0.9249369406885346
2022-07-22 01:05:00,2022-07-22 23:00:00,1,1718.25,1724.09,0.18,103.85999999999852,666.9060745269163,TIME,friday,0.15573407405784057
2022-07-22 01:07:00,2022-07-22 23:47:00,1,1718.1599999999999,1726.71,0.14,118.72000000000256,346.1298164213641,TIME,season,0.3429926991769982
2022-07-22 23:05:00,2022-07-22 23:55:00,1,1724.47,1726.91,0.64,151.6800000000035,697.8138439485871,TIME,fri_close,0.21736456121552505
2022-07-22 17:00:00,2022-07-22 23:57:00,1,1734.8700000000001,1727.12,0.28,-218.9600000000064,692.2596328427283,EOD,lw,-0.3162975126844512
2022-07-25 01:07:00,2022-07-25 23:47:00,1,1726.56,1719.46,0.14,-100.37999999999873,347.92625810555245,TIME,season,-0.28850941158211135
2022-07-26 01:07:00,2022-07-26 23:47:00,1,1719.29,1717.17,0.14,-30.659999999998476,344.6443825265843,TIME,season,-0.08896126428996272
2022-07-27 01:07:00,2022-07-27 23:47:00,1,1718.11,1734.42,0.14,227.36000000000243,334.72692663182846,TIME,season,0.6792402460351789
2022-07-27 11:30:00,2022-07-28 12:32:00,1,1724.23,1746.39,0.29,571.4624000000024,693.3629194516446,TIME,lw,0.8241894453368679
2022-07-28 01:07:00,2022-07-28 23:47:00,1,1735.55,1756.27,0.14,289.1000000000004,339.60786044384076,TIME,season,0.8512759381428023
2022-07-28 11:15:00,2022-07-29 12:17:00,1,1747.5,1762.23,0.29,402.09080000000057,703.4734252050987,TIME,lw,0.5715792318420136
2022-07-29 01:05:00,2022-07-29 23:00:00,1,1755.5,1761.28,0.19,108.48999999999947,689.5849606859334,TIME,friday,0.15732651694155853
2022-07-29 01:07:00,2022-07-29 23:47:00,1,1755.43,1765.5,0.14,139.99999999999915,339.0701561264235,TIME,season,0.41289390254623193
2022-07-29 23:05:00,2022-07-29 23:55:00,1,1763.02,1765.87,0.78,216.83999999999293,704.6242228160039,TIME,fri_close,0.30773849802296055
2022-07-29 10:15:00,2022-07-29 23:57:00,1,1766.49,1766.01,0.29,-15.950000000000525,702.35960911902,EOD,lw,-0.022709164640043647
2022-08-01 01:05:00,2022-08-01 23:45:00,1,1765.54,1772.09,0.3,194.39999999999864,708.9661269862509,TIME,strong_close,0.27420209880318963
2022-08-01 01:07:00,2022-08-01 23:47:00,1,1765.12,1772.26,0.15,106.0500000000015,354.4830634931254,TIME,season,0.29916803063867153
2022-08-01 13:00:00,2022-08-02 14:02:00,1,1773.71,1774.8,0.3,6.755999999997542,708.9661269862509,TIME,lw,0.009529369236181523
2022-08-02 01:05:00,2022-08-02 23:45:00,1,1772.12,1763.41,0.3,-263.3999999999943,694.7542607729474,TIME,strong_close,-0.37912685804466917
2022-08-02 01:07:00,2022-08-02 23:47:00,1,1771.9699999999998,1763.46,0.15,-128.69999999999644,347.3771303864737,TIME,season,-0.3704907109365879
2022-08-02 14:30:00,2022-08-03 01:25:00,1,1779.76,1756.6215246409017,0.3,-720.098260772948,694.7542607729474,SL,lw,-1.0364790853845274
2022-08-03 01:07:00,2022-08-03 23:47:00,1,1762.1799999999998,1764.77,0.15,37.800000000002186,352.2001925017255,TIME,season,0.10732532464421352
2022-08-01 01:10:00,2022-08-04 03:16:00,1,1765.4499999999998,1764.28,0.15,-78.20999999999769,707.9161269862508,TIME,tom,-0.11047918957992137
2022-08-04 01:07:00,2022-08-04 23:47:00,1,1765.57,1791.21,0.15,383.5500000000015,346.91803589445936,TIME,season,1.1055925616870679
2022-08-04 10:15:00,2022-08-05 11:17:00,1,1773.38,1786.97,0.3,381.75599999999747,693.8360717889187,TIME,lw,0.5502106556894849
2022-08-05 01:07:00,2022-08-05 15:57:00,1,1791.06,1767.3298358732002,0.14,-333.20229777519677,332.50229777519814,SL,season,-1.0021052486093551
2022-08-05 01:05:00,2022-08-05 23:00:00,1,1791.01,1773.51,0.19,-333.83,676.2146776137962,TIME,friday,-0.4936745844943919
2022-08-05 23:05:00,2022-08-05 23:55:00,1,1774.06,1775.25,0.79,88.48000000000431,705.447980764575,TIME,fri_close,0.12542384755869365
2022-08-08 01:07:00,2022-08-08 23:47:00,1,1774.97,1788.63,0.14,190.26000000000118,338.7221336483982,TIME,season,0.5616993432070657
2022-08-08 15:30:00,2022-08-09 16:32:00,1,1785.71,1797.5,0.29,316.83079999999893,701.638705414539,TIME,lw,0.45155832703500925
2022-08-09 01:05:00,2022-08-09 23:45:00,1,1789.01,1794.37,0.29,153.4099999999971,691.5623693135004,TIME,strong_close,0.22183104056440203
2022-08-09 01:07:00,2022-08-09 23:47:00,1,1788.6799999999998,1793.95,0.14,72.80000000000292,333.8576955306554,TIME,season,0.21805697749243075
2022-08-09 16:30:00,2022-08-10 17:32:00,1,1797.27,1798.71,0.29,16.680800000001582,691.5623693135004,TIME,lw,0.024120456433394815
2022-08-10 01:07:00,2022-08-10 23:47:00,1,1794.47,1791.71,0.15,-42.44999999999986,350.6471970840702,TIME,season,-0.12106185463054525
2022-08-11 01:07:00,2022-08-11 23:47:00,1,1792.5,1789.28,0.15,-49.350000000000406,347.8438258637795,TIME,season,-0.14187401451629203
2022-08-12 01:05:00,2022-08-12 23:00:00,1,1790.2599999999998,1801.37,0.2,220.80000000000257,679.3028194613048,TIME,friday,0.32503913376231763
2022-08-12 01:07:00,2022-08-12 23:47:00,1,1790.1299999999999,1800.49,0.15,154.3500000000019,340.00140973065237,TIME,season,0.45396870596000555
2022-08-12 23:05:00,2022-08-12 23:55:00,1,1801.02,1801.77,0.92,62.56,711.7152753062575,TIME,fri_close,0.08790031937010186
2022-08-12 17:00:00,2022-08-12 23:57:00,1,1798.21,1801.62,0.31,103.53999999999549,702.669580110015,EOD,lw,0.14735233021441532
2022-08-15 01:05:00,2022-08-15 12:49:00,1,1801.93,1779.6651508261978,0.32,-714.7151735616737,713.1151735616735,SL,strong_close,-1.0022436768411602
2022-08-15 01:07:00,2022-08-15 12:54:00,1,1801.27,1779.0051508261977,0.16,-357.35758678083687,356.55758678083674,SL,season,-1.0022436768411602
2022-08-16 01:07:00,2022-08-16 23:47:00,1,1779.32,1775.34,0.15,-60.75000000000027,341.9389706351032,TIME,season,-0.17766328268218667
2022-08-17 01:07:00,2022-08-17 23:47:00,1,1775.9599999999998,1763.05,0.16,-207.67999999999768,352.22526615286444,TIME,season,-0.5896226646894358
2022-08-18 01:07:00,2022-08-18 23:47:00,1,1762.9599999999998,1758.8,0.16,-67.67999999999768,353.009175713374,TIME,season,-0.19172306176808981
2022-08-19 01:15:00,2022-08-19 09:10:00,1,1758.8,1755.9,0.5,-148.49999999999318,702.8567584389364,TIME,drift,-0.2112806033619363
2022-08-18 14:45:00,2022-08-19 15:47:00,1,1771.22,1756.21,0.32,-507.99359999999973,706.018351426748,TIME,lw,-0.7195189742213179
2022-08-19 01:05:00,2022-08-19 23:00:00,1,1759.3,1746.54,0.21,-269.42999999999984,683.1748993510117,TIME,friday,-0.3943792435230676
2022-08-19 01:07:00,2022-08-19 23:47:00,1,1758.9899999999998,1747.54,0.16,-184.3199999999971,347.38280601956154,TIME,season,-0.5305962091561256
2022-08-19 23:05:00,2022-08-19 23:55:00,1,1746.71,1746.87,1.02,9.179999999985156,702.5459972173682,TIME,fri_close,0.013066760093068838
2022-08-22 01:07:00,2022-08-22 23:47:00,1,1746.1999999999998,1734.7,0.16,-185.11999999999637,338.6040341610214,TIME,season,-0.5467152819330071
2022-08-23 01:15:00,2022-08-23 09:10:00,1,1735.4699999999998,1737.07,0.45,68.85000000000613,692.6206746282714,TIME,drift,0.09940506040619973
2022-08-23 01:07:00,2022-08-23 23:50:00,1,1736.3799999999999,1747.88,0.16,182.88000000000363,338.8637460066627,TIME,season,0.5396859420789377
2022-08-24 01:15:00,2022-08-24 09:10:00,1,1747.83,1745.17,0.43,-117.38999999999373,690.186795548423,TIME,drift,-0.1700843898450934
2022-08-23 17:00:00,2022-08-24 18:05:00,1,1747.3,1752.16,0.33,131.8416000000042,698.9064761387418,TIME,lw,0.1886398316530007
2022-08-24 01:07:00,2022-08-24 23:47:00,1,1747.86,1751.58,0.16,58.40000000000044,341.3563355776154,TIME,season,0.17108222087391672
2022-08-25 01:15:00,2022-08-25 09:10:00,1,1751.33,1756.26,0.46,223.56000000000296,691.3946104469868,TIME,drift,0.32334646035998366
2022-08-25 01:07:00,2022-08-25 23:47:00,1,1751.61,1757.97,0.16,100.64000000000205,332.36802589349986,TIME,season,0.30279687623216184
2022-08-26 01:15:00,2022-08-26 09:10:00,1,1757.68,1757.42,0.5,-16.499999999999545,702.5656736676816,TIME,drift,-0.023485348940922152
2022-08-25 10:15:00,2022-08-26 11:17:00,1,1762.25,1751.85,0.33,-371.738400000003,685.5090534053435,TIME,lw,-0.5422808030810835
2022-08-26 01:07:00,2022-08-26 18:11:00,1,1758.24,1737.845784211538,0.17,-347.8916684038524,347.0416684038549,SL,season,-1.0024492736100161
2022-08-26 01:05:00,2022-08-26 23:00:00,1,1758.48,1736.93,0.23,-497.25999999999897,703.4854447019409,TIME,friday,-0.7068518670072593
2022-08-26 23:05:00,2022-08-26 23:55:00,1,1737.62,1738.22,0.77,40.810000000010504,692.723227535307,TIME,fri_close,0.058912417510831164
2022-08-29 01:07:00,2022-08-29 23:47:00,1,1737.34,1737.25,0.16,-2.5599999999986904,331.6626345714362,TIME,season,-0.007718686801444005
2022-08-30 01:15:00,2022-08-30 09:10:00,1,1737.82,1733.9,0.41000000000000003,-163.58999999999367,684.4427360410134,TIME,drift,-0.23901196022071738
2022-08-30 01:07:00,2022-08-30 23:47:00,1,1737.86,1724.13,0.16,-220.7999999999967,336.81816067347654,TIME,season,-0.6555465998582185
2022-08-31 01:15:00,2022-08-31 09:10:00,1,1723.1899999999998,1724.72,0.46,67.1600000000092,686.5334807673572,TIME,drift,0.0978247993454633
2022-08-31 01:07:00,2022-08-31 23:47:00,1,1723.34,1710.62,0.16,-204.64000000000047,334.90829205394243,TIME,season,-0.6110329450040606
2022-09-01 01:15:00,2022-09-01 09:10:00,1,1710.1799999999998,1706.23,0.43,-172.85999999999217,691.4440325995656,TIME,drift,-0.24999854196456733
2022-09-02 01:15:00,2022-09-02 09:10:00,1,1696.1599999999999,1701.81,0.36,200.88000000000326,684.3645671885356,TIME,drift,0.2935277622937817
2022-09-02 01:05:00,2022-09-02 23:00:00,1,1697.59,1709.6,0.22,262.6799999999998,685.5624568829204,TIME,friday,0.3831598381194027
2022-09-02 23:05:00,2022-09-02 23:55:00,1,1710.26,1712.06,0.84,145.31999999999618,695.2712814286781,TIME,fri_close,0.20901194092381523
2022-09-01 01:10:00,2022-09-02 23:57:00,1,1710.9799999999998,1712.79,0.16,15.123200000002766,659.7325423858932,EOD,tom,0.02292322877587695
2022-09-02 12:45:00,2022-09-02 23:57:00,1,1706.53,1712.79,0.33,204.26999999999973,686.3324568829204,EOD,lw,0.2976254407779605
2022-09-06 01:15:00,2022-09-06 09:10:00,1,1711.99,1716.56,0.6,269.9999999999962,697.0176219755922,TIME,drift,0.38736466839205813
2022-09-06 10:15:00,2022-09-07 03:27:00,1,1715.93,1695.908856646071,0.34,-710.12207403359,681.3988740335901,SL,lw,-1.0421532836266236
2022-09-07 01:15:00,2022-09-07 09:10:00,1,1702.11,1696.76,0.45,-243.89999999999594,700.8332526209587,TIME,drift,-0.348014308807216
2022-09-08 01:15:00,2022-09-08 09:10:00,1,1718.7,1716.74,0.37,-75.11000000000135,680.5670416233243,TIME,drift,-0.11036385162120844
2022-09-07 17:45:00,2022-09-08 18:47:00,1,1713.17,1707.61,0.33,-264.4752000000057,677.5957499168284,TIME,lw,-0.3903141364633246
2022-09-08 01:05:00,2022-09-08 23:45:00,1,1718.79,1708.47,0.33,-342.86999999999796,695.3139106370544,TIME,strong_close,-0.49311540407102833
2022-09-09 01:05:00,2022-09-09 23:00:00,1,1708.9299999999998,1715.69,0.21,140.49000000000458,670.2859662464799,TIME,friday,0.2095971079131069
2022-09-09 23:05:00,2022-09-09 23:55:00,1,1715.91,1717.48,0.96,143.9999999999939,692.5096104388283,TIME,fri_close,0.20793935250767742
2022-09-09 10:15:00,2022-09-09 23:57:00,1,1726.76,1716.85,0.32,-319.36000000000263,681.6720926948368,EOD,lw,-0.4684950483119896
2022-09-12 10:30:00,2022-09-13 11:32:00,1,1726.42,1722.83,0.32,-142.55360000000468,681.2326575023485,TIME,lw,-0.20925831788901464
2022-09-13 18:15:00,2022-09-13 23:45:00,-1,1704.3500000000001,1702.8000000000002,0.32,47.35999999999854,685.6474676807519,TIME,tday,0.06907339738334758
2022-09-15 18:15:00,2022-09-15 23:45:00,-1,1667.1200000000001,1664.0800000000002,0.31,92.06999999999887,674.1227874967253,TIME,tday,0.13657749256910576
2022-09-15 06:15:00,2022-09-16 07:17:00,-1,1691.7,1664.14,0.45,1252.5344999999975,688.0500000000012,TIME,nr7,1.8204120340091494
2022-09-15 10:15:00,2022-09-16 11:17:00,-1,1686.53,1654.2900000000002,0.31,1007.9370999999934,674.1227874967253,TIME,lw,1.4951832495424873
2022-09-16 23:05:00,2022-09-16 23:55:00,1,1673.78,1675.87,0.74,149.47999999999394,698.9379093365288,TIME,fri_close,0.21386735216850486
2022-09-19 15:15:00,2022-09-19 23:45:00,-1,1662.41,1675.7900000000002,0.3,-403.50000000000324,694.2683397973002,TIME,tday900,-0.5811873837107563
2022-09-19 10:15:00,2022-09-20 11:17:00,-1,1662.66,1668.7,0.3,-172.9769999999989,694.2683397973002,TIME,lw,-0.2491500621366395
2022-09-20 15:15:00,2022-09-20 23:45:00,-1,1668.13,1664.65,0.3,102.30000000000054,688.3063155260645,TIME,tday900,0.14862568843613447
2022-09-20 13:15:00,2022-09-21 14:17:00,-1,1666.55,1673.5,0.3,-200.27700000000135,688.3063155260645,TIME,lw,-0.29097074294158115
2022-09-22 10:15:00,2022-09-22 15:42:00,-1,1658.6200000000001,1682.1037699530452,0.29,-683.0593286383082,681.6093286383064,SL,lw,-1.0021273183025512
2022-09-23 01:05:00,2022-09-23 23:00:00,1,1671.8,1643.04,0.19,-547.7699999999999,680.9715548287988,TIME,friday,-0.8043948328175223
2022-09-23 23:05:00,2022-09-23 23:55:00,1,1644.4,1645.13,0.6,39.60000000000109,695.103276437777,TIME,fri_close,0.05696995157747027
2022-09-26 19:45:00,2022-09-27 20:47:00,-1,1628.27,1630.17,0.28,-45.525200000002556,694.1638745806587,TIME,lw,-0.06558278479631935
2022-09-28 10:00:00,2022-09-28 16:25:00,-1,1621.72,1642.3799999999999,0.33,-684.0899999999951,682.4399999999968,SL,inside,-1.002417794970984
2022-09-28 10:15:00,2022-09-28 16:27:00,-1,1618.03,1642.7576776246594,0.28,-694.3349734904651,692.9349734904657,SL,lw,-1.0020203916003074
2022-09-29 01:05:00,2022-09-29 23:45:00,1,1659.1799999999998,1659.92,0.26,17.420000000006148,686.5667883667793,TIME,strong_close,0.025372622584097376
2022-09-30 01:05:00,2022-09-30 23:00:00,1,1661.61,1661.79,0.17,1.8700000000010826,667.4018965483166,TIME,friday,0.0028019099281443288
2022-09-30 23:05:00,2022-09-30 23:55:00,1,1661.66,1660.62,0.71,-78.81000000001356,683.9027328056949,TIME,fri_close,-0.1152356851634404
2022-09-30 10:15:00,2022-09-30 23:57:00,1,1673.33,1660.72,0.26,-329.6799999999974,681.0948749120091,EOD,lw,-0.484044164981551
2022-10-03 15:30:00,2022-10-04 16:32:00,1,1668.96,1708.1,0.26,995.1551999999966,662.4752409897226,TIME,lw,1.5021771961066166
2022-10-04 01:05:00,2022-10-04 23:45:00,1,1699.29,1726.01,0.25,666.2500000000007,666.1743223122523,TIME,strong_close,1.0001136004274163
2022-10-04 17:45:00,2022-10-05 18:47:00,1,1719.13,1708.36,0.25,-290.87000000000523,666.1743223122523,TIME,lw,-0.436627456594863
2022-10-05 01:05:00,2022-10-05 23:45:00,1,1725.05,1715.87,0.25,-231.2500000000016,679.9297278613772,TIME,strong_close,-0.3401086767118799
2022-10-03 01:10:00,2022-10-06 03:16:00,1,1665.13,1720.73,0.13,670.2279999999988,661.5652409897225,TIME,tom,1.0130943382051278
2022-10-07 01:05:00,2022-10-07 23:00:00,1,1712.01,1695.62,0.17,-279.8200000000017,677.572941269103,TIME,friday,-0.4129739884179778
2022-10-07 23:05:00,2022-10-07 23:55:00,1,1695.69,1694.72,0.63,-65.52000000000172,692.7825565222123,TIME,fri_close,-0.0945751295022697
2022-10-10 15:15:00,2022-10-10 23:45:00,-1,1676.38,1668.16,0.26,211.90000000000072,687.017826747778,TIME,tday900,0.3084345001687921
2022-10-10 18:15:00,2022-10-10 23:45:00,-1,1667.8300000000002,1668.16,0.26,-10.399999999998109,687.017826747778,TIME,tday,-0.015137889578833616
2022-10-10 10:30:00,2022-10-11 11:32:00,-1,1685.81,1666.74,0.26,502.94659999999834,687.017826747778,TIME,lw,0.7320721245049192
2022-10-13 14:45:00,2022-10-13 15:30:00,1,1680.5900000000001,1654.6109925801068,0.26,-677.2741929172279,675.9741929172262,SL,lw,-1.0019231503415706
2022-10-14 01:05:00,2022-10-14 23:00:00,1,1666.12,1642.85,0.17,-396.7799999999997,687.8632828353307,TIME,friday,-0.5768297420448096
2022-10-14 23:05:00,2022-10-14 23:55:00,1,1643.15,1644.49,0.63,80.00999999999485,686.291988033157,TIME,fri_close,0.11658303083108308
2022-10-17 12:30:00,2022-10-18 13:32:00,1,1657.18,1652.33,0.25,-142.87000000000342,683.158450760455,TIME,lw,-0.20913157092760584
2022-10-19 15:15:00,2022-10-19 23:45:00,-1,1634.0800000000002,1629.17,0.26,125.84000000000214,682.8463740084572,TIME,tday900,0.1842874250928417
2022-10-19 18:15:00,2022-10-19 23:45:00,-1,1634.21,1629.17,0.26,129.21999999999906,682.8463740084572,TIME,tday,0.1892372939486366
2022-10-19 09:15:00,2022-10-20 10:17:00,-1,1645.51,1629.1200000000001,0.45,780.8534999999943,684.8999999999938,TIME,inside,1.1400985545335105
2022-10-19 10:15:00,2022-10-20 11:17:00,-1,1638.44,1632.21,0.26,186.99980000000048,682.8463740084572,TIME,lw,0.27385339824281535
2022-10-20 17:30:00,2022-10-21 18:32:00,1,1642.51,1645.41,0.26,52.91520000000237,683.9173472935673,TIME,lw,0.07737075278087492
2022-10-21 01:05:00,2022-10-21 23:00:00,1,1628.49,1655.19,0.17,452.7100000000008,664.5336555709273,TIME,friday,0.6812446536075883
2022-10-21 23:05:00,2022-10-21 23:55:00,1,1654.99,1657.04,0.56,110.87999999999745,695.5948741156911,TIME,fri_close,0.15940312979010815
2022-10-24 01:05:00,2022-10-24 23:45:00,1,1660.3999999999999,1649.91,0.25,-263.99999999999454,677.8128517102281,TIME,strong_close,-0.3894880413286369
2022-10-25 13:15:00,2022-10-26 10:02:00,-1,1639.3700000000001,1666.42662020638,0.25,-669.5630051594969,676.9155051594975,SL,lw,-0.989138230777757
2022-10-26 10:15:00,2022-10-27 11:17:00,1,1666.2,1666.15,0.25,-62.60999999999886,671.5643976481048,TIME,lw,-0.09323007625071585
2022-10-28 01:05:00,2022-10-28 23:00:00,1,1662.4199999999998,1645.04,0.17,-296.649999999998,661.7057442172464,TIME,friday,-0.44831105456234943
2022-10-28 23:05:00,2022-10-28 23:55:00,1,1644.53,1645.2,0.9,54.00000000000655,692.4357511264265,TIME,fri_close,0.07798557470806719
2022-11-01 10:15:00,2022-11-02 11:17:00,1,1649.66,1653.81,0.27,88.7003999999963,683.4548180998991,TIME,lw,0.12978239036575373
2022-11-01 01:10:00,2022-11-04 03:16:00,1,1633.02,1631.77,0.13,-68.822,657.2316766887917,TIME,tom,-0.10471497713977072
2022-11-04 01:05:00,2022-11-04 23:00:00,1,1629.4199999999998,1680.81,0.17,872.4400000000018,660.7311599289993,TIME,friday,1.3204160071605404
2022-11-04 23:05:00,2022-11-04 23:55:00,1,1680.08,1680.56,0.68,27.880000000001235,693.296987342081,TIME,fri_close,0.04021364654545211
2022-11-04 10:15:00,2022-11-04 23:57:00,1,1647.66,1680.8,0.26,859.8199999999966,674.2933395354503,EOD,lw,1.2751423595439393
2022-11-07 01:05:00,2022-11-07 23:45:00,1,1675.4799999999998,1674.52,0.25,-25.749999999995225,696.9761960137952,TIME,strong_close,-0.03694530766942514
2022-11-08 10:30:00,2022-11-08 17:10:00,-1,1668.72,1695.6612587090838,0.26,-702.2927264361773,700.9927264361794,SL,lw,-1.001854512822989
2022-11-09 01:05:00,2022-11-09 23:45:00,1,1711.8700000000001,1705.97,0.24,-143.2800000000022,690.3023369452964,TIME,strong_close,-0.20756122691694806
2022-11-11 01:05:00,2022-11-11 23:00:00,1,1753.4299999999998,1767.82,0.15,214.80000000000146,673.5347015804612,TIME,friday,0.3189145258528914
2022-11-11 23:05:00,2022-11-11 23:55:00,1,1767.01,1769.88,0.77,215.60000000000912,694.2763645205198,TIME,fri_close,0.31053916137402504
2022-11-10 16:00:00,2022-11-11 23:57:00,1,1733.33,1770.14,0.32,1150.2464000000055,691.4703583305152,EOD,trendH4,1.6634789707792512
2022-11-10 20:00:00,2022-11-11 23:57:00,1,1748.99,1770.14,0.3,608.5560000000027,677.8357878881153,EOD,trendH4,0.8977926673007887
2022-11-11 08:00:00,2022-11-11 23:57:00,1,1760.9,1770.14,0.31,284.27000000000027,698.6122243452584,EOD,trendH4,0.4069067074605215
2022-11-11 12:00:00,2022-11-11 23:57:00,1,1764.1,1770.14,0.23,137.31000000000438,516.9844387723834,EOD,trendH4,0.26559793622813255
2022-11-14 01:05:00,2022-11-14 23:45:00,1,1763.95,1771.79,0.24,186.479999999998,711.4057996606474,TIME,strong_close,0.26212887228210974
2022-11-15 01:05:00,2022-11-15 23:45:00,1,1770.6499999999999,1777.86,0.24,171.36000000000087,698.013956827744,TIME,strong_close,0.24549652385000822
2022-11-15 10:15:00,2022-11-16 11:17:00,1,1780.55,1780.73,0.24,-16.43519999999847,698.013956827744,TIME,lw,-0.02354566099894526
2022-11-15 12:00:00,2022-11-17 15:55:00,1,1776.94,1756.310436376822,0.34,-811.877963188052,702.085163188057,SL,trendH4,-1.1563810286225726
2022-11-18 01:05:00,2022-11-18 23:00:00,1,1760.63,1748.66,0.17,-204.6800000000005,685.8755100573849,TIME,friday,-0.2984215021511347
2022-11-18 23:05:00,2022-11-18 23:55:00,1,1749.2,1750.22,0.91,86.44999999999834,707.1018174695679,TIME,fri_close,0.12225962069984209
2022-11-21 10:30:00,2022-11-22 11:32:00,-1,1742.3700000000001,1745.8500000000001,0.26,-83.35340000000046,687.3385221271596,TIME,lw,-0.12126979256457247
2022-11-22 11:45:00,2022-11-23 12:47:00,1,1747.69,1736.45,0.27,-326.8296000000003,702.4035749083326,TIME,lw,-0.4653017320457876
2022-11-23 15:30:00,2022-11-24 16:32:00,-1,1734.13,1756.67,0.28,-604.1755999999991,701.9086276895056,TIME,lw,-0.8607610394942469
2022-11-25 05:00:00,2022-11-25 11:51:00,1,1758.8600000000001,1749.24,0.73,-707.3700000000086,703.720000000012,SL,nr7,-1.0051867219916963
2022-11-25 01:05:00,2022-11-25 20:45:00,1,1754.97,1754.46,0.19,-11.019999999999827,684.7309083940422,EOD,friday,-0.016093913484708865
2022-11-28 11:15:00,2022-11-29 12:17:00,1,1760.97,1754.87,0.29,-201.97920000000397,679.1525124424905,TIME,lw,-0.2973988850804807
2022-11-29 10:15:00,2022-11-30 11:17:00,1,1753.5900000000001,1760.77,0.29,183.14079999999524,680.7287615537416,TIME,lw,0.26903637739939507
2022-11-30 10:45:00,2022-12-01 11:47:00,1,1757.67,1777.24,0.3,513.467999999998,695.6662980442346,TIME,lw,0.7380952641281304
2022-11-30 11:00:00,2022-12-01 12:02:00,1,1759.68,1778.26,0.35000000000000003,564.3959999999975,697.5500000000045,TIME,inside,0.8091118916206634
2022-12-01 01:05:00,2022-12-01 23:45:00,1,1769.98,1802.94,0.29,953.810000000001,676.7676056254203,TIME,strong_close,1.4093611929290821
2022-12-01 15:15:00,2022-12-01 23:45:00,1,1785.02,1802.94,0.3,535.5000000000022,700.1044196125038,TIME,tday900,0.7648859013008268
2022-12-01 18:15:00,2022-12-01 23:45:00,1,1799.3,1802.94,0.3,107.100000000003,700.1044196125038,TIME,tday,0.15297718026016904
2022-12-01 12:15:00,2022-12-02 13:17:00,1,1779.26,1800.04,0.3,597.4559999999991,700.1044196125038,TIME,lw,0.8533812717975429
2022-12-02 01:05:00,2022-12-02 23:00:00,1,1802.68,1797.47,0.13,-68.64000000000047,472.1812389804039,TIME,friday,-0.1453679103138808
2022-12-02 23:05:00,2022-12-02 23:55:00,1,1798.47,1798.6,0.79,4.739999999990659,712.6304871030379,TIME,fri_close,0.006651413440448712
2022-12-01 01:10:00,2022-12-02 23:57:00,1,1770.58,1798.47,0.15,405.3780000000014,699.0544196125038,EOD,tom,0.5798947673125483
2022-12-01 16:00:00,2022-12-02 23:57:00,1,1789.5800000000002,1798.47,0.36,288.90719999999544,688.1058306170154,EOD,trendH4,0.41985867165365565
2022-12-05 04:00:00,2022-12-05 16:48:00,1,1806.67,1786.5034054176554,0.35000000000000003,-708.2808103820652,706.53081038207,SL,trendH4,-1.0024768912753415
2022-12-06 15:15:00,2022-12-06 23:45:00,1,1777.66,1771.03,0.27,-180.90000000000293,696.0036220480338,TIME,tday900,-0.25991244049519957
2022-12-07 15:45:00,2022-12-08 16:47:00,1,1778.2,1787.61,0.28,194.75679999999593,697.4657101203286,TIME,lw,0.27923494614007044
2022-12-07 16:45:00,2022-12-08 17:47:00,1,1784.6000000000001,1791.99,0.41000000000000003,202.35959999999477,704.3800000000052,TIME,inside,0.2872875436554037
2022-12-09 01:05:00,2022-12-09 23:00:00,1,1789.96,1795.01,0.2,99.59999999999908,716.1046556687434,TIME,friday,0.13908581547621188
2022-12-09 23:05:00,2022-12-09 23:55:00,1,1795.97,1796.88,0.8200000000000001,68.88000000000672,717.1054840775715,TIME,fri_close,0.0960528144455743
2022-12-09 05:30:00,2022-12-09 23:57:00,1,1795.3500000000001,1797.22,0.51,91.79999999999444,703.800000000001,EOD,nr7,0.13043478260868757
2022-12-09 13:30:00,2022-12-09 23:57:00,1,1798.52,1797.22,0.3,-41.09999999999864,716.8046556687435,EOD,lw,-0.05733779722964321
2022-12-12 10:30:00,2022-12-13 11:32:00,-1,1789.02,1784.45,0.3,145.3229999999981,703.5757516924043,TIME,lw,0.20654918770357472
2022-12-13 15:00:00,2022-12-14 16:02:00,1,1789.2,1809.42,0.31,600.0112000000009,719.0733998381879,TIME,lw,0.8344227447921458
2022-12-13 16:00:00,2022-12-15 05:01:00,1,1811.18,1792.9920401268912,0.39,-836.0492350512458,710.1104350512478,SL,trendH4,-1.1773510059613603
2022-12-15 10:15:00,2022-12-16 11:17:00,-1,1782.3300000000002,1775.5800000000002,0.29,203.69889999999998,703.3505863408424,TIME,lw,0.2896121848134607
2022-12-16 15:15:00,2022-12-16 23:45:00,1,1785.66,1792.71,0.28,195.43999999999875,700.410180857307,TIME,tday900,0.27903649224627036
2022-12-16 18:15:00,2022-12-16 23:45:00,1,1790.46,1792.71,0.28,61.04000000000001,700.410180857307,TIME,tday,0.08714893310843458
2022-12-16 23:05:00,2022-12-16 23:55:00,1,1793.13,1792.94,0.91,-23.660000000004967,713.0137426223978,TIME,fri_close,-0.03318309113227706
2022-12-16 17:00:00,2022-12-16 23:57:00,1,1792.3400000000001,1792.86,0.28,12.599999999993125,700.410180857307,EOD,lw,0.017989458669162458
2022-12-19 01:05:00,2022-12-19 23:45:00,1,1792.65,1787.28,0.29,-157.7600000000034,715.1201994469507,TIME,strong_close,-0.22060627027737373
2022-12-19 03:15:00,2022-12-20 04:17:00,1,1794.79,1786.42,0.35000000000000003,-323.2179999999962,711.8999999999994,TIME,inside,-0.4540216322517158
2022-12-20 18:15:00,2022-12-20 23:45:00,1,1817.3400000000001,1817.95,0.29,15.6599999999971,694.8837566293116,TIME,tday,0.022536143420533266
2022-12-20 10:15:00,2022-12-21 11:17:00,1,1797.93,1814.41,0.29,452.8408000000005,694.8837566293116,TIME,lw,0.6516784939636604
2022-12-20 10:45:00,2022-12-21 11:47:00,1,1801.92,1813.8,0.39,429.5927999999954,700.8300000000036,TIME,nr7,0.6129771841958723
2022-12-21 01:05:00,2022-12-21 23:45:00,1,1818.06,1814.17,0.28,-110.87999999999643,696.1192300814521,TIME,strong_close,-0.15928305843098528
2022-12-22 16:00:00,2022-12-23 17:02:00,-1,1807.71,1793.6200000000001,0.3,430.9229999999975,718.4104584994038,TIME,lw,0.5998284057558094
2022-12-23 18:15:00,2022-12-23 23:45:00,1,1802.77,1797.57,0.29,-152.83000000000132,718.8503401292264,TIME,tday,-0.21260336327103546
2022-12-23 23:05:00,2022-12-23 23:55:00,1,1797.98,1798.06,1.11,1.109999999991925,722.6391216176529,TIME,fri_close,0.001536036407089546
2022-12-27 04:00:00,2022-12-27 19:55:00,1,1804.74,1813.155,0.53,442.2849999999981,713.3800000000053,SL,inside,0.6199851411589823
2022-12-27 10:15:00,2022-12-28 11:17:00,1,1807.08,1801.01,0.3,-208.04399999999808,716.6641198285676,TIME,lw,-0.2902949851176644
2022-12-28 12:00:00,2022-12-29 13:02:00,-1,1800.06,1806.14,0.29,-148.41330000000448,715.7085075604043,TIME,lw,-0.20736556633355194
2022-12-29 15:45:00,2022-12-30 16:47:00,1,1811.73,1820.45,0.29,227.80080000000078,701.1264713060897,TIME,lw,0.3249068596363838
2022-12-30 01:05:00,2022-12-30 23:00:00,1,1815.12,1823.41,0.2,164.4000000000038,708.2387285945199,TIME,friday,0.2321251201925247
2022-12-30 23:05:00,2022-12-30 23:55:00,1,1823.29,1824.22,0.8300000000000001,71.38000000000528,721.6756681681812,TIME,fri_close,0.09890869700677049
2022-12-30 15:45:00,2022-12-30 23:57:00,1,1821.63,1823.68,0.3,59.399999999998634,708.9387285945198,EOD,lw,0.08378721263791004
2023-01-03 01:15:00,2023-01-03 09:10:00,1,1827.46,1841.25,0.44,603.6799999999984,722.0727622772928,TIME,drift,0.8360376288064043
2023-01-03 01:05:00,2023-01-03 23:45:00,1,1829.0,1839.48,0.31,322.71000000000055,708.5421610085513,TIME,strong_close,0.4554563126358628
2023-01-03 01:07:00,2023-01-03 23:47:00,1,1830.96,1839.41,0.15,125.70000000000067,342.84298113317,TIME,season,0.36664014408151235
2023-01-04 01:15:00,2023-01-04 09:10:00,1,1838.78,1849.21,0.32,331.520000000002,728.5125211761172,TIME,drift,0.455064244420663
2023-01-03 10:15:00,2023-01-04 11:17:00,1,1844.01,1860.44,0.31,482.52120000000195,708.5421610085513,TIME,lw,0.6810056289567481
2023-01-04 18:15:00,2023-01-04 23:45:00,1,1859.3400000000001,1853.66,0.31,-178.25000000000196,716.1898637936549,TIME,tday,-0.2488865160082166
2023-01-04 01:07:00,2023-01-04 23:47:00,1,1838.53,1853.87,0.15,229.04999999999876,346.5434824808007,TIME,season,0.6609560172948532
2023-01-04 10:15:00,2023-01-05 11:17:00,1,1859.65,1848.56,0.31,-419.87640000000454,716.1898637936549,TIME,lw,-0.586264091725511
2023-01-04 12:00:00,2023-01-05 15:18:00,1,1860.76,1842.0988909246873,0.39,-823.5048539371935,728.5632539371986,SL,trendH4,-1.1303134621282709
2023-01-05 01:07:00,2023-01-05 17:16:00,1,1854.74,1831.2280225130933,0.15,-353.7296623036012,352.97966230360066,SL,season,-1.0021247683084795
2023-01-03 01:10:00,2023-01-06 03:16:00,1,1830.73,1833.22,0.15,-23.30999999999986,684.6359622663399,TIME,tom,-0.03404729123903618
2023-01-06 01:05:00,2023-01-06 23:00:00,1,1832.05,1866.8,0.19,658.92,691.3062613499242,TIME,friday,0.9531520786652748
2023-01-06 18:15:00,2023-01-06 23:45:00,1,1862.32,1866.42,0.29,116.87000000000396,704.1111080402736,TIME,tday,0.16598232674568067
2023-01-06 01:07:00,2023-01-06 23:47:00,1,1832.81,1866.12,0.14,465.3599999999993,339.9157073297873,TIME,season,1.3690452955400072
2023-01-06 23:05:00,2023-01-06 23:55:00,1,1866.71,1866.48,0.73,-21.900000000001327,727.7778704426544,TIME,fri_close,-0.030091599222000456
2023-01-03 08:00:00,2023-01-06 23:57:00,1,1840.53,1865.79,0.43,912.2879999999996,710.7157795274763,EOD,trendH4,1.2836186085618357
2023-01-09 01:05:00,2023-01-09 23:45:00,1,1866.62,1871.31,0.29,133.98000000000155,735.866743180254,TIME,strong_close,0.18207100842874008
2023-01-09 01:07:00,2023-01-09 23:47:00,1,1867.56,1871.3,0.14,51.38000000000013,355.2460139490882,TIME,season,0.14463216470421428
2023-01-10 01:07:00,2023-01-10 23:47:00,1,1871.02,1876.93,0.14,81.76000000000116,345.6512986670105,TIME,season,0.23653896373398597
2023-01-10 17:00:00,2023-01-11 18:02:00,1,1878.41,1871.11,0.29,-236.77920000000523,715.9919758102359,TIME,lw,-0.3307009128587782
2023-01-11 07:45:00,2023-01-11 18:17:00,1,1884.48,1867.95,0.44,-730.3999999999988,728.2000000000008,SL,inside,-1.003021148036251
2023-01-11 01:07:00,2023-01-11 23:47:00,1,1877.39,1876.37,0.15,-16.350000000003135,357.794914490138,TIME,season,-0.04569656900602424
2023-01-12 01:15:00,2023-01-12 09:10:00,1,1877.58,1883.65,0.45,270.0000000000074,725.4541927922924,TIME,drift,0.3721806320544792
2023-01-12 16:00:00,2023-01-12 16:53:00,1,1899.89,1880.4742196790746,0.37,-720.9738718742427,719.1238718742429,SL,trendH4,-1.0025725748683298
2023-01-12 01:07:00,2023-01-12 23:47:00,1,1877.27,1896.94,0.15,294.0000000000011,353.216706312271,TIME,season,0.8323502109214569
2023-01-12 11:30:00,2023-01-13 12:32:00,1,1883.1000000000001,1904.27,0.31,629.4611999999953,729.9811930453601,TIME,lw,0.8622978317756214
2023-01-13 18:15:00,2023-01-13 23:45:00,1,1911.27,1919.98,0.16,138.24000000000058,385.121309109297,TIME,tday,0.3589518334358596
2023-01-09 04:00:00,2023-01-13 23:57:00,1,1874.6200000000001,1920.33,0.35000000000000003,1430.4919999999931,722.5480710991803,EOD,trendH4,1.979787999189935
2023-01-09 08:00:00,2023-01-13 23:57:00,1,1878.16,1920.33,0.36,1343.9231999999945,724.9866866169134,EOD,trendH4,1.8537212128284644
2023-01-11 08:00:00,2023-01-13 23:57:00,1,1882.46,1920.33,0.4,1384.8319999999958,737.8300459755983,EOD,trendH4,1.8768983555947454
2023-01-16 01:05:00,2023-01-17 03:15:00,1,1919.04,1914.2,0.31,-176.84879999999745,758.5059266564582,TIME,strong_close,-0.23315414393603762
2023-01-16 01:07:00,2023-01-17 03:17:00,1,1919.32,1915.01,0.15,-77.62199999999918,367.018996769254,TIME,season,-0.21149313981913687
2023-01-17 01:15:00,2023-01-17 09:10:00,1,1916.54,1908.19,0.49,-412.57999999999555,750.2368915066648,TIME,drift,-0.5499329674010444
2023-01-16 04:00:00,2023-01-17 21:14:00,1,1924.3500000000001,1903.8853902645667,0.37,-789.1881602110374,757.9305602110406,SL,trendH4,-1.0412407173439389
2023-01-17 01:07:00,2023-01-17 23:47:00,1,1916.8,1908.3,0.15,-128.54999999999998,360.30335414287885,TIME,season,-0.35678269025778564
2023-01-18 01:15:00,2023-01-18 09:10:00,1,1908.52,1904.16,0.42,-186.0599999999958,747.0548319555808,TIME,drift,-0.24905802364324814
2023-01-18 01:07:00,2023-01-18 23:47:00,1,1908.42,1903.72,0.16,-76.32000000000073,374.3804650558038,TIME,season,-0.2038567904140638
2023-01-19 01:15:00,2023-01-19 09:10:00,1,1904.52,1909.37,0.39,186.41999999999646,745.5948468063862,TIME,drift,0.25002855209969743
2023-01-18 12:00:00,2023-01-19 13:02:00,1,1914.95,1910.0,0.32,-236.94080000000147,748.7609301116076,TIME,lw,-0.31644386141339387
2023-01-19 18:15:00,2023-01-19 23:45:00,1,1920.46,1931.8,0.31,349.36999999999745,738.6948545423618,TIME,tday,0.47295577849454506
2023-01-19 01:07:00,2023-01-19 23:47:00,1,1904.23,1931.41,0.15,406.65000000000094,357.4329941334009,TIME,season,1.1376957546572528
2023-01-19 16:30:00,2023-01-20 17:32:00,1,1917.52,1930.0,0.31,360.07120000000054,738.6948545423618,TIME,lw,0.48744240979324654
2023-01-20 01:05:00,2023-01-20 23:00:00,1,1932.34,1927.1,0.2,-106.20000000000019,736.4541319620299,TIME,friday,-0.14420450017310193
2023-01-20 01:07:00,2023-01-20 23:47:00,1,1932.6699999999998,1926.85,0.15,-88.34999999999904,368.5770659810149,TIME,season,-0.2397056359566058
2023-01-20 23:05:00,2023-01-20 23:55:00,1,1927.53,1926.68,0.9400000000000001,-86.47999999999145,749.8260860167902,TIME,fri_close,-0.11533341079047892
2023-01-23 01:07:00,2023-01-23 23:47:00,1,1925.07,1931.16,0.15,90.30000000000217,360.3572755537995,TIME,season,0.2505846450893173
2023-01-24 01:15:00,2023-01-24 09:10:00,1,1931.39,1938.5,0.36,253.43999999999636,743.9754723488007,TIME,drift,0.3406563918026254
2023-01-24 01:05:00,2023-01-24 23:45:00,1,1931.19,1936.98,0.31,177.31999999999888,745.150628800863,TIME,strong_close,0.23796530949098424
2023-01-24 01:07:00,2023-01-24 23:47:00,1,1931.6000000000001,1937.31,0.15,84.59999999999714,360.55675587138535,TIME,season,0.23463712334425071
2023-01-25 01:15:00,2023-01-25 09:10:00,1,1937.14,1932.22,0.39,-194.61000000000283,753.2573811312121,TIME,drift,-0.25835790644061823
2023-01-25 01:07:00,2023-01-25 23:47:00,1,1937.15,1945.8,0.15,128.69999999999794,362.1027018805723,TIME,season,0.3554240256468603
2023-01-26 01:15:00,2023-01-26 09:10:00,1,1947.89,1943.26,0.35000000000000003,-164.5000000000038,747.6228828163764,TIME,drift,-0.22003071840219027
2023-01-26 01:07:00,2023-01-26 18:23:00,1,1947.2299999999998,1922.8126898835835,0.15,-367.3096517462441,366.55965174624566,SL,season,-1.0020460517037966
2023-01-26 01:05:00,2023-01-26 18:24:00,1,1946.54,1922.1226898835837,0.3,-734.6193034924883,733.1193034924913,SL,strong_close,-1.0020460517037966
2023-01-27 01:05:00,2023-01-27 23:00:00,1,1929.19,1926.54,0.2,-54.400000000001825,745.625067528742,TIME,friday,-0.07295892046696088
2023-01-27 01:07:00,2023-01-27 23:47:00,1,1929.7,1928.37,0.15,-21.00000000000232,373.162533764371,TIME,season,-0.05627574608886785
2023-01-27 23:05:00,2023-01-27 23:55:00,1,1928.54,1928.49,0.8200000000000001,-9.839999999996271,746.986344391848,TIME,fri_close,-0.013172931572139269
2023-01-30 01:07:00,2023-01-30 23:47:00,1,1928.61,1922.53,0.15,-92.2499999999989,366.41520992405873,TIME,season,-0.2517635663080639
2023-01-31 01:15:00,2023-01-31 09:10:00,1,1923.14,1914.82,0.44,-369.1600000000072,748.5333283140869,TIME,drift,-0.4931777731680459
2023-01-31 01:07:00,2023-01-31 23:47:00,1,1922.6499999999999,1928.03,0.15,79.65000000000164,355.1248377866262,TIME,season,0.22428732525844527
2023-02-01 01:15:00,2023-02-01 09:10:00,1,1927.5,1927.62,0.4,1.9999999999956342,746.1278668488313,TIME,drift,0.0026805056999711857
2023-02-01 01:05:00,2023-02-01 23:45:00,1,1927.77,1951.13,0.3,698.7000000000038,724.5104130323058,TIME,strong_close,0.96437537326168
2023-02-02 01:05:00,2023-02-02 16:54:00,1,1953.33,1928.4932491204286,0.3,-747.2025263871407,745.702526387141,SL,strong_close,-1.002011525973054
2023-02-01 01:10:00,2023-02-03 16:17:00,1,1927.48,1879.2693057978463,0.15,-771.8984130323057,723.4604130323057,SL,tom,-1.0669532142014204
2023-02-03 01:05:00,2023-02-03 17:05:00,1,1913.3,1873.5409541320255,0.18,-716.9228256235403,716.0228256235395,SL,friday,-1.0012569431696778
2023-02-03 23:05:00,2023-02-03 23:55:00,1,1865.01,1865.76,0.5700000000000001,38.760000000000005,727.9410749103441,TIME,fri_close,0.05324606803479777
2023-02-07 10:30:00,2023-02-08 11:32:00,1,1876.18,1883.44,0.26,166.27519999999976,733.2724066118355,TIME,lw,0.22675774855390005
2023-02-08 10:30:00,2023-02-09 11:32:00,1,1882.78,1880.29,0.26,-128.55440000000024,716.9986632824186,TIME,lw,-0.1792951738730982
2023-02-09 16:00:00,2023-02-09 18:03:00,1,1889.74,1869.27,0.36,-739.440000000001,737.6400000000026,SL,nr7,-1.0024402147388949
2023-02-09 10:15:00,2023-02-10 05:33:00,1,1883.0,1856.1764763113422,0.27,-747.5847395937611,724.775139593761,SL,lw,-1.0314712781301867
2023-02-10 01:05:00,2023-02-10 23:00:00,1,1862.37,1864.24,0.18,32.40000000000213,732.8362010513493,TIME,friday,0.04421178969259446
2023-02-10 23:05:00,2023-02-10 23:55:00,1,1863.73,1865.28,0.84,124.31999999999618,725.9542322776737,TIME,fri_close,0.17125046521175794
2023-02-13 11:45:00,2023-02-14 12:47:00,-1,1855.22,1860.3300000000002,0.27,-130.56930000000347,718.7986152619674,TIME,lw,-0.18164934827040152
2023-02-15 10:15:00,2023-02-16 11:17:00,-1,1833.76,1839.93,0.28,-145.81560000000204,727.5952697316003,TIME,lw,-0.20040757006816629
2023-02-17 01:05:00,2023-02-17 23:00:00,1,1835.59,1841.78,0.19,116.28000000000104,730.8350722781074,TIME,friday,0.1591056647535281
2023-02-17 23:05:00,2023-02-17 23:55:00,1,1842.48,1841.95,0.86,-51.59999999999765,726.4409049247022,TIME,fri_close,-0.07103124239038569
2023-02-20 01:05:00,2023-02-21 03:15:00,1,1841.62,1841.5,0.28,-27.57439999999695,716.8733992712561,TIME,strong_close,-0.038464811259600294
2023-02-21 10:15:00,2023-02-22 11:17:00,-1,1833.05,1834.28,0.29,-27.721100000000526,710.7155906256722,TIME,lw,-0.03900449119963233
2023-02-22 14:30:00,2023-02-23 15:32:00,1,1842.98,1821.64,0.3,-713.8319999999976,711.9999515862368,TIME,lw,-1.002573101879683
2023-02-24 01:05:00,2023-02-24 23:00:00,1,1822.91,1810.88,0.21,-254.09999999999943,727.9183490253964,TIME,friday,-0.3490776133617345
2023-02-24 23:05:00,2023-02-24 23:55:00,1,1811.76,1811.08,0.89,-66.75000000000567,723.0539933033268,TIME,fri_close,-0.09231675727984469
2023-02-28 01:15:00,2023-02-28 09:10:00,1,1817.6399999999999,1813.32,0.52,-228.2799999999967,715.3216122372617,TIME,drift,-0.31912918062970475
2023-02-27 17:15:00,2023-02-28 18:17:00,1,1819.14,1825.86,0.31,181.5111999999938,707.827606932505,TIME,lw,0.25643419135148515
2023-03-01 01:15:00,2023-03-01 09:10:00,1,1827.4099999999999,1834.86,0.48,354.24000000000217,719.018645810672,TIME,drift,0.49267150728839193
2023-03-01 01:05:00,2023-03-01 23:45:00,1,1827.07,1837.1,0.32,318.7199999999991,719.8746310551321,TIME,strong_close,0.4427437587748383
2023-03-02 01:15:00,2023-03-02 09:10:00,1,1838.03,1833.67,0.42,-186.0599999999958,713.6655076146062,TIME,drift,-0.2607103720367441
2023-03-01 13:30:00,2023-03-02 14:32:00,1,1838.04,1832.63,0.32,-251.66079999999536,719.8746310551321,TIME,lw,-0.349589760693653
2023-03-03 01:15:00,2023-03-03 09:10:00,1,1836.8899999999999,1844.13,0.49,351.3300000000116,724.3513828288449,TIME,drift,0.4850270301520587
2023-03-03 01:05:00,2023-03-03 23:00:00,1,1836.54,1855.18,0.22,408.5400000000022,708.3912272631493,TIME,friday,0.576715216503154
2023-03-03 23:05:00,2023-03-03 23:55:00,1,1854.84,1854.76,0.92,-13.799999999993307,724.5630800530887,TIME,fri_close,-0.019045960772638572
2023-03-01 01:10:00,2023-03-03 23:57:00,1,1827.36,1855.09,0.16,391.6928000000003,718.7546310551321,EOD,tom,0.5449603843595346
2023-03-03 10:15:00,2023-03-03 23:57:00,1,1843.83,1855.09,0.33,369.2699999999997,709.1612272631493,EOD,lw,0.5207137471758227
2023-03-06 01:05:00,2023-03-06 23:45:00,1,1853.95,1846.81,0.34,-245.14000000000343,728.9758927495932,TIME,strong_close,-0.33627998187343383
2023-03-07 01:15:00,2023-03-07 09:10:00,1,1846.81,1846.62,0.56,-14.560000000003056,725.8467102163811,TIME,drift,-0.020059331805282406
2023-03-07 14:15:00,2023-03-08 15:17:00,-1,1841.17,1813.1100000000001,0.35000000000000003,991.6934999999982,729.6651915988763,TIME,lw,1.359107589916621
2023-03-09 01:15:00,2023-03-09 09:10:00,1,1815.58,1813.48,0.54,-117.1799999999951,735.7339954803492,TIME,drift,-0.1592695195815848
2023-03-10 01:15:00,2023-03-10 09:10:00,1,1831.7199999999998,1832.63,0.46,38.640000000014226,731.2348363422672,TIME,drift,0.05284212140835164
2023-03-09 13:45:00,2023-03-10 14:47:00,1,1820.3,1836.57,0.34,523.7767999999994,736.8165147124114,TIME,lw,0.7108646312093534
2023-03-10 01:05:00,2023-03-10 23:00:00,1,1831.2899999999997,1869.67,0.22,842.8200000000074,719.4879092681185,TIME,friday,1.1714164882316722
2023-03-10 23:05:00,2023-03-10 23:55:00,1,1868.34,1867.39,0.61,-62.2199999999889,738.6635249049733,TIME,fri_close,-0.08423321025360404
2023-03-13 01:05:00,2023-03-13 23:45:00,1,1883.43,1913.49,0.31,929.6899999999982,722.317635140805,TIME,strong_close,1.2870930388107846
2023-03-13 12:45:00,2023-03-14 13:47:00,1,1892.5,1902.48,0.31,282.57120000000054,722.317635140805,TIME,lw,0.39120074916199093
2023-03-14 01:05:00,2023-03-14 23:45:00,1,1912.46,1903.47,0.29,-262.74000000000024,725.8231761476574,TIME,strong_close,-0.36198899213236185
2023-03-15 11:00:00,2023-03-15 15:03:00,-1,1896.3400000000001,1920.8985007140877,0.3,-738.8550214226276,737.3550214226264,SL,lw,-1.0020342982097108
2023-03-15 18:15:00,2023-03-15 23:45:00,1,1923.44,1917.86,0.3,-169.50000000000463,737.3550214226264,TIME,tday,-0.2298756976971248
2023-03-16 15:15:00,2023-03-16 23:45:00,1,1927.25,1918.85,0.28,-237.16000000000258,742.541018566276,TIME,tday900,-0.31938976308395645
2023-03-17 01:05:00,2023-03-17 23:00:00,1,1920.06,1976.25,0.18,1010.1600000000009,714.448003869293,TIME,friday,1.4139027536352498
2023-03-17 15:15:00,2023-03-17 23:45:00,1,1937.02,1983.43,0.28,1297.5200000000025,741.5623743829706,TIME,tday900,1.7497112108467285
2023-03-17 18:15:00,2023-03-17 23:45:00,1,1957.34,1983.43,0.28,728.5600000000042,741.5623743829706,TIME,tday,0.982466243121106
2023-03-17 23:05:00,2023-03-17 23:55:00,1,1976.1299999999999,1986.0,0.37,362.6000000000044,740.4737440298583,TIME,fri_close,0.48968650532649166
2023-03-17 10:45:00,2023-03-17 23:57:00,1,1931.41,1987.7,0.28,1574.1599999999992,741.5623743829706,EOD,lw,2.122761421532215
2023-03-17 14:30:00,2023-03-17 23:57:00,1,1935.7,1987.7,0.26,1350.18,729.0400000000008,EOD,inside,1.851997146932951
2023-03-17 16:00:00,2023-03-17 23:57:00,1,1945.16,1987.7,0.29,1231.6299999999987,727.1655405596855,EOD,trendH4,1.6937408764612754
2023-03-20 12:00:00,2023-03-20 17:12:00,1,1996.59,1967.2778473118071,0.26,-763.9359698930125,762.6359698930141,SL,trendH4,-1.0017046140640085
2023-03-20 01:05:00,2023-03-20 23:45:00,1,1985.8700000000001,1978.77,0.26,-186.42000000000354,769.3155166873571,TIME,strong_close,-0.2423193032719798
2023-03-21 16:45:00,2023-03-22 17:47:00,-1,1956.23,1946.02,0.25,262.10250000000093,765.4781398994261,TIME,lw,0.3424036381162208
2023-03-22 18:15:00,2023-03-22 23:45:00,1,1951.53,1967.6,0.24,383.99999999999847,767.6547989960594,TIME,tday,0.500224841298712
2023-03-23 18:15:00,2023-03-23 23:45:00,1,1982.3600000000001,1993.22,0.23,248.1699999999977,756.6228122018508,TIME,tday,0.32799698343458256
2023-03-23 19:15:00,2023-03-24 20:17:00,1,1988.45,1985.71,0.23,-82.91040000000021,756.6228122018508,TIME,lw,-0.10957956681047239
2023-03-24 01:05:00,2023-03-24 23:00:00,1,1992.84,1975.99,0.15,-253.79999999999862,749.2977408976437,TIME,friday,-0.33871715627482246
2023-03-24 23:05:00,2023-03-24 23:55:00,1,1976.73,1977.5,0.53,37.099999999999035,767.3185723502248,TIME,fri_close,0.048350191611243314
2023-03-27 10:30:00,2023-03-28 11:32:00,-1,1967.3600000000001,1952.42,0.23,349.92430000000127,757.6215064393507,TIME,lw,0.46187218423163057
2023-03-28 18:15:00,2023-03-28 23:45:00,1,1969.68,1973.41,0.23,84.18000000000042,761.4821131222542,TIME,tday,0.11054757367161626
2023-03-29 01:05:00,2023-03-29 23:45:00,1,1974.33,1963.49,0.23,-250.92999999999813,750.0512478992359,TIME,strong_close,-0.3345504733214027
2023-03-30 18:15:00,2023-03-30 23:45:00,1,1974.56,1980.8,0.24,148.0800000000002,753.7920165980171,TIME,tday,0.19644676082974286
2023-03-30 13:45:00,2023-03-31 14:47:00,1,1970.9,1980.92,0.24,219.72479999999953,753.7920165980171,TIME,lw,0.2914926069284368
2023-03-31 01:05:00,2023-03-31 23:00:00,1,1980.37,1970.87,0.16,-153.12,749.2754439838732,TIME,friday,-0.20435742453518288
2023-03-31 23:05:00,2023-03-31 23:55:00,1,1970.0,1969.27,0.73,-58.40000000000133,776.0146513558122,TIME,fri_close,-0.07525631107346736
2023-04-03 18:15:00,2023-04-03 23:45:00,1,1986.42,1984.04,0.25,-61.25000000000273,762.305116948687,TIME,tday,-0.08034840464559763
2023-04-04 01:05:00,2023-04-04 23:45:00,1,1985.54,2020.93,0.25,883.0000000000025,780.8011800237808,TIME,strong_close,1.1308896843279732
2023-04-04 18:15:00,2023-04-04 23:45:00,1,2021.9,2020.93,0.25,-26.000000000000682,780.8011800237808,TIME,tday,-0.033299130002862956
2023-04-05 16:00:00,2023-04-05 17:33:00,1,2031.75,2010.564574234883,0.37,-786.4507533093323,784.6007533093299,SL,trendH4,-1.0023578871065308
2023-04-05 01:05:00,2023-04-05 23:45:00,1,2021.25,2020.57,0.24,-18.000000000001528,778.3999090497704,TIME,strong_close,-0.023124360358642616
2023-04-03 01:10:00,2023-04-06 03:16:00,1,1966.53,2020.08,0.12,594.0719999999993,730.9729122707395,TIME,tom,0.8127141102322619
2023-04-04 20:00:00,2023-04-10 01:00:00,1,2020.98,1990.23,0.32,-1113.408,759.0470130749954,SL,trendH4,-1.4668498535939734
2023-04-10 12:15:00,2023-04-11 13:17:00,1,1998.96,2002.52,0.25,67.37999999999863,772.6023842974658,TIME,lw,0.08721174224859254
2023-04-11 18:15:00,2023-04-11 23:45:00,1,2004.62,2003.15,0.25,-38.499999999995,764.0057854190759,TIME,tday,-0.050392288559538596
2023-04-11 10:30:00,2023-04-12 11:32:00,1,2002.1,2010.23,0.25,181.63000000000272,764.0057854190759,TIME,lw,0.2377338018459824
2023-04-12 04:30:00,2023-04-13 05:32:00,1,2010.01,2018.07,0.36,201.80159999999805,759.2399999999993,TIME,nr7,0.26579421526789715
2023-04-12 10:15:00,2023-04-13 11:17:00,1,2016.04,2026.79,0.26,215.6856,772.5770156332791,TIME,lw,0.279176827210169
2023-04-13 11:15:00,2023-04-14 12:17:00,1,2026.25,2035.39,0.26,215.1552000000026,767.4615145166165,TIME,lw,0.28034656582814776
2023-04-13 16:00:00,2023-04-14 15:45:00,1,2045.3,2022.6453761528146,0.34,-799.6604108043018,770.9372108043049,SL,trendH4,-1.0372575089092282
2023-04-14 01:05:00,2023-04-14 18:03:00,1,2040.42,1995.59384743661,0.17,-763.2345935776301,762.3845935776326,SL,friday,-1.0011149228449236
2023-04-14 23:05:00,2023-04-14 23:55:00,1,2005.8,2004.56,0.63,-82.53000000000057,768.1835496290875,TIME,fri_close,-0.10743526080433466
2023-04-18 18:15:00,2023-04-18 23:45:00,1,2008.42,2004.83,0.24,-87.8400000000035,765.0514108745256,TIME,tday,-0.11481581335768551
2023-04-18 17:45:00,2023-04-19 11:46:00,1,2009.04,1977.182857880228,0.24,-785.326610874525,765.0514108745256,SL,lw,-1.0265017483946903
2023-04-20 17:15:00,2023-04-21 16:49:00,1,2010.61,1978.9916988865232,0.24,-779.5944267234412,759.3192267234427,SL,lw,-1.0267018130009542
2023-04-21 01:05:00,2023-04-21 23:00:00,1,2004.4099999999999,1982.68,0.16,-348.79999999999666,742.0307105289111,TIME,friday,-0.4700614072312128
2023-04-21 23:05:00,2023-04-21 23:55:00,1,1981.97,1982.66,0.72,44.64000000000393,763.2683027890974,TIME,fri_close,0.05848533187724767
2023-04-25 01:05:00,2023-04-25 23:45:00,1,1991.6,1996.56,0.25,122.25000000000091,753.386001697417,TIME,strong_close,0.16226741633713054
2023-04-25 01:30:00,2023-04-26 02:32:00,1,1992.25,1999.86,0.42,283.2983999999958,756.4200000000022,TIME,inside,0.3745252637423587
2023-04-26 16:30:00,2023-04-27 16:30:00,1,2008.38,1978.4349485083817,0.25,-809.9862872904604,749.1262872904589,SL,lw,-1.0812413087519972
2023-04-27 10:15:00,2023-04-28 11:17:00,1,2001.61,1980.68,0.25,-544.8699999999959,742.1886953411404,TIME,lw,-0.7341394491997096
2023-04-28 01:05:00,2023-04-28 23:00:00,1,1987.74,1989.15,0.17,22.78000000000139,755.6040785873943,TIME,friday,0.0301480638413026
2023-04-28 23:05:00,2023-04-28 23:55:00,1,1988.38,1989.69,0.79,97.95999999999569,753.8695252954614,TIME,fri_close,0.1299429101628728
2023-05-01 15:30:00,2023-05-02 16:32:00,1,1997.54,1988.74,0.35000000000000003,-338.26799999999844,743.049999999995,TIME,inside,-0.4552425812529449
2023-05-02 18:15:00,2023-05-02 23:45:00,1,2012.68,2015.96,0.26,83.4599999999993,751.2689818553441,TIME,tday,0.11109203496447483
2023-05-03 01:05:00,2023-05-03 23:45:00,1,2016.3799999999999,2031.0,0.25,363.75000000000296,743.9544480851284,TIME,strong_close,0.48894122608751467
2023-05-01 01:10:00,2023-05-04 03:16:00,1,1990.71,2056.03,0.13,796.5880000000021,750.0689035365243,TIME,tom,1.0620197641098617
2023-05-04 01:05:00,2023-05-04 10:34:00,1,2061.4,2031.3966919282668,0.25,-751.8327017933318,750.5827017933333,SL,strong_close,-1.001665372779058
2023-05-04 04:00:00,2023-05-05 15:30:00,1,2054.63,2029.4682967900796,0.3,-780.7950962976139,755.4510962976126,SL,trendH4,-1.033548167610332
2023-05-04 17:45:00,2023-05-05 15:30:00,1,2059.1400000000003,2029.136691928267,0.25,-771.7027017933318,750.5827017933333,SL,lw,-1.0281381384749975
2023-05-05 01:05:00,2023-05-05 16:46:00,1,2049.4100000000003,2002.316463757229,0.16,-754.6165798843405,753.8165798843429,SL,friday,-1.0010612661240754
2023-05-05 23:05:00,2023-05-05 23:55:00,1,2018.67,2015.84,0.6900000000000001,-200.1000000000107,743.8892482641791,TIME,fri_close,-0.2689916549633323
2023-05-09 15:15:00,2023-05-09 23:45:00,1,2031.34,2034.59,0.23,73.14,730.1312937947364,TIME,tday900,0.10017376411832311
2023-05-09 12:45:00,2023-05-10 13:47:00,1,2028.13,2031.43,0.23,56.009599999998954,730.1312937947364,TIME,lw,0.07671168250972828
2023-05-09 13:30:00,2023-05-10 14:32:00,1,2029.76,2031.28,0.48,31.44959999999913,742.0799999999939,TIME,inside,0.042380336351874985
2023-05-10 01:05:00,2023-05-10 23:45:00,1,2034.46,2031.22,0.24,-79.44000000000023,738.6392660371356,TIME,strong_close,-0.10754911585759959
2023-05-11 17:00:00,2023-05-12 18:02:00,-1,2012.8,2012.03,0.24,25.058399999999562,731.7021756059119,TIME,lw,0.03424672064046969
2023-05-12 12:45:00,2023-05-12 23:57:00,-1,2003.0900000000001,2011.14,0.24,-194.87999999999892,731.0377344912042,EOD,lw,-0.26657994629461046
2023-05-15 10:15:00,2023-05-16 11:17:00,1,2018.21,2009.66,0.25,-235.36999999999887,745.908522945361,TIME,lw,-0.3155480769553294
2023-05-18 11:15:00,2023-05-19 12:17:00,-1,1973.3600000000001,1965.46,0.26,212.5266000000024,735.8693680420541,TIME,lw,0.2888102280510428
2023-05-19 23:05:00,2023-05-19 23:55:00,1,1976.45,1977.52,0.6900000000000001,68.99999999999561,744.8558225812528,TIME,fri_close,0.09263537708664246
2023-05-19 18:30:00,2023-05-19 23:57:00,1,1975.31,1977.47,0.26,54.34000000000213,746.6544131819074,EOD,lw,0.07277798006768531
2023-05-23 10:15:00,2023-05-24 11:17:00,-1,1958.29,1974.38,0.27,-427.0293000000039,749.3813750684938,TIME,lw,-0.5698424249748311
2023-05-24 19:00:00,2023-05-25 20:02:00,-1,1962.98,1943.6100000000001,0.27,548.9720999999971,741.0984197064583,TIME,lw,0.7407546493182909
2023-05-26 01:05:00,2023-05-26 23:00:00,1,1941.66,1947.36,0.18,101.3399999999967,739.5897598489362,TIME,friday,0.13702190795704872
2023-05-26 23:05:00,2023-05-26 23:55:00,1,1947.08,1946.56,0.93,-54.869999999998306,747.8271674364373,TIME,fri_close,-0.07337256840787623
2023-05-26 10:30:00,2023-05-26 23:57:00,1,1952.04,1946.72,0.27,-145.52999999999827,740.2197598489363,EOD,lw,-0.19660377619438038
2023-05-30 10:15:00,2023-05-31 08:57:00,-1,1938.69,1964.3627417638834,0.29,-736.5606111526163,745.0895111526145,SL,lw,-0.9885531874058938
2023-05-31 18:30:00,2023-06-01 19:32:00,1,1972.72,1980.57,0.28,151.07679999999743,731.4712858609649,TIME,lw,0.2065382509474384
2023-06-02 01:05:00,2023-06-02 23:00:00,1,1977.25,1948.62,0.19,-545.3000000000021,741.9550926292527,TIME,friday,-0.7349501410761027
2023-06-02 23:05:00,2023-06-02 23:55:00,1,1948.96,1948.2,0.88,-73.0399999999992,737.2990689666582,TIME,fri_close,-0.09906427808510115
2023-06-01 01:10:00,2023-06-02 23:57:00,1,1963.78,1947.59,0.14,-238.7672000000008,720.4633368708963,EOD,tom,-0.33140784239904597
2023-06-06 01:05:00,2023-06-06 23:45:00,1,1961.76,1962.96,0.27,30.510000000001227,721.2742620242182,TIME,strong_close,0.04230013686385609
2023-06-07 10:15:00,2023-06-08 11:17:00,-1,1955.76,1947.92,0.28,246.4643999999977,718.7604004677655,TIME,lw,0.34290202943790443
2023-06-08 15:45:00,2023-06-09 16:47:00,1,1959.0,1959.46,0.28,-11.334399999998984,728.2203718629255,TIME,lw,-0.01556451925535047
2023-06-09 01:05:00,2023-06-09 23:00:00,1,1966.27,1960.12,0.18,-111.96000000000164,711.3066084793031,TIME,friday,-0.15740047774806992
2023-06-09 23:05:00,2023-06-09 23:55:00,1,1960.68,1960.46,1.07,-31.03000000000292,737.4191111608894,TIME,fri_close,-0.042079191507735175
2023-06-12 17:00:00,2023-06-13 18:02:00,-1,1952.01,1952.46,0.28,-4.925200000001274,718.4685859430331,TIME,lw,-0.006855136183214821
2023-06-15 10:15:00,2023-06-15 17:06:00,-1,1929.97,1955.1260584563313,0.29,-731.5556952336066,730.1056952336064,SL,lw,-1.0019860138189118
2023-06-16 01:05:00,2023-06-16 23:00:00,1,1957.74,1955.37,0.19,-46.360000000002245,739.1314041479092,TIME,friday,-0.06272227068128342
2023-06-16 23:05:00,2023-06-16 23:55:00,1,1956.31,1957.35,0.91,88.26999999999668,735.0212026176175,TIME,fri_close,0.1200917737959699
2023-06-19 15:15:00,2023-06-20 03:15:00,-1,1949.66,1952.38,0.29,-70.93110000000078,729.4970535432623,TIME,tday900,-0.09723288072992095
2023-06-19 10:45:00,2023-06-20 14:15:00,-1,1953.03,1952.73,0.49,28.130899999997766,727.6499999999986,TIME,nr7,0.03865993265992966
2023-06-19 13:00:00,2023-06-20 16:30:00,-1,1950.32,1938.69,0.29,345.21889999999655,729.4970535432623,TIME,lw,0.4732286420119497
2023-06-20 18:15:00,2023-06-20 23:45:00,-1,1935.66,1936.04,0.3,-13.49999999999645,724.3626869011634,TIME,tday,-0.018637072621382103
2023-06-20 05:00:00,2023-06-21 06:02:00,-1,1946.88,1937.05,0.62,626.4542000000096,730.9800000000017,TIME,nr7,0.8570059372349559
2023-06-20 16:00:00,2023-06-21 17:02:00,-1,1944.64,1927.17,0.3,532.3230000000008,724.3626869011634,TIME,lw,0.7348846228914525
2023-06-22 01:15:00,2023-06-22 09:10:00,1,1933.25,1930.96,0.45,-106.19999999999838,743.2656512553746,TIME,drift,-0.14288296495422162
2023-06-22 18:15:00,2023-06-22 23:45:00,-1,1918.3600000000001,1912.89,0.31,167.40000000000086,746.3576558971424,TIME,tday,0.22428925151009735
2023-06-22 16:00:00,2023-06-23 17:02:00,-1,1923.39,1931.3300000000002,0.31,-237.64290000000165,746.3576558971424,TIME,lw,-0.3184035135465293
2023-06-23 23:05:00,2023-06-23 23:55:00,1,1920.06,1921.42,1.02,131.580000000013,742.09069776068,TIME,fri_close,0.1773098630626506
2023-06-27 01:15:00,2023-06-27 09:10:00,1,1923.85,1925.1,0.54,63.72,739.4834593255539,TIME,drift,0.08616825595817362
2023-06-28 01:15:00,2023-06-28 09:10:00,1,1915.14,1916.11,0.46,41.399999999990804,738.9255309959814,TIME,drift,0.05602729674827808
2023-06-27 10:15:00,2023-06-28 11:17:00,1,1928.61,1909.83,0.31,-608.9887999999991,724.3775801771219,TIME,lw,-0.8407063065799076
2023-06-28 16:45:00,2023-06-29 17:47:00,-1,1905.27,1909.89,0.32,-117.0464000000038,739.659984685905,TIME,lw,-0.15824352056804492
2023-06-30 01:15:00,2023-06-30 09:10:00,1,1908.49,1904.92,0.44,-160.1599999999972,735.6781405032677,TIME,drift,-0.21770389954829142
2023-06-30 01:05:00,2023-06-30 23:00:00,1,1909.03,1920.02,0.22,240.2400000000002,736.2815138063282,TIME,friday,0.3262882409719077
2023-06-30 23:05:00,2023-06-30 23:55:00,1,1919.44,1919.21,1.02,-30.600000000001856,742.2111013487666,TIME,fri_close,-0.04122816264051384
2023-06-30 17:15:00,2023-06-30 23:57:00,1,1916.86,1919.16,0.33,73.590000000006,737.0515138063282,EOD,lw,0.09984376752714047
2023-07-03 01:05:00,2023-07-03 23:45:00,1,1918.77,1921.46,0.33,86.4600000000018,736.8985485344476,TIME,strong_close,0.11732958379678513
2023-07-03 01:07:00,2023-07-03 23:47:00,1,1918.8,1921.54,0.16,42.72000000000015,357.2841447439746,TIME,season,0.11956869799137819
2023-07-04 01:15:00,2023-07-04 09:10:00,1,1921.6200000000001,1924.16,0.53,130.90999999999806,732.7924797644766,TIME,drift,0.1786453922699551
2023-07-03 17:45:00,2023-07-04 18:47:00,1,1929.41,1927.59,0.33,-88.59840000000541,736.8985485344476,TIME,lw,-0.12023147579298527
2023-07-04 01:07:00,2023-07-05 03:17:00,1,1921.55,1926.08,0.16,58.64319999999956,355.77527726226225,TIME,season,0.16483213912801004
2023-07-05 01:15:00,2023-07-05 09:10:00,1,1925.77,1924.71,0.74,-83.61999999999597,737.4664352102579,TIME,drift,-0.1133882113240248
2023-07-04 13:15:00,2023-07-05 16:45:00,1,1930.71,1925.7,0.33,-193.8683999999997,733.7865093534159,TIME,lw,-0.26420273135142397
2023-07-05 01:07:00,2023-07-05 23:47:00,1,1926.33,1915.3,0.17,-188.69999999999956,364.2461440846429,TIME,season,-0.5180562733867947
2023-07-03 01:10:00,2023-07-06 05:44:00,1,1919.1200000000001,1918.49,0.16,-74.78400000000175,713.4482894879492,TIME,tom,-0.10482049098985881
2023-07-06 01:15:00,2023-07-06 09:10:00,1,1917.75,1919.79,0.52,102.43999999999811,732.0749107058722,TIME,drift,0.13993103506473767
2023-07-05 16:15:00,2023-07-06 15:24:00,1,1930.42,1909.0137562303153,0.34,-811.2618881692836,728.4922881692858,SL,lw,-1.1136176749488993
2023-07-06 14:00:00,2023-07-06 15:40:00,1,1925.05,1903.7220593567213,0.34,-727.5299818714752,725.8299818714796,SL,lw,-1.0023421462910809
2023-07-06 01:07:00,2023-07-06 23:47:00,1,1917.19,1910.45,0.17,-115.77000000000017,362.9149909357398,TIME,season,-0.3190003248460441
2023-07-07 01:15:00,2023-07-07 09:10:00,1,1910.88,1914.31,0.42,141.11999999999313,721.077932009731,TIME,drift,0.1957070016089311
2023-07-07 01:05:00,2023-07-07 23:00:00,1,1911.21,1924.72,0.22,295.6799999999998,712.4618954261863,TIME,friday,0.4150116685512388
2023-07-07 01:07:00,2023-07-07 23:47:00,1,1911.1,1925.2,0.17,238.51000000000232,367.42249158318697,TIME,season,0.6491437118405203
2023-07-07 23:05:00,2023-07-07 23:55:00,1,1924.99,1925.1,0.9500000000000001,3.7999999999904954,731.7430346895239,TIME,fri_close,0.005193079837928109
2023-07-07 16:30:00,2023-07-07 23:57:00,1,1921.33,1925.28,0.34,131.92000000000155,734.8449831663739,EOD,lw,0.17952085544841226
2023-07-10 01:07:00,2023-07-10 23:47:00,1,1926.0,1924.97,0.16,-17.599999999999564,350.1144464256423,TIME,season,-0.05026927674558974
2023-07-11 01:15:00,2023-07-11 09:10:00,1,1925.59,1929.99,0.52,225.16000000000474,734.2631911706598,TIME,drift,0.3066475382499085
2023-07-11 01:05:00,2023-07-11 23:45:00,1,1925.52,1932.08,0.34,220.65999999999818,728.8093987505978,TIME,strong_close,0.30276777491930934
2023-07-11 01:07:00,2023-07-11 23:47:00,1,1925.51,1932.03,0.17,109.6499999999997,364.4046993752989,TIME,season,0.3009017177549393
2023-07-12 01:15:00,2023-07-12 09:10:00,1,1932.56,1938.77,0.56,343.8400000000021,730.6612147467746,TIME,drift,0.47058745292668475
2023-07-11 10:15:00,2023-07-12 11:17:00,1,1931.55,1934.96,0.34,86.5368000000028,728.8093987505978,TIME,lw,0.1187372173689765
2023-07-12 01:07:00,2023-07-12 23:47:00,1,1932.65,1957.92,0.17,428.3999999999997,355.5457922770635,TIME,season,1.2049080858371222
2023-07-13 01:15:00,2023-07-13 09:10:00,1,1957.54,1958.63,0.45,45.90000000000655,730.6638465308887,TIME,drift,0.06281958552887855
2023-07-13 01:05:00,2023-07-13 23:45:00,1,1958.04,1960.25,0.34,72.76000000000124,727.3521856574035,TIME,strong_close,0.10003407074969946
2023-07-13 01:07:00,2023-07-13 23:47:00,1,1957.83,1960.21,0.17,39.27000000000186,363.67609282870177,TIME,season,0.10798070253823025
2023-07-14 01:15:00,2023-07-14 09:10:00,1,1960.97,1959.79,0.51,-63.750000000003254,741.5228264564248,TIME,drift,-0.08597172969664406
2023-07-14 01:05:00,2023-07-14 23:00:00,1,1960.77,1954.32,0.24,-156.4800000000011,743.4992077471956,TIME,friday,-0.21046424578465375
2023-07-14 01:07:00,2023-07-14 23:47:00,1,1960.76,1954.86,0.18,-107.46000000000163,372.16960387359785,TIME,season,-0.28873932444117306
2023-07-14 23:05:00,2023-07-14 23:55:00,1,1955.12,1955.36,1.04,17.68000000000095,743.4717116080694,TIME,fri_close,0.023780326438729637
2023-07-17 01:07:00,2023-07-17 23:47:00,1,1954.76,1954.9,0.18,1.2600000000018008,362.15891788262644,TIME,season,0.0034791356440107305
2023-07-18 01:15:00,2023-07-18 09:10:00,1,1954.99,1959.01,0.55,217.249999999999,743.3763573004042,TIME,drift,0.2922476587619084
2023-07-18 01:07:00,2023-07-18 23:47:00,1,1955.06,1978.52,0.18,421.02000000000066,354.52185231958157,TIME,season,1.187571364770132
2023-07-19 01:15:00,2023-07-19 09:10:00,1,1979.06,1979.74,0.43,26.23000000000274,735.310526000006,TIME,drift,0.035672003966393
2023-07-18 10:15:00,2023-07-19 11:17:00,1,1962.7,1978.26,0.37,543.722399999998,728.7393631013622,TIME,lw,0.7461136690709683
2023-07-19 01:05:00,2023-07-19 23:45:00,1,1979.17,1977.01,0.36,-80.28000000000294,735.4120114506511,TIME,strong_close,-0.10916329724020292
2023-07-19 01:07:00,2023-07-19 23:47:00,1,1979.1399999999999,1977.01,0.18,-39.59999999999787,367.70600572532555,TIME,season,-0.10769473270332947
2023-07-20 01:15:00,2023-07-20 09:10:00,1,1977.85,1979.81,0.51,96.39000000000186,735.7256860884775,TIME,drift,0.13101350384062863
2023-07-20 08:00:00,2023-07-20 17:14:00,1,1984.79,1970.5862294724543,0.52,-742.2360674323743,739.6360674323774,SL,trendH4,-1.0035152423123748
2023-07-20 01:07:00,2023-07-20 23:47:00,1,1978.74,1969.37,0.18,-169.92000000000212,355.8284338878022,TIME,season,-0.47753350721145665
2023-07-21 01:15:00,2023-07-21 09:10:00,1,1970.66,1969.77,0.47000000000000003,-45.1200000000047,744.5790878562459,TIME,drift,-0.060597995210840395
2023-07-20 10:15:00,2023-07-21 11:17:00,1,1982.37,1963.96,0.37,-713.1675999999946,731.4251141027046,TIME,lw,-0.9750384369490678
2023-07-18 20:00:00,2023-07-21 11:20:00,1,1978.14,1962.5150623607403,0.47000000000000003,-924.4400690452092,735.3120690452159,SL,trendH4,-1.2572078005540845
2023-07-21 01:05:00,2023-07-21 23:00:00,1,1970.69,1962.36,0.24,-201.6000000000037,717.0699486487758,TIME,friday,-0.28114412043049974
2023-07-21 01:07:00,2023-07-21 23:47:00,1,1970.56,1962.0,0.18,-155.339999999999,358.9549743243879,TIME,season,-0.4327562260207547
2023-07-21 23:05:00,2023-07-21 23:55:00,1,1962.32,1961.96,1.1400000000000001,-49.0199999999886,733.2896473628797,TIME,fri_close,-0.06684943688524529
2023-07-24 01:07:00,2023-07-24 23:47:00,1,1962.77,1954.6,0.18,-148.3200000000013,355.5710475869316,TIME,season,-0.41713182500816337
2023-07-25 01:15:00,2023-07-25 09:10:00,1,1955.46,1962.42,0.52,358.2800000000019,730.741349104709,TIME,drift,0.49029660144312354
2023-07-25 01:07:00,2023-07-25 23:47:00,1,1955.32,1965.03,0.18,173.52000000000066,348.8931156164365,TIME,season,0.49734429323266954
2023-07-26 01:15:00,2023-07-26 09:10:00,1,1964.51,1966.1,0.49,74.47999999999598,727.0546457669562,TIME,drift,0.10244071808581655
2023-07-25 10:15:00,2023-07-26 11:17:00,1,1962.75,1970.93,0.38,277.9776000000024,736.5521329680327,TIME,lw,0.37740383546220346
2023-07-26 01:05:00,2023-07-26 23:45:00,1,1965.06,1972.28,0.38,271.700000000001,727.776980613173,TIME,strong_close,0.37332865319687075
2023-07-26 15:15:00,2023-07-26 23:45:00,1,1972.67,1972.28,0.38,-17.480000000003802,727.776980613173,TIME,tday900,-0.024018346918964654
2023-07-26 01:07:00,2023-07-26 23:47:00,1,1964.83,1972.11,0.19,136.98999999999947,363.8884903065865,TIME,season,0.37646148105586263
2023-07-27 01:15:00,2023-07-27 09:10:00,1,1973.24,1975.65,0.42,98.28000000000344,733.3825495057903,TIME,drift,0.13400918806458115
2023-07-26 11:15:00,2023-07-27 12:17:00,1,1971.39,1977.59,0.38,142.3327999999931,727.776980613173,TIME,lw,0.19557200047750017
2023-07-27 10:45:00,2023-07-27 15:49:00,1,1981.02,1962.0824046090765,0.39,-741.296220246014,739.3462202460123,SL,lw,-1.002637465299211
2023-07-27 01:07:00,2023-07-27 16:31:00,1,1971.81,1953.818606913615,0.19,-343.1664686413142,360.19431242754445,SL,season,-0.9527259504141796
2023-07-28 01:15:00,2023-07-28 09:10:00,1,1947.17,1951.97,0.34,160.81999999999846,731.3248520288982,TIME,drift,0.21990227674314514
2023-07-28 01:05:00,2023-07-28 23:00:00,1,1947.01,1958.99,0.24,285.84000000000043,734.9967602108679,TIME,friday,0.3888996734053548
2023-07-28 01:07:00,2023-07-28 23:47:00,1,1946.81,1959.04,0.18,218.88000000000034,367.91838010543404,TIME,season,0.594914556694004
2023-07-28 23:05:00,2023-07-28 23:55:00,1,1959.0,1959.06,1.08,-1.0800000000058931,738.7207559546548,TIME,fri_close,-0.0014619868080059568
2023-07-28 18:30:00,2023-07-28 23:57:00,1,1962.89,1959.13,0.36,-137.87999999999968,735.8367602108681,EOD,lw,-0.18737851580082454
2023-07-31 18:15:00,2023-07-31 23:45:00,1,1968.73,1965.14,0.36,-131.75999999999706,731.0541344815204,TIME,tday,-0.1802328908151845
2023-07-31 01:07:00,2023-07-31 23:47:00,1,1959.89,1965.21,0.18,94.49999999999883,365.5270672407602,TIME,season,0.2585307860053902
2023-08-01 01:15:00,2023-08-01 09:10:00,1,1966.08,1957.9,0.47000000000000003,-387.7499999999924,726.3875540280711,TIME,drift,-0.5338059522768308
2023-07-31 16:45:00,2023-08-01 15:44:00,1,1968.46,1948.1729407088467,0.36,-761.4669344815206,731.0541344815204,SL,lw,-1.041601296765211
2023-07-31 15:45:00,2023-08-01 16:06:00,1,1965.15,1945.58,0.37,-756.0876000000061,724.8300000000078,SL,inside,-1.0431240428790172
2023-08-01 01:07:00,2023-08-01 16:06:00,1,1966.11,1945.7013020867862,0.18,-368.6165624378466,367.7165624378485,SL,season,-1.0024475372934833
2023-08-02 01:15:00,2023-08-02 09:10:00,1,1950.29,1950.0,0.51,-18.359999999998145,719.9321930793641,TIME,drift,-0.025502401721288454
2023-08-02 01:07:00,2023-08-02 23:47:00,1,1949.1599999999999,1934.7,0.17,-247.00999999999678,352.62015991573224,TIME,season,-0.7004988031853489
2023-08-03 01:15:00,2023-08-03 09:10:00,1,1936.19,1934.81,0.48,-69.60000000000524,713.6609100012305,TIME,drift,-0.097525307922337
2023-08-03 01:07:00,2023-08-03 23:47:00,1,1935.26,1933.87,0.17,-24.820000000001702,354.08657706460866,TIME,season,-0.0700958511496269
2023-08-01 01:10:00,2023-08-04 03:16:00,1,1965.72,1935.18,0.18,-622.5119999999994,734.173124875697,TIME,tom,-0.8479089998089987
2023-08-04 01:15:00,2023-08-04 09:10:00,1,1934.87,1934.01,0.47000000000000003,-43.7099999999953,712.118815029601,TIME,drift,-0.06138020661366514
2023-08-04 01:05:00,2023-08-04 15:30:00,1,1934.97,1904.996919106051,0.24,-721.033941454774,719.8339414547769,SL,friday,-1.0016670511501193
2023-08-04 01:07:00,2023-08-04 15:30:00,1,1934.73,1914.731279404034,0.18,-361.2369707273881,360.3369707273884,SL,season,-1.0024976621138346
2023-08-04 23:05:00,2023-08-04 23:55:00,1,1941.82,1942.68,0.93,73.47000000001184,714.3399776350736,TIME,fri_close,0.10285018660616609
2023-08-07 01:05:00,2023-08-07 23:45:00,1,1942.62,1936.14,0.32,-209.59999999999334,716.2134119944191,TIME,strong_close,-0.29265020242545614
2023-08-07 01:07:00,2023-08-07 23:47:00,1,1942.81,1936.34,0.16,-104.64000000000044,358.10670599720953,TIME,season,-0.2922034082232904
2023-08-08 01:15:00,2023-08-08 09:10:00,1,1936.9,1933.95,0.53,-160.06000000000242,709.2670994015983,TIME,drift,-0.2256695681148096
2023-08-08 01:07:00,2023-08-08 23:47:00,1,1936.6299999999999,1924.8,0.16,-190.39999999999884,350.03622699740885,TIME,season,-0.5439436987229561
2023-08-09 01:15:00,2023-08-09 09:10:00,1,1924.93,1931.43,0.52,334.36,709.5669821388925,TIME,drift,0.4712169652991992
2023-08-09 01:07:00,2023-08-09 23:47:00,1,1925.28,1914.72,0.16,-170.07999999999913,342.7022107833081,TIME,season,-0.496290933201891
2023-08-10 01:15:00,2023-08-10 09:10:00,1,1915.93,1916.1,0.58,5.799999999991033,715.3871042493915,TIME,drift,0.008107498675247423
2023-08-10 01:07:00,2023-08-10 23:47:00,1,1916.18,1912.8,0.16,-55.200000000001744,339.25205287021464,TIME,season,-0.1627108798104141
2023-08-11 01:15:00,2023-08-11 09:10:00,1,1913.58,1916.17,0.46,115.92000000000671,711.6892385591701,TIME,drift,0.16288007984311972
2023-08-11 01:05:00,2023-08-11 23:00:00,1,1912.71,1913.57,0.22,17.3799999999978,691.5046905416164,TIME,friday,0.02513359668809337
2023-08-11 01:07:00,2023-08-11 23:47:00,1,1912.92,1913.38,0.17,6.630000000000619,356.62635573355993,TIME,season,0.018590886213003213
2023-08-11 23:05:00,2023-08-11 23:55:00,1,1913.83,1913.92,1.35,2.700000000019646,715.455217627072,TIME,fri_close,0.0037738211050785983
2023-08-14 01:07:00,2023-08-14 23:47:00,1,1913.78,1907.48,0.17,-108.28999999999924,343.49018746687705,TIME,season,-0.3152637366400509
2023-08-15 01:15:00,2023-08-15 09:10:00,1,1907.7,1905.71,0.55,-113.30000000000051,703.4231556916629,TIME,drift,-0.16106947728866663
2023-08-15 01:07:00,2023-08-15 23:47:00,1,1907.8,1901.67,0.18,-111.59999999999786,355.1901002825597,TIME,season,-0.31419794614550967
2023-08-16 01:15:00,2023-08-16 09:10:00,1,1902.25,1904.97,0.51,135.1500000000014,711.5293498374575,TIME,drift,0.18994297288070436
2023-08-16 01:07:00,2023-08-16 23:47:00,1,1902.51,1893.05,0.18,-171.54000000000065,349.65795026237674,TIME,season,-0.4905937355958309
2023-08-17 01:15:00,2023-08-17 09:10:00,1,1895.03,1893.85,0.56,-70.00000000000357,710.2157790381779,TIME,drift,-0.09856159503355767
2023-08-17 01:07:00,2023-08-17 23:47:00,1,1894.69,1888.83,0.18,-106.74000000000228,344.5723823864928,TIME,season,-0.3097752619078925
2023-08-18 01:15:00,2023-08-18 09:10:00,1,1889.71,1892.53,0.52,142.9999999999967,702.7541262793019,TIME,drift,0.20348510901971273
2023-08-17 14:30:00,2023-08-18 15:32:00,1,1898.43,1890.64,0.37,-320.22759999999863,708.2876749055686,TIME,lw,-0.4521151664014096
2023-08-18 01:05:00,2023-08-18 23:01:00,1,1889.92,1889.44,0.24,-13.200000000000434,686.831567289201,TIME,friday,-0.019218685670052162
2023-08-18 01:07:00,2023-08-18 23:48:00,1,1889.88,1889.21,0.18,-13.320000000001308,343.8357836446005,TIME,season,-0.03873942339221237
2023-08-18 23:05:00,2023-08-18 23:55:00,1,1890.01,1889.59,1.18,-57.82000000000858,710.2909035926302,TIME,fri_close,-0.08140326689748768
2023-08-21 01:07:00,2023-08-21 23:47:00,1,1890.64,1894.65,0.19,74.85999999999983,350.74793079450916,TIME,season,0.21342962688454936
2023-08-22 01:15:00,2023-08-22 09:10:00,1,1895.1200000000001,1896.52,0.53,70.48999999999278,704.7573282737528,TIME,drift,0.10002024409260481
2023-08-21 15:15:00,2023-08-22 16:17:00,1,1894.18,1895.49,0.38,16.91759999999793,701.4958615890183,TIME,lw,0.02411646443882994
2023-08-22 01:07:00,2023-08-22 23:47:00,1,1894.89,1897.45,0.19,47.309999999998965,344.77593573775846,TIME,season,0.13721955361752286
2023-08-23 01:15:00,2023-08-23 09:10:00,1,1898.31,1903.15,0.5700000000000001,271.89000000000834,708.196417433498,TIME,drift,0.3839189147346113
2023-08-22 10:30:00,2023-08-23 11:32:00,1,1900.76,1903.63,0.39,78.2028000000046,707.6979733564516,TIME,lw,0.11050307185296347
2023-08-23 01:07:00,2023-08-23 23:47:00,1,1897.81,1915.14,0.19,327.94000000000295,341.07622604220455,TIME,season,0.961485952290981
2023-08-24 01:15:00,2023-08-24 09:10:00,1,1917.35,1922.27,0.56,271.6000000000041,712.0947003933469,TIME,drift,0.38140994428125596
2023-08-23 10:30:00,2023-08-24 11:32:00,1,1904.25,1921.52,0.39,577.8083999999992,700.1038324024198,TIME,lw,0.8253181503338419
2023-08-24 01:07:00,2023-08-24 23:47:00,1,1917.3700000000001,1916.96,0.19,-9.120000000001555,348.29435275347544,TIME,season,-0.02618474841151599
2023-08-25 01:15:00,2023-08-25 09:10:00,1,1917.1,1913.65,0.63,-221.75999999998857,714.0762269644482,TIME,drift,-0.3105550802926105
2023-08-25 01:05:00,2023-08-25 23:00:00,1,1917.09,1914.3,0.26,-74.35999999999905,695.342131000045,TIME,friday,-0.10694016180646795
2023-08-25 01:07:00,2023-08-25 23:47:00,1,1917.1100000000001,1914.7,0.2,-49.60000000000164,357.052374871818,TIME,season,-0.13891519421431678
2023-08-25 23:05:00,2023-08-25 23:55:00,1,1914.44,1913.89,0.89,-55.17999999999596,719.3344862638278,TIME,fri_close,-0.07670979364078172
2023-08-28 01:07:00,2023-08-28 23:47:00,1,1915.54,1919.93,0.2,86.40000000000201,358.20577666668805,TIME,season,0.24120214030048312
2023-08-29 01:15:00,2023-08-29 09:10:00,1,1920.59,1925.03,0.62,270.9400000000034,709.5401538337893,TIME,drift,0.3818529487528784
2023-08-28 18:45:00,2023-08-29 19:47:00,1,1925.18,1934.92,0.4,355.0080000000004,716.4115533333761,TIME,lw,0.49553639712842595
2023-08-29 01:07:00,2023-08-29 23:47:00,1,1920.3600000000001,1937.66,0.2,344.5999999999991,351.6625069047818,TIME,season,0.9799168044186894
2023-08-30 01:15:00,2023-08-30 09:10:00,1,1937.02,1936.29,0.56,-44.80000000000102,716.0219701418667,TIME,drift,-0.06256791253364015
2023-08-30 01:05:00,2023-08-30 23:45:00,1,1937.3,1943.0,0.4,225.20000000000184,721.0589413945949,TIME,strong_close,0.3123184348348058
2023-08-30 01:07:00,2023-08-30 23:47:00,1,1937.26,1942.96,0.2,112.60000000000092,360.5294706972974,TIME,season,0.3123184348348058
2023-08-31 01:15:00,2023-08-31 09:10:00,1,1944.58,1944.9,0.71,17.750000000011624,718.9045827116289,TIME,drift,0.024690341982604395
2023-08-30 17:00:00,2023-08-31 18:02:00,1,1947.54,1943.65,0.4,-253.77599999999492,721.0589413945949,TIME,lw,-0.3519490369388785
2023-08-31 01:07:00,2023-08-31 23:47:00,1,1943.91,1939.64,0.2,-86.79999999999964,355.03450850463315,TIME,season,-0.24448327675411563
2023-09-01 01:15:00,2023-09-01 09:10:00,1,1940.34,1939.86,0.71,-39.05000000000128,714.5883154873528,TIME,drift,-0.054646849316825154
2023-09-01 01:05:00,2023-09-01 23:00:00,1,1940.26,1940.49,0.28,4.48000000000051,718.1272915840347,TIME,friday,0.006238448325948722
2023-09-01 23:05:00,2023-09-01 23:55:00,1,1940.7,1939.86,1.21,-110.1100000000176,720.6932919100547,TIME,fri_close,-0.15278343955192492
2023-09-01 01:10:00,2023-09-01 23:57:00,1,1940.26,1939.84,0.21,-10.290000000001529,717.6372915840344,EOD,tom,-0.014338719741400984
2023-09-01 12:15:00,2023-09-01 23:57:00,1,1943.73,1939.84,0.42,-166.3200000000042,719.1072915840344,EOD,lw,-0.23128676617036936
2023-09-05 01:15:00,2023-09-05 09:10:00,1,1938.8,1936.42,0.89,-218.04999999998944,719.1620695418496,TIME,drift,-0.30320008414640204
2023-09-05 11:30:00,2023-09-06 12:32:00,-1,1933.07,1923.5900000000001,0.43,419.426299999991,717.9531788072379,TIME,lw,0.5841972880415397
2023-09-06 18:15:00,2023-09-06 23:45:00,-1,1916.6000000000001,1916.72,0.43,-8.169999999995307,708.7800946067213,TIME,tday,-0.011526847413129697
2023-09-06 17:30:00,2023-09-07 18:32:00,-1,1918.92,1918.89,0.43,42.66889999999882,708.7800946067213,TIME,lw,0.06020047730555186
2023-09-08 01:15:00,2023-09-08 09:10:00,1,1920.08,1926.87,0.65,436.7999999999977,720.1853867123137,TIME,drift,0.6065105014057754
2023-09-08 01:05:00,2023-09-08 23:00:00,1,1919.6100000000001,1919.16,0.3,-15.600000000001364,703.9738632515556,TIME,friday,-0.022159913619444863
2023-09-08 23:05:00,2023-09-08 23:55:00,1,1919.17,1919.02,1.48,-32.56000000001346,721.1285114873535,TIME,fri_close,-0.045151452870525514
2023-09-08 10:15:00,2023-09-08 23:57:00,1,1925.63,1919.12,0.46,-302.68000000001007,720.6910602127012,EOD,lw,-0.41998578407602083
2023-09-12 01:15:00,2023-09-12 09:11:00,1,1923.32,1919.61,0.7000000000000001,-264.6000000000025,719.8542198866027,TIME,drift,-0.3675744236682873
2023-09-11 10:15:00,2023-09-12 11:18:00,1,1930.72,1920.43,0.46,-513.1207999999984,710.0216987689374,TIME,lw,-0.7226832657222544
2023-09-12 15:15:00,2023-09-12 23:45:00,-1,1911.66,1913.21,0.46,-74.5199999999979,706.2915774282991,TIME,tday900,-0.10550883286947166
2023-09-12 13:45:00,2023-09-13 14:47:00,-1,1915.99,1912.8600000000001,0.46,156.58859999999456,706.2915774282991,TIME,lw,0.22170531973516425
2023-09-14 01:15:00,2023-09-14 09:12:00,1,1909.55,1907.7,0.65,-124.79999999999409,718.5252221223138,TIME,drift,-0.17368910117221953
2023-09-15 01:15:00,2023-09-15 09:10:00,1,1911.1200000000001,1916.25,0.55,278.2999999999935,710.1322576782,TIME,drift,0.3918988286912979
2023-09-15 01:05:00,2023-09-15 23:01:00,1,1911.0,1922.48,0.32,365.1200000000006,712.8789487678945,TIME,friday,0.5121767175634185
2023-09-15 23:05:00,2023-09-15 23:55:00,1,1922.89,1923.5,1.21,65.3399999999879,718.793386162092,TIME,fri_close,0.09090233891669859
2023-09-15 10:15:00,2023-09-15 23:57:00,1,1916.43,1923.67,0.48,344.16000000000037,713.9989487678945,EOD,lw,0.48201751640376617
2023-09-19 01:15:00,2023-09-19 09:10:00,1,1934.02,1930.2,0.6900000000000001,-268.4099999999956,719.5942021158946,TIME,drift,-0.37300189358219243
2023-09-19 01:05:00,2023-09-19 23:45:00,1,1933.94,1931.24,0.48,-132.9600000000022,721.6656241927253,TIME,strong_close,-0.18424045089959057
2023-09-20 01:15:00,2023-09-20 09:10:00,1,1932.24,1931.21,0.8,-87.99999999999781,718.326477461846,TIME,drift,-0.12250696968729229
2023-09-20 16:45:00,2023-09-21 03:38:00,1,1940.78,1926.2899209605573,0.49,-830.2794729326904,710.9938729326872,SL,lw,-1.1677730351008193
2023-09-21 01:15:00,2023-09-21 09:10:00,1,1930.63,1928.45,0.48,-108.00000000000304,718.4905455064278,TIME,drift,-0.15031513034577132
2023-09-21 12:15:00,2023-09-22 13:17:00,-1,1922.66,1925.5900000000001,0.48,-127.48320000000308,713.8663800437271,TIME,lw,-0.1785813193670701
2023-09-22 23:05:00,2023-09-22 23:55:00,1,1925.46,1925.05,1.76,-84.4800000000144,715.340397727667,TIME,fri_close,-0.11809762215075721
2023-09-25 18:15:00,2023-09-25 23:45:00,-1,1916.82,1915.91,0.48,40.319999999993016,704.9594807519886,TIME,tday,0.05719477658061027
2023-09-25 17:30:00,2023-09-26 18:32:00,-1,1916.48,1903.25,0.48,648.1968000000008,704.9594807519886,TIME,lw,0.9194809314551833
2023-09-26 18:15:00,2023-09-26 23:45:00,-1,1903.93,1900.7,0.49,154.84000000000088,710.6978411294898,TIME,tday,0.21787036774154053
2023-09-26 10:15:00,2023-09-27 11:17:00,-1,1911.0,1896.52,0.49,722.950900000001,710.6978411294898,TIME,lw,1.0172408837643825
2023-09-27 15:15:00,2023-09-27 23:45:00,-1,1890.75,1876.15,0.49,711.9699999999956,722.0937096202407,TIME,tday900,0.9859800611951469
2023-09-27 18:15:00,2023-09-27 23:45:00,-1,1883.27,1876.15,0.49,345.44999999999465,722.0937096202407,TIME,tday,0.47840051145393814
2023-09-27 14:15:00,2023-09-28 15:17:00,-1,1893.0800000000002,1877.8600000000001,0.49,792.9327000000014,722.0937096202407,TIME,lw,1.0981022122696733
2023-09-28 18:15:00,2023-09-28 23:45:00,-1,1859.96,1865.13,0.46,-241.04000000000335,732.700755616478,TIME,tday,-0.3289746846203232
2023-09-29 01:15:00,2023-09-29 09:14:00,1,1865.85,1867.83,0.45,85.95000000000081,719.951774440886,TIME,drift,0.11938299626631176
2023-09-29 16:15:00,2023-09-29 17:09:00,1,1878.81,1862.4658853679903,0.44,-722.2210438084259,720.0210438084247,SL,lw,-1.0030554662518816
2023-09-29 01:05:00,2023-09-29 23:04:00,1,1865.35,1847.85,0.29,-509.5299999999999,710.8239864924199,TIME,friday,-0.7168159905721379
2023-09-29 23:05:00,2023-09-29 23:55:00,1,1848.01,1849.08,0.8,79.99999999999491,723.3913687114509,TIME,fri_close,0.11059020533033981
2023-10-03 01:15:00,2023-10-03 09:10:00,1,1829.24,1821.91,0.42,-310.7999999999969,723.9583565476809,TIME,drift,-0.4293064610540581
2023-10-04 01:15:00,2023-10-04 09:10:00,1,1823.92,1819.69,0.39,-167.7000000000007,717.1425411007831,TIME,drift,-0.2338447245684078
2023-10-02 01:11:00,2023-10-05 03:17:00,1,1848.6599999999999,1822.94,0.2,-595.279999999996,702.2671149032158,TIME,tom,-0.8476546706619398
2023-10-05 01:15:00,2023-10-05 09:10:00,1,1822.38,1824.9,0.41000000000000003,100.44999999999925,723.9505389582804,TIME,drift,0.1387525729928187
2023-10-05 15:45:00,2023-10-06 16:47:00,-1,1815.0,1818.3300000000002,0.4,-122.23600000000623,705.6101499425533,TIME,lw,-0.17323446950126492
2023-10-06 23:05:00,2023-10-06 23:55:00,1,1829.78,1831.65,0.75,135.00000000000887,718.589557675377,TIME,fri_close,0.18786802362774543
2023-10-09 01:05:00,2023-10-09 23:45:00,1,1853.9999999999998,1861.24,0.4,286.8000000000095,721.4169150014873,TIME,strong_close,0.39755097785504273
2023-10-10 01:15:00,2023-10-10 09:10:00,1,1860.95,1859.62,0.41000000000000003,-57.40000000000634,720.9010205735868,TIME,drift,-0.07962258113372606
2023-10-10 01:05:00,2023-10-10 23:45:00,1,1861.35,1859.89,0.38,-58.13999999999275,722.462778590598,TIME,strong_close,-0.08047473409414116
2023-10-11 01:15:00,2023-10-11 09:10:00,1,1860.59,1859.74,0.51,-46.91999999999536,713.4012380661877,TIME,drift,-0.0657694401080395
2023-10-12 01:15:00,2023-10-12 09:10:00,1,1875.3,1879.2,0.54,206.8200000000049,713.0100234721502,TIME,drift,0.2900660484306406
2023-10-11 10:45:00,2023-10-12 11:47:00,1,1867.08,1880.81,0.39,439.7484000000007,723.2781743335206,TIME,lw,0.6079934603380169
2023-10-12 01:05:00,2023-10-12 23:45:00,1,1874.6100000000001,1868.88,0.38,-220.40000000000072,704.9073958255669,TIME,strong_close,-0.31266518312220953
2023-10-13 01:15:00,2023-10-13 09:10:00,1,1869.85,1876.45,0.55,359.15000000000754,724.6297387894315,TIME,drift,0.4956324323647061
2023-10-12 13:45:00,2023-10-13 14:47:00,1,1882.68,1894.44,0.39,424.9127999999996,723.4575904525556,TIME,lw,0.5873361557160488
2023-10-13 01:05:00,2023-10-13 23:00:00,1,1869.44,1928.34,0.26,1529.5799999999965,718.8141911345161,TIME,friday,2.1279212609670872
2023-10-13 23:05:00,2023-10-13 23:55:00,1,1929.38,1930.05,0.79,47.399999999987784,737.2613022050914,TIME,fri_close,0.06429199506093437
2023-10-13 10:15:00,2023-10-13 23:57:00,1,1878.69,1932.4,0.39,2091.9600000000014,719.7241911345162,EOD,lw,2.906613430211928
2023-10-16 01:05:00,2023-10-16 23:45:00,1,1927.88,1919.8,0.34,-277.10000000000525,737.5038690136562,TIME,strong_close,-0.37572684245114685
2023-10-17 01:15:00,2023-10-17 09:10:00,1,1919.17,1917.33,0.45,-85.95000000000655,743.7838941077889,TIME,drift,-0.11555775902234139
2023-10-18 01:15:00,2023-10-18 09:10:00,1,1924.1,1937.88,0.43,589.5300000000086,735.6701413982173,TIME,drift,0.8013509952701706
2023-10-17 17:15:00,2023-10-18 18:17:00,1,1930.52,1943.66,0.34,417.35680000000343,743.9364497983948,TIME,lw,0.5610113607326355
2023-10-19 01:15:00,2023-10-19 09:10:00,1,1949.99,1946.13,0.32,-125.75999999999681,731.321393636851,TIME,drift,-0.17196269806164716
2023-10-18 10:15:00,2023-10-19 11:18:00,1,1938.73,1952.27,0.34,376.91039999999873,737.5238462413669,TIME,lw,0.511048424970721
2023-10-20 01:15:00,2023-10-20 09:10:00,1,1973.35,1979.99,0.33,216.8100000000033,730.4905930994511,TIME,drift,0.29680053658197647
2023-10-20 01:05:00,2023-10-20 23:01:00,1,1973.34,1980.0,0.21,138.39000000000172,744.3038603640332,TIME,friday,0.18593212714537885
2023-10-20 23:05:00,2023-10-20 23:55:00,1,1980.3600000000001,1980.3,0.53,-6.890000000009159,740.1629888416392,TIME,fri_close,-0.009308760507995763
2023-10-18 16:00:00,2023-10-20 23:57:00,1,1949.04,1980.89,0.42,1201.2336000000057,744.1664491775173,EOD,trendH4,1.6142001582141434
2023-10-20 12:00:00,2023-10-20 23:57:00,1,1983.94,1980.89,0.38,-118.55999999999827,752.2353927655093,EOD,trendH4,-0.15761023894944065
2023-10-20 17:15:00,2023-10-20 23:57:00,1,1990.7,1980.89,0.31,-306.2799999999983,733.2128467074613,EOD,lw,-0.41772317734934417
2023-10-24 01:15:00,2023-10-24 09:10:00,1,1973.8700000000001,1976.82,0.35000000000000003,100.79999999999364,747.7183077167101,TIME,drift,0.1348101269685428
2023-10-23 10:45:00,2023-10-24 11:47:00,1,1978.85,1971.48,0.31,-255.2787999999966,736.7733576569284,TIME,lw,-0.3464821268942583
2023-10-24 13:30:00,2023-10-25 14:32:00,-1,1964.72,1973.95,0.32,-286.5888000000006,751.4273658647058,TIME,lw,-0.381392551055428
2023-10-26 01:15:00,2023-10-26 09:10:00,1,1981.6,1984.6,0.32,93.76,751.7316742295033,TIME,drift,0.12472535508910208
2023-10-25 17:00:00,2023-10-26 18:02:00,1,1985.33,1979.26,0.31,-264.256399999998,736.6427420613313,TIME,lw,-0.35873074546358125
2023-10-27 01:15:00,2023-10-27 09:10:00,1,1984.67,1989.47,0.37,175.0099999999983,743.8781196148063,TIME,drift,0.23526703553348455
2023-10-26 11:45:00,2023-10-27 12:47:00,1,1992.44,1987.01,0.31,-195.13880000000196,737.921117628379,TIME,lw,-0.2644439836972858
2023-10-27 01:05:00,2023-10-27 23:03:00,1,1984.1200000000001,2006.39,0.21,466.19999999999953,744.3317803429063,TIME,friday,0.6263335951949086
2023-10-27 23:05:00,2023-10-27 23:55:00,1,2006.3600000000001,2005.67,0.51,-38.76000000000278,742.987540201197,TIME,fri_close,-0.052167765814089946
2023-10-30 01:05:00,2023-10-30 23:45:00,1,2003.42,1996.29,0.31,-223.20000000000337,753.0738718326331,TIME,strong_close,-0.2963852662380092
2023-10-31 01:15:00,2023-10-31 09:10:00,1,1996.22,1992.94,0.41000000000000003,-137.3499999999989,739.7484675826021,TIME,drift,-0.1856712193657394
2023-10-31 17:00:00,2023-10-31 21:34:00,1,2002.65,1978.9746305672254,0.31,-736.1064524160153,734.5564524160164,SL,lw,-1.002110116921444
2023-11-01 01:15:00,2023-11-01 09:10:00,1,1984.59,1980.67,0.39,-155.60999999999396,744.0689771542578,TIME,drift,-0.209133836751446
2023-11-02 01:15:00,2023-11-02 09:10:00,1,1982.84,1984.96,0.35000000000000003,71.75000000000414,741.0614334176674,TIME,drift,0.09682058296989439
2023-11-03 01:15:00,2023-11-03 09:10:00,1,1986.1200000000001,1986.21,0.47000000000000003,0.9399999999961528,736.009076903214,TIME,drift,0.0012771581621672905
2023-11-03 01:05:00,2023-11-03 23:00:00,1,1986.24,1992.61,0.21,132.2999999999977,727.3868874926717,TIME,friday,0.1818839496214188
2023-11-03 23:05:00,2023-11-03 23:55:00,1,1992.42,1992.4,0.75,-6.749999999998636,745.5997559957895,TIME,fri_close,-0.009053114550693006
2023-11-01 01:10:00,2023-11-03 23:57:00,1,1984.45,1992.5,0.15,72.01199999999932,721.3067199130102,EOD,tom,0.09983547638192528
2023-11-06 18:00:00,2023-11-07 19:02:00,-1,1981.03,1963.74,0.32,562.0511999999989,734.5937079295951,TIME,lw,0.7651184511014991
2023-11-07 10:15:00,2023-11-08 11:17:00,-1,1968.42,1967.05,0.33,54.2553000000039,741.1533497807955,TIME,lw,0.07320387881408148
2023-11-08 17:15:00,2023-11-09 18:17:00,-1,1958.26,1962.1100000000001,0.33,-95.2941000000045,739.4109676535954,TIME,lw,-0.12887839668162532
2023-11-10 01:15:00,2023-11-10 09:10:00,1,1958.82,1955.47,0.42,-143.63999999999618,740.2683155721851,TIME,drift,-0.19403775222902883
2023-11-10 01:05:00,2023-11-10 23:00:00,1,1958.38,1936.09,0.22,-491.9200000000042,738.6523139462118,TIME,friday,-0.6659696188751472
2023-11-10 23:05:00,2023-11-10 23:55:00,1,1936.45,1937.77,0.97,121.24999999999382,745.6990569217286,TIME,fri_close,0.1625991059992995
2023-11-14 01:15:00,2023-11-14 09:10:00,1,1946.5,1946.16,0.53,-21.729999999995663,750.7819364086064,TIME,drift,-0.02894315772159082
2023-11-14 01:05:00,2023-11-14 23:45:00,1,1946.38,1962.85,0.33,541.1999999999935,739.9893931474996,TIME,strong_close,0.7313618343879665
2023-11-14 18:15:00,2023-11-14 23:45:00,1,1965.83,1962.85,0.33,-100.6500000000006,739.9893931474996,TIME,tday,-0.13601546310264256
2023-11-15 01:15:00,2023-11-15 09:10:00,1,1963.09,1968.3,0.5,257.0000000000018,743.0124517980582,TIME,drift,0.34588922349561285
2023-11-16 01:15:00,2023-11-16 09:10:00,1,1961.03,1966.37,0.5,263.4999999999959,749.7680437154829,TIME,drift,0.3514420255819641
2023-11-16 18:15:00,2023-11-16 23:45:00,1,1988.02,1980.85,0.33,-238.92000000000243,744.4215175608543,TIME,tday,-0.3209471977419989
2023-11-17 01:15:00,2023-11-17 09:10:00,1,1981.3700000000001,1983.66,0.5,110.99999999999818,744.5896771472962,TIME,drift,0.14907539468619296
2023-11-16 11:15:00,2023-11-17 12:17:00,1,1968.26,1992.87,0.33,783.5915999999969,744.4215175608543,TIME,lw,1.0526181491468516
2023-11-17 01:05:00,2023-11-17 23:00:00,1,1981.48,1980.77,0.21,-16.380000000000763,730.0131632925755,TIME,friday,-0.0224379515653144
2023-11-17 15:15:00,2023-11-17 23:45:00,1,1991.6100000000001,1980.23,0.32,-366.4000000000035,742.3473404876958,TIME,tday900,-0.4935694923609368
2023-11-17 23:05:00,2023-11-17 23:55:00,1,1980.8600000000001,1980.42,1.1500000000000001,-58.65000000000629,755.0634312311086,TIME,fri_close,-0.07767559329999495
2023-11-20 13:45:00,2023-11-21 14:47:00,-1,1972.94,1987.74,0.33,-479.3546999999985,745.9617166723698,TIME,lw,-0.6425995989959543
2023-11-21 15:15:00,2023-11-21 23:45:00,1,1991.47,1998.59,0.33,232.64999999999642,739.5387369100575,TIME,tday900,0.31458798354776546
2023-11-21 18:15:00,2023-11-21 23:45:00,1,2002.79,1998.59,0.33,-140.9100000000015,739.5387369100575,TIME,tday,-0.19053768648921893
2023-11-22 01:15:00,2023-11-22 09:10:00,1,1998.76,2001.49,0.43,114.38000000000076,740.3933042318782,TIME,drift,0.15448545974988848
2023-11-23 01:15:00,2023-11-23 09:10:00,1,1990.33,1995.02,0.46,212.52000000000254,747.2775229286538,TIME,drift,0.2843923354834973
2023-11-24 01:15:00,2023-11-24 09:10:00,1,1994.14,1993.68,0.7000000000000001,-37.100000000002545,751.2350061546662,TIME,drift,-0.04938534505987106
2023-11-24 01:05:00,2023-11-24 20:45:00,1,1993.39,2002.34,0.23,204.2399999999958,749.6785249602785,EOD,friday,0.2724367754976273
2023-11-24 15:30:00,2023-11-24 20:45:00,1,1998.17,2002.34,0.34,139.39999999999475,739.6069521347674,EOD,lw,0.18847848792880734
2023-11-24 15:45:00,2023-11-24 20:45:00,1,2001.08,2002.34,0.64,76.15999999999941,753.2799999999884,EOD,inside,0.10110450297366264
2023-11-27 01:05:00,2023-11-27 23:45:00,1,2001.35,2013.72,0.36,442.8000000000043,758.7537260484681,TIME,strong_close,0.5835885674078638
2023-11-28 01:15:00,2023-11-28 09:10:00,1,2014.01,2016.17,0.55,114.95000000000451,757.1930184261932,TIME,drift,0.151810697144204
2023-11-27 10:15:00,2023-11-28 11:17:00,1,2012.48,2015.26,0.36,68.94719999999901,758.7537260484681,TIME,lw,0.09086901010565154
2023-11-28 18:15:00,2023-11-28 23:45:00,1,2034.64,2040.86,0.36,221.3999999999928,749.891317045006,TIME,tday,0.295242783810904
2023-11-28 16:15:00,2023-11-29 17:17:00,1,2023.8,2042.74,0.36,650.707200000002,749.891317045006,TIME,lw,0.8677353440551289
2023-12-01 01:15:00,2023-12-01 09:10:00,1,2038.17,2041.28,0.01,3.0399999999999,16.409792237477784,TIME,drift,0.18525524004240249
2023-12-01 01:05:00,2023-12-01 23:00:00,1,2037.76,2070.77,0.12,395.2799999999999,375.64625064647925,TIME,friday,1.0522665920922447
2023-12-01 23:05:00,2023-12-01 23:55:00,1,2071.87,2071.34,0.64,-38.399999999983706,759.1343917725976,TIME,fri_close,-0.050583928769606594
2023-11-27 04:00:00,2023-12-01 23:57:00,1,2012.2,2071.62,0.54,2947.3847999999916,748.9656080658385,EOD,trendH4,3.9352738874238122
2023-11-28 16:00:00,2023-12-01 23:57:00,1,2021.65,2071.62,0.56,2571.855999999989,753.4852298276153,EOD,trendH4,3.4132799133811638
2023-11-28 20:00:00,2023-12-01 23:57:00,1,2040.91,2071.62,0.5,1333.2999999999904,751.2919360144954,EOD,trendH4,1.7746763090164006
2023-12-01 11:00:00,2023-12-01 23:57:00,1,2045.54,2071.62,0.01,26.009999999999927,20.892569480359963,EOD,lw,1.2449402178344122
2023-12-04 01:05:00,2023-12-04 01:41:00,1,2074.63,2111.303921080927,0.35000000000000003,1281.1372378324418,782.8585081116988,SL,strong_close,1.6364863184825325
2023-12-04 04:00:00,2023-12-04 09:56:00,1,2087.94,2063.2718570440147,0.32,-791.6205745915306,790.0205745915243,SL,trendH4,-1.002025263710168
2023-12-04 16:15:00,2023-12-05 17:17:00,-1,2049.2799999999997,2018.93,0.36,1102.4675999999886,805.2258940577473,TIME,lw,1.369140769237265
2023-12-06 10:15:00,2023-12-07 11:17:00,1,2033.1200000000001,2033.96,0.27,-43.58880000000222,804.683786080712,TIME,lw,-0.05416885583379972
2023-12-07 10:45:00,2023-12-08 11:48:00,1,2034.3700000000001,2028.61,0.27,-178.86960000000587,783.212801360661,TIME,lw,-0.22837931107517528
2023-12-07 15:45:00,2023-12-08 15:30:00,1,2037.3600000000001,2017.3700000000001,0.4,-834.1920000000003,800.4000000000023,SL,inside,-1.04221889055472
2023-12-08 01:05:00,2023-12-08 23:00:00,1,2029.08,2002.79,0.19,-500.83999999999924,807.396436254299,TIME,friday,-0.6203148509343355
2023-12-08 23:05:00,2023-12-08 23:55:00,1,2003.39,2003.95,0.8,39.19999999999563,797.9408839574844,TIME,fri_close,0.04912644631714882
2023-12-11 17:00:00,2023-12-12 18:02:00,-1,1986.51,1981.46,0.27,143.75069999999877,786.8367521936316,TIME,lw,0.18269444023710696
2023-12-14 01:05:00,2023-12-14 23:45:00,1,2025.55,2035.52,0.26,257.4000000000007,793.6576554746333,TIME,strong_close,0.32432119595200914
2023-12-15 01:05:00,2023-12-15 23:00:00,1,2036.7,2018.03,0.17,-318.58000000000123,765.1678648072553,TIME,friday,-0.41635308362074386
2023-12-15 23:05:00,2023-12-15 23:55:00,1,2019.07,2018.37,0.67,-51.590000000003045,792.5692215446273,TIME,fri_close,-0.06509210627616853
2023-12-18 20:00:00,2023-12-19 21:03:00,1,2033.72,2038.84,0.26,110.63519999999717,779.5151213021072,TIME,lw,0.1419282281723944
2023-12-19 18:15:00,2023-12-19 23:45:00,1,2043.94,2040.05,0.27,-106.92000000000272,785.7531526841747,TIME,tday,-0.1360732688564574
2023-12-19 16:45:00,2023-12-20 17:48:00,1,2037.42,2032.76,0.27,-149.16960000000222,785.7531526841747,TIME,lw,-0.189842827216704
2023-12-21 18:15:00,2023-12-21 23:45:00,1,2042.51,2045.6,0.28,84.55999999999773,781.7132423472251,TIME,tday,0.1081726589997275
2023-12-21 18:30:00,2023-12-22 19:32:00,1,2044.78,2054.23,0.46,394.9192000000021,789.3599999999963,TIME,inside,0.5003030303030354
2023-12-22 01:05:00,2023-12-22 23:00:00,1,2047.5,2053.2,0.19,106.96999999999656,767.6915211470584,TIME,friday,0.13933982212043405
2023-12-22 15:15:00,2023-12-22 23:45:00,1,2062.46,2053.08,0.29,-274.0500000000031,781.8364601145506,TIME,tday900,-0.3505208748640997
2023-12-22 23:05:00,2023-12-22 23:55:00,1,2053.44,2053.02,0.88,-43.1200000000064,804.1101394390773,TIME,fri_close,-0.05362449481122772
2023-12-22 01:30:00,2023-12-22 23:57:00,1,2049.12,2052.73,0.46,162.84000000000586,801.7799999999954,EOD,nr7,0.203098106712573
2023-12-22 11:45:00,2023-12-22 23:57:00,1,2054.02,2052.73,0.29,-39.439999999998946,781.8364601145506,EOD,lw,-0.050445332255572226
2023-12-26 10:30:00,2023-12-27 11:32:00,1,2064.06,2068.48,0.3,106.6560000000022,804.1894567602832,TIME,lw,0.1326254641905791
2023-12-27 01:05:00,2023-12-27 23:45:00,1,2067.94,2077.1,0.3,272.6999999999956,781.6973527059769,TIME,strong_close,0.3488562409172792
2023-12-27 18:15:00,2023-12-27 23:45:00,1,2079.11,2077.1,0.3,-62.40000000000655,781.6973527059769,TIME,tday,-0.07982629055093823
2023-12-28 01:15:00,2023-12-28 09:10:00,1,2079.35,2086.33,0.48,331.68000000000086,791.8823588306572,TIME,drift,0.4188500934529975
2023-12-27 14:30:00,2023-12-28 15:32:00,1,2069.2000000000003,2078.3,0.51,338.92559999999537,795.0899999999991,TIME,inside,0.4262732520846643
2023-12-27 17:30:00,2023-12-28 18:32:00,1,2077.2300000000005,2076.44,0.3,-97.33200000001256,781.6973527059769,TIME,lw,-0.1245136620497453
2023-12-29 01:15:00,2023-12-29 09:10:00,1,2066.17,2073.93,0.45,346.0499999999894,798.7412321648103,TIME,drift,0.4332441923175769
2023-12-29 01:05:00,2023-12-29 23:00:00,1,2067.05,2063.14,0.21,-83.58000000000649,808.7943889677332,TIME,friday,-0.10333899584377669
2023-12-29 23:05:00,2023-12-29 23:55:00,1,2063.67,2062.62,0.9400000000000001,-105.28000000001711,805.9671881671175,TIME,fri_close,-0.13062566509616677
2024-01-02 01:15:00,2024-01-02 09:10:00,1,2065.78,2075.16,0.49,456.18999999998306,796.0823033130977,TIME,drift,0.5730437645723728
2024-01-02 01:07:00,2024-01-02 23:47:00,1,2064.59,2058.5,0.16,-98.56000000000235,400.79027869679953,TIME,season,-0.24591414821855903
2024-01-03 01:15:00,2024-01-03 09:10:00,1,2059.13,2063.1,0.42,163.7999999999916,806.3349124743519,TIME,drift,0.20314139629319572
2024-01-02 10:15:00,2024-01-03 11:17:00,1,2074.29,2058.12,0.32,-545.1136000000023,801.5805573935991,TIME,lw,-0.6800484305314005
2024-01-03 01:07:00,2024-01-03 16:35:00,1,2059.31,2034.4362784684893,0.16,-399.0995445041709,398.2995445041712,SL,season,-1.0020085385761504
2024-01-04 01:07:00,2024-01-04 23:47:00,1,2042.84,2043.26,0.15,5.250000000001091,384.65183561747045,TIME,season,0.0136487064765294
2024-01-02 01:10:00,2024-01-05 03:16:00,1,2064.85,2047.76,0.16,-338.1439999999987,800.4605573935991,TIME,tom,-0.42243680450794274
2024-01-05 01:15:00,2024-01-05 09:10:00,1,2044.71,2043.47,0.51,-66.81000000000046,802.3341432185655,TIME,drift,-0.0832695461918048
2024-01-05 01:05:00,2024-01-05 23:00:00,1,2043.33,2043.62,0.21,4.619999999999236,782.5460794540676,TIME,friday,0.00590380569438456
2024-01-05 18:15:00,2024-01-05 23:45:00,1,2055.86,2044.87,0.32,-353.9200000000076,795.7141124612749,TIME,tday,-0.444782861655268
2024-01-05 01:07:00,2024-01-05 23:47:00,1,2043.99,2045.02,0.16,15.359999999999562,397.85705623063745,TIME,season,0.038606830668086435
2024-01-05 23:05:00,2024-01-05 23:55:00,1,2044.41,2045.05,0.66,37.619999999991606,804.5300975349861,TIME,fri_close,0.04676021458396173
2024-01-08 01:07:00,2024-01-08 13:18:00,1,2045.3600000000001,2019.4679387009007,0.15,-389.43091948649095,388.6809194864925,SL,season,-1.0019296033388758
2024-01-09 01:07:00,2024-01-09 23:47:00,1,2028.46,2029.84,0.15,19.649999999998226,391.4429966660286,TIME,season,0.050198879957899
2024-01-10 01:15:00,2024-01-10 09:10:00,1,2031.1200000000001,2026.33,0.47000000000000003,-228.42000000000897,799.0434337302408,TIME,drift,-0.2858668131889363
2024-01-09 16:15:00,2024-01-10 17:17:00,1,2039.56,2025.92,0.3,-435.14399999999614,782.8859933320572,TIME,lw,-0.5558203923766356
2024-01-10 01:07:00,2024-01-10 23:47:00,1,2030.83,2023.73,0.15,-107.54999999999863,380.5399254755982,TIME,season,-0.28262474657707154
2024-01-11 01:15:00,2024-01-11 09:10:00,1,2026.03,2034.5,0.5,420.00000000000136,793.1402015720347,TIME,drift,0.5295406778871441
2024-01-10 12:15:00,2024-01-11 13:17:00,1,2037.24,2032.23,0.31,-231.3963999999997,786.4491793162363,TIME,lw,-0.29422931078799397
2024-01-11 01:07:00,2024-01-11 23:47:00,1,2026.12,2028.03,0.15,27.600000000001224,374.6263593701983,TIME,season,0.07367340634118982
2024-01-12 01:15:00,2024-01-12 09:10:00,1,2034.33,2035.16,0.36,27.360000000005563,794.9373845950078,TIME,drift,0.03441780513812985
2024-01-11 10:15:00,2024-01-12 11:17:00,1,2033.1200000000001,2039.27,0.32,169.1263999999956,799.2028999897565,TIME,lw,0.21161885173610273
2024-01-12 01:05:00,2024-01-12 23:00:00,1,2029.49,2047.44,0.21,375.4800000000009,796.2514007718869,TIME,friday,0.4715596099875118
2024-01-12 01:07:00,2024-01-12 23:47:00,1,2030.04,2048.77,0.15,279.90000000000026,379.51733370089846,TIME,season,0.737515721009445
2024-01-12 23:05:00,2024-01-12 23:55:00,1,2047.26,2048.72,0.8200000000000001,113.97999999998436,799.3497951948797,TIME,fri_close,0.14259089160358926
2024-01-12 12:45:00,2024-01-12 23:57:00,1,2042.44,2048.79,0.31,194.6799999999972,784.3358229818568,EOD,lw,0.24821000685633673
2024-01-15 01:07:00,2024-01-16 03:17:00,1,2048.09,2051.05,0.15,31.428000000000548,388.48395272226304,TIME,season,0.08089909449224848
2024-01-16 01:15:00,2024-01-16 09:10:00,1,2055.59,2050.18,0.6,-328.80000000001854,793.359910175306,TIME,drift,-0.41443989768447553
2024-01-16 01:07:00,2024-01-16 19:06:00,1,2055.6,2030.649564831479,0.16,-400.3269626963348,399.52696269633657,SL,season,-1.0020023679868792
2024-01-17 01:07:00,2024-01-17 20:20:00,1,2027.72,2002.3117387720877,0.15,-382.17391841868545,381.42391841868596,SL,season,-1.0019663161217285
2024-01-18 01:07:00,2024-01-18 23:47:00,1,2008.76,2022.42,0.15,203.85000000000122,387.59720996020854,TIME,season,0.5259325783612551
2024-01-19 01:15:00,2024-01-19 09:10:00,1,2023.8700000000001,2024.84,0.51,45.899999999989795,788.1031673550707,TIME,drift,0.05824110586185487
2024-01-19 01:05:00,2024-01-19 23:00:00,1,2024.4099999999999,2028.28,0.21,79.80000000000248,794.7920594224066,TIME,friday,0.10040362010913263
2024-01-19 15:15:00,2024-01-19 23:45:00,1,2036.01,2029.54,0.31,-202.74000000000083,782.899645780781,TIME,tday900,-0.2589603930626504
2024-01-19 01:07:00,2024-01-19 23:47:00,1,2024.1100000000001,2029.62,0.15,81.59999999999646,378.82240924876504,TIME,season,0.2154043636484329
2024-01-19 23:05:00,2024-01-19 23:55:00,1,2028.91,2029.32,1.08,36.71999999998428,796.0864767873073,TIME,fri_close,0.04612564221436319
2024-01-19 02:00:00,2024-01-19 23:57:00,1,2023.95,2029.31,0.44,232.75999999999559,799.479999999996,EOD,inside,0.29113924050632506
2024-01-19 13:45:00,2024-01-19 23:57:00,1,2032.06,2029.31,0.31,-87.42,782.899645780781,EOD,lw,-0.11166182086187633
2024-01-22 01:07:00,2024-01-22 23:47:00,1,2028.1,2021.18,0.16,-111.83999999999753,396.99743392258637,TIME,season,-0.28171466725854477
2024-01-23 01:15:00,2024-01-23 09:10:00,1,2021.49,2034.8,0.53,701.7199999999971,797.7228372765134,TIME,drift,0.8796538938207193
2024-01-23 01:07:00,2024-01-23 23:47:00,1,2021.91,2028.75,0.16,108.31999999999869,386.5604743566872,TIME,season,0.2802148879299274
2024-01-24 01:15:00,2024-01-24 09:10:00,1,2029.66,2027.39,0.51,-119.3399999999991,801.7535676758723,TIME,drift,-0.14884872959897458
2024-01-23 10:15:00,2024-01-24 11:17:00,1,2031.17,2032.64,0.33,19.971600000000894,797.2809783606674,TIME,lw,0.02504963813518489
2024-01-24 01:07:00,2024-01-24 23:47:00,1,2029.55,2012.38,0.16,-275.83999999999753,379.9204404740667,TIME,season,-0.7260467471973946
2024-01-25 01:15:00,2024-01-25 09:10:00,1,2016.73,2013.98,0.45,-126.9,791.8763901731065,TIME,drift,-0.16025228378416395
2024-01-25 01:07:00,2024-01-25 23:47:00,1,2016.17,2019.85,0.16,57.75999999999738,381.92612329734754,TIME,season,0.1512334361978913
2024-01-26 01:15:00,2024-01-26 09:10:00,1,2020.6599999999999,2021.86,0.44,49.720000000002,798.1890431197875,TIME,drift,0.06229100791169382
2024-01-26 01:05:00,2024-01-26 23:00:00,1,2020.4199999999998,2018.58,0.23,-43.92999999999812,802.5397602627698,TIME,friday,-0.054738720964571816
2024-01-26 01:07:00,2024-01-26 23:47:00,1,2020.81,2018.52,0.17,-40.11999999999938,395.85104128890106,TIME,season,-0.10135125543529616
2024-01-26 23:05:00,2024-01-26 23:55:00,1,2019.08,2018.35,1.29,-103.20000000000235,801.1381332185805,TIME,fri_close,-0.12881673674101032
2024-01-29 01:07:00,2024-01-29 23:47:00,1,2025.1100000000001,2031.76,0.17,111.8599999999977,380.86025262540807,TIME,season,0.2937035283385601
2024-01-29 01:30:00,2024-01-30 02:32:00,1,2027.6,2032.52,0.6900000000000001,279.8088000000051,796.9499999999856,TIME,nr7,0.3510995670995798
2024-01-30 01:15:00,2024-01-30 09:10:00,1,2033.22,2034.75,0.43,62.77999999999883,793.2618521130695,TIME,drift,0.07914158462652296
2024-01-29 10:15:00,2024-01-30 11:17:00,1,2032.22,2038.15,0.35000000000000003,177.28200000000226,784.124049522899,TIME,lw,0.22608922670828635
2024-01-30 01:07:00,2024-01-30 23:47:00,1,2032.6299999999999,2036.39,0.18,66.42000000000392,399.06781140481286,TIME,season,0.16643787873091004
2024-01-31 01:15:00,2024-01-31 09:10:00,1,2036.58,2035.41,0.46,-57.03999999999289,804.3615405328053,TIME,drift,-0.07091338549355537
2024-01-30 16:15:00,2024-01-31 17:17:00,1,2043.03,2055.61,0.36,421.7472000000056,798.1356228096257,TIME,lw,0.5284154571567122
2024-01-31 01:07:00,2024-01-31 23:47:00,1,2036.56,2037.95,0.18,23.7600000000018,395.7243963044691,TIME,season,0.06004178721829657
2024-02-01 01:15:00,2024-02-01 09:10:00,1,2041.08,2042.3,0.36,41.40000000000098,802.9554298918331,TIME,drift,0.05155952430084197
2024-01-31 16:45:00,2024-02-01 17:47:00,1,2050.0400000000004,2050.88,0.36,-58.11840000001114,791.4487926089382,TIME,lw,-0.07343292521608275
2024-02-01 18:15:00,2024-02-01 23:45:00,1,2060.12,2054.8,0.36,-194.03999999998953,799.3824502797277,TIME,tday,-0.24273737799984121
2024-02-02 01:15:00,2024-02-02 09:10:00,1,2055.87,2054.79,0.33,-37.9499999999976,789.6114670086898,TIME,drift,-0.0480616120530326
2024-02-01 17:45:00,2024-02-02 15:55:00,1,2051.56,2032.1373979050113,0.36,-730.3464754195908,799.3824502797277,SL,lw,-0.9136383656709262
2024-02-02 01:05:00,2024-02-02 23:00:00,1,2054.65,2036.02,0.23,-430.1000000000025,797.8352161715435,TIME,friday,-0.5390837497295008
2024-02-02 23:05:00,2024-02-02 23:55:00,1,2037.25,2039.6,0.93,212.03999999999155,797.4156765386402,TIME,fri_close,0.2659089935633047
2024-02-01 01:10:00,2024-02-02 23:57:00,1,2040.86,2039.55,0.18,-39.14639999999902,798.1224502797277,EOD,tom,-0.04904811283817277
2024-02-05 10:15:00,2024-02-06 11:17:00,-1,2024.8500000000001,2024.94,0.33,6.0753000000027,779.6412479039175,TIME,lw,0.0077924301931641985
2024-02-06 18:15:00,2024-02-06 23:45:00,1,2036.75,2035.68,0.33,-37.6199999999979,788.4911587679237,TIME,tday,-0.04771137834796012
2024-02-07 01:15:00,2024-02-07 09:10:00,1,2036.1,2033.78,0.53,-126.66999999999662,794.8307165855257,TIME,drift,-0.15936726822052383
2024-02-06 17:45:00,2024-02-07 18:47:00,1,2037.45,2038.1,0.33,-7.088400000004505,788.4911587679237,TIME,lw,-0.008989828130832385
2024-02-07 01:05:00,2024-02-07 23:45:00,1,2035.94,2034.63,0.34,-46.91999999999815,793.3116280853299,TIME,strong_close,-0.05914447530945728
2024-02-08 01:15:00,2024-02-08 09:10:00,1,2036.33,2033.03,0.59,-198.82999999999728,799.5141945004264,TIME,drift,-0.248688517812039
2024-02-07 16:45:00,2024-02-08 15:31:00,1,2040.53,2023.06,0.45,-896.5980000000012,787.0500000000033,SL,inside,-1.1391881074899912
2024-02-07 17:00:00,2024-02-08 18:02:00,1,2042.81,2031.55,0.34,-466.2895999999997,793.3116280853299,TIME,lw,-0.5877760812927917
2024-02-09 01:15:00,2024-02-09 09:10:00,1,2034.84,2033.81,0.5,-54.999999999998636,790.5697734032093,TIME,drift,-0.06957007698793884
2024-02-09 01:05:00,2024-02-09 23:00:00,1,2035.13,2025.09,0.23,-232.53000000000443,771.242591169195,TIME,friday,-0.3015004651746367
2024-02-09 23:05:00,2024-02-09 23:55:00,1,2025.46,2024.08,1.12,-162.40000000001226,785.1665497119001,TIME,fri_close,-0.20683509767399214
2024-02-12 16:30:00,2024-02-13 17:32:00,-1,2014.75,1992.76,0.35000000000000003,779.2435000000004,769.9662090724303,TIME,lw,1.0120489585364354
2024-02-14 01:15:00,2024-02-14 09:10:00,1,1992.32,1990.16,0.46,-102.5799999999933,790.8946323271747,TIME,drift,-0.12970122163828057
2024-02-15 01:15:00,2024-02-15 09:10:00,1,1993.55,1993.19,0.53,-22.7899999999947,783.252284603924,TIME,drift,-0.02909662754640949
2024-02-16 01:15:00,2024-02-16 09:10:00,1,2004.8700000000001,2003.78,0.59,-68.44000000000858,781.5896856802182,TIME,drift,-0.08756512688680787
2024-02-15 12:45:00,2024-02-16 13:47:00,1,1997.65,2007.41,0.35000000000000003,311.33199999999977,777.9345522347409,TIME,lw,0.40020333215133463
2024-02-16 01:05:00,2024-02-16 23:00:00,1,2004.8600000000001,2011.88,0.24,166.79999999999956,788.7354498895077,TIME,friday,0.21147775217072623
2024-02-16 23:05:00,2024-02-16 23:55:00,1,2012.8,2013.58,1.0,70.99999999999727,790.7413601623672,TIME,fri_close,0.08978915683051973
2024-02-16 19:45:00,2024-02-16 23:57:00,1,2012.19,2013.15,0.36,32.04000000000131,789.5754498895075,EOD,lw,0.04057876926705986
2024-02-19 01:05:00,2024-02-20 03:32:00,1,2011.79,2018.42,0.36,207.5472000000039,784.8372034688289,TIME,strong_close,0.2644461795168289
2024-02-20 01:15:00,2024-02-20 09:10:00,1,2016.83,2018.9,0.72,144.0000000000118,795.8861949314625,TIME,drift,0.1809303904466044
2024-02-21 01:15:00,2024-02-21 09:10:00,1,2024.35,2030.12,0.73,416.0999999999986,789.2280250627509,TIME,drift,0.5272240553887007
2024-02-20 11:00:00,2024-02-21 12:02:00,1,2023.0,2028.38,0.37,167.06240000000403,781.1055056914813,TIME,lw,0.2138794295811683
2024-02-22 01:15:00,2024-02-22 09:10:00,1,2026.5,2030.24,0.64,234.8800000000006,792.3037132771071,TIME,drift,0.29645197424166514
2024-02-21 15:15:00,2024-02-22 16:17:00,1,2031.16,2024.69,0.38,-339.12720000000104,788.0995749258527,TIME,lw,-0.43031009124945585
2024-02-23 01:15:00,2024-02-23 09:10:00,1,2025.25,2019.71,0.65,-364.64999999999765,797.7719153341785,TIME,drift,-0.4570855315798495
2024-02-22 10:15:00,2024-02-23 11:17:00,1,2034.2,2018.23,0.39,-656.5572000000011,785.1619633221945,TIME,lw,-0.8362060704290385
2024-02-23 01:05:00,2024-02-23 23:00:00,1,2024.75,2036.57,0.27,317.2499999999983,800.5808217749741,TIME,friday,0.39627479371367
2024-02-23 18:15:00,2024-02-23 23:45:00,1,2033.54,2035.98,0.4,94.80000000000219,791.6304412592335,TIME,tday,0.11975284812090524
2024-02-23 23:05:00,2024-02-23 23:55:00,1,2036.44,2035.87,1.19,-76.16000000001948,795.7372312571497,TIME,fri_close,-0.09570998692583191
2024-02-27 01:15:00,2024-02-27 09:10:00,1,2031.14,2033.96,0.65,178.74999999999585,791.4404127301461,TIME,drift,0.225854021509189
2024-02-28 01:15:00,2024-02-28 09:10:00,1,2030.57,2028.89,0.75,-131.24999999998772,794.5206929164747,TIME,drift,-0.16519393537530633
2024-02-27 10:30:00,2024-02-28 11:32:00,1,2037.6,2025.45,0.4,-520.5919999999946,784.2323702694412,TIME,lw,-0.663823657038198
2024-02-29 01:15:00,2024-02-29 09:10:00,1,2035.16,2037.14,0.6900000000000001,131.79000000000127,793.8173346244516,TIME,drift,0.16602056197519297
2024-02-29 13:45:00,2024-02-29 15:53:00,-1,2029.74,2048.2994987979,0.42,-782.4389495118003,780.3389495117975,SL,lw,-1.002691138256416
2024-02-29 18:15:00,2024-02-29 23:45:00,1,2045.9,2043.12,0.42,-119.70000000000839,780.3389495117975,TIME,tday,-0.15339488061552758
2024-03-01 01:15:00,2024-03-01 09:10:00,1,2043.8,2047.8,0.6,235.8,786.538008004907,TIME,drift,0.29979479389447244
2024-03-01 01:05:00,2024-03-01 23:00:00,1,2043.81,2083.43,0.27,1067.849999999997,763.5604369353081,TIME,friday,1.398514051207278
2024-03-01 18:15:00,2024-03-01 23:45:00,1,2073.84,2083.43,0.41000000000000003,390.3199999999874,773.9437756629045,TIME,tday,0.5043260405649846
2024-03-01 23:05:00,2024-03-01 23:55:00,1,2083.88,2083.44,0.76,-38.76000000000415,793.9194352450396,TIME,fri_close,-0.048821074632139534
2024-03-01 01:10:00,2024-03-01 23:57:00,1,2043.74,2083.24,0.21,828.0299999999952,791.3504531180972,EOD,tom,1.046350572919207
2024-03-01 12:45:00,2024-03-01 23:57:00,1,2053.57,2083.24,0.41000000000000003,1213.5999999999844,773.9437756629045,EOD,lw,1.5680725631012435
2024-03-01 20:00:00,2024-03-01 23:57:00,1,2085.03,2083.24,0.48,-89.28000000002008,790.8628387793144,EOD,trendH4,-0.11288936035712906
2024-03-04 01:05:00,2024-03-04 23:45:00,1,2083.08,2115.24,0.38,1219.4199999999944,799.8913330618033,TIME,strong_close,1.5244820759994113
2024-03-04 18:15:00,2024-03-04 23:45:00,1,2115.94,2115.24,0.38,-29.260000000010372,799.8913330618033,TIME,tday,-0.03657996879152285
2024-03-05 01:15:00,2024-03-05 09:10:00,1,2113.9900000000002,2115.49,0.07,10.009999999996817,146.58625956230583,TIME,drift,0.06828743723924623
2024-03-04 17:45:00,2024-03-05 18:47:00,1,2102.55,2124.56,0.38,803.517599999991,799.8913330618033,TIME,lw,1.0045334494678262
2024-03-05 01:05:00,2024-03-05 23:45:00,1,2114.28,2127.79,0.36,483.8399999999915,807.8838042724136,TIME,strong_close,0.59889800667033
2024-03-06 01:15:00,2024-03-06 09:10:00,1,2127.33,2129.42,0.36,72.72000000000524,810.4732741675327,TIME,drift,0.089725352232865
2024-03-06 18:15:00,2024-03-06 23:45:00,1,2145.9800000000005,2147.72,0.35000000000000003,58.44999999997645,807.7645455237073,TIME,tday,0.07236019496508217
2024-03-04 16:00:00,2024-03-08 23:57:00,1,2091.9,2178.53,0.5,4089.5600000000054,802.5141646610085,EOD,trendH4,5.0959349754623755
2024-03-04 20:00:00,2024-03-08 23:57:00,1,2116.68,2178.53,0.44,2508.492800000016,800.1958416566027,EOD,trendH4,3.134848582575507
2024-03-05 12:00:00,2024-03-08 23:57:00,1,2124.7,2178.53,0.09,448.0740000000034,160.08893263704124,EOD,trendH4,2.7989067864915507
2024-03-06 20:00:00,2024-03-08 23:57:00,1,2145.01,2178.53,0.05,151.35399999999993,97.3869675247538,EOD,trendH4,1.55415045613294
2024-03-12 01:15:00,2024-03-12 09:10:00,1,2182.63,2176.53,0.4,-246.7999999999964,853.6952439968247,TIME,drift,-0.2890961402625717
2024-03-12 10:15:00,2024-03-13 11:17:00,-1,2176.2799999999997,2159.47,0.36,615.0275999999981,857.2219318210381,TIME,lw,0.7174660110404142
2024-03-13 18:15:00,2024-03-13 23:45:00,1,2171.15,2174.47,0.35000000000000003,113.74999999998983,859.3559106717703,TIME,tday,0.1323665766272206
2024-03-14 01:15:00,2024-03-14 09:10:00,1,2174.53,2168.16,0.46,-296.2400000000159,857.3745664101813,TIME,drift,-0.34551992980194157
2024-03-13 18:30:00,2024-03-14 19:32:00,1,2174.05,2159.43,0.35000000000000003,-597.6040000000121,859.3559106717703,TIME,lw,-0.6954091926043272
2024-03-15 01:15:00,2024-03-15 09:10:00,1,2162.45,2169.27,0.49,330.750000000008,847.6855257523409,TIME,drift,0.3901800726235824
2024-03-15 01:05:00,2024-03-15 23:00:00,1,2162.48,2156.88,0.23,-130.40999999999792,844.4593275760575,TIME,friday,-0.1544301729419317
2024-03-15 23:05:00,2024-03-15 23:55:00,1,2157.15,2156.2,0.9400000000000001,-95.88000000002565,852.6303202936683,TIME,fri_close,-0.11245201785341395
2024-03-15 13:00:00,2024-03-15 23:57:00,1,2172.02,2155.8,0.35000000000000003,-570.149999999993,857.5145352220873,EOD,lw,-0.6648866888913203
2024-03-19 01:15:00,2024-03-19 09:10:00,1,2161.08,2154.59,0.59,-387.0399999999871,852.315011108406,TIME,drift,-0.45410440383615336
2024-03-19 01:05:00,2024-03-19 23:45:00,1,2160.4,2157.81,0.36,-95.76000000000522,847.864319575974,TIME,strong_close,-0.11294259917423559
2024-03-20 01:15:00,2024-03-20 09:10:00,1,2158.45,2157.13,0.5700000000000001,-79.22999999998342,847.1653919523933,TIME,drift,-0.09352365046143879
2024-03-20 15:45:00,2024-03-20 21:05:00,-1,2149.7599999999998,2172.7359447509675,0.37,-852.699955785807,850.8499557858003,SL,lw,-1.002174296404938
2024-03-21 01:15:00,2024-03-21 09:10:00,1,2193.5000000000005,2209.44,0.37,587.1899999999852,834.4528975022597,TIME,drift,0.7036826185847057
2024-03-21 01:05:00,2024-03-21 17:01:00,1,2187.98,2186.7052912397235,0.35000000000000003,-47.06480660967937,845.5932044064456,SL,strong_close,-0.055658922475276956
2024-03-21 10:15:00,2024-03-21 17:06:00,1,2207.7,2183.5601941598156,0.35000000000000003,-847.3432044064464,845.5932044064456,SL,lw,-1.0020695530556318
2024-03-21 04:00:00,2024-03-21 17:26:00,1,2199.19,2178.033562309582,0.4,-849.0575076167196,847.0575076167115,SL,trendH4,-1.0023611147791314
2024-03-22 01:15:00,2024-03-22 09:10:00,1,2182.68,2173.28,0.3,-284.0999999999891,830.6193903428598,TIME,drift,-0.3420339126476682
2024-03-22 01:05:00,2024-03-22 23:00:00,1,2182.4,2163.96,0.21,-388.7100000000012,833.379320825386,TIME,friday,-0.46642626027127654
2024-03-22 23:05:00,2024-03-22 23:55:00,1,2164.28,2165.55,0.81,97.19999999999852,835.9377726559424,TIME,fri_close,0.11627659758832835
2024-03-25 18:15:00,2024-03-25 23:45:00,1,2177.28,2171.74,0.31,-173.91000000001296,826.5433816159431,TIME,tday,-0.21040637898522427
2024-03-26 01:15:00,2024-03-26 09:10:00,1,2172.27,2173.88,0.48,73.92000000000611,836.2552133589514,TIME,drift,0.08839406776681813
2024-03-25 16:45:00,2024-03-26 17:47:00,1,2178.68,2182.91,0.31,104.32120000000057,826.5433816159431,TIME,lw,0.12621382291640423
2024-03-26 15:15:00,2024-03-26 23:45:00,1,2196.59,2175.49,0.32,-677.4400000000117,833.0170662493838,TIME,tday900,-0.8132366399768377
2024-03-27 01:15:00,2024-03-27 09:10:00,1,2178.7400000000002,2178.4,0.38,-15.58000000000553,831.602605152218,TIME,drift,-0.018734910044147516
2024-03-26 12:15:00,2024-03-27 13:17:00,1,2184.09,2191.43,0.32,207.20639999999008,833.0170662493838,TIME,lw,0.24874208271977688
2024-03-27 18:15:00,2024-03-27 23:45:00,1,2192.89,2194.51,0.31,48.05000000001071,821.5513341484412,TIME,tday,0.058486911289378836
2024-03-28 01:15:00,2024-03-28 09:10:00,1,2193.4900000000002,2196.12,0.4,102.39999999998618,835.6729015863499,TIME,drift,0.12253598244672197
2024-03-27 13:15:00,2024-03-28 14:17:00,1,2191.84,2211.62,0.31,537.0935999999922,821.5513341484412,TIME,lw,0.653755374345175
2024-03-28 01:05:00,2024-03-28 23:45:00,1,2193.28,2223.42,0.31,932.1699999999961,816.5433817092669,TIME,strong_close,1.141604991089008
2024-03-28 18:15:00,2024-03-28 23:45:00,1,2214.01,2223.42,0.31,289.5399999999955,816.5433817092669,TIME,tday,0.35459230518028645
2024-03-28 08:45:00,2024-04-01 09:47:00,1,2198.1600000000003,2260.68,0.33,2034.6215999999845,811.4699999999995,TIME,inside,2.5073281821878637
2024-03-28 13:30:00,2024-04-01 14:32:00,1,2204.6,2249.04,0.31,1350.8312000000017,816.5433817092669,TIME,lw,1.6543287598171603
2024-04-01 10:15:00,2024-04-01 17:19:00,1,2259.94,2232.007755847418,0.3,-840.0673245774575,838.5673245774514,SL,lw,-1.0017887651426938
2024-04-01 01:05:00,2024-04-01 23:45:00,1,2239.6,2249.48,0.3,294.30000000000325,838.5673245774514,TIME,strong_close,0.3509557209950902
2024-04-03 01:05:00,2024-04-03 23:45:00,1,2281.69,2299.17,0.29,504.8900000000005,841.8550948561381,TIME,strong_close,0.599735041202405
2024-04-01 01:10:00,2024-04-04 03:16:00,1,2242.2200000000003,2298.34,0.11,572.8359999999989,614.1793713567977,TIME,tom,0.932685184027809
2024-04-04 01:05:00,2024-04-04 23:45:00,1,2300.1,2291.1,0.29,-263.03,855.8590166521287,TIME,strong_close,-0.3073286544656581
2024-04-04 04:00:00,2024-04-05 04:15:00,1,2302.52,2274.4847486718577,0.3,-867.0015398442689,841.6575398442629,SL,trendH4,-1.0301120096954106
2024-04-05 01:05:00,2024-04-05 23:00:00,1,2291.94,2323.21,0.19,592.7999999999996,833.1451248020047,TIME,friday,0.7115206971184971
2024-04-05 18:15:00,2024-04-05 23:45:00,1,2324.26,2327.62,0.29,95.4099999999905,848.4383726055485,TIME,tday,0.11245365966532966
2024-04-05 23:05:00,2024-04-05 23:55:00,1,2323.77,2328.41,0.53,242.20999999999324,847.8525209749821,TIME,fri_close,0.28567468281095104
2024-04-03 04:00:00,2024-04-05 23:57:00,1,2283.5000000000005,2329.27,0.3,1275.623999999986,853.2812875229771,EOD,trendH4,1.4949630545667345
2024-04-03 20:00:00,2024-04-05 23:57:00,1,2294.07,2329.27,0.29,926.5731999999948,843.3577989098297,EOD,trendH4,1.0986715261277407
2024-04-05 17:15:00,2024-04-05 23:57:00,1,2304.09,2329.27,0.29,728.1899999999953,848.4383726055485,EOD,lw,0.8582709404853163
2024-04-05 20:00:00,2024-04-05 23:57:00,1,2327.51,2329.27,0.03,5.06999999999929,93.97300329069893,EOD,trendH4,0.05395166507891207
2024-04-08 01:05:00,2024-04-08 23:45:00,1,2328.03,2338.47,0.27,279.9899999999892,854.5392827205607,TIME,strong_close,0.3276502387445512
2024-04-09 12:30:00,2024-04-10 13:32:00,1,2364.96,2348.6,0.26,-447.8448000000033,859.2532739670618,TIME,lw,-0.5212023201638343
2024-04-09 12:00:00,2024-04-10 16:13:00,1,2357.9,2325.1166162003333,0.26,-874.8527787913371,852.8879787913369,SL,trendH4,-1.025753440716948
2024-04-11 20:00:00,2024-04-12 19:19:00,1,2350.05,2381.578625402148,0.26,797.2594604558482,865.7371596960897,SL,lw,0.9209024373352761
2024-04-12 01:05:00,2024-04-12 20:25:00,1,2374.18,2353.6377282387066,0.16,-329.796348180692,830.7975654537911,SL,friday,-0.3969635467101465
2024-04-12 08:00:00,2024-04-12 20:36:00,1,2384.4500000000003,2350.8632587083152,0.16,-538.5078606669605,537.7078606669601,SL,trendH4,-1.0014877967359601
2024-04-12 04:00:00,2024-04-12 21:25:00,1,2379.01,2345.4181670613843,0.25,-841.545823465397,840.2958234653955,SL,trendH4,-1.001487571358913
2024-04-12 23:05:00,2024-04-12 23:55:00,1,2342.88,2344.78,0.25,45.750000000002274,846.0758943286718,TIME,fri_close,0.054073163302097285
2024-04-08 08:00:00,2024-04-12 23:57:00,1,2342.3900000000003,2344.21,0.24,-72.45120000000699,846.1144795709042,EOD,trendH4,-0.08562812922992366
2024-04-16 01:05:00,2024-04-16 23:45:00,1,2382.95,2384.1,0.21,22.68000000000191,858.4963775075477,TIME,strong_close,0.0264182827024247
2024-04-17 19:45:00,2024-04-18 20:47:00,-1,2365.8399999999997,2385.35,0.21,-389.5017000000046,850.2002076855803,TIME,lw,-0.4581293870302717
2024-04-19 01:05:00,2024-04-19 23:00:00,1,2379.79,2387.6,0.14,108.35999999999923,840.3700770350155,TIME,friday,0.1289431917689333
2024-04-19 23:05:00,2024-04-19 23:55:00,1,2387.33,2390.65,0.52,169.00000000000853,863.6839733425345,TIME,fri_close,0.19567342363198353
2024-04-19 04:30:00,2024-04-19 23:57:00,1,2396.29,2390.62,0.24,-137.76000000000175,835.2000000000004,EOD,inside,-0.1649425287356342
2024-04-19 10:15:00,2024-04-19 23:57:00,1,2392.15,2390.62,0.21,-33.6000000000042,840.8600770350155,EOD,lw,-0.03995908584277454
2024-04-22 10:15:00,2024-04-23 11:17:00,-1,2357.7999999999997,2307.33,0.21,1065.6260999999959,848.5986429610861,TIME,lw,1.255748060451308
2024-04-23 12:15:00,2024-04-24 13:17:00,-1,2297.24,2318.2599999999998,0.2,-414.9179999999996,844.8042420744296,TIME,lw,-0.4911409996961689
2024-04-25 11:00:00,2024-04-26 12:02:00,1,2325.92,2347.92,0.21,443.83919999999995,863.2795548780997,TIME,lw,0.5141314855564635
2024-04-26 01:05:00,2024-04-26 23:00:00,1,2332.68,2339.99,0.14,101.35999999999925,861.0667295296645,TIME,friday,0.11771445408808738
2024-04-26 23:05:00,2024-04-26 23:55:00,1,2339.39,2337.47,0.68,-135.32000000000494,863.9005104208735,TIME,fri_close,-0.15663840727919004
2024-04-26 11:45:00,2024-04-26 23:57:00,1,2348.7400000000002,2337.77,0.21,-231.84000000000535,861.5567295296643,EOD,lw,-0.2690942941465619
2024-04-30 10:15:00,2024-05-01 11:18:00,-1,2321.0299999999997,2284.6,0.22,807.4901999999964,859.0057532534718,TIME,lw,0.9400288612056893
2024-05-01 18:15:00,2024-05-01 23:45:00,1,2304.91,2317.71,0.21,267.3300000000038,838.3114631110319,TIME,tday,0.3188910229235368
2024-05-02 12:45:00,2024-05-03 13:47:00,-1,2301.1,2300.83,0.21,11.426099999999618,848.5270728888157,TIME,lw,0.013465804881274312
2024-05-03 23:05:00,2024-05-03 23:55:00,1,2301.75,2301.86,0.53,2.1200000000067485,870.1770591079007,TIME,fri_close,0.0024362857855390455
2024-05-06 18:15:00,2024-05-06 23:45:00,1,2323.27,2325.59,0.21,47.25000000000344,853.9642108071934,TIME,tday,0.05533018761446839
2024-05-06 10:45:00,2024-05-07 11:47:00,1,2323.42,2315.79,0.21,-178.3908000000023,853.9642108071934,TIME,lw,-0.2088972789988257
2024-05-08 11:00:00,2024-05-09 12:02:00,-1,2305.3999999999996,2311.7999999999997,0.22,-119.629400000002,861.7173993637382,TIME,lw,-0.1388267198600517
2024-05-09 18:15:00,2024-05-09 23:45:00,1,2336.39,2344.31,0.23,180.55000000000166,865.7802026290836,TIME,tday,0.208540227013429
2024-05-09 15:30:00,2024-05-10 16:33:00,1,2318.33,2366.87,0.23,1096.5295999999992,865.7802026290836,TIME,lw,1.2665219147656728
2024-05-09 15:45:00,2024-05-10 16:48:00,1,2327.75,2366.27,0.36,1355.5871999999993,860.0400000000059,TIME,nr7,1.576190874843019
2024-05-10 01:05:00,2024-05-10 23:01:00,1,2346.21,2363.84,0.15,263.4000000000016,851.2671871708288,TIME,friday,0.30942106540651093
2024-05-10 15:15:00,2024-05-10 23:45:00,1,2372.96,2361.52,0.14,-161.14000000000075,530.0040275729602,TIME,tday900,-0.3040354254247969
2024-05-10 23:05:00,2024-05-10 23:55:00,1,2364.23,2360.87,0.72,-246.96000000000913,886.6239843606644,TIME,fri_close,-0.27853972411776057
2024-05-10 10:15:00,2024-05-10 23:57:00,1,2369.44,2360.46,0.23,-208.15000000000046,870.7209024412917,EOD,lw,-0.239054787149818
2024-05-13 10:15:00,2024-05-14 11:17:00,-1,2349.49,2338.49,0.23,259.3043,863.1844094097713,TIME,lw,0.30040429040801053
2024-05-14 16:15:00,2024-05-15 17:17:00,1,2349.94,2360.12,0.23,214.24959999999624,854.7569515947876,TIME,lw,0.2506555806305568
2024-05-15 01:05:00,2024-05-15 23:45:00,1,2357.46,2386.9,0.24,704.8800000000014,870.9145617937065,TIME,strong_close,0.8093560848819131
2024-05-15 18:15:00,2024-05-15 23:45:00,1,2380.96,2386.9,0.24,140.8800000000013,870.9145617937065,TIME,tday,0.1617609880237271
2024-05-15 06:45:00,2024-05-16 07:47:00,1,2360.79,2390.66,0.34,932.1303999999964,878.2199999999921,TIME,inside,1.0613859852884298
2024-05-15 11:30:00,2024-05-16 12:32:00,1,2369.03,2384.53,0.24,313.0944,870.9145617937065,TIME,lw,0.35950070619460217
2024-05-16 01:05:00,2024-05-16 23:45:00,1,2387.92,2376.34,0.24,-279.59999999999826,874.6549502370126,TIME,strong_close,-0.31966891621002397
2024-05-17 01:05:00,2024-05-17 23:00:00,1,2378.35,2416.42,0.16,608.0000000000026,856.962453791512,TIME,friday,0.709482658557549
2024-05-17 15:15:00,2024-05-17 23:45:00,1,2388.44,2417.69,0.25,729.5,893.2525560328249,TIME,tday900,0.8166783235862273
2024-05-17 18:15:00,2024-05-17 23:45:00,1,2408.27,2417.69,0.25,233.75000000000182,893.2525560328249,TIME,tday,0.26168410985371093
2024-05-17 23:05:00,2024-05-17 23:55:00,1,2416.89,2414.43,0.5700000000000001,-144.2100000000021,887.2012142928547,TIME,fri_close,-0.16254486319086583
2024-05-17 14:30:00,2024-05-17 23:57:00,1,2388.98,2413.82,0.25,619.2500000000036,893.2525560328249,EOD,lw,0.6932529840723429
2024-05-20 08:00:00,2024-05-20 15:42:00,1,2437.52,2412.6654364892897,0.36,-897.2842863855689,895.4842863855685,SL,trendH4,-1.0020100855228469
2024-05-20 01:05:00,2024-05-20 23:45:00,1,2425.5,2424.81,0.24,-18.24000000000131,879.927992806404,TIME,strong_close,-0.020728968903270653
2024-05-20 10:15:00,2024-05-21 11:18:00,1,2441.77,2416.72,0.24,-621.9552000000043,879.927992806404,TIME,lw,-0.7068251096505835
2024-05-22 14:45:00,2024-05-23 15:47:00,-1,2407.8999999999996,2363.6099999999997,0.24,1086.055199999999,874.4460754300113,TIME,lw,1.2419921942767351
2024-05-23 10:45:00,2024-05-24 11:47:00,-1,2358.91,2340.8999999999996,0.24,438.8184000000052,900.4427843278672,TIME,lw,0.4873362390566102
2024-05-24 23:05:00,2024-05-24 23:55:00,1,2334.89,2333.82,0.93,-106.01999999997295,901.0682539103592,TIME,fri_close,-0.11766034319806379
2024-05-27 18:15:00,2024-05-28 04:30:00,1,2354.67,2351.27,0.24,-102.35520000000218,904.8156660786201,TIME,tday,-0.11312270978198168
2024-05-27 15:30:00,2024-05-28 20:15:00,1,2349.23,2353.93,0.24,92.04479999999563,904.8156660786201,TIME,lw,0.10172768161597878
2024-05-28 01:05:00,2024-05-28 23:45:00,1,2352.69,2359.11,0.24,152.40000000000174,885.2031185015751,TIME,strong_close,0.1721638760807535
2024-05-29 01:05:00,2024-05-29 23:45:00,1,2362.36,2337.39,0.25,-626.0000000000064,898.758968788726,TIME,strong_close,-0.6965159978805865
2024-05-31 01:05:00,2024-05-31 23:00:00,1,2343.72,2327.69,0.17,-273.69999999999567,891.1426838765341,TIME,friday,-0.3071337564141594
2024-05-31 23:05:00,2024-05-31 23:55:00,1,2328.47,2327.54,0.6,-59.99999999999018,894.3293848767233,TIME,fri_close,-0.06708937558644652
2024-06-03 18:15:00,2024-06-03 23:45:00,1,2339.23,2349.81,0.25,262.7499999999982,881.7345861621112,TIME,tday,0.29799216694409025
2024-06-04 01:05:00,2024-06-04 17:23:00,1,2351.53,2315.9348582282646,0.25,-891.62854429339,890.3785442933889,SL,strong_close,-1.0014038972614654
2024-06-03 19:30:00,2024-06-04 20:32:00,1,2343.89,2328.84,0.25,-397.8699999999932,881.7345861621112,TIME,lw,-0.45123556027419215
2024-06-05 18:15:00,2024-06-05 23:45:00,1,2352.97,2354.05,0.25,25.25000000000955,893.3693625581466,TIME,tday,0.02826378546014455
2024-06-03 01:10:00,2024-06-06 03:16:00,1,2327.3,2354.99,0.12,283.75199999999523,845.6252027156268,TIME,tom,0.3355529129084123
2024-06-05 16:00:00,2024-06-06 17:02:00,1,2342.36,2360.84,0.25,400.64000000000044,893.3693625581466,TIME,lw,0.44845952501972447
2024-06-06 01:05:00,2024-06-06 23:45:00,1,2355.91,2373.23,0.25,431.2500000000041,885.9501223754222,TIME,strong_close,0.48676555159079427
2024-06-06 18:15:00,2024-06-06 23:45:00,1,2370.53,2373.23,0.25,65.74999999999545,885.9501223754222,TIME,tday,0.07421411018456164
2024-06-07 06:45:00,2024-06-07 11:07:00,1,2379.7400000000002,2353.6099999999997,0.34,-890.8000000000192,889.1000000000131,SL,nr7,-1.0019120458891082
2024-06-07 01:05:00,2024-06-07 15:30:00,1,2376.4900000000002,2324.496707467655,0.17,-885.0759730498668,884.2259730498644,SL,friday,-1.000961292730489
2024-06-07 23:05:00,2024-06-07 23:55:00,1,2288.4900000000002,2293.08,0.46,207.9199999999858,895.6065965352143,TIME,fri_close,0.23215550310186958
2024-06-11 01:05:00,2024-06-11 23:45:00,1,2310.94,2315.42,0.23,101.43000000000042,885.1089560313768,TIME,strong_close,0.11459606109375393
2024-06-12 01:05:00,2024-06-12 23:45:00,1,2316.82,2323.93,0.24,168.95999999999214,895.883957396862,TIME,strong_close,0.18859585396632525
2024-06-13 14:30:00,2024-06-14 15:32:00,-1,2311.25,2329.41,0.24,-429.2615999999965,885.0351032970859,TIME,lw,-0.48502211765481046
2024-06-14 23:05:00,2024-06-14 23:55:00,1,2332.26,2332.52,0.79,15.009999999981318,886.978888047192,TIME,fri_close,0.01692261247956863
2024-06-17 01:05:00,2024-06-17 23:45:00,1,2331.33,2319.4,0.24,-287.9999999999961,873.0884309041197,TIME,strong_close,-0.32986349355443867
2024-06-18 13:45:00,2024-06-19 14:47:00,-1,2307.23,2330.5,0.25,-574.8974999999996,885.1480358447582,TIME,lw,-0.6494930528217633
2024-06-20 18:15:00,2024-06-20 23:45:00,1,2357.91,2359.07,0.26,28.34000000000804,860.5828509187485,TIME,tday,0.03293116981096309
2024-06-20 04:50:00,2024-06-21 05:52:00,1,2337.75,2358.93,0.66,1340.8031999999894,891.6600000000036,TIME,nr7,1.5037157660991678
2024-06-20 10:15:00,2024-06-21 11:17:00,1,2342.44,2365.37,0.26,573.6951999999957,860.5828509187485,TIME,lw,0.6666356404703222
2024-06-21 01:05:00,2024-06-21 23:00:00,1,2359.72,2322.1,0.17,-640.7299999999982,851.9636678010032,TIME,friday,-0.7520625869572366
2024-06-21 23:05:00,2024-06-21 23:55:00,1,2322.56,2321.28,0.65,-87.74999999998344,894.2069483481769,TIME,fri_close,-0.09813164632871571
2024-06-25 13:15:00,2024-06-25 18:31:00,1,2335.83,2317.71,0.49,-891.3099999999946,888.8599999999857,SL,inside,-1.0027563395810464
2024-06-25 01:05:00,2024-06-25 23:45:00,1,2334.12,2319.36,0.26,-385.5799999999939,871.2083686109652,TIME,strong_close,-0.44258068895131697
2024-06-26 13:30:00,2024-06-27 14:32:00,-1,2308.2599999999998,2314.43,0.27,-140.60790000000196,881.8280697320025,TIME,lw,-0.15945046979819352
2024-06-28 01:05:00,2024-06-28 23:00:00,1,2327.25,2325.02,0.18,-41.400000000000325,880.7685397178996,TIME,friday,-0.04700440369187152
2024-06-28 23:05:00,2024-06-28 23:55:00,1,2324.51,2326.28,0.88,149.5999999999984,891.0829787234588,TIME,fri_close,0.16788559940210201
2024-07-01 15:15:00,2024-07-01 23:45:00,1,2336.22,2331.65,0.28,-129.91999999999186,890.2941493579772,TIME,tday900,-0.1459292977424167
2024-07-01 01:07:00,2024-07-01 23:47:00,1,2324.83,2331.95,0.14,98.69999999999848,445.1470746789886,TIME,season,0.22172447178536345
2024-07-01 14:30:00,2024-07-02 15:32:00,1,2335.9900000000002,2321.68,0.28,-424.89440000001116,890.2941493579772,TIME,lw,-0.4772517041771168
2024-07-02 01:07:00,2024-07-02 23:47:00,1,2331.69,2329.16,0.14,-36.4000000000028,433.4208550590607,TIME,season,-0.0839830376760313
2024-07-03 18:15:00,2024-07-03 23:45:00,1,2363.22,2355.86,0.29,-215.46999999999048,870.4603181493159,TIME,tday,-0.24753569520331595
2024-07-03 01:07:00,2024-07-03 23:47:00,1,2330.27,2356.24,0.14,362.5999999999972,420.22222255484223,TIME,season,0.8628767840869603
2024-07-01 01:10:00,2024-07-04 03:16:00,1,2325.29,2356.98,0.14,387.0440000000008,889.3141493579772,TIME,tom,0.43521628468344914
2024-07-03 09:45:00,2024-07-04 10:47:00,1,2337.2400000000002,2357.05,0.49,850.4243999999973,882.9800000000133,TIME,inside,0.9631298557158536
2024-07-03 10:15:00,2024-07-04 11:17:00,1,2342.93,2357.36,0.29,347.2924000000084,870.4603181493159,TIME,lw,0.39897556816649166
2024-07-04 01:07:00,2024-07-05 04:32:00,1,2357.33,2357.9,0.14,-4.1271999999977105,428.3663495152108,TIME,season,-0.009634743729680284
2024-07-05 01:15:00,2024-07-05 09:10:00,1,2356.67,2366.12,0.59,553.4199999999893,885.7770865817821,TIME,drift,0.6247847323931573
2024-07-05 07:15:00,2024-07-05 15:30:00,1,2362.67,2350.6099999999997,0.74,-897.6200000000294,893.9200000000161,SL,inside,-1.0041390728476969
2024-07-05 01:05:00,2024-07-05 23:00:00,1,2357.06,2388.71,0.2,631.6000000000018,877.5258995455724,TIME,friday,0.7197508362170011
2024-07-05 18:15:00,2024-07-05 23:45:00,1,2383.3,2391.21,0.3,235.19999999999564,878.2258995455725,TIME,tday,0.2678126437875461
2024-07-05 01:07:00,2024-07-05 23:47:00,1,2357.2,2391.04,0.15,506.55000000000217,439.11294977278624,TIME,season,1.1535756352940865
2024-07-05 23:05:00,2024-07-05 23:55:00,1,2388.42,2390.96,0.67,165.4899999999976,886.4882428983245,TIME,fri_close,0.18668042280959884
2024-07-05 10:15:00,2024-07-05 23:57:00,1,2364.54,2391.05,0.3,793.2000000000065,878.2258995455725,EOD,lw,0.903184477263126
2024-07-08 01:05:00,2024-07-08 18:45:00,1,2389.7,2359.3511031093035,0.29,-882.1480098301932,880.6980098301927,SL,strong_close,-1.001646421342862
2024-07-08 01:07:00,2024-07-08 18:45:00,1,2389.82,2359.471103109304,0.14,-425.86455646974855,425.16455646974833,SL,season,-1.001646421342862
2024-07-09 01:07:00,2024-07-09 23:47:00,1,2359.1,2364.62,0.14,76.29999999999974,434.88565957905206,TIME,season,0.17544841573726389
2024-07-10 15:15:00,2024-07-10 23:46:00,1,2378.12,2371.31,0.29,-199.51999999999842,882.4542533739934,TIME,tday900,-0.2260967061319605
2024-07-10 01:07:00,2024-07-10 23:48:00,1,2363.52,2370.91,0.14,102.47999999999821,426.01239818054864,TIME,season,0.24055637919853703
2024-07-10 10:15:00,2024-07-11 11:18:00,1,2372.58,2382.34,0.29,211.86240000000635,882.4542533739934,TIME,lw,0.24008315353455134
2024-07-11 18:15:00,2024-07-11 23:45:00,1,2418.81,2414.15,0.3,-141.89999999999563,898.3134453592547,TIME,tday,-0.15796268076923506
2024-07-11 01:07:00,2024-07-11 23:47:00,1,2372.23,2413.44,0.15,617.1000000000006,449.15672267962736,TIME,season,1.3739079676208321
2024-07-11 10:30:00,2024-07-12 11:32:00,1,2381.82,2405.24,0.3,676.6559999999885,898.3134453592547,TIME,lw,0.7532515554516489
2024-07-12 01:05:00,2024-07-12 23:00:00,1,2413.36,2412.77,0.19,-12.540000000002765,901.7857892990572,TIME,friday,-0.013905741417537632
2024-07-12 01:07:00,2024-07-12 23:48:00,1,2412.4,2411.44,0.11,-11.3300000000004,348.3143397294607,TIME,season,-0.03252808945161582
2024-07-12 23:05:00,2024-07-12 23:56:00,1,2411.51,2411.32,1.01,-26.260000000005512,906.8307213879864,TIME,fri_close,-0.028957995556008743
2024-07-11 16:00:00,2024-07-12 23:57:00,1,2406.46,2411.59,0.42,179.13840000000457,897.7091722199125,EOD,trendH4,0.19955059560884256
2024-07-11 20:00:00,2024-07-12 23:57:00,1,2411.85,2411.59,0.38,-42.742399999991015,880.7954075509259,EOD,trendH4,-0.04852704684148768
2024-07-15 18:15:00,2024-07-15 23:45:00,1,2433.54,2421.25,0.29,-358.4399999999989,908.392312194849,TIME,tday,-0.39458722315024836
2024-07-15 01:07:00,2024-07-15 23:47:00,1,2411.48,2421.39,0.14,137.75999999999797,438.534219680272,TIME,season,0.31413740095456294
2024-07-15 14:30:00,2024-07-16 15:32:00,1,2418.67,2441.67,0.33,730.4616000000002,893.3100000000001,TIME,inside,0.817702253417067
2024-07-15 17:30:00,2024-07-16 18:32:00,1,2423.65,2461.17,0.29,1063.0007999999996,908.392312194849,TIME,lw,1.1702001279949046
2024-07-16 18:15:00,2024-07-16 23:45:00,1,2456.5,2468.82,0.28,343.0000000000046,891.320693691933,TIME,tday,0.3848222109365225
2024-07-16 01:07:00,2024-07-16 23:47:00,1,2421.85,2468.88,0.14,657.4400000000028,445.6603468459665,TIME,season,1.475204165353382
2024-07-16 12:15:00,2024-07-17 13:17:00,1,2438.5,2473.23,0.28,948.2256000000006,891.320693691933,TIME,lw,1.0638433581883555
2024-07-17 01:05:00,2024-07-17 23:45:00,1,2467.93,2458.03,0.07,-69.78999999999746,231.7637324641988,TIME,strong_close,-0.30112563021817107
2024-07-18 10:15:00,2024-07-18 22:33:00,1,2473.53,2440.501545693525,0.27,-893.6582662748357,892.3082662748345,SL,lw,-1.0015129300613084
2024-07-18 01:07:00,2024-07-18 23:47:00,1,2458.73,2444.67,0.13,-183.6899999999993,429.6299059841796,TIME,season,-0.4275540353253793
2024-07-16 20:00:00,2024-07-19 03:03:00,1,2459.37,2433.701049309578,0.35000000000000003,-1039.9532741647613,899.1132741647518,SL,trendH4,-1.15664322176852
2024-07-19 01:07:00,2024-07-19 13:08:00,1,2444.1,2410.9578638582725,0.13,-431.7577698424563,431.10776984245217,SL,season,-1.0015077436443367
2024-07-15 20:00:00,2024-07-19 13:09:00,1,2430.45,2410.6497408688992,0.37,-911.6451878507213,902.5565292835727,SL,trendH4,-1.0100699050666255
2024-07-19 01:05:00,2024-07-19 16:19:00,1,2445.0,2395.311795787409,0.18,-895.6476758266342,894.7476758266314,SL,friday,-1.0010058701735898
2024-07-19 23:05:00,2024-07-19 23:55:00,1,2398.97,2400.34,0.74,96.2000000000256,900.1982957260959,TIME,fri_close,0.10686534339906865
2024-07-22 01:07:00,2024-07-22 23:47:00,1,2402.92,2396.72,0.13,-81.51000000000354,448.5722148537053,TIME,season,-0.18170987257110147
2024-07-23 15:15:00,2024-07-23 23:45:00,1,2408.12,2407.28,0.26,-23.65999999999196,885.8983990140235,TIME,tday900,-0.026707351572510776
2024-07-23 01:07:00,2024-07-23 23:47:00,1,2397.29,2408.02,0.13,138.58000000000024,442.94919950701177,TIME,season,0.31285754699237595
2024-07-23 13:15:00,2024-07-24 14:17:00,1,2407.9900000000002,2413.15,0.26,111.67519999999622,885.8983990140235,TIME,lw,0.12605869942228942
2024-07-24 01:05:00,2024-07-24 23:45:00,1,2408.91,2397.54,0.27,-308.87999999999704,900.1591704778084,TIME,strong_close,-0.3431393137238631
2024-07-24 18:15:00,2024-07-24 23:45:00,1,2426.68,2397.54,0.27,-788.6699999999965,900.1591704778084,TIME,tday,-0.8761450484155675
2024-07-24 01:07:00,2024-07-24 23:47:00,1,2408.95,2398.32,0.13,-139.0999999999955,433.4099709707966,TIME,season,-0.3209432392347248
2024-07-24 04:15:00,2024-07-25 01:00:00,1,2412.23,2396.2749999999996,0.37,-681.1478000000142,881.34,SL,inside,-0.7728547439126945
2024-07-24 16:00:00,2024-07-25 04:26:00,1,2421.62,2388.3007714637847,0.27,-965.8879704778099,900.1591704778084,SL,lw,-1.0730190861301923
2024-07-25 01:07:00,2024-07-25 15:12:00,1,2396.55,2363.1150020735145,0.13,-435.5649730443144,434.914973044311,SL,season,-1.0014945450037132
2024-07-26 01:05:00,2024-07-26 23:00:00,1,2364.56,2386.34,0.17,369.0700000000034,879.3462009021378,TIME,friday,0.4197095519618639
2024-07-26 15:15:00,2024-07-26 23:45:00,1,2374.96,2387.92,0.25,322.2500000000009,862.6874518648408,TIME,tday900,0.3735420044691789
2024-07-26 18:15:00,2024-07-26 23:45:00,1,2382.73,2387.92,0.25,128.00000000000136,862.6874518648408,TIME,tday,0.1483735502623903
2024-07-26 01:07:00,2024-07-26 23:47:00,1,2365.05,2387.79,0.12,272.0399999999974,414.0899768951236,TIME,season,0.6569586688375625
2024-07-26 23:05:00,2024-07-26 23:55:00,1,2387.31,2388.13,0.73,54.75000000001195,888.9528523110737,TIME,fri_close,0.06158931810351303
2024-07-26 17:15:00,2024-07-26 23:57:00,1,2389.22,2387.32,0.25,-49.249999999990905,862.6874518648408,EOD,lw,-0.057089041800166364
2024-07-29 01:05:00,2024-07-29 23:45:00,1,2388.35,2381.45,0.25,-174.25000000000227,863.6204910173524,TIME,strong_close,-0.20176686613206024
2024-07-29 01:07:00,2024-07-29 23:47:00,1,2388.96,2381.62,0.12,-88.92000000000175,414.53783568832915,TIME,season,-0.2145039423297814
2024-07-29 01:30:00,2024-07-30 02:32:00,1,2397.36,2382.15,0.21,-337.5708000000008,869.610000000003,TIME,inside,-0.3881864283989371
2024-07-30 01:07:00,2024-07-30 23:47:00,1,2383.01,2411.1,0.12,336.2399999999963,413.7537045677342,TIME,season,0.8126573763279783
2024-07-30 20:00:00,2024-07-31 21:02:00,1,2400.1,2423.8,0.25,570.8800000000068,861.9868845161129,TIME,lw,0.6622838586697029
2024-07-31 01:05:00,2024-07-31 23:45:00,1,2411.13,2447.93,0.25,918.2499999999932,865.2021070506764,TIME,strong_close,1.0613127181695705
2024-07-31 01:07:00,2024-07-31 23:47:00,1,2410.32,2447.37,0.12,443.7599999999967,415.29701138432466,TIME,season,1.068536463869064
2024-07-31 16:45:00,2024-08-01 17:47:00,1,2424.87,2450.96,0.25,590.8900000000036,865.2021070506764,TIME,lw,0.6829502554197943
2024-08-01 01:05:00,2024-08-01 23:45:00,1,2447.82,2442.99,0.25,-122.50000000000955,887.5269565470568,TIME,strong_close,-0.13802397673260372
2024-08-01 01:07:00,2024-08-01 23:47:00,1,2447.52,2443.49,0.12,-49.200000000002404,426.01293914258724,TIME,season,-0.11548944991911403
2024-08-02 09:00:00,2024-08-02 17:51:00,1,2466.97,2430.3799999999997,0.24,-879.8400000000034,878.6399999999991,SL,nr7,-1.0013657470636488
2024-08-02 10:15:00,2024-08-02 17:56:00,1,2464.08,2428.839713042538,0.25,-882.7571739365526,881.5071739365534,SL,lw,-1.001418025895827
2024-08-02 01:07:00,2024-08-02 18:07:00,1,2446.71,2424.8045695638066,0.12,-263.70516523432144,423.1234434895456,SL,season,-0.6232345886096878
2024-08-02 01:05:00,2024-08-02 23:00:00,1,2447.37,2437.54,0.17,-168.2999999999988,898.5423174152845,TIME,friday,-0.18730336539310102
2024-08-02 23:05:00,2024-08-02 23:55:00,1,2437.43,2441.34,0.34,130.56000000001052,872.793260310522,TIME,fri_close,0.14958868948364695
2024-08-01 01:10:00,2024-08-02 23:57:00,1,2447.56,2441.36,0.12,-84.77759999999782,851.1858782851745,EOD,tom,-0.09959939675079361
2024-08-05 01:07:00,2024-08-05 14:10:00,1,2438.56,2402.541386023535,0.11,-396.9747537411158,412.7465024940773,SL,season,-0.9617882921898586
2024-08-06 01:07:00,2024-08-06 23:47:00,1,2411.5,2387.56,0.1,-240.10000000000053,415.95808652097435,TIME,season,-0.5772216186687686
2024-08-07 01:07:00,2024-08-07 23:47:00,1,2390.61,2383.35,0.1,-73.30000000000219,412.5467946266191,TIME,season,-0.17767681376931632
2024-08-08 15:15:00,2024-08-08 23:45:00,1,2413.39,2425.75,0.22,270.3800000000028,886.9470233086646,TIME,tday900,0.30484346065154827
2024-08-08 01:07:00,2024-08-08 23:47:00,1,2382.47,2425.54,0.11,473.0000000000018,443.4735116543323,TIME,season,1.0665800494724567
2024-08-08 10:15:00,2024-08-09 11:17:00,1,2396.32,2424.69,0.22,605.1143999999977,886.9470233086646,TIME,lw,0.6822441296918509
2024-08-08 14:15:00,2024-08-09 15:17:00,1,2410.41,2426.84,0.28,435.8256000000082,874.7199999999893,TIME,nr7,0.49824583866838934
2024-08-09 01:05:00,2024-08-09 23:00:00,1,2426.91,2429.06,0.14,29.120000000001276,857.7875888417706,TIME,friday,0.03394779824142783
2024-08-09 01:07:00,2024-08-09 23:47:00,1,2426.05,2430.54,0.1,44.199999999997814,408.7036137341765,TIME,season,0.10814682942526117
2024-08-09 23:05:00,2024-08-09 23:55:00,1,2430.23,2430.85,0.8300000000000001,45.649999999990946,890.9534339047854,TIME,fri_close,0.05123724569972249
2024-08-12 15:15:00,2024-08-12 23:45:00,1,2443.44,2471.7,0.22,620.1799999999948,866.6502394855318,TIME,tday900,0.7156058716006948
2024-08-12 18:15:00,2024-08-12 23:45:00,1,2459.19,2471.7,0.22,273.6799999999948,866.6502394855318,TIME,tday,0.3157906010185366
2024-08-12 01:07:00,2024-08-12 23:47:00,1,2428.72,2471.92,0.11,474.430000000003,433.3251197427659,TIME,season,1.0948592139814977
2024-08-12 10:15:00,2024-08-13 11:17:00,1,2438.01,2461.91,0.22,506.77439999999206,866.6502394855318,TIME,lw,0.5847507759310466
2024-08-13 01:05:00,2024-08-13 23:45:00,1,2470.5,2465.57,0.22,-109.9999999999964,882.3123652365653,TIME,strong_close,-0.12467239985977444
2024-08-13 01:07:00,2024-08-13 23:47:00,1,2470.75,2464.98,0.11,-64.23999999999981,441.1561826182826,TIME,season,-0.14561736303622086
2024-08-14 11:45:00,2024-08-14 19:24:00,1,2477.91,2439.366685882872,0.23,-888.1062246939422,886.956224693938,SL,lw,-1.0012965690616817
2024-08-14 01:07:00,2024-08-14 23:48:00,1,2466.3,2447.91,0.11,-203.0600000000036,424.1964552884051,TIME,season,-0.47869329757115964
2024-08-15 01:07:00,2024-08-15 23:47:00,1,2448.63,2456.81,0.11,89.2099999999982,426.83385133923326,TIME,season,0.20900404154940627
2024-08-16 01:05:00,2024-08-16 23:00:00,1,2456.1,2507.84,0.15,775.0500000000035,871.2053669917256,TIME,friday,0.8896295056999628
2024-08-16 15:15:00,2024-08-16 23:45:00,1,2472.86,2507.57,0.23,796.7200000000008,891.1021529248751,TIME,tday900,0.8940838010377569
2024-08-16 18:15:00,2024-08-16 23:45:00,1,2490.04,2507.57,0.23,401.58000000000465,891.1021529248751,TIME,tday,0.4506554031789665
2024-08-16 01:07:00,2024-08-16 23:47:00,1,2455.7400000000002,2507.97,0.11,573.7599999999952,426.1792905292881,TIME,season,1.3462878482138845
2024-08-16 23:05:00,2024-08-16 23:55:00,1,2509.38,2507.0,0.55,-134.750000000006,901.751429809791,TIME,fri_close,-0.14943142372219936
2024-08-16 15:00:00,2024-08-16 23:57:00,1,2472.4,2507.12,0.23,796.9499999999954,891.1021529248751,EOD,lw,0.8943419083706139
2024-08-16 16:00:00,2024-08-16 23:57:00,1,2491.85,2507.12,0.3,455.9999999999994,891.4409973095857,EOD,trendH4,0.5115313311550967
2024-08-19 01:05:00,2024-08-19 23:45:00,1,2506.13,2503.44,0.22,-60.7200000000012,884.2686824115351,TIME,strong_close,-0.06866691222673241
2024-08-19 01:07:00,2024-08-19 23:47:00,1,2503.6,2503.83,0.11,1.7600000000002,442.13434120576756,TIME,season,0.00398069056386892
2024-08-20 15:15:00,2024-08-20 23:45:00,1,2526.15,2516.41,0.23,-225.63000000000545,897.7103767566521,TIME,tday900,-0.251339413960198
2024-08-20 01:07:00,2024-08-20 23:47:00,1,2504.21,2515.92,0.11,128.0400000000004,429.3397454053553,TIME,season,0.2982253596836537
2024-08-20 10:45:00,2024-08-21 11:47:00,1,2513.35,2508.81,0.23,-124.31039999999916,897.7103767566521,TIME,lw,-0.1384749505170271
2024-08-20 16:00:00,2024-08-21 16:44:00,1,2526.9,2498.6349482455303,0.32,-932.1552561430343,905.1216561430292,SL,trendH4,-1.029867366244669
2024-08-21 01:07:00,2024-08-21 23:47:00,1,2513.66,2511.01,0.11,-29.919999999995994,425.68547787640136,TIME,season,-0.07028663545032496
2024-08-20 12:00:00,2024-08-22 16:21:00,1,2520.09,2491.3304718374,0.32,-1024.2793012031989,920.9449012031894,SL,trendH4,-1.1122047582488441
2024-08-22 01:07:00,2024-08-22 17:17:00,1,2512.53,2474.721940179265,0.12,-454.536717848823,453.9367178488222,SL,season,-1.0013217701419797
2024-08-23 01:05:00,2024-08-23 23:00:00,1,2485.5,2510.73,0.15,377.40000000000026,860.4612498260742,TIME,friday,0.4386019708339968
2024-08-23 15:15:00,2024-08-23 23:45:00,1,2500.86,2510.85,0.23,228.159999999995,880.1192775999871,TIME,tday900,0.25923758950283254
2024-08-23 18:15:00,2024-08-23 23:45:00,1,2516.18,2510.85,0.23,-124.19999999999833,880.1192775999871,TIME,tday,-0.14111723622130118
2024-08-23 01:07:00,2024-08-23 23:47:00,1,2485.14,2510.49,0.11,278.079999999999,420.92661102608076,TIME,season,0.6606377280878758
2024-08-23 23:05:00,2024-08-23 23:55:00,1,2510.33,2511.81,0.61,86.01000000000111,909.6937636213368,TIME,fri_close,0.09454830124107906
2024-08-23 17:15:00,2024-08-23 23:57:00,1,2517.28,2511.79,0.23,-127.88000000000544,880.1192775999871,EOD,lw,-0.14529848766490344
2024-08-26 01:05:00,2024-08-26 23:45:00,1,2512.18,2517.81,0.23,127.88000000000254,875.1643291999878,TIME,strong_close,0.1461211291791351
2024-08-26 15:15:00,2024-08-26 23:45:00,1,2526.7,2517.81,0.23,-206.0799999999971,875.1643291999878,TIME,tday900,-0.23547577651888602
2024-08-26 01:07:00,2024-08-26 23:47:00,1,2513.19,2517.71,0.11,48.9499999999998,418.5568530956463,TIME,season,0.11694946490056396
2024-08-26 11:45:00,2024-08-27 12:47:00,1,2525.26,2509.29,0.23,-387.2004000000059,875.1643291999878,TIME,lw,-0.44243165206922525
2024-08-27 01:07:00,2024-08-27 23:47:00,1,2517.97,2524.73,0.12,80.28000000000262,439.54122781117434,TIME,season,0.18264498281487868
2024-08-28 01:05:00,2024-08-28 23:45:00,1,2525.37,2504.35,0.25,-527.2499999999995,890.4993990394743,TIME,strong_close,-0.592083498954307
2024-08-28 01:07:00,2024-08-28 23:47:00,1,2525.43,2504.53,0.12,-251.6399999999956,427.4397115389476,TIME,season,-0.5887146028009299
2024-08-29 18:15:00,2024-08-29 23:45:00,1,2523.7200000000003,2521.77,0.25,-50.50000000000682,890.106584822369,TIME,tday,-0.05673477857720228
2024-08-29 01:07:00,2024-08-29 23:47:00,1,2506.54,2522.05,0.12,185.28000000000262,427.25116071473707,TIME,season,0.43365593130291946
2024-08-29 10:30:00,2024-08-30 11:32:00,1,2518.35,2525.99,0.25,169.3799999999968,890.106584822369,TIME,lw,0.19029181773079293
2024-08-30 01:05:00,2024-08-30 23:00:00,1,2520.92,2502.25,0.17,-318.58000000000123,888.1809510531863,TIME,friday,-0.35868817004264253
2024-08-30 01:07:00,2024-08-30 23:47:00,1,2520.88,2503.14,0.13,-231.53000000000307,453.10146524280077,TIME,season,-0.5109892987786621
2024-08-30 23:05:00,2024-08-30 23:55:00,1,2503.12,2503.4,0.59,12.390000000011803,898.5695125258362,TIME,fri_close,0.013788582660882964
2024-09-02 01:10:00,2024-09-05 06:44:00,1,2504.55,2496.02,0.13,-163.4620000000026,901.422721165202,TIME,tom,-0.18133778543845383
2024-09-05 01:05:00,2024-09-05 23:45:00,1,2495.52,2516.55,0.27,565.9200000000055,892.9073663769713,TIME,strong_close,0.6337947488284951
2024-09-05 10:30:00,2024-09-06 11:32:00,1,2506.52,2517.43,0.27,271.22039999999606,892.9073663769713,TIME,lw,0.30374976197193915
2024-09-06 01:05:00,2024-09-06 23:00:00,1,2516.47,2495.87,0.18,-372.0599999999983,885.7961259214728,TIME,friday,-0.4200289311639888
2024-09-06 23:05:00,2024-09-06 23:55:00,1,2496.12,2496.86,0.45,30.150000000010643,900.1998186935444,TIME,fri_close,0.03349256395515297
2024-09-10 01:05:00,2024-09-10 23:45:00,1,2506.86,2516.5,0.27,258.3899999999966,884.9540575547385,TIME,strong_close,0.29198125913334655
2024-09-10 02:45:00,2024-09-11 03:47:00,1,2507.8,2518.56,0.41000000000000003,405.7031999999903,904.8700000000001,TIME,inside,0.44835523334842603
2024-09-11 01:15:00,2024-09-11 09:10:00,1,2516.81,2523.03,0.45,276.7500000000115,888.804355185577,TIME,drift,0.3113733617363157
2024-09-10 16:30:00,2024-09-11 17:32:00,1,2515.1000000000004,2505.35,0.27,-286.5996000000123,884.9540575547385,TIME,lw,-0.32385816817647034
2024-09-11 01:05:00,2024-09-11 23:45:00,1,2516.83,2512.74,0.28,-116.48000000000408,888.8179813490074,TIME,strong_close,-0.13105045402346166
2024-09-12 01:15:00,2024-09-12 09:10:00,1,2513.3,2521.38,0.4,320.3999999999971,897.6479010521855,TIME,drift,0.35693282368781515
2024-09-11 10:15:00,2024-09-12 11:17:00,1,2525.54,2517.19,0.28,-302.5231999999975,888.8179813490074,TIME,lw,-0.3403657513103432
2024-09-12 18:15:00,2024-09-12 23:45:00,1,2550.6000000000004,2559.73,0.28,253.67999999999034,881.4109826812207,TIME,tday,0.2878112537562271
2024-09-13 01:05:00,2024-09-13 23:00:00,1,2558.54,2582.6,0.18,431.819999999999,883.2468747987457,TIME,friday,0.48890068260744474
2024-09-13 23:05:00,2024-09-13 23:55:00,1,2582.32,2579.26,0.74,-231.619999999996,907.7829214250547,TIME,fri_close,-0.2551491050706204
2024-09-12 20:00:00,2024-09-13 23:57:00,1,2550.91,2578.08,0.37,973.2924000000025,896.5605087238259,EOD,trendH4,1.0855847324631749
2024-09-13 04:00:00,2024-09-13 23:57:00,1,2561.81,2578.08,0.38,615.5999999999993,890.3355161265839,EOD,trendH4,0.6914247369106143
2024-09-13 08:00:00,2024-09-13 23:57:00,1,2569.03,2578.08,0.39,350.21999999998934,907.9156282234203,EOD,trendH4,0.38574068901676295
2024-09-13 16:00:00,2024-09-13 23:57:00,1,2575.9800000000005,2578.08,0.39,79.16999999997871,896.5426794716375,EOD,trendH4,0.08830589085467323
2024-09-13 16:45:00,2024-09-13 23:57:00,1,2582.9700000000003,2578.08,0.2,-99.20000000000655,654.723610962034,EOD,lw,-0.1515143158717686
2024-09-17 01:15:00,2024-09-17 09:10:00,1,2582.84,2581.26,0.45,-74.24999999999673,910.3755642684952,TIME,drift,-0.08155974623468511
2024-09-17 12:45:00,2024-09-18 13:47:00,-1,2574.27,2576.22,0.29,-48.60109999999472,905.0669942155425,TIME,lw,-0.053698897772887215
2024-09-18 14:45:00,2024-09-18 22:23:00,1,2580.13,2553.8968192433417,0.29,-762.792241943093,894.7114946287177,SL,lw,-0.852556658232755
2024-09-19 15:15:00,2024-09-19 23:45:00,1,2590.51,2586.81,0.28,-105.56000000000763,908.9551331154022,TIME,tday900,-0.11613334493002482
2024-09-19 10:45:00,2024-09-20 11:47:00,1,2580.84,2611.77,0.28,841.8255999999955,908.9551331154022,TIME,lw,0.9261464832864486
2024-09-20 01:05:00,2024-09-20 23:00:00,1,2586.63,2621.06,0.18,618.4799999999971,897.8237033762915,TIME,friday,0.6888657513431484
2024-09-20 15:15:00,2024-09-20 23:45:00,1,2615.9900000000002,2621.09,0.27,135.80999999999756,898.4537033762914,TIME,tday900,0.15115970860784295
2024-09-20 23:05:00,2024-09-20 23:55:00,1,2621.29,2621.93,0.73,41.609999999990706,913.6356636123446,TIME,fri_close,0.04554331847716249
2024-09-20 09:15:00,2024-09-20 23:57:00,1,2597.48,2622.08,0.19,466.0699999999983,877.609999999998,EOD,inside,0.5310673305910363
2024-09-20 10:15:00,2024-09-20 23:57:00,1,2608.1800000000003,2622.08,0.27,373.4099999999902,898.4537033762914,EOD,lw,0.41561406959173963
2024-09-20 12:00:00,2024-09-20 23:57:00,1,2610.0,2622.08,0.34,408.3399999999976,907.6666824322213,EOD,trendH4,0.4498788023217871
2024-09-20 16:00:00,2024-09-20 23:57:00,1,2615.79,2622.08,0.34,211.4799999999988,919.6583483106108,EOD,trendH4,0.22995496141418412
2024-09-23 01:05:00,2024-09-23 23:45:00,1,2621.2400000000002,2627.32,0.27,162.26999999999805,913.3884388494132,TIME,strong_close,0.17765716435431134
2024-09-24 01:15:00,2024-09-24 09:10:00,1,2627.79,2627.81,0.45,-2.2500000000008185,921.464886667919,TIME,drift,-0.0024417642305796096
2024-09-24 18:15:00,2024-09-24 23:45:00,1,2646.46,2659.35,0.28,358.9599999999965,921.6992374105461,TIME,tday,0.3894545915091253
2024-09-24 17:30:00,2024-09-25 18:32:00,1,2638.86,2655.32,0.28,436.66560000000106,921.6992374105461,TIME,lw,0.47376148560867276
2024-09-26 01:15:00,2024-09-26 09:10:00,1,2658.2,2660.33,0.37,76.22000000000403,895.706628698218,TIME,drift,0.085094826316937
2024-09-26 11:15:00,2024-09-27 12:17:00,1,2666.36,2660.26,0.28,-195.01439999999747,914.1676077672564,TIME,lw,-0.21332455705392636
2024-09-26 13:45:00,2024-09-27 14:47:00,1,2674.3300000000004,2668.75,0.03,-19.334400000001146,73.55999999999945,TIME,nr7,-0.26283849918435687
2024-09-23 08:00:00,2024-09-27 23:57:00,1,2629.59,2659.53,0.34,853.4408000000019,905.1851939386693,EOD,trendH4,0.9428355718971544
2024-09-24 08:00:00,2024-09-27 23:57:00,1,2638.38,2659.53,0.37,632.9220000000033,921.00726419408,EOD,trendH4,0.6872063061889492
2024-09-24 20:00:00,2024-09-27 23:57:00,1,2653.7400000000002,2659.53,0.35000000000000003,61.109999999998735,929.3882636106487,EOD,trendH4,0.0657529284505789
2024-09-30 13:30:00,2024-10-01 14:32:00,-1,2644.87,2648.49,0.29,-97.03109999999684,940.3034704204298,TIME,lw,-0.10319126011160222
2024-10-01 15:15:00,2024-10-01 23:45:00,1,2654.4800000000005,2661.07,0.28,182.55999999999136,925.7706976183159,TIME,tday900,0.1971978595451923
2024-10-02 01:15:00,2024-10-02 09:10:00,1,2662.53,2648.05,0.31,-451.0500000000006,942.8513118099327,TIME,drift,-0.4783893222083428
2024-10-03 01:15:00,2024-10-03 09:10:00,1,2659.72,2652.94,0.36,-246.59999999999084,929.4589363496531,TIME,drift,-0.2653156480139779
2024-10-03 10:30:00,2024-10-04 11:32:00,-1,2648.8399999999997,2659.8,0.28,-299.20520000001375,919.5767749872215,TIME,lw,-0.32537272377738286
2024-10-04 18:15:00,2024-10-04 23:45:00,1,2666.7700000000004,2651.86,0.29,-434.42000000000894,934.6417453320984,TIME,tday,-0.4647984130493231
2024-10-04 23:05:00,2024-10-04 23:55:00,1,2651.03,2652.65,0.54,83.6999999999941,937.5924379478365,TIME,fri_close,0.08927119781724477
2024-10-08 01:15:00,2024-10-08 09:10:00,1,2643.09,2646.4,0.33,106.9199999999982,920.9677059493408,TIME,drift,0.1160952759899265
2024-10-08 11:15:00,2024-10-09 12:17:00,-1,2632.3999999999996,2616.75,0.29,461.7988999999895,924.9335967404318,TIME,lw,0.499277895869952
2024-10-10 01:15:00,2024-10-10 09:10:00,1,2608.2400000000002,2613.66,0.37,197.94999999998586,939.1881579780397,TIME,drift,0.21076713789295282
2024-10-10 18:15:00,2024-10-10 23:45:00,1,2624.8900000000003,2629.39,0.29,128.4699999999868,930.2934073935354,TIME,tday,0.13809621671933558
2024-10-11 01:15:00,2024-10-11 09:10:00,1,2629.09,2645.07,0.34,540.9400000000006,940.6253712105286,TIME,drift,0.5750854873325851
2024-10-10 10:45:00,2024-10-11 11:47:00,1,2615.9,2640.92,0.29,700.5007999999995,930.2934073935354,TIME,lw,0.7529891047628069
2024-10-10 16:00:00,2024-10-11 17:02:00,1,2625.2300000000005,2648.04,0.47000000000000003,1031.424399999976,938.1199999999941,TIME,inside,1.0994589178356526
2024-10-11 01:05:00,2024-10-11 23:00:00,1,2628.75,2656.08,0.19,517.9399999999986,906.7100183234115,TIME,friday,0.5712300399610851
2024-10-11 18:15:00,2024-10-11 23:45:00,1,2657.23,2656.71,0.29,-17.109999999999474,923.2938782939975,TIME,tday,-0.01853147779081371
2024-10-11 23:05:00,2024-10-11 23:55:00,1,2655.9900000000002,2656.83,0.97,74.68999999997,954.3120542571755,TIME,fri_close,0.07826580379738339
2024-10-11 10:15:00,2024-10-11 23:57:00,1,2641.51,2656.15,0.29,422.52999999999633,923.2938782939975,EOD,lw,0.45763327357993516
2024-10-14 01:05:00,2024-10-14 23:45:00,1,2649.92,2648.27,0.29,-49.88000000000264,926.3643155587121,TIME,strong_close,-0.05384490654728948
2024-10-15 01:15:00,2024-10-15 09:10:00,1,2649.2,2643.91,0.39,-209.03999999999857,934.0325912360435,TIME,drift,-0.22380375370346275
2024-10-15 18:15:00,2024-10-15 23:45:00,1,2662.4,2662.24,0.3,-6.9000000000092765,940.8144903150192,TIME,tday,-0.0073340707132379555
2024-10-16 01:15:00,2024-10-16 09:10:00,1,2661.91,2670.65,0.38,329.46000000000896,950.4635185866027,TIME,drift,0.34663087383925695
2024-10-15 17:30:00,2024-10-16 18:32:00,1,2659.5000000000005,2673.41,0.3,391.355999999982,940.8144903150192,TIME,lw,0.4159757359486902
2024-10-16 01:05:00,2024-10-16 23:45:00,1,2662.44,2673.44,0.3,327.9,939.7634552925173,TIME,strong_close,0.3489175900098558
2024-10-16 15:15:00,2024-10-16 23:45:00,1,2679.97,2673.44,0.3,-197.99999999999235,939.7634552925173,TIME,tday900,-0.21069131693183527
2024-10-17 01:15:00,2024-10-17 09:10:00,1,2674.51,2681.0,0.42,269.63999999999083,942.1373633667514,TIME,drift,0.2862003042066239
2024-10-16 10:15:00,2024-10-17 11:17:00,1,2676.09,2681.9,0.3,100.66799999999836,939.7634552925173,TIME,lw,0.1071205731964367
2024-10-17 18:15:00,2024-10-17 23:45:00,1,2691.9100000000003,2691.39,0.31,-18.290000000013535,960.7361249592485,TIME,tday,-0.019037485449804794
2024-10-18 01:15:00,2024-10-18 09:10:00,1,2693.44,2711.69,0.39,709.0200000000001,945.3263326646596,TIME,drift,0.7500267108834621
2024-10-17 13:30:00,2024-10-18 14:32:00,1,2687.05,2709.68,0.31,674.7211999999894,960.7361249592485,TIME,lw,0.7022960649352172
2024-10-18 01:05:00,2024-10-18 23:00:00,1,2693.3,2719.66,0.21,552.0899999999931,958.9560211309032,TIME,friday,0.5757198326456199
2024-10-18 15:15:00,2024-10-18 23:45:00,1,2712.2,2721.31,0.31,280.24000000000393,944.4578303193015,TIME,tday900,0.29672050037984293
2024-10-18 18:15:00,2024-10-18 23:45:00,1,2718.4900000000002,2721.31,0.31,85.24999999999098,944.4578303193015,TIME,tday,0.09026342655359185
2024-10-18 23:05:00,2024-10-18 23:55:00,1,2720.38,2722.08,0.86,140.17999999998435,962.7616436793412,TIME,fri_close,0.14560197835080446
2024-10-17 20:00:00,2024-10-18 23:57:00,1,2692.45,2721.77,0.39,1109.7528000000063,939.7218412655018,EOD,trendH4,1.1809375405231912
2024-10-18 08:00:00,2024-10-18 23:57:00,1,2710.41,2721.77,0.41000000000000003,462.8900000000053,961.5926641309081,EOD,trendH4,0.4813784643608605
2024-10-18 10:15:00,2024-10-18 23:57:00,1,2709.35,2721.77,0.31,382.85000000000224,944.4578303193015,EOD,lw,0.4053648428861759
2024-10-21 16:00:00,2024-10-21 21:56:00,1,2738.82,2715.9764284004173,0.43,-985.2835787820648,983.1335787820532,SL,trendH4,-1.0021868849222657
2024-10-21 01:05:00,2024-10-21 23:45:00,1,2723.1200000000003,2718.96,0.32,-135.3600000000099,975.9610539466114,TIME,strong_close,-0.13869405900229148
2024-10-21 15:15:00,2024-10-21 23:45:00,1,2734.76,2718.96,0.32,-507.8400000000059,975.9610539466114,TIME,tday900,-0.5203486327106928
2024-10-22 01:15:00,2024-10-22 09:10:00,1,2719.69,2731.48,0.38,445.35999999999865,966.4624160081162,TIME,drift,0.4608146086420174
2024-10-21 12:15:00,2024-10-22 13:17:00,1,2734.2200000000003,2734.87,0.32,-6.8736000000116455,975.9610539466114,TIME,lw,-0.007042903989063949
2024-10-22 15:15:00,2024-10-22 23:45:00,1,2735.52,2747.97,0.32,396.15999999999417,966.6838358075676,TIME,tday900,0.4098134108853099
2024-10-22 18:15:00,2024-10-22 23:45:00,1,2744.03,2747.97,0.32,123.83999999998721,966.6838358075676,TIME,tday,0.1281080694770605
2024-10-23 01:15:00,2024-10-23 09:10:00,1,2747.6,2751.88,0.27,113.67000000000542,636.4125494946671,TIME,drift,0.17861055708323664
2024-10-22 10:15:00,2024-10-23 11:17:00,1,2734.5,2755.51,0.32,644.646400000007,966.6838358075676,TIME,lw,0.6668637419197865
2024-10-23 12:00:00,2024-10-23 16:17:00,1,2757.2200000000003,2735.383591276183,0.45,-985.7883925717824,983.5383925717832,SL,trendH4,-1.0022876585367613
2024-10-22 20:00:00,2024-10-23 17:36:00,1,2745.53,2722.455121002672,0.42,-1005.4665178877821,969.984917887777,SL,trendH4,-1.0365795378316491
2024-10-23 01:05:00,2024-10-23 17:40:00,1,2747.3,2717.12604940737,0.32,-967.8064189641684,966.2064189641694,SL,strong_close,-1.0016559608470768
2024-10-24 01:15:00,2024-10-24 09:10:00,1,2716.83,2729.37,0.35000000000000003,436.4499999999988,945.3133451149515,TIME,drift,0.461698760792302
2024-10-24 15:15:00,2024-10-24 23:45:00,1,2737.5800000000004,2735.96,0.3,-50.70000000001037,947.8314807947011,TIME,tday900,-0.05349052128707668
2024-10-25 01:15:00,2024-10-25 09:10:00,1,2735.21,2727.47,0.41000000000000003,-320.21000000000976,964.4157637407483,TIME,drift,-0.3320248507324148
2024-10-24 10:15:00,2024-10-25 11:17:00,1,2736.65,2723.94,0.3,-407.2440000000011,947.8314807947011,TIME,lw,-0.42965865583885327
2024-10-25 01:05:00,2024-10-25 23:00:00,1,2736.06,2742.5,0.2,127.40000000000109,941.0149464522227,TIME,friday,0.13538573481783633
2024-10-25 23:05:00,2024-10-25 23:55:00,1,2743.76,2746.25,0.8300000000000001,200.85999999998188,967.3406431001121,TIME,fri_close,0.2076414357575943
2024-10-21 08:00:00,2024-10-25 23:57:00,1,2730.63,2746.94,0.42,481.79039999999765,965.9393431384739,EOD,trendH4,0.498779145318372
2024-10-28 01:05:00,2024-10-28 23:45:00,1,2733.9600000000005,2741.89,0.31,243.6599999999808,971.5986271910608,TIME,strong_close,0.2507825692430359
2024-10-29 01:15:00,2024-10-29 09:10:00,1,2740.27,2750.94,0.44,466.4000000000032,954.8334319714431,TIME,drift,0.4884621593496447
2024-10-29 01:05:00,2024-10-29 23:45:00,1,2741.51,2773.68,0.31,995.0999999999881,951.6437252488427,TIME,strong_close,1.045664436803576
2024-10-29 18:15:00,2024-10-29 23:45:00,1,2767.18,2773.68,0.31,199.33,951.6437252488427,TIME,tday,0.20945863952171573
2024-10-29 04:15:00,2024-10-30 05:17:00,1,2748.67,2779.27,0.4,1189.4079999999965,954.3999999999986,TIME,inside,1.2462363788767794
2024-10-30 01:15:00,2024-10-30 09:10:00,1,2773.48,2784.51,0.07,76.72000000000142,174.9793805171317,TIME,drift,0.43845166083720366
2024-10-29 10:15:00,2024-10-30 11:17:00,1,2754.39,2782.43,0.31,842.431199999999,951.6437252488427,TIME,lw,0.8852380125552911
2024-10-30 01:05:00,2024-10-30 23:45:00,1,2773.67,2787.8,0.31,435.86000000000337,961.1027448739246,TIME,strong_close,0.4534999013629688
2024-10-31 01:15:00,2024-10-31 09:10:00,1,2787.76,2784.19,0.4,-145.6000000000066,980.7768269944313,TIME,drift,-0.14845375216112572
2024-10-30 08:00:00,2024-10-31 16:50:00,1,2780.37,2758.1570875518505,0.44,-1085.3617477185728,978.2481477185568,SL,trendH4,-1.1094953261601603
2024-10-31 01:05:00,2024-10-31 16:50:00,1,2786.54,2756.406922388569,0.32,-966.4984835657908,964.89848356579,SL,strong_close,-1.0016582055286147
2024-10-29 20:00:00,2024-10-31 17:34:00,1,2769.5800000000004,2745.9698426031214,0.41000000000000003,-1101.2336532720392,968.8364532720359,SL,trendH4,-1.136655881963215
2024-11-01 01:15:00,2024-11-01 09:10:00,1,2747.4600000000005,2756.81,0.33,306.23999999998205,953.0664599900953,TIME,drift,0.32132071881237395
2024-11-01 01:05:00,2024-11-01 23:00:00,1,2745.59,2734.07,0.2,-231.79999999999964,964.8285906041473,TIME,friday,-0.240249928595973
2024-11-01 23:05:00,2024-11-01 23:55:00,1,2734.47,2735.11,0.67,38.19000000002194,968.5658644257802,TIME,fri_close,0.039429430049822266
2024-11-01 01:10:00,2024-11-01 23:57:00,1,2747.1,2735.74,0.15,-171.45000000000192,964.4785906041473,EOD,tom,-0.1777644435763017
2024-11-04 15:15:00,2024-11-04 23:45:00,1,2744.28,2736.12,0.3,-246.90000000000927,958.8551198467082,TIME,tday900,-0.25749458379017787
2024-11-05 01:15:00,2024-11-05 09:10:00,1,2737.58,2740.67,0.42,126.84000000000611,962.8690669277614,TIME,drift,0.13173130631843447
2024-11-04 16:00:00,2024-11-05 17:02:00,1,2747.01,2742.58,0.3,-158.84400000000872,958.8551198467082,TIME,lw,-0.16566006345713943
2024-11-06 01:15:00,2024-11-06 08:28:00,1,2743.53,2719.897992679196,0.41000000000000003,-971.7823001529806,969.7323001529675,SL,drift,-1.0021139854779404
2024-11-05 11:15:00,2024-11-06 08:33:00,1,2744.8300000000004,2713.8647224809356,0.31,-986.7324030910082,960.5436030910078,SL,lw,-1.0272645613543472
2024-11-06 10:15:00,2024-11-07 11:17:00,-1,2726.1299999999997,2660.29,0.31,2070.8712999999902,947.9769171559353,TIME,lw,2.184516587400563
2024-11-07 15:15:00,2024-11-07 23:45:00,1,2677.9500000000003,2707.97,0.27,808.6499999999874,954.3703638749616,TIME,tday900,0.8473125639784996
2024-11-07 18:15:00,2024-11-07 23:45:00,1,2697.21,2707.97,0.27,288.62999999999363,954.3703638749616,TIME,tday,0.30242975989749926
2024-11-07 17:30:00,2024-11-08 18:32:00,1,2699.09,2688.68,0.27,-304.41960000000836,954.3703638749616,TIME,lw,-0.31897428034541564
2024-11-08 01:05:00,2024-11-08 23:00:00,1,2704.43,2685.08,0.17,-330.13999999999845,958.626946096693,TIME,friday,-0.3443883998298317
2024-11-08 23:05:00,2024-11-08 23:55:00,1,2685.44,2684.5,0.79,-79.79000000000431,972.5000167174508,TIME,fri_close,-0.08204627108318747
2024-11-11 10:15:00,2024-11-12 11:17:00,-1,2670.95,2595.75,0.26,1962.3265999999953,964.1266324388856,TIME,lw,2.035341140858262
2024-11-13 16:15:00,2024-11-13 22:04:00,1,2615.84,2576.1975351487104,0.24,-953.0991564309548,951.8991564309507,SL,lw,-1.001260637738669
2024-11-14 11:30:00,2024-11-15 12:32:00,-1,2552.14,2567.74,0.24,-367.82159999999783,963.0720738287403,TIME,lw,-0.3819253096372165
2024-11-15 23:05:00,2024-11-15 23:55:00,1,2562.26,2561.63,0.73,-51.10000000000796,972.1134505815999,TIME,fri_close,-0.052565881039333066
2024-11-18 10:15:00,2024-11-19 11:17:00,1,2586.18,2627.36,0.25,1007.8800000000073,977.8510867190535,TIME,lw,1.0307090861674129
2024-11-19 01:05:00,2024-11-19 23:45:00,1,2610.77,2632.28,0.24,514.5600000000053,963.1586830181285,TIME,strong_close,0.5342421857087907
2024-11-19 12:15:00,2024-11-20 13:17:00,1,2634.44,2622.2,0.24,-314.5152000000057,963.1586830181285,TIME,lw,-0.3265455688095436
2024-11-20 16:45:00,2024-11-21 17:47:00,1,2645.82,2668.09,0.25,495.38999999999953,983.5017023240827,TIME,lw,0.503700195769218
2024-11-21 01:05:00,2024-11-21 23:45:00,1,2650.04,2670.11,0.25,500.0000000000041,978.6444378723621,TIME,strong_close,0.5109107870546296
2024-11-21 18:15:00,2024-11-21 23:45:00,1,2668.77,2670.11,0.25,31.750000000003638,978.6444378723621,TIME,tday,0.03244283497797243
2024-11-21 10:30:00,2024-11-22 11:32:00,1,2666.9900000000002,2696.41,0.25,713.8799999999904,978.6444378723621,TIME,lw,0.7294579853251022
2024-11-22 01:05:00,2024-11-22 23:00:00,1,2669.85,2705.81,0.17,610.1300000000006,971.3832318705374,TIME,friday,0.628104315559481
2024-11-22 18:15:00,2024-11-22 23:45:00,1,2706.55,2711.92,0.26,137.79999999999717,991.0366285738812,TIME,tday,0.13904632384606586
2024-11-22 23:05:00,2024-11-22 23:55:00,1,2706.7400000000002,2714.46,0.77,589.0499999999846,996.3775400792939,TIME,fri_close,0.5911915677596533
2024-11-22 10:15:00,2024-11-22 23:57:00,1,2697.38,2715.31,0.26,464.3599999999958,991.0366285738812,EOD,lw,0.4685598762058047
2024-11-25 01:05:00,2024-11-25 05:28:00,1,2711.36,2672.5965489795044,0.25,-970.8362755123931,969.5862755123942,SL,strong_close,-1.0012892096676371
2024-11-25 10:15:00,2024-11-26 11:17:00,-1,2669.93,2623.23,0.25,1174.3524999999954,969.5862755123942,TIME,lw,1.2111892769721695
2024-11-27 10:30:00,2024-11-28 11:32:00,1,2647.76,2645.35,0.23,-111.88120000000711,991.0738985544234,TIME,lw,-0.11288885739317381
2024-11-28 12:45:00,2024-11-29 16:15:00,1,2648.95,2659.4,0.23,220.45960000000628,971.5564772291074,TIME,lw,0.22691382865230864
2024-11-29 01:05:00,2024-11-29 21:45:00,1,2639.13,2650.3,0.16,177.60000000000116,990.2467729673343,EOD,friday,0.17934923379534176
2024-11-29 10:15:00,2024-11-29 21:45:00,1,2656.89,2650.3,0.24,-159.83999999999259,990.8067729673344,EOD,lw,-0.1613230796972583
2024-12-03 16:00:00,2024-12-04 17:02:00,1,2653.07,2649.38,0.25,-113.87000000000137,998.8827839683224,TIME,lw,-0.11399735967780232
2024-12-02 01:10:00,2024-12-05 03:16:00,1,2648.75,2650.32,0.12,-29.687999999998038,974.5834320410959,TIME,tom,-0.030462245739004277
2024-12-05 17:15:00,2024-12-06 18:17:00,-1,2636.29,2637.22,0.26,-17.053399999995744,979.0893781136346,TIME,lw,-0.017417613122156148
2024-12-06 23:05:00,2024-12-06 23:55:00,1,2632.63,2633.1,0.79,31.599999999984192,999.8136492099738,TIME,fri_close,0.03160588978251464
2024-12-09 12:15:00,2024-12-10 13:17:00,1,2656.69,2671.67,0.27,381.11040000000054,995.9695196884841,TIME,lw,0.3826526740689845
2024-12-10 18:15:00,2024-12-10 23:45:00,1,2689.6200000000003,2693.0,0.26,86.05999999999102,981.5944911500202,TIME,tday,0.0876736786686369
2024-12-10 16:15:00,2024-12-11 17:17:00,1,2682.5000000000005,2710.77,0.26,712.5351999999876,981.5944911500202,TIME,lw,0.7258956793504342
2024-12-11 01:05:00,2024-12-11 23:45:00,1,2695.26,2718.08,0.26,591.4999999999924,981.4391703535899,TIME,strong_close,0.6026863588365732
2024-12-11 18:15:00,2024-12-11 23:45:00,1,2716.22,2718.08,0.26,46.54000000000331,981.4391703535899,TIME,tday,0.047420157464507985
2024-12-12 01:05:00,2024-12-12 17:42:00,1,2717.85,2679.4893153445146,0.26,-999.1978010426186,997.8978010426192,SL,strong_close,-1.0013027386157591
2024-12-11 17:15:00,2024-12-12 18:17:00,1,2712.68,2681.7,0.26,-869.2944000000007,981.4391703535899,TIME,lw,-0.8857343646543208
2024-12-13 01:05:00,2024-12-13 23:00:00,1,2680.69,2647.83,0.17,-559.8100000000022,1001.2251402352426,TIME,friday,-0.5591249934739675
2024-12-13 23:05:00,2024-12-13 23:55:00,1,2648.1400000000003,2648.61,0.81,32.39999999998379,1000.7976683817764,TIME,fri_close,0.03237417614328823
2024-12-16 15:15:00,2024-12-16 23:45:00,1,2663.14,2652.67,0.25,-263.499999999995,995.3425646399262,TIME,tday900,-0.2647329767267799
2024-12-17 11:00:00,2024-12-18 12:02:00,-1,2644.1099999999997,2646.74,0.26,-61.25340000000283,1000.0679624236999,TIME,lw,-0.06124923735338252
2024-12-18 18:45:00,2024-12-19 19:47:00,-1,2634.58,2592.3799999999997,0.26,1122.2198000000071,976.2702508220071,TIME,lw,1.1494970773257838
2024-12-20 01:05:00,2024-12-20 23:00:00,1,2594.4,2622.71,0.16,451.8399999999991,959.0930567766985,TIME,friday,0.4711117412511924
2024-12-20 23:05:00,2024-12-20 23:55:00,1,2623.26,2622.59,0.87,-64.38000000000632,1003.3821398455909,TIME,fri_close,-0.06416299178886488
2024-12-20 16:15:00,2024-12-20 23:57:00,1,2614.2900000000004,2623.23,0.25,221.74999999999,999.638600809061,EOD,lw,0.22183016924368051
2024-12-26 10:15:00,2024-12-27 11:17:00,1,2628.39,2625.88,0.27,-91.11959999999362,1001.7851153264246,TIME,lw,-0.09095723085314852
2024-12-27 01:05:00,2024-12-27 23:00:00,1,2633.47,2615.39,0.18,-326.6999999999987,976.1161785173946,TIME,friday,-0.3346937661623614
2024-12-27 23:05:00,2024-12-27 23:55:00,1,2615.89,2621.09,0.9,461.70000000002454,1006.5258230626863,TIME,fri_close,0.45870656213782
2024-12-30 18:15:00,2024-12-30 23:45:00,-1,2600.2799999999997,2607.47,0.28,-203.28000000000154,993.7903941278616,TIME,tday,-0.20455017597387584
2024-12-30 16:00:00,2024-12-31 17:02:00,-1,2606.5499999999997,2613.0099999999998,0.28,-173.20520000000104,993.7903941278616,TIME,lw,-0.1742874564127819
2024-12-31 17:15:00,2025-01-02 18:17:00,1,2618.11,2654.29,0.28,988.8255999999955,986.6653659758717,TIME,lw,1.002189429262055
2025-01-02 01:05:00,2025-01-02 23:45:00,1,2625.45,2657.85,0.29,937.5700000000026,1000.5303137063864,TIME,strong_close,0.9370730573138236
2025-01-02 01:07:00,2025-01-02 23:47:00,1,2625.5099999999998,2658.25,0.14,457.38000000000335,483.01463420308323,TIME,season,0.9469278311921667
2025-01-02 10:15:00,2025-01-03 11:17:00,1,2635.29,2654.39,0.29,528.8207999999973,1000.5303137063864,TIME,lw,0.5285405077243707
2025-01-03 01:05:00,2025-01-03 23:00:00,1,2658.04,2638.29,0.19,-376.58,991.4273059808287,TIME,friday,-0.3798362196887907
2025-01-03 01:07:00,2025-01-03 23:47:00,1,2658.11,2640.56,0.14,-246.68000000000254,487.34358890286325,TIME,season,-0.5061726585043278
2025-01-03 23:05:00,2025-01-03 23:55:00,1,2638.68,2639.57,1.09,89.38000000003571,1018.3719872997154,TIME,fri_close,0.08776753594433899
2025-01-02 01:10:00,2025-01-03 23:57:00,1,2625.49,2639.82,0.14,188.51280000000537,965.0492684061664,EOD,tom,0.1953400786587248
2025-01-06 01:07:00,2025-01-06 23:47:00,1,2640.68,2636.25,0.14,-62.999999999997705,481.21333255265887,TIME,season,-0.13091906590743443
2025-01-07 01:07:00,2025-01-07 23:47:00,1,2636.18,2649.49,0.14,185.35999999999927,481.76095165604033,TIME,season,0.3847551350162965
2025-01-07 15:00:00,2025-01-08 16:02:00,1,2651.8500000000004,2661.78,0.29,262.89079999999524,997.9333998589406,TIME,lw,0.2634352152529971
2025-01-08 01:07:00,2025-01-08 23:47:00,1,2649.05,2662.37,0.14,185.49999999999594,478.75945510918,TIME,season,0.387459710759536
2025-01-09 01:15:00,2025-01-09 09:10:00,1,2662.43,2665.37,0.39,111.93000000000214,1010.2900780184063,TIME,drift,0.11078996264077226
2025-01-08 16:15:00,2025-01-09 17:17:00,1,2662.48,2673.59,0.29,251.01240000000365,991.7160141547299,TIME,lw,0.2531091526377632
2025-01-09 01:07:00,2025-01-09 23:47:00,1,2662.8,2670.15,0.15,109.19999999999862,502.84537625658214,TIME,season,0.21716417243991556
2025-01-10 01:15:00,2025-01-10 09:10:00,1,2670.77,2677.62,0.49,332.21999999999554,1018.7782691932217,TIME,drift,0.3260964726535472
2025-01-09 14:15:00,2025-01-10 15:17:00,1,2671.81,2679.48,0.3,204.1560000000022,1005.6907525131643,TIME,lw,0.20300077284177856
2025-01-10 01:05:00,2025-01-10 23:00:00,1,2670.64,2690.64,0.2,398.6,981.8628416193677,TIME,friday,0.4059630155089652
2025-01-10 18:15:00,2025-01-10 23:45:00,1,2691.55,2689.64,0.31,-61.38000000000959,1015.3149363400132,TIME,tday,-0.06045414856327336
2025-01-10 01:07:00,2025-01-10 23:47:00,1,2670.4,2689.48,0.15,285.1499999999989,491.28142080968377,TIME,season,0.58042089100386
2025-01-10 23:05:00,2025-01-10 23:55:00,1,2692.62,2689.08,0.68,-245.47999999999755,1018.6174484655799,TIME,fri_close,-0.24099331929742865
2025-01-10 09:00:00,2025-01-10 23:57:00,1,2678.4700000000003,2688.94,0.45,467.9999999999911,1026.4500000000107,EOD,nr7,0.455940377027606
2025-01-10 11:00:00,2025-01-10 23:57:00,1,2680.26,2688.94,0.31,266.9099999999949,1015.3149363400132,EOD,lw,0.2628839490554002
2025-01-13 01:07:00,2025-01-13 23:47:00,1,2688.8,2662.9,0.15,-389.5500000000014,492.5220336089923,TIME,season,-0.790929082188556
2025-01-14 01:15:00,2025-01-14 09:10:00,1,2665.6,2669.34,0.4,146.80000000000945,1015.2014038448013,TIME,drift,0.14460184889820293
2025-01-14 01:07:00,2025-01-14 23:47:00,1,2665.11,2676.55,0.15,170.5500000000008,496.71688835120693,TIME,season,0.34335454259693365
2025-01-15 01:15:00,2025-01-15 09:10:00,1,2676.71,2681.44,0.47000000000000003,219.02000000000086,1031.1017668788463,TIME,drift,0.212413562885239
2025-01-15 01:05:00,2025-01-15 23:45:00,1,2677.04,2694.95,0.32,570.8799999999953,1025.8925026385814,TIME,strong_close,0.556471558698109
2025-01-15 01:07:00,2025-01-15 23:47:00,1,2677.21,2695.26,0.16,287.6800000000029,512.9462513192907,TIME,season,0.5608384879704139
2025-01-15 08:00:00,2025-01-16 09:03:00,1,2679.53,2694.43,0.53,659.6167999999807,1032.4399999999923,TIME,inside,0.6388911704311976
2025-01-16 01:15:00,2025-01-16 09:10:00,1,2695.93,2696.36,0.45,16.200000000013098,1019.4454738250931,TIME,drift,0.01589099212852314
2025-01-15 11:30:00,2025-01-16 12:33:00,1,2685.79,2706.51,0.32,584.4992000000082,1025.8925026385814,TIME,lw,0.5697470236858971
2025-01-16 01:05:00,2025-01-16 23:45:00,1,2697.41,2713.78,0.32,521.600000000011,1016.8887524501118,TIME,strong_close,0.5129371317592585
2025-01-16 18:15:00,2025-01-16 23:45:00,1,2718.8300000000004,2713.78,0.32,-163.84000000000583,1016.8887524501118,TIME,tday,-0.16111890273665286
2025-01-16 01:07:00,2025-01-16 23:47:00,1,2695.8,2713.63,0.16,284.15999999999883,508.4443762250559,TIME,season,0.5588811938677424
2025-01-17 01:15:00,2025-01-17 09:10:00,1,2714.43,2714.23,0.46,-12.419999999991633,1044.2149037577135,TIME,drift,-0.011894103364448258
2025-01-16 12:15:00,2025-01-17 13:17:00,1,2708.3900000000003,2706.32,0.32,-93.91360000000523,1016.8887524501118,TIME,lw,-0.09235385854522232
2025-01-17 01:05:00,2025-01-17 23:00:00,1,2714.36,2701.09,0.21,-280.13999999999965,1007.3123752864295,TIME,friday,-0.2781063817669685
2025-01-17 01:07:00,2025-01-17 23:47:00,1,2714.39,2702.13,0.16,-197.27999999999622,512.0240636375515,TIME,season,-0.38529439143634775
2025-01-17 23:05:00,2025-01-17 23:55:00,1,2700.77,2702.6,0.9500000000000001,167.1999999999931,1038.682661154348,TIME,fri_close,0.16097313092159843
2025-01-20 01:07:00,2025-01-21 03:17:00,1,2702.77,2710.48,0.16,109.52320000000057,496.25091623486895,TIME,season,0.22070125498401033
2025-01-21 01:15:00,2025-01-21 09:10:00,1,2707.11,2724.13,0.44,745.7999999999992,1042.780083820066,TIME,drift,0.7152035329135501
2025-01-21 15:15:00,2025-01-21 23:45:00,1,2728.18,2744.07,0.34,537.8800000000111,1038.6122543563038,TIME,tday900,0.5178833561263637
2025-01-21 18:15:00,2025-01-21 23:45:00,1,2740.54,2744.07,0.34,117.64000000000681,1038.6122543563038,TIME,tday,0.11326652415912042
2025-01-21 01:07:00,2025-01-21 23:47:00,1,2708.53,2744.03,0.17,602.31,519.3061271781519,TIME,season,1.1598361129934693
2025-01-22 01:15:00,2025-01-22 09:10:00,1,2743.3300000000004,2749.87,0.01,6.469999999999509,24.769587207769302,TIME,drift,0.2612074212512556
2025-01-21 10:15:00,2025-01-22 11:17:00,1,2726.84,2757.32,0.34,1006.9168000000005,1038.6122543563038,TIME,lw,0.969482880426876
2025-01-22 01:05:00,2025-01-22 23:45:00,1,2743.84,2756.01,0.33,399.3000000000024,1038.0302040312067,TIME,strong_close,0.38467088765752144
2025-01-22 15:15:00,2025-01-22 23:45:00,1,2759.91,2756.01,0.33,-131.009999999988,1038.0302040312067,TIME,tday900,-0.12621020033059596
2025-01-22 01:07:00,2025-01-22 23:47:00,1,2744.77,2755.83,0.16,175.83999999999912,503.28737165149414,TIME,season,0.349382897136869
2025-01-23 01:15:00,2025-01-23 09:10:00,1,2755.33,2753.72,0.48,-80.64000000000611,1058.6704807819892,TIME,drift,-0.07617101020937242
2025-01-23 01:07:00,2025-01-23 23:47:00,1,2755.87,2753.66,0.17,-38.760000000000616,522.67834435259,TIME,season,-0.07415650642272215
2025-01-24 01:15:00,2025-01-24 09:10:00,1,2754.45,2773.23,0.39,729.6900000000078,887.48837848129,TIME,drift,0.8221966818863432
2025-01-24 01:05:00,2025-01-24 23:00:00,1,2754.15,2771.02,0.23,386.39999999999753,1040.984611101415,TIME,friday,0.3711870433811375
2025-01-24 15:15:00,2025-01-24 23:45:00,1,2782.21,2771.42,0.18,-195.47999999999934,543.5424057920426,TIME,tday900,-0.35964075280409546
2025-01-24 01:07:00,2025-01-24 23:47:00,1,2754.34,2771.21,0.17,285.59999999999815,513.3456054702625,TIME,season,0.5563503358295382
2025-01-24 23:05:00,2025-01-24 23:55:00,1,2771.97,2771.64,1.02,-40.79999999999258,1065.350298256304,TIME,fri_close,-0.03829726247486048
2025-01-21 08:00:00,2025-01-24 23:57:00,1,2726.38,2771.54,0.45,1850.2199999999934,1026.4947109954085,EOD,trendH4,1.8024642311169876
2025-01-21 20:00:00,2025-01-24 23:57:00,1,2740.3700000000003,2771.54,0.43,1166.4179999999835,1042.0906753523668,EOD,trendH4,1.1193056684876077
2025-01-24 10:15:00,2025-01-24 23:57:00,1,2771.73,2771.54,0.35000000000000003,-9.10000000000191,1056.888011262305,EOD,lw,-0.008610183768792334
2025-01-27 01:07:00,2025-01-27 18:12:00,1,2769.01,2738.67868541549,0.17,-516.8223479366775,515.9723479366722,SL,season,-1.0016473751033448
2025-01-28 01:15:00,2025-01-28 09:10:00,1,2740.86,2740.84,0.38,-3.419999999999309,1065.4241868673046,TIME,drift,-0.003209989074919753
2025-01-28 18:15:00,2025-01-28 23:45:00,1,2757.5200000000004,2763.62,0.34,205.01999999998148,1060.5986461681066,TIME,tday,0.19330592278305198
2025-01-28 01:07:00,2025-01-28 23:47:00,1,2741.88,2763.59,0.17,367.8800000000006,530.2993230840533,TIME,season,0.6937214210656102
2025-01-29 01:15:00,2025-01-29 09:10:00,1,2764.2400000000002,2759.59,0.58,-273.7600000000053,1069.2678572577806,TIME,drift,-0.25602565170347846
2025-01-29 01:05:00,2025-01-29 23:45:00,1,2763.4,2757.03,0.34,-218.9599999999963,1058.3301714418133,TIME,strong_close,-0.20689195669598717
2025-01-29 01:07:00,2025-01-29 23:47:00,1,2764.13,2756.6,0.17,-129.20000000000343,529.1650857209066,TIME,season,-0.2441582097654613
2025-01-29 03:15:00,2025-01-30 04:17:00,1,2765.4,2760.05,0.35000000000000003,-273.1539999999968,1065.7500000000039,TIME,inside,-0.25630213464695834
2025-01-30 01:15:00,2025-01-30 09:10:00,1,2760.15,2765.82,0.49,274.40000000000356,1073.418248062315,TIME,drift,0.25563195007662465
2025-01-30 18:15:00,2025-01-30 23:45:00,1,2794.0800000000004,2792.89,0.35000000000000003,-44.10000000001783,1065.0391344664392,TIME,tday,-0.041406929166138993
2025-01-30 01:07:00,2025-01-30 23:47:00,1,2758.84,2792.88,0.17,577.4899999999993,517.3047224551276,TIME,season,1.1163439553755328
2025-01-31 01:15:00,2025-01-31 09:10:00,1,2795.65,2794.11,0.01,-1.6099999999999637,24.03913670231761,TIME,drift,-0.06697411891021626
2025-01-30 09:15:00,2025-01-31 10:17:00,1,2766.66,2796.77,0.5,1462.2600000000064,1081.9999999999854,TIME,nr7,1.3514417744917062
2025-01-30 10:15:00,2025-01-31 11:17:00,1,2771.18,2794.45,0.35000000000000003,784.1819999999993,1065.0391344664392,TIME,lw,0.7362940709149218
2025-01-31 01:05:00,2025-01-31 23:00:00,1,2794.6600000000003,2800.74,0.23,138.22999999998785,1073.3918404248939,TIME,friday,0.12877869459606714
2025-01-31 15:15:00,2025-01-31 23:45:00,1,2804.9600000000005,2799.57,0.35000000000000003,-191.10000000001148,1089.7649105759795,TIME,tday900,-0.17535892204402906
2025-01-31 01:07:00,2025-01-31 23:47:00,1,2795.2200000000003,2800.23,0.06,29.63999999999858,186.81684181302504,TIME,season,0.15865807232553297
2025-01-31 23:05:00,2025-01-31 23:55:00,1,2801.84,2800.09,0.64,-116.48000000000002,1095.3883106232195,TIME,fri_close,-0.10633671992877933
2025-01-30 20:00:00,2025-01-31 23:57:00,1,2795.82,2798.77,0.48,100.08959999999126,1071.9509196471129,EOD,trendH4,0.09337143908877922
2025-01-31 16:00:00,2025-01-31 23:57:00,1,2806.6400000000003,2798.77,0.5,-397.0000000000173,1087.618639592218,EOD,trendH4,-0.3650176500734347
2025-01-31 17:00:00,2025-01-31 23:57:00,1,2812.61,2798.77,0.35000000000000003,-486.8500000000052,1089.7649105759795,EOD,lw,-0.4467477299692901
2025-02-03 18:15:00,2025-02-03 23:45:00,1,2819.78,2813.22,0.35000000000000003,-232.050000000014,1077.2245598205527,TIME,tday,-0.21541469499977756
2025-02-04 01:15:00,2025-02-04 09:10:00,1,2813.35,2812.93,0.33,-16.1700000000024,1068.851224386836,TIME,drift,-0.015128391707909195
2025-02-03 16:15:00,2025-02-04 17:17:00,1,2814.5800000000004,2843.48,0.35000000000000003,981.2319999999874,1077.2245598205527,TIME,lw,0.9108889980780274
2025-02-04 18:15:00,2025-02-04 23:45:00,1,2837.8300000000004,2842.14,0.33,139.9199999999832,1081.0375227816678,TIME,tday,0.12943121496832835
2025-02-05 01:15:00,2025-02-05 09:10:00,1,2841.46,2855.14,0.39,530.7899999999936,1076.926366942764,TIME,drift,0.4928749228295232
2025-02-05 01:05:00,2025-02-05 23:45:00,1,2841.52,2864.72,0.33,763.289999999994,1094.0284140115482,TIME,strong_close,0.697687546524671
2025-02-03 01:10:00,2025-02-06 03:16:00,1,2802.3,2865.8,0.17,1010.752,1045.256715254251,TIME,tom,0.9669892431680212
2025-02-05 10:15:00,2025-02-06 11:17:00,1,2865.2200000000003,2858.92,0.33,-288.895200000006,1094.0284140115482,TIME,lw,-0.2640655364157265
2025-02-07 01:15:00,2025-02-07 09:10:00,1,2856.5,2862.46,0.38,223.8200000000014,1085.9905137925027,TIME,drift,0.20609756453431238
2025-02-07 01:05:00,2025-02-07 23:00:00,1,2856.19,2860.68,0.21,92.81999999999542,1076.9075745192458,TIME,friday,0.0861912407306005
2025-02-07 23:05:00,2025-02-07 23:55:00,1,2861.29,2861.88,0.7000000000000001,36.40000000001019,1100.6815838457128,TIME,fri_close,0.03307041794306293
2025-02-04 16:00:00,2025-02-07 23:57:00,1,2831.82,2861.36,0.4,1019.8399999999986,1074.533651021778,EOD,trendH4,0.9491001040593088
2025-02-04 20:00:00,2025-02-07 23:57:00,1,2844.19,2861.36,0.4,525.0400000000029,1086.4669684706876,EOD,trendH4,0.4832544524929736
2025-02-05 08:00:00,2025-02-07 23:57:00,1,2859.42,2861.36,0.05,-6.545999999999728,130.96240838656954,EOD,trendH4,-0.049983808946743785
2025-02-07 16:30:00,2025-02-07 23:57:00,1,2873.63,2861.36,0.32,-394.8799999999994,1094.7480122100274,EOD,lw,-0.3607040118783442
2025-02-10 15:15:00,2025-02-10 23:45:00,1,2905.17,2907.85,0.32,83.51999999999477,1094.9745827664535,TIME,tday900,0.07627574312180058
2025-02-10 18:15:00,2025-02-10 23:45:00,1,2908.41,2907.85,0.32,-20.159999999998256,1094.9745827664535,TIME,tday,-0.01841138627077901
2025-02-11 01:15:00,2025-02-11 09:10:00,1,2911.38,2915.66,0.38,159.97999999999033,1097.5878211457505,TIME,drift,0.14575599047098603
2025-02-10 10:15:00,2025-02-11 11:17:00,1,2894.3700000000003,2909.72,0.32,463.5263999999826,1094.9745827664535,TIME,lw,0.4233216069992082
2025-02-11 04:00:00,2025-02-11 11:59:00,1,2934.06,2903.5910267056797,0.36,-1099.403038595528,1097.6030385955157,SL,trendH4,-1.0016399371509717
2025-02-11 01:05:00,2025-02-11 14:56:00,1,2912.0600000000004,2888.962133116192,0.31,-718.2038733980593,1110.2725822653595,SL,strong_close,-0.646871664553458
2025-02-10 12:00:00,2025-02-12 15:30:00,1,2903.25,2873.1933781425005,0.37,-1173.5002087274822,1112.83500872748,SL,trendH4,-1.0545141009441934
2025-02-13 01:05:00,2025-02-13 23:45:00,1,2904.93,2929.21,0.28,677.8800000000057,1067.8194765108105,TIME,strong_close,0.6348264055035175
2025-02-13 18:15:00,2025-02-13 23:45:00,1,2920.16,2929.21,0.28,251.4400000000051,1067.8194765108105,TIME,tday,0.23547051306987427
2025-02-14 01:30:00,2025-02-14 17:27:00,1,2931.08,2900.6,0.36,-1099.8000000000006,1097.999999999994,SL,nr7,-1.001639344262301
2025-02-14 01:05:00,2025-02-14 23:00:00,1,2928.37,2885.31,0.19,-819.469999999999,1067.7864184878956,TIME,friday,-0.7674474837022742
2025-02-14 23:05:00,2025-02-14 23:55:00,1,2884.44,2882.75,0.5700000000000001,-100.32000000000312,1080.9119170408853,TIME,fri_close,-0.09281052268776914
2025-02-17 18:15:00,2025-02-18 03:30:00,1,2901.0,2895.11,0.27,-182.37959999999654,1061.4737666397282,TIME,tday,-0.1718173408819603
2025-02-18 15:15:00,2025-02-18 23:45:00,1,2914.78,2935.37,0.28,574.5599999999913,1077.3399234308492,TIME,tday900,0.5333135693795444
2025-02-18 18:15:00,2025-02-18 23:45:00,1,2928.42,2935.37,0.28,192.63999999999493,1077.3399234308492,TIME,tday,0.1788107873943092
2025-02-18 05:15:00,2025-02-19 06:17:00,1,2909.05,2928.16,0.36,656.8271999999882,1081.8000000000006,TIME,inside,0.6071613976705379
2025-02-18 10:15:00,2025-02-19 11:17:00,1,2911.69,2942.81,0.28,847.1455999999971,1077.3399234308492,TIME,lw,0.786330833542504
2025-02-19 01:05:00,2025-02-19 23:45:00,1,2935.52,2932.85,0.28,-76.72000000000205,1090.3470717572168,TIME,strong_close,-0.07036291653111806
2025-02-20 12:00:00,2025-02-21 10:17:00,1,2951.68,2923.051586470033,0.38,-1120.7421141387467,1088.639714138734,SL,trendH4,-1.0294885438984835
2025-02-19 12:00:00,2025-02-21 10:22:00,1,2945.7,2917.0428529531014,0.38,-1212.441187782141,1089.7315877821266,SL,trendH4,-1.1126053437156564
2025-02-20 10:15:00,2025-02-21 11:17:00,1,2954.47,2924.77,0.28,-855.814399999995,1069.485138060273,TIME,lw,-0.8002115873738901
2025-02-21 01:05:00,2025-02-21 23:00:00,1,2939.82,2934.69,0.19,-98.80000000000207,1072.902866457477,TIME,friday,-0.09208662134180053
2025-02-21 23:05:00,2025-02-21 23:55:00,1,2934.6,2935.88,0.78,94.38000000001561,1091.2798694273727,TIME,fri_close,0.08648560524582904
2025-02-25 01:15:00,2025-02-25 09:10:00,1,2950.3,2937.95,0.37,-459.54000000001344,1086.5881489391672,TIME,drift,-0.42292012889028924
2025-02-24 15:15:00,2025-02-25 16:17:00,1,2950.69,2940.06,0.29,-333.3492000000031,1082.9172196853865,TIME,lw,-0.30782519101215244
2025-02-25 01:05:00,2025-02-25 17:24:00,1,2953.09,2915.9445964140145,0.29,-1079.2467039935825,1077.7967039935727,SL,strong_close,-1.0013453372000833
2025-02-27 10:15:00,2025-02-28 11:17:00,-1,2885.2599999999998,2861.28,0.27,654.8606999999882,1058.5423294022999,TIME,lw,0.6186438480639237
2025-02-28 10:30:00,2025-02-28 23:57:00,-1,2855.35,2859.21,0.26,-102.1800000000033,1045.1601252327441,EOD,lw,-0.09776492379791957
2025-03-03 15:15:00,2025-03-03 23:45:00,1,2875.03,2894.08,0.26,493.4799999999929,1068.061544858977,TIME,tday900,0.4620332998368088
2025-03-03 18:15:00,2025-03-03 23:45:00,1,2887.63,2894.08,0.26,165.87999999999528,1068.061544858977,TIME,tday,0.15530940215799782
2025-03-04 01:05:00,2025-03-04 23:45:00,1,2892.97,2916.24,0.26,603.1999999999995,1065.5185773690496,TIME,strong_close,0.5661093225510953
2025-03-04 15:15:00,2025-03-04 23:45:00,1,2926.7200000000003,2916.24,0.26,-274.3000000000123,1065.5185773690496,TIME,tday900,-0.2574333341773417
2025-03-04 10:30:00,2025-03-05 11:32:00,1,2914.13,2914.86,0.26,-3.5047999999995305,1065.5185773690496,TIME,lw,-0.0032892903741326505
2025-03-03 01:10:00,2025-03-06 03:16:00,1,2874.03,2918.57,0.13,526.4479999999995,1067.1515448589769,TIME,tom,0.49332074955630517
2025-03-06 10:45:00,2025-03-07 11:47:00,-1,2904.43,2922.14,0.26,-453.33340000000095,1064.2026508947417,TIME,lw,-0.4259840920513167
2025-03-07 23:05:00,2025-03-07 23:55:00,1,2909.56,2912.2,0.63,161.90999999999198,1081.3765880608062,TIME,fri_close,0.14972582335108564
2025-03-07 17:00:00,2025-03-07 23:57:00,1,2926.9600000000005,2912.06,0.26,-389.22000000001424,1053.8938901165466,EOD,lw,-0.36931611773266065
2025-03-10 14:45:00,2025-03-11 15:47:00,-1,2897.39,2915.5299999999997,0.27,-482.37929999999653,1081.0162511838123,TIME,lw,-0.4462276117234563
2025-03-11 18:15:00,2025-03-11 23:45:00,1,2919.67,2916.64,0.27,-83.70000000000542,1077.2215189563974,TIME,tday,-0.07769989600754841
2025-03-12 01:05:00,2025-03-12 23:45:00,1,2915.52,2933.45,0.27,482.21999999999565,1081.1228390309402,TIME,strong_close,0.4460362713567604
2025-03-12 18:15:00,2025-03-12 23:45:00,1,2928.1600000000003,2933.45,0.27,140.93999999998678,1081.1228390309402,TIME,tday,0.13036446452867256
2025-03-12 19:15:00,2025-03-13 20:17:00,1,2933.9,2978.47,0.27,1137.1211999999923,1081.1228390309402,TIME,lw,1.051796483200046
2025-03-13 18:15:00,2025-03-13 23:45:00,1,2972.8500000000004,2986.53,0.27,367.4699999999956,1070.474064814444,TIME,tday,0.3432778168835812
2025-03-13 12:45:00,2025-03-14 13:47:00,1,2948.1200000000003,2989.45,0.27,1092.5603999999857,1070.474064814444,TIME,lw,1.020632293589822
2025-03-14 01:05:00,2025-03-14 23:00:00,1,2984.48,2983.93,0.17,-10.540000000003094,1040.6126917618742,TIME,friday,-0.010128648327513371
2025-03-14 23:05:00,2025-03-14 23:55:00,1,2982.86,2988.12,0.8200000000000001,425.57999999998066,1089.3876055243952,TIME,fri_close,0.3906598513163003
2025-03-13 20:00:00,2025-03-14 23:57:00,1,2980.3,2986.39,0.34,177.6567999999895,1070.5920181178603,EOD,trendH4,0.16594257849252098
2025-03-17 13:00:00,2025-03-18 14:02:00,1,2995.8700000000003,3023.64,0.27,726.4403999999872,1074.8926885389853,TIME,lw,0.6758259756956565
2025-03-18 01:05:00,2025-03-18 23:45:00,1,3001.25,3033.91,0.28,912.5199999999961,1074.6818482227268,TIME,strong_close,0.8491071115689648
2025-03-18 15:15:00,2025-03-18 23:45:00,1,3030.3100000000004,3033.91,0.28,98.83999999998473,1074.6818482227268,TIME,tday900,0.0919714054568271
2025-03-18 02:45:00,2025-03-19 03:47:00,1,3002.51,3032.18,0.54,1555.4807999999796,1091.8800000000049,TIME,inside,1.42458951533133
2025-03-18 10:15:00,2025-03-19 11:17:00,1,3018.46,3032.36,0.28,364.9856000000026,1074.6818482227268,TIME,lw,0.33962200124958253
2025-03-20 01:15:00,2025-03-20 09:10:00,1,3049.7,3048.78,0.36,-35.63999999998625,1100.871358281591,TIME,drift,-0.03237435485252213
2025-03-20 01:05:00,2025-03-20 23:45:00,1,3048.66,3045.19,0.29,-102.65999999999418,1095.2016578242688,TIME,strong_close,-0.09373616198129107
2025-03-20 04:00:00,2025-03-21 08:42:00,1,3053.4,3025.391662634429,0.08,-230.9850989245692,224.22669892456926,SL,trendH4,-1.0301409244858637
2025-03-21 01:15:00,2025-03-21 09:10:00,1,3044.58,3031.72,0.41000000000000003,-530.1300000000053,1104.0453003778664,TIME,drift,-0.4801705145781292
2025-03-21 01:05:00,2025-03-21 23:00:00,1,3045.18,3019.91,0.2,-506.79999999999967,1119.5695727868592,TIME,friday,-0.45267396713762154
2025-03-21 23:05:00,2025-03-21 23:55:00,1,3021.56,3023.06,0.76,108.68,1107.463190823576,TIME,fri_close,0.09813418712289575
2025-03-18 08:00:00,2025-03-21 23:57:00,1,3014.63,3023.15,0.4,179.03999999999925,1094.4542922837395,EOD,trendH4,0.16358837574331772
2025-03-18 12:00:00,2025-03-21 23:57:00,1,3026.8100000000004,3023.15,0.37,-285.0480000000115,1039.9882093443348,EOD,trendH4,-0.27408772276343524
2025-03-25 01:15:00,2025-03-25 09:10:00,1,3011.28,3016.14,0.38,182.01999999998756,1115.929648611567,TIME,drift,0.1631106407347952
2025-03-26 01:15:00,2025-03-26 09:10:00,1,3022.19,3024.47,0.46,101.6599999999883,1106.0898571048212,TIME,drift,0.09190935017348617
2025-03-25 14:15:00,2025-03-26 15:17:00,1,3024.46,3027.59,0.29,65.69080000000316,1090.2419687463255,TIME,lw,0.06025341335514843
2025-03-27 01:15:00,2025-03-27 09:10:00,1,3018.7900000000004,3029.3,0.49,511.5599999999884,1116.9833312199341,TIME,drift,0.45798355776829597
2025-03-27 18:15:00,2025-03-27 23:45:00,1,3056.15,3056.35,0.31,4.029999999994361,1107.1189838603107,TIME,tday,0.0036400784908795685
2025-03-27 06:45:00,2025-03-28 07:47:00,1,3032.8,3073.55,0.55,2193.686,1117.0500000000131,TIME,inside,1.9638207779418775
2025-03-28 01:15:00,2025-03-28 09:10:00,1,3055.4500000000003,3081.28,0.39,1004.6399999999971,1103.062777219905,TIME,drift,0.9107731860302939
2025-03-27 10:15:00,2025-03-28 11:17:00,1,3031.77,3074.06,0.31,1284.1811999999989,1107.1189838603107,TIME,lw,1.1599306115430397
2025-03-28 01:05:00,2025-03-28 23:00:00,1,3056.29,3080.74,0.2,487.59999999999644,1084.47650623392,TIME,friday,0.4496178545105539
2025-03-28 23:05:00,2025-03-28 23:55:00,1,3081.94,3084.28,0.73,165.7100000000106,1140.2057494900625,TIME,fri_close,0.14533341905539554
2025-03-28 04:00:00,2025-03-28 23:57:00,1,3062.09,3084.56,0.08,179.1999999999984,214.41844947805885,EOD,trendH4,0.8357489779270869
2025-03-28 08:00:00,2025-03-28 23:57:00,1,3074.01,3084.56,0.41000000000000003,429.67999999998887,1108.996325896299,EOD,trendH4,0.3874494351031491
2025-03-28 10:15:00,2025-03-28 23:57:00,1,3083.55,3084.56,0.31,29.139999999992675,1121.3490564417175,EOD,lw,0.02598655595471778
2025-03-31 01:05:00,2025-03-31 23:45:00,1,3092.73,3124.5,0.32,1014.3999999999994,1149.4472061745498,TIME,strong_close,0.8825111710663093
2025-03-31 15:15:00,2025-03-31 23:45:00,1,3122.9,3124.5,0.32,48.95999999999709,1149.4472061745498,TIME,tday900,0.04259438775177835
2025-03-31 18:15:00,2025-03-31 23:45:00,1,3125.2400000000002,3124.5,0.32,-25.92000000000757,1149.4472061745498,TIME,tday,-0.022549969986243524
2025-04-01 01:15:00,2025-04-01 09:10:00,1,3124.65,3129.03,0.18,77.58000000000196,653.1349591910878,TIME,drift,0.11878096388545077
2025-03-31 10:15:00,2025-04-01 11:17:00,1,3122.03,3134.41,0.32,368.4863999999889,1149.4472061745498,TIME,lw,0.32057705479692317
2025-04-01 01:05:00,2025-04-01 23:45:00,1,3125.0,3118.56,0.31,-201.81000000000168,1147.515768054338,TIME,strong_close,-0.1758668644198059
2025-04-02 01:15:00,2025-04-02 09:10:00,1,3112.5400000000004,3116.07,0.3,103.79999999999237,1120.675174626694,TIME,drift,0.09262273524937233
2025-04-03 01:15:00,2025-04-03 09:10:00,1,3144.71,3130.75,0.2,-280.6000000000007,926.1561446620932,TIME,drift,-0.3029726700160017
2025-04-02 11:45:00,2025-04-03 12:47:00,1,3133.34,3126.41,0.3,-281.53200000000874,1134.6134782055105,TIME,lw,-0.24813031522001305
2025-03-31 12:00:00,2025-04-03 13:58:00,1,3122.46,3090.7408026902935,0.36,-1287.4751031494336,1142.6111031494247,SL,trendH4,-1.1267832945091418
2025-03-31 08:00:00,2025-04-03 15:24:00,1,3113.58,3082.3476870424142,0.36,-1269.947266473085,1125.0832664730804,SL,trendH4,-1.1287584699878483
2025-04-01 01:10:00,2025-04-04 03:16:00,1,3125.16,3112.47,0.15,-251.01000000000084,1109.4491303751656,TIME,tom,-0.22624741696369674
2025-04-04 01:05:00,2025-04-04 17:06:00,1,3114.69,3049.869036271242,0.17,-1103.1463833888897,1102.296383388886,SL,friday,-1.0007711174715013
2025-04-04 23:05:00,2025-04-04 23:55:00,1,3036.67,3037.1,0.28,10.079999999995415,1105.7114278360582,TIME,fri_close,0.009116302632163767
2025-04-08 15:15:00,2025-04-08 23:45:00,1,3017.75,2980.71,0.21,-779.3099999999993,1100.06341929715,TIME,tday900,-0.7084227930221644
2025-04-09 15:15:00,2025-04-09 23:45:00,1,3062.94,3082.64,0.21,412.2299999999961,1093.5474607759247,TIME,tday900,0.3769658060451249
2025-04-09 18:15:00,2025-04-09 23:45:00,1,3075.19,3082.64,0.21,154.97999999999618,1093.5474607759247,TIME,tday,0.1417222439436057
2025-04-09 10:15:00,2025-04-10 11:17:00,1,3045.4,3111.42,0.21,1334.8775999999993,1093.5474607759247,TIME,lw,1.2206855649894146
2025-04-10 01:05:00,2025-04-10 23:45:00,1,3080.55,3172.67,0.19,1748.949999999998,1094.7636490192292,TIME,strong_close,1.5975594381187552
2025-04-10 18:15:00,2025-04-10 23:45:00,1,3159.59,3172.67,0.19,247.1899999999986,1094.7636490192292,TIME,tday,0.22579302867924947
2025-04-10 17:15:00,2025-04-11 18:17:00,1,3142.9900000000002,3235.83,0.19,1747.5287999999941,1094.7636490192292,TIME,lw,1.596261258368928
2025-04-11 01:05:00,2025-04-11 23:00:00,1,3179.66,3230.97,0.12,614.8799999999993,1097.6427589116531,TIME,friday,0.5601822587611947
2025-04-11 18:15:00,2025-04-11 23:45:00,1,3236.9,3236.0,0.12,-11.640000000001091,732.0418392744353,TIME,tday,-0.01590073049859841
2025-04-11 23:05:00,2025-04-11 23:55:00,1,3232.6,3238.06,0.44,237.1600000000016,1153.1216067863886,TIME,fri_close,0.20566781387518876
2025-04-11 04:00:00,2025-04-11 23:57:00,1,3205.82,3238.09,0.16,515.1999999999997,1135.6090179193377,EOD,trendH4,0.45367727084797976
2025-04-11 11:15:00,2025-04-11 23:57:00,1,3218.34,3238.09,0.18,354.24,1098.062758911653,EOD,lw,0.3226045115591623
2025-04-11 16:00:00,2025-04-11 23:57:00,1,3233.86,3238.09,0.16,66.56000000000029,1106.312961738592,EOD,trendH4,0.06016380744143137
2025-04-14 01:05:00,2025-04-14 23:45:00,1,3222.23,3211.45,0.18,-195.3000000000036,1109.372561846535,TIME,strong_close,-0.1760454573303395
2025-04-16 01:05:00,2025-04-16 23:45:00,1,3231.07,3339.14,0.2,2159.999999999994,1165.5811958733814,TIME,strong_close,1.8531527513031685
2025-04-16 01:30:00,2025-04-17 02:32:00,1,3234.88,3350.35,0.46,5198.717599999991,1150.4600000000025,TIME,inside,4.5188164734106175
2025-04-16 10:15:00,2025-04-17 11:17:00,1,3297.31,3322.6,0.2,456.7119999999993,1165.5811958733814,TIME,lw,0.39183199044128414
2025-04-16 04:00:00,2025-04-23 01:00:00,1,3264.6600000000003,3337.501125382322,0.21,1428.048833028751,1139.102122323746,SL,trendH4,1.253661814022047
2025-04-16 08:00:00,2025-04-23 01:00:00,1,3283.97,3336.054069113206,0.21,992.1506513773293,1149.2315162075583,SL,trendH4,0.8633166053881006
2025-04-16 12:00:00,2025-04-23 01:00:00,1,3307.2000000000003,3334.0583656575454,0.21,462.41087880844833,1163.2014403971805,SL,trendH4,0.3975329317427221
2025-04-21 04:00:00,2025-04-23 01:00:00,1,3369.03,3329.2771677602323,0.2,-828.2486447953588,1139.6855482651179,SL,trendH4,-0.7267343576095681
2025-04-23 16:30:00,2025-04-24 04:39:00,-1,3299.8999999999996,3366.2530536794693,0.17,-1111.6428125509844,1202.1046083673136,SL,lw,-0.9247471516316758
2025-04-24 14:30:00,2025-04-25 15:32:00,1,3341.77,3295.75,0.16,-750.1567999999997,1195.310245968072,TIME,lw,-0.6275833429273869
2025-04-25 01:05:00,2025-04-25 23:00:00,1,3345.4000000000005,3304.76,0.1,-407.10000000000326,1125.3031159097054,TIME,friday,-0.36176919289066384
2025-04-25 23:05:00,2025-04-25 23:55:00,1,3305.88,3316.19,0.44,450.5599999999977,1204.270277284492,TIME,fri_close,0.3741352821693524
2025-04-28 10:30:00,2025-04-29 11:32:00,-1,3279.95,3320.0699999999997,0.15,-597.6884999999983,1158.3921790590118,TIME,lw,-0.5159638599127233
2025-04-29 13:00:00,2025-04-30 14:02:00,-1,3309.0,3272.02,0.15,558.8115000000004,1166.8605948405109,TIME,lw,0.4789016806899542
2025-04-30 11:15:00,2025-05-01 12:17:00,-1,3284.97,3230.2,0.15,835.9844999999998,1135.9062666376174,TIME,lw,0.7359625741607955
2025-05-01 10:15:00,2025-05-02 11:17:00,-1,3231.08,3257.4199999999996,0.16,-417.05439999999504,1195.042397431545,TIME,lw,-0.3489871161862983
2025-05-02 18:15:00,2025-05-02 23:45:00,1,3263.4700000000003,3239.39,0.15,-362.2500000000057,1134.8592299069255,TIME,tday,-0.3192025851785294
2025-05-02 23:05:00,2025-05-02 23:55:00,1,3233.87,3240.85,0.42,290.22000000000077,1187.340087954394,TIME,fri_close,0.24442870492143964
2025-05-05 15:15:00,2025-05-05 23:45:00,1,3316.4100000000003,3332.49,0.16,256.15999999999156,1177.1481896220973,TIME,tday900,0.21761066470503362
2025-05-05 18:15:00,2025-05-05 23:45:00,1,3312.09,3332.49,0.16,325.2799999999942,1177.1481896220973,TIME,tday,0.27632884531251717
2025-05-05 06:00:00,2025-05-06 07:02:00,1,3270.3,3359.44,0.25,2206.879999999997,1182.750000000006,TIME,inside,1.8658888184316094
2025-05-05 10:15:00,2025-05-06 11:17:00,1,3262.11,3379.86,0.16,1870.1632000000002,1177.1481896220973,TIME,lw,1.5887236768383284
2025-05-06 01:05:00,2025-05-06 23:45:00,1,3333.61,3427.84,0.16,1506.5600000000004,1207.3176046490908,TIME,strong_close,1.247857228453059
2025-05-06 15:15:00,2025-05-06 23:45:00,1,3377.8300000000004,3427.84,0.16,799.0399999999962,1207.3176046490908,TIME,tday900,0.6618308197636518
2025-05-06 18:15:00,2025-05-06 23:45:00,1,3395.34,3427.84,0.16,518.88,1207.3176046490908,TIME,tday,0.4297792047443999
2025-05-06 11:15:00,2025-05-07 12:17:00,1,3378.18,3382.37,0.16,53.20320000000087,1207.3176046490908,TIME,lw,0.04406727757064761
2025-05-07 01:05:00,2025-05-07 23:45:00,1,3416.9900000000002,3368.55,0.15,-727.6500000000008,1170.541664761485,TIME,strong_close,-0.6216352838224432
2025-05-08 13:00:00,2025-05-09 14:02:00,-1,3331.97,3324.91,0.15,110.01149999999917,1170.738688707093,TIME,lw,0.0939675958957934
2025-05-09 15:15:00,2025-05-09 23:45:00,1,3334.81,3328.93,0.15,-89.25000000000163,1222.1787823708723,TIME,tday900,-0.07302532271658972
2025-05-09 18:15:00,2025-05-09 23:45:00,1,3340.88,3328.93,0.15,-180.3000000000041,1222.1787823708723,TIME,tday,-0.1475234250509937
2025-05-09 23:05:00,2025-05-09 23:55:00,1,3328.35,3324.92,0.59,-206.49999999999034,1229.473861770732,TIME,fri_close,-0.1679580236887523
2025-05-12 10:15:00,2025-05-13 11:17:00,-1,3246.3399999999997,3259.0699999999997,0.15,-186.8385000000003,1213.019583630096,TIME,lw,-0.15402760394095644
2025-05-14 10:15:00,2025-05-15 11:17:00,-1,3226.83,3148.43,0.15,1190.4345000000014,1217.7112736402362,TIME,lw,0.9775999662393752
2025-05-15 10:45:00,2025-05-15 18:22:00,-1,3132.2,3213.932126463443,0.15,-1227.0318969516504,1226.281896951648,SL,lw,-1.0006116048861742
2025-05-16 01:05:00,2025-05-16 23:00:00,1,3241.95,3192.57,0.09,-445.0499999999968,1140.1723710238773,TIME,friday,-0.39033571704631026
2025-05-16 23:05:00,2025-05-16 23:55:00,1,3197.9900000000002,3201.29,0.54,174.4199999999853,1217.0635193743403,TIME,fri_close,0.14331215850562173
2025-05-20 10:15:00,2025-05-20 22:47:00,-1,3210.4399999999996,3293.2410320117287,0.14,-1160.1944481642083,1159.4944481642083,SL,lw,-1.0006037113856892
2025-05-21 01:05:00,2025-05-21 23:45:00,1,3292.67,3315.64,0.14,320.5999999999972,1167.8534161524792,TIME,strong_close,0.27452075368861056
2025-05-22 04:15:00,2025-05-22 14:00:00,1,3327.47,3285.5799999999995,0.29,-1216.8400000000092,1215.3900000000042,SL,nr7,-1.0011930326890999
2025-05-23 01:05:00,2025-05-23 23:00:00,1,3297.62,3360.71,0.1,630.2000000000015,1188.9463593099617,TIME,friday,0.5300491439880902
2025-05-23 15:15:00,2025-05-23 23:45:00,1,3350.05,3358.0,0.15,118.19999999999726,1189.2963593099616,TIME,tday900,0.09938649780158897
2025-05-23 18:15:00,2025-05-23 23:45:00,1,3357.28,3358.0,0.15,9.749999999996998,1189.2963593099616,TIME,tday,0.008198124818656654
2025-05-23 23:05:00,2025-05-23 23:55:00,1,3361.2400000000002,3359.86,0.59,-85.55000000000642,1221.35988932985,TIME,fri_close,-0.07004487436290953
2025-05-23 10:15:00,2025-05-23 23:57:00,1,3330.26,3358.22,0.15,418.34999999999366,1189.2963593099616,EOD,lw,0.3517626172190785
2025-05-26 01:05:00,2025-05-27 03:30:00,1,3352.03,3344.31,0.15,-128.7720000000038,1188.903762216393,TIME,strong_close,-0.10831154218903542
2025-05-27 10:15:00,2025-05-28 11:17:00,-1,3308.87,3323.85,0.16,-235.2944000000003,1217.2837263857605,TIME,lw,-0.1932946238414058
2025-05-29 18:15:00,2025-05-29 23:45:00,1,3316.5,3316.68,0.16,1.7599999999973805,1174.0872946897632,TIME,tday,0.0014990367479127153
2025-05-30 01:05:00,2025-05-30 23:00:00,1,3317.92,3294.89,0.11,-254.1000000000022,1224.970913888188,TIME,friday,-0.20743349668071853
2025-05-30 23:05:00,2025-05-30 23:55:00,1,3294.7400000000002,3290.98,0.65,-248.95000000001423,1225.2134122379343,TIME,fri_close,-0.2031890913969758
2025-06-02 15:15:00,2025-06-02 23:45:00,1,3358.05,3380.71,0.16,361.43999999999767,1161.956493890663,TIME,tday900,0.31106156030830545
2025-06-02 18:15:00,2025-06-02 23:45:00,1,3374.98,3380.71,0.16,90.56000000000029,1161.956493890663,TIME,tday,0.07793751356109012
2025-06-02 09:00:00,2025-06-03 10:02:00,1,3323.92,3358.72,0.23,780.5095999999937,1201.2899999999968,TIME,inside,0.6497262109898491
2025-06-02 10:15:00,2025-06-03 11:17:00,1,3351.57,3363.47,0.16,176.56319999999417,1161.956493890663,TIME,lw,0.15195336566242237
2025-06-03 01:05:00,2025-06-03 23:45:00,1,3385.04,3353.57,0.16,-504.6399999999968,1186.4567443270441,TIME,strong_close,-0.425333668852991
2025-06-02 01:10:00,2025-06-05 03:16:00,1,3308.45,3379.3,0.08,534.4480000000029,1161.396493890663,TIME,tom,0.46017703928966514
2025-06-04 17:45:00,2025-06-05 18:47:00,1,3382.89,3345.6,0.16,-635.9103999999994,1169.2298340179693,TIME,lw,-0.5438711718591218
2025-06-05 12:30:00,2025-06-05 18:47:00,1,3388.05,3343.8199999999997,0.27,-1196.1000000000129,1194.750000000008,SL,inside,-1.001129943502829
2025-06-05 15:15:00,2025-06-05 23:45:00,1,3396.22,3354.04,0.17,-718.2499999999974,1203.392648740943,TIME,tday900,-0.5968542360230228
2025-06-05 13:15:00,2025-06-06 14:17:00,1,3391.52,3361.88,0.17,-518.5815999999979,1203.392648740943,TIME,lw,-0.4309329964268663
2025-06-06 01:05:00,2025-06-06 23:00:00,1,3356.15,3312.33,0.11,-482.79000000000184,1159.4959796425724,TIME,friday,-0.41637919274961804
2025-06-06 23:05:00,2025-06-06 23:55:00,1,3310.0,3312.05,0.55,108.90000000001001,1217.002749887575,TIME,fri_close,0.08948213141676964
2025-06-10 16:30:00,2025-06-11 17:32:00,1,3346.06,3334.24,0.17,-215.64160000000277,1161.9814902637943,TIME,lw,-0.1855809251755358
2025-06-11 11:00:00,2025-06-12 12:02:00,1,3345.91,3357.28,0.18,160.48080000000618,1203.3823895870921,TIME,lw,0.13335810910035903
2025-06-12 01:05:00,2025-06-12 23:45:00,1,3357.94,3386.11,0.18,505.8000000000013,1175.5793617594425,TIME,strong_close,0.4302559371602022
2025-06-12 13:30:00,2025-06-13 14:32:00,1,3379.7400000000002,3420.48,0.18,717.753599999996,1175.5793617594425,TIME,lw,0.6105530799092653
2025-06-13 01:05:00,2025-06-13 23:00:00,1,3384.16,3432.31,0.12,576.9600000000011,1169.1036930623397,TIME,friday,0.4935062675995122
2025-06-13 23:05:00,2025-06-13 23:55:00,1,3429.82,3432.66,0.58,160.65999999998206,1223.7965946417291,TIME,fri_close,0.1312799861540846
2025-06-13 10:15:00,2025-06-13 23:57:00,1,3413.27,3434.15,0.18,374.580000000002,1169.5236930623398,EOD,lw,0.32028423384838217
2025-06-16 01:05:00,2025-06-16 23:45:00,1,3441.27,3383.78,0.18,-1036.079999999996,1172.2577149864585,TIME,strong_close,-0.8838329547798834
2025-06-19 10:30:00,2025-06-20 15:15:00,-1,3352.96,3348.24,0.19,94.88790000000483,1170.1204469687348,TIME,lw,0.08109242108008408
2025-06-20 10:15:00,2025-06-20 23:57:00,-1,3353.06,3368.7400000000002,0.2,-315.0000000000058,1201.7410383904933,EOD,lw,-0.26211969961672377
2025-06-23 01:05:00,2025-06-23 23:45:00,1,3383.86,3370.8,0.21,-275.7299999999989,1223.0125124307308,TIME,strong_close,-0.22545149554683377
2025-06-23 01:30:00,2025-06-24 02:32:00,1,3375.91,3351.21,0.34,-869.2031999999939,1203.9399999999896,TIME,nr7,-0.7219655464558046
2025-06-24 10:15:00,2025-06-25 11:17:00,-1,3321.71,3328.6099999999997,0.21,-139.14389999999236,1211.0144758285358,TIME,lw,-0.1148986265459748
2025-06-26 02:45:00,2025-06-26 16:35:00,1,3338.02,3312.14,0.47000000000000003,-1219.650000000005,1217.2999999999965,SL,inside,-1.001930501930509
2025-06-26 01:05:00,2025-06-26 23:45:00,1,3334.23,3329.47,0.21,-101.43000000000458,1185.5360531378703,TIME,strong_close,-0.08555623401881386
2025-06-26 10:15:00,2025-06-27 09:39:00,1,3343.44,3287.00590223153,0.21,-1203.2768531378724,1185.5360531378703,SL,lw,-1.01496436987559
2025-06-27 01:05:00,2025-06-27 23:00:00,1,3325.46,3270.6,0.14,-769.0200000000018,1161.0099064851656,TIME,friday,-0.6623716091520083
2025-06-27 23:05:00,2025-06-27 23:55:00,1,3271.85,3274.46,0.6,152.40000000000765,1194.051853274214,TIME,fri_close,0.1276326480982472
2025-07-01 01:05:00,2025-07-01 23:45:00,1,3304.27,3340.27,0.21,754.53,1194.1016540611884,TIME,strong_close,0.6318808766689274
2025-07-01 15:15:00,2025-07-01 23:45:00,1,3350.73,3340.27,0.21,-221.13000000000076,1194.1016540611884,TIME,tday900,-0.18518523883450677
2025-07-01 01:07:00,2025-07-01 23:47:00,1,3304.09,3339.46,0.1,352.9999999999989,568.6198352672326,TIME,season,0.6208014179352371
2025-07-01 10:15:00,2025-07-02 11:17:00,1,3336.47,3336.05,0.21,-26.980799999991977,1194.1016540611884,TIME,lw,-0.02259506123974385
2025-07-02 01:07:00,2025-07-02 23:47:00,1,3340.03,3356.56,0.1,164.5999999999975,567.8184184624299,TIME,season,0.2898814033643193
2025-07-03 01:05:00,2025-07-03 23:45:00,1,3359.67,3327.13,0.21,-684.8099999999993,1156.0859160017387,TIME,strong_close,-0.5923521690917039
2025-07-03 01:07:00,2025-07-03 23:47:00,1,3359.36,3326.99,0.1,-324.40000000000344,550.5171028579708,TIME,season,-0.5892641633037442
2025-07-01 01:10:00,2025-07-04 03:16:00,1,3302.78,3326.13,0.1,193.05999999999912,1136.5396705344651,TIME,tom,0.1698664859707109
2025-07-04 01:05:00,2025-07-04 19:45:00,1,3324.95,3334.97,0.14,139.29999999999978,1154.2883505730433,EOD,friday,0.12068041744581817
2025-07-04 01:07:00,2025-07-04 19:45:00,1,3325.82,3334.97,0.1,90.79999999999636,549.8944526538302,EOD,season,0.16512259682160646
2025-07-07 01:07:00,2025-07-07 23:47:00,1,3339.75,3336.81,0.11,-33.1100000000006,578.5943337821266,TIME,season,-0.0572248950029787
2025-07-08 01:07:00,2025-07-08 18:08:00,1,3343.8,3291.670478317093,0.11,-574.1947385119784,573.6447385119747,SL,season,-1.0009587815647545
2025-07-08 01:05:00,2025-07-08 18:11:00,1,3340.9,3288.770478317093,0.23,-1200.5889987068638,1199.4389987068562,SL,strong_close,-1.0009587815647545
2025-07-09 01:07:00,2025-07-09 23:47:00,1,3302.8,3312.99,0.11,111.3199999999956,578.8858286182622,TIME,season,0.19230044077206795
2025-07-10 01:05:00,2025-07-10 23:45:00,1,3315.94,3324.05,0.23,184.92000000000291,1180.1592386809118,TIME,strong_close,0.1566907193021611
2025-07-10 01:07:00,2025-07-10 23:47:00,1,3316.36,3323.63,0.11,79.1999999999998,564.4239837169579,TIME,season,0.14032004713626112
2025-07-10 12:00:00,2025-07-11 13:02:00,1,3328.86,3340.85,0.23,255.87959999999498,1180.1592386809118,TIME,lw,0.21681785950004243
2025-07-11 01:05:00,2025-07-11 23:00:00,1,3325.9,3356.38,0.16,486.5600000000003,1177.6454735044865,TIME,friday,0.41316339335307317
2025-07-11 15:15:00,2025-07-11 23:45:00,1,3345.09,3357.91,0.24,305.999999999993,1178.2054735044862,TIME,tday900,0.25971700767084227
2025-07-11 18:15:00,2025-07-11 23:45:00,1,3365.41,3357.91,0.24,-181.67999999999998,1178.2054735044862,TIME,tday,-0.154200607691633
2025-07-11 01:07:00,2025-07-11 23:47:00,1,3325.66,3357.29,0.12,378.7200000000013,589.1027367522431,TIME,season,0.6428759813405488
2025-07-11 23:05:00,2025-07-11 23:55:00,1,3356.17,3357.54,0.8200000000000001,106.59999999999107,1186.7294711924103,TIME,fri_close,0.08982670658113916
2025-07-11 03:45:00,2025-07-11 23:57:00,1,3336.07,3355.65,0.46,897.4599999999966,1185.8800000000017,EOD,nr7,0.756788207913107
2025-07-11 10:15:00,2025-07-11 23:57:00,1,3333.87,3355.65,0.24,521.0400000000049,1178.2054735044862,EOD,lw,0.4422318616889543
2025-07-14 01:07:00,2025-07-14 23:47:00,1,3360.68,3342.02,0.12,-224.75999999999826,587.2925412699399,TIME,season,-0.38270535415618506
2025-07-15 01:07:00,2025-07-15 23:47:00,1,3342.69,3326.36,0.12,-196.79999999999913,574.4859311792299,TIME,season,-0.3425671357974489
2025-07-15 10:15:00,2025-07-16 11:17:00,1,3360.7,3339.58,0.25,-549.6199999999973,1196.8456899567288,TIME,lw,-0.45922377848047263
2025-07-16 18:15:00,2025-07-16 23:45:00,1,3348.86,3347.29,0.25,-41.00000000000409,1193.749569245534,TIME,tday,-0.034345562131525335
2025-07-16 01:07:00,2025-07-16 23:47:00,1,3327.63,3348.1,0.12,244.7999999999976,572.9997932378564,TIME,season,0.4272252850506341
2025-07-17 01:07:00,2025-07-17 23:47:00,1,3350.22,3338.07,0.12,-146.63999999999564,581.6740937208665,TIME,season,-0.2520999329056679
2025-07-18 01:05:00,2025-07-18 23:00:00,1,3341.79,3348.23,0.16,101.92000000000085,1152.4804597673233,TIME,friday,0.0884353388695004
2025-07-18 01:07:00,2025-07-18 23:47:00,1,3340.41,3351.63,0.12,133.80000000000305,576.5202298836617,TIME,season,0.23208205551954886
2025-07-18 23:05:00,2025-07-18 23:55:00,1,3348.28,3350.7,1.19,279.64999999995456,1202.9711622373663,TIME,fri_close,0.2324660879483119
2025-07-18 15:15:00,2025-07-18 23:57:00,1,3359.6000000000004,3350.33,0.25,-233.5000000000109,1201.0838122576286,EOD,lw,-0.19440774874911554
2025-07-21 15:15:00,2025-07-21 23:45:00,1,3376.1400000000003,3397.96,0.25,543.7499999999927,1167.8992542392264,TIME,tday900,0.46557954209346025
2025-07-21 18:15:00,2025-07-21 23:45:00,1,3396.8500000000004,3397.96,0.25,25.999999999991815,1167.8992542392264,TIME,tday,0.0222621941966461
2025-07-21 01:07:00,2025-07-21 23:47:00,1,3350.1800000000003,3397.89,0.12,571.679999999995,560.5916420348286,TIME,season,1.01977974185437
2025-07-21 10:15:00,2025-07-22 11:17:00,1,3368.3700000000003,3387.27,0.25,450.8799999999909,1167.8992542392264,TIME,lw,0.38606069689949046
2025-07-22 01:05:00,2025-07-22 23:45:00,1,3399.23,3428.68,0.25,734.4999999999955,1188.5314503649956,TIME,strong_close,0.6179895363933634
2025-07-22 18:15:00,2025-07-22 23:45:00,1,3428.2700000000004,3428.68,0.25,8.499999999984993,1188.5314503649956,TIME,tday,0.007151682858181549
2025-07-22 01:07:00,2025-07-22 23:47:00,1,3399.1000000000004,3428.31,0.12,349.679999999995,570.4950961751979,TIME,season,0.6129412896699273
2025-07-22 17:30:00,2025-07-23 18:32:00,1,3421.9300000000003,3412.55,0.25,-256.12000000000273,1188.5314503649956,TIME,lw,-0.21549282513420137
2025-07-23 01:05:00,2025-07-23 19:21:00,1,3431.1000000000004,3383.3881175578717,0.25,-1194.5470610532157,1193.29706105321,SL,strong_close,-1.001047517873632
2025-07-23 01:07:00,2025-07-23 19:21:00,1,3430.4300000000003,3382.7181175578717,0.12,-573.3825893055435,572.7825893055408,SL,season,-1.001047517873632
2025-07-24 01:07:00,2025-07-24 23:47:00,1,3391.1200000000003,3368.12,0.12,-276.84000000000543,581.2152614980022,TIME,season,-0.4763123378530848
2025-07-25 01:05:00,2025-07-25 23:00:00,1,3369.6000000000004,3337.67,0.16,-512.0000000000047,1150.9254856391472,TIME,friday,-0.44485938176586126
2025-07-25 01:07:00,2025-07-25 23:47:00,1,3368.78,3338.26,0.12,-367.07999999999976,575.7427428195736,TIME,season,-0.6375764255443431
2025-07-25 23:05:00,2025-07-25 23:55:00,1,3337.51,3336.57,1.03,-104.03000000000561,1196.5201383004046,TIME,fri_close,-0.08694379364794887
2025-07-28 01:07:00,2025-07-28 23:47:00,1,3333.4100000000003,3316.71,0.12,-201.24000000000328,576.2496897610325,TIME,season,-0.34922361534538326
2025-07-29 01:07:00,2025-07-29 23:47:00,1,3312.88,3325.44,0.12,149.87999999999934,572.494711920959,TIME,season,0.2618015448511119
2025-07-30 01:07:00,2025-07-30 21:53:00,1,3326.8300000000004,3280.679099672783,0.13,-600.8717042538235,600.2217042538223,SL,season,-1.001082933181847
2025-07-31 01:07:00,2025-07-31 23:47:00,1,3277.6800000000003,3290.98,0.12,158.75999999999672,571.0557465032762,TIME,season,0.2780113867553663
2025-07-31 10:45:00,2025-08-01 11:47:00,1,3304.3500000000004,3290.34,0.25,-371.87000000000546,1189.6994718818255,TIME,lw,-0.31257473739296054
2025-08-01 01:05:00,2025-08-01 23:00:00,1,3291.8,3357.19,0.17,1110.4399999999978,1200.9171426537864,TIME,friday,0.9246599624235089
2025-08-01 01:07:00,2025-08-01 23:47:00,1,3290.82,3362.35,0.12,857.5199999999968,565.4174788958993,TIME,season,1.5166138862111076
2025-08-01 23:05:00,2025-08-01 23:55:00,1,3359.91,3363.22,0.61,197.63999999999666,1203.562432187043,TIME,fri_close,0.1642125034102775
2025-08-01 01:10:00,2025-08-01 23:57:00,1,3291.3,3362.54,0.12,854.0399999999973,1129.9949577917987,EOD,tom,0.7557909830579563
2025-08-04 01:05:00,2025-08-04 23:45:00,1,3364.4900000000002,3373.55,0.24,215.75999999999868,1190.5467465209563,TIME,strong_close,0.18122765916625924
2025-08-04 01:07:00,2025-08-04 23:47:00,1,3363.56,3373.91,0.12,123.3599999999989,595.2733732604781,TIME,season,0.20723251793427583
2025-08-05 01:07:00,2025-08-05 23:47:00,1,3376.39,3379.77,0.12,39.720000000001306,587.3824180275868,TIME,season,0.06762204448233217
2025-08-06 01:07:00,2025-08-06 23:47:00,1,3380.57,3367.84,0.12,-153.60000000000022,580.2351024541878,TIME,season,-0.26472028208966836
2025-08-07 01:07:00,2025-08-07 23:47:00,1,3374.76,3398.44,0.12,283.31999999999806,562.0868808503174,TIME,season,0.5040501916205471
2025-08-07 09:45:00,2025-08-08 10:47:00,1,3385.65,3399.05,0.44,551.548800000004,1200.3200000000015,TIME,inside,0.4595014662756626
2025-08-07 10:15:00,2025-08-08 11:17:00,1,3388.15,3401.0,0.25,299.6299999999977,1171.014335104828,TIME,lw,0.25587218791234967
2025-08-08 01:05:00,2025-08-08 23:00:00,1,3403.6,3398.51,0.17,-87.71999999999474,1175.3875059635734,TIME,friday,-0.07463070651587586
2025-08-08 01:07:00,2025-08-08 23:47:00,1,3402.8100000000004,3397.65,0.13,-67.99000000000402,599.5204932363315,TIME,season,-0.113407299278429
2025-08-08 23:05:00,2025-08-08 23:55:00,1,3397.9,3397.14,0.42,-34.860000000009165,1200.1419947209397,TIME,fri_close,-0.02904656295117388
2025-08-11 01:07:00,2025-08-11 14:25:00,1,3397.16,3352.072107625976,0.13,-587.0526008623093,586.4026008623075,SL,season,-1.0011084534738521
2025-08-12 01:07:00,2025-08-12 23:47:00,1,3343.66,3349.73,0.13,78.00000000000213,603.8988436578567,TIME,season,0.12916070434503696
2025-08-13 01:07:00,2025-08-13 23:47:00,1,3349.8,3356.11,0.13,81.1199999999993,586.9303548251523,TIME,season,0.13821060596561766
2025-08-13 11:45:00,2025-08-14 12:47:00,1,3360.22,3354.62,0.27,-217.46879999999754,1219.0091984830087,TIME,lw,-0.1783979975463891
2025-08-14 01:07:00,2025-08-14 23:47:00,1,3357.3100000000004,3335.78,0.13,-280.8000000000026,571.1553294804986,TIME,season,-0.4916350868255186
2025-08-15 01:05:00,2025-08-15 23:00:00,1,3336.7700000000004,3339.15,0.18,41.57999999999378,1187.7467068552478,TIME,friday,0.035007463931500664
2025-08-15 01:07:00,2025-08-15 23:47:00,1,3336.46,3336.71,0.13,2.34,572.181377374749,TIME,season,0.004089612302197353
2025-08-15 23:05:00,2025-08-15 23:55:00,1,3339.4,3336.05,1.17,-400.1399999999893,1210.907529444926,TIME,fri_close,-0.3304463720556858
2025-08-18 01:07:00,2025-08-18 23:47:00,1,3333.76,3332.86,0.14,-13.580000000001274,588.7613773747494,TIME,season,-0.023065371680040657
2025-08-19 01:15:00,2025-08-19 09:10:00,1,3333.2200000000003,3337.74,0.53,235.84999999997493,1198.829622231223,TIME,drift,0.19673354380501418
2025-08-18 10:15:00,2025-08-19 11:17:00,1,3353.9300000000003,3337.44,0.28,-485.9344000000067,1177.5227547494987,TIME,lw,-0.41267516745643046
2025-08-19 01:07:00,2025-08-19 23:47:00,1,3333.86,3315.33,0.14,-260.4000000000028,581.626993276553,TIME,season,-0.4477096197565703
2025-08-20 01:15:00,2025-08-20 09:10:00,1,3316.8700000000003,3324.38,0.51,379.43999999998795,1206.1655719878727,TIME,drift,0.3145836764140396
2025-08-20 01:07:00,2025-08-20 23:47:00,1,3317.61,3348.53,0.14,431.90000000000106,570.4722080425134,TIME,season,0.7570920965317464
2025-08-21 01:15:00,2025-08-21 09:10:00,1,3351.0600000000004,3338.5,0.54,-682.0200000000217,1196.8409088087299,TIME,drift,-0.5698501738872439
2025-08-20 14:15:00,2025-08-21 15:17:00,1,3329.2000000000003,3341.5,0.29,285.5223999999921,1181.6924309452063,TIME,lw,0.24162158656767385
2025-08-21 01:05:00,2025-08-21 23:45:00,1,3351.34,3338.35,0.29,-378.74000000000683,1177.657257306263,TIME,strong_close,-0.3216046074953294
2025-08-21 01:07:00,2025-08-21 23:47:00,1,3352.2000000000003,3338.01,0.14,-199.64000000000078,568.524193182334,TIME,season,-0.3511548011396119
2025-08-22 01:15:00,2025-08-22 09:10:00,1,3339.38,3329.95,0.5,-475.00000000001455,1198.1396067596504,TIME,drift,-0.39644795758371143
2025-08-22 01:05:00,2025-08-22 23:00:00,1,3340.26,3373.16,0.2,656.5999999999927,1188.3614048015836,TIME,friday,0.5525255173611288
2025-08-22 18:15:00,2025-08-22 23:45:00,1,3376.7200000000003,3371.72,0.3,-152.10000000001364,1189.0614048015834,TIME,tday,-0.1279160179497999
2025-08-22 01:07:00,2025-08-22 23:47:00,1,3338.8900000000003,3371.94,0.15,494.69999999999584,594.5307024007917,TIME,season,0.832084866269031
2025-08-22 23:05:00,2025-08-22 23:55:00,1,3372.7200000000003,3371.92,0.88,-76.560000000016,1209.2198207222398,TIME,fri_close,-0.06331355034710599
2025-08-25 01:05:00,2025-08-25 23:45:00,1,3368.88,3364.74,0.29,-122.0900000000095,1186.2655943099935,TIME,strong_close,-0.10291961647174358
2025-08-25 01:07:00,2025-08-25 23:47:00,1,3368.4300000000003,3364.32,0.14,-58.52000000000179,572.6799420806866,TIME,season,-0.10218622253013486
2025-08-26 01:15:00,2025-08-26 09:10:00,1,3365.4100000000003,3375.82,0.58,599.7199999999916,1196.546255579217,TIME,drift,0.5012092070855069
2025-08-26 15:15:00,2025-08-26 23:45:00,1,3378.1800000000003,3391.08,0.31,397.7299999999887,1214.0800849924317,TIME,tday900,0.32759782893767514
2025-08-26 18:15:00,2025-08-26 23:45:00,1,3381.66,3391.08,0.31,289.85000000000224,1214.0800849924317,TIME,tday,0.2387404287269971
2025-08-26 01:07:00,2025-08-26 23:47:00,1,3366.5000000000005,3391.07,0.15,367.4999999999956,587.4581056414992,TIME,season,0.6255765244717983
2025-08-27 01:15:00,2025-08-27 09:10:00,1,3389.69,3378.48,0.42,-473.76000000000147,1206.1277367871603,TIME,drift,-0.39279421702214257
2025-08-26 10:45:00,2025-08-27 11:47:00,1,3377.82,3383.47,0.31,148.34119999998873,1214.0800849924317,TIME,lw,0.12218403203682685
2025-08-27 01:05:00,2025-08-27 23:45:00,1,3390.8,3396.39,0.31,171.11999999999043,1220.9800789215437,TIME,strong_close,0.1401497067430746
2025-08-27 01:07:00,2025-08-27 23:47:00,1,3390.81,3396.28,0.15,81.00000000000382,590.7968123813921,TIME,season,0.13710297398780452
2025-08-28 01:15:00,2025-08-28 09:10:00,1,3397.18,3391.44,0.5,-290.4999999999891,1206.2291429780046,TIME,drift,-0.24083317974127766
2025-08-28 01:05:00,2025-08-28 23:45:00,1,3398.29,3416.67,0.31,567.6100000000034,1189.2793589985765,TIME,strong_close,0.4772722201097941
2025-08-28 18:15:00,2025-08-28 23:45:00,1,3411.84,3416.67,0.31,147.55999999999776,1189.2793589985765,TIME,tday,0.12407513750532886
2025-08-28 01:07:00,2025-08-28 23:47:00,1,3397.93,3416.35,0.15,275.2500000000011,575.4577543541499,TIME,season,0.4783148683241236
2025-08-29 01:15:00,2025-08-29 09:10:00,1,3417.37,3411.51,0.46,-272.77999999998497,1202.0363180407876,TIME,drift,-0.22693157927590085
2025-08-28 17:15:00,2025-08-29 18:17:00,1,3411.79,3444.84,0.31,997.7412000000057,1189.2793589985765,TIME,lw,0.8389460326967635
2025-08-29 01:05:00,2025-08-29 23:00:00,1,3417.1800000000003,3452.57,0.21,741.7199999999973,1208.3476209905918,TIME,friday,0.6138299832890326
2025-08-29 18:15:00,2025-08-29 23:45:00,1,3442.49,3449.35,0.31,210.49000000000396,1189.8908333558206,TIME,tday,0.17689858102895376
2025-08-29 01:07:00,2025-08-29 23:47:00,1,3417.2,3448.18,0.15,463.65000000000026,575.753629043139,TIME,season,0.8052923622393021
2025-08-29 23:05:00,2025-08-29 23:55:00,1,3447.58,3448.08,0.8200000000000001,35.26,1220.841570301478,TIME,fri_close,0.02888171639772456
2025-08-29 17:15:00,2025-08-29 23:57:00,1,3435.45,3448.85,0.31,413.2300000000028,1189.8908333558206,EOD,lw,0.34728395951633656
2025-08-29 20:00:00,2025-08-29 23:57:00,1,3449.39,3448.85,0.45,-27.44999999999836,1225.3628200928229,EOD,trendH4,-0.022401528388072838
2025-09-01 01:05:00,2025-09-02 03:30:00,1,3446.13,3483.14,0.31,1120.5011999999927,1214.682916687547,TIME,strong_close,0.9224639489090791
2025-09-01 18:15:00,2025-09-02 03:30:00,1,3478.61,3483.14,0.31,113.62119999999211,1214.682916687547,TIME,tday,0.093539802395376
2025-09-01 10:15:00,2025-09-02 14:00:00,1,3475.94,3485.62,0.31,273.2711999999949,1214.682916687547,TIME,lw,0.22497328005995862
2025-09-02 18:15:00,2025-09-02 23:45:00,1,3511.91,3534.92,0.3,688.2000000000065,1204.828197023371,TIME,tday,0.571201771090901
2025-09-02 17:30:00,2025-09-03 18:32:00,1,3502.53,3566.2,0.3,1884.1559999999886,1204.828197023371,TIME,lw,1.5638379020801088
2025-09-01 01:10:00,2025-09-04 05:59:00,1,3443.62,3530.75,0.15,1246.2900000000018,1174.4495967944003,TIME,tom,1.0611694221716166
2025-09-01 08:00:00,2025-09-05 23:57:00,1,3475.32,3586.66,0.4,4260.047999999987,1215.5742703351864,EOD,trendH4,3.5045559156375594
2025-09-02 08:00:00,2025-09-05 23:57:00,1,3496.93,3586.66,0.4,3427.440000000001,1217.2188911445498,EOD,trendH4,2.8157959303253848
2025-09-02 20:00:00,2025-09-05 23:57:00,1,3527.96,3586.66,0.35000000000000003,1912.9599999999937,1243.3673846956774,EOD,trendH4,1.5385315905388683
2025-09-08 15:15:00,2025-09-08 23:45:00,1,3618.03,3637.1,0.29,550.9999999999916,1301.1622743304436,TIME,tday900,0.4234675496440496
2025-09-08 18:15:00,2025-09-08 23:45:00,1,3645.7400000000002,3637.1,0.29,-252.5900000000095,1301.1622743304436,TIME,tday,-0.1941264398631509
2025-09-08 10:30:00,2025-09-09 11:32:00,1,3609.18,3645.4,0.29,1025.3008000000075,1301.1622743304436,TIME,lw,0.7879884163776653
2025-09-09 01:05:00,2025-09-09 23:45:00,1,3636.38,3628.56,0.2,-157.8000000000033,930.9280574529932,TIME,strong_close,-0.16950826515181205
2025-09-09 15:15:00,2025-09-09 23:45:00,1,3654.68,3628.56,0.28,-733.319999999997,1303.2992804341907,TIME,tday900,-0.5626643174050502
2025-09-09 16:45:00,2025-09-10 17:47:00,1,3663.86,3648.78,0.23,-366.7303999999983,1070.5672660709422,TIME,lw,-0.3425570831676228
2025-09-11 01:15:00,2025-09-11 09:10:00,1,3640.2,3632.18,0.34,-275.05999999999943,1222.2424287507088,TIME,drift,-0.22504537032080177
2025-09-10 10:15:00,2025-09-11 11:17:00,1,3647.3,3629.62,0.28,-563.7632000000082,1305.6464746888914,TIME,lw,-0.4317885514410333
2025-09-12 01:15:00,2025-09-12 09:10:00,1,3637.07,3652.4,0.35000000000000003,534.0999999999974,1287.7022004438252,TIME,drift,0.4147698123183389
2025-09-12 01:05:00,2025-09-12 23:00:00,1,3636.19,3644.15,0.19,149.91000000000068,1291.4957845005545,TIME,friday,0.11607471104365523
2025-09-12 23:05:00,2025-09-12 23:55:00,1,3644.57,3643.39,1.2,-150.00000000003493,1304.8616773783685,TIME,fri_close,-0.11495471328532218
2025-09-08 12:00:00,2025-09-12 23:57:00,1,3611.43,3642.77,0.32,848.0384000000047,1305.3451999775032,EOD,trendH4,0.6496660040689773
2025-09-08 16:00:00,2025-09-12 23:57:00,1,3624.46,3642.77,0.32,431.0783999999982,1295.4859399786287,EOD,trendH4,0.33275420959575186
2025-09-08 20:00:00,2025-09-12 23:57:00,1,3640.87,3642.77,0.31,-91.10279999999717,1273.2704041365814,EOD,trendH4,-0.0715502376431776
2025-09-12 05:30:00,2025-09-12 23:57:00,1,3650.08,3642.77,0.15,-110.69999999999918,550.8000000000013,EOD,nr7,-0.20098039215686078
2025-09-12 10:15:00,2025-09-12 23:57:00,1,3652.63,3642.77,0.28,-278.0400000000036,1269.4912970531766,EOD,lw,-0.2190168618291497
2025-09-15 18:15:00,2025-09-15 23:45:00,1,3665.03,3681.25,0.29,468.34999999999417,1275.143823951652,TIME,tday,0.36729190166846
2025-09-16 01:15:00,2025-09-16 09:10:00,1,3678.02,3682.29,0.4,167.99999999999926,1312.4330549760787,TIME,drift,0.12800652906678076
2025-09-15 16:30:00,2025-09-16 17:32:00,1,3653.98,3691.98,0.29,1076.9208,1275.143823951652,TIME,lw,0.8445484970178803
2025-09-16 01:05:00,2025-09-16 23:45:00,1,3680.03,3692.77,0.29,367.42999999999364,1306.338550812248,TIME,strong_close,0.28126705728123463
2025-09-17 01:15:00,2025-09-17 09:10:00,1,3691.63,3676.68,0.42,-630.8400000000115,1306.8494755642896,TIME,drift,-0.482718179710497
2025-09-16 04:00:00,2025-09-17 21:01:00,1,3686.59,3651.779401587952,0.37,-1319.9897412457747,1288.7321412457604,SL,trendH4,-1.024254535911395
2025-09-16 12:00:00,2025-09-17 21:01:00,1,3694.4900000000002,3659.981159933127,0.38,-1344.198322541185,1312.0959225411718,SL,trendH4,-1.0244665038954162
2025-09-15 20:00:00,2025-09-18 09:05:00,1,3679.4,3642.7470100697533,0.35000000000000003,-1424.394647558638,1283.5546475586332,SL,trendH4,-1.1097265319150125
2025-09-18 01:15:00,2025-09-18 09:10:00,1,3663.56,3641.28,0.27,-603.4499999999931,1281.6286504192124,TIME,drift,-0.4708462157135833
2025-09-18 16:45:00,2025-09-19 17:47:00,-1,3629.89,3665.6499999999996,0.28,-993.6051999999935,1262.8115028929562,TIME,lw,-0.7868198838257
2025-09-19 18:15:00,2025-09-19 23:45:00,1,3672.39,3684.69,0.28,342.44000000000517,1262.7506812577453,TIME,tday,0.27118575747583246
2025-09-19 23:05:00,2025-09-19 23:55:00,1,3683.13,3685.13,0.97,187.21,1292.0363892521411,TIME,fri_close,0.14489529982074362
2025-09-22 01:05:00,2025-09-22 23:45:00,1,3688.2,3747.82,0.28,1667.4000000000099,1279.0742040250484,TIME,strong_close,1.3035991146979278
2025-09-22 15:15:00,2025-09-22 23:45:00,1,3721.12,3747.82,0.28,745.6400000000077,1279.0742040250484,TIME,tday900,0.582952887059714
2025-09-22 18:15:00,2025-09-22 23:45:00,1,3725.39,3747.82,0.28,626.0800000000081,1279.0742040250484,TIME,tday,0.48947902946508604
2025-09-23 01:15:00,2025-09-23 09:10:00,1,3745.1,3755.34,0.17,172.89000000000402,569.3785160369669,TIME,drift,0.3036468625535199
2025-09-22 10:15:00,2025-09-23 11:17:00,1,3711.64,3755.91,0.28,1215.3455999999996,1279.0742040250484,TIME,lw,0.9501759914909512
2025-09-23 01:05:00,2025-09-23 23:45:00,1,3747.08,3763.88,0.27,451.7100000000049,1270.8627694203878,TIME,strong_close,0.355435701532133
2025-09-23 15:15:00,2025-09-23 23:45:00,1,3779.59,3763.88,0.28,-441.840000000001,1317.9317608804022,TIME,tday900,-0.3352525624732224
2025-09-24 01:15:00,2025-09-24 09:10:00,1,3764.33,3775.63,0.27,303.210000000005,1280.1549080477603,TIME,drift,0.2368541479580788
2025-09-23 16:00:00,2025-09-24 18:34:00,1,3784.54,3745.910143178632,0.17,-671.4091659632539,657.0475659632486,SL,trendH4,-1.021857778255294
2025-09-23 12:00:00,2025-09-24 19:43:00,1,3774.5,3735.6090980827707,0.33,-1311.9381632685654,1284.0597632685563,SL,trendH4,-1.0217111389964009
2025-09-26 01:15:00,2025-09-26 09:10:00,1,3746.71,3748.08,0.26,33.79999999999716,1289.3703467395637,TIME,drift,0.026214345696306235
2025-09-26 01:05:00,2025-09-26 23:00:00,1,3747.5,3766.79,0.18,345.95999999999935,1294.2504863034233,TIME,friday,0.26730528878386894
2025-09-26 18:15:00,2025-09-26 23:45:00,1,3774.86,3762.64,0.27,-331.8300000000069,1294.8804863034231,TIME,tday,-0.25626303238787923
2025-09-26 23:05:00,2025-09-26 23:55:00,1,3768.61,3761.35,0.62,-454.46000000001345,1290.9323946749757,TIME,fri_close,-0.3520401237699477
2025-09-22 12:00:00,2025-09-26 23:57:00,1,3720.54,3760.72,0.33,1166.2595999999946,1262.0599967639605,EOD,trendH4,0.9240920423675523
2025-09-22 20:00:00,2025-09-26 23:57:00,1,3737.35,3760.72,0.33,611.5295999999964,1274.679572079474,EOD,trendH4,0.4797516280914155
2025-09-26 16:15:00,2025-09-26 23:57:00,1,3764.66,3760.72,0.27,-108.27000000000147,1294.8804863034231,EOD,lw,-0.0836138942128062
2025-09-29 15:15:00,2025-09-29 23:45:00,1,3824.72,3830.7,0.27,159.5700000000005,1297.4675944246073,TIME,tday900,0.12298573057677452
2025-09-29 18:15:00,2025-09-29 23:45:00,1,3824.27,3830.7,0.27,171.71999999999562,1297.4675944246073,TIME,tday,0.13235012630596674
2025-09-29 10:15:00,2025-09-30 11:17:00,1,3817.48,3838.06,0.27,532.310399999998,1297.4675944246073,TIME,lw,0.4102687437338762
2025-09-30 01:05:00,2025-09-30 12:46:00,1,3832.39,3796.4250050495243,0.26,-936.9098687123646,1304.5065791415793,SL,strong_close,-0.718210152170249
2025-09-30 04:00:00,2025-09-30 12:46:00,1,3839.27,3796.053179711685,0.22,-952.3100463429282,951.2100463429194,SL,trendH4,-1.0011564217642968
2025-10-01 01:05:00,2025-10-01 23:45:00,1,3860.36,3863.58,0.25,78.749999999995,1305.0415885192672,TIME,strong_close,0.06034290454248797
2025-10-02 14:30:00,2025-10-02 17:46:00,1,3883.7400000000002,3832.2927409978556,0.16,-824.2761440343139,823.4761440343078,SL,lw,-1.0009714914096803
2025-10-03 01:05:00,2025-10-03 23:00:00,1,3857.37,3885.69,0.16,452.00000000000256,1279.2817720477856,TIME,friday,0.3533232551859723
2025-10-03 18:15:00,2025-10-03 23:45:00,1,3880.58,3884.78,0.05,20.650000000001363,266.63370250995536,TIME,tday,0.0774470736655294
2025-10-03 23:05:00,2025-10-03 23:55:00,1,3887.03,3886.7,0.61,-24.4000000000233,1296.0114526774246,TIME,fri_close,-0.01882699412078145
2025-09-29 08:00:00,2025-10-03 23:57:00,1,3805.28,3886.67,0.29,2219.984799999996,1304.7251293205934,EOD,trendH4,1.7014961619969746
2025-09-29 12:00:00,2025-10-03 23:57:00,1,3819.01,3886.67,0.29,1821.8147999999956,1293.0373728545633,EOD,trendH4,1.4089421065827983
2025-10-01 01:10:00,2025-10-03 23:57:00,1,3860.38,3886.67,0.12,276.4895999999996,1251.9999249784964,EOD,tom,0.22083835189107412
2025-10-06 01:05:00,2025-10-06 23:45:00,1,3888.7,3958.69,0.24,1678.0800000000056,1280.3787883300863,TIME,strong_close,1.3106121526650834
2025-10-06 01:30:00,2025-10-07 02:32:00,1,3894.01,3969.66,0.23,1720.0595999999919,1284.0899999999947,TIME,inside,1.3395163890381507
2025-10-06 10:15:00,2025-10-07 11:17:00,1,3935.01,3947.89,0.24,288.3647999999917,1280.3787883300863,TIME,lw,0.22521835149744
2025-10-06 04:00:00,2025-10-09 20:06:00,1,3900.71,3963.2495682051153,0.27,1579.3803415381133,1327.248873711831,DAILY_GUARD,trendH4,1.1899654788337943
2025-10-06 08:00:00,2025-10-09 20:06:00,1,3938.89,3963.2495682051153,0.26,528.2047733330021,1319.6039326178607,DAILY_GUARD,trendH4,0.4002752343160552
2025-10-06 12:00:00,2025-10-09 20:06:00,1,3942.68,3963.2495682051153,0.26,429.664773333003,1323.7847359869672,DAILY_GUARD,trendH4,0.324572992611718
2025-10-07 16:00:00,2025-10-09 20:06:00,1,3979.72,3963.2495682051153,0.25,-492.99079487211156,1282.9682521300679,DAILY_GUARD,trendH4,-0.3842579846022035
2025-10-10 01:05:00,2025-10-10 23:00:00,1,3977.7,4011.21,0.14,468.1600000000031,1276.5079230479143,TIME,friday,0.36675056342946843
2025-10-10 18:15:00,2025-10-10 23:45:00,1,4009.45,4012.94,0.22,75.2400000000052,1337.8073479549578,TIME,tday,0.056241281762296334
2025-10-10 23:05:00,2025-10-10 23:55:00,1,4012.89,4018.84,0.31,182.28000000000847,1353.7183332811303,TIME,fri_close,0.13465134919034438
2025-10-13 01:05:00,2025-10-13 23:45:00,1,4013.9300000000003,4110.18,0.22,2115.96,1361.3639659581752,TIME,strong_close,1.5542941145138318
2025-10-13 15:15:00,2025-10-13 23:45:00,1,4074.96,4110.18,0.22,773.3000000000056,1361.3639659581752,TIME,tday900,0.5680332514572841
2025-10-13 01:30:00,2025-10-14 02:32:00,1,4040.52,4115.25,0.14,1034.1128000000003,1298.9937856873494,TIME,inside,0.7960875651555254
2025-10-14 08:00:00,2025-10-14 09:22:00,1,4168.370000000001,4102.370802953298,0.12,-792.8303645604318,792.2303645604266,SL,trendH4,-1.0007573554698805
2025-10-13 10:15:00,2025-10-14 11:17:00,1,4071.96,4140.3,0.22,1484.4544000000033,1361.3639659581752,TIME,lw,1.090416991429028
2025-10-13 12:00:00,2025-10-17 17:15:00,1,4078.05,4219.6134045933595,0.2,2734.4920918671864,1346.7602734740997,DAILY_GUARD,trendH4,2.030422299889569
2025-10-13 16:00:00,2025-10-17 17:15:00,1,4079.86,4219.6134045933595,0.2,2698.2920918671875,1310.6522598003949,DAILY_GUARD,trendH4,2.0587398920581137
2025-10-14 04:00:00,2025-10-17 17:15:00,1,4124.660000000001,4219.6134045933595,0.21,1909.0974964605339,1356.0406715586823,DAILY_GUARD,trendH4,1.40784678254978
2025-10-15 08:00:00,2025-10-17 17:15:00,1,4179.870000000001,4219.6134045933595,0.19,693.3898872738156,1348.5112999445228,DAILY_GUARD,trendH4,0.5141891560733243
2025-10-20 15:15:00,2025-10-20 23:45:00,1,4281.0,4357.21,0.17,1294.3800000000006,1387.001133950939,TIME,tday900,0.933222020023082
2025-10-20 18:15:00,2025-10-20 23:45:00,1,4346.4,4357.21,0.17,182.5800000000068,1387.001133950939,TIME,tday,0.13163651819080996
2025-10-21 01:05:00,2025-10-21 11:03:00,1,4367.09,4279.739433859822,0.16,-1398.729058242844,1397.9290582428378,SL,strong_close,-1.0005722751060142
2025-10-20 18:00:00,2025-10-21 11:13:00,1,4332.58,4259.132547004328,0.17,-1263.3083009264153,1387.001133950939,SL,lw,-0.9108199481624224
2025-10-21 11:15:00,2025-10-22 06:41:00,-1,4244.53,4135.420849210266,0.16,1750.1320126357373,1397.9290582428378,SL,lw,1.2519462288276701
2025-10-23 18:15:00,2025-10-23 23:45:00,1,4144.620000000001,4115.1,0.13,-384.6700000000057,1378.880529642702,TIME,tday,-0.27897268235391076
2025-10-24 01:05:00,2025-10-24 23:00:00,1,4126.64,4103.98,0.09,-204.57000000000684,1414.9001535840346,TIME,friday,-0.14458264032399576
2025-10-24 23:05:00,2025-10-24 23:55:00,1,4101.660000000001,4112.95,0.36,403.9199999999659,1415.2758201653621,TIME,fri_close,0.2854001984947157
2025-10-27 12:00:00,2025-10-28 13:02:00,-1,4043.35,3905.12,0.13,1800.5533000000003,1358.555507702126,TIME,lw,1.3253439331643309
2025-10-28 11:15:00,2025-10-29 12:17:00,-1,3921.74,4015.1,0.13,-1210.1167000000016,1392.6301142948312,TIME,lw,-0.8689433666402894
2025-10-29 15:15:00,2025-10-29 23:45:00,1,4028.61,3936.49,0.13,-1198.4700000000048,1416.8329632737718,TIME,tday900,-0.8458795292500735
2025-10-29 18:15:00,2025-10-29 23:45:00,1,4009.78,3936.49,0.13,-953.6800000000054,1416.8329632737718,TIME,tday,-0.6731068691374932
2025-10-30 18:15:00,2025-10-30 23:45:00,1,4000.53,4020.14,0.12,234.47999999999607,1311.9796828060896,TIME,tday,0.17872227982866726
2025-10-30 11:45:00,2025-10-31 12:47:00,1,3974.18,4004.14,0.12,349.14240000000046,1311.9796828060896,TIME,lw,0.26611875517252476
2025-10-31 01:05:00,2025-10-31 23:00:00,1,4021.22,4001.14,0.08,-161.19999999999942,1313.678276891369,TIME,friday,-0.12270888758353839
2025-10-31 23:05:00,2025-10-31 23:55:00,1,3998.95,4003.4,0.37,162.0600000000101,1410.3129364651538,TIME,fri_close,0.1149106668525651
2025-11-05 18:15:00,2025-11-05 23:45:00,1,3976.91,3982.11,0.13,66.69000000000355,1329.0254429754132,TIME,tday,0.05017962624605472
2025-11-03 01:10:00,2025-11-06 03:16:00,1,3992.82,3969.56,0.06,-163.8240000000013,1283.0612571134145,TIME,tom,-0.12768213449805715
2025-11-05 10:15:00,2025-11-06 11:17:00,1,3982.44,4011.87,0.13,350.6827999999978,1329.0254429754132,TIME,lw,0.26386462490506696
2025-11-06 01:05:00,2025-11-06 23:45:00,1,3968.9900000000002,3978.87,0.14,137.3399999999952,1389.7654429754132,TIME,strong_close,0.09882243129168447
2025-11-06 15:15:00,2025-11-06 23:45:00,1,4012.03,3978.87,0.14,-465.2200000000044,1389.7654429754132,TIME,tday900,-0.33474713474238743
2025-11-06 09:00:00,2025-11-07 10:02:00,1,3991.77,4009.37,0.22,368.174399999998,1361.8000000000084,TIME,inside,0.2703586429725332
2025-11-06 10:15:00,2025-11-07 11:17:00,1,4009.38,4013.14,0.14,40.53279999999669,1389.7654429754132,TIME,lw,0.029165209283962438
2025-11-07 01:05:00,2025-11-07 23:00:00,1,3979.21,4004.05,0.09,222.93000000000131,1297.1569655213523,TIME,friday,0.17186046556085174
2025-11-07 23:05:00,2025-11-07 23:55:00,1,4004.93,4001.5,0.47000000000000003,-164.49999999999233,1406.8048961817833,TIME,fri_close,-0.11693163739084407
2025-11-07 10:15:00,2025-11-07 23:57:00,1,4009.91,4000.91,0.14,-126.98000000000003,1345.526482762884,EOD,lw,-0.09437198124801022
2025-11-07 18:45:00,2025-11-07 23:57:00,1,4021.0,4000.91,0.25,-504.00000000000364,1406.5000000000014,EOD,nr7,-0.3583362957696432
2025-11-10 15:15:00,2025-11-10 23:45:00,1,4103.160000000001,4113.86,0.15,159.44999999998362,1395.4258374426647,TIME,tday900,0.1142661943913842
2025-11-10 18:15:00,2025-11-10 23:45:00,1,4091.56,4113.86,0.15,333.4499999999959,1395.4258374426647,TIME,tday,0.23895931338858895
2025-11-10 03:30:00,2025-11-11 04:32:00,1,4048.22,4131.22,0.19,1560.5688000000087,1396.1199999999972,TIME,nr7,1.1177898747958712
2025-11-10 10:15:00,2025-11-11 11:17:00,1,4079.52,4142.5,0.15,931.7280000000003,1395.4258374426647,TIME,lw,0.6677015538909162
2025-11-11 01:05:00,2025-11-11 23:45:00,1,4116.81,4128.51,0.15,174.44999999999726,1422.9954204824742,TIME,strong_close,0.12259350767330583
2025-11-12 18:15:00,2025-11-12 23:45:00,1,4184.02,4197.41,0.15,199.79999999999126,1376.9386047337264,TIME,tday,0.14510450888159154
2025-11-12 17:15:00,2025-11-13 18:17:00,1,4162.200000000001,4209.26,0.15,669.0839999999924,1376.9386047337264,TIME,lw,0.48592144755021993
2025-11-13 15:00:00,2025-11-13 20:38:00,1,4242.830000000001,4149.5480863736275,0.15,-1400.2787043956002,1399.5287043956039,SL,lw,-1.0005358946891485
2025-11-13 01:05:00,2025-11-13 23:45:00,1,4202.9800000000005,4173.07,0.15,-449.7000000000114,1399.5287043956039,TIME,strong_close,-0.32132245561495465
2025-11-13 15:15:00,2025-11-13 23:45:00,1,4230.76,4173.07,0.15,-866.4000000000075,1399.5287043956039,TIME,tday900,-0.6190655449072539
2025-11-14 01:05:00,2025-11-14 16:33:00,1,4177.1900000000005,4036.602334591837,0.1,-1406.576654081635,1406.0766540816321,SL,friday,-1.0003555993896573
2025-11-14 23:05:00,2025-11-14 23:55:00,1,4084.07,4085.04,0.3,26.999999999993996,1395.7847451477835,TIME,fri_close,0.019343956934516633
2025-11-19 01:05:00,2025-11-19 23:45:00,1,4067.62,4080.17,0.14,174.72000000000259,1383.5977751759683,TIME,strong_close,0.12627947452270324
2025-11-19 12:00:00,2025-11-20 13:02:00,1,4113.56,4060.27,0.14,-780.4216000000059,1383.5977751759683,TIME,lw,-0.5640523669537924
2025-11-21 01:05:00,2025-11-21 23:00:00,1,4073.79,4067.25,0.09,-59.48999999999967,1288.1320058542176,TIME,friday,-0.04618315493259498
2025-11-21 23:05:00,2025-11-21 23:55:00,1,4060.12,4065.82,0.36,202.6800000000098,1414.7151492803291,TIME,fri_close,0.143265589615771
2025-11-25 01:05:00,2025-11-25 23:45:00,1,4135.72,4131.32,0.15,-67.05000000000818,1419.9633446109,TIME,strong_close,-0.04721952876775231
2025-11-26 04:30:00,2025-11-27 05:32:00,1,4162.67,4148.54,0.26,-431.1944000000028,1387.6200000000047,TIME,nr7,-0.31074386359378026
2025-11-26 10:15:00,2025-11-27 11:17:00,1,4165.8,4155.61,0.15,-189.66600000000767,1372.4945342815504,TIME,lw,-0.13819071425249116
2025-11-28 01:05:00,2025-11-28 21:45:00,1,4159.660000000001,4219.15,0.11,653.6199999999876,1379.9493057292864,EOD,friday,0.47365508086875513
2025-11-28 02:30:00,2025-11-28 21:45:00,1,4170.900000000001,4219.15,0.5,2408.9999999999545,1405.4999999999982,EOD,inside,1.7139807897545056
2025-11-28 13:15:00,2025-11-28 21:45:00,1,4172.320000000001,4219.15,0.16,748.1599999999843,1338.5059934344595,EOD,lw,0.5589515502133
2025-11-28 18:15:00,2025-11-28 21:45:00,1,4199.830000000001,4219.15,0.16,307.9999999999808,1338.5059934344595,EOD,tday,0.2301072998632502
2025-12-01 01:05:00,2025-12-01 23:45:00,1,4226.110000000001,4233.26,0.17,120.35999999999383,1407.8867167366766,TIME,strong_close,0.0854898327892281
2025-12-01 15:15:00,2025-12-01 23:45:00,1,4254.4800000000005,4233.26,0.17,-361.9300000000044,1407.8867167366766,TIME,tday900,-0.2570732401246867
2025-12-01 12:15:00,2025-12-02 13:17:00,1,4258.9400000000005,4187.15,0.17,-1235.131600000015,1407.8867167366766,TIME,lw,-0.877294732109492
2025-12-01 01:10:00,2025-12-04 03:16:00,1,4209.52,4214.2,0.08,5.0879999999950485,1324.5098510462838,TIME,tom,0.0038414210328264692
2025-12-03 16:00:00,2025-12-04 17:02:00,1,4237.410000000001,4200.97,0.17,-661.2048000000087,1368.431505757645,TIME,lw,-0.48318443211662715
2025-12-05 01:05:00,2025-12-05 23:00:00,1,4209.26,4202.14,0.12,-86.2799999999987,1362.1284875494462,TIME,friday,-0.06334204209708717
2025-12-05 23:05:00,2025-12-05 23:55:00,1,4200.76,4196.28,0.48,-218.4000000000227,1414.9513597455498,TIME,fri_close,-0.1543515955483427
2025-12-05 15:00:00,2025-12-05 23:57:00,1,4228.990000000001,4199.11,0.18,-539.1000000000183,1362.548487549446,EOD,lw,-0.39565564449716856
2025-12-09 18:15:00,2025-12-09 23:45:00,1,4218.71,4208.75,0.19,-190.5700000000007,1382.9980140366426,TIME,tday,-0.1377948471840333
2025-12-09 11:30:00,2025-12-10 12:32:00,1,4207.42,4190.49,0.19,-338.1012000000055,1382.9980140366426,TIME,lw,-0.24446976537093387
2025-12-11 01:05:00,2025-12-11 23:45:00,1,4228.81,4282.28,0.2,1067.9999999999868,1404.3942232663412,TIME,strong_close,0.7604702314397389
2025-12-11 18:15:00,2025-12-11 23:45:00,1,4256.150000000001,4282.28,0.2,521.199999999984,1404.3942232663412,TIME,tday,0.3711208657550418
2025-12-12 12:00:00,2025-12-12 18:39:00,1,4318.540000000001,4266.071325557459,0.27,-1418.5442099486254,1417.1942099486234,SL,trendH4,-1.0009525864490025
2025-12-12 15:15:00,2025-12-12 18:39:00,1,4337.280000000001,4266.263125348349,0.14,-995.2162451231276,994.5162451231222,SL,tday900,-1.0007038597945865
2025-12-11 17:45:00,2025-12-12 18:47:00,1,4254.9400000000005,4271.82,0.2,320.303999999984,1404.3942232663412,TIME,lw,0.22807271255717693
2025-12-12 01:05:00,2025-12-12 23:00:00,1,4283.17,4299.35,0.13,209.4300000000038,1384.764055707206,TIME,friday,0.1512387609548739
2025-12-12 23:05:00,2025-12-12 23:55:00,1,4300.09,4300.48,0.32,10.239999999981373,1389.9795911482872,TIME,fri_close,0.007367014641935803
2025-12-11 20:00:00,2025-12-12 23:57:00,1,4278.93,4300.02,0.26,525.8552000000037,1375.1139305328597,EOD,trendH4,0.38240845963667436
2025-12-12 11:15:00,2025-12-12 23:57:00,1,4317.14,4300.02,0.2,-343.7999999999978,1420.7374930330316,EOD,lw,-0.24198699737700566
2025-12-15 10:15:00,2025-12-16 11:17:00,1,4343.1,4284.53,0.19,-1129.2612000000117,1383.7148599255665,TIME,lw,-0.8161083129950324
2025-12-17 15:45:00,2025-12-18 16:47:00,1,4338.52,4314.37,0.19,-505.48360000001037,1361.044598609291,TIME,lw,-0.37139385477633224
2025-12-18 18:15:00,2025-12-18 23:45:00,1,4362.490000000001,4330.89,0.2,-633.4000000000073,1398.1300587910364,TIME,tday,-0.45303367595694816
2025-12-19 01:05:00,2025-12-19 23:00:00,1,4336.030000000001,4339.54,0.13,44.71999999999102,1357.0020353697425,TIME,friday,0.032954998470437924
2025-12-19 23:05:00,2025-12-19 23:55:00,1,4337.86,4338.53,0.62,37.20000000000451,1405.5754029314905,TIME,fri_close,0.02646602944418321
2025-12-22 15:15:00,2025-12-22 23:45:00,1,4425.76,4445.08,0.2,384.99999999999426,1360.3876527330876,TIME,tday900,0.28300756716404313
2025-12-22 02:15:00,2025-12-23 03:17:00,1,4359.91,4483.83,0.27,3322.490400000002,1363.230000000002,TIME,inside,2.437219251336896
2025-12-22 10:15:00,2025-12-23 11:17:00,1,4412.51,4479.24,0.2,1317.3039999999912,1360.3876527330876,TIME,lw,0.9683298707934175
2025-12-23 04:00:00,2025-12-23 17:03:00,1,4486.96,4431.3514019013255,0.02,-111.35719619734904,111.25719619734852,SL,trendH4,-1.0008988182645115
2025-12-23 14:00:00,2025-12-24 15:02:00,1,4493.79,4490.61,0.2,-80.89600000000583,1422.0456775378668,TIME,lw,-0.0568870615605466
2025-12-22 04:00:00,2025-12-26 23:57:00,1,4383.19,4531.07,0.25,3595.900000000003,1370.6028594432926,EOD,trendH4,2.623590032097682
2025-12-22 08:00:00,2025-12-26 23:57:00,1,4400.3,4531.07,0.25,3168.1499999999883,1379.3602164711283,EOD,trendH4,2.296825703807227
2025-12-22 12:00:00,2025-12-26 23:57:00,1,4411.34,4531.07,0.25,2892.149999999989,1363.9047056475715,EOD,trendH4,2.120492720660289
2025-12-29 10:15:00,2025-12-30 11:17:00,-1,4483.74,4373.599999999999,0.2,2208.2820000000065,1427.3623737429639,TIME,lw,1.5471067758422423
2025-12-30 15:15:00,2025-12-30 23:45:00,1,4399.62,4348.81,0.17,-864.9599999999914,1426.1367307042674,TIME,tday900,-0.6065056606268385
2025-12-31 11:00:00,2026-01-02 10:45:00,-1,4307.24,4390.9053676435105,0.17,-1405.952149939683,1422.651249939677,SL,lw,-0.9882619862030825
2026-01-02 15:15:00,2026-01-02 18:23:00,1,4400.01,4315.256444331026,0.17,-1442.000446372567,1441.1504463725576,SL,tday900,-1.0005898065688763
2026-01-02 23:05:00,2026-01-02 23:55:00,1,4330.9,4333.0,0.44,89.32000000001601,1456.9402726262906,TIME,fri_close,0.061306562580638366
2026-01-05 18:15:00,2026-01-05 23:45:00,1,4446.62,4445.96,0.17,-12.409999999997526,1450.605414488803,TIME,tday,-0.008555048723826003
2026-01-05 01:07:00,2026-01-05 23:47:00,1,4354.849999999999,4445.65,0.08,725.8400000000015,682.6378421123778,TIME,season,1.063287083168342
2026-01-05 10:15:00,2026-01-06 11:17:00,1,4424.58,4455.39,0.17,509.0684000000069,1450.605414488803,TIME,lw,0.3509351301983137
2026-01-06 01:05:00,2026-01-06 23:45:00,1,4454.62,4496.26,0.16,665.1200000000052,1408.3159924944152,TIME,strong_close,0.47228037141149115
2026-01-06 18:15:00,2026-01-06 23:45:00,1,4479.08,4496.26,0.16,273.76000000000465,1408.3159924944152,TIME,tday,0.19438819232260496
2026-01-06 01:07:00,2026-01-06 23:47:00,1,4454.28,4496.39,0.08,336.32000000000465,704.1579962472076,TIME,season,0.4776200821298823
2026-01-07 01:05:00,2026-01-07 23:45:00,1,4498.7699999999995,4453.24,0.17,-775.1999999999958,1474.0174747377935,TIME,strong_close,-0.525909640343913
2026-01-07 01:07:00,2026-01-07 23:47:00,1,4499.219999999999,4453.36,0.08,-367.4399999999974,693.6552822295498,TIME,season,-0.5297155653727168
2026-01-08 01:07:00,2026-01-08 23:47:00,1,4462.0599999999995,4474.29,0.08,97.28000000000378,688.1541906417249,TIME,season,0.1413636672172078
2026-01-09 01:05:00,2026-01-09 23:00:00,1,4477.57,4507.59,0.11,329.4500000000048,1402.3513740415178,TIME,friday,0.23492685649142536
2026-01-09 01:07:00,2026-01-09 23:47:00,1,4476.44,4510.15,0.08,269.1200000000003,680.1146055958874,TIME,season,0.3956980158722056
2026-01-09 23:05:00,2026-01-09 23:55:00,1,4506.98,4509.97,0.46,134.3200000000318,1467.8597159650394,TIME,fri_close,0.09150738216950355
2026-01-09 17:45:00,2026-01-09 23:57:00,1,4514.62,4509.38,0.17,-90.26999999999629,1445.2435368912609,EOD,lw,-0.06246006136389188
2026-01-12 01:05:00,2026-01-12 23:45:00,1,4521.67,4590.39,0.17,1167.0500000000043,1420.041855684743,TIME,strong_close,0.8218419727052719
2026-01-12 15:15:00,2026-01-12 23:45:00,1,4606.8099999999995,4590.39,0.17,-280.3299999999858,1420.041855684743,TIME,tday900,-0.19740967414288707
2026-01-12 01:07:00,2026-01-12 23:47:00,1,4528.07,4590.86,0.08,501.75999999999976,668.2549909104673,TIME,season,0.7508511074737719
2026-01-12 01:30:00,2026-01-13 02:32:00,1,4538.08,4590.39,0.17,874.5684000000068,1445.1700000000087,TIME,nr7,0.605166451005765
2026-01-12 10:15:00,2026-01-13 11:17:00,1,4583.639999999999,4594.46,0.17,169.23840000001053,1420.041855684743,TIME,lw,0.11917845894648219
2026-01-13 01:07:00,2026-01-13 23:47:00,1,4593.09,4589.51,0.08,-29.199999999999413,689.5567772740052,TIME,season,-0.042346041634794024
2026-01-14 01:07:00,2026-01-14 23:47:00,1,4591.94,4620.09,0.08,224.64000000000436,677.4855788972906,TIME,season,0.33157901363102027
2026-01-14 10:15:00,2026-01-15 11:17:00,1,4627.57,4602.5,0.17,-467.9147999999951,1439.6568551567425,TIME,lw,-0.325018283574978
2026-01-15 01:07:00,2026-01-15 23:47:00,1,4616.7,4615.13,0.09,-14.759999999997381,744.0390422409195,TIME,season,-0.019837668673330318
2026-01-16 01:07:00,2026-01-16 17:34:00,1,4617.91,4537.487638498952,0.09,-724.4312535094303,723.9812535094255,SL,season,-1.0006215630554292
2026-01-16 01:05:00,2026-01-16 23:00:00,1,4618.95,4581.94,0.12,-444.9600000000026,1447.5425070188508,TIME,friday,-0.3073899369742018
2026-01-16 23:05:00,2026-01-16 23:55:00,1,4582.85,4595.59,0.38,481.4599999999917,1475.2956033561863,TIME,fri_close,0.3263481561964304
2026-01-12 04:00:00,2026-01-16 23:57:00,1,4570.48,4595.81,0.2,409.8240000000168,1433.438290016462,EOD,trendH4,0.28590278552926773
2026-01-19 01:07:00,2026-01-20 03:17:00,1,4653.92,4671.53,0.09,150.70679999999706,726.4225925444665,TIME,season,0.20746436240661367
2026-01-19 10:15:00,2026-01-20 13:45:00,1,4669.69,4732.24,0.18,1110.3336000000033,1452.845185088933,TIME,lw,0.7642477060844143
2026-01-20 15:15:00,2026-01-20 23:45:00,1,4723.94,4759.24,0.18,634.1400000000032,1471.16195758258,TIME,tday900,0.4310470351218331
2026-01-20 01:07:00,2026-01-20 23:47:00,1,4668.76,4759.7,0.09,817.8299999999964,735.58097879129,TIME,season,1.111815046310548
2026-01-20 10:15:00,2026-01-21 11:17:00,1,4724.72,4860.88,0.18,2435.313599999997,1471.16195758258,TIME,lw,1.6553674375877117
2026-01-21 15:15:00,2026-01-21 21:36:00,1,4869.44,4785.940295838994,0.18,-1504.2546748981056,1503.3546748981098,SL,tday900,-1.0005986611243662
2026-01-19 04:00:00,2026-01-23 23:57:00,1,4657.62,4988.0,0.2,6510.824000000002,1474.986552089457,EOD,trendH4,4.414158210986269
2026-01-20 08:00:00,2026-01-23 23:57:00,1,4714.85,4988.0,0.22,5920.331999999992,1429.925362919982,EOD,trendH4,4.140308405964886
2026-01-20 12:00:00,2026-01-23 23:57:00,1,4732.71,4988.0,0.23,5778.657999999999,1493.4423718091637,EOD,trendH4,3.869354525544701
2026-01-26 18:15:00,2026-01-26 21:48:00,1,5101.77,5009.1627186436845,0.17,-1575.5137830573717,1574.6637830573677,SL,tday,-1.0005397977708954
2026-01-26 10:15:00,2026-01-26 23:36:00,1,5096.4,5003.792718643684,0.17,-1575.5137830573717,1574.6637830573677,SL,lw,-1.0005397977708954
2026-01-26 01:05:00,2026-01-26 23:45:00,1,5014.38,5005.28,0.17,-155.89000000000618,1574.6637830573677,TIME,strong_close,-0.09899891118174453
2026-01-26 01:07:00,2026-01-26 23:47:00,1,5015.26,5011.73,0.08,-28.800000000005237,741.018250850526,TIME,season,-0.03886543950428909
2026-01-27 15:15:00,2026-01-27 23:45:00,1,5090.46,5185.33,0.16,1516.7999999999984,1516.942465865263,TIME,tday900,0.99990608354076
2026-01-27 18:15:00,2026-01-27 23:45:00,1,5095.33,5185.33,0.16,1438.88,1516.942465865263,TIME,tday,0.948539600135239
2026-01-27 01:07:00,2026-01-27 23:47:00,1,5035.31,5181.66,0.08,1170.2399999999957,758.4712329326316,TIME,season,1.5428930580204854
2026-01-27 10:15:00,2026-01-28 11:17:00,1,5086.85,5280.61,0.16,3086.323199999989,1516.942465865263,TIME,lw,2.034568396263831
2026-01-28 01:05:00,2026-01-28 23:45:00,1,5182.41,5386.5,0.15,3060.300000000002,1515.391878766636,TIME,strong_close,2.0194776300970765
2026-01-28 15:15:00,2026-01-28 23:45:00,1,5275.67,5386.5,0.16,1772.1599999999992,1616.418004017745,TIME,tday900,1.0963500750394664
2026-01-28 01:07:00,2026-01-28 23:47:00,1,5179.54,5383.7,0.07,1428.6299999999992,707.1828767577634,TIME,season,2.0201705201770013
2026-01-26 04:00:00,2026-01-29 17:16:00,1,5071.03,5325.483339731263,0.17,4256.95877543148,1546.017741522839,SL,trendH4,2.7534993041142877
2026-01-28 04:00:00,2026-01-29 17:17:00,1,5204.91,5288.371329322708,0.1,810.0692932270847,1033.1289022576361,SL,trendH4,0.7840931479671972
2026-01-28 12:00:00,2026-01-29 17:17:00,1,5278.37,5282.3250747137445,0.15,22.510120706168692,1579.9246264312749,SL,trendH4,0.014247591517713367
2026-01-30 01:07:00,2026-01-30 03:59:00,1,5440.51,5300.739565472258,0.06,-839.042607166455,838.7426071664519,SL,season,-1.0003576782643924
2026-01-30 01:05:00,2026-01-30 04:14:00,1,5419.81,5210.179348208388,0.08,-1677.605214332902,1677.2052143329038,SL,friday,-1.0002384919845109
2026-01-30 10:15:00,2026-01-30 21:00:00,-1,5145.59,4899.840651791613,0.11,2702.472830292261,1537.6947798051617,SL,lw,1.757483257265584
2026-01-30 23:05:00,2026-01-30 23:55:00,1,4859.42,4883.16,0.06,142.0199999999987,1463.2127928393681,TIME,fri_close,0.09706038704350618
2026-02-02 01:10:00,2026-02-02 08:24:00,1,4816.34,4448.107764448479,0.04,-1473.2089422060828,1473.0089422060832,SL,tom,-1.000135776500922
2026-02-03 15:15:00,2026-02-03 23:45:00,1,4928.99,4940.36,0.08,90.39999999999912,1644.4025891913632,TIME,tday900,0.054974372209212724
2026-02-03 18:15:00,2026-02-03 23:45:00,1,4944.41,4940.36,0.08,-32.96000000000146,1644.4025891913632,TIME,tday,-0.02004375340725386
2026-02-03 10:15:00,2026-02-04 11:17:00,1,4928.73,5065.43,0.08,1086.6816000000058,1644.4025891913632,TIME,lw,0.6608367118507048
2026-02-04 10:15:00,2026-02-04 18:48:00,1,5077.74,4862.904699468859,0.07,-1504.337103717987,1503.9871037179828,SL,lw,-1.0002327147614092
2026-02-04 01:05:00,2026-02-04 23:45:00,1,4957.98,4961.8,0.07,26.250000000004334,1503.9871037179828,TIME,strong_close,0.017453607105481238
2026-02-05 11:15:00,2026-02-06 12:17:00,-1,4862.94,4874.21,0.07,-76.97130000000307,1515.3094534524125,TIME,lw,-0.05079576308630237
2026-02-06 15:15:00,2026-02-06 23:45:00,1,4909.91,4960.54,0.07,353.92000000000075,1539.0180639200973,TIME,tday900,0.229964812172845
2026-02-06 18:15:00,2026-02-06 23:45:00,1,4941.0,4960.54,0.07,136.28999999999976,1539.0180639200973,TIME,tday,0.088556465447098
2026-02-06 23:05:00,2026-02-06 23:55:00,1,4951.92,4964.33,0.27,333.1799999999961,1630.2941424787873,TIME,fri_close,0.20436802863893702
2026-02-06 14:15:00,2026-02-06 23:57:00,1,4896.09,4966.25,0.07,490.62999999999903,1539.0180639200973,EOD,lw,0.31879417890021045
2026-02-09 01:05:00,2026-02-09 23:45:00,1,4988.01,5061.7,0.07,515.3399999999972,1587.203202211519,TIME,strong_close,0.3246843247808167
2026-02-09 18:15:00,2026-02-09 23:45:00,1,5063.88,5061.7,0.07,-15.75000000000204,1587.203202211519,TIME,tday,-0.009923115060539748
2026-02-10 18:30:00,2026-02-11 19:32:00,-1,5010.12,5084.94,0.07,-521.8212999999981,1534.511544910696,TIME,lw,-0.3400569397673489
2026-02-12 17:00:00,2026-02-13 18:02:00,-1,5044.42,4982.69,0.08,496.03280000000376,1617.364612769141,TIME,lw,0.3066920075311468
2026-02-13 18:15:00,2026-02-13 23:45:00,1,4997.82,5038.85,0.08,327.68000000000524,1628.369997571345,TIME,tday,0.20123190705351246
2026-02-13 23:05:00,2026-02-13 23:55:00,1,5034.2,5042.99,0.31,270.31999999999886,1676.515034214992,TIME,fri_close,0.16123923405588364
2026-02-13 18:30:00,2026-02-13 23:57:00,1,5028.11,5043.21,0.08,120.24000000000291,1628.369997571345,EOD,lw,0.07384071198765423
2026-02-16 01:05:00,2026-02-17 03:15:00,1,5015.38,4950.28,0.08,-527.7184000000028,1602.9092834591063,TIME,strong_close,-0.32922536880014647
2026-02-17 10:15:00,2026-02-18 11:17:00,-1,4927.65,4917.0199999999995,0.08,87.23280000000086,1538.375763212027,TIME,lw,0.05670448149668227
2026-02-18 15:15:00,2026-02-18 23:45:00,1,4957.89,4980.09,0.08,177.03999999999854,1518.9946372683112,TIME,tday900,0.11655077355531616
2026-02-18 18:15:00,2026-02-18 23:45:00,1,4999.83,4980.09,0.08,-158.47999999999826,1518.9946372683112,TIME,tday,-0.10433216557301431
2026-02-18 15:00:00,2026-02-19 16:02:00,1,4943.31,4990.1,0.08,354.6847999999997,1518.9946372683112,TIME,lw,0.23349970519833319
2026-02-20 01:05:00,2026-02-20 23:00:00,1,5002.09,5096.75,0.06,567.5399999999992,1606.6881908705993,TIME,friday,0.3532359316666616
2026-02-20 18:15:00,2026-02-20 23:45:00,1,5054.69,5099.62,0.09,403.7400000000026,1606.8981908705996,TIME,tday,0.25125425014092573
2026-02-20 23:05:00,2026-02-20 23:55:00,1,5095.44,5103.91,0.38,319.20000000000965,1662.4924620286472,TIME,fri_close,0.19200087055462953
2026-02-20 08:45:00,2026-02-20 23:57:00,1,5027.14,5107.86,0.25,2016.2499999999836,1666.7499999999864,EOD,nr7,1.2096895155242238
2026-02-20 10:45:00,2026-02-20 23:57:00,1,5022.82,5107.86,0.09,764.7299999999997,1606.8981908705996,EOD,lw,0.47590445016661415
2026-02-23 01:05:00,2026-02-23 23:45:00,1,5117.85,5228.81,0.09,998.0100000000003,1573.2997486655568,TIME,strong_close,0.6343419306120741
2026-02-23 18:15:00,2026-02-23 23:45:00,1,5202.7,5228.81,0.09,234.36000000000524,1573.2997486655568,TIME,tday,0.14896080686390817
2026-02-23 13:00:00,2026-02-24 14:02:00,1,5163.11,5170.51,0.09,58.81680000000492,1573.2997486655568,TIME,lw,0.037384357335525045
2026-02-24 01:05:00,2026-02-24 23:45:00,1,5243.35,5150.82,0.09,-833.4000000000059,1549.9954809037313,TIME,strong_close,-0.5376789869826515
2026-02-25 18:45:00,2026-02-26 19:47:00,1,5207.79,5174.12,0.09,-325.1196000000007,1539.7086608391794,TIME,lw,-0.2111565702454401
2026-02-27 01:05:00,2026-02-27 23:00:00,1,5182.33,5263.33,0.07,566.5100000000001,1671.8519862013177,TIME,friday,0.3388517671873515
2026-02-27 18:15:00,2026-02-27 23:45:00,1,5254.04,5274.59,0.1,204.80000000000186,1592.473320191731,TIME,tday,0.12860498031787704
2026-02-27 23:05:00,2026-02-27 23:55:00,1,5259.97,5280.2,0.41000000000000003,826.5599999999822,1667.8057621476803,TIME,fri_close,0.49559728042646745
2026-03-02 01:05:00,2026-03-02 23:46:00,1,5358.35,5328.51,0.1,-299.10000000000144,1560.3252258923217,TIME,strong_close,-0.19169080588885024
2026-03-02 10:15:00,2026-03-03 11:18:00,1,5409.95,5301.77,0.1,-1090.447999999994,1560.3252258923217,TIME,lw,-0.6988594312934898
2026-03-02 01:10:00,2026-03-03 16:50:00,1,5351.58,5039.604954821535,0.05,-1564.199225892324,1559.9752258923218,SL,tom,-1.0027077353088003
2026-03-05 16:45:00,2026-03-06 17:47:00,-1,5097.3099999999995,5151.929999999999,0.1,-543.4589999999989,1688.4908969699097,TIME,lw,-0.3218607817046963
2026-03-06 23:05:00,2026-03-06 23:55:00,1,5161.29,5171.45,0.31,312.7899999999955,1684.4285875495075,TIME,fri_close,0.18569501984945513
2026-03-09 01:05:00,2026-03-09 23:45:00,1,5166.05,5139.42,0.1,-267.0000000000011,1631.4324570811973,TIME,strong_close,-0.16365985538726618
2026-03-10 18:15:00,2026-03-10 23:45:00,1,5223.71,5197.92,0.1,-258.5999999999996,1645.9801387182551,TIME,tday,-0.1571100366990908
2026-03-10 16:30:00,2026-03-11 17:32:00,1,5221.900000000001,5191.81,0.1,-309.5480000000014,1645.9801387182551,TIME,lw,-0.18806302258364443
2026-03-12 17:45:00,2026-03-13 18:47:00,-1,5148.7,5045.41,0.1,1035.6409999999996,1552.552262466251,TIME,lw,0.6670570936883434
2026-03-13 23:05:00,2026-03-13 23:55:00,1,5020.530000000001,5021.58,0.31,30.379999999977443,1669.165399167099,TIME,fri_close,0.01820071277246511
2026-03-17 07:45:00,2026-03-18 08:47:00,1,5039.99,4999.75,0.23,-945.4103999999951,1662.2100000000169,TIME,nr7,-0.5687671232876625
2026-03-18 14:00:00,2026-03-19 15:02:00,-1,4967.8099999999995,4642.8099999999995,0.12,3911.5476,1683.7073574020799,TIME,lw,2.323175451365506
2026-03-19 10:45:00,2026-03-20 06:10:00,-1,4739.66,4720.58960398417,0.11,212.78945617412808,1597.747095883914,SL,lw,0.13318093753530347
2026-03-20 23:05:00,2026-03-20 23:55:00,1,4503.25,4497.54,0.16,-92.48000000000059,1635.0687804224888,TIME,fri_close,-0.05656031177850787
2026-03-23 10:15:00,2026-03-23 12:21:00,-1,4130.46,4298.349619297023,0.1,-1679.5961929702328,1679.0961929702298,SL,lw,-1.0002977792470118
2026-03-25 01:05:00,2026-03-25 23:45:00,1,4479.67,4504.62,0.09,223.91999999999834,1678.7941375039381,TIME,strong_close,0.13338145219694816
2026-03-25 10:15:00,2026-03-26 11:17:00,1,4557.03,4435.49,0.09,-1115.9495999999997,1678.7941375039381,TIME,lw,-0.664732843098448
2026-03-26 15:15:00,2026-03-26 23:45:00,-1,4441.99,4406.219999999999,0.09,321.30000000000393,1653.1552705393713,TIME,tday900,0.19435560937671276
2026-03-27 01:05:00,2026-03-27 23:00:00,1,4387.3099999999995,4514.39,0.06,762.0600000000051,1659.0434655008446,TIME,friday,0.4593369708791497
2026-03-27 23:05:00,2026-03-27 23:55:00,1,4513.78,4495.59,0.24,-438.2399999999904,1678.3156526214107,TIME,fri_close,-0.26111893749873
2026-03-27 10:15:00,2026-03-27 23:57:00,1,4455.3099999999995,4495.49,0.09,360.99000000000257,1659.2534655008446,EOD,lw,0.21756169717628884
2026-03-30 14:45:00,2026-03-31 15:47:00,1,4566.44,4576.62,0.09,83.83680000000261,1656.468932250784,TIME,lw,0.050611755142359646
2026-03-31 14:45:00,2026-04-01 15:47:00,1,4592.28,4741.77,0.09,1337.6268000000061,1641.6240085185855,TIME,lw,0.8148192235608757
2026-04-01 01:05:00,2026-04-01 23:45:00,1,4674.8,4759.98,0.09,765.9899999999944,1655.925865052972,TIME,strong_close,0.46257505614569944
2026-04-01 14:45:00,2026-04-02 09:07:00,1,4760.84,4576.868237216337,0.09,-1677.8354650529714,1655.925865052972,SL,lw,-1.0132310271023506
2026-04-01 01:10:00,2026-04-07 03:19:00,1,4669.969999999999,4659.69,0.04,-57.29599999999898,1471.6541022693086,TIME,tom,-0.038933061723979735
2026-04-08 01:05:00,2026-04-08 23:45:00,1,4744.969999999999,4722.33,0.09,-204.38999999999473,1569.912066112504,TIME,strong_close,-0.13019200527970692
2026-04-08 10:15:00,2026-04-09 11:17:00,1,4812.73,4723.52,0.09,-824.9795999999922,1569.912066112504,TIME,lw,-0.5254941456962291
2026-04-09 18:45:00,2026-04-10 19:47:00,1,4790.54,4759.7,0.09,-285.34320000000133,1559.334061390182,TIME,lw,-0.18299042332571852
2026-04-10 01:05:00,2026-04-10 23:00:00,1,4772.6,4759.68,0.06,-77.94000000000044,1513.61662843374,TIME,friday,-0.0514925632659382
2026-04-10 23:05:00,2026-04-10 23:55:00,1,4753.25,4749.29,0.47000000000000003,-189.41000000000173,1668.8324849899034,TIME,fri_close,-0.1134985097088086
2026-04-13 01:30:00,2026-04-14 02:32:00,-1,4647.2699999999995,4756.6,0.11,-1199.6149000000091,1627.120000000004,TIME,inside,-0.7372627095727459
2026-04-14 16:45:00,2026-04-15 17:47:00,1,4793.43,4818.38,0.1,240.85199999999818,1576.379082796497,TIME,lw,0.15278812224070282
2026-04-15 01:05:00,2026-04-15 23:45:00,1,4849.49,4790.77,0.11,-646.6899999999928,1692.9022059992787,TIME,strong_close,-0.3820008017641323
2026-04-17 01:05:00,2026-04-17 23:00:00,1,4795.75,4854.47,0.07,410.5500000000018,1501.3264585091463,TIME,friday,0.27345817938071104
2026-04-17 23:05:00,2026-04-17 23:55:00,1,4850.38,4834.56,0.43,-683.2699999999875,1668.426459327298,TIME,fri_close,-0.4095295877023425
2026-04-17 15:45:00,2026-04-17 23:57:00,1,4823.65,4832.51,0.11,96.6900000000064,1573.0748612952957,EOD,lw,0.06146560623338057
2026-04-20 16:30:00,2026-04-21 17:32:00,1,4824.64,4771.18,0.11,-597.5728000000004,1556.404514059918,TIME,lw,-0.3839444017296105
2026-04-21 01:05:00,2026-04-21 22:42:00,1,4825.49,4687.293060501435,0.12,-1659.2032739827735,1658.603273982774,SL,strong_close,-1.0003617501601565
2026-04-23 03:15:00,2026-04-24 04:17:00,-1,4699.5,4709.94,0.23,-233.8156999999908,1667.0399999999968,TIME,inside,-0.1402580022075003
2026-04-23 10:15:00,2026-04-24 11:17:00,-1,4712.21,4690.0,0.12,269.8092000000005,1609.8430270565755,TIME,lw,0.1675996947934219
2026-04-24 23:05:00,2026-04-24 23:55:00,1,4711.61,4708.2,0.55,-191.399999999992,1661.7275119946141,TIME,fri_close,-0.11518133906939391
2026-04-28 15:15:00,2026-04-28 23:45:00,-1,4581.53,4593.65,0.13,-158.46999999999858,1597.5045145700574,TIME,tday900,-0.09919846770677092
2026-04-28 18:15:00,2026-04-28 23:45:00,-1,4572.65,4593.65,0.13,-273.91,1597.5045145700574,TIME,tday,-0.17146117428889926
2026-04-28 08:15:00,2026-04-29 09:17:00,-1,4652.349999999999,4587.41,0.21,1369.4960999999917,1630.439999999994,TIME,inside,0.8399549201442535
2026-04-28 10:15:00,2026-04-29 11:17:00,-1,4634.139999999999,4566.87,0.13,878.0732999999939,1597.5045145700574,TIME,lw,0.5496530945556127
2026-04-29 16:30:00,2026-04-30 17:32:00,-1,4537.8,4620.11,0.13,-1057.5200999999934,1619.3770492436247,TIME,lw,-0.6530413040582104
2026-05-01 01:05:00,2026-05-01 23:00:00,1,4629.0599999999995,4610.79,0.09,-165.05999999999574,1643.173735419674,TIME,friday,-0.10045194640227052
2026-05-01 23:05:00,2026-05-01 23:55:00,1,4609.46,4616.35,0.44,300.0800000000144,1666.9473239329793,TIME,fri_close,0.180017686037018
2026-05-01 01:10:00,2026-05-01 23:57:00,1,4631.47,4615.55,0.06,-95.94000000000044,1460.4588759285991,EOD,tom,-0.06569168196468332
2026-05-04 18:15:00,2026-05-04 23:45:00,-1,4548.5199999999995,4518.94,0.13,383.62999999999903,1562.580297809127,TIME,tday,0.24551058306435936
2026-05-04 10:15:00,2026-05-05 11:17:00,-1,4591.92,4550.61,0.13,540.5933000000052,1562.580297809127,TIME,lw,0.345961932809446
2026-05-05 16:15:00,2026-05-06 17:17:00,1,4579.05,4714.75,0.13,1752.8575999999975,1578.3395622513324,TIME,lw,1.1105706540737874
2026-05-06 10:15:00,2026-05-07 11:17:00,1,4658.82,4740.24,0.14,1105.5184000000013,1651.3695622513326,TIME,lw,0.6694554782109671
2026-05-07 01:05:00,2026-05-07 23:45:00,1,4690.91,4703.87,0.13,167.57000000000048,1588.0006939820166,TIME,strong_close,0.10552262391007376
2026-05-08 01:05:00,2026-05-08 23:00:00,1,4694.26,4723.94,0.09,266.48999999999444,1607.6995977683732,TIME,friday,0.1657585785117479
2026-05-08 23:05:00,2026-05-08 23:55:00,1,4723.32,4715.39,0.62,-495.9999999999616,1681.6496149714915,TIME,fri_close,-0.29494848129131235
2026-05-08 10:15:00,2026-05-08 23:57:00,1,4715.5599999999995,4715.63,0.14,8.658407324446671e-12,1667.5706939820168,EOD,lw,5.192228045079835e-15
2026-05-11 07:30:00,2026-05-12 01:46:00,-1,4671.71,4749.37,0.21,-1625.1038999999969,1631.2799999999932,SL,nr7,-0.9962139546858931
2026-05-12 12:45:00,2026-05-13 13:47:00,-1,4695.17,4695.179999999999,0.14,3.6974000000096767,1605.8307514436783,TIME,lw,0.002302484241683397
2026-05-15 01:05:00,2026-05-15 23:00:00,1,4653.15,4545.82,0.1,-1073.9999999999993,1639.1806438417946,TIME,friday,-0.6552053942528474
2026-05-15 23:05:00,2026-05-15 23:55:00,1,4540.25,4538.42,0.42,-79.79999999999694,1680.254591480669,TIME,fri_close,-0.04749280281964641
2026-05-19 01:05:00,2026-05-19 23:45:00,1,4570.67,4483.38,0.15,-1310.3999999999994,1677.715963312568,TIME,strong_close,-0.7810618892918434
2026-05-20 18:45:00,2026-05-21 19:47:00,1,4537.17,4520.16,0.14,-272.50160000000307,1578.4005015375596,TIME,lw,-0.17264414179706128
2026-05-21 01:05:00,2026-05-21 23:45:00,1,4544.79,4540.76,0.15,-61.49999999999617,1676.7081520399186,TIME,strong_close,-0.036679012936851274
2026-05-22 01:05:00,2026-05-22 23:00:00,1,4545.14,4508.29,0.1,-369.2000000000036,1644.6539983227813,TIME,friday,-0.22448490708472052
2026-05-22 23:05:00,2026-05-22 23:55:00,1,4506.509999999999,4507.02,0.58,25.520000000065412,1650.6638074674167,TIME,fri_close,0.015460446812134496
2026-05-25 10:15:00,2026-05-26 13:45:00,1,4561.04,4533.22,0.15,-430.27199999999567,1585.4465698711545,TIME,lw,-0.27138852117543316
2026-05-26 01:05:00,2026-05-26 23:45:00,1,4571.3,4508.77,0.16,-1001.5999999999958,1652.6556501580958,TIME,strong_close,-0.6060548668466907
2026-05-27 15:15:00,2026-05-27 23:45:00,-1,4430.34,4453.86,0.16,-377.43999999999244,1646.254532289661,TIME,tday900,-0.2292719580094564
2026-05-27 18:15:00,2026-05-27 23:45:00,-1,4432.05,4453.86,0.16,-350.07999999999186,1646.254532289661,TIME,tday,-0.21265241378749003
2026-05-27 10:15:00,2026-05-28 11:17:00,-1,4480.28,4393.889999999999,0.16,1397.6368000000055,1646.254532289661,TIME,lw,0.8489797735324255
2026-05-28 10:15:00,2026-05-28 19:18:00,-1,4388.76,4494.106557677525,0.15,-1581.248365162878,1580.4983651628752,SL,lw,-1.000474533866364
2026-05-29 01:05:00,2026-05-29 23:00:00,1,4497.58,4545.51,0.1,478.600000000003,1628.141339079813,TIME,friday,0.2939548235231816
2026-05-29 23:05:00,2026-05-29 23:55:00,1,4544.759999999999,4539.91,0.45,-221.39999999997545,1641.9179385388238,TIME,fri_close,-0.1348423053328742
2026-05-29 18:00:00,2026-05-29 23:57:00,1,4564.44,4541.17,0.15,-350.0999999999929,1628.4913390798129,EOD,lw,-0.2149842566542716
2026-06-02 10:15:00,2026-06-03 11:17:00,1,4540.25,4454.25,0.15,-1302.972,1615.2443178800431,TIME,lw,-0.806671774403831
2026-06-01 01:10:00,2026-06-04 03:16:00,1,4526.05,4451.62,0.07,-549.3180000000021,1517.0791605358377,TIME,tom,-0.36208921346331135
2026-06-04 10:30:00,2026-06-05 11:32:00,1,4465.41,4466.2,0.16,-1.196800000000584,1649.3909644719856,TIME,lw,-0.0007256011617498535
2026-06-05 01:05:00,2026-06-05 21:32:00,1,4474.1,4320.751054432127,0.1,-1534.189455678737,1533.6894556787372,SL,friday,-1.0003260112392038
2026-06-05 23:05:00,2026-06-05 23:55:00,1,4313.91,4327.65,0.35000000000000003,478.4499999999924,1620.534155883383,TIME,fri_close,0.2952421572004328
2026-06-09 18:15:00,2026-06-09 23:45:00,-1,4294.75,4261.61,0.15,496.0500000000049,1582.5827449474823,TIME,tday,0.31344332647609285
2026-06-09 17:45:00,2026-06-10 18:47:00,-1,4284.98,4129.719999999999,0.15,2333.0115000000033,1582.5827449474823,TIME,lw,1.474179790881913
2026-06-10 18:15:00,2026-06-10 23:45:00,-1,4123.23,4073.0400000000004,0.15,751.7999999999872,1605.3875488798053,TIME,tday,0.46829813805680276
2026-06-10 10:15:00,2026-06-11 11:17:00,-1,4200.22,4105.15,0.15,1440.4845000000093,1605.3875488798053,TIME,lw,0.897281470137936
2026-06-12 01:05:00,2026-06-12 23:00:00,1,4208.82,4210.7,0.09,16.290000000000983,1607.80543971744,TIME,friday,0.010131822916872224
2026-06-12 23:05:00,2026-06-12 23:55:00,1,4211.15,4216.96,0.38,218.1200000000152,1659.537040429768,TIME,fri_close,0.1314342462302191
2026-06-15 10:15:00,2026-06-16 11:17:00,1,4313.87,4340.77,0.14,364.49280000000766,1624.7604234316098,TIME,lw,0.22433633583354579
2026-06-16 16:00:00,2026-06-17 17:02:00,1,4354.91,4338.74,0.14,-238.48720000000105,1659.3561074722088,TIME,lw,-0.14372273614209438
2026-06-17 17:30:00,2026-06-17 22:17:00,1,4360.55,4247.007809198272,0.14,-1590.5706712241904,1589.870671224194,SL,lw,-1.0004402873847955
2026-06-19 01:05:00,2026-06-19 20:00:00,1,4205.3099999999995,4155.52,0.09,-448.7399999999914,1591.5671342558305,EOD,friday,-0.281948521266625
2026-06-22 10:15:00,2026-06-23 11:17:00,1,4199.69,4095.18,0.14,-1475.2471999999968,1624.4735366908003,TIME,lw,-0.9081386471860964
2026-06-23 15:15:00,2026-06-23 23:45:00,-1,4113.92,4110.88,0.14,41.579999999999494,1592.849712641458,TIME,tday900,0.026104157642748642
2026-06-24 15:15:00,2026-06-24 23:45:00,-1,4038.0699999999997,3999.0800000000004,0.14,544.8799999999907,1586.7947331670678,TIME,tday900,0.3433840487436394
2026-06-24 18:15:00,2026-06-24 23:45:00,-1,4001.79,3999.0800000000004,0.14,36.959999999994146,1586.7947331670678,TIME,tday,0.02329223763317266
2026-06-24 12:30:00,2026-06-25 13:32:00,-1,4069.2799999999997,3985.52,0.14,1186.1121999999966,1586.7947331670678,TIME,lw,0.7474893728898678
2026-06-26 01:05:00,2026-06-26 23:00:00,1,4029.8,4071.62,0.09,375.7499999999974,1536.6950778865394,TIME,friday,0.24451825570807262
2026-06-26 23:05:00,2026-06-26 23:55:00,1,4071.6200000000003,4081.24,0.54,515.6999999999697,1661.088596666776,TIME,fri_close,0.3104590574125903
2026-06-26 17:00:00,2026-06-26 23:57:00,1,4073.75,4087.94,0.14,197.6800000000008,1593.9363770675227,EOD,lw,0.12402000659755734
2026-06-29 01:05:00,2026-06-29 23:45:00,1,4076.1500000000005,4015.69,0.14,-847.4200000000069,1593.0737787055566,TIME,strong_close,-0.5319402097551147
2026-06-30 03:45:00,2026-07-01 04:47:00,-1,3991.7999999999997,3980.83,0.17,191.1496999999966,1640.839999999997,TIME,inside,0.11649502693742045
2026-07-01 10:15:00,2026-07-01 16:40:00,-1,3961.47,4074.0235526972447,0.14,-1576.7297377614284,1576.029737761424,SL,lw,-1.000444154055747
2026-07-02 01:07:00,2026-07-02 23:47:00,1,4039.9600000000005,4120.66,0.07,564.4099999999955,809.4530925320897,TIME,season,0.6972732641423817
2026-07-03 01:05:00,2026-07-03 20:00:00,1,4125.92,4174.83,0.09,439.5599999999987,1558.4818136671606,EOD,friday,0.28204371468775696
2026-07-03 01:07:00,2026-07-03 20:00:00,1,4125.19,4174.83,0.07,346.9900000000023,808.2650144940834,EOD,season,0.42930226321523196
2026-07-03 10:15:00,2026-07-03 20:00:00,1,4174.3099999999995,4174.83,0.14,6.300000000006111,1616.5300289881668,EOD,lw,0.0038972366037329136
2026-07-06 01:07:00,2026-07-06 23:47:00,1,4184.69,4163.17,0.07,-151.12999999999673,787.6717991730775,TIME,season,-0.19186925335991176
2026-07-07 01:07:00,2026-07-07 23:47:00,1,4166.13,4105.75,0.07,-423.15000000000083,768.6795278035721,TIME,season,-0.5504894883946126
2026-07-08 01:07:00,2026-07-08 23:47:00,1,4103.19,4074.86,0.07,-198.79999999999634,757.8888472461742,TIME,season,-0.26230759394645503
2026-07-09 01:07:00,2026-07-09 23:47:00,1,4078.0000000000005,4123.18,0.07,315.76999999999884,759.8889295857332,TIME,season,0.41554757242238866
2026-07-09 16:30:00,2026-07-10 17:32:00,1,4126.3,4105.72,0.15,-321.67199999999895,1628.3334205408567,TIME,lw,-0.19754676526454543
2026-07-10 01:05:00,2026-07-10 23:00:00,1,4125.3099999999995,4108.43,0.1,-169.49999999999199,1601.5453190736525,TIME,friday,-0.10583528170032193
2026-07-10 01:07:00,2026-07-10 23:47:00,1,4126.62,4112.33,0.07,-100.51999999999974,747.5511489010379,TIME,season,-0.1344657153530865
2026-07-10 23:05:00,2026-07-10 23:55:00,1,4113.83,4119.24,0.66,352.43999999999045,1642.699529103906,TIME,fri_close,0.21454927925391615
2026-07-13 01:07:00,2026-07-13 23:47:00,1,4089.0900000000006,3999.54,0.08,-716.960000000005,828.3138723031423,TIME,season,-0.8655656074025228
2026-07-14 01:07:00,2026-07-14 23:47:00,1,4003.3300000000004,4050.68,0.07,330.95999999999617,739.7250212463032,TIME,season,0.4474094974405331
2026-07-15 01:07:00,2026-07-15 23:47:00,1,4052.7300000000005,4061.67,0.07,62.089999999997204,746.77251972871,TIME,season,0.08314446281787854
2026-07-16 01:07:00,2026-07-16 23:47:00,1,4063.4300000000003,3975.11,0.08,-707.1200000000013,829.0018576712841,TIME,season,-0.8529775819638615
2026-07-17 01:05:00,2026-07-17 23:00:00,1,3978.9200000000005,4015.33,0.1,363.399999999994,1547.1335914812541,TIME,friday,0.234885986576032
2026-07-17 01:07:00,2026-07-17 23:47:00,1,3977.53,4016.19,0.08,308.71999999999883,825.3245821233354,TIME,season,0.37405889353949245
2026-07-17 23:05:00,2026-07-17 23:55:00,1,4014.1600000000003,4016.49,0.56,126.55999999997046,1654.8410535901016,TIME,fri_close,0.07647864411231783
2026-07-17 18:45:00,2026-07-17 23:57:00,1,4015.65,4018.34,0.16,41.920000000000876,1650.6491642466708,EOD,lw,0.025396068957592496
2026-07-20 01:05:00,2026-07-20 23:45:00,1,3996.8600000000006,4008.76,0.16,189.27999999999417,1606.0713668004798,TIME,strong_close,0.11785279528210914
2026-07-20 01:07:00,2026-07-20 23:47:00,1,3999.9700000000003,4008.08,0.08,64.31999999999738,803.0356834002399,TIME,season,0.0800960671232585
2026-07-20 14:45:00,2026-07-21 15:47:00,1,4032.77,4054.23,0.16,329.5232000000006,1606.0713668004798,TIME,lw,0.2051734479623139
2026-07-21 01:07:00,2026-07-21 23:47:00,1,4006.9300000000003,4079.43,0.08,579.4399999999964,778.8645631573656,TIME,season,0.7439547610833124
2026-07-21 10:15:00,2026-07-22 11:17:00,1,4072.3900000000003,4114.29,0.17,697.5983999999938,1655.0871967094022,TIME,lw,0.42148740041427385
2026-07-22 01:05:00,2026-07-22 23:45:00,1,4078.8800000000006,4130.87,0.17,882.6399999999886,1643.1409683730158,TIME,strong_close,0.5371663277764596
2026-07-22 01:07:00,2026-07-22 23:47:00,1,4078.7900000000004,4129.22,0.08,402.87999999999874,773.242808646125,TIME,season,0.5210265074503615
2026-07-22 10:15:00,2026-07-23 11:17:00,1,4116.71,4092.06,0.17,-460.7748000000016,1643.1409683730158,TIME,lw,-0.28042317054284494
2026-07-23 01:07:00,2026-07-23 23:47:00,1,4123.14,4049.21,0.08,-592.0000000000023,769.0397508856872,TIME,season,-0.7697911575028574
2026-07-24 01:05:00,2026-07-24 23:00:00,1,4049.2400000000002,4053.67,0.11,47.959999999998196,1591.4284514730352,TIME,friday,0.03013644751393388
2026-07-24 01:07:00,2026-07-24 23:47:00,1,4049.4500000000003,4056.01,0.08,51.91999999999956,771.7883401081382,TIME,season,0.0672723301219151
2026-07-24 23:05:00,2026-07-24 23:55:00,1,4054.3500000000004,4053.26,0.6900000000000001,-80.04000000001004,1674.34161573882,TIME,fri_close,-0.04780386466395723
2026-07-27 01:07:00,2026-07-27 23:47:00,1,4090.3800000000006,4076.27,0.08,-113.44000000000467,751.032030100414,TIME,season,-0.1510454886788751
2026-07-28 01:07:00,2026-07-28 23:47:00,1,4080.07,4030.39,0.09,-447.7500000000026,825.2081028727542,TIME,season,-0.5425904065183966
2026-07-29 01:07:00,2026-07-29 23:47:00,1,4026.82,4067.37,0.09,364.31999999999755,811.663238381843,TIME,season,0.4488561053058374
2026-07-30 01:07:00,2026-07-30 23:47:00,1,4067.9900000000002,4103.32,0.09,317.33999999999526,831.1451499259971,TIME,season,0.38181056585393097
2026-07-31 01:05:00,2026-07-31 23:00:00,1,4103.41,4051.05,0.12,-629.1599999999961,1661.086707005424,TIME,friday,-0.3787640930160919
2026-07-31 01:07:00,2026-07-31 23:47:00,1,4104.54,4051.48,0.09,-478.1699999999995,830.7533535027119,TIME,season,-0.5755860003259542
2026-07-31 23:05:00,2026-07-31 23:55:00,1,4048.9100000000003,4046.7,0.67,-152.7600000000329,1659.2956804172393,TIME,fri_close,-0.09206315776198522
2026-08-03 01:07:00,2026-08-03 23:47:00,1,4076.7400000000002,4056.11,0.09,-186.30000000000098,829.7723996810897,TIME,season,-0.22451939841768961
2026-08-04 01:07:00,2026-08-04 23:47:00,1,4049.5900000000006,4076.92,0.09,245.33999999999523,811.8515139895832,TIME,season,0.3021981184642383
2026-08-05 01:07:00,2026-08-05 23:47:00,1,4077.55,4245.27,0.09,1508.8500000000022,794.8571201331847,TIME,season,1.8982656905019386
2026-08-03 01:10:00,2026-08-06 03:16:00,1,4075.4200000000005,4272.75,0.09,1739.573999999995,1658.9147993621796,TIME,tom,1.0486216656026142
2026-08-05 10:15:00,2026-08-06 11:17:00,1,4166.52,4269.01,0.18,1800.640799999996,1589.7142402663694,TIME,lw,1.1326820597004177
2026-08-06 01:05:00,2026-08-06 23:45:00,1,4249.64,4235.31,0.17,-244.79999999999876,1639.73129801138,TIME,strong_close,-0.14929275320711713
2026-08-06 01:07:00,2026-08-06 23:47:00,1,4246.5,4238.65,0.04,-31.680000000001456,385.8191289438541,TIME,season,-0.0821110142639186
2026-08-07 01:05:00,2026-08-07 23:00:00,1,4236.84,4344.0,0.11,1177.9899999999984,1572.6450564010124,TIME,friday,0.749050140211435
2026-08-07 01:07:00,2026-08-07 23:47:00,1,4237.7300000000005,4341.35,0.08,828.3999999999992,762.6812394671576,TIME,season,1.086168057023083
2026-08-07 23:05:00,2026-08-07 23:55:00,1,4343.84,4341.36,0.43,-109.65000000002034,1685.320732454174,TIME,fri_close,-0.0650617997444008
2026-08-05 20:00:00,2026-08-07 23:57:00,1,4242.530000000001,4341.35,0.23,2198.1283999999932,1634.918441390904,EOD,trendH4,1.3444881067767145
2026-08-06 04:00:00,2026-08-07 23:57:00,1,4295.01,4341.35,0.23,1045.9296000000033,1668.7524183552905,EOD,trendH4,0.6267733838137975
2026-08-07 10:15:00,2026-08-07 23:57:00,1,4291.47,4341.35,0.17,846.7700000000018,1620.69763386771,EOD,lw,0.5224725342377589
2026-08-07 12:00:00,2026-08-07 23:57:00,1,4306.33,4341.35,0.22,768.9000000000096,1622.964523789451,EOD,trendH4,0.4737626662378973
2026-08-10 01:07:00,2026-08-10 23:47:00,1,4336.52,4390.1,0.08,428.0799999999994,789.4954366480753,TIME,season,0.5422197268390545
2026-08-11 01:05:00,2026-08-11 23:45:00,1,4390.1,4367.53,0.17,-384.8800000000105,1657.2572455287916,TIME,strong_close,-0.23223914153243264
2026-08-11 01:07:00,2026-08-11 23:47:00,1,4390.84,4367.4,0.08,-188.08000000000408,779.8857626017842,TIME,season,-0.2411635255047465
2026-08-12 01:07:00,2026-08-12 23:47:00,1,4373.97,4407.57,0.08,268.23999999999563,769.0653509873714,TIME,season,0.34878700445367006
2026-08-12 16:00:00,2026-08-13 11:10:00,1,4437.6,4364.950817326714,0.23,-1727.382401485585,1671.391201485572,SL,trendH4,-1.0334997575374614
2026-08-12 10:45:00,2026-08-13 11:47:00,1,4408.09,4374.1,0.17,-619.5547999999964,1634.2638708481643,TIME,lw,-0.37910328377904756
2026-08-13 01:07:00,2026-08-13 23:47:00,1,4403.900000000001,4349.32,0.09,-491.85000000000747,854.094339870736,TIME,season,-0.5758731524604731
2026-08-11 04:00:00,2026-08-14 03:38:00,1,4409.64,4336.878114563082,0.23,-1766.5353650491238,1673.9833650491114,SL,trendH4,-1.0552884825096795
2026-08-14 01:05:00,2026-08-14 23:00:00,1,4353.320000000001,4376.07,0.11,249.47999999998999,1578.6553643037528,TIME,friday,0.15803322602335068
2026-08-14 01:07:00,2026-08-14 23:47:00,1,4356.660000000001,4375.33,0.08,148.7999999999933,765.5953281472741,TIME,season,0.1943585527880459
2026-08-14 23:05:00,2026-08-14 23:55:00,1,4374.360000000001,4375.99,0.6900000000000001,107.63999999994478,1697.387418398833,TIME,fri_close,0.06341510419670893
2026-08-17 01:07:00,2026-08-17 23:47:00,1,4373.910000000001,4416.6,0.08,340.9599999999968,760.104233279612,TIME,season,0.4485700579891011
2026-08-18 03:30:00,2026-08-18 17:59:00,1,4431.62,4367.4,0.26,-1671.5400000000066,1670.240000000002,SL,nr7,-1.000778331257786
2026-08-17 17:30:00,2026-08-18 18:32:00,1,4418.43,4357.82,0.17,-1045.0716000000102,1615.2214957191754,TIME,lw,-0.6470144204802657
2026-08-18 01:07:00,2026-08-18 23:47:00,1,4416.110000000001,4331.95,0.09,-758.0700000000069,833.6696008367373,TIME,season,-0.9093170714623003
2026-08-19 15:15:00,2026-08-19 23:45:00,1,4368.4800000000005,4519.44,0.18,2716.019999999984,1685.8664015539414,TIME,tday900,1.6110529265524849
2026-08-19 18:15:00,2026-08-19 23:45:00,1,4485.650000000001,4519.44,0.18,606.959999999983,1685.8664015539414,TIME,tday,0.36002852861918344
2026-08-19 01:07:00,2026-08-19 23:47:00,1,4342.96,4521.32,0.09,1604.609999999997,842.9332007769707,TIME,season,1.9036027985621558
2026-08-19 15:45:00,2026-08-20 16:47:00,1,4417.75,4484.11,0.18,1150.300799999994,1685.8664015539414,TIME,lw,0.6823202591496624
2026-08-20 01:05:00,2026-08-20 23:45:00,1,4521.6,4518.17,0.16,-56.000000000004654,1619.6916330286504,TIME,strong_close,-0.034574482486700656
2026-08-20 01:07:00,2026-08-20 23:47:00,1,4523.410000000001,4518.82,0.08,-37.28000000000844,809.8458165143252,TIME,season,-0.04603345382515661
2026-08-21 01:05:00,2026-08-21 23:00:00,1,4520.04,4616.97,0.11,1065.4600000000032,1657.0629253778818,TIME,friday,0.6429810139871619
2026-08-21 15:15:00,2026-08-21 23:45:00,1,4593.070000000001,4607.91,0.17,251.08999999998704,1707.6736200863027,TIME,tday900,0.14703629373117413
2026-08-21 01:07:00,2026-08-21 23:47:00,1,4520.63,4607.8,0.08,696.8000000000006,803.6111153347306,TIME,season,0.867086065266482
2026-08-21 23:05:00,2026-08-21 23:55:00,1,4617.58,4604.92,0.51,-649.2299999999926,1704.9863717909175,TIME,fri_close,-0.38078310228253703
2026-08-19 20:00:00,2026-08-21 23:57:00,1,4493.530000000001,4603.34,0.22,2344.337599999989,1680.6973109990295,EOD,trendH4,1.3948600885227112
2026-08-21 10:15:00,2026-08-21 23:57:00,1,4561.77,4603.34,0.17,705.499999999995,1707.6736200863027,EOD,lw,0.4131351516482057
2026-08-21 12:00:00,2026-08-21 23:57:00,1,4584.27,4603.34,0.22,417.99999999999363,1685.7620849124448,EOD,trendH4,0.2479590707022597
2026-08-24 15:15:00,2026-08-24 23:45:00,1,4657.58,4647.79,0.17,-167.61999999999938,1735.5276472229948,TIME,tday900,-0.09658157867332562
2026-08-24 18:15:00,2026-08-24 23:45:00,1,4673.17,4647.79,0.17,-432.6500000000019,1735.5276472229948,TIME,tday,-0.24929018024707475
2026-08-24 01:07:00,2026-08-24 23:47:00,1,4611.200000000001,4649.34,0.08,304.55999999999534,816.718892810821,TIME,season,0.37290676471536144
2026-08-25 04:00:00,2026-08-25 16:47:00,1,4684.650000000001,4606.519295552306,0.22,-1720.4154978492759,1719.315497849262,SL,trendH4,-1.0006397894984311
2026-08-24 16:15:00,2026-08-25 17:17:00,1,4677.39,4621.86,0.17,-958.7116000000112,1735.5276472229948,TIME,lw,-0.5524035307268303
2026-08-25 01:07:00,2026-08-25 23:47:00,1,4658.080000000001,4661.74,0.08,28.719999999991565,807.6846861814768,TIME,season,0.03555843077299417
2026-08-24 16:00:00,2026-08-26 18:16:00,1,4662.99,4584.7710751448385,0.22,-1757.327546813548,1721.2563468135409,SL,trendH4,-1.0209563206937675
2026-08-26 01:07:00,2026-08-26 23:47:00,1,4661.160000000001,4591.62,0.08,-556.8800000000069,802.261494311371,TIME,season,-0.6941377642435779
2026-08-27 01:07:00,2026-08-27 23:47:00,1,4604.910000000001,4603.05,0.08,-15.440000000004657,796.8142447177019,TIME,season,-0.019377163626730587
2026-08-28 01:07:00,2026-08-28 19:13:00,1,4602.52,4504.488346595267,0.08,-784.8132272378666,784.4132272378665,SL,season,-1.000509935307196
2026-08-28 01:05:00,2026-08-28 21:17:00,1,4602.22,4455.1975198929,0.11,-1618.0172811780992,1617.4672811780995,SL,friday,-1.000340037790192
2026-08-28 23:05:00,2026-08-28 23:55:00,1,4460.74,4454.44,0.28,-178.36000000000513,1707.1251257657286,TIME,fri_close,-0.10447974627519
2026-08-31 01:07:00,2026-08-31 23:47:00,1,4453.96,4447.19,0.08,-54.720000000003495,834.6979967208758,TIME,season,-0.06555664469661107
2026-09-02 17:15:00,2026-09-03 18:17:00,1,4388.06,4503.14,0.16,1802.0095999999992,1678.1636882227353,TIME,lw,1.0737984695095049
2026-09-03 01:05:00,2026-09-03 23:45:00,1,4391.570000000001,4472.42,0.16,1292.4799999999914,1689.9862819211112,TIME,strong_close,0.7647872730249324
2026-09-03 15:15:00,2026-09-03 23:45:00,1,4444.1,4472.42,0.16,451.9999999999954,1689.9862819211112,TIME,tday900,0.26745779231188743
2026-09-03 18:15:00,2026-09-03 23:45:00,1,4503.89,4472.42,0.16,-504.6400000000041,1689.9862819211112,TIME,tday,-0.29860597414219764
2026-09-01 01:10:00,2026-09-04 03:16:00,1,4455.910000000001,4479.35,0.08,155.1679999999968,1636.0962796244846,TIME,tom,0.09484038435415966
2026-09-03 11:30:00,2026-09-04 12:32:00,1,4438.570000000001,4467.42,0.16,447.7631999999913,1689.9862819211112,TIME,lw,0.26495078971350666
2026-09-04 01:05:00,2026-09-04 23:00:00,1,4476.7300000000005,4434.78,0.1,-420.2000000000073,1609.8505579223963,TIME,friday,-0.26101801681660397
2026-09-04 23:05:00,2026-09-04 23:55:00,1,4432.95,4431.21,0.45,-81.44999999999018,1706.8191597909258,TIME,fri_close,-0.047720345493407326
2026-09-08 05:00:00,2026-09-08 19:09:00,1,4437.33,4381.349999999999,0.3,-1681.500000000014,1680.0000000000086,SL,inside,-1.0008928571428604
2026-09-09 15:15:00,2026-09-09 23:45:00,1,4399.41,4400.15,0.16,10.719999999996507,1667.2419147737621,TIME,tday900,0.006429780768468244
2026-09-09 10:15:00,2026-09-10 11:17:00,1,4406.780000000001,4405.8,0.16,-54.950400000007576,1667.2419147737621,TIME,lw,-0.03295886428542922
2026-09-11 01:05:00,2026-09-11 23:00:00,1,4322.580000000001,4348.57,0.1,259.19999999998873,1569.5831166937148,TIME,friday,0.16513939099063873
2026-09-11 23:05:00,2026-09-11 23:55:00,1,4349.05,4348.49,0.46,-28.980000000018407,1702.1703970439014,TIME,fri_close,-0.017025322523730256
2026-09-11 16:00:00,2026-09-11 23:57:00,1,4388.900000000001,4348.18,0.16,-652.6400000000041,1674.5953244732955,EOD,lw,-0.3897299786175365
2026-09-14 12:30:00,2026-09-15 13:32:00,-1,4287.91,4274.4800000000005,0.16,219.2655999999901,1680.832801296632,TIME,lw,0.13045057178253763
2026-09-16 10:15:00,2026-09-17 11:17:00,1,4335.6900000000005,4320.55,0.16,-281.51040000000523,1621.393997036381,TIME,lw,-0.17362245112203203
2026-09-17 10:15:00,2026-09-18 11:17:00,1,4323.14,4391.31,0.16,1076.8832000000014,1656.1972829623542,TIME,lw,0.6502143259611175
2026-09-18 01:05:00,2026-09-18 23:00:00,1,4343.2300000000005,4376.58,0.1,332.7999999999946,1574.0503132931208,TIME,friday,0.2114290738926465
2026-09-18 23:05:00,2026-09-18 23:55:00,1,4377.74,4378.31,0.56,28.000000000034635,1706.2573792677545,TIME,fri_close,0.016410185438758905
2026-09-18 10:30:00,2026-09-18 23:57:00,1,4395.91,4378.29,0.16,-283.03999999999826,1679.3603341793287,EOD,lw,-0.1685403628032661
2026-09-21 10:45:00,2026-09-22 11:47:00,-1,4347.07,4316.86,0.16,487.7456000000006,1633.988881737949,TIME,lw,0.2984999503064078
2026-09-22 10:30:00,2026-09-23 11:32:00,-1,4315.25,4317.63,0.17,-35.800300000001855,1685.8243877861016,TIME,lw,-0.02123607907168574
2026-09-23 10:30:00,2026-09-24 11:32:00,-1,4323.74,4272.5,0.17,887.4390999999962,1667.9912172299514,TIME,lw,0.5320406311693743
2026-09-24 13:30:00,2026-09-25 14:32:00,-1,4245.61,4306.14,0.17,-1024.3503000000114,1663.6232731420976,TIME,lw,-0.6157345334952627
2026-09-25 23:05:00,2026-09-25 23:55:00,1,4291.55,4285.14,0.52,-336.9599999999924,1708.4985867354842,TIME,fri_close,-0.19722579966767145
