entry_time,exit_time,dir,entry,exit,lots,pnl,risk_usd,reason,leg,R
2019-01-02 01:15:00,2019-01-02 09:10:00,1,1281.6200000000001,1286.26,0.62,283.33999999999213,495.9402829874593,TIME,drift,0.5713187851835719
2019-01-02 01:07:00,2019-01-02 23:50:00,1,1281.64,1284.65,0.22,64.6799999999998,243.49705501651252,TIME,season,0.26562949599375474
2019-01-02 07:30:00,2019-01-03 08:34:00,1,1284.94,1291.44,0.67,271.0552,494.4599999999964,TIME,nr7,0.5481842818428224
2019-01-02 10:15:00,2019-01-03 11:19:00,1,1285.78,1287.52,0.45,-32.14799999999961,498.0621579883211,TIME,lw,-0.06454616052310773
2019-01-02 01:10:00,2019-01-03 15:05:00,1,1281.96,1288.66,0.22,93.40320000000101,485.4541100330251,NEWS,tom,0.19240376807943158
2019-01-02 08:00:00,2019-01-03 15:05:00,1,1286.44,1288.66,0.54,-12.657599999998553,493.9973695987417,NEWS,trendH4,-0.025622808498514713
2019-01-02 12:00:00,2019-01-03 15:05:00,1,1287.25,1288.66,0.55,-57.44199999999552,500.6206955839686,NEWS,trendH4,-0.11474156083976922
2019-01-03 01:07:00,2019-01-03 15:05:00,1,1288.45,1288.66,0.22,3.0800000000008003,241.9601225153331,NEWS,season,0.012729370311033876
2019-01-03 10:30:00,2019-01-03 15:05:00,1,1289.81,1288.66,0.45,-54.89999999999387,494.9184324177268,NEWS,lw,-0.11092736985325398
2019-01-04 01:15:00,2019-01-04 09:10:00,1,1293.47,1293.69,0.47000000000000003,7.050000000001282,495.5449641498502,TIME,drift,0.014226761464716246
2019-01-04 01:05:00,2019-01-04 15:20:00,1,1294.02,1290.12,0.3,-119.10000000000272,494.19568724503273,NEWS,friday,-0.240997651484867
2019-01-04 01:07:00,2019-01-04 15:20:00,1,1293.88,1290.12,0.22,-84.26000000000481,242.12011376423825,NEWS,season,-0.3480090880927474
2019-01-04 04:00:00,2019-01-04 15:20:00,1,1297.18,1290.12,0.52,-370.760000000009,500.8408971108618,NEWS,trendH4,-0.7402750097661069
2019-01-04 23:05:00,2019-01-04 23:55:00,1,1285.09,1284.64,0.91,-47.319999999983445,498.81262198902385,TIME,fri_close,-0.09486528189943176
2019-01-07 01:07:00,2019-01-07 16:50:00,1,1285.77,1291.62,0.21,121.37999999999809,247.5764644728476,NEWS,season,0.4902727739425739
2019-01-07 15:15:00,2019-01-07 16:50:00,1,1293.18,1291.62,0.42,-68.46000000000724,495.1529289456952,NEWS,tday900,-0.1382603151429918
2019-01-07 15:30:00,2019-01-07 16:50:00,1,1294.21,1291.62,0.42,-111.72000000000611,495.1529289456952,NEWS,lw,-0.22562726274867448
2019-01-08 01:15:00,2019-01-08 09:10:00,1,1289.51,1282.93,0.5700000000000001,-379.0499999999959,492.89855803757456,TIME,drift,-0.7690223349590328
2019-01-08 01:07:00,2019-01-08 16:50:00,1,1289.47,1281.82,0.21,-162.1200000000019,248.58243129621545,NEWS,season,-0.6521780286508531
2019-01-09 01:15:00,2019-01-09 09:10:00,1,1285.11,1282.28,0.59,-171.09999999999567,490.1432244407765,TIME,drift,-0.3490816387295985
2019-01-09 18:15:00,2019-01-09 23:45:00,1,1289.75,1293.08,0.42,136.91999999999695,494.29308669297205,TIME,tday,0.27700164879110317
2019-01-09 01:07:00,2019-01-09 23:52:00,1,1285.2,1292.89,0.21,160.02000000000115,247.14654334648603,TIME,season,0.6474701115914933
2019-01-10 01:15:00,2019-01-10 09:15:00,1,1293.1100000000001,1295.68,0.53,132.49999999999662,488.14410050639503,TIME,drift,0.27143624159862356
2019-01-09 16:45:00,2019-01-10 17:56:00,1,1289.32,1289.79,0.42,-83.34479999999886,494.29308669297205,TIME,lw,-0.1686141324727208
2019-01-10 01:05:00,2019-01-10 23:50:00,1,1293.27,1286.21,0.41000000000000003,-292.32999999999777,488.5603319852962,TIME,strong_close,-0.5983498472176324
2019-01-10 01:07:00,2019-01-10 23:52:00,1,1293.21,1286.22,0.2,-141.2000000000002,238.32211316355912,TIME,season,-0.5924754447905362
2019-01-11 01:15:00,2019-01-11 09:10:00,1,1287.91,1293.6,0.61,342.8199999999895,494.20742342963143,TIME,drift,0.693676346706683
2019-01-11 01:05:00,2019-01-11 15:20:00,1,1287.05,1292.46,0.27,144.18000000000222,478.92033064504983,NEWS,friday,0.3010521599820341
2019-01-11 01:07:00,2019-01-11 15:20:00,1,1287.35,1292.46,0.2,100.80000000000256,236.97053365187645,NEWS,season,0.42536934211442357
2019-01-11 10:15:00,2019-01-11 15:20:00,1,1295.25,1292.46,0.41000000000000003,-117.25999999999853,485.78959398634674,NEWS,lw,-0.24138022191412803
2019-01-11 23:05:00,2019-01-11 23:55:00,1,1288.49,1287.57,1.45,-143.55000000001056,497.0173110158012,TIME,fri_close,-0.28882293799108094
2019-01-14 15:15:00,2019-01-14 23:45:00,1,1295.05,1291.83,0.42,-138.18000000000114,488.34254062115855,TIME,tday900,-0.2829571223187722
2019-01-14 01:07:00,2019-01-14 23:47:00,1,1288.28,1291.72,0.21,70.77000000000115,244.17127031057927,TIME,season,0.28983753866695133
2019-01-15 01:15:00,2019-01-15 09:10:00,1,1292.62,1290.26,0.6,-145.799999999994,493.3133631262799,TIME,drift,-0.2955525045500777
2019-01-14 10:15:00,2019-01-15 11:16:00,1,1293.29,1288.39,0.42,-242.12159999999423,488.34254062115855,TIME,lw,-0.4958028020496066
2019-01-14 13:00:00,2019-01-15 14:01:00,1,1295.31,1291.12,0.56,-283.0688000000031,490.56000000000313,TIME,inside,-0.5770319634703223
2019-01-15 01:07:00,2019-01-15 15:20:00,1,1292.66,1289.55,0.21,-66.78000000000267,239.67546528839497,NEWS,season,-0.27862676690602484
2019-01-16 01:15:00,2019-01-16 09:10:00,1,1289.45,1291.83,0.58,133.9799999999931,488.05503730730135,TIME,drift,0.2745182197876452
2019-01-16 18:15:00,2019-01-16 23:45:00,1,1294.6200000000001,1293.38,0.44,-57.6400000000004,491.5759392685781,TIME,tday,-0.11725553550436921
2019-01-16 01:07:00,2019-01-16 23:47:00,1,1289.98,1293.53,0.22,76.559999999999,245.78796963428906,TIME,season,0.31148798744671496
2019-01-17 01:15:00,2019-01-17 09:10:00,1,1293.88,1291.97,0.71,-140.5800000000058,491.9044746947045,TIME,drift,-0.285787194937097
2019-01-16 17:00:00,2019-01-17 18:01:00,1,1292.67,1290.65,0.44,-196.87359999999921,491.5759392685781,TIME,lw,-0.40049478477919376
2019-01-17 01:07:00,2019-01-17 23:47:00,1,1293.87,1291.74,0.22,-48.3999999999974,239.53025751755433,TIME,season,-0.2020621549093869
2019-01-18 01:15:00,2019-01-18 09:10:00,1,1292.28,1291.86,0.68,-33.320000000004946,488.07501685347825,TIME,drift,-0.0682681941288704
2019-01-18 01:07:00,2019-01-18 15:13:00,1,1292.6000000000001,1282.0349566632203,0.23,-244.6059967459356,243.4559967459374,SL,season,-1.0047236462250644
2019-01-18 01:05:00,2019-01-18 23:00:00,1,1292.48,1280.68,0.31,-367.9699999999986,491.1195151602647,TIME,friday,-0.7492473596369321
2019-01-18 23:05:00,2019-01-18 23:55:00,1,1281.1,1281.31,1.35,18.900000000004916,485.3018323064264,TIME,fri_close,0.03894483544432857
2019-01-21 01:07:00,2019-01-22 04:47:00,1,1283.0900000000001,1278.13,0.22,-128.1456000000008,234.95302816564643,TIME,season,-0.5454094420509263
2019-01-22 01:15:00,2019-01-22 09:10:00,1,1280.16,1279.0,0.74,-91.02000000000606,484.86694466469635,TIME,drift,-0.18772160280579614
2019-01-22 01:07:00,2019-01-22 23:47:00,1,1280.38,1285.01,0.23,104.87999999999728,239.34108903093602,TIME,season,0.43820307003968306
2019-01-23 01:15:00,2019-01-23 09:10:00,1,1284.98,1283.83,0.6900000000000001,-84.18000000000627,483.52526142221166,TIME,drift,-0.17409638485568338
2019-01-22 10:15:00,2019-01-23 11:16:00,1,1283.52,1285.32,0.46,43.01919999999791,478.68217806187204,TIME,lw,0.08987006822392594
2019-01-23 01:05:00,2019-01-23 23:45:00,1,1285.13,1282.34,0.47000000000000003,-134.42000000000897,481.4470043413101,TIME,strong_close,-0.2791999924974405
2019-01-23 01:07:00,2019-01-23 23:47:00,1,1285.13,1282.38,0.23,-64.86000000000001,235.60172552872623,TIME,season,-0.27529509749745795
2019-01-24 01:15:00,2019-01-24 09:10:00,1,1283.18,1280.97,0.7000000000000001,-159.60000000000258,481.7796433981704,TIME,drift,-0.33127177992470713
2019-01-24 01:07:00,2019-01-24 23:47:00,1,1282.96,1280.79,0.24,-53.760000000001746,241.86204461168487,TIME,season,-0.22227547148340152
2019-01-25 01:15:00,2019-01-25 09:10:00,1,1281.31,1284.2,0.6900000000000001,194.58000000000692,484.7178851991497,TIME,drift,0.40142937973097975
2019-01-25 01:05:00,2019-01-25 23:00:00,1,1280.96,1299.59,0.32,593.9199999999962,475.9266542788432,TIME,friday,1.2479233820176443
2019-01-25 15:15:00,2019-01-25 23:45:00,1,1284.41,1302.97,0.48,887.5199999999973,477.04665427884316,TIME,tday900,1.8604469647558295
2019-01-25 18:15:00,2019-01-25 23:45:00,1,1298.79,1302.97,0.48,197.280000000003,477.04665427884316,TIME,tday,0.41354445782296373
2019-01-25 01:07:00,2019-01-25 23:47:00,1,1280.93,1303.07,0.24,529.679999999997,238.52332713942158,TIME,season,2.2206633051466222
2019-01-25 23:05:00,2019-01-25 23:55:00,1,1302.99,1302.86,1.01,-20.200000000011023,485.78434723056256,TIME,fri_close,-0.041582237293503646
2019-01-25 10:15:00,2019-01-25 23:59:00,1,1284.77,1303.04,0.48,873.5999999999991,477.04665427884316,EOD,lw,1.8312674288023887
2019-01-28 01:05:00,2019-01-28 23:45:00,1,1302.66,1303.52,0.45,35.5499999999955,493.1040070730997,TIME,strong_close,0.07209432389529422
2019-01-28 01:07:00,2019-01-28 23:47:00,1,1302.48,1303.52,0.22,21.3399999999992,241.0730701246265,TIME,season,0.08852087870688814
2019-01-29 01:15:00,2019-01-29 09:10:00,1,1303.68,1305.45,0.66,112.19999999999881,499.3248359073666,TIME,drift,0.22470342336589452
2019-01-29 01:05:00,2019-01-29 23:45:00,1,1303.3899999999999,1311.76,0.47000000000000003,390.1000000000056,501.12833066930784,TIME,strong_close,0.7784433170620934
2019-01-29 15:15:00,2019-01-29 23:45:00,1,1310.88,1311.76,0.47000000000000003,38.069999999994444,501.12833066930784,TIME,tday900,0.07596856467713188
2019-01-29 01:07:00,2019-01-29 23:47:00,1,1303.41,1311.75,0.23,190.2099999999981,245.2330128807251,TIME,season,0.7756296665184766
2019-01-29 08:15:00,2019-01-30 09:16:00,1,1305.48,1314.14,0.65,506.68800000000533,501.14999999999173,TIME,nr7,1.011050583657615
2019-01-29 10:15:00,2019-01-30 11:16:00,1,1308.25,1313.99,0.47000000000000003,229.1344000000004,501.12833066930784,TIME,lw,0.4572369710049482
2019-01-29 12:00:00,2019-01-30 15:05:00,1,1308.52,1311.72,0.63,147.11760000000288,500.9035288939984,NEWS,trendH4,0.2937044590698742
2019-01-30 01:05:00,2019-01-30 15:05:00,1,1311.78,1311.72,0.47000000000000003,-6.109999999997435,498.7034499072148,NEWS,strong_close,-0.012251770067229769
2019-01-30 01:07:00,2019-01-30 15:05:00,1,1311.75,1311.72,0.19,-1.8999999999994817,201.60352230291662,NEWS,season,-0.009424438513255055
2019-01-31 01:15:00,2019-01-31 09:10:00,1,1320.49,1319.96,0.48,-28.79999999999869,508.7392785804786,TIME,drift,-0.056610529622085695
2019-01-31 01:07:00,2019-01-31 23:47:00,1,1320.27,1320.71,0.23,8.510000000001256,250.23877131042127,TIME,season,0.03400751991962348
2019-02-01 01:15:00,2019-02-01 09:10:00,1,1320.78,1318.23,0.56,-146.71999999999744,509.3615634508539,TIME,drift,-0.2880468620482272
2019-01-31 16:00:00,2019-02-01 09:20:00,1,1325.51,1316.9390200358075,0.59,-556.711017887356,506.86781788735425,SL,trendH4,-1.0983356966866633
2019-02-01 01:05:00,2019-02-01 15:20:00,1,1321.23,1320.9,0.31,-12.399999999997744,498.0901933451852,NEWS,friday,-0.024895089615635795
2019-02-01 01:10:00,2019-02-01 15:20:00,1,1321.14,1320.9,0.23,-7.1300000000002095,492.19771814792523,NEWS,tom,-0.01448604846611125
2019-02-01 17:45:00,2019-02-01 23:59:00,-1,1317.3,1317.77,0.47000000000000003,-25.38000000000128,504.5426685424453,EOD,lw,-0.05030298046609344
2019-02-04 10:15:00,2019-02-05 11:16:00,-1,1313.42,1312.29,0.48,67.39680000000524,504.083503298611,TIME,lw,0.133701657679681
2019-02-05 15:45:00,2019-02-05 16:50:00,1,1316.69,1314.57,0.48,-105.12000000000567,504.0432530629962,NEWS,lw,-0.20855353059723944
2019-02-06 01:15:00,2019-02-06 09:10:00,1,1314.8799999999999,1313.66,0.72,-92.87999999998559,499.6886324198374,TIME,drift,-0.1858757513657985
2019-02-06 13:15:00,2019-02-07 14:16:00,-1,1312.47,1306.1000000000001,0.49,359.28269999999463,499.5610002992981,TIME,lw,0.7191968544076507
2019-02-07 18:15:00,2019-02-07 23:45:00,1,1310.6000000000001,1309.83,0.49,-41.16000000001025,499.5430717064907,TIME,tday,-0.08239529748536686
2019-02-08 01:15:00,2019-02-08 09:10:00,1,1310.68,1308.11,0.68,-179.52000000001115,502.6562496218888,TIME,drift,-0.3571426797837504
2019-02-07 15:15:00,2019-02-08 16:16:00,1,1310.35,1313.54,0.49,113.93480000000267,499.5430717064907,TIME,lw,0.2280780306106331
2019-02-08 01:05:00,2019-02-08 23:00:00,1,1310.27,1314.34,0.33,131.9999999999979,500.10970356140956,TIME,friday,0.2639420892256079
2019-02-08 18:15:00,2019-02-08 23:45:00,1,1314.3700000000001,1313.88,0.5,-28.000000000000455,506.32798339536316,TIME,tday,-0.05530012347379351
2019-02-08 23:05:00,2019-02-08 23:55:00,1,1314.49,1314.11,1.59,-71.55000000001736,507.25473852859477,TIME,fri_close,-0.14105338908723467
2019-02-08 15:15:00,2019-02-08 23:59:00,1,1314.15,1314.05,0.5,-8.500000000006821,506.32798339536316,EOD,lw,-0.016787537483129087
2019-02-11 01:05:00,2019-02-11 16:19:00,1,1313.73,1303.7810517369433,0.5,-500.9474131528382,498.447413152837,SL,strong_close,-1.0050155742291607
2019-02-12 01:15:00,2019-02-12 09:10:00,1,1308.14,1312.02,0.71,270.5099999999916,498.4734565744888,TIME,drift,0.5426768395230854
2019-02-12 10:30:00,2019-02-12 16:50:00,1,1312.6100000000001,1310.41,0.5,-113.50000000000227,503.0225979276338,NEWS,lw,-0.22563598627099987
2019-02-12 15:15:00,2019-02-12 16:50:00,1,1314.77,1310.41,0.5,-221.499999999995,503.0225979276338,NEWS,tday900,-0.4403380701235625
2019-02-13 01:15:00,2019-02-13 09:10:00,1,1311.6299999999999,1313.09,0.72,100.0800000000026,498.53189427705894,TIME,drift,0.2007494428117435
2019-02-13 11:45:00,2019-02-13 15:20:00,1,1313.47,1309.1,0.5,-222.0000000000059,496.87812664708844,NEWS,lw,-0.4467896413513955
2019-02-13 17:15:00,2019-02-13 21:49:00,1,1316.81,1306.64,0.49,-501.75999999999243,499.30999999999466,SL,inside,-1.0049067713444508
2019-02-14 01:15:00,2019-02-14 09:10:00,1,1307.33,1308.24,0.55,46.2000000000045,496.0794047711585,TIME,drift,0.09313025204365533
2019-02-14 18:15:00,2019-02-14 23:45:00,1,1310.74,1312.35,0.49,75.45999999999509,498.3940952488508,TIME,tday,0.15140628815499413
2019-02-15 01:15:00,2019-02-15 09:10:00,1,1312.03,1314.53,0.5,121.5,496.9589789345727,TIME,drift,0.24448698011349568
2019-02-15 01:05:00,2019-02-15 23:00:00,1,1312.79,1320.93,0.32,258.2400000000032,493.78401666950845,TIME,friday,0.5229816909461535
2019-02-15 15:15:00,2019-02-15 23:45:00,1,1317.64,1321.23,0.48,168.95999999999603,494.90401666950845,TIME,tday900,0.3413995326548859
2019-02-15 23:05:00,2019-02-15 23:55:00,1,1321.57,1321.53,1.21,-13.309999999995597,501.7802639220591,TIME,fri_close,-0.026525555022751997
2019-02-15 13:15:00,2019-02-15 23:59:00,1,1318.83,1321.01,0.48,101.28000000000304,494.90401666950845,EOD,lw,0.2046457425857522
2019-02-18 01:05:00,2019-02-19 04:43:00,1,1321.22,1324.78,0.48,129.36959999999738,498.19372976454366,TIME,strong_close,0.2596772947366079
2019-02-18 15:15:00,2019-02-19 04:43:00,1,1325.39,1324.78,0.48,-70.79040000000612,498.19372976454366,TIME,tday900,-0.1420941207619435
2019-02-18 18:15:00,2019-02-19 04:43:00,1,1326.36,1324.78,0.48,-117.35039999999651,498.19372976454366,TIME,tday,-0.23555174019443934
2019-02-18 14:30:00,2019-02-19 19:28:00,1,1326.06,1338.98,0.48,578.6496000000035,498.19372976454366,TIME,lw,1.1614951482297557
2019-02-19 01:05:00,2019-02-19 23:45:00,1,1326.55,1341.03,0.11,158.5100000000002,111.54586808977645,TIME,strong_close,1.4210297764900193
2019-02-19 10:30:00,2019-02-20 11:31:00,1,1328.8600000000001,1344.4,0.62,909.8623999999977,502.8200000000118,TIME,nr7,1.8095191122071046
2019-02-19 11:30:00,2019-02-20 12:31:00,1,1329.7,1345.14,0.49,714.1848000000027,496.8861396726405,TIME,lw,1.437320832636876
2019-02-20 18:15:00,2019-02-20 23:45:00,1,1345.54,1338.21,0.16,-118.39999999999884,172.41935430307473,TIME,tday,-0.6866978505897782
2019-02-21 01:15:00,2019-02-21 09:10:00,1,1339.8400000000001,1338.16,0.03,-5.250000000000191,31.277589069275976,TIME,drift,-0.16785181199139398
2019-02-19 20:00:00,2019-02-21 11:50:00,1,1340.75,1332.520657242406,0.61,-700.1911082132303,503.209908213233,SL,trendH4,-1.3914493669240857
2019-02-19 12:00:00,2019-02-21 22:53:00,1,1329.25,1323.839857869494,0.65,-562.8572384828949,498.55307949430295,SL,trendH4,-1.1289815701345534
2019-02-18 16:00:00,2019-02-21 23:34:00,1,1327.08,1322.286305217352,0.61,-539.0993817415213,499.4617939138436,SL,trendH4,-1.0793606003715972
2019-02-22 01:15:00,2019-02-22 09:10:00,1,1324.59,1325.97,0.44,57.640000000004804,503.47770933492274,TIME,drift,0.11448371781174846
2019-02-22 01:05:00,2019-02-22 23:00:00,1,1324.53,1328.35,0.29,108.74999999999815,495.67053672163746,TIME,friday,0.21939976646437395
2019-02-22 18:15:00,2019-02-22 23:45:00,1,1330.22,1327.71,0.44,-113.5199999999996,502.3945658793575,TIME,tday,-0.22595785804590035
2019-02-22 23:05:00,2019-02-22 23:55:00,1,1328.32,1327.73,1.09,-71.93999999999109,505.0661715796911,TIME,fri_close,-0.1424367816497885
2019-02-22 18:45:00,2019-02-22 23:59:00,1,1331.56,1327.86,0.44,-165.880000000002,502.3945658793575,EOD,lw,-0.3301787305554487
2019-02-26 01:15:00,2019-02-26 09:10:00,1,1327.57,1327.73,0.58,5.220000000004748,504.26395908545027,TIME,drift,0.010351721367261526
2019-02-26 14:45:00,2019-02-26 16:35:00,-1,1324.23,1326.7,0.45,-114.30000000000125,501.8744055557182,NEWS,lw,-0.22774622243076637
2019-02-27 01:15:00,2019-02-27 09:17:00,1,1328.95,1327.06,0.62,-121.52000000000622,500.1526752573303,TIME,drift,-0.24296581026480316
2019-02-27 01:05:00,2019-02-27 16:50:00,1,1329.32,1322.71,0.46,-307.2799999999954,498.4623722576503,NEWS,strong_close,-0.616455758953788
2019-02-28 01:15:00,2019-02-28 09:10:00,1,1320.25,1319.31,0.61,-61.61000000000334,498.1155640082834,TIME,drift,-0.12368615729296666
2019-02-28 10:45:00,2019-02-28 15:20:00,1,1324.15,1324.66,0.45,19.799999999999592,494.6779313210017,NEWS,lw,0.040026042696356234
2019-03-01 01:15:00,2019-03-01 09:10:00,1,1314.56,1309.31,0.51,-271.32,496.2338877826267,TIME,drift,-0.5467583062744208
2019-03-01 01:05:00,2019-03-01 16:50:00,1,1314.38,1307.97,0.29,-187.92000000000235,488.7544764476613,NEWS,friday,-0.3844875270827845
2019-03-01 01:10:00,2019-03-01 16:50:00,1,1314.54,1307.97,0.22,-146.0799999999986,493.8590106597034,NEWS,tom,-0.2957929223663713
2019-03-01 23:05:00,2019-03-01 23:55:00,1,1291.61,1293.49,0.64,115.84000000000697,493.37545437520987,TIME,fri_close,0.23479076426025677
2019-03-05 01:15:00,2019-03-05 09:10:00,1,1287.25,1286.54,0.46,-35.88000000000167,491.867417653835,TIME,drift,-0.07294648661858141
2019-03-06 01:15:00,2019-03-06 09:10:00,1,1287.71,1290.68,0.56,162.40000000000154,499.34995015272835,TIME,drift,0.325222822091663
2019-03-07 01:15:00,2019-03-07 09:10:00,1,1287.28,1284.23,0.62,-193.43999999999718,496.98413913189046,TIME,drift,-0.3892277132583939
2019-03-08 01:15:00,2019-03-08 09:10:00,1,1286.06,1292.38,0.58,362.50000000000944,492.3102616056322,TIME,drift,0.736324282207207
2019-03-08 01:05:00,2019-03-08 15:20:00,1,1285.97,1292.74,0.29,194.29999999999944,500.3094014374257,NEWS,friday,0.38835968191235515
2019-03-08 10:15:00,2019-03-08 15:20:00,1,1293.45,1292.74,0.43,-33.54000000000156,495.56205199561623,NEWS,lw,-0.06768072709550056
2019-03-08 23:05:00,2019-03-08 23:55:00,1,1300.29,1298.31,1.17,-239.8500000000021,499.445595647189,TIME,fri_close,-0.4802324859611604
2019-03-11 01:05:00,2019-03-11 15:20:00,1,1297.98,1295.27,0.42,-116.76000000000151,496.2032564611403,NEWS,strong_close,-0.2353067991385612
2019-03-11 20:00:00,2019-03-12 15:20:00,-1,1291.17,1296.88,0.42,-228.30780000000152,496.2032564611403,NEWS,lw,-0.46010943504938734
2019-03-13 01:15:00,2019-03-13 09:10:00,1,1301.22,1304.34,0.64,195.19999999999303,496.3327349531548,TIME,drift,0.3932845574217798
2019-03-13 01:05:00,2019-03-13 15:20:00,1,1301.06,1306.8,0.43,243.8100000000004,494.0211618929911,NEWS,strong_close,0.4935213687319969
2019-03-13 11:30:00,2019-03-13 15:20:00,1,1306.29,1306.8,0.43,18.91999999999961,494.0211618929911,NEWS,lw,0.03829795454004829
2019-03-13 18:15:00,2019-03-13 23:45:00,1,1307.69,1309.34,0.43,67.93999999999413,494.0211618929911,TIME,tday,0.13752447312107346
2019-03-14 01:15:00,2019-03-14 09:10:00,1,1309.29,1303.62,0.68,-390.32000000000494,501.9317394915703,TIME,drift,-0.7776356211212664
2019-03-14 10:15:00,2019-03-15 11:16:00,-1,1302.0800000000002,1303.8500000000001,0.43,-64.32369999999922,491.56750747206354,TIME,lw,-0.13085425505601553
2019-03-15 23:05:00,2019-03-15 23:55:00,1,1302.29,1302.06,1.49,-44.70000000000271,497.4520517523263,TIME,fri_close,-0.08985790659128319
2019-03-19 01:15:00,2019-03-19 09:10:00,1,1303.84,1306.16,0.66,148.5000000000108,496.60424436489865,TIME,drift,0.29903087153418456
2019-03-19 15:15:00,2019-03-19 23:45:00,1,1308.75,1306.5,0.42,-97.44,490.31847078172365,TIME,tday900,-0.19872798151913312
2019-03-19 05:30:00,2019-03-20 06:31:00,1,1307.44,1304.81,0.54,-188.7192000000059,492.4799999999976,TIME,nr7,-0.3832017543859788
2019-03-20 01:15:00,2019-03-20 09:10:00,1,1306.58,1306.45,0.6900000000000001,-13.799999999991844,494.17890080488814,TIME,drift,-0.02792510966679325
2019-03-19 13:15:00,2019-03-20 14:16:00,1,1307.02,1304.36,0.42,-148.04160000000343,490.31847078172365,TIME,lw,-0.30192947812873133
2019-03-20 16:30:00,2019-03-20 20:50:00,1,1309.23,1301.9,0.43,-318.19999999999686,492.6118115084753,NEWS,lw,-0.6459447227333125
2019-03-21 01:15:00,2019-03-21 09:10:00,1,1313.97,1318.03,0.4,159.59999999999783,490.6077367826539,TIME,drift,0.32531080950054986
2019-03-21 19:30:00,2019-03-22 20:31:00,-1,1304.14,1312.88,0.41000000000000003,-347.10190000000046,489.8303746412255,TIME,lw,-0.7086165292510371
2019-03-22 23:05:00,2019-03-22 23:55:00,1,1313.4,1312.97,1.17,-58.50000000000745,495.7737758049216,TIME,fri_close,-0.11799736665181375
2019-03-25 15:15:00,2019-03-25 23:45:00,1,1318.72,1321.94,0.41000000000000003,129.15000000000114,492.9448638488121,TIME,tday900,0.26199684685144
2019-03-25 18:15:00,2019-03-25 23:45:00,1,1321.44,1321.94,0.41000000000000003,17.63,492.9448638488121,TIME,tday,0.03576464893527561
2019-03-25 04:15:00,2019-03-26 05:16:00,1,1315.37,1320.88,0.58,269.42160000001263,488.94000000000733,TIME,inside,0.5510320284697685
2019-03-26 01:15:00,2019-03-26 09:10:00,1,1321.69,1318.56,0.5700000000000001,-182.40000000000626,491.08758531005276,TIME,drift,-0.3714205071684846
2019-03-25 10:15:00,2019-03-26 11:16:00,1,1317.07,1317.47,0.41000000000000003,-19.056799999996272,492.9448638488121,TIME,lw,-0.038659090290960124
2019-03-26 01:05:00,2019-03-26 23:45:00,1,1321.9,1315.4,0.4,-262.8,485.39883136129305,TIME,strong_close,-0.5414104505834547
2019-03-27 01:15:00,2019-03-27 09:10:00,1,1315.92,1315.86,0.54,-7.0200000000093326,488.9821367421321,TIME,drift,-0.014356352661020364
2019-03-27 17:30:00,2019-03-28 15:20:00,-1,1311.1200000000001,1303.97,0.41000000000000003,332.6043000000037,493.12638770637346,NEWS,lw,0.6744808395815338
2019-03-28 14:45:00,2019-03-28 15:20:00,-1,1304.55,1303.97,0.41000000000000003,20.909999999997016,490.73236001306145,NEWS,lw,0.04260978428127395
2019-03-29 01:05:00,2019-03-29 23:00:00,1,1290.79,1292.15,0.25,32.25000000000318,479.9233893839151,TIME,friday,0.06719822520299125
2019-03-29 23:05:00,2019-03-29 23:55:00,1,1292.3,1292.2,1.07,-18.18999999999027,495.159387710548,TIME,fri_close,-0.0367356460393385
2019-04-01 01:10:00,2019-04-01 15:20:00,1,1292.96,1291.9,0.19,-21.46999999999896,486.68981782029346,NEWS,tom,-0.044114339798920134
2019-04-03 01:15:00,2019-04-03 09:10:00,1,1292.6299999999999,1292.88,0.6,10.80000000001364,494.24532360184946,TIME,drift,0.021851496583332016
2019-04-03 01:05:00,2019-04-03 15:05:00,1,1292.46,1292.0,0.4,-21.200000000001456,493.6926380860877,NEWS,strong_close,-0.04294169765663936
2019-04-04 01:15:00,2019-04-04 09:10:00,1,1290.81,1292.27,0.72,100.0800000000026,495.3707875010567,TIME,drift,0.20203048408418534
2019-04-05 01:15:00,2019-04-05 09:10:00,1,1292.85,1287.42,0.55,-302.499999999991,493.95730066698115,TIME,drift,-0.6124011115769137
2019-04-04 10:15:00,2019-04-05 11:16:00,1,1292.55,1289.93,0.41000000000000003,-142.87679999999554,488.2224573212229,TIME,lw,-0.29264692325693376
2019-04-05 01:05:00,2019-04-05 15:20:00,1,1293.03,1288.06,0.27,-136.08000000000072,486.21863027809036,NEWS,friday,-0.27987409680737746
2019-04-05 23:05:00,2019-04-05 23:55:00,1,1291.89,1291.55,1.33,-54.530000000019356,494.21153704092063,TIME,fri_close,-0.11033736752993745
2019-04-09 01:15:00,2019-04-09 09:10:00,1,1298.3799999999999,1298.15,0.71,-21.299999999985147,489.44015922072276,TIME,drift,-0.04351910973937774
2019-04-08 10:15:00,2019-04-09 11:16:00,1,1297.48,1301.02,0.41000000000000003,109.6831999999985,485.2159963637075,TIME,lw,0.2260502556015946
2019-04-09 13:15:00,2019-04-09 16:50:00,1,1302.76,1304.31,0.41000000000000003,60.679999999998145,486.75485376630036,NEWS,lw,0.12466234189650564
2019-04-10 01:15:00,2019-04-10 09:10:00,1,1304.46,1302.88,0.6900000000000001,-113.84999999999499,495.1367542948719,TIME,drift,-0.22993647515044538
2019-04-10 18:15:00,2019-04-10 23:45:00,1,1308.16,1307.94,0.42,-12.180000000001145,491.99071455818785,TIME,tday,-0.02475656478789218
2019-04-11 01:15:00,2019-04-11 09:10:00,1,1308.6,1308.04,0.63,-39.68999999999656,493.0752499598972,TIME,drift,-0.08049481291795649
2019-04-11 11:30:00,2019-04-11 15:20:00,-1,1303.69,1299.3,0.42,181.44000000000418,486.0685206611747,NEWS,lw,0.3732807048545345
2019-04-12 01:15:00,2019-04-12 09:10:00,1,1292.9499999999998,1293.31,0.52,15.080000000006624,492.91328784450866,TIME,drift,0.030593616305113012
2019-04-12 01:05:00,2019-04-12 23:00:00,1,1292.9299999999998,1290.25,0.27,-74.24999999999558,491.1004355920217,TIME,friday,-0.15119106931861542
2019-04-12 23:05:00,2019-04-12 23:55:00,1,1290.82,1290.54,1.48,-51.79999999999596,494.2266396151508,TIME,fri_close,-0.10481021427807309
2019-04-15 10:15:00,2019-04-16 11:16:00,-1,1287.23,1285.26,0.42,94.25220000000115,491.16153057009495,TIME,lw,0.19189654346626436
2019-04-16 18:15:00,2019-04-16 23:45:00,-1,1276.0,1277.09,0.42,-48.71999999999656,484.54856410080276,TIME,tday,-0.10054719714299086
2019-04-16 12:15:00,2019-04-17 13:16:00,-1,1283.27,1276.15,0.42,310.5521999999954,484.54856410080276,TIME,lw,0.6409103710301985
2019-04-18 01:15:00,2019-04-18 09:10:00,1,1274.59,1272.01,0.72,-190.79999999999475,491.7554521351633,TIME,drift,-0.3879977317415724
2019-04-18 12:15:00,2019-04-18 15:20:00,1,1277.76,1275.87,0.43,-84.2800000000043,493.78065540822814,NEWS,lw,-0.17068307370268823
2019-04-23 01:15:00,2019-04-23 09:10:00,1,1275.5,1272.21,0.78,-262.07999999999714,491.1202434481329,TIME,drift,-0.5336371357041717
2019-04-22 11:00:00,2019-04-23 12:02:00,1,1278.81,1273.19,0.44,-285.3311999999952,489.88507457393104,TIME,lw,-0.5824451791027865
2019-04-23 18:15:00,2019-04-23 23:45:00,-1,1268.66,1272.28,0.45,-166.0499999999951,484.7103386781651,TIME,tday,-0.34257573389670964
2019-04-23 14:15:00,2019-04-24 15:16:00,-1,1272.1000000000001,1273.53,0.45,-52.01549999999264,484.7103386781651,TIME,lw,-0.10731254493527435
2019-04-25 01:15:00,2019-04-25 09:10:00,1,1275.25,1276.22,0.59,53.1000000000016,486.10570649290014,TIME,drift,0.10923550020241772
2019-04-24 18:45:00,2019-04-25 19:46:00,1,1278.57,1276.9,0.45,-185.59799999999308,483.13102877258206,TIME,lw,-0.38415665512420893
2019-04-26 01:15:00,2019-04-26 09:10:00,1,1277.8899999999999,1280.33,0.62,146.94000000000338,484.9410651873381,TIME,drift,0.3030058919494451
2019-04-25 16:45:00,2019-04-26 15:20:00,1,1282.68,1278.72,0.46,-221.94080000000167,491.0538971523873,NEWS,lw,-0.45196830996970466
2019-04-26 01:05:00,2019-04-26 15:20:00,1,1277.62,1278.72,0.31,31.930000000004227,490.63955097611523,NEWS,friday,0.06507832468149027
2019-04-26 10:15:00,2019-04-26 15:20:00,1,1282.45,1278.72,0.46,-174.80000000000084,486.43719021293117,NEWS,lw,-0.3593475242373729
2019-04-26 23:05:00,2019-04-26 23:55:00,1,1285.99,1286.02,1.37,-5.480000000003737,488.36007474534256,TIME,fri_close,-0.011221228522543139
2019-04-29 01:05:00,2019-04-29 23:45:00,1,1286.3,1279.55,0.45,-306.9,489.6365780660943,TIME,strong_close,-0.6267914076439213
2019-04-30 01:15:00,2019-04-30 09:10:00,1,1280.4399999999998,1282.9,0.74,176.8600000000195,485.2457722146642,TIME,drift,0.3644750972127579
2019-05-01 01:15:00,2019-05-01 09:10:00,1,1283.47,1279.97,0.68,-242.76000000000002,483.7713489948634,TIME,drift,-0.5018073114589876
2019-04-30 10:45:00,2019-05-01 11:46:00,1,1283.97,1280.65,0.45,-188.31599999999713,484.2661082042306,TIME,lw,-0.3888688405189368
2019-05-01 01:10:00,2019-05-01 15:05:00,1,1283.55,1281.49,0.23,-48.989999999998744,479.90846461290516,NEWS,tom,-0.10208196690073834
2019-05-02 01:15:00,2019-05-02 09:10:00,1,1277.78,1272.14,0.44,-251.2399999999944,483.5748763633382,TIME,drift,-0.5195472558239834
2019-05-02 15:15:00,2019-05-02 23:45:00,-1,1272.01,1271.04,0.45,40.50000000000123,483.56133819650614,TIME,tday900,0.08375359401363708
2019-05-02 18:15:00,2019-05-02 23:45:00,-1,1268.47,1271.04,0.45,-118.79999999999715,483.56133819650614,TIME,tday,-0.24567720910665541
2019-05-02 11:30:00,2019-05-03 12:31:00,-1,1270.48,1269.99,0.45,34.38450000000041,483.56133819650614,TIME,lw,0.07110680131757656
2019-05-03 16:00:00,2019-05-03 16:50:00,1,1276.1299999999999,1278.43,0.44,98.12000000000799,476.1915642038119,NEWS,lw,0.20605152920771239
2019-05-03 23:05:00,2019-05-03 23:55:00,1,1278.6399999999999,1279.06,1.0,35.000000000007276,481.533509977651,TIME,fri_close,0.0726844534695658
2019-05-07 01:15:00,2019-05-07 09:10:00,1,1281.74,1282.94,0.64,72.3200000000029,481.01656849672315,TIME,drift,0.15034825146671757
2019-05-08 01:15:00,2019-05-08 09:10:00,1,1284.3799999999999,1287.76,0.7000000000000001,231.70000000000763,480.59959402799296,TIME,drift,0.4821061084510863
2019-05-07 19:15:00,2019-05-08 20:16:00,1,1285.03,1280.57,0.44,-234.29120000000162,480.68395076757264,TIME,lw,-0.4874121543394103
2019-05-09 01:15:00,2019-05-09 09:10:00,1,1281.43,1282.28,0.65,50.6999999999941,482.69327393025816,TIME,drift,0.10503564631671142
2019-05-08 12:00:00,2019-05-09 13:01:00,1,1287.3799999999999,1284.32,0.45,-248.14799999999758,481.9829727256978,TIME,lw,-0.5148480631933476
2019-05-10 01:15:00,2019-05-10 09:10:00,1,1284.43,1285.18,0.5700000000000001,38.760000000000005,482.5673995138898,TIME,drift,0.08032038641450824
2019-05-09 17:00:00,2019-05-10 15:20:00,1,1286.17,1285.11,0.44,-84.6912000000076,475.9213657128561,NEWS,lw,-0.17795208641905239
2019-05-10 01:05:00,2019-05-10 15:20:00,1,1284.69,1285.11,0.3,10.499999999995362,478.7564917889953,NEWS,friday,0.02193181748984634
2019-05-10 23:05:00,2019-05-10 23:55:00,1,1285.98,1285.71,1.18,-40.11999999999785,482.9416954188459,TIME,fri_close,-0.08307421036653827
2019-05-13 07:15:00,2019-05-13 15:40:00,-1,1282.89,1289.34,0.74,-482.47999999998655,478.7799999999899,SL,nr7,-1.0077279752704722
2019-05-13 10:15:00,2019-05-13 16:01:00,-1,1282.75,1293.0800545924712,0.46,-478.40251125367723,476.10251125368137,SL,lw,-1.0048308923931937
2019-05-14 01:15:00,2019-05-14 09:10:00,1,1300.68,1298.49,0.52,-117.52000000000285,474.93582831289575,TIME,drift,-0.24744395557072751
2019-05-14 01:05:00,2019-05-14 23:45:00,1,1300.83,1296.73,0.43,-179.30999999999608,472.63360837081956,TIME,strong_close,-0.3793847852210137
2019-05-15 01:15:00,2019-05-15 09:10:00,1,1297.32,1295.27,0.64,-135.67999999999708,477.1052209751756,TIME,drift,-0.2843817129535388
2019-05-16 01:15:00,2019-05-16 09:10:00,1,1296.87,1296.23,0.64,-45.439999999991855,473.96796712823385,TIME,drift,-0.09587145788630456
2019-05-16 15:45:00,2019-05-17 16:46:00,-1,1290.63,1280.8600000000001,0.44,441.9403999999992,470.05693780795093,TIME,lw,0.9401848253978135
2019-05-17 18:15:00,2019-05-17 23:45:00,-1,1276.3400000000001,1277.88,0.43,-69.22999999999844,471.6499809003974,TIME,tday,-0.14678257776632533
2019-05-17 17:15:00,2019-05-17 23:59:00,-1,1278.57,1277.92,0.43,24.939999999994136,471.6499809003974,EOD,lw,0.05287819571705006
2019-05-21 01:15:00,2019-05-21 09:10:00,1,1277.95,1275.31,0.7000000000000001,-189.70000000000704,474.806459037632,TIME,drift,-0.3995312119058007
2019-05-21 15:15:00,2019-05-21 23:45:00,-1,1272.1100000000001,1275.05,0.44,-132.4399999999924,474.55663715891757,TIME,tday900,-0.2790815460782217
2019-05-21 14:15:00,2019-05-22 15:16:00,-1,1274.95,1277.28,0.44,-90.4595999999968,474.55663715891757,TIME,lw,-0.19061918623994306
2019-05-21 14:30:00,2019-05-22 15:31:00,-1,1272.78,1276.92,0.76,-293.8084000000076,472.7200000000069,TIME,nr7,-0.6215273311897177
2019-05-23 01:15:00,2019-05-23 09:10:00,1,1273.89,1274.42,0.85,39.09999999999768,473.0968943729087,TIME,drift,0.08264691750264994
2019-05-24 01:15:00,2019-05-24 09:10:00,1,1283.44,1283.37,0.61,-8.540000000009986,474.06849164843965,TIME,drift,-0.018014274625834215
2019-05-23 11:15:00,2019-05-24 12:16:00,1,1275.5,1281.53,0.46,237.59919999999872,469.72076267085174,TIME,lw,0.5058307379239525
2019-05-24 01:05:00,2019-05-24 23:00:00,1,1283.74,1284.72,0.29,26.390000000000526,461.2569274695135,TIME,friday,0.057213232860865285
2019-05-24 23:05:00,2019-05-24 23:55:00,1,1285.2,1284.81,1.94,-89.2400000000194,476.5914572204647,TIME,fri_close,-0.18724632732713503
2019-05-27 01:05:00,2019-05-28 04:45:00,1,1285.72,1282.91,0.46,-169.0407999999975,468.97075964986715,TIME,strong_close,-0.36045061770205694
2019-05-28 01:15:00,2019-05-28 09:10:00,1,1285.63,1283.32,1.11,-264.1800000000192,476.31828732221663,TIME,drift,-0.554629135667236
2019-05-27 10:15:00,2019-05-28 15:15:00,1,1286.39,1280.6,0.46,-306.1208000000088,468.97075964986715,TIME,lw,-0.652750291358374
2019-05-28 15:15:00,2019-05-28 23:45:00,-1,1280.56,1280.18,0.48,14.879999999994325,467.05787891539876,TIME,tday900,0.031859006499469926
2019-05-28 18:15:00,2019-05-28 23:45:00,-1,1278.6200000000001,1280.18,0.48,-78.23999999999738,467.05787891539876,TIME,tday,-0.1675167115940453
2019-05-29 01:15:00,2019-05-29 09:10:00,1,1279.89,1281.69,0.7000000000000001,121.09999999999683,470.0840626404827,TIME,drift,0.25761349857251664
2019-05-30 01:15:00,2019-05-30 09:10:00,1,1279.83,1276.59,0.55,-182.0500000000005,467.01518982998584,TIME,drift,-0.3898160144775478
2019-05-29 10:15:00,2019-05-30 10:17:00,1,1284.71,1274.9382255566961,0.48,-586.8563732785877,470.00517327858455,SL,lw,-1.2486168379485951
2019-05-31 01:15:00,2019-05-31 09:11:00,1,1288.27,1292.3,0.58,229.67999999999842,464.82462790417424,TIME,drift,0.4941218391021829
2019-05-31 01:05:00,2019-05-31 23:01:00,1,1288.62,1305.73,0.31,528.240000000004,458.8735176668531,TIME,friday,1.1511668894858988
2019-05-31 23:05:00,2019-05-31 23:55:00,1,1305.79,1305.2,0.77,-50.8199999999937,472.2333246644652,TIME,fri_close,-0.10761629335689663
2019-05-31 10:15:00,2019-05-31 23:59:00,1,1295.79,1305.37,0.47000000000000003,446.9699999999966,464.90430817939995,EOD,lw,0.9614236567313488
2019-05-31 20:00:00,2019-05-31 23:59:00,1,1304.77,1305.37,0.59,31.269999999994628,469.9998087719009,EOD,trendH4,0.06653194196334344
2019-06-03 01:05:00,2019-06-03 16:50:00,1,1306.88,1315.78,0.45,397.3499999999939,474.43034997712624,NEWS,strong_close,0.8375307355845834
2019-06-03 01:10:00,2019-06-03 16:50:00,1,1306.88,1315.78,0.22,194.259999999997,462.34745331096786,NEWS,tom,0.4201602033467689
2019-06-03 04:00:00,2019-06-03 16:50:00,1,1308.78,1315.78,0.59,408.87,470.9957524166417,NEWS,trendH4,0.8680970006674594
2019-06-03 08:00:00,2019-06-03 16:50:00,1,1312.78,1315.78,0.59,172.87,473.14046479580924,NEWS,trendH4,0.365367185566351
2019-06-03 12:00:00,2019-06-03 16:50:00,1,1314.42,1315.78,0.5700000000000001,73.5299999999943,470.8692147236107,NEWS,trendH4,0.1561580109737153
2019-06-03 13:30:00,2019-06-03 16:50:00,1,1317.33,1315.78,0.45,-72.89999999999796,474.43034997712624,NEWS,lw,-0.15365796054892503
2019-06-04 01:15:00,2019-06-04 09:10:00,1,1324.8,1325.78,0.43,39.130000000000784,477.8933915030136,TIME,drift,0.08188018645106966
2019-06-04 01:05:00,2019-06-04 23:45:00,1,1325.18,1326.43,0.42,49.56,479.03296998017663,TIME,strong_close,0.10345843210343308
2019-06-05 01:15:00,2019-06-05 09:10:00,1,1325.39,1328.74,0.41000000000000003,134.4799999999963,476.8558302898187,TIME,drift,0.28201395779991484
2019-06-03 20:00:00,2019-06-05 15:05:00,1,1320.77,1335.3,0.54,695.0015999999986,476.89852858868744,NEWS,trendH4,1.4573364318333206
2019-06-05 10:15:00,2019-06-05 15:05:00,1,1335.32,1335.3,0.42,-3.779999999999236,472.26632926730673,NEWS,lw,-0.008003958287400421
2019-06-05 12:00:00,2019-06-05 15:05:00,1,1332.85,1335.3,0.47000000000000003,111.86000000000215,475.6645391126586,NEWS,trendH4,0.23516573299467403
2019-06-05 16:00:00,2019-06-05 16:50:00,1,1340.99,1337.46,0.45,-161.99999999999878,484.1098201503441,NEWS,trendH4,-0.3346348147816717
2019-06-06 01:15:00,2019-06-06 09:10:00,1,1332.46,1332.43,0.35000000000000003,-3.499999999999045,485.6295951111458,TIME,drift,-0.00720713901136524
2019-06-06 15:15:00,2019-06-06 23:45:00,1,1337.42,1334.91,0.41000000000000003,-105.77999999999965,485.4917576521674,TIME,tday900,-0.2178821747902591
2019-06-07 01:15:00,2019-06-07 09:10:00,1,1335.83,1332.02,0.41000000000000003,-159.0799999999978,482.3933756845723,TIME,drift,-0.32977235596207094
2019-06-06 19:30:00,2019-06-07 15:20:00,1,1339.07,1336.96,0.41000000000000003,-121.96679999999591,485.4917576521674,NEWS,lw,-0.25122321456048186
2019-06-07 01:05:00,2019-06-07 15:20:00,1,1336.1200000000001,1336.96,0.27,20.78999999999779,480.8499745711952,NEWS,friday,0.043235938649133894
2019-06-07 18:15:00,2019-06-07 23:45:00,1,1345.96,1340.66,0.4,-214.7999999999982,475.846888465378,TIME,tday,-0.45140570466423624
2019-06-07 23:05:00,2019-06-07 23:55:00,1,1341.27,1340.29,0.78,-81.90000000000141,484.0428472292946,TIME,fri_close,-0.16919989721737339
2019-06-10 10:15:00,2019-06-10 16:50:00,-1,1327.8,1328.79,0.39,-41.34000000000035,481.0099508070478,NEWS,lw,-0.08594416795461154
2019-06-11 11:30:00,2019-06-11 15:20:00,-1,1322.46,1320.99,0.38,53.20000000000104,477.16233644447203,NEWS,lw,0.1114924543215535
2019-06-12 01:15:00,2019-06-12 09:10:00,1,1327.1299999999999,1336.15,0.6,537.0000000000125,479.30943655513994,TIME,drift,1.1203618352676348
2019-06-12 10:15:00,2019-06-12 15:20:00,1,1335.41,1332.87,0.39,-101.79000000000745,482.7357228897507,NEWS,lw,-0.2108607156534274
2019-06-13 01:15:00,2019-06-13 09:10:00,1,1333.32,1336.5,0.55,171.05000000000354,484.09344629983974,TIME,drift,0.35334087108061757
2019-06-13 18:15:00,2019-06-13 23:45:00,1,1338.3899999999999,1341.99,0.39,137.67000000000533,483.1038855404822,TIME,tday,0.2849697634826187
2019-06-14 01:15:00,2019-06-14 09:10:00,1,1344.07,1346.78,0.53,139.92000000000195,478.1689429306634,TIME,drift,0.292616243837256
2019-06-13 18:30:00,2019-06-14 15:20:00,1,1339.27,1354.73,0.39,569.2128000000014,483.1038855404822,NEWS,lw,1.1782409892298487
2019-06-14 01:05:00,2019-06-14 15:20:00,1,1342.58,1354.73,0.26,314.08000000000237,477.7721794304479,NEWS,friday,0.6573844470693481
2019-06-14 10:15:00,2019-06-14 15:20:00,1,1356.45,1354.73,0.39,-69.81000000000107,478.6821794304479,NEWS,lw,-0.14583789202903552
2019-06-14 12:00:00,2019-06-14 15:20:00,1,1354.1399999999999,1354.73,0.44,22.880000000006405,478.593146503228,NEWS,trendH4,0.04780678571595902
2019-06-14 23:05:00,2019-06-14 23:55:00,1,1341.21,1341.02,0.6900000000000001,-17.940000000003764,485.4495479205607,TIME,fri_close,-0.03695543661921275
2019-06-17 12:30:00,2019-06-18 09:05:00,-1,1333.47,1346.3036233197724,0.38,-477.2618861513518,488.43768615135747,SL,lw,-0.9771192921494954
2019-06-18 15:15:00,2019-06-18 23:45:00,1,1350.35,1346.39,0.38,-153.13999999999274,482.29356571197474,TIME,tday900,-0.31752445167690213
2019-06-18 10:15:00,2019-06-19 11:16:00,1,1346.48,1342.82,0.38,-171.94240000000312,482.29356571197474,TIME,lw,-0.3565098359671814
2019-06-20 01:05:00,2019-06-20 23:45:00,1,1359.67,1387.64,0.36,1004.400000000001,487.13090947793427,TIME,strong_close,2.061868751207826
2019-06-20 10:15:00,2019-06-21 09:39:00,1,1382.8600000000001,1391.4678787717528,0.36,278.750835783096,487.13090947793427,SL,lw,0.5722298264379027
2019-06-21 01:05:00,2019-06-21 23:01:00,1,1388.47,1398.51,0.17,169.48999999999938,385.92741367447474,TIME,friday,0.4391758501586058
2019-06-21 23:05:00,2019-06-21 23:55:00,1,1399.29,1398.83,0.5700000000000001,-30.210000000002076,487.25627801966846,TIME,fri_close,-0.062000227319354576
2019-06-20 04:00:00,2019-06-21 23:59:00,1,1371.54,1399.27,0.35000000000000003,940.2820000000007,477.5754016302035,EOD,trendH4,1.9688660613388973
2019-06-20 08:00:00,2019-06-21 23:59:00,1,1378.76,1399.27,0.31,609.0011999999998,473.7810879431285,EOD,trendH4,1.2854063099983906
2019-06-24 15:15:00,2019-06-24 23:45:00,1,1408.79,1418.34,0.31,293.8799999999986,501.33785073056936,TIME,tday900,0.586191526476098
2019-06-24 18:15:00,2019-06-24 23:45:00,1,1410.29,1418.34,0.31,247.37999999999863,501.33785073056936,TIME,tday,0.49343970266658843
2019-06-24 18:30:00,2019-06-25 19:31:00,1,1417.4,1430.29,0.31,372.78119999999603,501.33785073056936,TIME,lw,0.7435728211160688
2019-06-25 08:00:00,2019-06-25 20:20:00,1,1436.21,1416.8687314062054,0.26,-504.6929834386613,503.392983438664,SL,trendH4,-1.0025824754074184
2019-06-25 01:05:00,2019-06-25 20:21:00,1,1419.08,1414.1908799786956,0.3,-148.77360063912838,498.08240042608793,SL,strong_close,-0.29869274744873336
2019-06-25 10:15:00,2019-06-25 20:21:00,1,1431.03,1414.4472533191304,0.19,-316.40218693652247,315.45218693652237,SL,lw,-1.0030115498935859
2019-06-25 04:00:00,2019-06-26 05:54:00,1,1424.82,1406.162348848637,0.27,-527.1061810867975,504.2965810867991,SL,trendH4,-1.04523052674845
2019-06-24 20:00:00,2019-06-27 15:20:00,1,1415.21,1405.33,0.26,-362.02400000000284,486.64440990075997,NEWS,trendH4,-0.7439189532123247
2019-06-28 01:05:00,2019-06-28 23:00:00,1,1409.8600000000001,1411.18,0.19,23.749999999998792,496.6309646681156,TIME,friday,0.04782222956208589
2019-06-28 23:05:00,2019-06-28 23:55:00,1,1410.89,1409.91,0.8300000000000001,-87.15000000000153,492.0669289324941,TIME,fri_close,-0.17711005327886503
2019-06-28 03:15:00,2019-06-28 23:59:00,1,1414.5,1409.25,0.31,-164.92,490.42,EOD,nr7,-0.33628318584070793
2019-06-28 12:00:00,2019-06-28 23:59:00,1,1415.32,1409.25,0.28,-171.91999999999823,488.57147405990304,EOD,lw,-0.35188300817357865
2019-07-01 01:07:00,2019-07-01 16:50:00,1,1392.6599999999999,1393.03,0.14,4.200000000001655,245.90675581352644,NEWS,season,0.017079644624267896
2019-07-01 01:10:00,2019-07-01 16:50:00,1,1392.51,1393.03,0.14,6.299999999999746,490.83351162705287,NEWS,tom,0.012835309429293078
2019-07-01 18:00:00,2019-07-02 19:01:00,1,1395.0,1404.11,0.28,230.86559999999722,491.8135116270529,TIME,lw,0.4694169528531882
2019-07-02 15:15:00,2019-07-02 23:45:00,1,1393.39,1419.32,0.27,698.2199999999957,493.6024045436111,TIME,tday900,1.4145393004022655
2019-07-02 18:15:00,2019-07-02 23:45:00,1,1397.13,1419.32,0.27,597.2399999999953,493.6024045436111,TIME,tday,1.2099616908313249
2019-07-02 01:07:00,2019-07-02 23:47:00,1,1385.2,1419.23,0.13,441.4799999999996,237.6604170024794,TIME,season,1.8576084548206186
2019-07-02 10:15:00,2019-07-03 11:16:00,1,1392.94,1424.54,0.27,829.8503999999975,493.6024045436111,TIME,lw,1.6812122314665061
2019-07-03 01:05:00,2019-07-03 15:05:00,1,1423.48,1417.48,0.25,-151.75,492.143601790142,NEWS,strong_close,-0.3083449616088043
2019-07-03 01:07:00,2019-07-03 15:05:00,1,1423.34,1417.48,0.12,-71.1599999999988,236.22892885926814,NEWS,season,-0.30123321620101795
2019-07-04 01:07:00,2019-07-05 04:47:00,1,1420.45,1418.56,0.12,-33.0576000000012,241.2897196550347,TIME,season,-0.13700376479885984
2019-07-05 01:45:00,2019-07-05 14:54:00,1,1423.08,1410.39,0.39,-497.63999999999334,495.68999999999505,SL,nr7,-1.0039339103068416
2019-07-05 01:05:00,2019-07-05 15:20:00,1,1416.84,1411.19,0.17,-97.23999999999769,496.4859646764526,NEWS,friday,-0.195856493271399
2019-07-05 01:07:00,2019-07-05 15:20:00,1,1416.4,1411.19,0.13,-68.64000000000047,253.41382512917193,NEWS,season,-0.27086130744845033
2019-07-05 23:05:00,2019-07-05 23:55:00,1,1400.56,1398.27,0.55,-129.79999999999802,504.28563449883245,TIME,fri_close,-0.2573938084296124
2019-07-08 01:07:00,2019-07-08 23:47:00,1,1399.34,1395.19,0.12,-50.639999999998366,249.34613582500455,TIME,season,-0.2030911761774339
2019-07-09 01:07:00,2019-07-09 16:50:00,1,1395.96,1391.42,0.12,-55.31999999999957,245.19855469464702,NEWS,season,-0.22561307536617087
2019-07-10 01:05:00,2019-07-10 16:50:00,1,1396.98,1408.5,0.25,286.24999999999955,499.9495849747635,NEWS,strong_close,0.572557731024917
2019-07-10 01:07:00,2019-07-10 16:50:00,1,1397.07,1408.5,0.12,136.32000000000073,239.97580078788647,NEWS,season,0.5680572772439392
2019-07-10 18:15:00,2019-07-10 23:45:00,1,1406.33,1417.98,0.25,289.5000000000023,499.9495849747635,TIME,tday,0.5790583864863408
2019-07-11 01:05:00,2019-07-11 15:20:00,1,1419.69,1420.16,0.24,9.600000000000655,495.5379157489324,NEWS,strong_close,0.019372886907133378
2019-07-11 01:07:00,2019-07-11 15:20:00,1,1420.18,1420.16,0.12,-1.0799999999997816,247.7689578744662,NEWS,season,-0.004358899554103831
2019-07-12 01:05:00,2019-07-12 15:20:00,1,1404.92,1406.51,0.16,24.31999999999869,504.83949319543706,NEWS,friday,0.04817372715050991
2019-07-12 01:07:00,2019-07-12 15:20:00,1,1405.59,1406.51,0.12,10.200000000000873,252.6997465977185,NEWS,season,0.04036410854118745
2019-07-12 23:05:00,2019-07-12 23:55:00,1,1414.71,1414.96,0.8200000000000001,14.76,501.42996594259023,TIME,fri_close,0.02943581557247798
2019-07-15 01:05:00,2019-07-15 23:45:00,1,1416.84,1414.26,0.24,-63.59999999999825,493.31667225290556,TIME,strong_close,-0.1289232729750371
2019-07-15 01:07:00,2019-07-15 23:47:00,1,1417.31,1414.26,0.12,-37.43999999999946,246.65833612645278,TIME,season,-0.15178891006872489
2019-07-15 01:30:00,2019-07-16 02:31:00,1,1418.84,1416.19,0.32,-112.47359999999563,505.9200000000003,TIME,inside,-0.2223149905123252
2019-07-16 01:07:00,2019-07-16 15:20:00,1,1415.54,1413.58,0.12,-24.360000000000436,239.36845497456335,NEWS,season,-0.10176779560443362
2019-07-16 16:15:00,2019-07-17 17:16:00,-1,1408.8500000000001,1411.91,0.25,-69.64749999999864,498.684281197007,TIME,lw,-0.13966251318935025
2019-07-17 18:15:00,2019-07-17 23:45:00,1,1422.1499999999999,1426.03,0.25,95.25000000000273,494.0282611115065,TIME,tday,0.192802735183006
2019-07-17 17:30:00,2019-07-18 18:31:00,1,1414.23,1425.2,0.25,212.89000000000067,494.0282611115065,TIME,lw,0.43092676423211657
2019-07-18 01:05:00,2019-07-18 23:45:00,1,1426.66,1444.79,0.24,433.4399999999971,486.196621333686,TIME,strong_close,0.8914911806894663
2019-07-18 01:07:00,2019-07-18 23:47:00,1,1426.6599999999999,1444.81,0.12,216.9600000000011,243.098310666843,TIME,season,0.8924784355961096
2019-07-19 01:07:00,2019-07-19 17:43:00,1,1449.02,1427.8273926269705,0.12,-255.15128847635316,254.55128847635422,SL,season,-1.0023570888349862
2019-07-19 01:05:00,2019-07-19 23:00:00,1,1448.38,1425.44,0.16,-368.1600000000009,508.5425769527083,TIME,friday,-0.7239511826248478
2019-07-19 23:05:00,2019-07-19 23:55:00,1,1425.08,1424.85,0.48,-14.400000000000873,506.77211025194305,TIME,fri_close,-0.028415139090511268
2019-07-22 01:07:00,2019-07-22 23:47:00,1,1425.8,1424.39,0.11,-16.2799999999984,242.4587753102301,TIME,season,-0.06714543525664461
2019-07-23 01:07:00,2019-07-23 23:47:00,1,1424.84,1417.87,0.12,-84.48000000000033,252.30187628828503,TIME,season,-0.3348369867193213
2019-07-24 15:15:00,2019-07-24 23:45:00,1,1426.68,1424.98,0.24,-42.48000000000109,495.9720559639576,TIME,tday900,-0.08564998670628356
2019-07-24 01:07:00,2019-07-24 23:47:00,1,1417.91,1425.12,0.12,85.6799999999977,247.9860279819788,TIME,season,0.34550333620499013
2019-07-24 12:00:00,2019-07-25 13:01:00,1,1425.44,1426.2,0.24,-40.66560000000022,495.9720559639576,TIME,lw,-0.08199171608764062
2019-07-25 14:45:00,2019-07-25 16:35:00,1,1430.03,1416.49,0.37,-503.5699999999986,501.7200000000003,SL,inside,-1.0036873156342148
2019-07-25 15:00:00,2019-07-25 20:01:00,1,1431.74,1411.6248906918706,0.25,-504.6277327032344,503.377732703233,SL,lw,-1.0024832246617041
2019-07-25 01:07:00,2019-07-25 23:47:00,1,1425.34,1414.17,0.12,-134.87999999999815,241.62131169755182,TIME,season,-0.5582289039504655
2019-07-26 01:05:00,2019-07-26 15:20:00,1,1415.22,1419.94,0.16,74.40000000000043,487.28529315259624,NEWS,friday,0.15268262975607932
2019-07-26 01:07:00,2019-07-26 15:20:00,1,1415.75,1419.94,0.12,49.44000000000065,243.92264657629812,NEWS,season,0.2026872071697369
2019-07-26 23:05:00,2019-07-26 23:55:00,1,1417.1599999999999,1418.49,0.9,113.40000000001393,500.85966742813497,TIME,fri_close,0.22641072415016317
2019-07-29 01:07:00,2019-07-29 23:47:00,1,1420.44,1426.87,0.12,76.31999999999803,236.25388610656245,TIME,season,0.32304230528328265
2019-07-30 01:05:00,2019-07-30 23:45:00,1,1426.22,1430.78,0.26,116.73999999999859,500.20603276201257,TIME,strong_close,0.23338383056955453
2019-07-30 01:07:00,2019-07-30 23:47:00,1,1425.9499999999998,1430.74,0.13,61.36000000000249,250.10301638100628,TIME,season,0.24533890429584757
2019-07-31 01:07:00,2019-07-31 15:05:00,1,1431.57,1430.43,0.13,-15.729999999998345,242.46208663950583,NEWS,season,-0.0648761223579908
2019-07-31 19:30:00,2019-07-31 20:50:00,-1,1424.43,1426.68,0.27,-62.64000000000001,503.57510302051213,NEWS,lw,-0.12439058171120206
2019-08-01 01:07:00,2019-08-01 16:50:00,1,1415.52,1405.84,0.13,-126.75000000000084,247.38265187954102,NEWS,season,-0.5123641412887744
2019-08-01 01:10:00,2019-08-01 16:50:00,1,1415.75,1405.84,0.13,-129.74000000000106,493.855303759082,NEWS,tom,-0.26270852821151897
2019-08-02 01:05:00,2019-08-02 15:20:00,1,1445.83,1436.97,0.16,-142.8799999999984,501.6788317934989,NEWS,friday,-0.2848037249034472
2019-08-02 01:07:00,2019-08-02 15:20:00,1,1443.93,1436.97,0.11,-77.3300000000004,230.19279790535367,NEWS,season,-0.3359357925342021
2019-08-02 23:05:00,2019-08-02 23:55:00,1,1440.57,1440.5,0.56,-7.839999999996436,498.0626072554527,TIME,fri_close,-0.015740992971141392
2019-08-05 01:07:00,2019-08-05 16:50:00,1,1440.35,1465.12,0.12,296.3999999999998,249.36517190412448,NEWS,season,1.1886182731001393
2019-08-05 08:00:00,2019-08-05 16:50:00,1,1453.27,1465.12,0.26,306.27999999999764,495.1454004731807,NEWS,trendH4,0.6185657782689776
2019-08-05 10:15:00,2019-08-05 16:50:00,1,1456.66,1465.12,0.24,201.3599999999954,498.73034380824896,NEWS,lw,0.4037452352757064
2019-08-05 12:00:00,2019-08-05 16:50:00,1,1457.47,1465.12,0.26,197.07999999999646,494.0871304495215,NEWS,trendH4,0.39887701551888766
2019-08-05 15:15:00,2019-08-05 16:50:00,1,1460.93,1465.12,0.24,98.87999999999585,498.73034380824896,NEWS,tday900,0.19826345284098668
2019-08-05 16:00:00,2019-08-05 16:50:00,1,1462.8700000000001,1465.12,0.26,56.67999999999409,489.4677739270456,NEWS,trendH4,0.11579924771194876
2019-08-05 20:00:00,2019-08-06 16:50:00,1,1465.99,1466.45,0.25,-10.119999999999092,489.0724857987435,NEWS,trendH4,-0.020692229258146278
2019-08-06 01:05:00,2019-08-06 16:50:00,1,1468.13,1466.45,0.23,-40.250000000001464,498.0906333293644,NEWS,strong_close,-0.08080858644331501
2019-08-06 01:07:00,2019-08-06 16:50:00,1,1472.28,1466.45,0.11,-64.8999999999992,238.21725941839165,NEWS,season,-0.27244037715173447
2019-08-06 04:00:00,2019-08-06 16:50:00,1,1470.38,1466.45,0.25,-100.00000000000159,493.1122934333658,NEWS,trendH4,-0.2027935651405831
2019-08-07 01:05:00,2019-08-07 23:45:00,1,1474.79,1501.01,0.23,601.4500000000006,492.9877309486955,TIME,strong_close,1.2200100778219825
2019-08-07 15:15:00,2019-08-07 23:45:00,1,1498.15,1501.01,0.23,64.16999999999771,492.9877309486955,TIME,tday900,0.13016551117105954
2019-08-07 01:07:00,2019-08-07 23:47:00,1,1474.71,1501.39,0.11,292.7100000000007,235.77674088850654,TIME,season,1.2414710581584323
2019-08-07 10:15:00,2019-08-08 11:16:00,1,1489.7,1499.26,0.23,163.42879999999872,492.9877309486955,TIME,lw,0.33150683017100585
2019-08-08 01:07:00,2019-08-08 23:47:00,1,1498.75,1501.42,0.08,20.800000000000583,181.08870813249783,TIME,season,0.11486083375657952
2019-08-07 04:00:00,2019-08-09 15:20:00,1,1477.85,1497.7,0.26,431.6208000000035,493.5935646484892,NEWS,trendH4,0.8744457604656589
2019-08-07 08:00:00,2019-08-09 15:20:00,1,1485.01,1497.7,0.25,236.02000000000135,490.26623693852383,NEWS,trendH4,0.4814118987141199
2019-08-09 01:05:00,2019-08-09 15:20:00,1,1506.66,1497.7,0.15,-135.45000000000056,503.8272065067466,NEWS,friday,-0.2688421709878162
2019-08-09 01:07:00,2019-08-09 15:20:00,1,1507.91,1497.7,0.11,-113.0800000000004,246.5721898477428,NEWS,season,-0.4586080858097857
2019-08-09 23:05:00,2019-08-09 23:55:00,1,1498.22,1496.94,0.58,-78.2999999999984,509.3009546199033,TIME,fri_close,-0.15374013987159033
2019-08-12 18:15:00,2019-08-12 23:45:00,1,1505.6,1511.53,0.23,134.78000000000145,502.47360236672125,TIME,tday,0.2682329964502985
2019-08-12 01:07:00,2019-08-12 23:47:00,1,1495.9499999999998,1511.05,0.11,165.3300000000015,240.3134620014754,TIME,season,0.6879764397010204
2019-08-13 01:07:00,2019-08-13 15:20:00,1,1510.4199999999998,1524.14,0.11,150.1500000000028,248.71535757279855,NEWS,season,0.6037021656616204
2019-08-13 10:45:00,2019-08-13 15:20:00,1,1524.74,1524.14,0.22,-14.739999999997998,497.4307151455971,NEWS,lw,-0.029632267472031005
2019-08-13 12:00:00,2019-08-13 15:20:00,1,1523.56,1524.14,0.26,13.26000000000402,503.8722049332329,NEWS,trendH4,0.02631619658750789
2019-08-14 15:15:00,2019-08-14 23:45:00,1,1514.53,1514.22,0.2,-7.59999999999891,498.70904525277706,TIME,tday900,-0.015239346613708906
2019-08-14 18:15:00,2019-08-14 23:45:00,1,1519.7,1514.22,0.2,-111.00000000000037,498.70904525277706,TIME,tday,-0.22257466764762326
2019-08-14 01:07:00,2019-08-14 23:47:00,1,1502.25,1516.3,0.1,139.79999999999956,249.35452262638853,TIME,season,0.5606475412096853
2019-08-15 01:07:00,2019-08-15 15:20:00,1,1519.76,1513.47,0.1,-63.599999999999646,252.92919958164657,NEWS,season,-0.25145376692448396
2019-08-16 01:05:00,2019-08-16 23:00:00,1,1522.3,1513.96,0.13,-109.32999999999893,484.21465781391026,TIME,friday,-0.22578829086585772
2019-08-16 01:07:00,2019-08-16 23:47:00,1,1521.96,1512.05,0.1,-99.80000000000082,248.54854246867194,TIME,season,-0.4015312220653236
2019-08-16 23:05:00,2019-08-16 23:55:00,1,1514.07,1512.48,0.58,-96.27999999999525,510.71190514227624,TIME,fri_close,-0.18852115846638268
2019-08-19 01:07:00,2019-08-19 23:47:00,1,1510.87,1496.19,0.1,-147.49999999999835,248.18793229233822,TIME,season,-0.5943077031894504
2019-08-20 01:07:00,2019-08-20 23:47:00,1,1496.99,1507.23,0.1,101.70000000000009,244.88879427145685,TIME,season,0.41529054158054546
2019-08-20 13:00:00,2019-08-21 14:01:00,1,1504.54,1501.48,0.2,-78.4959999999989,489.7775885429137,TIME,lw,-0.16026866446364804
2019-08-21 01:05:00,2019-08-21 23:45:00,1,1506.99,1502.03,0.21,-105.63000000000076,501.15814882934086,TIME,strong_close,-0.2107717897967791
2019-08-21 01:07:00,2019-08-21 23:47:00,1,1506.5,1501.99,0.1,-45.79999999999991,238.6467375377814,TIME,season,-0.1919154666539243
2019-08-22 01:07:00,2019-08-22 23:47:00,1,1502.3,1498.29,0.11,-44.8799999999999,252.85916762787673,TIME,season,-0.1774901041596724
2019-08-23 01:05:00,2019-08-23 23:00:00,1,1498.97,1528.43,0.15,440.8500000000005,499.2217956568437,TIME,friday,0.8830744247052728
2019-08-23 18:15:00,2019-08-23 23:45:00,1,1525.06,1525.85,0.23,16.559999999999164,510.85228000477366,TIME,tday,0.032416415954616896
2019-08-23 01:07:00,2019-08-23 23:47:00,1,1498.8899999999999,1526.53,0.11,303.2700000000011,244.32065565445697,TIME,season,1.2412785942622726
2019-08-23 23:05:00,2019-08-23 23:55:00,1,1526.54,1526.48,0.53,-6.889999999997109,508.6544544769083,TIME,fri_close,-0.013545541456198724
2019-08-23 15:45:00,2019-08-23 23:59:00,1,1504.0,1526.6,0.23,518.1899999999979,510.85228000477366,EOD,lw,1.0143636825799343
2019-08-26 04:00:00,2019-08-26 10:02:00,1,1545.16,1527.3404745077512,0.29,-518.7962392752177,517.346239275216,SL,trendH4,-1.0028027651308205
2019-08-26 01:07:00,2019-08-26 11:39:00,1,1549.43,1526.201957639559,0.11,-256.2784659648524,255.72846596485294,SL,season,-1.0021507187239571
2019-08-26 01:05:00,2019-08-26 23:45:00,1,1546.4499999999998,1527.96,0.22,-408.3199999999952,511.4569319297059,TIME,strong_close,-0.798346790333686
2019-08-27 18:15:00,2019-08-27 23:45:00,1,1539.1200000000001,1542.72,0.21,74.12999999999809,498.366826028603,TIME,tday,0.14874585571982576
2019-08-27 01:07:00,2019-08-27 23:47:00,1,1527.77,1542.74,0.1,149.00000000000028,237.31753620409668,TIME,season,0.6278507791006983
2019-08-27 18:30:00,2019-08-28 19:31:00,1,1542.07,1537.0,0.21,-124.63079999999866,498.366826028603,TIME,lw,-0.2500784432085086
2019-08-28 01:05:00,2019-08-28 23:45:00,1,1541.42,1539.44,0.21,-43.050000000000374,491.3291955979883,TIME,strong_close,-0.08761946244127618
2019-08-28 01:07:00,2019-08-28 23:47:00,1,1541.3,1539.35,0.1,-20.200000000000454,233.96628361808968,TIME,season,-0.08633722640555137
2019-08-28 14:30:00,2019-08-29 15:20:00,1,1545.27,1537.68,0.26,-261.15439999999785,502.32,NEWS,inside,-0.5198964803312587
2019-08-29 01:07:00,2019-08-29 15:20:00,1,1539.4099999999999,1537.68,0.11,-19.7999999999977,250.8205611241916,NEWS,season,-0.07894089667630519
2019-08-29 10:30:00,2019-08-29 15:20:00,1,1547.06,1537.68,0.22,-207.8999999999974,501.6411222483832,NEWS,lw,-0.4144397075506452
2019-08-30 01:05:00,2019-08-30 23:00:00,1,1528.03,1524.05,0.14,-56.70000000000025,490.1964492656122,TIME,friday,-0.11566791249701085
2019-08-30 01:07:00,2019-08-30 23:47:00,1,1527.86,1520.86,0.1,-70.7,233.66021393600582,TIME,season,-0.3025761160150402
2019-08-30 23:05:00,2019-08-30 23:55:00,1,1523.72,1520.69,0.54,-167.39999999999856,509.00103530971154,TIME,fri_close,-0.32887948822764335
2019-09-02 01:10:00,2019-09-03 16:50:00,1,1532.48,1536.91,0.11,39.217200000000695,502.1315798978406,NEWS,tom,0.07810144107641963
2019-09-03 15:30:00,2019-09-03 16:50:00,1,1534.24,1536.91,0.34,88.40000000000248,500.82000000000284,NEWS,nr7,0.17651052274270593
2019-09-03 16:15:00,2019-09-03 16:50:00,1,1537.24,1536.91,0.22,-8.799999999998398,490.09575276228065,NEWS,lw,-0.017955674886794643
2019-09-03 18:15:00,2019-09-03 23:45:00,1,1549.2,1547.12,0.22,-47.3000000000034,490.09575276228065,TIME,tday,-0.0965117525165457
2019-09-04 01:05:00,2019-09-04 23:45:00,1,1546.9199999999998,1552.59,0.22,123.2000000000016,499.3246275649752,TIME,strong_close,0.24673327370372905
2019-09-05 01:05:00,2019-09-05 15:05:00,1,1551.8,1544.32,0.22,-166.1000000000004,500.1628684531914,NEWS,strong_close,-0.33209182543614824
2019-09-06 01:05:00,2019-09-06 15:20:00,1,1518.96,1504.23,0.13,-192.40000000000023,476.2932375093638,NEWS,friday,-0.4039528274768287
2019-09-06 23:05:00,2019-09-06 23:55:00,1,1505.69,1506.48,0.36,25.91999999999869,496.00756540646904,TIME,fri_close,0.05225726744461595
2019-09-10 15:15:00,2019-09-10 16:50:00,-1,1489.89,1497.9,0.21,-169.67999999999978,504.9544348301235,NEWS,lw,-0.3360303193635351
2019-09-11 10:15:00,2019-09-11 15:20:00,1,1493.04,1491.65,0.21,-30.65999999999732,493.72626091368625,NEWS,lw,-0.06209918820857968
2019-09-11 18:15:00,2019-09-11 23:45:00,1,1495.67,1496.24,0.21,10.499999999998662,493.72626091368625,TIME,tday,0.021266845276909998
2019-09-12 01:05:00,2019-09-12 15:20:00,1,1497.03,1516.3,0.22,422.3999999999996,501.0029612969875,NEWS,strong_close,0.8431087890309031
2019-09-12 10:00:00,2019-09-12 15:20:00,1,1501.3,1516.3,0.31,462.83000000000004,496.93000000000114,NEWS,inside,0.9313786650031171
2019-09-12 11:00:00,2019-09-12 15:20:00,1,1503.12,1516.3,0.22,288.4200000000014,501.0029612969875,NEWS,lw,0.5756852200101669
2019-09-13 01:05:00,2019-09-13 15:20:00,1,1497.97,1506.29,0.14,115.49999999999912,496.0658066041478,NEWS,friday,0.23283201233050554
2019-09-13 23:05:00,2019-09-13 23:55:00,1,1487.18,1488.52,0.52,66.03999999999574,513.3210522073786,TIME,fri_close,0.12865242856495196
2019-09-17 19:30:00,2019-09-18 20:31:00,1,1506.18,1507.59,0.21,11.449199999996946,496.1412822250048,TIME,lw,0.02307649133458849
2019-09-18 17:45:00,2019-09-18 20:50:00,1,1507.28,1507.81,0.22,10.1199999999994,504.23226774269193,NEWS,lw,0.02007011579267593
2019-09-19 15:15:00,2019-09-19 23:45:00,1,1502.72,1498.62,0.22,-91.74000000000301,512.6085343324997,TIME,tday900,-0.17896697744110623
2019-09-20 01:05:00,2019-09-20 23:00:00,1,1499.49,1516.43,0.15,253.05000000000078,511.4545334164164,TIME,friday,0.4947653866897537
2019-09-20 23:05:00,2019-09-20 23:55:00,1,1516.53,1516.48,0.63,-7.559999999997135,512.6397130243713,TIME,fri_close,-0.014747199266705518
2019-09-20 07:45:00,2019-09-20 23:59:00,1,1504.93,1516.63,0.32,372.16000000000145,508.48000000000525,EOD,inside,0.7319068596601589
2019-09-20 10:30:00,2019-09-20 23:59:00,1,1506.18,1516.63,0.22,228.360000000001,500.6022104516072,EOD,lw,0.456170578619681
2019-09-23 01:05:00,2019-09-23 23:45:00,1,1512.88,1523.27,0.23,237.35999999999706,517.467795211138,TIME,strong_close,0.45869521194676294
2019-09-23 18:15:00,2019-09-23 23:45:00,1,1525.21,1523.27,0.23,-46.230000000001255,517.467795211138,TIME,tday,-0.0893388930245184
2019-09-23 17:00:00,2019-09-24 18:01:00,1,1522.48,1523.02,0.23,-7.470400000000836,517.467795211138,TIME,lw,-0.01443645395739604
2019-09-25 01:05:00,2019-09-25 18:47:00,1,1533.62,1511.7490134448353,0.23,-504.642690768785,503.4926907687876,SL,strong_close,-1.0022840450737058
2019-09-24 18:45:00,2019-09-25 19:04:00,1,1529.07,1507.0620144790535,0.23,-526.074066981769,506.6436669817709,SL,lw,-1.03835121460365
2019-09-27 01:05:00,2019-09-27 23:00:00,1,1504.46,1496.3,0.15,-123.45000000000121,495.584700898029,TIME,friday,-0.2490996993577535
2019-09-27 23:05:00,2019-09-27 23:55:00,1,1497.47,1496.76,0.48,-37.44000000000174,504.16186864221004,TIME,fri_close,-0.0742618637558484
2019-09-30 12:15:00,2019-10-01 13:16:00,-1,1486.25,1465.96,0.23,472.9742999999992,504.85190656670085,TIME,lw,0.9368575097923494
2019-10-02 16:00:00,2019-10-03 16:50:00,1,1492.56,1500.62,0.22,123.3231999999988,513.4344295951629,NEWS,lw,0.24019269626549533
2019-10-03 01:05:00,2019-10-03 16:50:00,1,1499.42,1500.62,0.21,23.72999999999618,501.0646080502579,NEWS,strong_close,0.04735916210952183
2019-10-04 01:05:00,2019-10-04 15:20:00,1,1506.57,1507.17,0.14,7.4200000000019095,500.63427890381087,NEWS,friday,0.01482119845298797
2019-10-04 23:05:00,2019-10-04 23:55:00,1,1505.02,1504.62,0.52,-24.440000000004733,515.4795580182865,TIME,fri_close,-0.04741216139387186
2019-10-07 10:30:00,2019-10-08 11:31:00,-1,1501.91,1497.8300000000002,0.21,91.43609999999848,495.07468755353864,TIME,lw,0.18469152695291122
2019-10-08 14:15:00,2019-10-08 15:20:00,1,1503.77,1504.1,0.21,5.459999999998472,497.21220987114305,NEWS,lw,0.010981226710851449
2019-10-09 01:05:00,2019-10-09 16:50:00,1,1506.9,1506.45,0.21,-10.920000000000956,496.0770520232045,NEWS,strong_close,-0.02201270942782929
2019-10-10 01:30:00,2019-10-10 15:20:00,1,1514.75,1508.43,0.34,-217.25999999999786,502.860000000001,NEWS,nr7,-0.43204868154157705
2019-10-10 16:45:00,2019-10-11 17:46:00,-1,1495.92,1475.39,0.22,457.6901999999994,502.2212138729134,TIME,lw,0.9113318739972969
2019-10-11 15:00:00,2019-10-11 23:59:00,-1,1482.76,1488.9199999999998,0.22,-137.0599999999968,507.26827002484816,EOD,lw,-0.2701923382538455
2019-10-15 17:00:00,2019-10-16 15:20:00,-1,1487.56,1479.15,0.22,191.0501999999968,502.63855935815997,NEWS,lw,0.38009459569507903
2019-10-16 16:00:00,2019-10-17 17:01:00,1,1490.82,1493.0,0.22,-6.0367999999986,500.14437654686253,TIME,lw,-0.01207011471703104
2019-10-17 01:05:00,2019-10-17 23:45:00,1,1490.42,1492.28,0.23,41.16999999999771,509.51548242698664,TIME,strong_close,0.08080225512263477
2019-10-17 19:00:00,2019-10-18 20:01:00,1,1496.53,1491.43,0.23,-137.1903999999979,509.51548242698664,TIME,lw,-0.2692565873494477
2019-10-18 01:05:00,2019-10-18 23:00:00,1,1492.43,1490.64,0.16,-29.759999999999415,517.0634488112415,TIME,friday,-0.05755579913532732
2019-10-18 23:05:00,2019-10-18 23:55:00,1,1490.6599999999999,1490.08,1.01,-65.64999999999264,514.0154400267921,TIME,fri_close,-0.1277198988352777
2019-10-21 16:15:00,2019-10-21 18:14:00,1,1494.8,1485.04,0.52,-511.1599999999995,508.56000000000193,SL,inside,-1.005112474437623
2019-10-21 18:15:00,2019-10-22 19:16:00,-1,1484.98,1483.92,0.24,32.01839999999869,496.5074881818673,TIME,lw,0.06448724493007157
2019-10-23 01:05:00,2019-10-23 23:45:00,1,1488.44,1491.65,0.26,81.64000000000095,502.7445202106987,TIME,strong_close,0.16238864217910495
2019-10-23 10:15:00,2019-10-24 11:16:00,1,1491.74,1490.75,0.26,-89.55440000000024,502.7445202106987,TIME,lw,-0.1781310315674217
2019-10-24 18:15:00,2019-10-24 23:45:00,1,1502.22,1502.64,0.27,9.450000000001964,501.85721591745937,TIME,tday,0.018830057036693496
2019-10-24 16:30:00,2019-10-25 17:31:00,1,1496.66,1511.73,0.27,383.54039999999833,501.85721591745937,TIME,lw,0.7642420749073764
2019-10-25 01:05:00,2019-10-25 23:00:00,1,1503.4,1505.56,0.18,37.61999999999738,496.4109862090693,TIME,friday,0.07578397949507362
2019-10-25 23:05:00,2019-10-25 23:55:00,1,1505.17,1504.26,0.79,-77.42000000000647,516.2428112088153,TIME,fri_close,-0.1499681900048596
2019-10-25 15:15:00,2019-10-25 23:59:00,1,1510.18,1504.37,0.27,-158.76000000000468,497.04098620906933,EOD,lw,-0.3194102788401152
2019-10-28 16:45:00,2019-10-29 17:46:00,-1,1493.82,1486.47,0.28,213.47479999999746,513.4520607939189,TIME,lw,0.4157638391204715
2019-10-30 14:00:00,2019-10-30 15:05:00,1,1493.28,1494.41,0.28,29.68000000000306,499.30856262332816,NEWS,lw,0.05944220111921706
2019-10-31 01:05:00,2019-10-31 23:45:00,1,1495.3400000000001,1512.26,0.29,488.64999999999554,512.3509390535575,TIME,strong_close,0.9537408107471345
2019-10-31 15:15:00,2019-10-31 23:45:00,1,1506.18,1512.26,0.29,174.2899999999979,512.3509390535575,TIME,tday900,0.3401769894712321
2019-10-31 18:15:00,2019-10-31 23:45:00,1,1510.26,1512.26,0.29,55.96999999999999,512.3509390535575,TIME,tday,0.10924152906480629
2019-10-31 12:15:00,2019-11-01 13:16:00,1,1503.6100000000001,1511.61,0.29,206.9207999999934,512.3509390535575,TIME,lw,0.4038653669342907
2019-11-01 01:05:00,2019-11-01 15:20:00,1,1512.39,1510.92,0.19,-29.260000000000524,508.618923446658,NEWS,friday,-0.05752833536298655
2019-11-01 01:10:00,2019-11-01 15:20:00,1,1512.1200000000001,1510.92,0.14,-17.78000000000064,499.36911777215533,NEWS,tom,-0.03560492502885017
2019-11-01 23:05:00,2019-11-01 23:55:00,1,1512.82,1513.97,0.6900000000000001,74.52000000000628,519.734723088995,TIME,fri_close,0.14338083774180718
2019-11-04 01:05:00,2019-11-04 23:45:00,1,1513.08,1509.5,0.29,-105.84999999999789,507.80024846964926,TIME,strong_close,-0.20844810596094943
2019-11-05 10:45:00,2019-11-05 16:50:00,-1,1504.66,1494.27,0.3,309.600000000003,510.1812731605007,NEWS,lw,0.6068431286826246
2019-11-07 11:30:00,2019-11-08 12:31:00,-1,1484.99,1467.1200000000001,0.29,526.1788999999967,508.1807856734041,TIME,lw,1.035416754891161
2019-11-08 23:05:00,2019-11-08 23:55:00,1,1458.58,1458.76,0.79,8.690000000005032,519.466795394674,TIME,fri_close,0.016728691953068246
2019-11-11 17:45:00,2019-11-12 18:46:00,-1,1452.26,1453.96,0.28,-39.92520000000128,515.501048171455,TIME,lw,-0.07744930905886774
2019-11-12 17:45:00,2019-11-13 11:30:00,-1,1446.25,1464.6349837403798,0.28,-507.1047447306336,515.3395447306369,SL,lw,-0.9840206324466958
2019-11-14 10:30:00,2019-11-14 15:20:00,1,1468.64,1467.46,0.29,-36.25000000000185,512.4125781204172,NEWS,lw,-0.07074377473904063
2019-11-15 01:05:00,2019-11-15 15:20:00,1,1471.49,1465.64,0.2,-118.3999999999982,520.6404075540953,NEWS,friday,-0.2274122374715917
2019-11-15 23:05:00,2019-11-15 23:55:00,1,1467.02,1467.37,1.27,35.55999999998845,517.6698903267798,TIME,fri_close,0.06869242477583766
2019-11-18 15:15:00,2019-11-18 23:45:00,-1,1458.5,1471.16,0.31,-394.63000000000255,520.1671053435721,TIME,tday900,-0.7586600458699674
2019-11-18 10:15:00,2019-11-19 11:16:00,-1,1461.56,1468.0800000000002,0.31,-193.62290000000647,520.1671053435721,TIME,lw,-0.3722321115867523
2019-11-20 10:15:00,2019-11-21 11:16:00,1,1478.3,1471.07,0.31,-300.21640000000053,508.2307183829783,TIME,lw,-0.5907088830741865
2019-11-21 15:15:00,2019-11-21 23:45:00,-1,1467.53,1464.6200000000001,0.32,90.87999999999535,516.9120249938227,TIME,tday900,0.17581328273622848
2019-11-21 12:15:00,2019-11-22 13:16:00,-1,1469.27,1472.5700000000002,0.32,-96.82880000000581,516.9120249938227,TIME,lw,-0.18732162402521582
2019-11-22 23:05:00,2019-11-22 23:55:00,1,1462.31,1462.01,1.05,-38.84999999999523,516.4275623999075,TIME,fri_close,-0.07522836275324678
2019-11-25 15:45:00,2019-11-26 16:46:00,-1,1455.23,1453.93,0.32,50.37119999999854,501.2623072650821,TIME,lw,0.10048870475585307
2019-11-26 01:45:00,2019-11-26 18:35:00,-1,1453.93,1462.1,0.63,-519.1199999999902,515.9699999999931,SL,nr7,-1.0061050061050005
2019-11-27 01:05:00,2019-11-27 15:20:00,1,1461.71,1456.41,0.34,-182.57999999999848,508.98200534839975,NEWS,strong_close,-0.3587160215517283
2019-11-27 18:15:00,2019-11-27 23:45:00,-1,1454.22,1454.6100000000001,0.34,-15.640000000003402,508.98200534839975,TIME,tday,-0.03072800184615127
2019-11-29 01:15:00,2019-11-29 09:10:00,1,1456.23,1457.61,0.8,104.79999999999056,508.16816806855326,TIME,drift,0.20623094200944275
2019-11-29 01:05:00,2019-11-29 20:45:00,1,1455.82,1463.91,0.24,192.48000000000349,497.54142265000974,EOD,friday,0.3868622615878186
2019-11-29 10:15:00,2019-11-29 20:45:00,1,1457.8700000000001,1463.91,0.37,220.88999999999865,512.2253510569544,EOD,lw,0.431235977571594
2019-12-02 01:05:00,2019-12-02 16:50:00,1,1462.8600000000001,1458.57,0.37,-161.32000000000707,511.44854026717206,NEWS,strong_close,-0.315417852039887
2019-12-02 01:10:00,2019-12-02 16:50:00,1,1462.3600000000001,1458.57,0.18,-69.48000000000344,496.36560674643766,NEWS,tom,-0.13997746631848418
2019-12-03 01:15:00,2019-12-03 09:10:00,1,1461.92,1461.49,0.51,-25.500000000003247,508.1775645577492,TIME,drift,-0.05017931089145009
2019-12-04 01:15:00,2019-12-04 09:10:00,1,1476.98,1482.37,0.47000000000000003,250.03999999999402,504.18714417038115,TIME,drift,0.4959269646024481
2019-12-03 12:15:00,2019-12-04 13:16:00,1,1469.0,1476.26,0.37,236.6223999999997,504.5165016766595,TIME,lw,0.4690082469327218
2019-12-05 01:15:00,2019-12-05 09:10:00,1,1475.15,1477.49,0.48,108.95999999999607,510.9225708858074,TIME,drift,0.21326127716590726
2019-12-06 01:15:00,2019-12-06 09:10:00,1,1476.38,1472.96,0.5,-174.50000000000364,515.544335191363,TIME,drift,-0.3384771940811485
2019-12-05 19:30:00,2019-12-06 15:20:00,1,1480.21,1476.36,0.36,-169.73280000000491,508.3242631275228,NEWS,lw,-0.33390654806777187
2019-12-06 01:05:00,2019-12-06 15:20:00,1,1476.28,1476.36,0.25,0.249999999998181,510.92376641799103,NEWS,friday,0.0004893097883288794
2019-12-06 18:15:00,2019-12-06 23:45:00,-1,1459.3300000000002,1459.93,0.37,-24.789999999996635,504.97478286575114,TIME,tday,-0.049091560293986244
2019-12-10 01:15:00,2019-12-10 09:10:00,1,1462.13,1462.62,0.68,28.559999999985163,509.7080865665936,TIME,drift,0.056032071596835036
2019-12-11 01:15:00,2019-12-11 09:10:00,1,1464.47,1463.42,0.63,-70.55999999999713,511.8786324589606,TIME,drift,-0.13784517564454932
2019-12-10 11:15:00,2019-12-11 12:16:00,1,1464.72,1467.13,0.37,57.17240000000302,504.9039709403668,TIME,lw,0.11323420549361364
2019-12-12 01:15:00,2019-12-12 09:10:00,1,1474.92,1473.56,0.48,-68.64000000000611,511.8747634559891,TIME,drift,-0.13409530006241022
2019-12-12 18:15:00,2019-12-12 23:45:00,-1,1466.01,1469.75,0.38,-144.78000000000034,514.2065004659448,TIME,tday,-0.28156003447799455
2019-12-13 01:15:00,2019-12-13 09:10:00,1,1464.57,1466.3,0.36,59.76000000000065,511.6671643382912,TIME,drift,0.11679467467349545
2019-12-13 01:05:00,2019-12-13 15:20:00,1,1466.79,1471.83,0.24,119.2799999999991,510.3927861241773,NEWS,friday,0.2337023626563926
2019-12-13 23:05:00,2019-12-13 23:55:00,1,1476.18,1475.55,0.8,-56.00000000000874,514.9760139578798,TIME,fri_close,-0.1087429287620938
2019-12-13 18:30:00,2019-12-13 23:59:00,1,1476.4,1475.51,0.36,-34.560000000003605,511.2327861241774,EOD,lw,-0.0676012981522845
2019-12-16 01:05:00,2019-12-16 23:45:00,1,1475.23,1476.47,0.35000000000000003,40.950000000000315,502.5045985843268,TIME,strong_close,0.08149179154850734
2019-12-17 01:15:00,2019-12-17 09:10:00,1,1475.6000000000001,1477.19,0.6,91.19999999999509,515.2607188323746,TIME,drift,0.17699777348962714
2019-12-17 10:30:00,2019-12-17 16:50:00,1,1479.1,1477.02,0.37,-79.54999999999731,511.2199222837983,NEWS,lw,-0.15560817670136878
2019-12-18 01:15:00,2019-12-18 09:10:00,1,1476.14,1477.59,0.67,92.45999999998783,514.2202912424455,TIME,drift,0.17980620674572842
2019-12-19 01:15:00,2019-12-19 09:10:00,1,1475.68,1476.66,0.65,59.15000000000119,510.48129891670123,TIME,drift,0.11587104194712744
2019-12-18 11:15:00,2019-12-19 12:16:00,1,1479.04,1474.78,0.38,-255.14719999999966,504.87834287296585,TIME,lw,-0.5053637249482854
2019-12-20 01:15:00,2019-12-20 09:10:00,1,1479.28,1479.34,0.72,-0.720000000003929,514.9317627890206,TIME,drift,-0.0013982435189163688
2019-12-19 20:00:00,2019-12-20 15:20:00,1,1479.98,1478.94,0.39,-74.28719999999858,505.9457139785593,NEWS,lw,-0.14682840065158984
2019-12-20 01:05:00,2019-12-20 15:20:00,1,1479.3,1478.94,0.27,-11.6099999999973,511.46265276503965,NEWS,friday,-0.022699604628474812
2019-12-20 23:05:00,2019-12-20 23:55:00,1,1477.79,1477.93,1.73,12.110000000017308,513.1710377698671,TIME,fri_close,0.02359836995603807
2019-12-24 01:15:00,2019-12-24 09:10:00,1,1485.98,1490.43,0.78,341.64000000000357,510.1873274268763,TIME,drift,0.6696363896827089
2019-12-23 10:15:00,2019-12-24 11:16:00,1,1484.8,1492.52,0.42,287.91840000000116,508.90959155152,TIME,lw,0.5657554991687623
2019-12-24 01:05:00,2019-12-26 04:00:00,1,1485.44,1501.26,0.43,643.0735999999972,510.47030897499917,TIME,strong_close,1.25976690258687
2019-12-24 10:15:00,2019-12-26 14:30:00,1,1491.39,1507.04,0.43,635.7635999999941,510.47030897499917,TIME,lw,1.2454467749095497
2019-12-24 04:00:00,2019-12-27 23:59:00,1,1487.78,1510.78,0.6900000000000001,1472.4876000000002,512.8892405440336,EOD,trendH4,2.870966055825422
2019-12-24 08:00:00,2019-12-27 23:59:00,1,1490.43,1510.78,0.6900000000000001,1289.637599999994,512.533278516831,EOD,trendH4,2.516202662453349
2019-12-24 12:00:00,2019-12-27 23:59:00,1,1491.2,1510.78,0.6900000000000001,1236.5075999999954,511.7811145909906,EOD,trendH4,2.4160868088854697
2019-12-24 20:00:00,2019-12-27 23:59:00,1,1499.79,1510.78,0.64,597.1456000000005,517.5983127358796,EOD,trendH4,1.1536853681837875
2019-12-31 01:15:00,2019-12-31 09:10:00,1,1515.29,1523.84,0.77,652.9599999999965,543.3013700350215,TIME,drift,1.2018375730543553
2019-12-30 16:45:00,2019-12-31 17:46:00,1,1515.76,1524.25,0.45,343.1340000000004,544.0726536274777,TIME,lw,0.6306767997109106
2020-01-02 01:15:00,2020-01-02 09:10:00,1,1520.0,1520.14,0.5700000000000001,3.990000000005703,543.3115383338508,TIME,drift,0.007343852869831659
2019-12-31 10:15:00,2020-01-02 11:16:00,1,1524.3600000000001,1520.17,0.47000000000000003,-237.5756000000026,545.7591132799822,TIME,lw,-0.4353121995016928
2020-01-02 15:15:00,2020-01-02 23:45:00,1,1523.79,1528.53,0.47000000000000003,219.49000000000044,542.932748045698,TIME,tday900,0.4042673807945109
2020-01-02 01:07:00,2020-01-02 23:47:00,1,1521.21,1528.45,0.23,164.9100000000002,265.69049372449047,TIME,season,0.6206846082005656
2020-01-02 14:45:00,2020-01-03 15:46:00,1,1523.26,1546.61,0.47000000000000003,1056.8043999999957,542.932748045698,TIME,lw,1.9464738566682402
2019-12-31 04:00:00,2020-01-03 16:50:00,1,1521.49,1545.43,0.68,1515.067200000004,541.2969435990932,NEWS,trendH4,2.7989576108194787
2019-12-31 08:00:00,2020-01-03 16:50:00,1,1523.5,1545.43,0.6900000000000001,1398.6576000000045,544.5298331311845,NEWS,trendH4,2.56856009515102
2020-01-02 01:10:00,2020-01-03 16:50:00,1,1521.1000000000001,1545.43,0.23,539.6995999999983,529.7709874489809,NEWS,tom,1.0187413293408665
2020-01-03 18:15:00,2020-01-03 23:45:00,1,1548.32,1551.03,0.48,126.72000000000175,564.2841865965278,TIME,tday,0.22456769657911496
2020-01-03 23:05:00,2020-01-03 23:55:00,1,1549.02,1551.54,0.8300000000000001,203.3499999999985,575.4848770200717,TIME,fri_close,0.35335420289924674
2020-01-06 01:07:00,2020-01-06 01:46:00,1,1580.22,1567.4909309140553,0.22,-281.57951989078407,280.47951989078405,SL,season,-1.0039218549733269
2020-01-06 01:05:00,2020-01-06 17:40:00,1,1576.72,1563.9909309140553,0.45,-575.9581088675128,573.7081088675128,SL,strong_close,-1.0039218549733269
2020-01-06 04:00:00,2020-01-06 17:41:00,1,1577.98,1563.4461100003266,0.39,-569.5517099872634,567.6017099872631,SL,trendH4,-1.003435507620377
2020-01-06 10:15:00,2020-01-07 03:46:00,1,1572.77,1560.2313963710828,0.45,-603.1531633012714,573.7081088675128,SL,lw,-1.0513241036315184
2020-01-07 01:15:00,2020-01-07 09:10:00,1,1564.6,1565.44,0.3,23.10000000000436,566.0287237623152,TIME,drift,0.04081064976077863
2020-01-07 01:07:00,2020-01-07 16:50:00,1,1564.82,1569.95,0.19,96.14000000000208,275.0764331591679,NEWS,season,0.3495028596083782
2020-01-07 18:15:00,2020-01-07 23:45:00,1,1569.86,1575.14,0.39,203.19000000000784,564.6305733267131,TIME,tday,0.35986361631614244
2020-01-08 01:05:00,2020-01-08 04:04:00,1,1576.32,1588.8660509526173,0.37,461.61388524684406,555.7140765021044,SL,strong_close,0.8306679725524211
2020-01-08 01:07:00,2020-01-08 04:04:00,1,1577.53,1588.8660509526173,0.18,202.78891714711267,270.3473885685913,SL,season,0.7501049602173685
2020-01-08 01:15:00,2020-01-08 04:06:00,1,1576.66,1586.4489177411613,0.34,330.4432031994803,565.4445312003445,SL,drift,0.5843954357432806
2020-01-08 04:00:00,2020-01-08 13:34:00,1,1593.68,1575.4273442978447,0.31,-568.0023267668167,566.4523267668216,SL,trendH4,-1.0027363291255986
2020-01-08 10:15:00,2020-01-08 15:00:00,1,1587.34,1572.3407006350783,0.38,-572.6333758670218,570.7333758670261,SL,lw,-1.003329050096482
2020-01-09 01:07:00,2020-01-09 23:47:00,1,1555.76,1552.02,0.15,-57.150000000000134,272.6366697256955,TIME,season,-0.209619637950756
2020-01-10 01:05:00,2020-01-10 15:20:00,1,1553.24,1549.18,0.2,-82.59999999999893,550.9252437762916,NEWS,friday,-0.14992959740566805
2020-01-10 01:07:00,2020-01-10 15:20:00,1,1553.68,1549.18,0.15,-68.55,275.81262188814577,NEWS,season,-0.2485382994103876
2020-01-10 18:15:00,2020-01-10 23:45:00,1,1559.8600000000001,1562.69,0.3,82.79999999999782,551.6252437762915,TIME,tday,0.1501019051143658
2020-01-10 23:05:00,2020-01-10 23:55:00,1,1561.02,1561.96,1.04,90.48000000000567,562.4900740233118,TIME,fri_close,0.16085617183043097
2020-01-13 01:05:00,2020-01-13 23:45:00,1,1560.0,1548.07,0.3,-360.00000000000193,549.7234406494132,TIME,strong_close,-0.654874748609442
2020-01-13 01:07:00,2020-01-13 23:47:00,1,1560.66,1548.22,0.15,-187.65000000000083,274.8617203247066,TIME,season,-0.6827069254253426
2020-01-14 01:07:00,2020-01-14 15:20:00,1,1548.91,1543.19,0.15,-86.8500000000004,271.85731173008475,NEWS,season,-0.3194690606159969
2020-01-14 17:45:00,2020-01-15 15:20:00,-1,1541.67,1548.8500000000001,0.31,-214.08290000000193,561.8384442421751,NEWS,lw,-0.38103996298929577
2020-01-16 01:05:00,2020-01-16 15:20:00,1,1555.67,1555.76,0.32,0.6399999999973804,555.7511366790123,NEWS,strong_close,0.0011515945857021757
2020-01-16 01:07:00,2020-01-16 15:20:00,1,1555.5900000000001,1555.76,0.16,1.599999999997526,277.8755683395062,NEWS,season,0.005757972928525543
2020-01-16 17:30:00,2020-01-17 16:50:00,-1,1551.38,1557.6000000000001,0.32,-190.26880000000088,555.7511366790123,NEWS,lw,-0.3423633123577312
2020-01-17 23:05:00,2020-01-17 23:55:00,1,1557.38,1556.93,1.02,-53.04000000000464,558.7583560873768,TIME,fri_close,-0.09492475490014939
2020-01-20 01:07:00,2020-01-21 04:34:00,1,1558.26,1566.99,0.17,133.70840000000032,280.4801109181766,TIME,season,0.47671258957469026
2020-01-21 03:30:00,2020-01-21 10:41:00,1,1565.5,1556.5,0.62,-562.34,559.2400000000029,SL,nr7,-1.0055432372505493
2020-01-21 01:07:00,2020-01-21 23:47:00,1,1560.85,1557.93,0.17,-50.82999999999737,268.3265315668784,TIME,season,-0.189433373223208
2020-01-22 01:07:00,2020-01-22 23:47:00,1,1558.02,1558.55,0.17,7.819999999999536,276.2632078835299,TIME,season,0.02830633894360764
2020-01-23 01:05:00,2020-01-23 23:45:00,1,1559.01,1563.17,0.35000000000000003,143.1500000000029,551.0752503655723,TIME,strong_close,0.25976488674648346
2020-01-23 18:15:00,2020-01-23 23:45:00,1,1564.01,1563.17,0.35000000000000003,-31.849999999997138,551.0752503655723,TIME,tday,-0.05779609949615499
2020-01-23 01:07:00,2020-01-23 23:47:00,1,1558.7,1563.49,0.17,80.2399999999994,267.6651216061351,TIME,season,0.2997775710130484
2020-01-23 01:30:00,2020-01-24 02:31:00,1,1561.49,1561.39,0.49,-47.27519999999554,550.270000000004,TIME,inside,-0.08591273374887819
2020-01-24 01:05:00,2020-01-24 23:00:00,1,1562.29,1571.5,0.23,210.22000000000082,543.2725505897124,TIME,friday,0.3869512637290635
2020-01-24 18:15:00,2020-01-24 23:45:00,1,1571.56,1570.62,0.35000000000000003,-35.35000000000191,551.962732482317,TIME,tday,-0.06404417892676188
2020-01-24 01:07:00,2020-01-24 23:47:00,1,1562.5,1570.5,0.17,134.81,268.09618434855395,TIME,season,0.5028419196922715
2020-01-24 23:05:00,2020-01-24 23:55:00,1,1571.82,1571.0,0.62,-55.179999999996056,561.0597897350672,TIME,fri_close,-0.09834958949036803
2020-01-24 17:30:00,2020-01-24 23:59:00,1,1575.03,1571.31,0.35000000000000003,-132.65000000000094,551.962732482317,EOD,lw,-0.24032419617070902
2020-01-27 01:07:00,2020-01-27 23:47:00,1,1585.2,1581.62,0.17,-62.05000000000263,272.47931403794297,TIME,season,-0.22772370893212876
2020-01-28 01:07:00,2020-01-28 23:47:00,1,1580.78,1566.6,0.17,-242.2500000000011,273.90222017809,TIME,season,-0.8844397093331017
2020-01-29 01:07:00,2020-01-29 20:50:00,1,1569.55,1570.21,0.17,10.030000000001394,275.672775879655,NEWS,season,0.03638371604884188
2020-01-30 01:05:00,2020-01-30 15:20:00,1,1575.6,1579.73,0.34,138.04000000000372,547.6880123479309,NEWS,strong_close,0.2520413025076597
2020-01-30 01:07:00,2020-01-30 15:20:00,1,1575.47,1579.73,0.17,71.22999999999985,273.84400617396545,NEWS,season,0.26011159051898114
2020-01-30 18:15:00,2020-01-30 23:45:00,1,1582.6000000000001,1573.67,0.34,-306.00000000000216,547.6880123479309,TIME,tday,-0.5587122469381508
2020-01-30 17:45:00,2020-01-31 18:46:00,1,1583.53,1584.77,0.34,12.756800000000311,547.6880123479309,TIME,lw,0.023292092783466424
2020-01-31 01:05:00,2020-01-31 23:00:00,1,1575.29,1586.74,0.23,261.74000000000103,549.0513729790906,TIME,friday,0.47671313265246823
2020-01-31 15:15:00,2020-01-31 23:45:00,1,1581.3,1589.77,0.35000000000000003,294.000000000001,557.8253059208165,TIME,tday900,0.5270467239106116
2020-01-31 18:15:00,2020-01-31 23:45:00,1,1587.01,1589.77,0.35000000000000003,94.14999999999968,557.8253059208165,TIME,tday,0.16878043896661135
2020-01-31 01:07:00,2020-01-31 23:47:00,1,1575.91,1589.89,0.17,236.47000000000034,270.9437200186823,TIME,season,0.8727642773329276
2020-01-31 23:05:00,2020-01-31 23:55:00,1,1586.5900000000001,1588.95,0.55,125.9499999999945,555.837519000753,TIME,fri_close,0.22659499529002447
2020-01-31 12:30:00,2020-01-31 23:59:00,1,1580.89,1588.81,0.35000000000000003,274.7499999999946,557.8253059208165,EOD,lw,0.4925377122259768
2020-02-03 01:05:00,2020-02-03 16:50:00,1,1588.82,1576.91,0.34,-407.31999999999505,550.6111943204095,NEWS,strong_close,-0.7397597509849555
2020-02-03 01:10:00,2020-02-03 16:50:00,1,1590.57,1576.91,0.17,-233.40999999999755,549.4211943204095,NEWS,tom,-0.42482889705175503
2020-02-04 11:15:00,2020-02-05 12:16:00,-1,1566.5800000000002,1550.28,0.33,546.945300000006,553.7348368980159,TIME,lw,0.9877386495383883
2020-02-06 15:15:00,2020-02-06 23:45:00,1,1567.13,1566.5,0.32,-22.400000000003494,562.3222136586993,TIME,tday900,-0.03983481259660701
2020-02-06 11:30:00,2020-02-07 12:31:00,1,1563.17,1568.32,0.32,137.1263999999956,562.3222136586993,TIME,lw,0.24385734134135467
2020-02-07 01:05:00,2020-02-07 15:20:00,1,1566.19,1565.7,0.21,-11.760000000000192,548.8351484224048,NEWS,friday,-0.021427199103052415
2020-02-07 23:05:00,2020-02-07 23:55:00,1,1570.15,1570.04,0.9400000000000001,-16.92000000001197,563.3317457519113,TIME,fri_close,-0.030035587604650034
2020-02-07 16:45:00,2020-02-07 23:59:00,1,1573.3500000000001,1570.08,0.32,-106.8800000000067,558.2934841116494,EOD,lw,-0.19144052911538637
2020-02-10 01:45:00,2020-02-11 02:46:00,1,1574.31,1571.16,0.41000000000000003,-164.60679999999442,563.340000000003,TIME,nr7,-0.29219796215428256
2020-02-11 10:15:00,2020-02-11 16:50:00,-1,1566.51,1572.02,0.34,-189.71999999999971,564.2417027591737,NEWS,lw,-0.3362388832166397
2020-02-12 10:45:00,2020-02-12 16:50:00,-1,1562.21,1565.16,0.34,-102.68000000000154,552.9844382763758,NEWS,lw,-0.18568334458027397
2020-02-13 02:30:00,2020-02-13 15:20:00,1,1570.89,1572.59,0.62,101.05999999998872,556.7600000000051,NEWS,nr7,0.1815144766146774
2020-02-13 10:15:00,2020-02-13 15:20:00,1,1574.88,1572.59,0.35000000000000003,-82.6000000000067,550.4380659994772,NEWS,lw,-0.15006229601875892
2020-02-13 18:15:00,2020-02-13 23:45:00,1,1576.1000000000001,1576.58,0.35000000000000003,14.34999999999268,550.4380659994772,TIME,tday,0.026070144647311343
2020-02-14 01:15:00,2020-02-14 09:10:00,1,1576.88,1574.74,0.58,-128.1800000000058,560.9029542767004,TIME,drift,-0.22852438023846283
2020-02-14 01:05:00,2020-02-14 15:20:00,1,1576.25,1575.03,0.24,-30.960000000000655,557.6959487505212,NEWS,friday,-0.0555141203183641
2020-02-14 18:15:00,2020-02-14 23:45:00,1,1581.67,1584.43,0.36,96.83999999999968,558.5359487505211,TIME,tday,0.17338185700783745
2020-02-14 23:05:00,2020-02-14 23:55:00,1,1582.86,1583.89,1.4000000000000001,134.400000000028,562.1942690143335,TIME,fri_close,0.23906326942048817
2020-02-14 16:45:00,2020-02-14 23:59:00,1,1581.47,1583.88,0.36,84.24000000000295,558.5359487505211,EOD,lw,0.15082287933024358
2020-02-17 01:05:00,2020-02-18 04:45:00,1,1581.65,1586.56,0.36,145.62719999999476,549.4462381254841,TIME,strong_close,0.2650435836940538
2020-02-18 01:15:00,2020-02-18 09:10:00,1,1585.04,1586.3,0.87,103.5299999999992,558.689616628049,TIME,drift,0.18530861666062595
2020-02-18 18:15:00,2020-02-18 23:45:00,1,1602.52,1602.03,0.38,-21.280000000000346,552.4145270515663,TIME,tday,-0.03852179650955109
2020-02-18 01:30:00,2020-02-19 02:31:00,1,1584.83,1600.35,0.96,1406.8991999999982,561.5999999999974,TIME,inside,2.5051623931624016
2020-02-19 01:15:00,2020-02-19 09:10:00,1,1601.54,1604.18,0.01,2.5700000000001,11.324484746728826,TIME,drift,0.22694189249912378
2020-02-18 10:15:00,2020-02-19 11:16:00,1,1587.24,1608.4,0.38,771.2176000000031,552.4145270515663,TIME,lw,1.3960849366439854
2020-02-19 01:05:00,2020-02-19 15:20:00,1,1601.45,1607.09,0.07,38.98999999999911,106.51695857461007,NEWS,strong_close,0.3660449990476255
2020-02-19 12:00:00,2020-02-19 15:20:00,1,1609.1200000000001,1607.09,0.56,-117.60000000001122,568.8843132668185,NEWS,trendH4,-0.2067204126700087
2020-02-19 12:45:00,2020-02-19 15:20:00,1,1610.33,1607.09,0.37,-122.47000000000034,563.0182096086531,NEWS,lw,-0.21752404790802005
2020-02-20 01:15:00,2020-02-20 09:10:00,1,1612.15,1607.69,0.44,-199.3200000000016,566.4978861739082,TIME,drift,-0.3518459730647833
2020-02-20 01:05:00,2020-02-20 23:45:00,1,1611.44,1619.15,0.38,290.32000000000136,573.5481381209937,TIME,strong_close,0.5061824469540105
2020-02-20 15:15:00,2020-02-20 23:45:00,1,1617.4,1619.15,0.38,63.84,573.5481381209937,TIME,tday900,0.11130713493229498
2020-02-20 18:15:00,2020-02-20 23:45:00,1,1621.41,1619.15,0.38,-88.53999999999965,573.5481381209937,TIME,tday,-0.15437239547157516
2020-02-21 01:15:00,2020-02-21 09:10:00,1,1620.75,1631.86,0.41000000000000003,452.63999999999595,565.0333240653516,TIME,drift,0.8010854948223262
2020-02-20 14:30:00,2020-02-21 15:31:00,1,1618.8,1642.14,0.38,854.0576000000057,573.5481381209937,TIME,lw,1.4890774518037693
2020-02-21 01:05:00,2020-02-21 23:00:00,1,1620.06,1643.43,0.24,559.2000000000029,554.8041515801227,TIME,friday,1.0079232435578582
2020-02-21 23:05:00,2020-02-21 23:55:00,1,1643.46,1643.7,0.62,10.540000000000566,576.9160584802516,TIME,fri_close,0.0182695555879753
2020-02-20 16:00:00,2020-02-21 23:59:00,1,1615.91,1643.27,0.5,1324.759999999995,570.0074590932722,EOD,trendH4,2.324109937275786
2020-02-21 08:00:00,2020-02-21 23:59:00,1,1628.43,1643.27,0.48,708.9599999999961,563.8749574589655,EOD,trendH4,1.2573000283517446
2020-02-21 10:15:00,2020-02-21 23:59:00,1,1636.08,1643.27,0.37,263.44000000000204,571.0787113462372,EOD,lw,0.4613024347886818
2020-02-21 12:00:00,2020-02-21 23:59:00,1,1635.16,1643.27,0.47000000000000003,377.8799999999953,566.3746843863081,EOD,trendH4,0.6671908374743919
2020-02-21 16:00:00,2020-02-21 23:59:00,1,1643.24,1643.27,0.45,-1.8000000000012277,571.8374522875458,EOD,trendH4,-0.0031477476559127263
2020-02-24 12:00:00,2020-02-24 21:24:00,1,1682.79,1664.8251115102657,0.33,-595.1513201612293,593.5013201612334,SL,trendH4,-1.0027801117604045
2020-02-24 01:05:00,2020-02-24 21:25:00,1,1659.73,1664.5840060400549,0.36,172.2242174419748,594.0238550386854,SL,strong_close,0.28992811649080796
2020-02-24 10:15:00,2020-02-24 21:25:00,1,1679.42,1664.5840060400549,0.36,-536.6157825580271,594.0238550386854,SL,lw,-0.903357294503064
2020-02-24 04:00:00,2020-02-25 02:12:00,1,1661.92,1645.6964393465548,0.36,-615.1809835240289,584.7681835240292,SL,trendH4,-1.052008301506284
2020-02-26 11:00:00,2020-02-26 15:47:00,1,1651.64,1631.6046327237052,0.29,-583.0556510125518,581.6056510125563,SL,lw,-1.0024930981971567
2020-02-27 15:00:00,2020-02-27 15:20:00,1,1653.95,1653.68,0.28,-9.519999999999492,581.8395491836716,NEWS,lw,-0.016361899106645768
2020-02-28 01:05:00,2020-02-28 17:02:00,1,1642.49,1610.9046652829552,0.18,-569.7960249068067,568.8960249068077,SL,friday,-1.0015820114055927
2020-02-28 23:05:00,2020-02-28 23:55:00,1,1580.95,1585.04,0.17,68.33999999999861,566.6647456377214,TIME,fri_close,0.12060040884154379
2020-03-02 01:10:00,2020-03-02 16:50:00,1,1587.23,1600.15,0.11,141.3500000000008,566.3526537654685,NEWS,tom,0.24957947854612691
2020-03-02 15:15:00,2020-03-02 16:50:00,1,1602.57,1600.15,0.22,-54.7799999999966,567.1226537654685,NEWS,tday900,-0.09659286159048527
2020-03-03 13:15:00,2020-03-03 16:50:00,1,1602.8,1604.04,0.22,25.7400000000002,582.6353213536491,NEWS,lw,0.04417857801720278
2020-03-03 15:15:00,2020-03-03 16:50:00,1,1602.77,1604.04,0.22,26.3999999999996,582.6353213536491,NEWS,tday900,0.04531136206892489
2020-03-04 01:05:00,2020-03-04 15:05:00,1,1642.72,1646.34,0.2,70.99999999999781,583.8921543894443,NEWS,strong_close,0.12159779758342538
2020-03-05 15:15:00,2020-03-05 23:45:00,1,1652.47,1669.9,0.2,347.20000000000135,571.9998576473415,TIME,tday900,0.606993158054355
2020-03-05 18:15:00,2020-03-05 23:45:00,1,1659.77,1669.9,0.2,201.2000000000022,571.9998576473415,TIME,tday,0.35174833928726124
2020-03-05 12:15:00,2020-03-06 13:16:00,1,1647.48,1685.96,0.2,752.3040000000004,571.9998576473415,TIME,lw,1.3152171105326094
2020-03-05 15:30:00,2020-03-06 15:20:00,1,1654.74,1687.94,0.25,808.3800000000011,568.7500000000016,NEWS,nr7,1.4213274725274705
2020-03-06 01:05:00,2020-03-06 15:20:00,1,1672.0,1687.94,0.13,206.3100000000007,572.7334425485751,NEWS,friday,0.36021992898119093
2020-03-06 23:05:00,2020-03-06 23:55:00,1,1672.84,1674.38,0.19,27.93000000000363,583.6055472270567,TIME,fri_close,0.047857667105308074
2020-03-09 04:00:00,2020-03-09 07:36:00,1,1700.22,1666.3086565108633,0.17,-577.6828393153239,576.8328393153242,SL,trendH4,-1.0014735638161805
2020-03-09 12:15:00,2020-03-10 13:16:00,-1,1665.16,1660.5,0.19,93.74790000000155,586.2119242106155,TIME,lw,0.1599215166532839
2020-03-10 12:45:00,2020-03-11 13:46:00,-1,1658.8300000000002,1663.13,0.18,-72.46619999999919,574.6916175386616,TIME,lw,-0.12609580127575834
2020-03-11 14:00:00,2020-03-11 15:20:00,1,1665.13,1670.32,0.18,92.15999999999688,583.489359143043,NEWS,lw,0.15794632508011816
2020-03-13 01:05:00,2020-03-13 19:25:00,1,1577.05,1521.7515043813034,0.1,-553.6849561869651,553.1849561869656,SL,friday,-1.000903856828367
2020-03-13 23:05:00,2020-03-13 23:55:00,1,1519.27,1530.12,0.13,140.13999999999882,555.3515354164879,TIME,fri_close,0.25234467011043793
2020-03-16 12:45:00,2020-03-16 18:16:00,-1,1524.7,1512.7396745030755,0.14,166.464556956943,573.1102953620369,SL,lw,0.2904581514310198
2020-03-18 12:30:00,2020-03-19 13:31:00,-1,1491.07,1480.74,0.11,124.21529999999922,548.5537241537999,TIME,lw,0.2264414487233935
2020-03-20 01:05:00,2020-03-20 23:00:00,1,1470.73,1489.29,0.07,129.42999999999964,530.0462469902219,TIME,friday,0.24418623985160923
2020-03-20 23:05:00,2020-03-20 23:55:00,1,1487.6299999999999,1498.76,0.27,298.620000000003,585.1442909062777,TIME,fri_close,0.5103356635976012
2020-03-20 10:15:00,2020-03-20 23:59:00,1,1498.74,1498.03,0.11,-8.5800000000004,555.5432111326134,EOD,lw,-0.015444343172708258
2020-03-23 17:00:00,2020-03-24 18:14:00,1,1528.39,1603.34,0.11,814.9371999999981,563.6565531945696,TIME,lw,1.445804533596345
2020-03-24 01:05:00,2020-03-24 23:59:00,1,1558.49,1625.45,0.11,735.7900000000004,585.2389422521002,TIME,strong_close,1.2572471633014608
2020-03-24 11:30:00,2020-03-25 12:43:00,1,1591.4,1612.69,0.11,224.6771999999996,585.2389422521002,TIME,lw,0.3839067836726706
2020-03-25 01:05:00,2020-03-25 23:48:00,1,1624.08,1615.34,0.1,-88.10000000000011,550.3614447582664,TIME,strong_close,-0.16007662026306366
2020-03-26 20:00:00,2020-03-27 21:01:00,1,1639.03,1623.43,0.11,-181.112799999999,599.8456185745149,TIME,lw,-0.3019323545788316
2020-03-27 01:05:00,2020-03-27 23:00:00,1,1637.05,1619.2,0.07,-125.43999999999937,567.893843736502,TIME,friday,-0.22088635293993866
2020-03-27 23:05:00,2020-03-27 23:56:00,1,1622.7599999999998,1620.01,0.3,-84.59999999999317,589.7606992576261,TIME,fri_close,-0.1434480122301897
2020-03-31 11:45:00,2020-04-01 12:46:00,-1,1611.79,1594.46,0.12,211.24919999999912,596.1404057811594,TIME,lw,0.35436148590395633
2020-04-02 18:15:00,2020-04-02 23:45:00,1,1607.01,1614.27,0.12,86.27999999999989,581.7626968215102,TIME,tday,0.1483078933582284
2020-04-02 15:30:00,2020-04-03 15:20:00,1,1605.29,1613.65,0.12,89.94240000000151,581.7626968215102,NEWS,lw,0.15460324371329814
2020-04-03 01:05:00,2020-04-03 15:20:00,1,1616.27,1613.65,0.08,-21.519999999999126,572.4739327628307,NEWS,friday,-0.037591231265572074
2020-04-03 23:05:00,2020-04-03 23:55:00,1,1622.3400000000001,1614.88,0.4,-301.20000000000147,603.8913657839392,TIME,fri_close,-0.4987652035875689
2020-04-06 15:15:00,2020-04-06 23:45:00,1,1640.34,1656.52,0.13,209.43000000000083,594.8460395054667,TIME,tday900,0.35207429501272847
2020-04-06 18:15:00,2020-04-06 23:45:00,1,1649.34,1656.52,0.13,92.43000000000083,594.8460395054667,TIME,tday,0.15538474472628877
2020-04-06 09:45:00,2020-04-07 10:46:00,1,1628.6,1654.32,0.26,646.2352000000006,587.5999999999993,TIME,nr7,1.0997876106194713
2020-04-06 10:15:00,2020-04-07 11:16:00,1,1625.5,1650.96,0.13,319.73760000000044,594.8460395054667,TIME,lw,0.5375132030227832
2020-04-07 01:05:00,2020-04-07 16:50:00,1,1666.59,1649.25,0.12,-208.91999999999902,561.2966052903997,NEWS,strong_close,-0.37220962683697234
2020-04-09 10:15:00,2020-04-09 15:20:00,1,1655.52,1661.97,0.13,82.9400000000006,568.0029769655648,NEWS,lw,0.14602036144790986
2020-04-09 10:45:00,2020-04-09 15:20:00,1,1657.1,1661.97,0.38,182.4000000000045,600.7800000000003,NEWS,nr7,0.30360531309298644
2020-04-09 18:15:00,2020-04-09 23:45:00,1,1681.0900000000001,1681.78,0.13,8.059999999997753,568.0029769655648,TIME,tday,0.014190066472990318
2020-04-13 01:05:00,2020-04-13 23:45:00,1,1681.6699999999998,1716.12,0.13,446.94000000000057,571.6313357537388,TIME,strong_close,0.7818675640142727
2020-04-13 18:15:00,2020-04-13 23:45:00,1,1702.1599999999999,1716.12,0.13,180.57000000000048,571.6313357537388,TIME,tday,0.3158854119883148
2020-04-13 18:30:00,2020-04-14 19:31:00,1,1710.17,1738.58,0.13,358.0875999999981,571.6313357537388,TIME,lw,0.6264310187401338
2020-04-14 01:05:00,2020-04-14 23:45:00,1,1716.81,1726.21,0.13,121.2900000000012,576.2076689141859,TIME,strong_close,0.21049702484620145
2020-04-14 15:15:00,2020-04-14 23:45:00,1,1724.1499999999999,1726.21,0.13,25.870000000002246,576.2076689141859,TIME,tday900,0.04489700744308393
2020-04-13 20:00:00,2020-04-15 15:20:00,1,1714.69,1719.72,0.21,70.77839999999944,594.0625283330472,NEWS,trendH4,0.11914301378106647
2020-04-14 15:30:00,2020-04-15 15:20:00,1,1729.58,1719.72,0.13,-139.4223999999987,576.2076689141859,NEWS,lw,-0.24196554041484436
2020-04-14 16:00:00,2020-04-15 15:20:00,1,1730.41,1719.72,0.21,-242.65080000000114,600.5188869102903,NEWS,trendH4,-0.40406855685831244
2020-04-14 20:00:00,2020-04-15 15:20:00,1,1734.4299999999998,1719.72,0.2,-311.4959999999962,589.2566119664533,NEWS,trendH4,-0.5286253792901517
2020-04-16 15:15:00,2020-04-16 23:45:00,1,1737.32,1717.87,0.14,-273.28000000000065,594.9128354203156,TIME,tday900,-0.4593614118393057
2020-04-16 13:45:00,2020-04-17 13:21:00,1,1726.79,1684.316226041406,0.14,-606.7400354203152,594.9128354203156,SL,lw,-1.0198805594632085
2020-04-17 01:05:00,2020-04-17 23:00:00,1,1713.12,1683.72,0.09,-265.22999999999877,562.4123092666599,TIME,friday,-0.4715935189004615
2020-04-17 23:05:00,2020-04-17 23:55:00,1,1684.6299999999999,1681.57,0.34,-106.41999999999815,599.2520130790571,TIME,fri_close,-0.17758805590521823
2020-04-21 12:45:00,2020-04-22 13:46:00,-1,1678.02,1700.46,0.14,-310.3226000000008,572.8673029950558,TIME,lw,-0.541700666764497
2020-04-22 18:15:00,2020-04-22 23:45:00,1,1710.4,1713.39,0.14,40.88000000000013,570.4582099239805,TIME,tday,0.07166169105612104
2020-04-23 01:05:00,2020-04-23 23:45:00,1,1714.11,1730.9,0.14,234.0800000000027,568.1311949294103,TIME,strong_close,0.4120175094928327
2020-04-23 15:15:00,2020-04-23 23:45:00,1,1729.21,1730.9,0.14,22.680000000000767,568.1311949294103,TIME,tday900,0.039920356781005015
2020-04-23 18:15:00,2020-04-23 23:45:00,1,1737.34,1730.9,0.14,-91.13999999999758,568.1311949294103,TIME,tday,-0.1604206929903253
2020-04-23 17:15:00,2020-04-24 18:16:00,1,1735.21,1718.22,0.14,-249.9672000000001,568.1311949294103,TIME,lw,-0.4399814729959658
2020-04-24 01:05:00,2020-04-24 23:00:00,1,1730.4399999999998,1728.1,0.1,-24.09999999999918,598.9754235267093,TIME,friday,-0.04023537369546937
2020-04-24 23:05:00,2020-04-24 23:55:00,1,1728.31,1726.43,0.39,-76.04999999999539,604.4856097837634,TIME,fri_close,-0.12580944652627876
2020-04-27 15:00:00,2020-04-28 16:01:00,-1,1714.74,1711.64,0.15,50.61149999999863,584.38432184623,TIME,lw,0.0866065329064665
2020-04-28 10:15:00,2020-04-29 11:16:00,-1,1702.25,1705.48,0.16,-47.29440000000029,603.6416140191233,TIME,lw,-0.07834847515748311
2020-04-30 09:15:00,2020-04-30 15:42:00,1,1717.99,1698.42,0.3,-589.1999999999981,587.6999999999995,SL,nr7,-1.002552322613576
2020-04-30 10:30:00,2020-04-30 19:16:00,1,1720.62,1685.0577829179745,0.16,-570.1154733124068,569.3154733124076,SL,lw,-1.0014051963059158
2020-05-01 01:05:00,2020-05-01 16:50:00,1,1687.31,1685.67,0.11,-18.8099999999986,592.4232545781762,NEWS,friday,-0.031750948084223844
2020-05-01 01:10:00,2020-05-01 16:50:00,1,1688.1399999999999,1685.67,0.08,-20.319999999998398,574.2843680758073,NEWS,tom,-0.03538316752044363
2020-05-01 23:05:00,2020-05-01 23:55:00,1,1699.32,1699.45,0.33,1.9800000000036015,597.6734400164238,TIME,fri_close,0.0033128458911428154
2020-05-04 01:05:00,2020-05-04 23:45:00,1,1698.8799999999999,1703.19,0.16,67.84000000000276,574.0354846418211,TIME,strong_close,0.1181808473779851
2020-05-06 16:15:00,2020-05-07 17:16:00,-1,1689.25,1698.43,0.17,-139.70090000000107,577.4179934234539,TIME,lw,-0.2419406765828829
2020-05-07 18:15:00,2020-05-07 23:45:00,1,1698.78,1717.86,0.17,323.16999999999877,568.1095653217786,TIME,tday,0.5688515380249838
2020-05-08 01:05:00,2020-05-08 15:20:00,1,1715.51,1719.53,0.11,43.4499999999998,559.4914989979897,NEWS,friday,0.07765980372859234
2020-05-08 23:05:00,2020-05-08 23:55:00,1,1706.84,1701.67,0.45,-235.79999999999305,597.6392261776726,TIME,fri_close,-0.39455241502151983
2020-05-12 10:45:00,2020-05-12 15:20:00,1,1704.9699999999998,1702.66,0.18,-42.839999999994916,579.7122819888323,NEWS,lw,-0.07389872757745056
2020-05-12 18:15:00,2020-05-12 23:45:00,1,1709.32,1701.17,0.18,-147.95999999999754,579.7122819888323,TIME,tday,-0.25523005911206115
2020-05-13 15:00:00,2020-05-13 15:20:00,1,1708.31,1708.5,0.19,2.2800000000010368,591.7021970287365,NEWS,lw,0.0038532897316423294
2020-05-13 18:15:00,2020-05-13 23:45:00,1,1715.3799999999999,1714.94,0.19,-9.689999999996717,591.7021970287365,TIME,tday,-0.016376481359466906
2020-05-14 01:05:00,2020-05-14 23:45:00,1,1715.87,1730.89,0.19,284.050000000004,575.0470400981123,TIME,strong_close,0.49395958972598214
2020-05-14 18:15:00,2020-05-14 23:45:00,1,1730.48,1730.89,0.19,6.460000000001555,575.0470400981123,TIME,tday,0.011233863579054983
2020-05-14 16:45:00,2020-05-15 15:20:00,1,1726.54,1733.57,0.19,117.13879999999946,575.0470400981123,NEWS,lw,0.2037029874634494
2020-05-15 01:05:00,2020-05-15 15:20:00,1,1729.9099999999999,1733.57,0.13,46.67000000000107,583.0173671611709,NEWS,friday,0.08004907337022688
2020-05-15 18:15:00,2020-05-15 23:45:00,1,1744.19,1744.43,0.2,3.4000000000001815,598.4331970883803,TIME,tday,0.005681502992385044
2020-05-15 23:05:00,2020-05-15 23:55:00,1,1743.64,1742.24,0.46,-67.62000000000418,597.4034280487862,TIME,fri_close,-0.11318984261751187
2020-05-15 20:00:00,2020-05-15 23:59:00,1,1749.26,1742.08,0.29,-210.25000000000185,582.5900197156856,EOD,trendH4,-0.3608884342073138
2020-05-18 04:00:00,2020-05-18 16:57:00,1,1754.82,1733.3681218002273,0.27,-581.0907113938612,579.7407113938611,SL,trendH4,-1.002328627218113
2020-05-18 10:15:00,2020-05-18 18:25:00,1,1760.64,1731.2156015637538,0.2,-589.8879687249258,588.8879687249248,SL,lw,-1.0016981158609273
2020-05-20 01:05:00,2020-05-20 23:45:00,1,1746.7,1746.66,0.2,-2.1999999999992728,589.1942179311853,TIME,strong_close,-0.0037339130851012877
2020-05-21 10:15:00,2020-05-22 11:16:00,-1,1736.8500000000001,1736.47,0.21,13.736100000002292,591.6693624829056,TIME,lw,0.02321583788344145
2020-05-22 18:15:00,2020-05-22 23:45:00,1,1736.14,1735.8,0.2,-8.20000000000291,569.1021572978079,TIME,tday,-0.014408660896556569
2020-05-22 23:05:00,2020-05-22 23:55:00,1,1735.3400000000001,1735.43,0.73,1.4599999999940252,587.1231036341395,TIME,fri_close,0.0024867016660679924
2020-05-25 16:45:00,2020-05-26 21:45:00,-1,1724.82,1712.6200000000001,0.21,261.9560999999962,580.5096033653628,TIME,lw,0.4512519663436567
2020-05-26 17:00:00,2020-05-27 18:01:00,-1,1718.5,1699.0800000000002,0.22,433.27019999999663,586.1005665390942,TIME,lw,0.7392420767624297
2020-05-27 16:15:00,2020-05-28 11:17:00,-1,1695.3300000000002,1721.9537252110658,0.22,-564.5513546434448,586.1619546434446,SL,lw,-0.9631320323183629
2020-05-28 18:15:00,2020-05-28 23:45:00,1,1722.95,1718.1,0.22,-108.240000000003,579.1475293117697,TIME,tday,-0.18689538420137966
2020-05-29 01:05:00,2020-05-29 23:00:00,1,1720.2,1731.38,0.15,166.65000000000094,584.0146179340672,TIME,friday,0.28535244646704205
2020-05-29 15:15:00,2020-05-29 23:45:00,1,1727.51,1731.35,0.22,82.9399999999982,571.5498486466435,TIME,tday900,0.14511420166830497
2020-05-29 18:15:00,2020-05-29 23:45:00,1,1731.3300000000002,1731.35,0.22,-1.1000000000054024,571.5498486466435,TIME,tday,-0.0019245915340718941
2020-05-29 23:05:00,2020-05-29 23:55:00,1,1731.51,1730.21,0.55,-75.34999999999751,585.0659292276653,TIME,fri_close,-0.1287889043538489
2020-05-29 12:00:00,2020-05-29 23:59:00,1,1726.52,1728.51,0.22,42.2400000000002,571.5498486466435,EOD,lw,0.07390431490799812
2020-06-01 01:10:00,2020-06-01 16:50:00,1,1736.51,1734.59,0.11,-21.8900000000008,569.570573743312,NEWS,tom,-0.03843246299775654
2020-06-02 19:00:00,2020-06-03 15:05:00,-1,1729.51,1725.49,0.23,98.76429999999958,582.6876349001632,NEWS,lw,0.16949784770518034
2020-06-03 15:45:00,2020-06-03 16:50:00,-1,1711.76,1708.1100000000001,0.23,82.33999999999686,579.7892324072944,NEWS,lw,0.14201712518550894
2020-06-04 16:00:00,2020-06-05 15:20:00,1,1717.1499999999999,1702.0,0.22,-352.325599999997,582.5709331319448,NEWS,lw,-0.60477716954718
2020-06-05 01:05:00,2020-06-05 15:20:00,1,1715.4499999999998,1702.0,0.15,-202.79999999999725,593.1157400684865,NEWS,friday,-0.34192314636023674
2020-06-05 23:05:00,2020-06-05 23:55:00,1,1682.18,1684.34,0.48,100.31999999999302,582.6534983155049,TIME,fri_close,0.17217780428681145
2020-06-08 19:45:00,2020-06-09 16:50:00,1,1697.14,1717.81,0.21,415.90919999999664,582.5136413926882,NEWS,lw,0.7139904895714211
2020-06-09 01:05:00,2020-06-09 16:50:00,1,1701.01,1717.81,0.21,351.329999999999,575.9755241503533,NEWS,strong_close,0.6099738361595508
2020-06-09 04:15:00,2020-06-09 16:50:00,1,1700.9,1717.81,0.25,420.99999999999636,587.000000000002,NEWS,inside,0.7172061328790373
2020-06-09 11:45:00,2020-06-09 16:50:00,1,1706.53,1717.81,0.21,235.4099999999994,575.9755241503533,NEWS,lw,0.40871528412125324
2020-06-09 15:15:00,2020-06-09 16:50:00,1,1707.19,1717.81,0.21,221.54999999999768,575.9755241503533,NEWS,tday900,0.384651761594932
2020-06-09 18:15:00,2020-06-09 23:45:00,1,1718.79,1716.28,0.21,-54.17999999999981,575.9755241503533,TIME,tday,-0.09406649714833473
2020-06-10 14:30:00,2020-06-10 15:20:00,1,1721.97,1722.21,0.21,3.5700000000001912,577.8244152824708,NEWS,lw,0.00617834744531345
2020-06-11 01:05:00,2020-06-11 15:20:00,1,1738.53,1727.67,0.21,-229.5299999999979,584.4612427622944,NEWS,strong_close,-0.3927206514416385
2020-06-12 01:05:00,2020-06-12 23:00:00,1,1729.77,1731.14,0.14,18.200000000001655,576.9790111364161,TIME,friday,0.03154360843066889
2020-06-12 15:15:00,2020-06-12 23:45:00,1,1735.8899999999999,1731.59,0.21,-91.76999999999903,577.4690111364163,TIME,tday900,-0.15891761848727165
2020-06-12 23:05:00,2020-06-12 23:55:00,1,1732.27,1730.33,0.59,-118.5900000000032,598.7140563217534,TIME,fri_close,-0.19807452113045437
2020-06-12 13:30:00,2020-06-12 23:59:00,1,1737.06,1729.88,0.21,-152.24999999999656,577.4690111364163,EOD,lw,-0.2636505112202988
2020-06-15 10:30:00,2020-06-16 11:31:00,-1,1716.71,1730.46,0.22,-296.4698,594.5669972279424,TIME,lw,-0.49863144335665305
2020-06-17 12:15:00,2020-06-17 18:50:00,-1,1718.27,1725.0500000000002,0.22,-150.7000000000044,582.2497067934809,NEWS,lw,-0.25882365974888577
2020-06-18 12:00:00,2020-06-19 13:01:00,1,1733.22,1730.82,0.23,-75.09040000000209,594.380202374191,TIME,lw,-0.12633395207320358
2020-06-19 01:05:00,2020-06-19 23:00:00,1,1723.9599999999998,1743.94,0.15,298.6500000000037,571.5921869392884,TIME,friday,0.5224878975326596
2020-06-19 15:15:00,2020-06-19 23:45:00,1,1732.37,1741.48,0.23,207.92000000000291,584.830902204606,TIME,tday900,0.3555215690829912
2020-06-19 18:15:00,2020-06-19 23:45:00,1,1742.2,1741.48,0.23,-18.170000000000627,584.830902204606,TIME,tday,-0.031068809687562923
2020-06-19 23:05:00,2020-06-19 23:55:00,1,1742.66,1742.23,0.66,-33.0000000000042,593.518036522603,TIME,fri_close,-0.05560066917822717
2020-06-19 10:15:00,2020-06-19 23:59:00,1,1731.05,1742.65,0.23,265.1900000000032,584.830902204606,EOD,lw,0.45344731100961067
2020-06-22 01:05:00,2020-06-22 23:45:00,1,1747.9599999999998,1755.32,0.23,167.67000000000291,582.9622663328486,TIME,strong_close,0.2876172433161736
2020-06-23 18:15:00,2020-06-23 23:45:00,1,1767.07,1770.45,0.23,76.13000000000252,574.8692473090734,TIME,tday,0.1324301140761351
2020-06-23 15:45:00,2020-06-24 16:46:00,1,1760.97,1771.19,0.23,215.16960000000063,574.8692473090734,TIME,lw,0.3742931127507619
2020-06-24 01:05:00,2020-06-24 23:45:00,1,1769.96,1763.8,0.24,-149.52000000000197,597.6275936659348,TIME,strong_close,-0.2501892509394094
2020-06-24 12:00:00,2020-06-25 01:02:00,1,1775.21,1757.0036553443897,0.32,-661.1438289795308,583.2430289795304,SL,trendH4,-1.133564905415671
2020-06-24 13:00:00,2020-06-25 01:02:00,1,1778.77,1753.8888502639195,0.24,-656.0531936659316,597.6275936659348,SL,lw,-1.0977625541712452
2020-06-23 20:00:00,2020-06-25 15:20:00,1,1765.6699999999998,1756.68,0.31,-379.41519999999326,585.0106062862254,NEWS,trendH4,-0.648561232775938
2020-06-25 10:45:00,2020-06-25 15:20:00,1,1767.84,1756.68,0.24,-269.5199999999965,586.9456226897968,NEWS,lw,-0.4591907488207625
2020-06-26 01:05:00,2020-06-26 23:00:00,1,1764.1200000000001,1771.04,0.16,109.59999999999752,571.1523639262399,TIME,friday,0.19189275388195987
2020-06-26 23:05:00,2020-06-26 23:55:00,1,1770.7499999999998,1769.55,0.59,-74.92999999998925,590.1227697442487,TIME,fri_close,-0.12697357879016075
2020-06-26 10:30:00,2020-06-26 23:59:00,1,1764.33,1770.77,0.24,152.8800000000013,571.7123639262398,EOD,lw,0.26740719572705496
2020-06-29 01:05:00,2020-06-29 23:45:00,1,1771.0,1772.91,0.24,44.160000000001965,572.8414807886516,TIME,strong_close,0.07708938944017339
2020-06-30 10:15:00,2020-06-30 19:20:00,1,1773.29,1781.96,0.25,215.00000000000182,571.8020275485468,NEWS,lw,0.3760042630869266
2020-06-30 17:45:00,2020-06-30 19:20:00,1,1777.7,1781.96,0.49,205.30999999999958,589.4700000000017,NEWS,nr7,0.3482959268495411
2020-06-30 18:15:00,2020-06-30 19:20:00,1,1783.72,1781.96,0.25,-45.74999999999977,571.8020275485468,NEWS,tday,-0.08001020947082167
2020-06-30 20:00:00,2020-07-01 15:05:00,1,1783.78,1780.48,0.34,-141.60319999999845,587.2739738127569,NEWS,trendH4,-0.24111948820184972
2020-07-01 01:07:00,2020-07-01 15:05:00,1,1782.03,1780.48,0.13,-21.05999999999941,296.23940758772676,NEWS,season,-0.07109114945742934
2020-07-01 01:10:00,2020-07-01 15:05:00,1,1782.1899999999998,1780.48,0.13,-23.139999999997517,591.5688151754536,NEWS,tom,-0.039116328322909344
2020-07-02 01:07:00,2020-07-02 15:20:00,1,1771.6599999999999,1767.87,0.12,-46.31999999999956,279.7023493609086,NEWS,season,-0.16560461542720697
2020-07-02 18:15:00,2020-07-02 23:45:00,1,1776.3600000000001,1775.54,0.25,-22.250000000004093,582.7132278352263,TIME,tday,-0.03818344759850847
2020-07-03 01:05:00,2020-07-03 20:00:00,1,1777.03,1774.85,0.17,-38.25000000000109,591.6258857925072,EOD,friday,-0.06465234351394825
2020-07-03 01:07:00,2020-07-03 20:00:00,1,1776.64,1774.85,0.12,-22.320000000002292,278.6921815494151,EOD,season,-0.08008836084282012
2020-07-06 01:07:00,2020-07-06 16:50:00,1,1774.1,1786.56,0.13,161.07000000000048,284.62249215387595,NEWS,season,0.5659074895350186
2020-07-06 10:15:00,2020-07-06 16:50:00,1,1776.97,1786.56,0.27,257.0399999999978,591.1390221657424,NEWS,lw,0.4348215738800093
2020-07-06 15:15:00,2020-07-06 16:50:00,1,1780.97,1786.56,0.27,149.03999999999783,591.1390221657424,NEWS,tday900,0.25212343359428957
2020-07-06 18:15:00,2020-07-06 23:45:00,1,1783.3600000000001,1785.03,0.27,43.199999999995825,591.1390221657424,TIME,tday,0.07307925611428083
2020-07-07 01:05:00,2020-07-07 16:50:00,1,1785.78,1784.93,0.27,-24.839999999997545,581.8162348681893,NEWS,strong_close,-0.042693892867436155
2020-07-07 01:07:00,2020-07-07 16:50:00,1,1785.84,1784.93,0.13,-12.739999999998108,280.13374271431337,NEWS,season,-0.04547827718487538
2020-07-07 18:15:00,2020-07-07 23:45:00,1,1794.13,1794.78,0.27,15.65999999999632,581.8162348681893,TIME,tday,0.026915715068597388
2020-07-08 01:05:00,2020-07-08 23:45:00,1,1795.36,1808.46,0.27,351.81000000000375,586.3893609490328,TIME,strong_close,0.5999597254469663
2020-07-08 15:15:00,2020-07-08 23:45:00,1,1803.01,1808.46,0.27,145.26000000000127,586.3893609490328,TIME,tday900,0.24771936476628337
2020-07-08 01:07:00,2020-07-08 23:47:00,1,1795.1899999999998,1808.54,0.13,172.64000000000178,282.3356182347195,TIME,season,0.6114708483450276
2020-07-08 15:00:00,2020-07-09 16:01:00,1,1804.77,1810.6,0.27,91.14119999999807,586.3893609490328,TIME,lw,0.15542778581878086
2020-07-09 01:07:00,2020-07-09 23:47:00,1,1809.65,1802.5,0.13,-93.86000000000118,286.83164550366814,TIME,season,-0.32723028114692754
2020-07-07 20:00:00,2020-07-10 15:20:00,1,1796.16,1807.37,0.37,265.14199999999295,587.9776152047313,NEWS,trendH4,0.4509389356730386
2020-07-08 12:00:00,2020-07-10 15:20:00,1,1799.81,1807.37,0.4,172.4319999999978,590.5499124398351,NEWS,trendH4,0.29198548059655344
2020-07-10 01:05:00,2020-07-10 15:20:00,1,1802.4499999999998,1807.37,0.18,87.3000000000013,592.15817347136,NEWS,friday,0.1474268259918287
2020-07-10 01:07:00,2020-07-10 15:20:00,1,1802.6499999999999,1807.37,0.13,60.450000000000365,285.4165279676919,NEWS,season,0.21179572336064253
2020-07-10 23:05:00,2020-07-10 23:55:00,1,1799.4699999999998,1798.39,0.63,-72.44999999998109,595.2612047572567,TIME,fri_close,-0.12171127468239037
2020-07-13 01:07:00,2020-07-13 23:47:00,1,1799.32,1802.28,0.13,37.570000000000476,280.42534739857103,TIME,season,0.13397505021756076
2020-07-13 10:15:00,2020-07-14 11:16:00,1,1807.79,1800.82,0.27,-211.53960000000072,582.421875366263,TIME,lw,-0.36320682472129245
2020-07-14 01:07:00,2020-07-14 15:20:00,1,1803.18,1799.07,0.14,-58.52000000000179,296.48534739857104,NEWS,season,-0.19737906278832798
2020-07-14 18:15:00,2020-07-14 23:45:00,1,1809.08,1808.98,0.28,-4.759999999997454,592.9706947971421,TIME,tday,-0.008027378151673873
2020-07-15 01:05:00,2020-07-15 23:45:00,1,1809.73,1810.78,0.28,27.439999999998726,591.655645168775,TIME,strong_close,0.046378328718846625
2020-07-15 01:07:00,2020-07-15 23:47:00,1,1810.31,1810.71,0.14,4.620000000001274,295.8278225843875,TIME,season,0.015617192323698282
2020-07-16 01:07:00,2020-07-16 15:20:00,1,1811.39,1805.52,0.14,-83.16000000000167,287.3672638283597,NEWS,season,-0.28938578073274185
2020-07-16 16:15:00,2020-07-17 17:16:00,-1,1803.8500000000001,1807.2900000000002,0.29,-91.81110000000159,595.2607607873165,TIME,lw,-0.15423677495316243
2020-07-17 18:15:00,2020-07-17 23:45:00,1,1810.14,1809.97,0.29,-6.960000000002109,590.85642073108,TIME,tday,-0.011779511495179055
2020-07-17 23:05:00,2020-07-17 23:55:00,1,1810.88,1809.54,1.08,-152.28000000001572,596.5184236228797,TIME,fri_close,-0.25528130225243045
2020-07-20 01:05:00,2020-07-20 23:45:00,1,1808.28,1817.89,0.29,276.66000000000366,582.2923906788601,TIME,strong_close,0.4751221283820354
2020-07-20 15:15:00,2020-07-20 23:45:00,1,1814.2,1817.89,0.29,104.98000000000158,582.2923906788601,TIME,tday900,0.18028743236299488
2020-07-20 18:15:00,2020-07-20 23:45:00,1,1817.14,1817.89,0.29,19.719999999999995,582.2923906788601,TIME,tday,0.033866147515700176
2020-07-20 01:07:00,2020-07-20 23:47:00,1,1808.1799999999998,1817.77,0.14,133.28000000000205,281.1066713622084,TIME,season,0.4741260652198098
2020-07-20 14:15:00,2020-07-21 15:16:00,1,1812.95,1834.59,0.35000000000000003,727.1319999999956,594.6500000000026,TIME,inside,1.2227898763978684
2020-07-20 14:30:00,2020-07-21 15:31:00,1,1813.21,1839.59,0.29,739.9407999999966,582.2923906788601,TIME,lw,1.270737539842043
2020-07-21 15:15:00,2020-07-21 23:45:00,1,1833.6599999999999,1841.84,0.3,243.3000000000019,591.3377644452103,TIME,tday900,0.4114399834217667
2020-07-21 18:15:00,2020-07-21 23:45:00,1,1838.45,1841.84,0.3,99.59999999999617,591.3377644452103,TIME,tday,0.16843165782493247
2020-07-21 01:07:00,2020-07-21 23:47:00,1,1818.26,1841.82,0.15,352.34999999999917,295.66888222260513,TIME,season,1.191704711538496
2020-07-21 11:45:00,2020-07-22 12:46:00,1,1824.27,1854.24,0.3,873.1560000000007,591.3377644452103,TIME,lw,1.4765774359416919
2020-07-22 01:05:00,2020-07-22 23:45:00,1,1841.97,1871.34,0.16,468.79999999999825,324.5215595347709,TIME,strong_close,1.4445881520847572
2020-07-21 12:00:00,2020-07-24 23:59:00,1,1824.11,1900.83,0.49,3561.124000000001,593.2524623157334,EOD,trendH4,6.002712548548588
2020-07-21 16:00:00,2020-07-24 23:59:00,1,1839.38,1900.83,0.45,2583.269999999992,603.7800053877066,EOD,trendH4,4.278495440307253
2020-07-27 15:15:00,2020-07-27 23:45:00,1,1935.91,1941.18,0.29,150.79999999999947,648.0224025746825,TIME,tday900,0.2327080042307955
2020-07-27 18:15:00,2020-07-27 23:45:00,1,1941.43,1941.18,0.29,-9.28,648.0224025746825,TIME,tday,-0.014320492568049003
2020-07-27 01:07:00,2020-07-27 23:47:00,1,1904.88,1941.98,0.14,518.4199999999987,312.8384012429502,TIME,season,1.6571494993589162
2020-07-27 10:15:00,2020-07-28 06:04:00,1,1934.99,1947.6165998668268,0.29,341.09219613797825,648.0224025746825,SL,lw,0.526358648686792
2020-07-28 01:05:00,2020-07-28 06:04:00,1,1943.63,1945.0671998763391,0.27,36.91439666115399,649.2204022258954,SL,strong_close,0.05685957578441854
2020-07-28 01:07:00,2020-07-28 06:04:00,1,1944.4,1945.0671998763391,0.02,1.1943997526781094,48.09040016488114,SL,season,0.024836552588105534
2020-07-27 04:00:00,2020-07-28 10:37:00,1,1915.4099999999999,1915.3643824434969,0.29,-26.402109138586283,636.797636379529,SL,trendH4,-0.04146075241216933
2020-07-27 08:00:00,2020-07-28 10:39:00,1,1932.11,1909.3026633213221,0.27,-639.1476903242994,647.4360301081009,SL,trendH4,-0.9871982104820185
2020-07-28 10:45:00,2020-07-28 15:43:00,-1,1914.0900000000001,1938.1152000824407,0.27,-650.5704022258936,649.2204022258954,SL,lw,-1.002079417090667
2020-07-29 01:07:00,2020-07-29 20:50:00,1,1962.29,1960.25,0.11,-23.2099999999996,304.21097227064297,NEWS,season,-0.07629573590577363
2020-07-30 01:07:00,2020-07-30 15:20:00,1,1970.33,1951.3,0.11,-210.0999999999997,313.5409028227397,NEWS,season,-0.6700880111925291
2020-07-31 01:05:00,2020-07-31 23:00:00,1,1956.1599999999999,1974.04,0.14,249.34000000000157,603.5575095494021,TIME,friday,0.4131172192458534
2020-07-31 15:15:00,2020-07-31 23:45:00,1,1977.21,1973.52,0.22,-82.7200000000012,632.8116766708022,TIME,tday900,-0.13071819476402197
2020-07-31 01:07:00,2020-07-31 23:47:00,1,1956.01,1974.57,0.11,203.3899999999994,316.4058383354011,TIME,season,0.6428136758475328
2020-07-31 23:05:00,2020-07-31 23:55:00,1,1975.01,1974.81,0.49,-13.230000000002228,642.6242770647639,TIME,fri_close,-0.020587457511613592
2020-07-31 10:15:00,2020-07-31 23:59:00,1,1975.96,1975.11,0.22,-20.240000000003,632.8116766708022,EOD,lw,-0.03198423914439263
2020-08-03 01:07:00,2020-08-03 16:50:00,1,1982.38,1964.53,0.11,-197.1200000000015,316.2847070257295,NEWS,season,-0.6232359504627139
2020-08-03 01:10:00,2020-08-03 16:50:00,1,1982.47,1964.53,0.11,-198.1100000000006,631.799414051459,NEWS,tom,-0.31356470992843444
2020-08-04 18:15:00,2020-08-04 23:45:00,1,1994.27,2016.51,0.22,487.7400000000002,630.8673130477833,TIME,tday,0.7731261232154814
2020-08-04 01:07:00,2020-08-04 23:47:00,1,1977.4099999999999,2016.65,0.11,430.8700000000027,315.43365652389167,TIME,season,1.3659607688926738
2020-08-04 17:45:00,2020-08-05 15:05:00,1,1987.69,2040.06,0.22,1133.1143999999977,630.8673130477833,NEWS,lw,1.7961215877960268
2020-08-04 20:00:00,2020-08-05 15:05:00,1,1999.8,2040.06,0.24,945.4847999999998,638.3304656457427,NEWS,trendH4,1.4811838865367897
2020-08-05 01:05:00,2020-08-05 15:05:00,1,2021.78,2040.06,0.21,382.4099999999994,639.20284565599,NEWS,strong_close,0.598260790919268
2020-08-05 01:07:00,2020-08-05 15:05:00,1,2021.76,2040.06,0.1,182.29999999999959,304.38230745523333,NEWS,season,0.5989178593332372
2020-08-05 04:00:00,2020-08-05 15:05:00,1,2020.82,2040.06,0.19,364.2300000000002,529.1995941525156,NEWS,trendH4,0.6882658339587254
2020-08-05 18:15:00,2020-08-05 23:45:00,1,2047.66,2038.08,0.21,-202.65000000000325,639.20284565599,TIME,tday,-0.31703550974030964
2020-08-06 15:15:00,2020-08-06 23:45:00,1,2060.05,2066.17,0.21,127.04999999999771,662.7554995377048,TIME,tday900,0.1916996540784943
2020-08-06 01:07:00,2020-08-06 23:47:00,1,2041.1899999999998,2066.21,0.1,249.50000000000213,315.59785692271663,TIME,season,0.7905630362410841
2020-08-06 15:00:00,2020-08-07 15:20:00,1,2059.5,2052.92,0.21,-156.34079999999847,662.7554995377048,NEWS,lw,-0.23589513796422912
2020-08-07 01:05:00,2020-08-07 15:20:00,1,2066.87,2052.92,0.13,-182.25999999999763,620.0729052136336,NEWS,friday,-0.29393317861099516
2020-08-07 01:07:00,2020-08-07 15:20:00,1,2066.86,2052.92,0.1,-140.10000000000053,318.2194385710941,NEWS,season,-0.44026223108523427
2020-08-07 23:05:00,2020-08-07 23:55:00,1,2031.23,2033.2,0.27,51.300000000000736,641.8672379710481,TIME,fri_close,0.07992306970232785
2020-08-10 01:07:00,2020-08-10 16:50:00,1,2029.47,2044.16,0.09,131.5800000000005,304.39624509155703,NEWS,season,0.4322655161545227
2020-08-11 01:07:00,2020-08-11 09:28:00,1,2028.19,1994.590466776268,0.09,-303.0257990135891,302.5757990135887,SL,season,-1.0014872306425942
2020-08-11 10:15:00,2020-08-11 15:20:00,-1,2002.1100000000001,1979.57,0.19,426.9300000000036,638.7711312509095,NEWS,lw,0.6683614507811959
2020-08-12 01:07:00,2020-08-12 05:06:00,1,1917.93,1877.5347191493918,0.08,-323.7222468048663,323.32224680486695,SL,season,-1.0012371558219462
2020-08-12 18:15:00,2020-08-12 23:45:00,1,1944.25,1917.09,0.16,-435.68000000000137,646.6444936097339,TIME,tday,-0.6737550606329683
2020-08-13 18:15:00,2020-08-13 23:45:00,1,1947.8500000000001,1954.03,0.15,91.64999999999755,655.8949832763309,TIME,tday,0.13973273517383358
2020-08-13 01:07:00,2020-08-13 23:47:00,1,1920.69,1954.95,0.07,239.32999999999996,306.0843255289544,TIME,season,0.7819087095897703
2020-08-13 20:00:00,2020-08-14 15:20:00,1,1953.98,1950.73,0.15,-61.721999999999994,655.8949832763309,NEWS,lw,-0.09410347932787327
2020-08-14 01:05:00,2020-08-14 15:20:00,1,1951.85,1950.73,0.09,-10.709999999999019,599.8586645952195,NEWS,friday,-0.017854205718985577
2020-08-14 01:07:00,2020-08-14 15:20:00,1,1951.8899999999999,1950.73,0.07,-8.609999999998982,311.2011594197435,NEWS,season,-0.027666992038374583
2020-08-14 23:05:00,2020-08-14 23:55:00,1,1943.6,1943.52,0.41000000000000003,-6.149999999997018,649.1011021616673,TIME,fri_close,-0.009474641129888696
2020-08-17 18:15:00,2020-08-17 23:45:00,1,1983.85,1984.36,0.15,6.599999999999864,651.4660825188772,TIME,tday,0.01013099557613365
2020-08-17 01:07:00,2020-08-17 23:47:00,1,1945.75,1984.39,0.07,269.9900000000007,304.01750517547606,TIME,season,0.8880738622079178
2020-08-17 15:45:00,2020-08-18 16:46:00,1,1961.3,2013.53,0.15,770.4780000000002,651.4660825188772,TIME,lw,1.1826832135618885
2020-08-17 16:30:00,2020-08-18 17:31:00,1,1966.1000000000001,1977.7,0.19,203.96879999999825,644.2900000000028,TIME,inside,0.3165791801828328
2020-08-18 01:05:00,2020-08-18 23:45:00,1,1983.46,2002.05,0.14,259.27999999999884,625.9739381830273,TIME,strong_close,0.41420254771723175
2020-08-18 15:15:00,2020-08-18 23:45:00,1,2008.24,2002.05,0.09,-56.340000000000494,402.4118174033746,TIME,tday900,-0.14000582876403378
2020-08-18 01:07:00,2020-08-18 23:47:00,1,1983.2,2002.16,0.07,132.23000000000025,312.98696909151363,TIME,season,0.42247765261223313
2020-08-18 12:30:00,2020-08-19 13:31:00,1,2009.4,1987.75,0.14,-315.2072000000013,625.9739381830273,TIME,lw,-0.5035468424051841
2020-08-19 01:07:00,2020-08-19 17:58:00,1,2005.52,1961.181320426636,0.07,-310.8607570135485,310.5107570135484,SL,season,-1.0011271751206507
2020-08-20 01:07:00,2020-08-20 23:47:00,1,1931.03,1948.75,0.07,123.5500000000002,329.3114172268664,TIME,season,0.3751767887078303
2020-08-21 01:05:00,2020-08-21 23:00:00,1,1948.21,1938.21,0.09,-90.62999999999998,619.2369767685208,TIME,friday,-0.14635753903610751
2020-08-21 01:07:00,2020-08-21 23:47:00,1,1948.6499999999999,1938.03,0.07,-74.82999999999923,321.249173139233,TIME,season,-0.23293445168671942
2020-08-21 23:05:00,2020-08-21 23:55:00,1,1939.06,1939.0,0.4,-5.199999999997818,655.8339225175861,TIME,fri_close,-0.007928836587220572
2020-08-24 01:07:00,2020-08-24 23:47:00,1,1934.81,1926.42,0.07,-59.21999999999912,320.5828036292878,TIME,season,-0.1847260655580245
2020-08-24 15:15:00,2020-08-25 16:16:00,1,1958.81,1929.58,0.14,-421.3272000000003,641.1656072585756,TIME,lw,-0.6571269500893289
2020-08-25 01:07:00,2020-08-25 23:47:00,1,1929.9499999999998,1926.71,0.07,-23.16999999999847,316.7890319414815,TIME,season,-0.07314015847707292
2020-08-26 01:07:00,2020-08-26 23:47:00,1,1928.72,1954.36,0.07,178.98999999999913,305.7562439456614,TIME,season,0.5854009641477967
2020-08-27 01:05:00,2020-08-27 15:20:00,1,1952.29,1940.48,0.15,-178.1999999999992,664.460383361265,NEWS,strong_close,-0.26818754656003685
2020-08-27 01:07:00,2020-08-27 15:20:00,1,1952.46,1940.48,0.07,-84.35000000000012,310.08151223525704,NEWS,season,-0.2720252471421265
2020-08-27 17:15:00,2020-08-28 18:16:00,-1,1923.4,1966.5600000000002,0.15,-643.2885000000011,664.460383361265,TIME,lw,-0.9681367258433633
2020-08-28 23:05:00,2020-08-28 23:55:00,1,1964.3799999999999,1964.31,0.43,-6.019999999997262,651.2909558624125,TIME,fri_close,-0.009243180710264629
2020-08-31 01:05:00,2020-08-31 23:45:00,1,1969.52,1968.74,0.14,-11.899999999999618,647.7431180383514,TIME,strong_close,-0.018371480404204072
2020-08-31 01:07:00,2020-08-31 23:47:00,1,1969.5,1968.94,0.07,-4.409999999999618,323.8715590191757,TIME,season,-0.013616509005468158
2020-08-31 01:45:00,2020-09-01 02:46:00,1,1974.9099999999999,1967.63,0.12,-97.73759999999695,620.0399999999989,TIME,inside,-0.1576311205728616
2020-09-01 01:10:00,2020-09-01 16:50:00,1,1968.4999999999998,1982.33,0.07,96.3200000000011,623.5057524641833,NEWS,tom,0.15448133336273287
2020-09-01 05:15:00,2020-09-01 16:50:00,1,1980.89,1982.33,0.24,32.87999999999585,637.68,NEWS,nr7,0.051561911930742464
2020-09-01 10:15:00,2020-09-01 16:50:00,1,1987.18,1982.33,0.14,-68.88000000000191,623.9957524641833,NEWS,lw,-0.11038536677211686
2020-09-01 15:15:00,2020-09-01 16:50:00,1,1989.92,1982.33,0.14,-107.24000000000204,623.9957524641833,NEWS,tday900,-0.1718601442021154
2020-09-02 16:30:00,2020-09-03 16:50:00,-1,1956.01,1941.96,0.15,225.1844999999993,652.0656720944679,NEWS,lw,0.34534021592747755
2020-09-03 18:30:00,2020-09-04 15:20:00,-1,1924.63,1937.3500000000001,0.15,-186.6885000000004,649.2038383734345,NEWS,lw,-0.28756530532497193
2020-09-04 23:05:00,2020-09-04 23:55:00,1,1934.1899999999998,1932.99,0.39,-49.5299999999929,647.2631656695702,TIME,fri_close,-0.0765221978123163
2020-09-08 10:15:00,2020-09-09 11:16:00,1,1931.24,1931.7,0.16,-6.476799999999418,635.5547066691685,TIME,lw,-0.010190782842193396
2020-09-09 18:15:00,2020-09-09 23:45:00,1,1946.01,1947.87,0.16,28.6399999999984,629.5750847642279,TIME,tday,0.045490999712486886
2020-09-10 01:05:00,2020-09-10 15:20:00,1,1946.46,1949.69,0.17,53.72000000000032,658.6404184504213,NEWS,strong_close,0.08156195474062614
2020-09-10 16:15:00,2020-09-11 15:20:00,1,1959.14,1945.54,0.17,-245.90160000000236,658.6404184504213,NEWS,lw,-0.3733472667507004
2020-09-11 01:05:00,2020-09-11 15:20:00,1,1946.56,1945.54,0.11,-11.9899999999998,623.0630241916613,NEWS,friday,-0.019243639141570273
2020-09-11 23:05:00,2020-09-11 23:55:00,1,1942.58,1940.31,0.62,-145.07999999999888,658.6370758482277,TIME,fri_close,-0.2202730537347251
2020-09-14 18:15:00,2020-09-14 23:45:00,1,1959.51,1958.31,0.18,-22.86000000000082,654.1861803499944,TIME,tday,-0.034944180550818965
2020-09-14 15:15:00,2020-09-15 16:16:00,1,1947.98,1968.32,0.18,350.5535999999985,654.1861803499944,TIME,lw,0.5358621299710883
2020-09-15 15:15:00,2020-09-15 23:45:00,1,1970.43,1954.28,0.18,-291.9600000000016,640.3085960392805,TIME,tday900,-0.45596764092495645
2020-09-15 14:00:00,2020-09-16 15:01:00,1,1970.8400000000001,1964.26,0.18,-134.0064000000028,640.3085960392805,TIME,lw,-0.20928408712442464
2020-09-16 10:15:00,2020-09-16 15:20:00,1,1964.22,1966.78,0.18,44.81999999999902,625.3008391793319,NEWS,lw,0.07167749856024895
2020-09-17 10:15:00,2020-09-18 11:16:00,-1,1944.23,1954.73,0.19,-194.2921,645.1262193543453,TIME,lw,-0.30116912655394984
2020-09-18 18:15:00,2020-09-18 23:45:00,1,1954.78,1950.92,0.19,-74.6699999999981,637.2764894004636,TIME,tday,-0.11717049230899147
2020-09-18 23:05:00,2020-09-18 23:55:00,1,1950.74,1950.38,0.7000000000000001,-30.099999999993003,654.3583551745743,TIME,fri_close,-0.04599925982753397
2020-09-18 11:45:00,2020-09-18 23:59:00,1,1955.31,1949.57,0.19,-110.39000000000017,637.2764894004636,EOD,lw,-0.17322151661965873
2020-09-21 11:45:00,2020-09-22 12:46:00,-1,1937.66,1904.2900000000002,0.2,672.8819999999978,646.9446888876712,TIME,lw,1.0400920071805861
2020-09-23 10:15:00,2020-09-23 16:50:00,-1,1882.64,1881.99,0.19,11.020000000001728,656.8157132699774,NEWS,lw,0.01677791772845737
2020-09-25 01:05:00,2020-09-25 23:00:00,1,1870.08,1862.79,0.12,-88.31999999999957,631.7411868333168,TIME,friday,-0.13980408724451673
2020-09-25 23:05:00,2020-09-25 23:55:00,1,1862.7499999999998,1859.9,0.56,-163.51999999998216,650.9408318761017,TIME,fri_close,-0.2512056272898028
2020-09-28 15:30:00,2020-09-29 16:31:00,1,1868.42,1888.01,0.19,355.77879999999845,650.7104489993226,TIME,lw,0.5467543982844032
2020-09-29 01:05:00,2020-09-29 23:45:00,1,1881.5,1897.68,0.19,306.0900000000012,650.9711312136569,TIME,strong_close,0.4702051831842888
2020-09-29 20:00:00,2020-09-30 15:05:00,1,1895.8,1882.18,0.19,-275.2111999999979,650.9711312136569,NEWS,lw,-0.4227702071624896
2020-09-30 01:05:00,2020-09-30 15:05:00,1,1897.99,1882.18,0.19,-301.71999999999895,636.583193269824,NEWS,strong_close,-0.4739679011162819
2020-10-01 01:10:00,2020-10-01 16:50:00,1,1887.59,1903.53,0.1,158.70000000000059,651.4813167299035,NEWS,tom,0.24359869719148944
2020-10-01 10:15:00,2020-10-01 16:50:00,1,1898.14,1903.53,0.2,106.39999999999745,652.1813167299034,NEWS,lw,0.16314481459465405
2020-10-02 01:05:00,2020-10-02 15:20:00,1,1905.09,1908.44,0.13,42.64000000000178,628.4170135393947,NEWS,friday,0.06785303243119264
2020-10-02 23:05:00,2020-10-02 23:55:00,1,1901.87,1900.45,0.56,-83.43999999999136,656.1137887544339,TIME,fri_close,-0.12717306270668965
2020-10-05 10:15:00,2020-10-05 16:50:00,-1,1887.78,1909.76,0.2,-441.00000000000034,638.1828700375186,NEWS,lw,-0.6910245020742629
2020-10-06 01:05:00,2020-10-06 16:50:00,1,1912.3,1916.85,0.2,89.59999999999908,638.2126650348387,NEWS,strong_close,0.1403920744742789
2020-10-08 15:30:00,2020-10-09 16:31:00,1,1898.44,1919.41,0.2,402.10400000000055,648.1262264841212,TIME,lw,0.6204100120763312
2020-10-09 01:05:00,2020-10-09 23:00:00,1,1894.36,1928.74,0.13,446.0300000000014,612.6835657633029,TIME,friday,0.7279940656549542
2020-10-09 23:05:00,2020-10-09 23:55:00,1,1928.6499999999999,1930.27,0.63,97.65000000000745,657.9310215314204,TIME,fri_close,0.1484198142424024
2020-10-09 10:15:00,2020-10-09 23:59:00,1,1909.96,1929.83,0.2,395.99999999999784,628.8600674495414,EOD,lw,0.6297108379071504
2020-10-12 01:05:00,2020-10-12 23:45:00,1,1927.1,1922.61,0.2,-91.2000000000002,637.0700626317171,TIME,strong_close,-0.1431553691649797
2020-10-13 10:15:00,2020-10-13 15:20:00,-1,1915.42,1921.77,0.21,-134.8199999999981,643.8233110659245,NEWS,lw,-0.2094052788750191
2020-10-15 15:15:00,2020-10-15 23:45:00,-1,1891.24,1908.39,0.21,-361.6200000000019,655.4190794394964,TIME,tday900,-0.5517385919086355
2020-10-16 01:05:00,2020-10-16 15:20:00,1,1909.21,1913.41,0.14,57.82000000000065,637.333430908104,NEWS,friday,0.09072174343281486
2020-10-16 11:00:00,2020-10-16 15:20:00,1,1909.45,1913.41,0.33,128.37000000000123,652.7400000000013,NEWS,inside,0.19666329625884882
2020-10-16 18:30:00,2020-10-16 23:59:00,-1,1898.88,1899.0600000000002,0.21,-5.250000000001337,637.823430908104,EOD,lw,-0.008231118120773057
2020-10-19 10:15:00,2020-10-20 11:16:00,1,1909.04,1902.04,0.22,-173.0256,645.9562627201282,TIME,lw,-0.2678596214415315
2020-10-21 10:15:00,2020-10-22 11:16:00,1,1919.77,1918.08,0.23,-95.32120000000126,647.3618212414514,TIME,lw,-0.14724563122552234
2020-10-22 15:00:00,2020-10-23 16:01:00,-1,1914.14,1910.76,0.23,84.04430000000252,641.2731197242048,TIME,lw,0.13105851066414234
2020-10-23 23:05:00,2020-10-23 23:55:00,1,1903.22,1901.42,0.74,-138.37999999999664,653.4083680007775,TIME,fri_close,-0.21178179952515083
2020-10-27 18:45:00,2020-10-28 15:25:00,1,1909.47,1882.6474367151402,0.24,-664.4967188366358,644.2215188366374,SL,lw,-1.0314724041454129
2020-10-30 01:05:00,2020-10-30 23:00:00,1,1869.4899999999998,1877.63,0.16,129.12000000000523,644.7642408469725,TIME,friday,0.20025924488366656
2020-10-30 23:05:00,2020-10-30 23:55:00,1,1878.15,1878.21,0.62,-0.6200000000033827,649.8431408827457,TIME,fri_close,-0.0009540763932064834
2020-10-30 15:00:00,2020-10-30 23:59:00,1,1879.46,1878.81,0.24,-17.280000000002183,645.3242408469725,EOD,lw,-0.026777236784600866
2020-11-02 01:10:00,2020-11-02 16:50:00,1,1879.26,1888.83,0.12,113.99999999999923,642.1039379293318,NEWS,tom,0.17754135003069513
2020-11-02 11:45:00,2020-11-02 16:50:00,1,1889.07,1888.83,0.24,-7.440000000000217,642.9439379293318,NEWS,lw,-0.011571770975804694
2020-11-03 01:05:00,2020-11-03 23:45:00,1,1895.24,1907.87,0.24,301.43999999999716,635.882228077237,TIME,strong_close,0.47405004683254487
2020-11-04 01:05:00,2020-11-04 03:00:00,1,1909.56,1883.285270937488,0.25,-658.6182265628013,657.3682265628034,SL,strong_close,-1.0019015217795568
2020-11-03 15:30:00,2020-11-04 15:05:00,1,1905.88,1910.05,0.24,79.32479999999629,635.882228077237,NEWS,lw,0.12474762856615197
2020-11-05 11:00:00,2020-11-05 20:50:00,1,1918.13,1947.05,0.24,692.3999999999963,645.6711048216991,NEWS,lw,1.0723725977968324
2020-11-05 20:00:00,2020-11-05 20:50:00,1,1947.9,1947.05,0.25,-23.00000000000341,638.4810125373047,NEWS,trendH4,-0.03602299762776357
2020-11-06 01:05:00,2020-11-06 15:20:00,1,1946.61,1954.49,0.15,117.15000000000164,642.9243992867468,NEWS,friday,0.18221426987366873
2020-11-06 23:05:00,2020-11-06 23:55:00,1,1952.29,1951.78,0.59,-34.219999999999466,655.2610888254244,TIME,fri_close,-0.05222345807430724
2020-11-06 16:00:00,2020-11-06 23:59:00,1,1958.79,1950.89,0.26,-207.21999999999647,649.2669787215983,EOD,trendH4,-0.31915992463995485
2020-11-09 08:00:00,2020-11-09 13:59:00,1,1961.99,1937.6152872899092,0.27,-660.0072431724507,658.6572431724499,SL,trendH4,-1.002049624465524
2020-11-09 14:00:00,2020-11-10 15:01:00,-1,1938.28,1882.44,0.23,1290.6242999999981,651.5419694817058,TIME,lw,1.980876690148871
2020-11-11 15:45:00,2020-11-12 15:20:00,-1,1863.71,1869.16,0.19,-85.26630000000088,649.9906863366809,NEWS,lw,-0.13118080272897142
2020-11-11 16:00:00,2020-11-12 15:20:00,-1,1858.48,1869.16,0.2,-194.3540000000013,637.3999999999992,NEWS,inside,-0.30491684970191646
2020-11-12 16:00:00,2020-11-13 15:20:00,1,1877.14,1887.55,0.19,181.35879999999722,641.6849230269179,NEWS,lw,0.28262904969701064
2020-11-13 01:05:00,2020-11-13 15:20:00,1,1877.38,1887.55,0.13,131.299999999998,640.6737706290362,NEWS,friday,0.20494049548974513
2020-11-13 14:30:00,2020-11-13 15:20:00,1,1886.14,1887.55,0.2,26.79999999999709,657.5679698759346,NEWS,lw,0.04075624304671277
2020-11-13 23:05:00,2020-11-13 23:55:00,1,1888.26,1889.24,0.87,79.17000000000158,659.0505116949549,TIME,fri_close,0.12012736291849788
2020-11-16 14:00:00,2020-11-17 15:01:00,-1,1869.3400000000001,1888.7900000000002,0.2,-383.51800000000094,643.2559720276536,TIME,lw,-0.5962136640427701
2020-11-18 05:15:00,2020-11-19 06:16:00,-1,1876.48,1867.92,0.39,371.36969999999786,659.8800000000053,TIME,inside,0.5627836879432546
2020-11-18 14:00:00,2020-11-19 15:01:00,-1,1871.68,1861.43,0.21,235.4583,655.559246103608,TIME,lw,0.3591716559555427
2020-11-19 10:15:00,2020-11-20 11:16:00,-1,1858.17,1868.05,0.21,-201.72389999999749,640.683585667636,TIME,lw,-0.3148572938540129
2020-11-20 23:05:00,2020-11-20 23:55:00,1,1872.51,1870.89,1.03,-174.06999999998877,662.6783463933137,TIME,fri_close,-0.2626764567567061
2020-11-20 16:15:00,2020-11-20 23:59:00,1,1877.64,1870.73,0.22,-153.5600000000018,656.9100187106935,EOD,lw,-0.23376108694671985
2020-11-23 18:15:00,2020-11-23 23:45:00,-1,1833.14,1836.67,0.22,-79.1999999999994,639.7507316599299,TIME,tday,-0.12379821715014384
2020-11-23 17:00:00,2020-11-24 18:02:00,-1,1841.56,1805.65,0.22,796.0501999999968,639.7507316599299,TIME,lw,1.2443130747729265
2020-11-24 15:15:00,2020-11-24 23:45:00,-1,1806.82,1807.01,0.21,-5.460000000001146,634.9117848803921,TIME,tday900,-0.00859961986849831
2020-11-24 18:15:00,2020-11-24 23:45:00,-1,1805.31,1807.01,0.22,-38.940000000001,665.1456793985061,TIME,tday,-0.0585435660278431
2020-11-24 12:30:00,2020-11-25 13:32:00,-1,1817.8700000000001,1809.7800000000002,0.21,175.64609999999828,634.9117848803921,TIME,lw,0.27664646362342665
2020-11-26 10:15:00,2020-11-27 15:15:00,1,1816.95,1793.7,0.22,-530.5255999999999,655.8231623385082,TIME,lw,-0.8089461160662165
2020-11-27 01:05:00,2020-11-27 20:45:00,1,1810.76,1786.66,0.15,-362.5499999999986,642.4315746234209,EOD,friday,-0.5643402571122338
2020-11-30 15:15:00,2020-11-30 23:45:00,-1,1770.3600000000001,1777.33,0.22,-154.8799999999956,645.9451756898362,TIME,tday900,-0.23977267085336107
2020-11-30 12:45:00,2020-12-01 13:02:00,-1,1771.49,1800.831144349538,0.22,-639.4749756898337,645.9451756898362,SL,lw,-0.9899833604406246
2020-12-02 01:05:00,2020-12-02 15:05:00,1,1813.38,1821.62,0.21,171.56999999999542,629.9853637577061,NEWS,strong_close,0.27233966036389007
2020-12-03 01:05:00,2020-12-03 16:50:00,1,1829.79,1833.6,0.22,82.2799999999988,652.160047737088,NEWS,strong_close,0.12616534895920084
2020-12-03 10:15:00,2020-12-03 16:50:00,1,1840.74,1833.6,0.22,-158.6200000000022,652.160047737088,NEWS,lw,-0.243222504276969
2020-12-04 01:05:00,2020-12-04 15:20:00,1,1841.49,1840.08,0.15,-22.20000000000123,651.3760193607087,NEWS,friday,-0.03408169680822662
2020-12-04 18:00:00,2020-12-04 23:57:00,-1,1831.93,1838.92,0.22,-155.3200000000002,637.4143300415818,EOD,lw,-0.24367196135968244
2020-12-07 10:45:00,2020-12-07 16:55:00,-1,1828.74,1856.990994449807,0.23,-651.3828723455603,650.2328723455619,SL,lw,-1.001768597142513
2020-12-08 01:05:00,2020-12-08 23:45:00,1,1863.2599999999998,1870.66,0.22,161.260000000007,650.8903151889155,TIME,strong_close,0.24775295658409457
2020-12-09 10:15:00,2020-12-09 16:50:00,-1,1859.71,1850.78,0.22,194.9200000000014,628.1738641039929,NEWS,lw,0.3102962589474
2020-12-11 01:05:00,2020-12-11 15:20:00,1,1837.52,1834.19,0.15,-50.999999999998906,655.5287843820579,NEWS,friday,-0.07779978730922497
2020-12-11 23:05:00,2020-12-11 23:55:00,1,1839.1699999999998,1839.7,0.79,36.34000000001581,652.359036319829,TIME,fri_close,0.05570552100423359
2020-12-14 10:30:00,2020-12-15 11:32:00,-1,1829.65,1845.8100000000002,0.22,-349.4898000000018,633.0080391532335,TIME,lw,-0.5521095758396839
2020-12-16 01:05:00,2020-12-16 15:20:00,1,1854.3,1854.08,0.23,-6.670000000000628,654.1918942923512,NEWS,strong_close,-0.010195785148355688
2020-12-17 01:05:00,2020-12-17 23:45:00,1,1863.8899999999999,1886.53,0.23,519.1100000000023,642.1117589857547,TIME,strong_close,0.8084418214361322
2020-12-17 10:15:00,2020-12-18 11:17:00,1,1874.99,1881.06,0.23,119.71959999999852,642.1117589857547,TIME,lw,0.18644667119801883
2020-12-18 01:05:00,2020-12-18 23:00:00,1,1884.88,1881.12,0.15,-57.450000000003264,637.852607153209,TIME,friday,-0.09006782970819474
2020-12-18 23:05:00,2020-12-18 23:55:00,1,1881.6299999999999,1880.51,0.78,-92.81999999999148,657.1909290183498,TIME,fri_close,-0.14123749416115236
2020-12-21 10:15:00,2020-12-21 12:06:00,1,1896.38,1869.1749717682803,0.24,-654.6006775612747,653.4006775612736,SL,lw,-1.0018365453866376
2020-12-23 11:15:00,2020-12-24 12:17:00,1,1871.4099999999999,1876.81,0.22,64.80320000000198,632.1194641098676,TIME,lw,0.1025173304721062
2020-12-28 13:30:00,2020-12-29 14:32:00,-1,1876.16,1878.69,0.24,-54.14159999999934,653.2489949975933,TIME,lw,-0.08288049490255826
2020-12-30 17:00:00,2020-12-31 18:02:00,1,1887.52,1899.31,0.24,224.05439999999913,639.0516334418023,TIME,lw,0.3506045337734099
2020-12-31 01:05:00,2020-12-31 23:45:00,1,1894.04,1898.2,0.25,102.25000000000205,651.255300204124,TIME,strong_close,0.15700448037498302
2021-01-04 01:05:00,2021-01-04 23:45:00,1,1909.05,1942.63,0.25,837.7500000000039,632.6656359038293,TIME,strong_close,1.3241591647429847
2021-01-04 01:07:00,2021-01-04 23:47:00,1,1908.77,1942.4,0.12,402.72000000000133,303.67950523383803,TIME,season,1.326134931924038
2021-01-04 10:15:00,2021-01-05 11:17:00,1,1927.8400000000001,1941.98,0.25,331.8799999999968,632.6656359038293,TIME,lw,0.524574089638789
2021-01-04 01:10:00,2021-01-05 16:50:00,1,1908.55,1943.31,0.12,406.7423999999999,606.5190104676761,NEWS,tom,0.6706177266997254
2021-01-04 04:00:00,2021-01-05 16:50:00,1,1916.8,1943.31,0.31,795.0011999999999,637.4731298123062,NEWS,trendH4,1.2471132708512362
2021-01-04 08:00:00,2021-01-05 16:50:00,1,1921.95,1943.31,0.31,635.351199999997,636.0259733216907,NEWS,trendH4,0.9989390789841968
2021-01-05 12:00:00,2021-01-05 16:50:00,1,1945.83,1943.31,0.1,-25.899999999999817,211.9304001384621,NEWS,trendH4,-0.12220993299252195
2021-01-06 12:00:00,2021-01-06 14:43:00,1,1957.8600000000001,1936.9956059560996,0.32,-669.9006094048184,668.3006094048222,SL,trendH4,-1.002394132187641
2021-01-06 01:05:00,2021-01-06 15:05:00,1,1950.0,1932.7,0.25,-434.24999999999886,656.4986860599344,NEWS,strong_close,-0.6614636239505809
2021-01-06 01:07:00,2021-01-06 15:05:00,1,1949.28,1932.7,0.12,-199.79999999999913,315.11936930876846,NEWS,season,-0.6340454426469289
2021-01-07 01:07:00,2021-01-07 16:50:00,1,1920.83,1913.54,0.11,-80.9599999999996,314.21446316163036,NEWS,season,-0.2576584132550072
2021-01-08 01:07:00,2021-01-08 10:00:00,1,1915.68,1887.6775453175248,0.11,-308.7970015072274,308.2470015072281,SL,season,-1.0017842833744042
2021-01-08 01:05:00,2021-01-08 15:20:00,1,1916.33,1884.16,0.15,-483.5999999999977,629.9802303556938,NEWS,friday,-0.7676431365583516
2021-01-08 23:05:00,2021-01-08 23:55:00,1,1848.14,1848.91,0.29,20.299999999999468,661.3820745322416,TIME,fri_close,0.030693302376476588
2021-01-11 01:07:00,2021-01-11 03:15:00,1,1853.8700000000001,1821.4955777948446,0.1,-324.44422205155496,323.9442220515562,SL,season,-1.0015434755922863
2021-01-12 01:07:00,2021-01-12 16:50:00,1,1846.6599999999999,1839.57,0.1,-71.59999999999918,329.4410633335879,NEWS,season,-0.21733781234034544
2021-01-12 12:00:00,2021-01-12 16:50:00,1,1862.8600000000001,1839.57,0.2,-467.20000000000385,658.8821266671758,NEWS,lw,-0.709079789981923
2021-01-13 01:07:00,2021-01-13 15:20:00,1,1855.4599999999998,1851.27,0.1,-42.599999999998275,325.3381302383316,NEWS,season,-0.13094069228464236
2021-01-14 01:07:00,2021-01-14 23:47:00,1,1847.87,1846.77,0.1,-11.69999999999909,317.2211209355937,TIME,season,-0.036882790040876794
2021-01-14 20:00:00,2021-01-15 15:20:00,1,1855.48,1848.27,0.2,-161.49600000000072,634.4422418711874,NEWS,lw,-0.2545479940359799
2021-01-15 01:05:00,2021-01-15 15:20:00,1,1848.18,1848.27,0.13,0.25999999999893586,614.515743979807,NEWS,friday,0.00042309737796966755
2021-01-15 01:07:00,2021-01-15 15:20:00,1,1847.97,1848.27,0.1,2.299999999999545,315.36961229733697,NEWS,season,0.0072930298618341756
2021-01-15 18:15:00,2021-01-15 23:45:00,-1,1825.48,1827.22,0.2,-36.20000000000019,630.7392245946739,TIME,tday,-0.05739297413009799
2021-01-15 17:30:00,2021-01-15 23:57:00,-1,1832.93,1827.83,0.2,100.60000000000272,630.7392245946739,EOD,lw,0.15949539219580067
2021-01-18 01:07:00,2021-01-19 04:47:00,1,1826.92,1841.21,0.1,134.25199999999964,316.99321141895575,TIME,season,0.4235169560857402
2021-01-19 01:05:00,2021-01-19 23:45:00,1,1838.7499999999998,1840.06,0.2,24.80000000000346,643.9016783494892,TIME,strong_close,0.03851519701513002
2021-01-19 01:07:00,2021-01-19 23:47:00,1,1838.8,1839.84,0.1,9.699999999999639,321.9508391747446,TIME,season,0.03012882347150768
2021-01-20 01:07:00,2021-01-20 23:47:00,1,1840.82,1871.22,0.1,303.3000000000009,307.93292209083427,TIME,season,0.9849547685275862
2021-01-20 10:15:00,2021-01-21 11:17:00,1,1854.74,1870.82,0.21,286.13759999999843,646.6591363907519,TIME,lw,0.44248597738375756
2021-01-21 01:05:00,2021-01-21 23:45:00,1,1871.76,1869.0,0.2,-56.59999999999982,628.2182838829781,TIME,strong_close,-0.09009607241953982
2021-01-21 01:07:00,2021-01-21 23:47:00,1,1871.68,1870.05,0.1,-17.00000000000109,314.10914194148904,TIME,season,-0.054121315587713076
2021-01-22 01:07:00,2021-01-22 15:00:00,1,1869.96,1839.6070082482904,0.1,-304.2299175170962,303.7299175170969,SL,season,-1.0016461993737287
2021-01-22 01:05:00,2021-01-22 23:00:00,1,1870.09,1854.21,0.14,-223.29999999999836,637.3428267859036,TIME,friday,-0.35036088995633957
2021-01-22 23:05:00,2021-01-22 23:55:00,1,1853.55,1854.64,0.68,69.36000000000989,655.4889558592524,TIME,fri_close,0.10581413978072114
2021-01-25 01:07:00,2021-01-25 23:47:00,1,1857.27,1855.6,0.1,-17.400000000000727,306.0420662658757,TIME,season,-0.05685492916808496
2021-01-26 01:07:00,2021-01-26 23:47:00,1,1855.33,1850.63,0.1,-47.699999999998184,299.1104901040274,TIME,season,-0.15947284223769162
2021-01-27 01:07:00,2021-01-27 20:50:00,1,1852.44,1844.77,0.11,-85.1400000000008,316.0800006062567,NEWS,season,-0.2693621862715077
2021-01-28 01:07:00,2021-01-28 15:20:00,1,1843.24,1839.33,0.11,-43.7800000000009,310.7964291343813,NEWS,season,-0.14086390928600864
2021-01-28 16:00:00,2021-01-29 17:02:00,1,1857.18,1863.61,0.23,127.99959999999622,649.8470790991609,TIME,lw,0.19696880099458697
2021-01-29 01:05:00,2021-01-29 23:00:00,1,1843.4399999999998,1841.73,0.15,-26.699999999997136,638.1774709208216,TIME,friday,-0.04183789183512213
2021-01-29 01:07:00,2021-01-29 23:47:00,1,1842.81,1847.31,0.11,48.73,312.25454133906834,TIME,season,0.15605857897543104
2021-01-29 23:05:00,2021-01-29 23:55:00,1,1843.45,1847.38,0.41000000000000003,158.2600000000026,644.2536198157137,TIME,fri_close,0.24564860038391756
2021-01-29 12:45:00,2021-01-29 23:57:00,1,1855.96,1848.57,0.23,-171.58000000000231,652.8958591635065,EOD,lw,-0.26279841967420575
2021-02-01 01:10:00,2021-02-01 16:50:00,1,1853.16,1864.18,0.11,120.4499999999998,635.9227196296982,NEWS,tom,0.18940980764162443
2021-02-02 15:15:00,2021-02-02 23:45:00,-1,1844.13,1837.3,0.23,155.48000000000357,656.4159193807785,TIME,tday900,0.23686201904834
2021-02-02 18:15:00,2021-02-02 23:45:00,-1,1837.8,1837.3,0.23,9.89,656.4159193807785,TIME,tday,0.015066666892127791
2021-02-02 09:30:00,2021-02-03 10:32:00,-1,1847.39,1835.9,0.26,305.86660000000023,635.699999999997,TIME,inside,0.4811492842535814
2021-02-02 10:15:00,2021-02-03 11:17:00,-1,1847.48,1836.39,0.23,261.37429999999813,656.4159193807785,TIME,lw,0.39818397495076324
2021-02-04 18:15:00,2021-02-04 23:45:00,-1,1789.74,1793.32,0.23,-83.94999999999833,643.9202059966913,TIME,tday,-0.13037329659512145
2021-02-04 04:00:00,2021-02-05 05:02:00,-1,1826.8700000000001,1794.39,0.36,1179.1476000000007,648.7199999999934,TIME,inside,1.817652608213116
2021-02-04 10:15:00,2021-02-05 11:17:00,-1,1824.23,1805.5300000000002,0.23,436.4042999999958,643.9202059966913,TIME,lw,0.6777304018974025
2021-02-05 23:05:00,2021-02-05 23:55:00,1,1810.6899999999998,1813.34,0.68,175.44000000000622,662.3261674389828,TIME,fri_close,0.26488459708360945
2021-02-05 19:15:00,2021-02-05 23:57:00,1,1814.52,1813.67,0.22,-20.239999999998,650.1391270653843,EOD,lw,-0.03113179803737988
2021-02-08 01:05:00,2021-02-08 23:45:00,1,1817.81,1831.1,0.23,304.05999999999915,669.3215551706168,TIME,strong_close,0.4542809022824481
2021-02-08 15:00:00,2021-02-09 16:02:00,1,1825.52,1846.4,0.23,460.3496000000025,669.3215551706168,TIME,lw,0.6877854096341702
2021-02-09 11:00:00,2021-02-09 16:50:00,1,1844.31,1839.95,0.22,-97.4599999999978,643.8648595614793,NEWS,lw,-0.15136716743071743
2021-02-11 19:00:00,2021-02-12 20:02:00,-1,1829.93,1819.69,0.23,241.8243000000002,645.7663982178733,TIME,lw,0.3744764370945355
2021-02-12 15:15:00,2021-02-12 23:46:00,-1,1815.18,1822.96,0.24,-188.39999999999935,671.1058268446476,TIME,tday900,-0.28073068726850964
2021-02-12 10:15:00,2021-02-12 23:57:00,-1,1814.92,1824.75,0.24,-237.59999999999826,671.1058268446476,EOD,lw,-0.35404252279722737
2021-02-15 12:15:00,2021-02-16 17:15:00,-1,1816.6200000000001,1806.52,0.24,248.97840000000326,657.88398207003,TIME,lw,0.3784533546729523
2021-02-16 15:00:00,2021-02-17 15:20:00,-1,1807.27,1784.15,0.34,795.3993999999964,669.8000000000037,NEWS,inside,1.18751776649745
2021-02-17 18:15:00,2021-02-17 23:45:00,-1,1770.04,1776.45,0.25,-162.00000000000205,675.2537891679159,TIME,tday,-0.23990979776600319
2021-02-18 11:00:00,2021-02-19 03:29:00,1,1787.89,1760.9977164023346,0.25,-693.9270899416371,672.8070899416361,SL,lw,-1.0313908701554155
2021-02-19 01:05:00,2021-02-19 23:00:00,1,1776.73,1781.9,0.17,86.70000000000125,675.536929473293,TIME,friday,0.1283423543811292
2021-02-19 23:05:00,2021-02-19 23:55:00,1,1781.6999999999998,1782.96,0.6,71.4000000000131,666.2269533026079,TIME,fri_close,0.10717068657470302
2021-02-19 17:00:00,2021-02-19 23:57:00,1,1786.96,1783.33,0.25,-92.50000000000273,662.8744406600911,EOD,lw,-0.13954377228346765
2021-02-22 10:15:00,2021-02-23 11:17:00,1,1795.03,1808.05,0.25,303.87999999999954,671.0619806129416,TIME,lw,0.45283447547190564
2021-02-23 01:05:00,2021-02-23 16:50:00,1,1809.7399999999998,1796.85,0.24,-311.03999999999695,653.1809655749652,NEWS,strong_close,-0.47619268838644546
2021-02-24 16:00:00,2021-02-24 16:50:00,-1,1790.47,1786.5900000000001,0.25,95.24999999999704,668.3506363448327,NEWS,lw,0.14251501355772364
2021-02-25 10:15:00,2021-02-25 15:20:00,-1,1792.1200000000001,1785.44,0.24,158.64000000000152,647.7297101131079,NEWS,lw,0.24491697311877123
2021-02-25 18:15:00,2021-02-25 23:45:00,-1,1777.4,1771.5,0.25,145.75000000000227,674.7184480344874,TIME,tday,0.21601602924091448
2021-02-26 01:05:00,2021-02-26 17:20:00,1,1772.4199999999998,1730.5753293237929,0.16,-670.6347308193118,669.8347308193145,SL,friday,-1.001194324455256
2021-02-26 18:15:00,2021-02-26 23:46:00,-1,1727.23,1735.3700000000001,0.24,-197.0400000000024,670.3947308193143,TIME,tday,-0.29391639125682345
2021-03-01 01:10:00,2021-03-01 16:50:00,1,1738.8600000000001,1734.29,0.11,-51.040000000001804,662.0750387331071,NEWS,tom,-0.07709095950463227
2021-03-02 03:30:00,2021-03-03 04:32:00,-1,1718.93,1731.8500000000001,0.16,-202.33440000000118,653.9199999999993,TIME,inside,-0.30941766576951524
2021-03-03 12:45:00,2021-03-03 15:05:00,-1,1724.3,1719.4,0.21,101.42999999999712,649.5798289572813,NEWS,lw,0.15614708997786247
2021-03-05 01:05:00,2021-03-05 15:20:00,1,1697.98,1696.49,0.14,-21.840000000000128,662.5615361927582,NEWS,friday,-0.03296297597578354
2021-03-05 23:05:00,2021-03-05 23:55:00,1,1698.79,1700.72,0.58,107.88000000000368,663.2235471065956,TIME,fri_close,0.16266008719178487
2021-03-08 15:15:00,2021-03-08 23:45:00,-1,1689.38,1681.96,0.21,154.3500000000015,646.4407121789899,TIME,tday900,0.23876899627767298
2021-03-08 18:15:00,2021-03-08 23:45:00,-1,1681.63,1681.96,0.21,-8.399999999998473,646.4407121789899,TIME,tday,-0.012994231089938897
2021-03-08 11:15:00,2021-03-09 12:17:00,-1,1692.57,1702.3100000000002,0.21,-198.78390000000496,646.4407121789899,TIME,lw,-0.3075052301856951
2021-03-10 01:05:00,2021-03-10 15:20:00,1,1715.6,1713.82,0.21,-38.849999999999426,670.6359201951494,NEWS,strong_close,-0.05793009117181555
2021-03-11 01:05:00,2021-03-11 16:50:00,1,1726.79,1722.84,0.21,-84.42000000000095,650.7233544669247,NEWS,strong_close,-0.12973254981628587
2021-03-11 10:15:00,2021-03-11 16:50:00,1,1737.0800000000002,1722.84,0.21,-300.510000000005,650.7233544669247,NEWS,lw,-0.4618091512117066
2021-03-12 01:05:00,2021-03-12 15:20:00,1,1721.8999999999999,1703.38,0.14,-260.2599999999966,634.7581148621443,NEWS,friday,-0.41001445102678113
2021-03-12 23:05:00,2021-03-12 23:55:00,1,1724.61,1726.87,0.64,140.15999999999943,662.2838088450108,TIME,fri_close,0.21163132501220486
2021-03-15 01:05:00,2021-03-15 23:45:00,1,1728.74,1731.52,0.22,59.61999999999941,665.2781661584124,TIME,strong_close,0.08961664914432652
2021-03-16 01:05:00,2021-03-16 15:20:00,1,1732.02,1734.85,0.23,63.47999999999833,667.1132197446927,NEWS,strong_close,0.09515626151778615
2021-03-16 17:30:00,2021-03-17 18:32:00,1,1739.89,1728.96,0.23,-271.28040000000146,667.1132197446927,TIME,lw,-0.40664821498189124
2021-03-18 15:15:00,2021-03-18 23:45:00,-1,1729.8300000000002,1736.5,0.23,-155.01999999999646,643.8019088614955,TIME,tday900,-0.24078835099158852
2021-03-18 18:15:00,2021-03-18 23:45:00,-1,1727.0,1736.5,0.23,-220.11,643.8019088614955,TIME,tday,-0.3418908781883613
2021-03-18 14:30:00,2021-03-19 15:32:00,-1,1732.64,1743.69,0.23,-247.84569999999897,643.8019088614955,TIME,lw,-0.3849719868620634
2021-03-19 23:05:00,2021-03-19 23:55:00,1,1742.88,1745.1,0.86,184.89999999998278,662.989259547185,TIME,fri_close,0.27888837916660614
2021-03-22 01:05:00,2021-03-22 23:45:00,1,1743.87,1738.62,0.23,-122.36,640.7946050897591,TIME,strong_close,-0.1909504215986033
2021-03-23 17:15:00,2021-03-23 18:50:00,-1,1727.1100000000001,1728.63,0.24,-38.15999999999956,654.6141515155427,NEWS,lw,-0.05829388184116199
2021-03-23 18:15:00,2021-03-23 18:50:00,-1,1727.0,1728.63,0.24,-40.80000000000262,654.6141515155427,NEWS,tday,-0.06232679190564961
2021-03-24 13:00:00,2021-03-24 16:50:00,1,1734.8500000000001,1730.31,0.24,-110.64000000000459,638.6102835501471,NEWS,lw,-0.17325120319850995
2021-03-25 15:00:00,2021-03-25 15:20:00,-1,1728.3,1726.48,0.25,43.74999999999841,644.1141135529697,NEWS,lw,0.06792274704038224
2021-03-26 01:05:00,2021-03-26 23:00:00,1,1728.0,1731.69,0.17,61.54000000000093,652.8412961223128,TIME,friday,0.09426487013847104
2021-03-26 23:05:00,2021-03-26 23:55:00,1,1732.04,1732.66,0.98,53.90000000001158,661.9772710089886,TIME,fri_close,0.08142273513085573
2021-03-29 18:15:00,2021-03-29 23:45:00,-1,1710.89,1711.76,0.26,-24.439999999997163,647.0181459085203,TIME,tday,-0.03777328372402812
2021-03-29 11:15:00,2021-03-30 12:17:00,-1,1725.0900000000001,1699.66,0.26,668.3066000000016,647.0181459085203,TIME,lw,1.032902406564794
2021-03-30 15:15:00,2021-03-30 23:45:00,-1,1689.3500000000001,1684.43,0.26,126.1000000000019,651.8368497721971,TIME,tday900,0.19345331587815437
2021-03-30 18:15:00,2021-03-30 23:45:00,-1,1685.57,1684.43,0.26,27.81999999999669,651.8368497721971,TIME,tday,0.042679391338061326
2021-03-30 10:30:00,2021-03-31 11:32:00,-1,1701.1200000000001,1684.74,0.26,433.00660000000283,651.8368497721971,TIME,lw,0.6642867769002769
2021-03-31 18:00:00,2021-04-01 16:50:00,1,1704.2,1723.97,0.25,432.88999999999953,645.8364730108901,NEWS,lw,0.6702780318086806
2021-04-01 01:10:00,2021-04-01 16:50:00,1,1707.76,1723.97,0.12,193.68000000000043,638.9399416554219,NEWS,tom,0.3031270818634334
2021-04-01 16:15:00,2021-04-01 16:50:00,1,1723.46,1723.97,0.25,10.999999999999773,666.4374392243978,NEWS,lw,0.01650567533060809
2021-04-05 01:05:00,2021-04-05 16:50:00,1,1728.8500000000001,1726.2,0.25,-68.00000000000227,663.2276221369409,NEWS,strong_close,-0.10252890219032806
2021-04-06 11:00:00,2021-04-06 16:50:00,1,1733.63,1738.36,0.26,121.15999999999457,663.4241036636744,NEWS,lw,0.18262827553431363
2021-04-07 01:05:00,2021-04-07 23:45:00,1,1743.4,1736.6,0.26,-178.62000000000472,650.1709534019831,TIME,strong_close,-0.27472774516515325
2021-04-08 10:15:00,2021-04-09 11:18:00,1,1744.32,1745.41,0.27,6.080400000003927,653.622705066198,TIME,lw,0.00930261441788212
2021-04-09 01:05:00,2021-04-09 15:20:00,1,1755.96,1744.2,0.18,-212.93999999999983,655.6767975614696,NEWS,friday,-0.32476366525694655
2021-04-09 23:05:00,2021-04-09 23:55:00,1,1742.86,1743.43,0.96,48.00000000001571,671.7579353676055,TIME,fri_close,0.07145431035920509
2021-04-12 17:45:00,2021-04-13 15:20:00,-1,1731.46,1733.77,0.27,-54.969299999998526,660.0334548785077,NEWS,lw,-0.08328259665279653
2021-04-13 10:15:00,2021-04-13 15:20:00,-1,1724.93,1733.77,0.28,-249.47999999999774,671.1277713644889,NEWS,lw,-0.3717324936394345
2021-04-14 01:05:00,2021-04-14 23:45:00,1,1745.83,1736.25,0.27,-260.5499999999981,649.668285073815,TIME,strong_close,-0.40105082237529033
2021-04-15 10:15:00,2021-04-15 15:20:00,1,1747.14,1750.44,0.28,90.43999999999875,659.3664967377476,NEWS,lw,0.13716195840622122
2021-04-16 01:05:00,2021-04-16 23:00:00,1,1764.13,1775.94,0.18,211.31999999999903,658.0242866197686,TIME,friday,0.3211431618816643
2021-04-16 23:05:00,2021-04-16 23:55:00,1,1775.75,1776.66,0.91,76.44000000000744,670.6626986971011,TIME,fri_close,0.11397681747994591
2021-04-15 20:00:00,2021-04-16 23:57:00,1,1767.6200000000001,1776.76,0.4,331.0079999999949,665.4813210988436,EOD,trendH4,0.49739637989152585
2021-04-16 14:00:00,2021-04-16 23:57:00,1,1778.38,1776.76,0.27,-45.63000000000319,658.6542866197688,EOD,lw,-0.069277617905104
2021-04-16 16:00:00,2021-04-16 23:57:00,1,1780.89,1776.76,0.4,-168.00000000000438,659.090749903602,EOD,trendH4,-0.2548966132881942
2021-04-19 12:00:00,2021-04-19 16:18:00,1,1787.16,1769.9836751129255,0.39,-672.6066705959072,670.656670595912,SL,trendH4,-1.0029075980087732
2021-04-19 11:00:00,2021-04-20 13:32:00,1,1787.17,1768.7,0.27,-522.0396000000007,658.1439804326425,TIME,lw,-0.7931996880938255
2021-04-20 19:30:00,2021-04-21 20:32:00,1,1780.24,1792.62,0.27,310.91039999999686,656.2815532588821,TIME,lw,0.47374545034233595
2021-04-21 01:05:00,2021-04-21 23:45:00,1,1778.53,1794.05,0.28,432.59999999999957,665.7148290641087,TIME,strong_close,0.6498277957968396
2021-04-21 10:15:00,2021-04-22 11:17:00,1,1788.14,1791.13,0.28,14.996800000000249,665.7148290641087,TIME,lw,0.022527363587624166
2021-04-22 01:05:00,2021-04-22 23:46:00,1,1794.1399999999999,1784.15,0.28,-281.6799999999939,661.1637698452436,TIME,strong_close,-0.426036653620518
2021-04-21 20:00:00,2021-04-23 17:17:00,1,1790.95,1773.1734777343718,0.37,-777.9517238282461,658.471323828244,SL,trendH4,-1.181451181966988
2021-04-23 01:05:00,2021-04-23 23:00:00,1,1784.4399999999998,1776.33,0.19,-155.4199999999981,666.0495324685272,TIME,friday,-0.23334600870295208
2021-04-23 23:05:00,2021-04-23 23:55:00,1,1776.49,1776.38,0.92,-16.559999999990797,659.807385158607,TIME,fri_close,-0.02509823377622553
2021-04-23 15:15:00,2021-04-23 23:57:00,1,1792.48,1776.49,0.28,-449.68000000000035,655.0177862848689,EOD,lw,-0.6865157090626443
2021-04-27 01:05:00,2021-04-27 23:45:00,1,1781.55,1776.39,0.28,-146.43999999999596,643.3728871537901,TIME,strong_close,-0.22761294876417654
2021-04-28 10:15:00,2021-04-28 20:50:00,-1,1767.01,1773.45,0.29,-188.79000000000158,643.4247409616804,NEWS,lw,-0.29341426895992656
2021-04-29 01:05:00,2021-04-29 15:20:00,1,1782.25,1778.01,0.29,-124.99000000000025,639.0186880358461,NEWS,strong_close,-0.19559678353724275
2021-04-30 01:05:00,2021-04-30 23:00:00,1,1772.83,1768.29,0.19,-87.5899999999993,651.6117584169485,TIME,friday,-0.13442053319110436
2021-04-30 23:05:00,2021-04-30 23:55:00,1,1768.1599999999999,1768.91,0.85,57.800000000019324,653.7959552505409,TIME,fri_close,0.08840678737125225
2021-05-03 01:10:00,2021-05-03 16:50:00,1,1766.79,1790.27,0.15,351.15000000000026,656.7637488285961,NEWS,tom,0.5346671472448219
2021-05-03 10:15:00,2021-05-03 16:50:00,1,1780.32,1790.27,0.3,296.40000000000134,657.8137488285962,NEWS,lw,0.450583467627146
2021-05-04 01:30:00,2021-05-05 01:12:00,1,1792.83,1777.79,0.29,-461.2391999999989,656.6275793056682,TIME,strong_close,-0.7024365325741008
2021-05-06 01:05:00,2021-05-06 23:45:00,1,1787.07,1815.32,0.29,817.2199999999999,657.5415352176425,TIME,strong_close,1.2428416400030224
2021-05-06 18:15:00,2021-05-06 23:45:00,1,1814.89,1815.32,0.29,10.439999999995253,657.5415352176425,TIME,tday,0.015877324002870286
2021-05-06 10:15:00,2021-05-07 11:17:00,1,1795.22,1820.17,0.29,698.4708000000012,657.5415352176425,TIME,lw,1.06224590020585
2021-05-06 20:00:00,2021-05-07 15:20:00,1,1815.97,1817.55,0.37,26.462399999997302,644.8190569055542,NEWS,trendH4,0.041038489350778
2021-05-07 01:05:00,2021-05-07 15:20:00,1,1814.82,1817.55,0.18,47.88000000000033,637.6307114812621,NEWS,friday,0.07509048597858727
2021-05-07 08:00:00,2021-05-07 15:20:00,1,1819.3799999999999,1817.55,0.4,-75.99999999999709,657.0409055831349,NEWS,trendH4,-0.11567011940077887
2021-05-07 23:05:00,2021-05-07 23:55:00,1,1831.9099999999999,1830.81,0.66,-77.219999999994,665.0726158055376,TIME,fri_close,-0.11610762218267692
2021-05-07 16:00:00,2021-05-07 23:57:00,1,1839.05,1831.28,0.37,-290.0799999999993,665.4287359921206,EOD,trendH4,-0.43592947570486973
2021-05-10 15:15:00,2021-05-10 23:45:00,1,1841.78,1835.84,0.27,-162.27000000000146,651.6270892326005,TIME,tday900,-0.24902279644497505
2021-05-10 16:30:00,2021-05-11 16:23:00,1,1844.71,1820.5956633617557,0.27,-674.436689232598,651.6270892326005,SL,lw,-1.0350040696234093
2021-05-12 01:05:00,2021-05-12 15:20:00,1,1837.1499999999999,1833.43,0.28,-106.1199999999944,659.3046988376162,NEWS,strong_close,-0.16095744530122222
2021-05-12 17:45:00,2021-05-13 15:20:00,-1,1824.14,1815.88,0.28,258.2243999999997,659.3046988376162,NEWS,lw,0.39166170126689664
2021-05-14 01:05:00,2021-05-14 15:20:00,1,1827.28,1837.03,0.18,174.24,640.9678026231858,NEWS,friday,0.27183892745769134
2021-05-14 11:30:00,2021-05-14 15:20:00,1,1834.67,1837.03,0.27,61.8299999999973,641.5978026231859,NEWS,lw,0.09636878391291875
2021-05-14 18:15:00,2021-05-14 23:46:00,1,1837.28,1843.71,0.27,171.72000000000173,641.5978026231859,TIME,tday,0.267644308159911
2021-05-14 23:05:00,2021-05-14 23:56:00,1,1842.72,1843.21,0.9500000000000001,39.90000000000087,658.4288033168275,TIME,fri_close,0.06059880703730621
2021-05-17 01:05:00,2021-05-17 23:46:00,1,1843.84,1866.4,0.27,607.2300000000047,646.7801024358151,TIME,strong_close,0.9388507743406728
2021-05-17 18:15:00,2021-05-17 23:46:00,1,1863.3600000000001,1866.4,0.27,80.18999999999902,646.7801024358151,TIME,tday,0.12398340594894364
2021-05-17 10:15:00,2021-05-18 11:19:00,1,1854.3300000000002,1869.27,0.27,380.0303999999953,646.7801024358151,TIME,lw,0.5875728065362193
2021-05-18 01:05:00,2021-05-18 23:46:00,1,1866.98,1869.73,0.27,72.36,651.0136665475432,TIME,strong_close,0.11114974034837038
2021-05-19 20:00:00,2021-05-19 22:00:00,1,1882.19,1862.4424107203722,0.33,-653.9804462277189,652.3304462277238,SL,trendH4,-1.0025293929013075
2021-05-19 18:15:00,2021-05-19 23:45:00,1,1883.45,1869.86,0.28,-382.48000000000405,650.6220492680044,TIME,tday,-0.5878681800444989
2021-05-20 18:15:00,2021-05-20 23:45:00,1,1879.31,1877.34,0.27,-55.08000000000074,655.7615798292593,TIME,tday,-0.08399394184444585
2021-05-21 01:05:00,2021-05-21 23:00:00,1,1878.1399999999999,1879.51,0.17,22.100000000002012,611.1082108820091,TIME,friday,0.036163807990904275
2021-05-21 23:05:00,2021-05-21 23:55:00,1,1880.1,1881.67,0.72,108.00000000001177,637.2314667716923,TIME,fri_close,0.16948315585725157
2021-05-17 08:00:00,2021-05-21 23:57:00,1,1852.93,1881.28,0.36,846.4031999999968,651.6830265717125,EOD,trendH4,1.298795834000223
2021-05-17 20:00:00,2021-05-21 23:57:00,1,1868.16,1881.28,0.34,281.56079999999633,646.7635926898703,EOD,trendH4,0.43533804806327064
2021-05-18 04:00:00,2021-05-21 23:57:00,1,1869.3300000000002,1881.28,0.32,252.99199999999416,574.4062046142194,EOD,trendH4,0.4404409248502246
2021-05-21 15:30:00,2021-05-21 23:57:00,1,1885.49,1881.28,0.01,-4.280000000000037,21.589999999999982,EOD,inside,-0.19823992589161835
2021-05-25 18:15:00,2021-05-25 23:45:00,1,1892.08,1899.72,0.29,219.53000000000287,661.8958586500058,TIME,tday,0.3316684900367157
2021-05-25 10:15:00,2021-05-26 11:17:00,1,1885.74,1908.86,0.29,645.4007999999967,661.8958586500058,TIME,lw,0.9750790725845419
2021-05-26 01:05:00,2021-05-26 23:45:00,1,1899.06,1896.18,0.29,-85.54999999999656,671.809725889291,TIME,strong_close,-0.12734260416779755
2021-05-25 20:00:00,2021-05-27 15:20:00,1,1895.48,1890.66,0.35000000000000003,-282.42199999999775,666.8865594266355,NEWS,trendH4,-0.42349331532909257
2021-05-26 08:00:00,2021-05-27 15:20:00,1,1906.67,1890.66,0.37,-683.1827999999997,669.7708630748922,NEWS,trendH4,-1.0200246646495397
2021-05-26 15:30:00,2021-05-27 15:20:00,1,1910.44,1890.66,0.29,-644.7975999999991,671.809725889291,NEWS,lw,-0.9597919993588433
2021-05-28 01:05:00,2021-05-28 23:00:00,1,1897.7699999999998,1903.86,0.19,114.38000000000278,641.9575210671659,TIME,friday,0.1781737829161372
2021-05-28 23:05:00,2021-05-28 23:55:00,1,1904.04,1903.15,0.84,-80.6399999999893,665.0450215643264,TIME,fri_close,-0.12125494874062359
2021-05-31 01:05:00,2021-06-01 04:45:00,1,1903.99,1912.34,0.29,217.07079999999735,656.2411289281239,TIME,strong_close,0.33077902379351243
2021-06-01 01:15:00,2021-06-01 09:10:00,1,1907.4699999999998,1913.65,0.55,336.050000000016,658.1719475129605,TIME,drift,0.5105808615360329
2021-06-01 01:10:00,2021-06-01 16:50:00,1,1907.7199999999998,1903.93,0.15,-57.899999999996034,647.9079809900696,NEWS,tom,-0.08936454203190847
2021-06-01 04:45:00,2021-06-01 16:50:00,1,1912.55,1903.93,0.64,-556.159999999993,667.5199999999936,NEWS,nr7,-0.8331735378715219
2021-06-01 10:15:00,2021-06-01 16:50:00,1,1913.07,1903.93,0.31,-285.50999999999607,670.5899136897386,NEWS,lw,-0.42575946069492
2021-06-03 01:15:00,2021-06-03 09:12:00,1,1908.75,1898.33,0.47000000000000003,-493.0300000000035,655.8769761846414,TIME,drift,-0.7517110950715954
2021-06-03 01:05:00,2021-06-03 15:05:00,1,1908.6,1891.41,0.31,-535.0599999999946,660.9036500692135,NEWS,strong_close,-0.8095885080131727
2021-06-04 01:05:00,2021-06-04 15:20:00,1,1871.54,1874.17,0.19,48.640000000002075,653.9049708540175,NEWS,friday,0.07438389700031936
2021-06-04 18:15:00,2021-06-04 23:45:00,1,1894.3400000000001,1891.61,0.28,-78.40000000000687,643.0862871548243,TIME,tday,-0.12191210039148591
2021-06-04 23:05:00,2021-06-04 23:55:00,1,1892.18,1891.47,1.06,-82.68000000000386,661.5918968315303,TIME,fri_close,-0.1249713008819661
2021-06-04 16:45:00,2021-06-04 23:57:00,1,1888.99,1891.44,0.28,66.6400000000013,643.0862871548243,EOD,lw,0.10362528533275595
2021-06-07 01:05:00,2021-06-07 23:45:00,1,1890.3500000000001,1899.69,0.27,250.28999999999783,654.7032826309783,TIME,strong_close,0.38229531856658355
2021-06-08 01:05:00,2021-06-08 16:50:00,1,1899.35,1892.53,0.27,-186.02999999999827,643.9066195859082,NEWS,strong_close,-0.28890835152406547
2021-06-10 10:15:00,2021-06-10 15:20:00,-1,1883.06,1875.8200000000002,0.29,207.92999999999367,659.1712533239865,NEWS,lw,0.31544154717225636
2021-06-11 01:05:00,2021-06-11 23:00:00,1,1898.31,1876.52,0.19,-415.3399999999993,661.9611437353125,TIME,friday,-0.6274386403653844
2021-06-11 23:05:00,2021-06-11 23:55:00,1,1876.96,1876.13,0.81,-72.89999999999411,654.1338201168353,TIME,fri_close,-0.11144508624699055
2021-06-14 10:15:00,2021-06-15 11:17:00,-1,1859.5900000000001,1863.75,0.27,-104.91929999999607,638.1267204288088,TIME,lw,-0.16441765662076074
2021-06-15 20:00:00,2021-06-16 20:50:00,-1,1852.26,1859.42,0.27,-185.9193000000022,656.4012403981799,NEWS,lw,-0.28324032399332705
2021-06-17 15:30:00,2021-06-18 16:32:00,-1,1777.75,1776.67,0.24,32.498399999998256,634.105168377743,TIME,lw,0.0512508044732394
2021-06-18 23:05:00,2021-06-18 23:55:00,1,1764.3700000000001,1764.5,0.46,2.759999999994561,655.0572435000463,TIME,fri_close,0.00421337223178781
2021-06-21 11:15:00,2021-06-22 12:17:00,1,1784.46,1779.44,0.22,-129.4655999999996,643.2998928631907,TIME,lw,-0.20125232638198617
2021-06-22 01:05:00,2021-06-22 20:50:00,1,1784.31,1779.01,0.22,-118.139999999999,632.5656148015341,NEWS,strong_close,-0.1867632340987506
2021-06-23 16:45:00,2021-06-24 15:20:00,1,1789.79,1786.53,0.23,-131.4311999999998,643.2751260573335,NEWS,lw,-0.20431568807198935
2021-06-24 15:00:00,2021-06-24 15:20:00,1,1787.7,1786.53,0.23,-28.520000000001676,633.0261884818099,NEWS,lw,-0.045053428308236894
2021-06-25 01:05:00,2021-06-25 23:00:00,1,1776.6399999999999,1779.37,0.16,42.560000000000294,639.052704367468,TIME,friday,0.06659857584379683
2021-06-25 23:05:00,2021-06-25 23:55:00,1,1779.59,1781.07,1.04,146.6400000000019,652.0078495947924,TIME,fri_close,0.22490526776807243
2021-06-25 10:30:00,2021-06-25 23:57:00,1,1783.49,1781.2,0.24,-56.63999999999912,639.6127043674679,EOD,lw,-0.08855358815302473
2021-06-28 15:00:00,2021-06-29 16:02:00,-1,1774.53,1754.48,0.25,508.1024999999989,648.6908598792473,TIME,lw,0.7832737154560514
2021-06-29 11:15:00,2021-06-30 12:17:00,-1,1769.73,1758.97,0.26,286.88659999999976,654.7714589691018,TIME,lw,0.4381476866014982
2021-07-01 01:07:00,2021-07-01 16:50:00,1,1770.2,1779.8,0.13,123.88999999999882,326.2876953208627,NEWS,season,0.37969559311198864
2021-07-01 01:10:00,2021-07-01 16:50:00,1,1769.78,1779.8,0.13,129.34999999999977,651.6653906417255,NEWS,tom,0.19849143725834933
2021-07-01 16:15:00,2021-07-01 16:50:00,1,1779.3300000000002,1779.8,0.26,10.399999999994797,652.5753906417254,NEWS,lw,0.015936855954325386
2021-07-02 01:05:00,2021-07-02 15:20:00,1,1776.6299999999999,1784.75,0.18,144.90000000000214,661.7912695473779,NEWS,friday,0.21895121115620686
2021-07-02 01:07:00,2021-07-02 15:20:00,1,1776.6399999999999,1784.75,0.13,104.52000000000167,318.9435742265153,NEWS,season,0.32770686869449533
2021-07-02 13:45:00,2021-07-02 15:20:00,1,1787.04,1784.75,0.27,-63.71999999999902,662.421269547378,NEWS,lw,-0.09619256344763491
2021-07-02 23:05:00,2021-07-02 23:55:00,1,1787.94,1787.46,0.67,-36.85000000000122,657.1517715520364,TIME,fri_close,-0.056075326271996906
2021-07-05 01:07:00,2021-07-06 04:47:00,1,1787.6499999999999,1794.66,0.13,79.88760000000283,315.6526046389072,TIME,season,0.25308709266438895
2021-07-06 01:07:00,2021-07-06 16:50:00,1,1792.38,1809.5,0.14,238.69999999999854,325.67260463890705,NEWS,season,0.7329446708133762
2021-07-06 10:15:00,2021-07-06 16:50:00,1,1805.3400000000001,1809.5,0.28,114.51999999999595,651.3452092778141,NEWS,lw,0.17582074508074022
2021-07-07 01:07:00,2021-07-07 16:50:00,1,1796.7299999999998,1806.15,0.14,130.9000000000042,327.40027573612804,NEWS,season,0.3998164012100727
2021-07-07 11:15:00,2021-07-07 16:50:00,1,1807.5,1806.15,0.28,-39.75999999999746,654.8005514722561,NEWS,lw,-0.06072077964901056
2021-07-08 01:07:00,2021-07-08 23:47:00,1,1803.77,1802.42,0.14,-19.87999999999873,320.27454175497604,TIME,season,-0.06207174598100837
2021-07-08 11:30:00,2021-07-09 12:32:00,1,1811.1000000000001,1803.25,0.29,-252.72920000000397,663.4258364924503,TIME,lw,-0.3809456703347428
2021-07-09 01:05:00,2021-07-09 23:00:00,1,1803.19,1808.07,0.19,91.38999999999776,655.909427143973,TIME,friday,0.13933326190772607
2021-07-09 01:07:00,2021-07-09 23:47:00,1,1803.2,1808.13,0.14,68.0400000000009,322.52778877247795,TIME,season,0.21095856657485915
2021-07-09 23:05:00,2021-07-09 23:55:00,1,1808.69,1807.88,0.91,-80.07999999999504,659.9388001278431,TIME,fri_close,-0.12134458526227275
2021-07-12 01:07:00,2021-07-12 23:47:00,1,1808.33,1806.14,0.14,-31.639999999997585,315.2700895744439,TIME,season,-0.10035839442525522
2021-07-13 01:07:00,2021-07-13 15:20:00,1,1806.52,1813.15,0.14,91.84000000000152,312.51079746198366,NEWS,season,0.29387784596842187
2021-07-13 17:30:00,2021-07-14 15:20:00,1,1814.22,1825.04,0.29,288.7007999999982,647.3437947426803,NEWS,lw,0.4459775506379219
2021-07-14 01:07:00,2021-07-14 15:20:00,1,1808.37,1825.04,0.15,249.00000000000108,330.7056403320756,NEWS,season,0.7529354496342113
2021-07-14 13:45:00,2021-07-14 15:20:00,1,1816.16,1825.04,0.3,264.29999999999643,661.4112806641511,NEWS,lw,0.3996000789926074
2021-07-15 01:05:00,2021-07-15 16:20:00,1,1827.75,1824.48,0.3,-100.19999999999945,668.2961891881406,NEWS,strong_close,-0.14993351992882734
2021-07-15 01:07:00,2021-07-15 16:20:00,1,1827.4599999999998,1824.48,0.15,-45.74999999999686,334.1480945940703,NEWS,season,-0.13691534005475883
2021-07-16 01:05:00,2021-07-16 15:20:00,1,1829.92,1818.47,0.2,-230.40000000000094,649.625032817559,NEWS,friday,-0.3546661356332101
2021-07-16 01:07:00,2021-07-16 15:20:00,1,1829.6000000000001,1818.47,0.15,-168.00000000000165,325.16251640877954,NEWS,season,-0.5166647184781892
2021-07-16 23:05:00,2021-07-16 23:55:00,1,1811.57,1811.46,0.71,-12.779999999992896,658.0900897016585,TIME,fri_close,-0.01941983354556614
2021-07-19 01:07:00,2021-07-19 23:47:00,1,1811.62,1811.99,0.15,4.500000000001774,327.3723366652954,TIME,season,0.013745816295414605
2021-07-20 01:05:00,2021-07-20 23:45:00,1,1812.87,1810.07,0.3,-86.09999999999863,655.9771966641198,TIME,strong_close,-0.1312545625638332
2021-07-20 01:07:00,2021-07-20 23:47:00,1,1812.25,1809.96,0.15,-35.39999999999945,327.9885983320599,TIME,season,-0.10793058106294302
2021-07-20 15:45:00,2021-07-21 14:56:00,1,1822.52,1800.6740934445293,0.3,-681.3211966641217,655.9771966641198,SL,lw,-1.0386354893567722
2021-07-21 01:07:00,2021-07-21 23:47:00,1,1810.73,1803.39,0.15,-111.14999999999877,325.9465555940555,TIME,season,-0.34100682486864076
2021-07-22 01:07:00,2021-07-22 23:47:00,1,1804.08,1806.64,0.15,37.350000000002595,323.16108733733716,TIME,season,0.11557703406602964
2021-07-23 01:15:00,2021-07-23 09:10:00,1,1807.33,1803.47,0.44,-172.9199999999956,650.0883126137414,TIME,drift,-0.2659946297215442
2021-07-23 01:05:00,2021-07-23 23:00:00,1,1807.32,1801.29,0.2,-121.99999999999947,632.4563050550547,TIME,friday,-0.19289870149903793
2021-07-23 01:07:00,2021-07-23 23:47:00,1,1807.29,1801.96,0.15,-80.9999999999989,316.5781525275273,TIME,season,-0.2558609915223248
2021-07-23 23:05:00,2021-07-23 23:55:00,1,1802.02,1801.89,0.9500000000000001,-18.999999999988766,660.8374081349627,TIME,fri_close,-0.02875139900692244
2021-07-26 01:07:00,2021-07-26 23:47:00,1,1802.46,1797.73,0.15,-72.00000000000027,315.8761416327041,TIME,season,-0.22793744290988827
2021-07-27 01:15:00,2021-07-27 09:10:00,1,1798.14,1797.01,0.48,-57.60000000000524,648.5712590402188,TIME,drift,-0.08881059590158832
2021-07-26 10:45:00,2021-07-27 11:47:00,1,1811.21,1795.7,0.31,-507.61879999999974,652.8106927075885,TIME,lw,-0.7775895917001713
2021-07-27 01:07:00,2021-07-27 23:47:00,1,1798.1100000000001,1799.37,0.15,17.849999999996452,309.54570294465395,TIME,season,0.057665151963643926
2021-07-28 01:15:00,2021-07-28 09:10:00,1,1800.33,1806.11,0.43,245.52999999999884,645.0674779602363,TIME,drift,0.3806268466306621
2021-07-27 15:30:00,2021-07-28 16:32:00,1,1803.8400000000001,1798.78,0.31,-183.66880000000535,639.7277860856182,TIME,lw,-0.28710461542376087
2021-07-28 01:07:00,2021-07-28 20:50:00,1,1800.52,1799.28,0.16,-20.960000000000147,319.9690772023241,NEWS,season,-0.06550633012185311
2021-07-28 10:15:00,2021-07-28 20:50:00,1,1804.89,1799.28,0.32,-181.76000000000408,639.9381544046482,NEWS,lw,-0.28402744663521484
2021-07-29 01:15:00,2021-07-29 09:10:00,1,1807.8,1816.95,0.36,326.8800000000033,643.0315776724165,TIME,drift,0.5083420649157105
2021-07-29 01:05:00,2021-07-29 15:20:00,1,1807.6299999999999,1826.62,0.33,624.3600000000005,653.4822058919513,NEWS,strong_close,0.9554353498390958
2021-07-29 01:07:00,2021-07-29 15:20:00,1,1807.6299999999999,1826.62,0.16,302.72000000000014,316.8398574021582,NEWS,season,0.9554353498390955
2021-07-29 10:15:00,2021-07-29 15:20:00,1,1819.19,1826.62,0.33,242.8799999999946,653.4822058919513,NEWS,lw,0.3716704109310562
2021-07-30 01:15:00,2021-07-30 09:10:00,1,1829.43,1827.64,0.49,-91.13999999999822,663.7595265968256,TIME,drift,-0.13730876371339465
2021-07-30 01:05:00,2021-07-30 23:00:00,1,1829.1399999999999,1814.45,0.21,-309.9599999999964,637.3028643133202,TIME,friday,-0.4863621636691865
2021-07-30 01:07:00,2021-07-30 23:47:00,1,1829.1299999999999,1814.27,0.16,-238.87999999999843,324.0827247305754,TIME,season,-0.7370957529395933
2021-07-30 23:05:00,2021-07-30 23:55:00,1,1813.96,1814.38,0.8300000000000001,29.050000000006037,661.6633142623803,TIME,fri_close,0.04390450456270326
2021-08-02 01:07:00,2021-08-02 16:50:00,1,1814.68,1808.83,0.16,-94.72000000000219,325.10538724981996,NEWS,season,-0.2913516776860321
2021-08-02 01:10:00,2021-08-02 16:50:00,1,1814.76,1808.83,0.16,-96.00000000000102,649.0907744996399,NEWS,tom,-0.1478991903312813
2021-08-03 01:15:00,2021-08-03 09:10:00,1,1813.5,1810.73,0.43,-122.11999999999921,658.4234144014216,TIME,drift,-0.18547335548663552
2021-08-03 01:07:00,2021-08-03 23:47:00,1,1813.71,1810.16,0.16,-57.91999999999927,317.6892881605471,TIME,season,-0.18231650281746006
2021-08-04 01:15:00,2021-08-04 09:10:00,1,1810.58,1812.72,0.58,120.0600000000058,657.5582953256325,TIME,drift,0.1825845721261114
2021-08-04 01:07:00,2021-08-04 15:05:00,1,1810.6799999999998,1819.59,0.17,150.2800000000014,323.10023519411135,NEWS,season,0.465118819581535
2021-08-04 10:45:00,2021-08-04 15:05:00,1,1814.44,1819.59,0.34,172.71999999999537,646.2004703882227,NEWS,lw,0.2672854755061213
2021-08-05 01:15:00,2021-08-05 09:10:00,1,1812.07,1809.68,0.42,-103.31999999999465,653.9349775062246,TIME,drift,-0.1579973599118441
2021-08-05 01:07:00,2021-08-05 23:47:00,1,1812.17,1804.29,0.17,-135.15000000000185,330.7430755373891,TIME,season,-0.4086253348778688
2021-08-06 01:15:00,2021-08-06 09:10:00,1,1804.72,1801.59,0.45,-144.00000000000492,652.321235373695,TIME,drift,-0.22075013381637298
2021-08-06 01:05:00,2021-08-06 15:20:00,1,1804.82,1800.44,0.22,-97.8999999999974,635.7556277543692,NEWS,friday,-0.15398998565817193
2021-08-06 01:07:00,2021-08-06 15:20:00,1,1804.8999999999999,1800.44,0.17,-77.00999999999675,327.90714157043266,NEWS,season,-0.2348530734377294
2021-08-06 18:15:00,2021-08-06 23:45:00,-1,1764.16,1762.1000000000001,0.34,67.65999999999815,655.8142831408653,TIME,tday,0.1031694516867745
2021-08-09 01:07:00,2021-08-09 01:48:00,1,1762.31,1741.1169628553964,0.15,-318.94555716905285,318.19555716905205,SL,season,-1.0023570410808795
2021-08-09 12:30:00,2021-08-09 16:50:00,-1,1740.98,1740.3400000000001,0.3,17.09999999999618,636.3911143381041,NEWS,lw,0.026870268321991735
2021-08-10 01:07:00,2021-08-10 23:47:00,1,1729.1,1728.55,0.12,-7.439999999999453,311.4338424684387,TIME,season,-0.02388950391848772
2021-08-11 01:07:00,2021-08-11 15:20:00,1,1729.78,1738.37,0.12,102.23999999999901,306.87999657783587,NEWS,season,0.33315954490395483
2021-08-11 14:00:00,2021-08-11 15:20:00,1,1737.53,1738.37,0.25,19.249999999997954,639.3333262038248,NEWS,lw,0.030109489386856855
2021-08-12 01:05:00,2021-08-12 15:20:00,1,1751.62,1750.79,0.25,-22.49999999999818,648.0773743321228,NEWS,strong_close,-0.0347180767160489
2021-08-12 01:07:00,2021-08-12 15:20:00,1,1752.04,1750.79,0.12,-15.84,311.0771396794189,NEWS,season,-0.05091984585020918
2021-08-13 01:05:00,2021-08-13 23:00:00,1,1753.3600000000001,1778.72,0.17,429.92999999999836,643.5718559745676,TIME,friday,0.6680372921978555
2021-08-13 01:07:00,2021-08-13 23:47:00,1,1753.48,1778.92,0.13,329.8100000000007,328.3987893203678,TIME,season,1.0042972469007982
2021-08-13 23:05:00,2021-08-13 23:55:00,1,1778.71,1779.73,0.99,94.04999999999819,654.2226647341345,TIME,fri_close,0.14375839461052392
2021-08-13 10:15:00,2021-08-13 23:57:00,1,1759.5,1779.32,0.26,513.4999999999983,656.7975786407357,EOD,lw,0.7818238323330965
2021-08-16 01:05:00,2021-08-16 23:45:00,1,1779.34,1787.36,0.26,206.69999999999956,662.440608737826,TIME,strong_close,0.31202797243036345
2021-08-16 01:07:00,2021-08-16 23:47:00,1,1778.97,1787.21,0.13,106.21000000000014,331.220304368913,TIME,season,0.32066270877434944
2021-08-17 01:05:00,2021-08-17 15:20:00,1,1787.49,1792.42,0.26,126.36000000000169,649.5548509708384,NEWS,strong_close,0.19453322504041246
2021-08-17 01:07:00,2021-08-17 15:20:00,1,1787.33,1792.42,0.13,65.2600000000019,324.7774254854192,NEWS,season,0.2009376110499765
2021-08-17 10:30:00,2021-08-17 15:20:00,1,1794.98,1792.42,0.26,-68.37999999999857,649.5548509708384,NEWS,lw,-0.10527209503215376
2021-08-18 01:07:00,2021-08-18 23:47:00,1,1786.23,1787.93,0.13,21.19000000000059,315.5726093793179,TIME,season,0.06714777952902191
2021-08-18 10:15:00,2021-08-19 11:17:00,1,1792.82,1780.06,0.27,-410.78879999999975,655.4200348647372,TIME,lw,-0.6267565502247373
2021-08-19 01:07:00,2021-08-19 23:47:00,1,1787.74,1780.16,0.14,-107.099999999999,332.07260937931795,TIME,season,-0.32251982540860946
2021-08-20 01:05:00,2021-08-20 23:00:00,1,1780.26,1782.4,0.19,39.3300000000019,663.6560294644758,TIME,friday,0.059262627406155684
2021-08-20 01:07:00,2021-08-20 23:47:00,1,1780.2,1781.19,0.14,12.880000000000127,326.3331372807951,TIME,season,0.03946886947284628
2021-08-20 23:05:00,2021-08-20 23:55:00,1,1782.1200000000001,1780.96,1.1,-135.30000000000902,664.1547215162833,TIME,fri_close,-0.2037175911226159
2021-08-20 10:30:00,2021-08-20 23:57:00,1,1787.66,1780.89,0.28,-191.51999999999953,652.6662745615902,EOD,lw,-0.2934424643415926
2021-08-23 01:07:00,2021-08-23 23:47:00,1,1781.81,1804.87,0.14,321.8599999999992,313.15362747502405,TIME,season,1.027802240693091
2021-08-23 10:15:00,2021-08-24 11:17:00,1,1786.28,1801.0,0.29,401.80080000000083,648.675371198264,TIME,lw,0.6194173816986073
2021-08-24 01:05:00,2021-08-24 23:45:00,1,1805.78,1803.49,0.28,-66.07999999999899,641.7510224536161,TIME,strong_close,-0.10296828160452999
2021-08-24 01:07:00,2021-08-24 23:47:00,1,1805.7,1803.47,0.14,-32.20000000000026,320.87551122680804,TIME,season,-0.10035044393662056
2021-08-25 01:07:00,2021-08-25 23:47:00,1,1802.8899999999999,1790.01,0.15,-194.24999999999824,328.8062484144264,TIME,season,-0.5907734446553646
2021-08-26 01:07:00,2021-08-26 15:20:00,1,1791.04,1789.17,0.15,-29.09999999999836,328.762944956253,NEWS,season,-0.0885136249277441
2021-08-27 01:05:00,2021-08-27 23:00:00,1,1792.53,1818.97,0.2,527.4000000000011,648.9454692044701,TIME,friday,0.8127031083929606
2021-08-27 01:07:00,2021-08-27 23:47:00,1,1793.1200000000001,1818.02,0.15,372.44999999999794,324.822734602235,TIME,season,1.1466254061806522
2021-08-27 23:05:00,2021-08-27 23:55:00,1,1818.66,1817.81,0.72,-66.24000000000983,658.8379353221349,TIME,fri_close,-0.10054065870937165
2021-08-27 10:15:00,2021-08-27 23:57:00,1,1803.91,1818.07,0.3,422.69999999999555,649.64546920447,EOD,lw,0.6506625844979987
2021-08-30 01:05:00,2021-08-30 23:45:00,1,1818.09,1810.01,0.29,-236.34999999999786,655.3234330716314,TIME,strong_close,-0.3606616032211428
2021-08-30 01:07:00,2021-08-30 23:47:00,1,1818.32,1810.01,0.14,-117.31999999999925,316.3630366552704,TIME,season,-0.37083978343474655
2021-08-31 01:07:00,2021-08-31 23:47:00,1,1809.92,1815.05,0.15,75.89999999999823,331.31322524376367,TIME,season,0.22908834968527084
2021-08-31 10:15:00,2021-09-01 11:17:00,1,1816.31,1809.99,0.3,-215.54399999999808,662.6264504875273,TIME,lw,-0.325287346802126
2021-09-01 01:10:00,2021-09-01 15:05:00,1,1814.74,1812.86,0.15,-29.250000000001634,652.0674183098473,NEWS,tom,-0.04485732483892135
2021-09-02 01:15:00,2021-09-02 09:10:00,1,1814.09,1814.56,0.47000000000000003,18.800000000001283,667.3221754729894,TIME,drift,0.02817229921465757
2021-09-02 17:15:00,2021-09-03 15:20:00,-1,1805.8500000000001,1814.8300000000002,0.31,-269.8829000000006,651.9688561401628,NEWS,lw,-0.4139506012569105
2021-09-03 23:05:00,2021-09-03 23:55:00,1,1828.82,1827.6,0.9400000000000001,-121.26000000000258,666.4570786306266,TIME,fri_close,-0.1819472009347642
2021-09-07 01:15:00,2021-09-07 09:10:00,1,1822.92,1816.87,0.68,-416.1600000000124,666.9554103675672,TIME,drift,-0.623969748998155
2021-09-07 10:15:00,2021-09-08 11:17:00,-1,1819.07,1799.51,0.33,654.5252999999982,656.7563281648873,TIME,lw,0.996602959013546
2021-09-09 01:15:00,2021-09-09 09:10:00,1,1790.08,1788.09,0.41000000000000003,-84.46000000000039,655.0532439058604,TIME,drift,-0.12893608387677624
2021-09-10 01:15:00,2021-09-10 09:10:00,1,1794.3999999999999,1802.49,0.38,304.7600000000055,658.3344966992425,TIME,drift,0.4629257642247386
2021-09-09 14:30:00,2021-09-10 15:20:00,1,1799.8700000000001,1799.1,0.31,-50.67880000000649,647.9076659331857,NEWS,lw,-0.07821917020693601
2021-09-10 01:05:00,2021-09-10 15:20:00,1,1794.24,1799.1,0.21,100.58999999999789,649.3647331788927,NEWS,friday,0.1549052402454484
2021-09-10 10:15:00,2021-09-10 15:20:00,1,1802.46,1799.1,0.32,-109.76000000000407,660.4187765626847,NEWS,lw,-0.1661975762883023
2021-09-10 23:05:00,2021-09-10 23:55:00,1,1788.6,1787.78,0.8200000000000001,-72.97999999999477,665.0755863600327,TIME,fri_close,-0.10973188836988478
2021-09-14 01:15:00,2021-09-14 09:10:00,1,1793.5,1792.32,0.5,-62.50000000000318,658.3239110453962,TIME,drift,-0.09493806764629784
2021-09-13 17:15:00,2021-09-14 15:20:00,1,1796.55,1785.71,0.32,-374.5535999999974,652.5602925224928,NEWS,lw,-0.5739754690745102
2021-09-15 01:15:00,2021-09-15 09:10:00,1,1804.22,1802.46,0.37,-67.70999999999967,649.7032873659542,TIME,drift,-0.10421680375746827
2021-09-15 01:05:00,2021-09-15 23:45:00,1,1804.14,1793.33,0.32,-348.16000000000554,657.7818848790882,TIME,strong_close,-0.529293992436419
2021-09-16 01:15:00,2021-09-16 09:10:00,1,1794.78,1785.97,0.48,-426.2399999999974,660.2751713212751,TIME,drift,-0.645549035483266
2021-09-16 10:15:00,2021-09-16 15:20:00,-1,1783.63,1769.02,0.32,465.2800000000041,647.9631788162962,NEWS,lw,0.7180654938602853
2021-09-16 18:15:00,2021-09-16 23:45:00,-1,1756.92,1752.05,0.32,153.60000000000377,647.9631788162962,TIME,tday,0.23705050691399063
2021-09-17 01:05:00,2021-09-17 23:00:00,1,1753.86,1751.49,0.19,-46.359999999997925,638.9870485523165,TIME,friday,-0.07255233123273896
2021-09-17 23:05:00,2021-09-17 23:55:00,1,1752.28,1753.93,0.75,118.50000000000682,660.4670307907896,TIME,fri_close,0.17941849399829168
2021-09-20 05:30:00,2021-09-21 06:37:00,-1,1744.57,1763.26,0.29,-534.0611000000016,663.2300000000052,TIME,inside,-0.805242675994749
2021-09-21 17:45:00,2021-09-22 18:48:00,1,1777.6000000000001,1777.53,0.29,-27.109200000004748,653.4017266299506,TIME,lw,-0.04148933021622982
2021-09-23 18:15:00,2021-09-23 23:45:00,-1,1748.22,1739.01,0.29,265.0600000000011,657.7177642880703,TIME,tday,0.4029996062017703
2021-09-23 16:15:00,2021-09-24 17:17:00,-1,1758.56,1745.5800000000002,0.29,384.3688999999939,657.7177642880703,TIME,lw,0.5843979300392536
2021-09-24 23:05:00,2021-09-24 23:56:00,1,1746.71,1749.91,0.97,303.6100000000044,661.7027420114147,TIME,fri_close,0.45883140679922857
2021-09-27 10:15:00,2021-09-28 11:18:00,1,1758.65,1740.75,0.28,-525.4144000000026,654.3581387422846,TIME,lw,-0.802946229124437
2021-09-28 15:15:00,2021-09-28 16:50:00,-1,1735.26,1731.15,0.29,117.15999999999708,662.6067813924521,NEWS,tday900,0.17681678378508014
2021-09-29 13:45:00,2021-09-29 20:35:00,1,1745.48,1722.2663838470398,0.28,-651.9412522828853,650.5412522828884,SL,lw,-1.0021520541473488
2021-09-30 16:00:00,2021-09-30 16:50:00,1,1737.3,1739.02,0.28,46.20000000000077,652.054019976968,NEWS,lw,0.07085302533926968
2021-10-01 01:05:00,2021-10-01 16:50:00,1,1755.99,1758.46,0.17,40.800000000000466,627.4506316897064,NEWS,friday,0.06502503613730892
2021-10-01 01:10:00,2021-10-01 16:50:00,1,1756.24,1758.46,0.13,27.950000000000358,639.4502519189163,NEWS,tom,0.043709420578263346
2021-10-01 23:05:00,2021-10-01 23:55:00,1,1760.17,1760.13,0.84,-9.239999999996943,657.2724806565541,TIME,fri_close,-0.01405809656105949
2021-10-04 10:45:00,2021-10-05 11:48:00,-1,1754.1100000000001,1755.92,0.27,-41.46929999999853,645.6473857789549,TIME,lw,-0.06422902177473702
2021-10-05 10:15:00,2021-10-05 16:50:00,-1,1756.31,1754.26,0.27,53.45999999999878,643.8482867947434,NEWS,lw,0.08303198299421993
2021-10-06 10:15:00,2021-10-06 15:05:00,-1,1748.31,1755.8400000000001,0.27,-205.20000000000542,639.4198377379761,NEWS,lw,-0.32091591140794895
2021-10-07 01:05:00,2021-10-07 23:45:00,1,1763.18,1754.87,0.28,-234.64000000000485,654.3776215254586,TIME,strong_close,-0.3585697191982537
2021-10-08 01:05:00,2021-10-08 15:20:00,1,1756.17,1763.8,0.19,143.63999999999774,648.6020121815881,NEWS,friday,0.22146092257232017
2021-10-08 14:30:00,2021-10-08 15:20:00,1,1762.57,1763.8,0.29,33.64000000000052,660.6576615181071,NEWS,lw,0.05091895842500348
2021-10-08 23:05:00,2021-10-08 23:55:00,1,1756.3,1757.06,0.8,55.19999999999928,653.8969521251731,TIME,fri_close,0.08441697093188552
2021-10-12 10:15:00,2021-10-12 16:50:00,1,1758.75,1766.29,0.29,216.62999999999892,646.3211469212252,NEWS,lw,0.33517393177048893
2021-10-13 11:15:00,2021-10-13 15:20:00,1,1767.94,1775.91,0.3,237.0000000000008,660.9860770918169,NEWS,lw,0.3585552074602615
2021-10-14 01:05:00,2021-10-14 15:20:00,1,1793.31,1793.94,0.28,15.680000000003059,649.6146001462414,NEWS,strong_close,0.02413738853232851
2021-10-15 01:05:00,2021-10-15 15:20:00,1,1796.3999999999999,1773.2,0.19,-442.1299999999965,641.7591565157712,NEWS,friday,-0.6889344632033017
2021-10-15 23:05:00,2021-10-15 23:55:00,1,1768.24,1767.38,0.9500000000000001,-88.3499999999905,658.2158109058336,TIME,fri_close,-0.1342264930986748
2021-10-19 10:15:00,2021-10-20 11:17:00,1,1778.8600000000001,1776.45,0.29,-94.96920000000237,649.2023659297879,TIME,lw,-0.14628597334821392
2021-10-20 11:45:00,2021-10-21 12:49:00,1,1779.0800000000002,1787.08,0.29,160.82239999999342,649.1686255062316,TIME,lw,0.24773594052636425
2021-10-22 01:05:00,2021-10-22 23:00:00,1,1783.54,1794.23,0.2,212.40000000000109,652.1269583597108,TIME,friday,0.3257034497304772
2021-10-22 23:05:00,2021-10-22 23:55:00,1,1794.22,1792.63,0.56,-92.95999999999542,657.7547329969135,TIME,fri_close,-0.14132927569588713
2021-10-22 10:15:00,2021-10-22 23:57:00,1,1791.96,1792.49,0.3,13.799999999999182,652.8269583597108,EOD,lw,0.02113883292239184
2021-10-26 01:05:00,2021-10-26 17:08:00,1,1807.62,1785.5349904825184,0.29,-642.4952760069624,641.0452760069629,SL,strong_close,-1.00226193071577
2021-10-25 16:45:00,2021-10-26 17:15:00,1,1805.8700000000001,1783.4584512888662,0.29,-675.0141126228845,650.5149126228831,SL,lw,-1.037661242693454
2021-10-28 01:05:00,2021-10-28 15:20:00,1,1796.98,1805.02,0.29,231.12999999999892,637.2404675774322,NEWS,strong_close,0.36270452326839064
2021-10-29 01:05:00,2021-10-29 23:00:00,1,1799.67,1782.67,0.2,-341.40000000000003,650.3846856039372,TIME,friday,-0.5249201089090547
2021-10-29 23:05:00,2021-10-29 23:55:00,1,1783.44,1782.94,0.6900000000000001,-39.33,652.2727902397029,TIME,fri_close,-0.06029685829075695
2021-11-01 01:10:00,2021-11-01 16:50:00,1,1782.39,1789.42,0.14,97.43999999999963,622.6533941900786,NEWS,tom,0.1564915584002324
2021-11-01 18:15:00,2021-11-01 23:45:00,1,1792.3,1793.24,0.29,25.23000000000158,645.9060154111528,TIME,tday,0.03906141048081333
2021-11-02 01:05:00,2021-11-02 23:46:00,1,1792.97,1787.68,0.29,-155.43999999999895,634.4663000246421,TIME,strong_close,-0.2449933116919871
2021-11-03 01:15:00,2021-11-03 09:11:00,1,1788.32,1780.77,0.51,-388.6199999999977,643.9909121483407,TIME,drift,-0.6034557206771275
2021-11-03 10:15:00,2021-11-03 15:05:00,-1,1780.8600000000001,1785.3500000000001,0.31,-141.36000000000027,652.0316968224897,NEWS,lw,-0.21679927630647744
2021-11-04 14:45:00,2021-11-05 15:20:00,1,1781.8600000000001,1794.01,0.3,338.55599999999583,649.2485294026982,NEWS,lw,0.5214582469851164
2021-11-05 01:05:00,2021-11-05 15:20:00,1,1791.3400000000001,1794.01,0.19,49.39999999999707,632.58673843738,NEWS,friday,0.07809205757620731
2021-11-05 18:15:00,2021-11-05 23:45:00,1,1804.72,1818.09,0.29,385.6999999999968,644.3614180590882,TIME,tday,0.5985771171119807
2021-11-05 23:05:00,2021-11-05 23:55:00,1,1816.86,1817.81,0.64,56.320000000002906,647.5816086214381,TIME,fri_close,0.08696973362152156
2021-11-05 20:00:00,2021-11-05 23:57:00,1,1814.18,1817.86,0.36,129.95999999999407,639.2606068090539,EOD,trendH4,0.2032973698296615
2021-11-08 01:05:00,2021-11-08 23:45:00,1,1815.9999999999998,1824.51,0.28,236.32000000000613,644.5433403288378,TIME,strong_close,0.36664718291781384
2021-11-08 08:00:00,2021-11-09 15:20:00,1,1821.16,1824.23,0.38,83.79759999999759,645.9800159719642,NEWS,trendH4,0.12972166000199367
2021-11-08 16:00:00,2021-11-09 15:20:00,1,1821.96,1824.23,0.38,53.397599999999315,651.3333144146982,NEWS,trendH4,0.08198198805166833
2021-11-09 01:05:00,2021-11-09 15:20:00,1,1824.51,1824.23,0.29,-10.149999999999208,649.1904063876835,NEWS,strong_close,-0.01563485827906371
2021-11-10 01:15:00,2021-11-10 09:10:00,1,1832.07,1825.08,0.43,-303.5800000000004,646.900647141442,TIME,drift,-0.4692838094094902
2021-11-09 16:00:00,2021-11-10 15:20:00,1,1830.07,1826.25,0.41000000000000003,-192.07679999999743,644.228474493327,NEWS,trendH4,-0.2981501246914956
2021-11-09 20:00:00,2021-11-10 15:20:00,1,1831.05,1826.25,0.41000000000000003,-232.25679999999818,657.3425507686605,NEWS,trendH4,-0.35332689132691886
2021-11-10 01:05:00,2021-11-10 15:20:00,1,1831.8600000000001,1826.25,0.3,-170.4000000000038,652.9422622935879,NEWS,strong_close,-0.26097253898291156
2021-11-11 18:15:00,2021-11-11 23:45:00,1,1860.6000000000001,1861.87,0.27,32.39999999999337,634.8696049167843,TIME,tday,0.051034101725881506
2021-11-10 16:00:00,2021-11-12 16:50:00,1,1849.8,1857.97,0.38,186.99040000000275,653.4346142641599,NEWS,trendH4,0.2861654340282765
2021-11-12 01:05:00,2021-11-12 16:50:00,1,1862.07,1857.97,0.18,-75.05999999999837,633.5574902798714,NEWS,friday,-0.11847385778177907
2021-11-12 23:05:00,2021-11-12 23:55:00,1,1864.88,1864.31,0.77,-49.280000000012606,649.953035992275,TIME,fri_close,-0.07582086284861715
2021-11-15 01:05:00,2021-11-15 23:45:00,1,1867.01,1862.96,0.27,-111.23999999999877,634.171240974166,TIME,strong_close,-0.17541003566973531
2021-11-16 11:00:00,2021-11-16 15:20:00,1,1872.23,1875.11,0.28,78.6799999999967,639.2234172343822,NEWS,lw,0.1230868548909048
2021-11-16 12:00:00,2021-11-16 15:20:00,1,1873.44,1875.11,0.38,60.79999999999413,645.709656693642,NEWS,trendH4,0.09415996705287123
2021-11-17 15:15:00,2021-11-17 23:45:00,1,1862.49,1866.93,0.28,122.36000000000155,648.6046017176402,TIME,tday900,0.18865114381854023
2021-11-17 18:15:00,2021-11-17 23:45:00,1,1863.8,1866.93,0.28,85.68000000000306,648.6046017176402,TIME,tday,0.13209897027110903
2021-11-17 13:30:00,2021-11-18 14:32:00,1,1861.28,1865.01,0.28,35.716800000000504,648.6046017176402,TIME,lw,0.05506713937183759
2021-11-18 01:05:00,2021-11-18 23:45:00,1,1866.36,1859.17,0.28,-203.2799999999952,639.4357015949516,TIME,strong_close,-0.31790530227347585
2021-11-19 01:05:00,2021-11-19 23:00:00,1,1859.55,1846.93,0.19,-241.10999999999794,636.1692536758409,TIME,friday,-0.37900291252185414
2021-11-19 23:05:00,2021-11-19 23:55:00,1,1847.6699999999998,1845.7,0.62,-126.4799999999876,648.2406778245412,TIME,fri_close,-0.1951127171229786
2021-11-22 16:15:00,2021-11-23 17:17:00,-1,1828.7,1786.3,0.29,1237.5489000000027,648.9698712676492,TIME,lw,1.9069435343472376
2021-11-23 15:30:00,2021-11-24 15:20:00,-1,1787.95,1786.92,0.27,35.210699999999264,651.5245192486327,NEWS,lw,0.05404355317372525
2021-11-26 10:15:00,2021-11-26 18:43:00,1,1806.44,1783.4124156572018,0.28,-646.7323615983515,645.3323615983538,SL,lw,-1.0021694247542927
2021-11-26 01:05:00,2021-11-26 20:30:00,1,1790.65,1787.78,0.19,-55.860000000002245,656.191153769753,EOD,friday,-0.08512763343286799
2021-11-30 10:15:00,2021-11-30 16:50:00,1,1794.75,1801.9,0.27,191.1600000000025,644.4130987560657,NEWS,lw,0.29664201483335095
2021-12-01 01:12:00,2021-12-01 15:05:00,1,1776.77,1785.95,0.13,118.43000000000083,647.6840935966939,NEWS,tom,0.18285148758608538
2021-12-02 10:30:00,2021-12-03 11:32:00,-1,1769.8,1767.97,0.26,54.706599999998105,643.7730869112156,TIME,lw,0.08497807863089939
2021-12-03 23:05:00,2021-12-03 23:55:00,1,1782.91,1783.84,0.63,54.17999999998969,652.3931944942436,TIME,fri_close,0.08304807661580803
2021-12-03 18:30:00,2021-12-03 23:57:00,1,1776.98,1783.38,0.26,164.58000000000237,637.9221521318432,EOD,lw,0.25799386249560374
2021-12-06 01:05:00,2021-12-06 23:45:00,1,1782.35,1778.32,0.27,-110.69999999999928,653.8070752699916,TIME,strong_close,-0.16931600190206778
2021-12-07 15:45:00,2021-12-07 18:52:00,-1,1774.06,1787.7,0.48,-658.0800000000048,655.680000000007,SL,nr7,-1.0036603221083422
2021-12-08 12:00:00,2021-12-08 16:50:00,1,1789.86,1782.12,0.28,-218.6800000000003,638.5111413789873,NEWS,lw,-0.3424842353223765
2021-12-09 15:15:00,2021-12-09 23:45:00,-1,1775.76,1775.3200000000002,0.29,10.729999999994988,642.1668885200975,TIME,tday900,0.016709052104387934
2021-12-09 14:30:00,2021-12-10 15:20:00,-1,1775.64,1777.6000000000001,0.29,-48.89110000000106,642.1668885200975,NEWS,lw,-0.07613457011567944
2021-12-10 23:05:00,2021-12-10 23:55:00,1,1782.48,1782.83,1.1,30.799999999989993,650.8473630971719,TIME,fri_close,0.04732292353989538
2021-12-10 16:00:00,2021-12-10 23:57:00,1,1784.26,1782.8,0.3,-45.90000000000109,649.2169618789119,EOD,lw,-0.07070055573896433
2021-12-14 01:15:00,2021-12-14 09:10:00,1,1786.4799999999998,1787.34,0.53,41.87000000000675,650.6653127377673,TIME,drift,0.06434951914653747
2021-12-15 01:15:00,2021-12-15 09:11:00,1,1772.04,1768.1,0.46,-184.4600000000025,641.2878691675301,TIME,drift,-0.28763993343497063
2021-12-16 01:15:00,2021-12-16 09:10:00,1,1779.55,1785.24,0.33,185.4600000000018,653.0019193922337,TIME,drift,0.28401141634103366
2021-12-16 01:05:00,2021-12-16 23:45:00,1,1778.74,1798.62,0.3,594.2999999999964,642.0640657076115,TIME,strong_close,0.9256085673398109
2021-12-17 01:15:00,2021-12-17 09:10:00,1,1798.83,1808.01,0.44,400.84000000000276,642.709372700619,TIME,drift,0.6236722491158042
2021-12-16 13:15:00,2021-12-17 14:17:00,1,1788.24,1809.17,0.3,601.9560000000018,642.0640657076115,TIME,lw,0.9375326110745553
2021-12-17 01:05:00,2021-12-17 23:00:00,1,1798.74,1796.12,0.2,-53.80000000000236,647.2952038713534,TIME,friday,-0.08311509134971876
2021-12-17 23:05:00,2021-12-17 23:55:00,1,1797.29,1798.05,0.81,55.88999999999927,655.2772091790483,TIME,fri_close,0.08529214692209423
2021-12-17 10:30:00,2021-12-17 23:57:00,1,1809.7,1797.42,0.3,-370.4999999999992,647.9952038713533,EOD,lw,-0.5717634911284848
2021-12-20 17:00:00,2021-12-21 18:02:00,-1,1791.73,1786.3600000000001,0.3,169.32299999999674,641.3741178805425,TIME,lw,0.26400036309468533
2021-12-22 01:15:00,2021-12-22 09:11:00,1,1789.79,1787.99,0.51,-95.36999999999767,651.761051039501,TIME,drift,-0.146326632817182
2021-12-22 18:00:00,2021-12-23 19:29:00,1,1795.88,1807.4,0.32,290.0991999999994,659.3688485540774,TIME,lw,0.43996497656229094
2021-12-23 01:27:00,2021-12-27 01:10:00,1,1804.53,1807.29,0.32,60.646399999999716,656.2025022287864,TIME,strong_close,0.09242025105667033
2021-12-27 01:05:00,2021-12-27 23:48:00,1,1806.31,1811.65,0.33,173.91000000000483,656.4931996789053,TIME,strong_close,0.264907542203126
2021-12-28 01:15:00,2021-12-28 09:10:00,1,1812.17,1814.74,0.59,147.49999999999625,653.8010152287495,TIME,drift,0.22560380997326762
2021-12-27 17:45:00,2021-12-28 18:50:00,1,1812.55,1810.23,0.33,-105.09839999999792,656.4931996789053,TIME,lw,-0.16009061487826862
2021-12-28 01:05:00,2021-12-28 23:45:00,1,1811.99,1805.4,0.34,-226.4399999999972,653.7678663594721,TIME,strong_close,-0.34636147117620786
2021-12-29 01:15:00,2021-12-29 09:11:00,1,1807.2299999999998,1805.48,0.55,-100.09999999998749,653.46130996428,TIME,drift,-0.1531842795795504
2021-12-28 10:15:00,2021-12-29 11:19:00,1,1815.14,1803.72,0.34,-417.68320000000244,653.7678663594721,TIME,lw,-0.6388860962620955
2021-12-29 12:30:00,2021-12-30 13:32:00,-1,1798.68,1802.66,0.34,-102.60180000000062,644.0815901909386,TIME,lw,-0.1592993831256444
2021-12-31 01:15:00,2021-12-31 09:10:00,1,1815.07,1819.65,0.52,234.52000000000805,650.6432727691496,TIME,drift,0.36044328715163176
2021-12-30 18:30:00,2021-12-31 19:32:00,1,1812.14,1826.53,0.34,459.8567999999957,642.6643337487293,TIME,lw,0.7155474107573423
2021-12-31 01:05:00,2021-12-31 23:00:00,1,1814.88,1829.25,0.23,328.8999999999975,656.653116988036,TIME,friday,0.5008732791958862
2021-12-31 15:15:00,2021-12-31 23:45:00,1,1822.76,1828.42,0.34,190.0600000000028,647.929738480963,TIME,tday900,0.2933342748637968
2021-12-31 23:05:00,2021-12-31 23:55:00,1,1829.49,1828.68,1.1,-96.79999999999401,662.2622779755659,TIME,fri_close,-0.1461656555404254
2021-12-31 15:30:00,2021-12-31 23:57:00,1,1825.25,1828.87,0.34,120.69999999999631,647.929738480963,EOD,lw,0.1862856307274475
2022-01-03 01:05:00,2022-01-03 15:25:00,1,1830.77,1811.95015420115,0.35000000000000003,-661.1446029597461,659.394602959744,SL,strong_close,-1.002653949535145
2022-01-03 01:07:00,2022-01-03 15:25:00,1,1830.18,1811.3601542011502,0.17,-321.127378580448,320.27737858044713,SL,season,-1.0026539495351445
2022-01-04 01:15:00,2022-01-04 09:10:00,1,1803.42,1804.34,0.43,36.549999999993354,656.1641040578236,TIME,drift,0.05570252894658869
2022-01-03 01:10:00,2022-01-04 16:50:00,1,1831.83,1808.49,0.17,-411.4815999999986,639.3647571608942,NEWS,tom,-0.6435787950327242
2022-01-04 01:07:00,2022-01-04 16:50:00,1,1802.9699999999998,1808.49,0.16,87.20000000000334,318.07770901148336,NEWS,season,0.2741468437728694
2022-01-04 18:15:00,2022-01-04 23:45:00,1,1813.97,1814.69,0.33,21.450000000000905,656.0352748361844,TIME,tday,0.03269641256006712
2022-01-05 01:15:00,2022-01-05 09:11:00,1,1813.68,1814.43,0.46,31.28,654.3507056403489,TIME,drift,0.047803111894544885
2022-01-04 17:45:00,2022-01-05 15:05:00,1,1816.74,1819.04,0.33,47.36159999999849,656.0352748361844,NEWS,lw,0.07219367893262285
2022-01-05 01:05:00,2022-01-05 15:05:00,1,1814.12,1819.04,0.33,160.0500000000024,652.2641837764571,NEWS,strong_close,0.24537603624554444
2022-01-05 01:07:00,2022-01-05 15:05:00,1,1813.9,1819.04,0.16,81.11999999999796,316.2493012249489,NEWS,season,0.2565064956216207
2022-01-05 08:30:00,2022-01-05 15:05:00,1,1817.06,1819.04,0.35000000000000003,66.85000000000063,645.3999999999962,NEWS,inside,0.10357917570499074
2022-01-05 15:45:00,2022-01-06 03:05:00,1,1827.26,1807.5144186734408,0.33,-732.5993837764537,652.2641837764571,SL,lw,-1.123163592296107
2022-01-06 01:15:00,2022-01-06 09:10:00,1,1811.1699999999998,1802.91,0.38,-316.53999999999104,648.2029814592146,TIME,drift,-0.4883346869022508
2022-01-06 01:07:00,2022-01-06 15:01:00,1,1810.83,1790.9676744824806,0.16,-318.91720828030986,318.1172082803096,SL,season,-1.0025147963680585
2022-01-07 01:15:00,2022-01-07 09:10:00,1,1791.4599999999998,1790.54,0.34,-33.659999999994746,635.8425956835877,TIME,drift,-0.052937629892201916
2022-01-07 01:05:00,2022-01-07 15:20:00,1,1791.53,1790.58,0.21,-21.42000000000095,637.5455213874412,NEWS,friday,-0.033597600926418954
2022-01-07 01:07:00,2022-01-07 15:20:00,1,1791.55,1790.58,0.16,-16.640000000000438,324.2059791174305,NEWS,season,-0.0513253951864141
2022-01-07 23:05:00,2022-01-07 23:55:00,1,1795.04,1796.32,0.78,94.37999999999788,647.2025374665011,TIME,fri_close,0.14582761119795973
2022-01-10 01:05:00,2022-01-10 23:45:00,1,1795.2,1801.73,0.32,206.71999999999915,638.9653897895137,TIME,strong_close,0.32352300031163866
2022-01-10 01:07:00,2022-01-10 23:47:00,1,1795.38,1801.36,0.16,94.55999999999665,319.48269489475683,TIME,season,0.2959784724213196
2022-01-11 01:15:00,2022-01-11 09:10:00,1,1800.83,1808.79,0.44,347.1600000000016,649.7444974660119,TIME,drift,0.5343023316917918
2022-01-10 13:45:00,2022-01-11 14:47:00,1,1802.02,1806.39,0.32,112.16640000000378,638.9653897895137,TIME,lw,0.17554378029294096
2022-01-11 01:05:00,2022-01-11 16:50:00,1,1800.75,1804.24,0.33,112.8600000000003,640.2935540618336,NEWS,strong_close,0.17626290204555353
2022-01-11 01:07:00,2022-01-11 16:50:00,1,1800.6699999999998,1804.24,0.16,56.00000000000263,310.4453595451314,NEWS,season,0.18038601086534056
2022-01-11 02:15:00,2022-01-11 16:50:00,1,1803.74,1804.24,0.49,21.07,652.68,NEWS,nr7,0.03228228228228228
2022-01-11 10:15:00,2022-01-11 16:50:00,1,1808.6200000000001,1804.24,0.33,-146.8500000000036,640.2935540618336,NEWS,lw,-0.22934792810021357
2022-01-11 18:15:00,2022-01-11 23:45:00,1,1813.29,1822.17,0.33,290.7300000000036,640.2935540618336,TIME,tday,0.45405735877817005
2022-01-12 01:15:00,2022-01-12 09:10:00,1,1820.41,1819.72,0.47000000000000003,-35.720000000002564,659.3020045006123,TIME,drift,-0.05417850963013323
2022-01-12 01:05:00,2022-01-12 15:20:00,1,1820.4,1820.08,0.33,-12.870000000005403,649.3383002002743,NEWS,strong_close,-0.019820176934020266
2022-01-12 01:07:00,2022-01-12 15:20:00,1,1820.58,1820.08,0.16,-9.120000000000001,314.83069100619355,NEWS,season,-0.028967950903555927
2022-01-13 01:15:00,2022-01-13 09:10:00,1,1826.04,1824.29,0.51,-92.82,649.6928051569797,TIME,drift,-0.14286752025454968
2022-01-13 01:05:00,2022-01-13 15:20:00,1,1826.2099999999998,1822.26,0.34,-136.6799999999938,653.8927027890072,NEWS,strong_close,-0.20902511897903317
2022-01-13 01:07:00,2022-01-13 15:20:00,1,1826.1,1822.26,0.17,-66.46999999999862,326.9463513945036,NEWS,season,-0.20330552617115416
2022-01-14 01:15:00,2022-01-14 09:10:00,1,1821.73,1826.75,0.5,247.4999999999991,652.056518501522,TIME,drift,0.379568324182655
2022-01-14 01:05:00,2022-01-14 15:20:00,1,1821.84,1822.25,0.23,7.820000000001882,654.6895739514073,NEWS,friday,0.011944592232932523
2022-01-14 01:07:00,2022-01-14 15:20:00,1,1821.66,1822.25,0.17,8.83999999999861,322.99732629489637,NEWS,season,0.02736864760275971
2022-01-14 20:00:00,2022-01-14 23:57:00,-1,1815.79,1817.6299999999999,0.34,-64.93999999999721,645.9946525897927,EOD,lw,-0.10052714792553272
2022-01-17 01:07:00,2022-01-18 03:32:00,1,1817.9099999999999,1819.45,0.17,11.478400000003248,317.6789458452611,TIME,season,0.03613207658273421
2022-01-18 01:15:00,2022-01-18 09:10:00,1,1818.76,1816.88,0.76,-148.199999999991,657.5033325839319,TIME,drift,-0.2253980970979686
2022-01-18 01:07:00,2022-01-18 23:47:00,1,1818.97,1813.44,0.18,-100.79999999999951,325.4026610411393,TIME,season,-0.30977005436122046
2022-01-19 01:15:00,2022-01-19 09:10:00,1,1814.71,1814.8,0.4,0.7999999999967256,647.6608183437639,TIME,drift,0.0012352144476526035
2022-01-19 15:15:00,2022-01-19 23:45:00,1,1819.51,1840.56,0.36,755.2799999999984,648.2135133621159,TIME,tday900,1.1651716362446014
2022-01-19 18:15:00,2022-01-19 23:45:00,1,1840.2,1840.56,0.36,10.439999999996397,648.2135133621159,TIME,tday,0.01610580431414769
2022-01-19 01:07:00,2022-01-19 23:47:00,1,1814.32,1840.36,0.18,467.45999999999935,324.10675668105796,TIME,season,1.442302544960549
2022-01-20 01:15:00,2022-01-20 09:10:00,1,1839.72,1840.14,0.43,15.050000000003129,649.7231133481781,TIME,drift,0.023163713420085812
2022-01-19 15:30:00,2022-01-20 16:32:00,1,1824.0800000000002,1845.31,0.36,675.9215999999925,648.2135133621159,TIME,lw,1.0427453085545253
2022-01-20 01:05:00,2022-01-20 23:45:00,1,1840.56,1838.4,0.34,-75.81999999999505,648.9315335437603,TIME,strong_close,-0.11683821186180987
2022-01-20 01:07:00,2022-01-20 23:47:00,1,1840.2199999999998,1838.5,0.17,-30.429999999996603,324.46576677188017,TIME,season,-0.0937849323913139
2022-01-21 01:15:00,2022-01-21 09:10:00,1,1839.19,1842.08,0.46,129.71999999999414,652.2373472730076,TIME,drift,0.1988846553211819
2022-01-20 16:00:00,2022-01-21 10:17:00,1,1846.5900000000001,1832.7587910234663,0.47000000000000003,-690.7124218970906,651.006821897096,SL,trendH4,-1.0609910659373565
2022-01-21 01:05:00,2022-01-21 23:00:00,1,1839.56,1831.92,0.23,-177.32999999999709,640.3550268789423,TIME,friday,-0.27692450680725417
2022-01-21 01:07:00,2022-01-21 23:47:00,1,1839.58,1833.07,0.17,-111.85999999999984,315.93392628817446,TIME,season,-0.3540613738898316
2022-01-21 23:05:00,2022-01-21 23:55:00,1,1831.04,1834.4,0.8200000000000001,269.78000000001043,656.8968814481833,TIME,fri_close,0.4106885077689183
2022-01-19 20:00:00,2022-01-21 23:57:00,1,1840.5,1834.33,0.46,-433.28320000000343,656.6258154806425,EOD,trendH4,-0.6598631820207147
2022-01-24 01:07:00,2022-01-24 23:47:00,1,1834.03,1843.25,0.18,164.7000000000005,329.6655409724068,TIME,season,0.49959725700838714
2022-01-25 01:15:00,2022-01-25 09:10:00,1,1842.9099999999999,1841.42,0.38,-59.279999999991716,655.6897453944899,TIME,drift,-0.09040861232979391
2022-01-24 10:15:00,2022-01-25 11:17:00,1,1840.26,1838.52,0.36,-93.77280000000033,659.3310819448136,TIME,lw,-0.14222414590769916
2022-01-25 01:05:00,2022-01-25 23:45:00,1,1843.35,1847.72,0.36,154.80000000000425,650.1645760916128,TIME,strong_close,0.23809356229551304
2022-01-25 01:07:00,2022-01-25 23:47:00,1,1842.8400000000001,1847.84,0.18,88.7399999999959,325.0822880458064,TIME,season,0.2729770377015797
2022-01-26 01:15:00,2022-01-26 09:11:00,1,1848.32,1846.74,0.41000000000000003,-67.64999999999702,657.3711474862499,TIME,drift,-0.102909901444088
2022-01-25 20:00:00,2022-01-26 16:22:00,1,1849.95,1835.1010331944613,0.44,-691.4057394437069,654.234539443711,SL,trendH4,-1.0568163216078474
2022-01-25 17:00:00,2022-01-26 16:25:00,1,1850.47,1832.4298728863441,0.36,-680.5773760916123,650.1645760916128,SL,lw,-1.0467770794016837
2022-01-26 01:07:00,2022-01-26 19:12:00,1,1848.18,1830.0655962516053,0.18,-327.3192674711065,326.4192674711059,SL,season,-1.0027571901835735
2022-01-27 01:15:00,2022-01-27 09:10:00,1,1819.9,1813.82,0.33,-202.95000000000513,647.7613516247102,TIME,drift,-0.31330983160845804
2022-01-27 01:07:00,2022-01-27 15:20:00,1,1819.8799999999999,1807.93,0.16,-192.3199999999971,309.65399854757936,NEWS,season,-0.6210803054443571
2022-01-28 01:15:00,2022-01-28 09:10:00,1,1797.77,1796.38,0.3,-43.79999999999618,635.8672245679683,TIME,drift,-0.06888230483927761
2022-01-28 01:05:00,2022-01-28 23:00:00,1,1797.79,1788.76,0.21,-191.0999999999994,633.7512160947933,TIME,friday,-0.3015378829212623
2022-01-28 01:07:00,2022-01-28 23:47:00,1,1797.52,1791.1,0.16,-103.84000000000117,322.2787129370379,TIME,season,-0.32220558116814846
2022-01-28 23:05:00,2022-01-28 23:55:00,1,1789.3,1791.58,0.72,159.11999999999802,642.8019291942085,TIME,fri_close,0.2475412608040313
2022-01-31 01:07:00,2022-01-31 23:47:00,1,1790.26,1797.54,0.16,115.35999999999956,321.20166201296365,TIME,season,0.35915131720378096
2022-02-01 01:15:00,2022-02-01 09:10:00,1,1797.77,1803.35,0.43,236.9299999999969,637.3474807325711,TIME,drift,0.3717438401539897
2022-01-31 19:15:00,2022-02-01 16:50:00,1,1798.66,1803.13,0.32,115.36640000000087,642.4033240259273,NEWS,lw,0.17958562119044186
2022-02-01 01:05:00,2022-02-01 16:50:00,1,1797.87,1803.13,0.33,171.2700000000072,649.1721116230418,NEWS,strong_close,0.263828339100709
2022-02-01 01:10:00,2022-02-01 16:50:00,1,1798.1,1803.13,0.16,79.3600000000032,628.3802294526466,NEWS,tom,0.1262929613000875
2022-02-01 11:00:00,2022-02-01 16:50:00,1,1804.82,1803.13,0.33,-58.07999999999431,649.1721116230418,NEWS,lw,-0.08946779900138398
2022-02-02 01:15:00,2022-02-02 09:10:00,1,1800.8899999999999,1797.38,0.46,-164.67999999998912,643.3056628917083,TIME,drift,-0.2559902850221151
2022-02-03 01:15:00,2022-02-03 09:10:00,1,1807.52,1805.17,0.52,-125.83999999999527,648.6421817888158,TIME,drift,-0.19400526751583683
2022-02-02 17:30:00,2022-02-03 16:50:00,1,1806.57,1791.22,0.34,-605.3495999999969,652.8837085224771,NEWS,lw,-0.9271936059944683
2022-02-04 01:15:00,2022-02-04 09:10:00,1,1805.58,1808.88,0.41000000000000003,132.43000000000745,636.3012977718258,TIME,drift,0.2081246737414264
2022-02-04 01:05:00,2022-02-04 15:20:00,1,1805.07,1813.99,0.22,194.7000000000016,629.63709520256,NEWS,friday,0.30922574524832414
2022-02-04 12:15:00,2022-02-04 15:20:00,1,1813.42,1813.99,0.34,16.99999999999784,649.5103405117285,NEWS,lw,0.026173563282463036
2022-02-04 23:05:00,2022-02-04 23:55:00,1,1808.02,1807.81,0.8200000000000001,-22.960000000002985,648.855310144103,TIME,fri_close,-0.035385392769466346
2022-02-08 01:15:00,2022-02-08 09:10:00,1,1821.0,1819.02,0.5,-102.50000000000091,645.5125231274341,TIME,drift,-0.15878855378885628
2022-02-07 18:30:00,2022-02-08 19:34:00,1,1817.17,1827.34,0.33,307.0715999999949,639.1444455452345,TIME,lw,0.48044163121536876
2022-02-08 01:05:00,2022-02-08 23:45:00,1,1821.52,1826.04,0.34,151.2999999999994,651.0858548289906,TIME,strong_close,0.2323810275984858
2022-02-08 18:15:00,2022-02-08 23:45:00,1,1826.53,1826.04,0.34,-19.04000000000031,651.0858548289906,TIME,tday,-0.029243455158461728
2022-02-09 01:15:00,2022-02-09 09:10:00,1,1826.37,1827.95,0.59,89.09000000000913,647.4894704830062,TIME,drift,0.13759297110044255
2022-02-08 17:30:00,2022-02-09 18:32:00,1,1827.32,1831.01,0.34,96.05680000000186,651.0858548289906,TIME,lw,0.14753323127443987
2022-02-09 01:05:00,2022-02-09 23:45:00,1,1825.94,1832.61,0.34,224.39999999999475,637.074008055491,TIME,strong_close,0.3522353716563003
2022-02-10 01:15:00,2022-02-10 09:10:00,1,1833.19,1833.83,0.61,34.76999999999224,650.1001979591812,TIME,drift,0.05348406308618813
2022-02-09 17:30:00,2022-02-10 15:20:00,1,1831.39,1831.21,0.34,-89.56960000000217,637.074008055491,NEWS,lw,-0.14059528228657603
2022-02-10 16:30:00,2022-02-11 17:32:00,-1,1826.24,1836.8400000000001,0.36,-371.7324000000049,655.4497390125416,TIME,lw,-0.5671409688255167
2022-02-11 18:15:00,2022-02-11 23:45:00,1,1833.31,1861.03,0.35000000000000003,967.750000000001,642.7004588307672,TIME,tday,1.5057558878370496
2022-02-11 23:05:00,2022-02-11 23:55:00,1,1861.4,1858.97,0.43,-107.50000000000273,649.9107958507772,TIME,fri_close,-0.1654073154136145
2022-02-14 01:05:00,2022-02-14 23:45:00,1,1856.0900000000001,1870.07,0.32,445.11999999999324,647.6510017828552,TIME,strong_close,0.6872837358000927
2022-02-15 01:15:00,2022-02-15 09:10:00,1,1871.01,1877.7,0.29,191.98000000000158,654.3534376845106,TIME,drift,0.29338884606358967
2022-02-15 08:00:00,2022-02-15 10:45:00,1,1878.02,1861.6327205652124,0.4,-658.2911773915046,656.2911773915025,SL,trendH4,-1.0030474278321877
2022-02-15 01:05:00,2022-02-15 13:46:00,1,1870.99,1850.5415557518368,0.32,-656.5902159412237,654.9902159412225,SL,strong_close,-1.0024427845806858
2022-02-16 01:15:00,2022-02-16 09:10:00,1,1854.05,1856.36,0.3,67.19999999999837,648.4085036156561,TIME,drift,0.10363836936942941
2022-02-16 18:15:00,2022-02-16 23:45:00,1,1862.3,1868.18,0.3,174.30000000000328,645.2352326274035,TIME,tday,0.27013403978306044
2022-02-17 01:15:00,2022-02-17 09:10:00,1,1870.3,1875.95,0.36,200.88000000000326,648.4035030755813,TIME,drift,0.30980708624670655
2022-02-16 19:30:00,2022-02-17 20:33:00,1,1869.0,1900.06,0.3,858.1679999999983,645.2352326274035,TIME,lw,1.3300079670254996
2022-02-17 01:05:00,2022-02-17 23:45:00,1,1870.04,1897.68,0.3,827.100000000003,647.0398588683032,TIME,strong_close,1.2782829197673102
2022-02-17 15:15:00,2022-02-17 23:45:00,1,1889.95,1897.68,0.3,229.80000000000052,647.0398588683032,TIME,tday900,0.35515586381637954
2022-02-17 06:00:00,2022-02-18 07:02:00,1,1875.43,1890.22,0.26,362.05519999999905,644.280000000001,TIME,inside,0.5619531880548806
2022-02-18 01:15:00,2022-02-18 09:10:00,1,1899.25,1890.6,0.01,-8.720000000000091,20.31729157790495,TIME,drift,-0.42919106449616984
2022-02-17 10:30:00,2022-02-18 11:32:00,1,1884.72,1894.0,0.3,252.45599999999916,647.0398588683032,TIME,lw,0.3901707082490314
2022-02-18 01:05:00,2022-02-18 23:00:00,1,1898.76,1896.95,0.19,-35.71999999999896,637.9873040731103,TIME,friday,-0.05598857496372
2022-02-18 23:05:00,2022-02-18 23:55:00,1,1897.29,1897.29,0.8200000000000001,-5.74,661.341827368193,TIME,fri_close,-0.00867932400834574
2022-02-17 12:00:00,2022-02-18 23:57:00,1,1888.51,1897.39,0.36,288.54720000000395,648.0332447547523,EOD,trendH4,0.44526604512273815
2022-02-21 01:30:00,2022-02-22 05:15:00,1,1904.91,1908.68,0.36,104.58719999999931,658.0800000000013,TIME,nr7,0.15892778993435314
2022-02-22 01:15:00,2022-02-22 09:10:00,1,1912.3600000000001,1910.18,0.35000000000000003,-78.75000000000223,653.004865408871,TIME,drift,-0.12059634494559836
2022-02-23 01:15:00,2022-02-23 09:10:00,1,1899.43,1897.45,0.31,-63.550000000000566,660.151271098181,TIME,drift,-0.09626581479466557
2022-02-22 04:00:00,2022-02-23 11:30:00,1,1909.57,1891.0636310079553,0.36,-697.3620837136056,666.9492837136072,SL,trendH4,-1.0455998690495
2022-02-23 18:15:00,2022-02-23 23:45:00,1,1907.15,1907.39,0.3,5.100000000000273,657.7194921162439,TIME,tday,0.007754065465797249
2022-02-24 01:15:00,2022-02-24 09:10:00,1,1910.3700000000001,1941.66,0.39,1217.5799999999986,659.1481795161909,TIME,drift,1.8472022495665419
2022-02-23 18:45:00,2022-02-24 15:20:00,1,1908.3400000000001,1964.6,0.3,1614.167999999993,657.7194921162439,NEWS,lw,2.4541890872145666
2022-02-24 01:05:00,2022-02-24 15:20:00,1,1909.97,1964.6,0.3,1636.7999999999965,655.6752426793697,NEWS,strong_close,2.4963577903465306
2022-02-24 08:00:00,2022-02-24 15:20:00,1,1940.65,1964.6,0.31,740.2799999999944,647.6748423008399,NEWS,trendH4,1.1429809398959796
2022-02-24 10:15:00,2022-02-24 15:20:00,1,1942.63,1964.6,0.3,656.999999999994,655.6752426793697,NEWS,lw,1.0020204473714924
2022-02-24 12:00:00,2022-02-24 15:20:00,1,1953.68,1964.6,0.3,325.49999999999534,651.4080001798042,NEWS,trendH4,0.49968683207782155
2022-02-24 16:00:00,2022-02-24 16:41:00,1,1959.44,1936.3945799943062,0.3,-693.4626001708144,691.9626001708142,SL,trendH4,-1.002167747215861
2022-02-25 01:05:00,2022-02-25 23:00:00,1,1907.1200000000001,1890.65,0.17,-281.1800000000005,692.6515308290742,TIME,friday,-0.4059472728854582
2022-02-25 23:05:00,2022-02-25 23:55:00,1,1889.82,1888.27,0.58,-93.95999999999736,685.33099276912,TIME,fri_close,-0.13710163554744034
2022-02-28 10:15:00,2022-03-01 11:17:00,-1,1897.75,1914.99,0.24,-407.1816000000002,672.8739429094429,TIME,lw,-0.6051380117936885
2022-03-01 13:00:00,2022-03-01 16:50:00,1,1925.3400000000001,1922.67,0.23,-63.02000000000167,664.081276577153,NEWS,lw,-0.09489802261076097
2022-03-01 18:15:00,2022-03-01 23:45:00,1,1925.58,1943.03,0.23,399.74000000000103,664.081276577153,TIME,tday,0.6019443915967103
2022-03-02 01:05:00,2022-03-02 15:05:00,1,1943.2,1930.22,0.22,-287.1000000000004,666.5690220529991,NEWS,strong_close,-0.4307130852192123
2022-03-04 01:05:00,2022-03-04 15:20:00,1,1937.37,1943.52,0.15,91.20000000000137,669.3140088952988,NEWS,friday,0.1362589140342763
2022-03-04 02:30:00,2022-03-04 15:20:00,1,1942.65,1943.52,0.33,26.3999999999964,676.5000000000022,NEWS,inside,0.03902439024389699
2022-03-04 11:45:00,2022-03-04 15:20:00,1,1944.3700000000001,1943.52,0.23,-21.16000000000314,684.7243202040833,NEWS,lw,-0.030902947910038257
2022-03-04 18:15:00,2022-03-04 23:45:00,1,1961.28,1968.54,0.23,165.36999999999978,684.7243202040833,TIME,tday,0.24151325594906717
2022-03-04 23:05:00,2022-03-04 23:55:00,1,1967.65,1969.93,0.51,112.70999999999862,685.2163402771996,TIME,fri_close,0.16448819646420362
2022-03-07 04:00:00,2022-03-07 15:32:00,1,1998.04,1968.0107953259676,0.23,-692.2817075027447,691.131707502744,SL,trendH4,-1.0016639375498426
2022-03-07 10:30:00,2022-03-07 15:32:00,1,1997.3600000000001,1966.7937075694006,0.22,-673.9984334731903,672.8984334731922,SL,lw,-1.0016347192165693
2022-03-07 01:05:00,2022-03-07 23:45:00,1,1981.33,1996.25,0.22,326.7000000000016,672.8984334731922,TIME,strong_close,0.4855116073219646
2022-03-08 18:15:00,2022-03-08 19:34:00,1,2056.1200000000003,2024.7605856001578,0.21,-660.0177023966933,658.967702396693,SL,tday,-1.0015934013096262
2022-03-08 01:05:00,2022-03-08 19:37:00,1,1997.81,2023.205878400236,0.21,531.843446404959,658.967702396693,SL,strong_close,0.8070857562072044
2022-03-08 14:30:00,2022-03-08 19:37:00,1,2013.57,2023.205878400236,0.21,200.8834464049592,658.967702396693,SL,lw,0.30484566341315017
2022-03-08 15:15:00,2022-03-08 19:37:00,1,2011.81,2023.205878400236,0.21,237.84344640495897,658.967702396693,SL,tday900,0.3609333895119783
2022-03-08 20:00:00,2022-03-09 15:26:00,1,2030.09,1991.3773683814823,0.17,-672.8163375148004,658.4547375148006,SL,trendH4,-1.0218110663979798
2022-03-08 12:00:00,2022-03-09 16:50:00,1,2006.46,1984.6,0.19,-431.7712000000024,661.7275077582672,NEWS,trendH4,-0.6524909346185603
2022-03-11 01:05:00,2022-03-11 23:00:00,1,1997.58,1982.59,0.11,-165.6600000000001,641.5277375005429,TIME,friday,-0.2582273381435201
2022-03-11 23:05:00,2022-03-11 23:55:00,1,1983.63,1985.4,0.36,61.19999999999934,673.1469760699995,TIME,fri_close,0.09091625183745199
2022-03-14 11:15:00,2022-03-15 12:18:00,-1,1969.72,1933.3700000000001,0.17,622.6096999999984,663.3028787342855,TIME,lw,0.938650682759077
2022-03-15 10:15:00,2022-03-15 15:20:00,-1,1932.54,1928.64,0.17,65.10999999999768,664.9691016818368,NEWS,lw,0.09791432389162409
2022-03-17 01:05:00,2022-03-17 23:45:00,1,1925.93,1941.14,0.17,257.3800000000006,668.9192254297471,TIME,strong_close,0.3847699247015166
2022-03-17 15:15:00,2022-03-17 23:45:00,1,1942.92,1941.14,0.17,-31.449999999999537,668.9192254297471,TIME,tday900,-0.04701614007250948
2022-03-17 18:15:00,2022-03-17 23:45:00,1,1948.23,1941.14,0.17,-121.71999999999862,668.9192254297471,TIME,tday,-0.18196516914549676
2022-03-17 04:30:00,2022-03-18 05:32:00,1,1930.79,1937.02,0.19,101.93880000000034,678.2999999999978,TIME,nr7,0.15028571428571527
2022-03-17 11:45:00,2022-03-18 12:47:00,1,1941.26,1932.16,0.17,-169.40159999999844,668.9192254297471,TIME,lw,-0.2532467203213757
2022-03-18 01:05:00,2022-03-18 23:00:00,1,1942.76,1920.06,0.11,-250.47000000000054,633.9651212381546,TIME,friday,-0.3950848266081649
2022-03-18 23:05:00,2022-03-18 23:55:00,1,1919.87,1920.83,0.51,45.390000000001855,680.8546009537866,TIME,fri_close,0.06666621615895157
2022-03-21 18:15:00,2022-03-21 23:45:00,1,1935.1,1933.96,0.18,-21.77999999999771,677.8298630724166,TIME,tday,-0.0321319569799934
2022-03-21 17:15:00,2022-03-22 18:17:00,1,1934.45,1914.1,0.18,-381.8664000000024,677.8298630724166,TIME,lw,-0.5633661495365619
2022-03-23 18:15:00,2022-03-23 23:45:00,1,1932.25,1945.55,0.18,238.1399999999992,647.6766676491754,TIME,tday,0.36768346289879256
2022-03-23 13:45:00,2022-03-24 14:47:00,1,1933.45,1952.37,0.18,296.38079999999724,647.6766676491754,TIME,lw,0.4576061093504401
2022-03-24 01:05:00,2022-03-24 23:45:00,1,1944.83,1957.02,0.19,230.28000000000102,679.5030829735965,TIME,strong_close,0.33889470963437707
2022-03-24 18:15:00,2022-03-24 23:45:00,1,1964.22,1957.02,0.19,-138.13000000000088,679.5030829735965,TIME,tday,-0.203280902561215
2022-03-24 17:30:00,2022-03-25 18:33:00,1,1960.05,1960.14,0.19,-14.721199999997236,679.5030829735965,TIME,lw,-0.02166465520005486
2022-03-25 01:05:00,2022-03-25 23:01:00,1,1959.55,1955.11,0.12,-54.12000000000065,634.3540654730136,TIME,friday,-0.08531513069068995
2022-03-25 23:05:00,2022-03-25 23:55:00,1,1955.3999999999999,1957.26,0.66,118.14000000000841,683.6516044245298,TIME,fri_close,0.17280731769722663
2022-03-28 10:15:00,2022-03-29 11:17:00,-1,1934.88,1918.67,0.2,329.68200000000076,685.2541945356492,TIME,lw,0.48110905796556874
2022-03-29 15:30:00,2022-03-29 16:50:00,-1,1897.3300000000002,1899.92,0.19,-50.53999999999844,660.7185216082332,NEWS,lw,-0.0764924825733365
2022-03-30 18:15:00,2022-03-30 23:45:00,1,1937.05,1933.34,0.19,-71.82000000000069,666.8600557790738,TIME,tday,-0.10769875834907432
2022-03-30 17:45:00,2022-03-31 18:47:00,1,1935.14,1944.73,0.19,135.57639999999844,666.8600557790738,TIME,lw,0.2033056243586345
2022-03-31 17:45:00,2022-04-01 15:20:00,1,1942.24,1930.42,0.2,-253.69599999999878,684.1609567765386,NEWS,lw,-0.3708133261437502
2022-04-01 01:05:00,2022-04-01 15:20:00,1,1937.75,1930.42,0.13,-96.19999999999905,661.6878662244734,NEWS,friday,-0.1453857701047276
2022-04-01 01:10:00,2022-04-01 15:20:00,1,1937.37,1930.42,0.1,-70.19999999999818,678.4208884353575,NEWS,tom,-0.10347558749539756
2022-04-01 16:15:00,2022-04-01 16:50:00,-1,1923.93,1932.72,0.2,-177.1999999999993,679.1208884353574,NEWS,lw,-0.26092556276431805
2022-04-01 23:05:00,2022-04-01 23:57:00,1,1924.12,1924.27,0.5700000000000001,4.560000000005186,682.5297820108312,EOD,fri_close,0.006681027143710517
2022-04-04 18:00:00,2022-04-05 16:50:00,1,1934.94,1941.92,0.2,122.30400000000036,661.3693964042606,NEWS,lw,0.18492539973113953
2022-04-05 01:05:00,2022-04-05 16:50:00,1,1933.17,1941.92,0.21,182.28,677.0551614941538,NEWS,strong_close,0.26922474026745
2022-04-07 15:15:00,2022-04-08 16:17:00,1,1932.95,1934.91,0.22,24.0944000000008,679.5757362573528,TIME,lw,0.03545506220203886
2022-04-07 17:45:00,2022-04-08 18:47:00,1,1934.3500000000001,1944.2,0.35000000000000003,314.4819999999969,674.4500000000016,TIME,nr7,0.46627919045147326
2022-04-08 01:05:00,2022-04-08 23:00:00,1,1932.1899999999998,1944.03,0.15,176.55000000000217,672.6227365431029,TIME,friday,0.2624799763792828
2022-04-08 18:15:00,2022-04-08 23:45:00,1,1943.8,1945.56,0.22,37.1799999999998,658.1888979532562,TIME,tday,0.05648834265606267
2022-04-08 23:05:00,2022-04-08 23:55:00,1,1944.56,1946.32,0.73,123.36999999999934,683.1044130222564,TIME,fri_close,0.18060196603645684
2022-04-08 15:15:00,2022-04-08 23:57:00,1,1938.0900000000001,1946.04,0.22,173.359999999996,658.1888979532562,EOD,lw,0.2633894320294473
2022-04-11 01:05:00,2022-04-11 23:45:00,1,1948.32,1952.97,0.23,105.34000000000209,672.7496769091676,TIME,strong_close,0.15658127177997105
2022-04-11 15:15:00,2022-04-11 23:45:00,1,1963.17,1952.97,0.23,-236.2100000000011,672.7496769091676,TIME,tday900,-0.35111127973368517
2022-04-11 11:45:00,2022-04-12 12:47:00,1,1956.8500000000001,1952.66,0.23,-116.26040000000125,672.7496769091676,TIME,lw,-0.17281375820816386
2022-04-12 18:15:00,2022-04-12 23:45:00,1,1973.99,1964.82,0.23,-212.5200000000017,673.7025571299414,TIME,tday,-0.3154507842531635
2022-04-12 16:00:00,2022-04-13 15:20:00,1,1970.6000000000001,1978.58,0.23,163.6495999999952,673.7025571299414,NEWS,lw,0.242910759753033
2022-04-13 12:45:00,2022-04-13 15:20:00,1,1977.6000000000001,1978.58,0.23,20.92999999999519,673.1416601920882,NEWS,lw,0.03109300944770316
2022-04-13 18:15:00,2022-04-13 23:45:00,1,1978.27,1976.72,0.23,-37.25999999999895,673.1416601920882,TIME,tday,-0.05535239044537284
2022-04-14 12:15:00,2022-04-14 15:20:00,-1,1969.15,1977.73,0.24,-207.59999999999823,684.4137825463712,NEWS,lw,-0.30332527674650195
2022-04-18 15:15:00,2022-04-18 23:45:00,1,1993.84,1977.25,0.24,-399.83999999999804,669.7270837930588,TIME,tday900,-0.5970193078283003
2022-04-18 10:15:00,2022-04-19 11:17:00,1,1989.69,1979.73,0.24,-259.7952000000009,669.7270837930588,TIME,lw,-0.387912041019198
2022-04-19 16:15:00,2022-04-20 17:17:00,-1,1962.3600000000001,1951.27,0.24,272.7384000000034,668.1065778078402,TIME,lw,0.4082258864968817
2022-04-21 01:05:00,2022-04-21 23:45:00,1,1956.3799999999999,1951.68,0.24,-114.47999999999564,669.8404675996176,TIME,strong_close,-0.17090636582503932
2022-04-22 01:05:00,2022-04-22 23:00:00,1,1950.8300000000002,1932.58,0.16,-293.12000000000364,657.6404341996453,TIME,friday,-0.4457146865623211
2022-04-22 23:05:00,2022-04-22 23:55:00,1,1934.04,1931.96,0.52,-111.79999999999622,679.7800510275323,TIME,fri_close,-0.16446496161663343
2022-04-25 10:15:00,2022-04-26 11:17:00,-1,1919.3600000000001,1901.52,0.24,434.7384000000035,661.2089746139561,TIME,lw,0.6574901682993997
2022-04-27 10:15:00,2022-04-28 11:18:00,-1,1897.55,1883.03,0.24,371.57519999999954,665.3305954579516,TIME,lw,0.5584820576968083
2022-04-29 01:05:00,2022-04-29 23:00:00,1,1895.55,1896.54,0.16,14.720000000000145,656.5387277162952,TIME,friday,0.022420611882565108
2022-04-29 23:05:00,2022-04-29 23:55:00,1,1896.35,1896.36,0.51,-3.060000000000464,688.3568050334751,TIME,fri_close,-0.00444536899704457
2022-04-29 10:15:00,2022-04-29 23:57:00,1,1911.5800000000002,1896.26,0.25,-384.7500000000041,684.4778413711408,EOD,lw,-0.5621073126768805
2022-05-02 01:10:00,2022-05-02 16:50:00,1,1898.3899999999999,1855.97,0.12,-509.8799999999981,656.1916757365598,NEWS,tom,-0.7770290585104874
2022-05-05 10:15:00,2022-05-06 04:23:00,1,1896.32,1867.756627314243,0.23,-676.8479717724117,657.417571772414,SL,lw,-1.029555644440128
2022-05-06 01:05:00,2022-05-06 15:20:00,1,1876.7099999999998,1882.57,0.15,86.85000000000191,656.7865364702828,NEWS,friday,0.1322347447418048
2022-05-06 23:05:00,2022-05-06 23:55:00,1,1882.29,1882.37,0.5700000000000001,0.5699999999958534,676.333493356284,TIME,fri_close,0.0008427794950198993
2022-05-06 18:30:00,2022-05-06 23:57:00,1,1892.01,1882.52,0.23,-219.88000000000025,671.9184595029559,EOD,lw,-0.32724208851570175
2022-05-09 15:15:00,2022-05-09 23:45:00,-1,1862.78,1854.5500000000002,0.23,187.6799999999952,667.4928552527448,TIME,tday900,0.2811715489133297
2022-05-09 18:15:00,2022-05-09 23:45:00,-1,1860.8700000000001,1854.5500000000002,0.23,143.74999999999852,667.4928552527448,TIME,tday,0.21535811038092367
2022-05-09 10:15:00,2022-05-10 11:17:00,-1,1870.44,1860.46,0.23,235.8443000000004,667.4928552527448,TIME,lw,0.35332857594512895
2022-05-11 11:15:00,2022-05-11 15:20:00,1,1850.9,1850.56,0.23,-9.430000000003348,676.8397068250708,NEWS,lw,-0.013932397737475722
2022-05-12 14:45:00,2022-05-12 15:20:00,-1,1841.06,1842.9,0.23,-43.930000000003346,671.4054420518514,NEWS,lw,-0.06542991350464912
2022-05-12 18:15:00,2022-05-12 23:45:00,-1,1840.8600000000001,1823.18,0.23,405.03000000000145,671.4054420518514,TIME,tday,0.6032569512129777
2022-05-12 20:00:00,2022-05-13 21:02:00,-1,1825.41,1809.8500000000001,0.2,316.681999999999,652.7999999999988,TIME,nr7,0.4851133578431366
2022-05-13 16:15:00,2022-05-13 23:57:00,-1,1802.9,1811.5600000000002,0.22,-192.0600000000018,655.3329081578557,EOD,lw,-0.2930724180171014
2022-05-16 10:45:00,2022-05-16 22:06:00,-1,1794.82,1824.588012357312,0.23,-686.2742842181771,685.1242842181781,SL,lw,-1.0016785275700908
2022-05-17 01:05:00,2022-05-17 15:20:00,1,1825.4099999999999,1830.57,0.22,111.9800000000018,671.8079667279471,NEWS,strong_close,0.16668453716826612
2022-05-18 04:45:00,2022-05-19 05:53:00,-1,1812.55,1816.43,0.29,-84.61330000000316,681.7900000000016,TIME,nr7,-0.12410463632497246
2022-05-19 12:15:00,2022-05-20 13:17:00,1,1827.17,1846.73,0.23,429.98959999999875,669.8405766863478,TIME,lw,0.6419282661661462
2022-05-20 01:05:00,2022-05-20 23:00:00,1,1842.34,1844.66,0.15,33.75000000000246,669.4856946607352,TIME,friday,0.05041183145385267
2022-05-20 23:05:00,2022-05-20 23:55:00,1,1845.34,1845.64,0.8,18.400000000014554,682.9134990978904,TIME,fri_close,0.026943383055570636
2022-05-23 01:05:00,2022-05-23 23:45:00,1,1848.41,1853.35,0.23,112.00999999999604,664.1862625509839,TIME,strong_close,0.16864245214857632
2022-05-23 10:15:00,2022-05-24 11:17:00,1,1853.67,1859.19,0.23,107.06959999999958,664.1862625509839,TIME,lw,0.1612041772571
2022-05-24 17:00:00,2022-05-25 18:02:00,1,1867.7,1849.83,0.24,-449.63520000000284,681.5136457015747,TIME,lw,-0.659759643604982
2022-05-25 01:05:00,2022-05-25 23:45:00,1,1865.57,1853.57,0.24,-289.68,667.8398138657483,TIME,strong_close,-0.43375670929710786
2022-05-27 01:05:00,2022-05-27 23:00:00,1,1851.0,1853.44,0.17,40.29000000000094,680.4638600881044,TIME,friday,0.05920961033078863
2022-05-27 23:05:00,2022-05-27 23:55:00,1,1853.57,1853.02,0.96,-59.519999999995626,678.6428521192217,TIME,fri_close,-0.08770445281215361
2022-05-27 10:15:00,2022-05-27 23:57:00,1,1856.22,1852.82,0.25,-86.75000000000227,667.7047647922591,EOD,lw,-0.12992269124662084
2022-05-30 10:15:00,2022-05-31 13:44:00,1,1863.24,1849.97,0.26,-367.50479999999953,670.8491728565245,TIME,lw,-0.5478203072609263
2022-05-31 18:15:00,2022-05-31 23:45:00,-1,1843.8400000000001,1837.95,0.27,157.14000000000271,677.515988111649,TIME,tday,0.23193548603624592
2022-06-01 01:10:00,2022-06-01 16:50:00,1,1837.6000000000001,1844.71,0.13,91.5199999999987,646.0097459834323,NEWS,tom,0.14166968930271504
2022-06-01 16:15:00,2022-06-01 16:50:00,1,1846.27,1844.71,0.27,-44.009999999998534,671.8012746751027,NEWS,lw,-0.06551044432192049
2022-06-02 01:05:00,2022-06-02 15:05:00,1,1847.33,1857.17,0.27,263.79000000000394,665.5304693411667,NEWS,strong_close,0.3963605156367062
2022-06-02 13:30:00,2022-06-02 15:05:00,1,1856.76,1857.17,0.27,9.180000000002211,665.5304693411667,NEWS,lw,0.013793508220727795
2022-06-03 01:05:00,2022-06-03 15:20:00,1,1869.25,1866.09,0.18,-58.14000000000147,668.2575786739403,NEWS,friday,-0.0870023803027746
2022-06-03 18:15:00,2022-06-03 23:45:00,-1,1856.24,1851.42,0.27,128.2499999999983,668.8875786739403,TIME,tday,0.19173625597032615
2022-06-03 18:00:00,2022-06-03 23:57:00,-1,1857.55,1851.1299999999999,0.27,171.450000000002,668.8875786739403,EOD,lw,0.25632110008665293
2022-06-07 11:45:00,2022-06-08 12:47:00,1,1848.0,1849.2,0.28,9.385600000001276,682.2572528883386,TIME,lw,0.013756687760030844
2022-06-08 01:05:00,2022-06-08 23:45:00,1,1852.76,1851.55,0.28,-35.84000000000102,670.724591967743,TIME,strong_close,-0.053434748672111704
2022-06-09 18:15:00,2022-06-09 23:45:00,-1,1843.43,1848.17,0.29,-139.49000000000024,676.3791101322424,TIME,tday,-0.2062304969364412
2022-06-09 15:15:00,2022-06-10 15:20:00,-1,1845.15,1833.8600000000001,0.29,335.3588999999989,676.3791101322424,NEWS,lw,0.49581498744754426
2022-06-09 17:15:00,2022-06-10 15:20:00,-1,1841.3,1833.8600000000001,0.37,285.4216999999936,678.949999999999,NEWS,nr7,0.4203869209809176
2022-06-10 14:30:00,2022-06-10 15:20:00,-1,1840.68,1833.8600000000001,0.29,195.74999999999812,660.0284594085107,NEWS,lw,0.2965781205486517
2022-06-10 23:05:00,2022-06-10 23:55:00,1,1872.06,1871.49,0.52,-33.27999999999669,685.3689637372095,TIME,fri_close,-0.04855778677010127
2022-06-13 01:05:00,2022-06-13 11:45:00,1,1878.41,1853.6567980977572,0.27,-670.2264513605566,668.8764513605596,SL,strong_close,-1.0020183099543285
2022-06-15 10:15:00,2022-06-15 15:20:00,1,1821.7,1831.55,0.25,244.49999999999773,681.3623879437575,NEWS,lw,0.35883988363058833
2022-06-16 14:45:00,2022-06-16 18:32:00,-1,1817.06,1844.8163172664824,0.24,-667.8316143955795,666.6316143955781,SL,lw,-1.0018000946461103
2022-06-17 01:05:00,2022-06-17 23:00:00,1,1853.72,1836.97,0.15,-252.29999999999998,647.7998428890077,TIME,friday,-0.3894721537362713
2022-06-17 23:05:00,2022-06-17 23:55:00,1,1837.14,1840.22,0.7000000000000001,210.6999999999949,675.7298353392964,TIME,fri_close,0.31181100638274845
2022-06-21 09:45:00,2022-06-22 10:47:00,-1,1833.99,1828.3300000000002,0.56,332.30959999999186,673.6799999999894,TIME,inside,0.4932751454696549
2022-06-21 10:30:00,2022-06-22 11:32:00,-1,1832.8300000000002,1825.6000000000001,0.25,187.60250000000045,679.9655524276776,TIME,lw,0.27590000600795755
2022-06-22 10:15:00,2022-06-22 16:20:00,-1,1824.78,1842.43,0.25,-443.0000000000023,658.4501558257006,NEWS,lw,-0.6727920041942697
2022-06-23 14:15:00,2022-06-23 16:50:00,-1,1826.94,1840.2900000000002,0.25,-335.5000000000034,655.2394304095792,NEWS,lw,-0.5120265729281401
2022-06-24 01:05:00,2022-06-24 23:00:00,1,1824.27,1824.14,0.17,-3.3999999999979904,663.0689176593585,TIME,friday,-0.005127672115894126
2022-06-24 23:05:00,2022-06-24 23:55:00,1,1825.8,1827.21,0.79,105.86000000000647,673.0989375336566,TIME,fri_close,0.15727257034143396
2022-06-27 18:15:00,2022-06-27 23:45:00,-1,1824.49,1823.43,0.26,25.73999999999858,656.0885831060596,TIME,tday,0.03923250710771414
2022-06-27 15:30:00,2022-06-28 16:32:00,-1,1830.28,1825.14,0.26,140.76659999999669,656.0885831060596,TIME,lw,0.21455425932513317
2022-06-29 02:45:00,2022-06-29 15:20:00,-1,1818.18,1826.8700000000001,0.6,-525.6000000000033,678.6000000000005,NEWS,nr7,-0.774535809018572
2022-06-29 13:00:00,2022-06-29 15:20:00,-1,1814.69,1826.8700000000001,0.28,-343.0000000000018,669.4508271699127,NEWS,lw,-0.5123602602001794
2022-06-30 15:15:00,2022-06-30 23:45:00,-1,1806.06,1807.47,0.28,-41.4400000000023,664.03291094349,TIME,tday900,-0.06240654539414672
2022-06-30 18:15:00,2022-06-30 23:45:00,-1,1806.06,1807.47,0.28,-41.4400000000023,664.03291094349,TIME,tday,-0.06240654539414672
2022-06-30 14:45:00,2022-07-01 15:47:00,-1,1803.91,1787.02,0.28,480.5948000000028,664.03291094349,TIME,lw,0.7237514768916355
2022-07-01 10:15:00,2022-07-01 16:50:00,-1,1793.98,1794.54,0.28,-17.639999999998473,661.3219887332407,NEWS,lw,-0.02667384466345632
2022-07-01 15:15:00,2022-07-01 16:50:00,-1,1788.19,1794.54,0.28,-179.7599999999975,661.3219887332407,NEWS,tday900,-0.27181917895143176
2022-07-01 23:05:00,2022-07-01 23:55:00,1,1807.19,1808.4,0.61,69.54000000000222,671.2257527554482,TIME,fri_close,0.10360150771112943
2022-07-04 01:05:00,2022-07-05 04:30:00,1,1810.55,1808.71,0.28,-75.73439999999772,663.7847038237236,TIME,strong_close,-0.11409482557180159
2022-07-04 01:07:00,2022-07-05 04:32:00,1,1809.61,1808.9,0.14,-22.047199999997332,331.8923519118618,TIME,season,-0.06642876786100887
2022-07-05 01:07:00,2022-07-05 16:55:00,1,1808.09,1785.354588903805,0.14,-319.27575534672815,318.57575534672867,SL,season,-1.0021972795740142
2022-07-05 18:15:00,2022-07-05 23:45:00,-1,1767.5900000000001,1766.06,0.29,42.3400000000058,659.9069217896522,TIME,tday,0.06416056356126817
2022-07-06 01:07:00,2022-07-06 16:50:00,1,1767.45,1760.0,0.13,-97.76000000000059,319.54031966120994,NEWS,season,-0.3059394823903595
2022-07-06 18:15:00,2022-07-06 23:45:00,-1,1737.6000000000001,1738.66,0.27,-30.50999999999853,663.6606639117437,TIME,tday,-0.0459722892421659
2022-07-06 18:00:00,2022-07-07 19:02:00,-1,1743.64,1740.0,0.27,124.2621000000027,663.6606639117437,TIME,lw,0.18723740422941143
2022-07-08 01:05:00,2022-07-08 15:20:00,1,1740.8,1743.85,0.18,53.63999999999918,668.9843479647174,NEWS,friday,0.08018124813112697
2022-07-08 01:07:00,2022-07-08 15:20:00,1,1740.69,1743.85,0.13,40.16999999999811,322.40690827930837,NEWS,season,0.12459410443276835
2022-07-08 23:05:00,2022-07-08 23:55:00,1,1741.7,1742.56,0.79,62.409999999992095,672.9530338902599,TIME,fri_close,0.09274049875250201
2022-07-11 01:07:00,2022-07-11 23:47:00,1,1742.41,1733.35,0.13,-118.69000000000226,317.3921291165006,TIME,season,-0.3739538227692988
2022-07-12 01:07:00,2022-07-12 23:47:00,1,1733.3500000000001,1726.13,0.14,-102.0600000000004,330.8021291165005,TIME,season,-0.30852280265722637
2022-07-13 01:07:00,2022-07-13 15:20:00,1,1726.03,1729.5,0.14,47.600000000000385,328.6334056081789,NEWS,season,0.14484224423841022
2022-07-14 01:07:00,2022-07-14 13:58:00,1,1736.2,1711.6943149341514,0.13,-319.4839058560323,318.83390585603195,SL,season,-1.0020386790365197
2022-07-14 18:15:00,2022-07-14 23:45:00,-1,1705.8,1711.26,0.27,-149.31000000000097,662.1934967779125,TIME,tday,-0.2254779014389457
2022-07-15 01:05:00,2022-07-15 15:20:00,1,1711.15,1707.52,0.17,-62.90000000000186,650.9188999520582,NEWS,friday,-0.09663262198199285
2022-07-15 01:07:00,2022-07-15 15:20:00,1,1710.7,1707.52,0.13,-42.25000000000083,332.1443411520296,NEWS,season,-0.12720373273095176
2022-07-15 23:05:00,2022-07-15 23:55:00,1,1705.98,1707.01,0.84,80.63999999999771,670.7476445301451,TIME,fri_close,0.12022405245490736
2022-07-18 01:07:00,2022-07-18 23:47:00,1,1707.3899999999999,1708.91,0.13,18.85000000000272,324.74403106974177,TIME,season,0.05804571661535638
2022-07-18 10:15:00,2022-07-19 11:17:00,1,1716.63,1711.52,0.26,-155.34480000000332,649.4880621394835,TIME,lw,-0.2391803776781991
2022-07-19 01:07:00,2022-07-19 23:47:00,1,1710.18,1711.3,0.13,13.649999999998583,318.35517170761756,TIME,season,0.042876639719033556
2022-07-19 14:00:00,2022-07-20 15:02:00,1,1717.03,1708.08,0.27,-264.99960000000124,661.1992027773596,TIME,lw,-0.40078632715658685
2022-07-20 01:07:00,2022-07-20 23:47:00,1,1711.55,1696.62,0.14,-210.0000000000009,331.5951717076176,TIME,season,-0.6333023455032915
2022-07-21 01:07:00,2022-07-21 23:47:00,1,1697.08,1718.96,0.14,305.34000000000157,330.1198022999305,TIME,season,0.9249369406885346
2022-07-22 01:05:00,2022-07-22 23:00:00,1,1718.25,1724.09,0.18,103.85999999999852,666.9060745269163,TIME,friday,0.15573407405784057
2022-07-22 01:07:00,2022-07-22 23:47:00,1,1718.1599999999999,1726.71,0.13,110.24000000000237,321.40625810555235,TIME,season,0.3429926991769982
2022-07-22 23:05:00,2022-07-22 23:55:00,1,1724.47,1726.91,0.61,144.57000000000332,665.1038200134969,TIME,fri_close,0.21736456121552505
2022-07-22 17:00:00,2022-07-22 23:57:00,1,1734.8700000000001,1727.12,0.27,-211.14000000000613,667.5360745269164,EOD,lw,-0.3162975126844512
2022-07-25 01:07:00,2022-07-25 23:47:00,1,1726.56,1719.46,0.13,-93.20999999999881,323.0743825265844,TIME,season,-0.28850941158211135
2022-07-26 01:07:00,2022-07-26 23:47:00,1,1719.29,1717.17,0.13,-28.46999999999858,320.0269266318283,TIME,season,-0.0889612642899627
2022-07-27 01:07:00,2022-07-27 20:50:00,1,1718.11,1721.0,0.14,39.48000000000141,334.72692663182846,NEWS,season,0.11794689001350077
2022-07-27 11:30:00,2022-07-27 20:50:00,1,1724.23,1721.0,0.28,-92.40000000000052,669.4538532636569,NEWS,lw,-0.13802295639877332
2022-07-28 01:07:00,2022-07-28 15:20:00,1,1735.55,1739.58,0.13,51.47999999999965,315.35015612642354,NEWS,season,0.16324710484481691
2022-07-28 11:15:00,2022-07-28 15:20:00,1,1747.5,1739.58,0.27,-215.73000000000198,654.9580165702644,NEWS,lw,-0.3293798908358858
2022-07-29 01:05:00,2022-07-29 23:00:00,1,1755.5,1761.28,0.18,102.7799999999995,653.2910153866737,TIME,friday,0.15732651694155853
2022-07-29 01:07:00,2022-07-29 23:47:00,1,1755.43,1765.5,0.13,129.99999999999918,314.8508592602504,TIME,season,0.4128939025462318
2022-07-29 23:05:00,2022-07-29 23:55:00,1,1763.02,1765.87,0.74,205.71999999999323,668.4896472869781,TIME,fri_close,0.30773849802296044
2022-07-29 10:15:00,2022-07-29 23:57:00,1,1766.49,1766.01,0.27,-14.850000000000493,653.9210153866738,EOD,lw,-0.02270916464004365
2022-08-01 01:05:00,2022-08-01 16:50:00,1,1765.54,1773.82,0.28,229.87999999999923,661.7017185205009,NEWS,strong_close,0.3474072887614498
2022-08-01 01:07:00,2022-08-01 16:50:00,1,1765.12,1773.82,0.14,120.82000000000063,330.85085926025045,NEWS,season,0.3651796470172153
2022-08-01 01:10:00,2022-08-01 16:50:00,1,1765.4499999999998,1773.82,0.14,116.20000000000165,660.7217185205009,NEWS,tom,0.17586829181307773
2022-08-01 13:00:00,2022-08-01 16:50:00,1,1773.71,1773.82,0.28,1.119999999997199,661.7017185205009,NEWS,lw,0.0016926055481636159
2022-08-02 01:05:00,2022-08-02 16:50:00,1,1772.12,1776.1,0.29,113.39000000000053,671.5957854138492,NEWS,strong_close,0.16883667596294935
2022-08-02 01:07:00,2022-08-02 16:50:00,1,1771.9699999999998,1776.1,0.14,56.84000000000154,324.2186550273755,NEWS,season,0.1753137862940127
2022-08-02 14:30:00,2022-08-02 16:50:00,1,1779.76,1776.1,0.29,-108.17000000000236,671.5957854138492,NEWS,lw,-0.1610641435656808
2022-08-03 01:07:00,2022-08-03 16:50:00,1,1762.1799999999998,1767.34,0.14,71.26000000000114,328.7201796682772,NEWS,season,0.2167801200154857
2022-08-04 01:07:00,2022-08-04 23:47:00,1,1765.57,1791.21,0.14,357.98000000000144,323.79016683482877,TIME,season,1.1055925616870679
2022-08-04 10:15:00,2022-08-05 11:17:00,1,1773.38,1786.97,0.29,369.03079999999767,670.7082027292881,TIME,lw,0.550210655689485
2022-08-05 01:05:00,2022-08-05 15:20:00,1,1791.01,1787.26,0.19,-72.58,676.2146776137962,NEWS,friday,-0.1073327781883083
2022-08-05 01:07:00,2022-08-05 15:20:00,1,1791.06,1787.26,0.14,-54.17999999999937,332.50229777519814,NEWS,season,-0.1629462423644061
2022-08-05 23:05:00,2022-08-05 23:55:00,1,1774.06,1775.25,0.75,84.00000000000409,669.7290956625711,TIME,fri_close,0.12542384755869368
2022-08-08 01:07:00,2022-08-08 23:47:00,1,1774.97,1788.63,0.14,190.26000000000118,338.7221336483982,TIME,season,0.5616993432070657
2022-08-08 15:30:00,2022-08-09 16:32:00,1,1785.71,1797.5,0.28,305.905599999999,677.4442672967964,TIME,lw,0.45155832703500925
2022-08-09 01:05:00,2022-08-09 23:45:00,1,1789.01,1794.37,0.28,148.11999999999722,667.7153910613108,TIME,strong_close,0.22183104056440206
2022-08-09 01:07:00,2022-08-09 23:47:00,1,1788.6799999999998,1793.95,0.14,72.80000000000292,333.8576955306554,TIME,season,0.21805697749243075
2022-08-09 16:30:00,2022-08-10 15:20:00,1,1797.27,1791.01,0.28,-199.49439999999979,667.7153910613108,NEWS,lw,-0.29877160639192435
2022-08-10 01:07:00,2022-08-10 15:20:00,1,1794.47,1791.01,0.14,-49.42000000000051,327.27071727846555,NEWS,season,-0.15100648298439243
2022-08-11 01:07:00,2022-08-11 15:20:00,1,1792.5,1796.68,0.14,57.540000000000894,324.6542374728609,NEWS,season,0.1772347111434542
2022-08-12 01:05:00,2022-08-12 23:00:00,1,1790.2599999999998,1801.37,0.2,220.80000000000257,679.3028194613048,TIME,friday,0.32503913376231763
2022-08-12 01:07:00,2022-08-12 23:47:00,1,1790.1299999999999,1800.49,0.15,154.3500000000019,340.00140973065237,TIME,season,0.45396870596000555
2022-08-12 23:05:00,2022-08-12 23:55:00,1,1801.02,1801.77,0.88,59.84,680.7711329016375,TIME,fri_close,0.08790031937010187
2022-08-12 17:00:00,2022-08-12 23:57:00,1,1798.21,1801.62,0.3,100.19999999999564,680.0028194613047,EOD,lw,0.14735233021441535
2022-08-15 01:05:00,2022-08-15 12:49:00,1,1801.93,1779.6651508261978,0.3,-670.0454752140691,668.5454752140688,SL,strong_close,-1.0022436768411604
2022-08-15 01:07:00,2022-08-15 12:54:00,1,1801.27,1779.0051508261977,0.15,-335.02273760703457,334.2727376070344,SL,season,-1.0022436768411604
2022-08-16 01:07:00,2022-08-16 23:47:00,1,1779.32,1775.34,0.14,-56.70000000000025,319.1430392594297,TIME,season,-0.17766328268218665
2022-08-17 01:07:00,2022-08-17 15:20:00,1,1775.9599999999998,1767.5,0.15,-127.94999999999712,330.2111870183104,NEWS,season,-0.3874793012173213
2022-08-17 18:15:00,2022-08-17 23:45:00,-1,1762.67,1763.04,0.3,-13.199999999996725,660.4223740366208,TIME,tday,-0.019987208972518513
2022-08-18 01:07:00,2022-08-18 23:47:00,1,1762.9599999999998,1758.8,0.15,-63.44999999999781,330.9461022312881,TIME,season,-0.19172306176808981
2022-08-19 01:15:00,2022-08-19 09:10:00,1,1758.8,1755.9,0.48,-142.55999999999347,674.7424881013789,TIME,drift,-0.21128060336193633
2022-08-18 14:45:00,2022-08-19 15:47:00,1,1771.22,1756.21,0.3,-476.24399999999974,661.8922044625762,TIME,lw,-0.719518974221318
2022-08-19 01:05:00,2022-08-19 23:00:00,1,1759.3,1746.54,0.2,-256.5999999999998,650.6427612866779,TIME,friday,-0.39437924352306747
2022-08-19 01:07:00,2022-08-19 23:47:00,1,1758.9899999999998,1747.54,0.15,-172.79999999999728,325.6713806433389,TIME,season,-0.5305962091561257
2022-08-19 23:05:00,2022-08-19 23:55:00,1,1746.71,1746.87,0.97,8.729999999985885,668.107467942007,TIME,fri_close,0.013066760093068838
2022-08-22 01:07:00,2022-08-22 23:47:00,1,1746.1999999999998,1734.7,0.15,-173.5499999999966,317.44128202595755,TIME,season,-0.5467152819330071
2022-08-23 01:15:00,2022-08-23 09:10:00,1,1735.4699999999998,1737.07,0.43,65.79000000000586,661.8375335336816,TIME,drift,0.09940506040619973
2022-08-23 01:07:00,2022-08-23 23:50:00,1,1736.3799999999999,1747.88,0.15,171.4500000000034,317.6847618812463,TIME,season,0.5396859420789377
2022-08-24 01:15:00,2022-08-24 09:10:00,1,1747.83,1745.17,0.41000000000000003,-111.92999999999405,658.0850841275662,TIME,drift,-0.1700843898450934
2022-08-23 17:00:00,2022-08-24 18:05:00,1,1747.3,1752.16,0.31,123.85120000000396,656.548507887909,TIME,lw,0.18863983165300072
2022-08-24 01:07:00,2022-08-24 23:47:00,1,1747.86,1751.58,0.15,54.750000000000405,320.02156460401443,TIME,season,0.17108222087391672
2022-08-25 01:15:00,2022-08-25 09:10:00,1,1751.33,1756.26,0.44,213.8400000000028,661.3339752101613,TIME,drift,0.3233464603599836
2022-08-25 01:07:00,2022-08-25 15:20:00,1,1751.61,1759.87,0.16,131.03999999999985,332.36802589349986,NEWS,season,0.3942617514056204
2022-08-25 10:15:00,2022-08-25 15:20:00,1,1762.25,1759.87,0.32,-78.40000000000349,664.7360517869997,NEWS,lw,-0.11794154956578927
2022-08-26 01:15:00,2022-08-26 09:10:00,1,1757.68,1757.42,0.48,-15.839999999999563,674.4630467209744,TIME,drift,-0.023485348940922152
2022-08-26 01:07:00,2022-08-26 18:11:00,1,1758.24,1737.845784211538,0.16,-327.4274526153905,326.6274526153928,SL,season,-1.0024492736100161
2022-08-26 01:05:00,2022-08-26 23:00:00,1,1758.48,1736.93,0.22,-475.639999999999,672.8991210192477,TIME,friday,-0.7068518670072594
2022-08-26 23:05:00,2022-08-26 23:55:00,1,1737.62,1738.22,0.74,39.220000000010096,665.7340108780872,TIME,fri_close,0.05891241751083117
2022-08-29 01:07:00,2022-08-29 23:47:00,1,1737.34,1737.25,0.16,-2.5599999999986904,331.6626345714362,TIME,season,-0.007718686801444005
2022-08-30 01:15:00,2022-08-30 09:10:00,1,1737.82,1733.9,0.4,-159.59999999999386,667.7490107717204,TIME,drift,-0.23901196022071747
2022-08-30 01:07:00,2022-08-30 16:50:00,1,1737.86,1729.94,0.15,-119.84999999999768,315.76702563138423,NEWS,season,-0.37955198064254664
2022-08-30 18:15:00,2022-08-30 23:45:00,-1,1724.8600000000001,1724.39,0.31,12.400000000000846,652.5851863048607,TIME,tday,0.019001350720529657
2022-08-30 17:30:00,2022-08-31 15:05:00,-1,1725.5,1713.67,0.31,375.22709999999773,652.5851863048607,NEWS,lw,0.5749856231408649
2022-08-31 10:15:00,2022-08-31 15:05:00,-1,1720.07,1713.67,0.32,202.55999999999565,652.7999999999977,NEWS,inside,0.3102941176470533
2022-08-31 11:30:00,2022-08-31 15:05:00,-1,1715.0900000000001,1713.67,0.31,41.850000000002254,648.8848158545135,NEWS,lw,0.06449526784640534
2022-09-01 01:15:00,2022-09-01 09:10:00,1,1710.1799999999998,1706.23,0.41000000000000003,-164.81999999999255,659.2838450367951,TIME,drift,-0.24999854196456736
2022-09-01 01:10:00,2022-09-01 16:50:00,1,1710.9799999999998,1697.09,0.16,-223.35999999999797,659.7325423858932,NEWS,tom,-0.338561440659311
2022-09-02 01:15:00,2022-09-02 09:10:00,1,1696.1599999999999,1701.81,0.35000000000000003,195.30000000000322,665.3544403221874,TIME,drift,0.29352776229378175
2022-09-02 01:05:00,2022-09-02 15:20:00,1,1697.59,1705.62,0.21,167.15999999999943,654.4005270246057,NEWS,friday,0.2554398920796012
2022-09-02 12:45:00,2022-09-02 15:20:00,1,1706.53,1705.62,0.32,-31.36000000000262,665.534503644044,NEWS,lw,-0.047120021318647176
2022-09-02 23:05:00,2022-09-02 23:55:00,1,1710.26,1712.06,0.81,140.12999999999636,670.4401642347968,TIME,fri_close,0.20901194092381525
2022-09-06 01:15:00,2022-09-06 09:10:00,1,1711.99,1716.56,0.5700000000000001,256.49999999999636,662.1667408768127,TIME,drift,0.387364668392058
2022-09-06 10:15:00,2022-09-06 16:50:00,1,1715.93,1709.91,0.33,-200.96999999999943,661.357730679661,NEWS,lw,-0.30387487841635646
2022-09-07 01:15:00,2022-09-07 09:10:00,1,1702.11,1696.76,0.43,-233.05999999999608,669.6851080600271,TIME,drift,-0.34801430880721596
2022-09-08 01:15:00,2022-09-08 09:10:00,1,1718.7,1716.74,0.36,-73.0800000000013,662.1733377956668,TIME,drift,-0.11036385162120843
2022-09-07 17:45:00,2022-09-08 18:47:00,1,1713.17,1707.61,0.32,-256.4608000000055,657.0625453738941,TIME,lw,-0.39031413646332463
2022-09-08 01:05:00,2022-09-08 23:45:00,1,1718.79,1708.47,0.31,-322.08999999999804,653.173673628748,TIME,strong_close,-0.4931154040710283
2022-09-09 01:05:00,2022-09-09 23:00:00,1,1708.9299999999998,1715.69,0.2,133.8000000000044,638.3675869014096,TIME,friday,0.2095971079131069
2022-09-09 23:05:00,2022-09-09 23:55:00,1,1715.91,1717.48,0.92,137.99999999999415,663.6550433372106,TIME,fri_close,0.2079393525076774
2022-09-09 10:15:00,2022-09-09 23:57:00,1,1726.76,1716.85,0.31,-309.38000000000255,660.369839798123,EOD,lw,-0.4684950483119897
2022-09-12 10:30:00,2022-09-13 11:32:00,1,1726.42,1722.83,0.31,-138.0988000000045,659.9441369554,TIME,lw,-0.2092583178890146
2022-09-13 18:15:00,2022-09-13 23:45:00,-1,1704.3500000000001,1702.8000000000002,0.31,45.87999999999859,664.2209843157284,TIME,tday,0.06907339738334758
2022-09-15 06:15:00,2022-09-15 15:20:00,-1,1691.7,1686.18,0.43,234.34999999999923,657.4700000000012,NEWS,nr7,0.35644211903204526
2022-09-15 10:15:00,2022-09-15 15:20:00,-1,1686.53,1686.18,0.3,8.399999999997272,652.3768911258632,NEWS,lw,0.012875992565433559
2022-09-15 18:15:00,2022-09-15 23:45:00,-1,1667.1200000000001,1664.0800000000002,0.3,89.09999999999891,652.3768911258632,TIME,tday,0.13657749256910579
2022-09-16 01:05:00,2022-09-16 23:00:00,1,1664.98,1673.24,0.19,155.60999999999981,652.1206861003152,TIME,friday,0.2386214750072542
2022-09-16 23:05:00,2022-09-16 23:55:00,1,1673.78,1675.87,0.71,143.4199999999942,670.6025886877507,TIME,fri_close,0.21386735216850486
2022-09-19 15:15:00,2022-09-19 23:45:00,-1,1662.41,1675.7900000000002,0.29,-390.05000000000314,671.1260618040569,TIME,tday900,-0.5811873837107563
2022-09-19 10:15:00,2022-09-20 11:17:00,-1,1662.66,1668.7,0.29,-167.21109999999894,671.1260618040569,TIME,lw,-0.24915006213663948
2022-09-20 15:15:00,2022-09-20 23:45:00,-1,1668.13,1664.65,0.29,98.89000000000053,665.3627716751957,TIME,tday900,0.14862568843613447
2022-09-20 13:15:00,2022-09-21 14:17:00,-1,1666.55,1673.5,0.29,-193.6011000000013,665.3627716751957,TIME,lw,-0.2909707429415811
2022-09-22 10:15:00,2022-09-22 15:42:00,-1,1658.6200000000001,1682.1037699530452,0.28,-659.5055586852633,658.1055586852614,SL,lw,-1.0021273183025514
2022-09-23 01:05:00,2022-09-23 23:00:00,1,1671.8,1643.04,0.18,-518.9399999999998,645.1309466799147,TIME,friday,-0.8043948328175222
2022-09-23 23:05:00,2022-09-23 23:55:00,1,1644.4,1645.13,0.5700000000000001,37.62000000000104,660.3481126158882,TIME,fri_close,0.05696995157747028
2022-09-26 19:45:00,2022-09-27 20:47:00,-1,1628.27,1630.17,0.26,-42.27340000000237,644.5807406820402,TIME,lw,-0.06558278479631935
2022-09-28 10:00:00,2022-09-28 16:25:00,-1,1621.72,1642.3799999999999,0.32,-663.3599999999954,661.7599999999968,SL,inside,-1.0024177949709843
2022-09-28 10:15:00,2022-09-28 16:27:00,-1,1618.03,1642.7576776246594,0.26,-644.7396182411462,643.4396182411467,SL,lw,-1.0020203916003074
2022-09-29 01:05:00,2022-09-29 15:20:00,1,1659.1799999999998,1652.29,0.24,-167.03999999999695,633.7539584924116,NEWS,strong_close,-0.2635723181869436
2022-09-30 01:05:00,2022-09-30 23:00:00,1,1661.61,1661.79,0.16,1.7600000000010185,628.1429614572392,TIME,friday,0.0028019099281443283
2022-09-30 23:05:00,2022-09-30 23:55:00,1,1661.66,1660.62,0.67,-74.3700000000128,645.3730013800221,TIME,fri_close,-0.11523568516344038
2022-09-30 10:15:00,2022-09-30 23:57:00,1,1673.33,1660.72,0.24,-304.3199999999976,628.7029614572391,EOD,lw,-0.4840441649815511
2022-10-03 01:10:00,2022-10-03 16:50:00,1,1665.13,1670.68,0.12,65.75999999999945,610.6756070674362,NEWS,tom,0.10768401298324276
2022-10-03 15:30:00,2022-10-03 16:50:00,1,1668.96,1670.68,0.25,41.25000000000068,636.9954240285794,NEWS,lw,0.06475713709075243
2022-10-04 01:05:00,2022-10-04 16:50:00,1,1699.29,1709.97,0.24,254.64000000000152,639.5273494197622,NEWS,strong_close,0.39816905442907835
2022-10-04 17:45:00,2022-10-05 15:05:00,1,1719.13,1706.05,0.24,-334.6752000000037,639.5273494197622,NEWS,lw,-0.5233164778701829
2022-10-05 01:05:00,2022-10-05 15:05:00,1,1725.05,1706.05,0.24,-457.67999999999995,652.732538746922,NEWS,strong_close,-0.7011754016103248
2022-10-07 01:05:00,2022-10-07 15:20:00,1,1712.01,1709.76,0.16,-37.12,637.7157094297439,NEWS,friday,-0.05820775535417392
2022-10-07 23:05:00,2022-10-07 23:55:00,1,1695.69,1694.72,0.59,-61.360000000001605,648.7963624573099,TIME,fri_close,-0.09457512950226972
2022-10-10 15:15:00,2022-10-10 23:45:00,-1,1676.38,1668.16,0.24,195.60000000000065,634.1703016133334,TIME,tday900,0.30843450016879215
2022-10-10 18:15:00,2022-10-10 23:45:00,-1,1667.8300000000002,1668.16,0.24,-9.599999999998253,634.1703016133334,TIME,tday,-0.01513788957883362
2022-10-10 10:30:00,2022-10-11 11:32:00,-1,1685.81,1666.74,0.24,464.25839999999846,634.1703016133334,TIME,lw,0.7320721245049193
2022-10-13 14:45:00,2022-10-13 15:20:00,1,1680.5900000000001,1675.8,0.25,-121.50000000000477,649.9751854973329,NEWS,lw,-0.18693021320042894
2022-10-14 01:05:00,2022-10-14 15:20:00,1,1666.12,1655.03,0.16,-178.5599999999987,647.4007367861935,NEWS,friday,-0.2758106221602414
2022-10-14 18:15:00,2022-10-14 23:45:00,-1,1647.05,1643.53,0.24,82.79999999999954,647.9607367861935,TIME,tday,0.1277855204787214
2022-10-14 17:15:00,2022-10-14 23:57:00,-1,1649.43,1644.62,0.24,113.76000000000413,647.9607367861935,EOD,lw,0.1755661933533811
2022-10-17 12:30:00,2022-10-18 13:32:00,1,1657.18,1652.33,0.23,-131.44040000000314,628.5057746996187,TIME,lw,-0.20913157092760581
2022-10-19 15:15:00,2022-10-19 23:45:00,-1,1634.0800000000002,1629.17,0.24,116.16000000000196,630.3197298539604,TIME,tday900,0.1842874250928417
2022-10-19 18:15:00,2022-10-19 23:45:00,-1,1634.21,1629.17,0.24,119.2799999999991,630.3197298539604,TIME,tday,0.18923729394863656
2022-10-19 09:15:00,2022-10-20 10:17:00,-1,1645.51,1629.1200000000001,0.42,728.7965999999946,639.2399999999942,TIME,inside,1.1400985545335103
2022-10-19 10:15:00,2022-10-20 11:17:00,-1,1638.44,1632.21,0.24,172.6152000000004,630.3197298539604,TIME,lw,0.27385339824281535
2022-10-20 17:30:00,2022-10-21 18:32:00,1,1642.51,1645.41,0.25,50.88000000000227,657.6128339361225,TIME,lw,0.0773707527808749
2022-10-21 01:05:00,2022-10-21 23:00:00,1,1628.49,1655.19,0.16,426.0800000000007,625.4434405373432,TIME,friday,0.6812446536075885
2022-10-21 23:05:00,2022-10-21 23:55:00,1,1654.99,1657.04,0.53,104.93999999999761,658.3308630023505,TIME,fri_close,0.15940312979010818
2022-10-24 01:05:00,2022-10-24 23:45:00,1,1660.3999999999999,1649.91,0.24,-253.43999999999474,650.7003376418189,TIME,strong_close,-0.3894880413286369
2022-10-25 13:15:00,2022-10-26 10:02:00,-1,1639.3700000000001,1666.42662020638,0.24,-642.7804849531169,649.8388849531175,SL,lw,-0.9891382307777569
2022-10-26 10:15:00,2022-10-27 11:17:00,1,1666.2,1666.15,0.24,-60.10559999999891,644.7018217421805,TIME,lw,-0.09323007625071585
2022-10-28 01:05:00,2022-10-28 23:00:00,1,1662.4199999999998,1645.04,0.16,-279.1999999999981,622.7818769103495,TIME,friday,-0.4483110545623495
2022-10-28 23:05:00,2022-10-28 23:55:00,1,1644.53,1645.2,0.85,51.00000000000618,653.9670982860695,TIME,fri_close,0.07798557470806718
2022-11-01 01:10:00,2022-11-01 16:50:00,1,1633.02,1651.11,0.12,216.23999999999901,606.6753938665769,NEWS,tom,0.35643443295403476
2022-11-01 10:15:00,2022-11-01 16:50:00,1,1649.66,1651.11,0.25,34.49999999999545,632.8285352776843,NEWS,lw,0.054517137070718376
2022-11-03 12:45:00,2022-11-03 16:50:00,-1,1620.72,1621.43,0.25,-19.50000000000091,651.3865941935136,NEWS,lw,-0.029936139573372704
2022-11-04 01:05:00,2022-11-04 15:20:00,1,1629.4199999999998,1650.38,0.16,334.2400000000042,621.8646211096464,NEWS,friday,0.5374803271547932
2022-11-04 10:15:00,2022-11-04 15:20:00,1,1647.66,1650.38,0.25,66.25000000000068,648.3589803225483,NEWS,lw,0.10218104786185325
2022-11-04 23:05:00,2022-11-04 23:55:00,1,1680.08,1680.56,0.64,26.240000000001164,652.5148116160763,TIME,fri_close,0.04021364654545212
2022-11-07 01:05:00,2022-11-07 23:45:00,1,1675.4799999999998,1674.52,0.23,-23.689999999995607,641.2181003326916,TIME,strong_close,-0.03694530766942514
2022-11-08 10:30:00,2022-11-08 17:10:00,-1,1668.72,1695.6612587090838,0.24,-648.2702090180097,647.0702090180117,SL,lw,-1.001854512822989
2022-11-09 01:05:00,2022-11-09 23:45:00,1,1711.8700000000001,1705.97,0.22,-131.340000000002,632.777142199855,TIME,strong_close,-0.20756122691694803
2022-11-11 01:05:00,2022-11-11 23:00:00,1,1753.4299999999998,1767.82,0.14,200.48000000000144,628.6323881417638,TIME,friday,0.31891452585289143
2022-11-11 23:05:00,2022-11-11 23:55:00,1,1767.01,1769.88,0.72,201.60000000000852,649.1934837074989,TIME,fri_close,0.3105391613740251
2022-11-10 16:00:00,2022-11-11 23:57:00,1,1733.33,1770.14,0.3,1078.3560000000052,648.2534609348579,EOD,trendH4,1.6634789707792517
2022-11-10 20:00:00,2022-11-11 23:57:00,1,1748.99,1770.14,0.28,567.9856000000026,632.6467353622411,EOD,trendH4,0.8977926673007887
2022-11-11 08:00:00,2022-11-11 23:57:00,1,1760.9,1770.14,0.29,265.9300000000003,653.5404679358868,EOD,trendH4,0.4069067074605216
2022-11-11 12:00:00,2022-11-11 23:57:00,1,1764.1,1770.14,0.21,125.37000000000401,472.0292701834805,EOD,trendH4,0.26559793622813255
2022-11-14 01:05:00,2022-11-14 23:45:00,1,1763.95,1771.79,0.22,170.9399999999982,652.1219830222602,TIME,strong_close,0.2621288722821098
2022-11-15 01:05:00,2022-11-15 15:20:00,1,1770.6499999999999,1775.33,0.22,101.4200000000014,639.8461270920988,NEWS,strong_close,0.15850685923649127
2022-11-15 10:15:00,2022-11-15 15:20:00,1,1780.55,1775.33,0.22,-116.38000000000062,639.8461270920988,NEWS,lw,-0.18188748055553833
2022-11-15 12:00:00,2022-11-15 15:20:00,1,1776.94,1775.33,0.32,-53.76000000000408,660.7860359417007,NEWS,trendH4,-0.08135765145731254
2022-11-17 11:00:00,2022-11-18 12:02:00,-1,1766.92,1764.38,0.24,67.53839999999913,658.2014219586162,TIME,lw,0.1026105349317303
2022-11-18 19:30:00,2022-11-18 23:57:00,-1,1751.53,1751.23,0.24,5.519999999998909,646.0898918187149,EOD,lw,0.008543702772473887
2022-11-21 10:30:00,2022-11-22 11:32:00,-1,1742.3700000000001,1745.8500000000001,0.25,-80.14750000000046,660.9024251222688,TIME,lw,-0.12126979256457251
2022-11-22 11:45:00,2022-11-23 12:47:00,1,1747.69,1736.45,0.25,-302.62000000000023,650.3736804706783,TIME,lw,-0.46530173204578756
2022-11-23 15:30:00,2022-11-24 16:32:00,-1,1734.13,1756.67,0.26,-561.0201999999991,651.7722971402552,TIME,lw,-0.8607610394942468
2022-11-25 05:00:00,2022-11-25 11:51:00,1,1758.8600000000001,1749.24,0.68,-658.920000000008,655.5200000000111,SL,nr7,-1.0051867219916963
2022-11-25 01:05:00,2022-11-25 20:45:00,1,1754.97,1754.46,0.18,-10.439999999999836,648.6924395311978,EOD,friday,-0.016093913484708868
2022-11-28 11:15:00,2022-11-29 12:17:00,1,1760.97,1754.87,0.28,-195.01440000000386,655.7334602893013,TIME,lw,-0.2973988850804807
2022-11-29 10:15:00,2022-11-30 11:17:00,1,1753.5900000000001,1760.77,0.28,176.82559999999543,657.255355982923,TIME,lw,0.26903637739939507
2022-11-30 10:45:00,2022-11-30 15:05:00,1,1757.67,1760.87,0.28,87.63999999999493,649.2885448412858,NEWS,lw,0.13497850947211448
2022-11-30 11:00:00,2022-11-30 15:05:00,1,1759.68,1760.87,0.33,36.959999999994295,657.6900000000043,NEWS,inside,0.056196688409423975
2022-12-01 01:05:00,2022-12-01 16:50:00,1,1769.98,1801.38,0.28,877.2400000000026,653.4307916383369,NEWS,strong_close,1.342514021722962
2022-12-01 01:10:00,2022-12-01 16:50:00,1,1770.58,1801.38,0.14,430.2200000000026,652.4507916383369,NEWS,tom,0.6593907241949978
2022-12-01 12:15:00,2022-12-01 16:50:00,1,1779.26,1801.38,0.28,617.4000000000034,653.4307916383369,NEWS,lw,0.9448590545480814
2022-12-01 15:15:00,2022-12-01 16:50:00,1,1785.02,1801.38,0.28,456.12000000000364,653.4307916383369,NEWS,tday900,0.6980387300947067
2022-12-01 16:00:00,2022-12-01 16:50:00,1,1789.5800000000002,1801.38,0.34,398.81999999999846,649.8777289160702,NEWS,trendH4,0.6136846705997905
2022-12-01 18:15:00,2022-12-01 23:45:00,1,1799.3,1802.94,0.28,99.96000000000281,653.4307916383369,TIME,tday,0.15297718026016902
2022-12-01 20:00:00,2022-12-02 15:20:00,1,1801.77,1799.88,0.34,-93.66319999999567,668.0608424702664,NEWS,trendH4,-0.14020160147938077
2022-12-02 01:05:00,2022-12-02 15:20:00,1,1802.68,1799.88,0.18,-51.65999999999918,653.7894078190208,NEWS,friday,-0.07901626943197508
2022-12-02 23:05:00,2022-12-02 23:55:00,1,1798.47,1798.6,0.74,4.439999999991251,667.5272917167697,TIME,fri_close,0.006651413440448713
2022-12-05 04:00:00,2022-12-05 16:48:00,1,1806.67,1786.5034054176554,0.33,-667.8076212173755,666.1576212173802,SL,trendH4,-1.002476891275341
2022-12-06 15:15:00,2022-12-06 23:45:00,1,1777.66,1771.03,0.26,-174.20000000000283,670.2257101203288,TIME,tday900,-0.25991244049519957
2022-12-07 15:45:00,2022-12-08 16:47:00,1,1778.2,1787.61,0.26,180.84559999999624,647.6467308260194,TIME,lw,0.27923494614007044
2022-12-07 16:45:00,2022-12-08 17:47:00,1,1784.6000000000001,1791.99,0.38,187.55279999999513,652.8400000000048,TIME,inside,0.2872875436554037
2022-12-09 01:05:00,2022-12-09 15:20:00,1,1789.96,1802.41,0.18,222.84000000000083,644.494190101869,NEWS,friday,0.3457595171878565
2022-12-09 05:30:00,2022-12-09 15:20:00,1,1795.3500000000001,1802.41,0.48,335.51999999999737,662.4000000000009,NEWS,nr7,0.5065217391304301
2022-12-09 13:30:00,2022-12-09 15:20:00,1,1798.52,1802.41,0.28,106.96000000000282,669.0176786241607,NEWS,lw,0.15987619373521905
2022-12-09 23:05:00,2022-12-09 23:55:00,1,1795.97,1796.88,0.77,64.6800000000063,673.3795399265,TIME,fri_close,0.09605281444557431
2022-12-12 10:30:00,2022-12-13 11:32:00,-1,1789.02,1784.45,0.28,135.63479999999825,656.6707015795774,TIME,lw,0.20654918770357472
2022-12-13 15:00:00,2022-12-13 15:20:00,1,1789.2,1788.55,0.29,-20.88000000000264,672.6815675905628,NEWS,lw,-0.031039946693933416
2022-12-13 16:00:00,2022-12-14 20:50:00,1,1811.18,1809.23,0.37,-104.14760000000169,673.6945153050299,NEWS,trendH4,-0.1545917290908129
2022-12-15 10:15:00,2022-12-15 15:20:00,-1,1782.3300000000002,1778.2,0.27,109.62000000000295,654.8436493518188,NEWS,lw,0.16739873725355306
2022-12-16 01:05:00,2022-12-16 23:00:00,1,1776.47,1792.12,0.18,280.43999999999755,674.7655315409745,TIME,friday,0.41561103359792484
2022-12-16 15:15:00,2022-12-16 23:45:00,1,1785.66,1792.71,0.27,188.4599999999988,675.3955315409745,TIME,tday900,0.27903649224627036
2022-12-16 18:15:00,2022-12-16 23:45:00,1,1790.46,1792.71,0.27,58.86000000000001,675.3955315409745,TIME,tday,0.08714893310843458
2022-12-16 23:05:00,2022-12-16 23:55:00,1,1793.13,1792.94,0.86,-22.360000000004693,673.8371633574309,TIME,fri_close,-0.03318309113227706
2022-12-16 17:00:00,2022-12-16 23:57:00,1,1792.3400000000001,1792.86,0.27,12.149999999993371,675.3955315409745,EOD,lw,0.017989458669162458
2022-12-19 01:05:00,2022-12-19 23:45:00,1,1792.65,1787.28,0.27,-146.88000000000318,665.8015650023335,TIME,strong_close,-0.2206062702773737
2022-12-19 03:15:00,2022-12-20 04:17:00,1,1794.79,1786.42,0.33,-304.7483999999964,671.2199999999995,TIME,inside,-0.45402163225171577
2022-12-20 18:15:00,2022-12-20 23:45:00,1,1817.3400000000001,1817.95,0.28,15.119999999997198,670.9222477800251,TIME,tday,0.02253614342053326
2022-12-20 10:15:00,2022-12-21 11:17:00,1,1797.93,1814.41,0.28,437.22560000000055,670.9222477800251,TIME,lw,0.6516784939636604
2022-12-20 10:45:00,2022-12-21 11:47:00,1,1801.92,1813.8,0.37,407.56239999999565,664.8900000000034,TIME,nr7,0.6129771841958723
2022-12-21 01:05:00,2022-12-21 23:45:00,1,1818.06,1814.17,0.27,-106.91999999999656,671.2578290071145,TIME,strong_close,-0.1592830584309853
2022-12-22 16:00:00,2022-12-23 17:02:00,-1,1807.71,1793.6200000000001,0.28,402.19479999999777,670.516427932777,TIME,lw,0.5998284057558095
2022-12-23 18:15:00,2022-12-23 23:45:00,1,1802.77,1797.57,0.27,-142.2900000000012,669.274454603073,TIME,tday,-0.2126033632710354
2022-12-23 23:05:00,2022-12-23 23:55:00,1,1797.98,1798.06,1.04,1.0399999999924328,677.0672851192423,TIME,fri_close,0.0015360364070895439
2022-12-27 04:00:00,2022-12-27 19:55:00,1,1804.74,1813.155,0.5,417.2499999999982,673.000000000005,SL,inside,0.6199851411589823
2022-12-27 10:15:00,2022-12-28 11:17:00,1,1807.08,1801.01,0.28,-194.17439999999823,668.8865118399965,TIME,lw,-0.2902949851176644
2022-12-28 12:00:00,2022-12-29 13:02:00,-1,1800.06,1806.14,0.27,-138.1779000000042,666.3493001424455,TIME,lw,-0.20736556633355196
2022-12-29 15:45:00,2022-12-30 16:47:00,1,1811.73,1820.45,0.28,219.94560000000075,676.949696433466,TIME,lw,0.32490685963638377
2022-12-30 01:05:00,2022-12-30 23:00:00,1,1815.12,1823.41,0.19,156.18000000000362,672.8267921647939,TIME,friday,0.23212512019252468
2022-12-30 23:05:00,2022-12-30 23:55:00,1,1823.29,1824.22,0.78,67.08000000000497,678.2012303267245,TIME,fri_close,0.0989086970067705
2022-12-30 15:45:00,2022-12-30 23:57:00,1,1821.63,1823.68,0.28,55.439999999998726,661.6761466882185,EOD,lw,0.08378721263791004
2023-01-03 01:15:00,2023-01-03 09:10:00,1,1827.46,1841.25,0.41000000000000003,562.5199999999986,672.8405284856592,TIME,drift,0.8360376288064045
2023-01-03 01:05:00,2023-01-03 23:45:00,1,1829.0,1839.48,0.29,301.89000000000055,662.8297635241286,TIME,strong_close,0.4554563126358629
2023-01-03 01:07:00,2023-01-03 23:47:00,1,1830.96,1839.41,0.14,117.32000000000065,319.9867823909587,TIME,season,0.3666401440815124
2023-01-04 01:15:00,2023-01-04 09:10:00,1,1838.78,1849.21,0.3,310.8000000000019,682.9804886026099,TIME,drift,0.455064244420663
2023-01-03 10:15:00,2023-01-04 11:17:00,1,1844.01,1860.44,0.3,466.9560000000019,685.68596226634,TIME,lw,0.6810056289567481
2023-01-03 01:10:00,2023-01-04 16:50:00,1,1830.73,1857.19,0.14,358.33280000000053,638.9935647819174,NEWS,tom,0.5607768524590638
2023-01-03 08:00:00,2023-01-04 16:50:00,1,1840.53,1857.19,0.41000000000000003,647.6032000000034,677.6592316424775,NEWS,trendH4,0.9556472778071278
2023-01-04 01:07:00,2023-01-04 16:50:00,1,1838.53,1857.19,0.14,260.2600000000011,323.4405836487474,NEWS,season,0.8046609274074288
2023-01-04 10:15:00,2023-01-04 16:50:00,1,1859.65,1857.19,0.29,-73.37000000000104,669.9840661295481,NEWS,lw,-0.10951006704361567
2023-01-04 12:00:00,2023-01-04 16:50:00,1,1860.76,1857.19,0.37,-134.67999999999765,691.201035786573,NEWS,trendH4,-0.19484924504885107
2023-01-04 18:15:00,2023-01-04 23:45:00,1,1859.3400000000001,1853.66,0.3,-172.5000000000019,693.0869649616014,TIME,tday,-0.24888651600821665
2023-01-05 01:07:00,2023-01-05 15:05:00,1,1854.74,1847.12,0.14,-107.66000000000166,329.447684816694,NEWS,season,-0.32678936584394
2023-01-05 15:45:00,2023-01-06 15:20:00,-1,1842.3400000000001,1836.0600000000002,0.29,190.0688999999992,682.4273471202946,NEWS,lw,0.2785188794119279
2023-01-06 18:15:00,2023-01-06 23:45:00,1,1862.32,1866.42,0.28,112.84000000000384,679.8314146595746,TIME,tday,0.16598232674568067
2023-01-06 23:05:00,2023-01-06 23:55:00,1,1866.71,1866.48,0.6900000000000001,-20.700000000001253,687.8996309663446,TIME,fri_close,-0.030091599222000453
2023-01-09 01:05:00,2023-01-09 23:45:00,1,1866.62,1871.31,0.27,124.74000000000149,685.1173126160987,TIME,strong_close,0.1820710084287401
2023-01-09 01:07:00,2023-01-09 23:47:00,1,1867.56,1871.3,0.13,47.71000000000012,329.8712986670105,TIME,season,0.14463216470421428
2023-01-10 01:07:00,2023-01-10 23:47:00,1,1871.02,1876.93,0.14,81.76000000000116,345.6512986670105,TIME,season,0.23653896373398597
2023-01-10 17:00:00,2023-01-11 18:02:00,1,1878.41,1871.11,0.28,-228.61440000000513,691.302597334021,TIME,lw,-0.33070091285877823
2023-01-11 07:45:00,2023-01-11 18:17:00,1,1884.48,1867.95,0.42,-697.1999999999989,695.1000000000007,SL,inside,-1.0030211480362512
2023-01-11 01:07:00,2023-01-11 23:47:00,1,1877.39,1876.37,0.14,-15.260000000002929,333.94192019079554,TIME,season,-0.04569656900602424
2023-01-12 01:15:00,2023-01-12 09:10:00,1,1877.58,1883.65,0.42,252.00000000000688,677.0905799394728,TIME,drift,0.3721806320544792
2023-01-09 04:00:00,2023-01-12 15:20:00,1,1874.6200000000001,1888.55,0.33,326.2379999999946,681.2596098935129,NEWS,trendH4,0.47887471275596183
2023-01-09 08:00:00,2023-01-12 15:20:00,1,1878.16,1888.55,0.34,215.76399999999566,684.7096484715294,NEWS,trendH4,0.315117510731218
2023-01-11 08:00:00,2023-01-12 15:20:00,1,1882.46,1888.55,0.37,134.51719999999696,682.4927925274284,NEWS,trendH4,0.19709687995656147
2023-01-12 01:07:00,2023-01-12 15:20:00,1,1877.27,1888.55,0.14,156.93999999999966,329.66892589145294,NEWS,season,0.4760533604300754
2023-01-12 11:30:00,2023-01-12 15:20:00,1,1883.1000000000001,1888.55,0.29,156.01999999999472,682.8856322037238,NEWS,lw,0.2284716395284322
2023-01-12 16:00:00,2023-01-12 16:53:00,1,1899.89,1880.4742196790746,0.36,-701.4880915533172,699.6880915533175,SL,trendH4,-1.0025725748683298
2023-01-13 01:05:00,2023-01-13 23:00:00,1,1896.07,1920.62,0.19,465.11999999999915,685.3323318509352,TIME,friday,0.6786780345585186
2023-01-13 18:15:00,2023-01-13 23:45:00,1,1911.27,1919.98,0.28,241.920000000001,673.9622909412698,TIME,tday,0.35895183343585957
2023-01-13 01:07:00,2023-01-13 23:47:00,1,1895.98,1920.16,0.14,337.5400000000009,336.9811454706349,TIME,season,1.001658414830852
2023-01-13 23:05:00,2023-01-13 23:55:00,1,1920.19,1920.52,0.76,19.759999999994466,695.2645275449636,TIME,fri_close,0.028420837274366142
2023-01-13 11:15:00,2023-01-13 23:57:00,1,1908.8400000000001,1920.33,0.28,319.75999999999397,673.9622909412698,EOD,lw,0.47444790947192383
2023-01-13 12:00:00,2023-01-13 23:57:00,1,1904.5,1920.33,0.34,535.8399999999975,683.740114185423,EOD,trendH4,0.7836895757364961
2023-01-13 20:00:00,2023-01-13 23:57:00,1,1917.03,1920.33,0.32,103.35999999999855,681.1136969904418,EOD,trendH4,0.1517514630181472
2023-01-16 01:05:00,2023-01-17 03:15:00,1,1919.04,1914.2,0.28,-159.73439999999775,685.1021273026075,TIME,strong_close,-0.23315414393603764
2023-01-16 01:07:00,2023-01-17 03:17:00,1,1919.32,1915.01,0.14,-72.44719999999924,342.55106365130376,TIME,season,-0.21149313981913687
2023-01-17 01:15:00,2023-01-17 09:10:00,1,1916.54,1908.19,0.46,-387.31999999999584,704.3040205980935,TIME,drift,-0.5499329674010444
2023-01-16 04:00:00,2023-01-17 21:14:00,1,1924.3500000000001,1903.8853902645667,0.34,-725.1999310047371,696.4767310047401,SL,trendH4,-1.0412407173439389
2023-01-17 01:07:00,2023-01-17 23:47:00,1,1916.8,1908.3,0.14,-119.98000000000002,336.2831305333536,TIME,season,-0.35678269025778575
2023-01-18 01:15:00,2023-01-18 09:10:00,1,1908.52,1904.16,0.39,-172.7699999999961,693.6937725301822,TIME,drift,-0.2490580236432481
2023-01-18 01:07:00,2023-01-18 15:20:00,1,1908.42,1917.44,0.14,125.29999999999974,327.5829069238284,NEWS,season,0.3824985899802619
2023-01-18 12:00:00,2023-01-18 15:20:00,1,1914.95,1917.44,0.29,70.18000000000026,678.5645929136443,NEWS,lw,0.10342419974885357
2023-01-19 01:15:00,2023-01-19 09:10:00,1,1904.52,1909.37,0.36,172.07999999999672,688.2413970520487,TIME,drift,0.25002855209969743
2023-01-19 18:15:00,2023-01-19 23:45:00,1,1920.46,1931.8,0.29,326.82999999999765,691.0371219912416,TIME,tday,0.4729557784945452
2023-01-19 01:07:00,2023-01-19 23:47:00,1,1904.23,1931.41,0.14,379.54000000000093,333.60412785784087,TIME,season,1.1376957546572528
2023-01-19 16:30:00,2023-01-20 17:32:00,1,1917.52,1930.0,0.29,336.84080000000057,691.0371219912416,TIME,lw,0.48744240979324666
2023-01-20 01:05:00,2023-01-20 23:00:00,1,1932.34,1927.1,0.19,-100.89000000000017,699.6314253639284,TIME,friday,-0.14420450017310193
2023-01-20 01:07:00,2023-01-20 23:47:00,1,1932.6699999999998,1926.85,0.14,-82.45999999999913,344.00526158228064,TIME,season,-0.23970563595660585
2023-01-20 23:05:00,2023-01-20 23:55:00,1,1927.53,1926.68,0.88,-80.959999999992,701.9648464838036,TIME,fri_close,-0.11533341079047892
2023-01-23 01:07:00,2023-01-23 23:47:00,1,1925.07,1931.16,0.14,84.28000000000205,336.3334571835463,TIME,season,0.2505846450893173
2023-01-24 01:15:00,2023-01-24 09:10:00,1,1931.39,1938.5,0.34,239.3599999999966,702.6435016627563,TIME,drift,0.3406563918026254
2023-01-24 01:05:00,2023-01-24 23:45:00,1,1931.19,1936.98,0.29,165.87999999999894,697.0763946846783,TIME,strong_close,0.2379653094909842
2023-01-24 01:07:00,2023-01-24 23:47:00,1,1931.6000000000001,1937.31,0.14,78.95999999999734,336.51963881329306,TIME,season,0.2346371233442507
2023-01-25 01:15:00,2023-01-25 09:10:00,1,1937.14,1932.22,0.36,-179.64000000000263,695.3145056595804,TIME,drift,-0.2583579064406183
2023-01-25 01:07:00,2023-01-25 23:47:00,1,1937.15,1945.8,0.14,120.1199999999981,337.96252175520084,TIME,season,0.3554240256468603
2023-01-26 01:15:00,2023-01-26 09:10:00,1,1947.89,1943.26,0.33,-155.1000000000036,704.9015752268692,TIME,drift,-0.22003071840219027
2023-01-26 01:05:00,2023-01-26 15:20:00,1,1946.54,1936.52,0.28,-282.5199999999995,684.2446832596587,NEWS,strong_close,-0.41289323382698206
2023-01-26 01:07:00,2023-01-26 15:20:00,1,1947.2299999999998,1936.52,0.14,-150.91999999999734,342.12234162982935,NEWS,season,-0.44112874733942475
2023-01-27 01:05:00,2023-01-27 23:00:00,1,1929.19,1926.54,0.18,-48.960000000001635,671.0625607758677,TIME,friday,-0.07295892046696088
2023-01-27 01:07:00,2023-01-27 23:47:00,1,1929.7,1928.37,0.14,-19.600000000002165,348.285031513413,TIME,season,-0.056275746088867845
2023-01-27 23:05:00,2023-01-27 23:55:00,1,1928.54,1928.49,0.77,-9.239999999996499,701.4383965630767,TIME,fri_close,-0.01317293157213927
2023-01-30 01:07:00,2023-01-30 23:47:00,1,1928.61,1922.53,0.14,-86.09999999999899,341.98752926245487,TIME,season,-0.25176356630806385
2023-01-31 01:15:00,2023-01-31 09:10:00,1,1923.14,1914.82,0.41000000000000003,-343.9900000000068,697.4969650199447,TIME,drift,-0.49317777316804595
2023-01-31 01:07:00,2023-01-31 23:47:00,1,1922.6499999999999,1928.03,0.14,74.34000000000152,331.44984860085117,TIME,season,0.2242873252584452
2023-02-01 01:15:00,2023-02-01 09:10:00,1,1927.5,1927.62,0.37,1.849999999995962,690.168276835169,TIME,drift,0.002680505699971186
2023-02-01 01:05:00,2023-02-01 15:05:00,1,1927.77,1929.93,0.29,60.61000000000237,700.3600659312289,NEWS,strong_close,0.08654119923215883
2023-02-01 01:10:00,2023-02-01 15:05:00,1,1927.48,1929.93,0.14,33.32000000000065,675.2297188301521,NEWS,tom,0.04934616926773922
2023-02-02 01:05:00,2023-02-02 16:54:00,1,1953.33,1928.4932491204286,0.28,-697.389024627998,695.9890246279983,SL,strong_close,-1.0020115259730538
2023-02-02 17:00:00,2023-02-03 15:20:00,-1,1921.3300000000002,1914.95,0.28,186.31480000000306,695.9890246279983,NEWS,lw,0.2676978995460268
2023-02-03 23:05:00,2023-02-03 23:55:00,1,1865.01,1865.76,0.54,36.72,689.6283867571681,TIME,fri_close,0.05324606803479777
2023-02-07 10:30:00,2023-02-08 11:32:00,1,1876.18,1883.44,0.24,153.48479999999978,676.8668368724636,TIME,lw,0.22675774855390002
2023-02-08 10:30:00,2023-02-09 11:32:00,1,1882.78,1880.29,0.25,-123.61000000000023,689.4217916177103,TIME,lw,-0.17929517387309818
2023-02-09 16:00:00,2023-02-09 18:03:00,1,1889.74,1869.27,0.34,-698.360000000001,696.6600000000025,SL,nr7,-1.0024402147388949
2023-02-09 10:15:00,2023-02-10 05:33:00,1,1883.0,1856.1764763113422,0.26,-719.8964159051033,697.9316159051031,SL,lw,-1.0314712781301867
2023-02-10 01:05:00,2023-02-10 23:00:00,1,1862.37,1864.24,0.17,30.60000000000201,692.123078770719,TIME,friday,0.04421178969259445
2023-02-10 23:05:00,2023-02-10 23:55:00,1,1863.73,1865.28,0.8,118.39999999999638,691.384983121594,TIME,fri_close,0.17125046521175794
2023-02-13 11:45:00,2023-02-14 12:47:00,-1,1855.22,1860.3300000000002,0.26,-125.7334000000033,692.1764443263389,TIME,lw,-0.18164934827040147
2023-02-15 10:15:00,2023-02-15 15:20:00,-1,1833.76,1835.95,0.26,-58.760000000001426,675.6241790364859,NEWS,lw,-0.08697142852968884
2023-02-17 01:05:00,2023-02-17 23:00:00,1,1835.59,1841.78,0.18,110.16000000000098,692.3700684739964,TIME,friday,0.1591056647535281
2023-02-17 23:05:00,2023-02-17 23:55:00,1,1842.48,1841.95,0.8200000000000001,-49.19999999999777,692.652955858437,TIME,fri_close,-0.0710312423903857
2023-02-20 01:05:00,2023-02-21 03:15:00,1,1841.62,1841.5,0.27,-26.589599999997056,691.2707778687111,TIME,strong_close,-0.0384648112596003
2023-02-21 10:15:00,2023-02-22 11:17:00,-1,1833.05,1834.28,0.28,-26.76520000000052,686.2081564661664,TIME,lw,-0.03900449119963234
2023-02-22 14:30:00,2023-02-23 15:20:00,1,1842.98,1826.37,0.29,-552.8676000000037,688.2666198666955,NEWS,lw,-0.8032753355190811
2023-02-24 01:05:00,2023-02-24 23:00:00,1,1822.91,1810.88,0.19,-229.8999999999995,658.5927919753588,TIME,friday,-0.3490776133617345
2023-02-24 23:05:00,2023-02-24 23:55:00,1,1811.76,1811.08,0.84,-63.00000000000535,682.4329824435894,TIME,fri_close,-0.09231675727984469
2023-02-28 01:15:00,2023-02-28 09:10:00,1,1817.6399999999999,1813.32,0.5,-219.49999999999682,687.8092425358285,TIME,drift,-0.31912918062970475
2023-02-27 17:15:00,2023-02-28 18:17:00,1,1819.14,1825.86,0.3,175.655999999994,684.994458321779,TIME,lw,0.25643419135148515
2023-03-01 01:15:00,2023-03-01 09:10:00,1,1827.4099999999999,1834.86,0.45,332.10000000000207,674.079980447505,TIME,drift,0.49267150728839193
2023-03-01 01:05:00,2023-03-01 16:50:00,1,1827.07,1841.57,0.3,432.8999999999999,674.8824666141862,NEWS,strong_close,0.6414450240081259
2023-03-01 01:10:00,2023-03-01 16:50:00,1,1827.36,1841.57,0.15,212.1000000000005,673.8324666141863,NEWS,tom,0.31476666754533483
2023-03-01 13:30:00,2023-03-01 16:50:00,1,1838.04,1841.57,0.3,103.79999999999917,674.8824666141862,NEWS,lw,0.153804558771178
2023-03-02 01:15:00,2023-03-02 09:10:00,1,1838.03,1833.67,0.4,-177.199999999996,679.6814358234346,TIME,drift,-0.260710372036744
2023-03-03 01:15:00,2023-03-03 09:10:00,1,1836.8899999999999,1844.13,0.46,329.82000000001085,680.0033389821809,TIME,drift,0.48502703015205867
2023-03-03 01:05:00,2023-03-03 16:50:00,1,1836.54,1844.67,0.21,169.2600000000023,676.1916260239152,NEWS,friday,0.25031365885920626
2023-03-03 10:15:00,2023-03-03 16:50:00,1,1843.83,1844.67,0.32,24.640000000004655,687.6714931036599,NEWS,lw,0.03583106213811078
2023-03-03 23:05:00,2023-03-03 23:55:00,1,1854.84,1854.76,0.88,-13.199999999993597,693.0603374420848,TIME,fri_close,-0.01904596077263857
2023-03-06 01:05:00,2023-03-06 23:45:00,1,1853.95,1846.81,0.32,-230.7200000000032,686.09495788197,TIME,strong_close,-0.33627998187343383
2023-03-07 01:15:00,2023-03-07 09:10:00,1,1846.81,1846.62,0.53,-13.780000000002893,686.9620650262177,TIME,drift,-0.02005933180528241
2023-03-07 14:15:00,2023-03-07 16:50:00,-1,1841.17,1830.74,0.33,341.8800000000021,687.9700377932262,NEWS,lw,0.49694024625932376
2023-03-08 01:15:00,2023-03-08 09:10:00,1,1814.3799999999999,1813.43,0.42,-42.83999999999236,693.4074316295323,TIME,drift,-0.06178185875411924
2023-03-09 01:15:00,2023-03-09 09:10:00,1,1815.58,1813.48,0.51,-110.66999999999535,694.8598846203298,TIME,drift,-0.15926951958158478
2023-03-10 01:15:00,2023-03-10 09:10:00,1,1831.7199999999998,1832.63,0.43,36.1200000000133,683.5456078851627,TIME,drift,0.05284212140835165
2023-03-09 13:45:00,2023-03-10 14:47:00,1,1820.3,1836.57,0.32,492.9663999999994,693.4743667881519,TIME,lw,0.7108646312093533
2023-03-10 01:05:00,2023-03-10 15:20:00,1,1831.2899999999997,1835.2,0.21,80.6400000000065,686.783913392295,NEWS,friday,0.11741684455259577
2023-03-10 23:05:00,2023-03-10 23:55:00,1,1868.34,1867.39,0.5700000000000001,-58.13999999998964,690.2265724521883,TIME,fri_close,-0.08423321025360404
2023-03-13 01:05:00,2023-03-13 23:45:00,1,1883.43,1913.49,0.29,869.7099999999984,675.7164973897853,TIME,strong_close,1.2870930388107846
2023-03-13 12:45:00,2023-03-14 13:47:00,1,1892.5,1902.48,0.29,264.34080000000057,675.7164973897853,TIME,lw,0.391200749161991
2023-03-14 01:05:00,2023-03-14 15:20:00,1,1912.46,1906.86,0.28,-158.76000000000383,700.7947907632555,NEWS,strong_close,-0.22654277984443036
2023-03-15 11:00:00,2023-03-15 15:03:00,-1,1896.3400000000001,1920.8985007140877,0.28,-689.5980199944526,688.1980199944513,SL,lw,-1.0020342982097108
2023-03-15 18:15:00,2023-03-15 23:45:00,1,1923.44,1917.86,0.28,-158.20000000000437,688.1980199944513,TIME,tday,-0.22987569769712482
2023-03-16 15:15:00,2023-03-16 23:45:00,1,1927.25,1918.85,0.26,-220.22000000000236,689.5023743829705,TIME,tday900,-0.3193897630839564
2023-03-17 01:05:00,2023-03-17 23:00:00,1,1920.06,1976.25,0.17,954.0400000000009,674.7564480987768,TIME,friday,1.4139027536352495
2023-03-17 15:15:00,2023-03-17 23:45:00,1,1937.02,1983.43,0.26,1204.8400000000022,688.5936333556155,TIME,tday900,1.7497112108467285
2023-03-17 18:15:00,2023-03-17 23:45:00,1,1957.34,1983.43,0.26,676.5200000000038,688.5936333556155,TIME,tday,0.9824662431211061
2023-03-17 23:05:00,2023-03-17 23:55:00,1,1976.1299999999999,1986.0,0.35000000000000003,343.00000000000415,700.4481362444607,TIME,fri_close,0.4896865053264915
2023-03-17 10:45:00,2023-03-17 23:57:00,1,1931.41,1987.7,0.26,1461.7199999999993,688.5936333556155,EOD,lw,2.1227614215322155
2023-03-17 14:30:00,2023-03-17 23:57:00,1,1935.7,1987.7,0.24,1246.32,672.9600000000006,EOD,inside,1.8519971469329513
2023-03-17 16:00:00,2023-03-17 23:57:00,1,1945.16,1987.7,0.27,1146.689999999999,677.0161929348797,EOD,trendH4,1.6937408764612754
2023-03-20 12:00:00,2023-03-20 17:12:00,1,1996.59,1967.2778473118071,0.24,-705.1716645166266,703.9716645166284,SL,trendH4,-1.001704614064008
2023-03-20 01:05:00,2023-03-20 23:45:00,1,1985.8700000000001,1978.77,0.24,-172.08000000000328,710.1374000190988,TIME,strong_close,-0.24231930327197987
2023-03-21 16:45:00,2023-03-22 17:47:00,-1,1956.23,1946.02,0.23,241.13430000000082,704.239888707472,TIME,lw,0.34240363811622077
2023-03-22 18:15:00,2023-03-22 20:50:00,1,1951.53,1948.68,0.22,-64.239999999998,703.6835657463879,NEWS,tday,-0.09129103353701246
2023-03-23 18:15:00,2023-03-23 23:45:00,1,1982.3600000000001,1993.22,0.22,237.3799999999978,723.7261681930746,TIME,tday,0.32799698343458256
2023-03-23 19:15:00,2023-03-24 20:17:00,1,1988.45,1985.71,0.22,-79.3056000000002,723.7261681930746,TIME,lw,-0.10957956681047239
2023-03-24 01:05:00,2023-03-24 23:00:00,1,1992.84,1975.99,0.14,-236.87999999999874,699.3445581711343,TIME,friday,-0.33871715627482246
2023-03-24 23:05:00,2023-03-24 23:55:00,1,1976.73,1977.5,0.5,34.99999999999909,723.8854456134196,TIME,fri_close,0.048350191611243314
2023-03-27 10:30:00,2023-03-28 11:32:00,-1,1967.3600000000001,1952.42,0.22,334.7102000000012,724.6814409419876,TIME,lw,0.4618721842316305
2023-03-28 18:15:00,2023-03-28 23:45:00,1,1969.68,1973.41,0.22,80.5200000000004,728.374195160417,TIME,tday,0.11054757367161626
2023-03-29 01:05:00,2023-03-29 23:45:00,1,1974.33,1963.49,0.22,-240.0199999999982,717.44032407753,TIME,strong_close,-0.33455047332140264
2023-03-30 13:45:00,2023-03-30 15:20:00,1,1970.9,1969.79,0.23,-27.140000000002928,722.3840159064331,NEWS,lw,-0.03757004502092726
2023-03-30 18:15:00,2023-03-30 23:45:00,1,1974.56,1980.8,0.23,141.91000000000022,722.3840159064331,TIME,tday,0.19644676082974286
2023-03-31 01:05:00,2023-03-31 23:00:00,1,1980.37,1970.87,0.15,-143.55,702.4457287348811,TIME,friday,-0.20435742453518288
2023-03-31 23:05:00,2023-03-31 23:55:00,1,1970.0,1969.27,0.68,-54.400000000001235,722.862962906784,TIME,fri_close,-0.07525631107346736
2023-04-03 01:10:00,2023-04-03 16:50:00,1,1966.53,1979.82,0.11,145.4199999999996,670.0585029148446,NEWS,tom,0.2170258259053546
2023-04-03 18:15:00,2023-04-03 23:45:00,1,1986.42,1984.04,0.23,-56.35000000000251,701.320707592792,TIME,tday,-0.08034840464559763
2023-04-04 01:05:00,2023-04-04 16:50:00,1,1985.54,1992.36,0.23,155.24999999999852,718.3370856218784,NEWS,strong_close,0.21612416107626628
2023-04-04 18:15:00,2023-04-04 23:45:00,1,2021.9,2020.93,0.23,-23.920000000000627,718.3370856218784,TIME,tday,-0.033299130002862956
2023-04-04 20:00:00,2023-04-05 15:05:00,1,2020.98,2022.95,0.3,33.156000000000816,711.6065747578083,NEWS,trendH4,0.04659316141266021
2023-04-05 01:05:00,2023-04-05 15:05:00,1,2021.25,2022.95,0.22,35.860000000001,713.5332499622896,NEWS,strong_close,0.05025694317944709
2023-04-05 16:00:00,2023-04-05 16:50:00,1,2031.75,2024.1,0.34,-262.4800000000031,720.9844760139789,NEWS,trendH4,-0.3640577692478832
2023-04-06 16:15:00,2023-04-10 17:17:00,-1,2009.45,1989.46,0.23,466.0743000000002,729.0068238270279,TIME,lw,0.6393277604087093
2023-04-11 18:15:00,2023-04-11 23:45:00,1,2004.62,2003.15,0.23,-35.4199999999954,702.8853225855498,TIME,tday,-0.050392288559538596
2023-04-11 10:30:00,2023-04-12 11:32:00,1,2002.1,2010.23,0.23,167.0996000000025,702.8853225855498,TIME,lw,0.2377338018459824
2023-04-12 04:30:00,2023-04-12 15:20:00,1,2010.01,2008.29,0.34,-60.86000000000093,717.0599999999994,NEWS,nr7,-0.08487434803224414
2023-04-12 10:15:00,2023-04-12 15:20:00,1,2016.04,2008.29,0.24,-187.68,713.1480144307192,NEWS,lw,-0.263171173728666
2023-04-13 11:15:00,2023-04-13 15:20:00,1,2026.25,2029.44,0.24,74.8800000000013,708.4260133999537,NEWS,lw,0.10569911124611195
2023-04-13 16:00:00,2023-04-14 15:20:00,1,2045.3,2037.02,0.32,-292.63359999999915,725.587963109934,NEWS,trendH4,-0.4033054775960529
2023-04-14 01:05:00,2023-04-14 15:20:00,1,2040.42,2037.02,0.16,-55.52000000000145,717.5384410142424,NEWS,friday,-0.07737564543792774
2023-04-14 23:05:00,2023-04-14 23:55:00,1,2005.8,2004.56,0.59,-77.29000000000053,719.4099909224788,TIME,fri_close,-0.10743526080433466
2023-04-18 18:15:00,2023-04-18 23:45:00,1,2008.42,2004.83,0.22,-80.52000000000321,701.2971266349819,TIME,tday,-0.1148158133576855
2023-04-18 17:45:00,2023-04-19 11:46:00,1,2009.04,1977.182857880228,0.22,-719.8827266349813,701.2971266349819,SL,lw,-1.02650174839469
2023-04-20 17:15:00,2023-04-21 16:49:00,1,2010.61,1978.9916988865232,0.22,-714.6282244964877,696.0426244964892,SL,lw,-1.026701813000954
2023-04-21 01:05:00,2023-04-21 23:00:00,1,2004.4099999999999,1982.68,0.15,-326.9999999999969,695.6537911208541,TIME,friday,-0.47006140723121287
2023-04-21 23:05:00,2023-04-21 23:55:00,1,1981.97,1982.66,0.67,41.54000000000366,710.2635595398547,TIME,fri_close,0.058485331877247665
2023-04-25 01:05:00,2023-04-25 23:45:00,1,1991.6,1996.56,0.23,112.47000000000085,693.1151215616237,TIME,strong_close,0.16226741633713057
2023-04-25 01:30:00,2023-04-26 02:32:00,1,1992.25,1999.86,0.4,269.807999999996,720.4000000000023,TIME,inside,0.37452526374235867
2023-04-26 16:30:00,2023-04-27 15:20:00,1,2008.38,1996.29,0.24,-349.0656000000035,719.1612357988405,NEWS,lw,-0.48537877547343505
2023-04-27 10:15:00,2023-04-27 15:20:00,1,2001.61,1996.29,0.24,-129.35999999999845,712.5011475274947,NEWS,lw,-0.18155760232653742
2023-04-28 01:05:00,2023-04-28 23:00:00,1,1987.74,1989.15,0.16,21.44000000000131,711.1567798469592,TIME,friday,0.030148063841302603
2023-04-28 23:05:00,2023-04-28 23:55:00,1,1988.38,1989.69,0.75,92.99999999999591,715.6989164197419,TIME,fri_close,0.12994291016287277
2023-05-01 01:10:00,2023-05-01 16:50:00,1,1990.71,1999.73,0.12,107.39999999999978,692.3712955721763,NEWS,tom,0.15511908232885985
2023-05-01 15:30:00,2023-05-01 16:50:00,1,1997.54,1999.73,0.33,69.9600000000018,700.5899999999953,NEWS,inside,0.09985869053226891
2023-05-02 18:15:00,2023-05-02 23:45:00,1,2012.68,2015.96,0.24,77.03999999999934,693.4790601741637,TIME,tday,0.11109203496447483
2023-05-03 01:05:00,2023-05-03 15:05:00,1,2016.3799999999999,2015.62,0.24,-19.91999999999978,714.1962701617233,NEWS,strong_close,-0.02789149262217384
2023-05-04 01:05:00,2023-05-04 10:34:00,1,2061.4,2031.3966919282668,0.24,-721.7593937215985,720.5593937215999,SL,strong_close,-1.001665372779058
2023-05-04 04:00:00,2023-05-05 15:20:00,1,2054.63,2036.51,0.28,-531.5744000000034,705.0876898777718,NEWS,trendH4,-0.7539124673870745
2023-05-04 17:45:00,2023-05-05 15:20:00,1,2059.1400000000003,2036.51,0.23,-540.3804000000077,690.5360856498667,NEWS,lw,-0.7825520073892348
2023-05-05 01:05:00,2023-05-05 15:20:00,1,2049.4100000000003,2036.51,0.15,-194.55000000000476,706.7030436415715,NEWS,friday,-0.2752924325859808
2023-05-05 23:05:00,2023-05-05 23:55:00,1,2018.67,2015.84,0.66,-191.4000000000102,711.5462374700843,TIME,fri_close,-0.26899165496333227
2023-05-09 15:15:00,2023-05-09 23:45:00,1,2031.34,2034.59,0.22,69.96,698.3864549340957,TIME,tday900,0.10017376411832311
2023-05-09 12:45:00,2023-05-10 13:47:00,1,2028.13,2031.43,0.22,53.57439999999899,698.3864549340957,TIME,lw,0.07671168250972825
2023-05-09 13:30:00,2023-05-10 14:32:00,1,2029.76,2031.28,0.46,30.139199999999178,711.1599999999942,TIME,inside,0.042380336351875
2023-05-10 01:05:00,2023-05-10 15:20:00,1,2034.46,2028.14,0.23,-146.96999999999855,707.862629952255,NEWS,strong_close,-0.20762503031119414
2023-05-11 17:00:00,2023-05-12 18:02:00,-1,2012.8,2012.03,0.23,24.014299999999583,701.2145849556656,TIME,lw,0.03424672064046969
2023-05-12 12:45:00,2023-05-12 23:57:00,-1,2003.0900000000001,2011.14,0.23,-186.759999999999,700.577828887404,EOD,lw,-0.2665799462946105
2023-05-15 10:15:00,2023-05-16 11:17:00,1,2018.21,2009.66,0.23,-216.540399999999,686.2358411097322,TIME,lw,-0.31554807695532944
2023-05-18 11:15:00,2023-05-19 12:17:00,-1,1973.3600000000001,1965.46,0.25,204.35250000000227,707.5667000404367,TIME,lw,0.28881022805104273
2023-05-19 23:05:00,2023-05-19 23:55:00,1,1976.45,1977.52,0.65,64.99999999999586,701.675774895383,TIME,fri_close,0.09263537708664248
2023-05-19 18:30:00,2023-05-19 23:57:00,1,1975.31,1977.47,0.24,50.160000000001965,689.2194583217607,EOD,lw,0.07277798006768531
2023-05-23 10:15:00,2023-05-24 11:17:00,-1,1958.29,1974.38,0.25,-395.3975000000036,693.8716435819387,TIME,lw,-0.5698424249748311
2023-05-24 19:00:00,2023-05-25 15:20:00,-1,1962.98,1959.6200000000001,0.25,108.0574999999975,686.2022404689428,NEWS,lw,0.15747179712813564
2023-05-26 01:05:00,2023-05-26 23:00:00,1,1941.66,1947.36,0.17,95.70999999999691,698.5014398573287,TIME,friday,0.13702190795704874
2023-05-26 23:05:00,2023-05-26 23:55:00,1,1947.08,1946.56,0.88,-51.919999999998396,707.6214057463063,TIME,fri_close,-0.07337256840787622
2023-05-26 10:30:00,2023-05-26 23:57:00,1,1952.04,1946.72,0.25,-134.7499999999984,685.3886665267928,EOD,lw,-0.1966037761943804
2023-05-30 10:15:00,2023-05-31 08:57:00,-1,1938.69,1964.3627417638834,0.27,-685.7633276248497,693.7040276248481,SL,lw,-0.9885531874058937
2023-05-31 18:30:00,2023-06-01 15:05:00,1,1972.72,1966.6,0.27,-231.5088000000032,705.3473113659304,NEWS,lw,-0.32821958242341365
2023-06-01 01:10:00,2023-06-01 15:05:00,1,1963.78,1966.6,0.13,35.749999999999176,669.0016699515465,NEWS,tom,0.053437833724074894
2023-06-02 01:05:00,2023-06-02 15:20:00,1,1977.25,1978.48,0.18,20.880000000000326,702.9048245961342,NEWS,friday,0.029705301869278364
2023-06-02 17:00:00,2023-06-02 23:57:00,-1,1963.38,1947.78,0.27,419.3100000000037,703.5348245961343,EOD,lw,0.5960046117698715
2023-06-06 01:05:00,2023-06-06 23:45:00,1,1961.76,1962.96,0.26,29.380000000001182,694.5604004677656,TIME,strong_close,0.04230013686385609
2023-06-07 10:15:00,2023-06-08 11:17:00,-1,1955.76,1947.92,0.27,237.66209999999782,693.0903861653453,TIME,lw,0.3429020294379045
2023-06-08 15:45:00,2023-06-09 16:47:00,1,1959.0,1959.46,0.27,-10.92959999999902,702.2125014392495,TIME,lw,-0.015564519255350472
2023-06-09 01:05:00,2023-06-09 23:00:00,1,1966.27,1960.12,0.17,-105.74000000000156,671.7895746748975,TIME,friday,-0.15740047774806992
2023-06-09 23:05:00,2023-06-09 23:55:00,1,1960.68,1960.46,1.02,-29.580000000002784,702.9602741907544,TIME,fri_close,-0.042079191507735175
2023-06-12 17:00:00,2023-06-13 15:20:00,-1,1952.01,1958.65,0.27,-171.8793000000027,692.8089935879246,NEWS,lw,-0.24809045724114065
2023-06-15 10:15:00,2023-06-15 15:20:00,-1,1929.97,1931.0900000000001,0.28,-33.32000000000331,704.9296367772753,NEWS,lw,-0.04726712889010066
2023-06-16 01:05:00,2023-06-16 23:00:00,1,1957.74,1955.37,0.18,-43.92000000000212,700.2297512980192,TIME,friday,-0.0627222706812834
2023-06-16 23:05:00,2023-06-16 23:55:00,1,1956.31,1957.35,0.87,84.38999999999683,702.7125783267333,TIME,fri_close,0.1200917737959699
2023-06-19 15:15:00,2023-06-20 03:15:00,-1,1949.66,1952.38,0.28,-68.48520000000077,704.3419827314258,TIME,tday900,-0.09723288072992096
2023-06-19 10:45:00,2023-06-20 14:15:00,-1,1953.03,1952.73,0.47000000000000003,26.982699999997863,697.9499999999988,TIME,nr7,0.03865993265992967
2023-06-19 13:00:00,2023-06-20 16:30:00,-1,1950.32,1938.69,0.28,333.31479999999675,704.3419827314258,TIME,lw,0.4732286420119497
2023-06-20 18:15:00,2023-06-20 23:45:00,-1,1935.66,1936.04,0.29,-13.049999999996569,700.217264004458,TIME,tday,-0.018637072621382103
2023-06-20 05:00:00,2023-06-21 06:02:00,-1,1946.88,1937.05,0.59,596.1419000000092,695.6100000000016,TIME,nr7,0.8570059372349561
2023-06-20 16:00:00,2023-06-21 16:50:00,-1,1944.64,1926.64,0.29,529.9489,700.217264004458,NEWS,lw,0.7568349528677516
2023-06-22 01:15:00,2023-06-22 09:10:00,1,1933.25,1930.96,0.43,-101.47999999999844,710.2316223106913,TIME,drift,-0.1428829649542216
2023-06-22 16:00:00,2023-06-22 16:50:00,-1,1923.39,1926.1200000000001,0.29,-81.20000000000051,698.2055490650687,NEWS,lw,-0.11629813041264321
2023-06-22 18:15:00,2023-06-22 23:45:00,-1,1918.3600000000001,1912.89,0.29,156.6000000000008,698.2055490650687,TIME,tday,0.22428925151009732
2023-06-23 01:15:00,2023-06-23 09:10:00,1,1914.2099999999998,1915.8,0.43,65.36000000000625,706.7675499241725,TIME,drift,0.09247736403152435
2023-06-23 01:05:00,2023-06-23 23:00:00,1,1914.49,1919.08,0.19,85.87999999999845,682.5180564744038,TIME,friday,0.1258281728744552
2023-06-23 23:05:00,2023-06-23 23:55:00,1,1920.06,1921.42,0.98,126.42000000001248,712.9891017700651,TIME,fri_close,0.1773098630626506
2023-06-23 15:45:00,2023-06-23 23:57:00,1,1923.16,1920.82,0.29,-69.89000000000422,695.1687241318493,EOD,lw,-0.10053674392110384
2023-06-27 01:15:00,2023-06-27 09:10:00,1,1923.85,1925.1,0.52,61.36,712.095183054237,TIME,drift,0.08616825595817362
2023-06-28 01:15:00,2023-06-28 09:10:00,1,1915.14,1916.11,0.44,39.5999999999912,706.7983339961561,TIME,drift,0.056027296748278076
2023-06-27 10:15:00,2023-06-28 11:17:00,1,1928.61,1909.83,0.3,-589.3439999999993,701.0105614617308,TIME,lw,-0.8407063065799079
2023-06-28 16:45:00,2023-06-29 15:20:00,-1,1905.27,1912.19,0.3,-178.73100000000218,693.4312356430358,NEWS,lw,-0.2577487006830036
2023-06-30 01:15:00,2023-06-30 09:10:00,1,1908.49,1904.92,0.42,-152.87999999999732,702.2382250258464,TIME,drift,-0.2177038995482914
2023-06-30 01:05:00,2023-06-30 23:00:00,1,1909.03,1920.02,0.21,229.3200000000002,702.8141722696769,TIME,friday,0.32628824097190773
2023-06-30 23:05:00,2023-06-30 23:55:00,1,1919.44,1919.21,0.97,-29.100000000001764,705.8282042238271,TIME,fri_close,-0.04122816264051384
2023-06-30 17:15:00,2023-06-30 23:57:00,1,1916.86,1919.16,0.31,69.13000000000564,692.3817250907931,EOD,lw,0.09984376752714048
2023-07-03 01:05:00,2023-07-03 16:50:00,1,1918.77,1925.07,0.31,193.1299999999986,692.2380304414509,NEWS,strong_close,0.2789936286465461
2023-07-03 01:07:00,2023-07-03 16:50:00,1,1918.8,1925.07,0.15,92.99999999999973,334.9538856974762,NEWS,season,0.27765016012979027
2023-07-03 01:10:00,2023-07-03 16:50:00,1,1919.1200000000001,1925.07,0.15,88.19999999999727,668.8577713949524,NEWS,tom,0.13186659970482162
2023-07-04 01:15:00,2023-07-04 09:10:00,1,1921.6200000000001,1924.16,0.51,125.96999999999815,705.13993335827,TIME,drift,0.1786453922699551
2023-07-03 17:45:00,2023-07-04 18:47:00,1,1929.41,1927.59,0.31,-83.22880000000508,692.2380304414509,TIME,lw,-0.12023147579298524
2023-07-04 01:07:00,2023-07-05 03:17:00,1,1921.55,1926.08,0.16,58.64319999999956,355.77527726226225,TIME,season,0.16483213912801004
2023-07-05 01:15:00,2023-07-05 09:10:00,1,1925.77,1924.71,0.71,-80.22999999999612,707.5691472963285,TIME,drift,-0.1133882113240248
2023-07-04 13:15:00,2023-07-05 16:45:00,1,1930.71,1925.7,0.32,-187.99359999999973,711.5505545245245,TIME,lw,-0.264202731351424
2023-07-05 01:07:00,2023-07-05 23:47:00,1,1926.33,1915.3,0.16,-177.59999999999957,342.819900314958,TIME,season,-0.5180562733867947
2023-07-06 01:15:00,2023-07-06 09:10:00,1,1917.75,1919.79,0.5,98.49999999999818,703.918183371031,TIME,drift,0.13993103506473767
2023-07-05 16:15:00,2023-07-06 15:05:00,1,1930.42,1926.83,0.33,-199.4652000000048,707.0660443996009,NEWS,lw,-0.2821026431404707
2023-07-06 01:07:00,2023-07-06 15:05:00,1,1917.19,1926.83,0.16,153.11999999999796,341.567050292461,NEWS,season,0.4482868001140378
2023-07-06 14:00:00,2023-07-06 15:05:00,1,1925.05,1926.83,0.33,56.429999999999104,704.4820412282008,NEWS,lw,0.0801014031551727
2023-07-07 01:15:00,2023-07-07 09:10:00,1,1910.88,1914.31,0.41000000000000003,137.7599999999933,703.9094098190232,TIME,drift,0.19570700160893112
2023-07-07 01:05:00,2023-07-07 15:20:00,1,1911.21,1914.45,0.22,69.7400000000002,712.4618954261863,NEWS,friday,0.097885936704422
2023-07-07 01:07:00,2023-07-07 15:20:00,1,1911.1,1914.45,0.16,52.480000000002185,345.8094038429995,NEWS,season,0.15175989842031182
2023-07-07 23:05:00,2023-07-07 23:55:00,1,1924.99,1925.1,0.92,3.6799999999907955,708.6353599098547,TIME,fri_close,0.005193079837928109
2023-07-07 16:30:00,2023-07-07 23:57:00,1,1921.33,1925.28,0.33,128.0400000000015,713.2318954261864,EOD,lw,0.17952085544841226
2023-07-10 01:07:00,2023-07-10 23:47:00,1,1926.0,1924.97,0.16,-17.599999999999564,350.1144464256423,TIME,season,-0.05026927674558974
2023-07-11 01:15:00,2023-07-11 09:10:00,1,1925.59,1929.99,0.5,216.50000000000455,706.0222992025574,TIME,drift,0.3066475382499085
2023-07-11 01:05:00,2023-07-11 23:45:00,1,1925.52,1932.08,0.33,214.16999999999823,707.3738281991095,TIME,strong_close,0.3027677749193094
2023-07-11 01:07:00,2023-07-11 23:47:00,1,1925.51,1932.03,0.16,103.1999999999997,342.9691288238107,TIME,season,0.3009017177549393
2023-07-12 01:15:00,2023-07-12 09:10:00,1,1932.56,1938.77,0.54,331.560000000002,704.5661713629612,TIME,drift,0.47058745292668475
2023-07-11 10:15:00,2023-07-12 11:17:00,1,1931.55,1934.96,0.33,83.99160000000269,707.3738281991095,TIME,lw,0.11873721736897648
2023-07-12 01:07:00,2023-07-12 15:20:00,1,1932.65,1934.09,0.17,23.289999999997065,355.5457922770635,NEWS,season,0.0655049237141528
2023-07-13 01:15:00,2023-07-13 09:10:00,1,1957.54,1958.63,0.44,44.880000000006405,714.4268721635356,TIME,drift,0.06281958552887855
2023-07-13 01:05:00,2023-07-13 15:20:00,1,1958.04,1959.05,0.33,31.0199999999997,705.9594743145387,NEWS,strong_close,0.04394019930126868
2023-07-13 01:07:00,2023-07-13 15:20:00,1,1957.83,1959.05,0.16,18.400000000000436,342.28338148583697,NEWS,season,0.05375662680474539
2023-07-14 01:15:00,2023-07-14 09:10:00,1,1960.97,1959.79,0.49,-61.25000000000311,712.4434999287218,TIME,drift,-0.08597172969664404
2023-07-14 01:05:00,2023-07-14 23:00:00,1,1960.77,1954.32,0.23,-149.96000000000106,712.5200740910625,TIME,friday,-0.21046424578465373
2023-07-14 01:07:00,2023-07-14 23:47:00,1,1960.76,1954.86,0.17,-101.49000000000154,351.4935147695091,TIME,season,-0.28873932444117306
2023-07-14 23:05:00,2023-07-14 23:55:00,1,1955.12,1955.36,1.0,17.00000000000091,714.8766457769898,TIME,fri_close,0.023780326438729633
2023-07-17 01:07:00,2023-07-17 23:47:00,1,1954.76,1954.9,0.17,1.1900000000017006,342.03897800025834,TIME,season,0.0034791356440107297
2023-07-18 01:15:00,2023-07-18 09:10:00,1,1954.99,1959.01,0.53,209.34999999999903,716.3444897622076,TIME,drift,0.2922476587619084
2023-07-18 01:07:00,2023-07-18 15:20:00,1,1955.06,1965.31,0.18,183.24,354.52185231958157,NEWS,season,0.5168651771423654
2023-07-18 10:15:00,2023-07-18 15:20:00,1,1962.7,1965.31,0.36,91.43999999999639,709.0437046391631,NEWS,lw,0.12896243123197995
2023-07-19 01:15:00,2023-07-19 09:10:00,1,1979.06,1979.74,0.42,25.620000000002673,718.2102812093082,TIME,drift,0.035672003966393
2023-07-19 01:05:00,2023-07-19 23:45:00,1,1979.17,1977.01,0.35000000000000003,-78.05000000000288,714.9839000214665,TIME,strong_close,-0.10916329724020293
2023-07-19 01:07:00,2023-07-19 23:47:00,1,1979.1399999999999,1977.01,0.17,-37.399999999997995,347.27789429614086,TIME,season,-0.10769473270332947
2023-07-20 01:15:00,2023-07-20 09:10:00,1,1977.85,1979.81,0.49,92.61000000000178,706.8736983987333,TIME,drift,0.1310135038406286
2023-07-20 08:00:00,2023-07-20 17:14:00,1,1984.79,1970.5862294724543,0.5,-713.6885263772829,711.1885263772859,SL,trendH4,-1.0035152423123748
2023-07-20 01:07:00,2023-07-20 23:47:00,1,1978.74,1969.37,0.18,-169.92000000000212,355.8284338878022,TIME,season,-0.47753350721145665
2023-07-21 01:15:00,2023-07-21 09:10:00,1,1970.66,1969.77,0.45,-43.2000000000045,712.8948713517248,TIME,drift,-0.0605979952108404
2023-07-20 10:15:00,2023-07-21 11:17:00,1,1982.37,1963.96,0.36,-693.8927999999947,711.6568677756044,TIME,lw,-0.9750384369490678
2023-07-18 20:00:00,2023-07-21 11:20:00,1,1978.14,1962.5150623607403,0.46,-904.7711314059494,719.6671314059561,SL,trendH4,-1.2572078005540845
2023-07-21 01:05:00,2023-07-21 23:00:00,1,1970.69,1962.36,0.23,-193.20000000000357,687.1920341217435,TIME,friday,-0.2811441204304998
2023-07-21 01:07:00,2023-07-21 23:47:00,1,1970.56,1962.0,0.17,-146.70999999999907,339.0130313063664,TIME,season,-0.4327562260207547
2023-07-21 23:05:00,2023-07-21 23:55:00,1,1962.32,1961.96,1.09,-46.869999999989105,701.1278207241569,TIME,fri_close,-0.06684943688524529
2023-07-24 01:07:00,2023-07-24 23:47:00,1,1962.77,1954.6,0.17,-140.08000000000123,335.8171004987688,TIME,season,-0.41713182500816337
2023-07-25 01:15:00,2023-07-25 09:10:00,1,1955.46,1962.42,0.5,344.5000000000018,702.6359126006818,TIME,drift,0.4902966014431235
2023-07-25 01:07:00,2023-07-25 23:47:00,1,1955.32,1965.03,0.18,173.52000000000066,348.8931156164365,TIME,season,0.49734429323266954
2023-07-26 01:15:00,2023-07-26 09:10:00,1,1964.51,1966.1,0.47000000000000003,71.43999999999615,697.3789459397336,TIME,drift,0.10244071808581655
2023-07-25 10:15:00,2023-07-26 11:17:00,1,1962.75,1970.93,0.36,263.3472000000023,697.786231232873,TIME,lw,0.3774038354622036
2023-07-26 01:05:00,2023-07-26 20:50:00,1,1965.06,1969.83,0.36,169.19999999999933,689.4729290019534,NEWS,strong_close,0.2454048489545845
2023-07-26 01:07:00,2023-07-26 20:50:00,1,1964.83,1969.83,0.18,88.73999999999998,344.7364645009767,NEWS,season,0.25741402241406514
2023-07-26 11:15:00,2023-07-26 20:50:00,1,1971.39,1969.83,0.36,-58.68000000000622,689.4729290019534,NEWS,lw,-0.08510849016936525
2023-07-26 15:15:00,2023-07-26 20:50:00,1,1972.67,1969.83,0.37,-107.67000000000539,708.6249548075632,NEWS,tday900,-0.15194215116125095
2023-07-27 01:15:00,2023-07-27 09:10:00,1,1973.24,1975.65,0.4,93.60000000000329,698.4595709578956,TIME,drift,0.13400918806458115
2023-07-27 01:07:00,2023-07-27 15:20:00,1,1971.81,1976.57,0.18,84.41999999999983,341.2367170366211,NEWS,season,0.2473942450657793
2023-07-27 10:45:00,2023-07-27 15:20:00,1,1981.02,1976.57,0.37,-167.2400000000017,701.4310294641656,NEWS,lw,-0.2384268630484725
2023-07-28 01:15:00,2023-07-28 09:10:00,1,1947.17,1951.97,0.33,156.0899999999985,709.8152975574601,TIME,drift,0.21990227674314514
2023-07-28 01:05:00,2023-07-28 23:00:00,1,1947.01,1958.99,0.23,273.9300000000004,704.3718952020818,TIME,friday,0.3888996734053548
2023-07-28 01:07:00,2023-07-28 23:47:00,1,1946.81,1959.04,0.17,206.7200000000003,347.4784700995766,TIME,season,0.594914556694004
2023-07-28 23:05:00,2023-07-28 23:55:00,1,1959.0,1959.06,1.04,-1.0400000000056755,711.3607279563342,TIME,fri_close,-0.0014619868080059577
2023-07-28 18:30:00,2023-07-28 23:57:00,1,1962.89,1959.13,0.34,-130.21999999999971,694.9569401991532,EOD,lw,-0.18737851580082454
2023-07-31 18:15:00,2023-07-31 23:45:00,1,1968.73,1965.14,0.35000000000000003,-128.09999999999715,710.7470751903671,TIME,tday,-0.18023289081518448
2023-07-31 01:07:00,2023-07-31 23:47:00,1,1959.89,1965.21,0.17,89.24999999999892,345.22000794960684,TIME,season,0.25853078600539026
2023-08-01 01:15:00,2023-08-01 09:10:00,1,1966.08,1957.9,0.46,-379.4999999999925,710.9324996870483,TIME,drift,-0.5338059522768307
2023-07-31 16:45:00,2023-08-01 15:44:00,1,1968.46,1948.1729407088467,0.35000000000000003,-740.3150751903676,710.7470751903671,SL,lw,-1.0416012967652113
2023-07-31 15:45:00,2023-08-01 16:06:00,1,1965.15,1945.58,0.36,-735.6528000000059,705.2400000000075,SL,inside,-1.0431240428790172
2023-08-01 01:07:00,2023-08-01 16:06:00,1,1966.11,1945.7013020867862,0.17,-348.1378645246329,347.28786452463476,SL,season,-1.0024475372934831
2023-08-01 01:10:00,2023-08-01 16:50:00,1,1965.72,1947.9,0.17,-304.1299999999989,693.3857290492695,NEWS,tom,-0.4386158919321925
2023-08-02 01:15:00,2023-08-02 09:10:00,1,1950.29,1950.0,0.49,-17.639999999998217,691.6995580566439,TIME,drift,-0.02550240172128845
2023-08-02 01:07:00,2023-08-02 15:05:00,1,1949.1599999999999,1951.33,0.16,33.60000000000117,331.877797567748,NEWS,season,0.1012420844245907
2023-08-02 17:30:00,2023-08-03 16:50:00,-1,1935.26,1933.43,0.33,92.1458999999976,684.4979574834803,NEWS,lw,0.1346182249232226
2023-08-04 01:15:00,2023-08-04 09:10:00,1,1934.87,1934.01,0.46,-42.7799999999954,696.967350880035,TIME,drift,-0.06138020661366514
2023-08-04 01:05:00,2023-08-04 15:20:00,1,1934.97,1931.29,0.23,-86.25000000000146,689.8408605608279,NEWS,friday,-0.12502883625925232
2023-08-04 01:07:00,2023-08-04 15:20:00,1,1934.73,1931.29,0.17,-59.670000000000925,340.3182501314224,NEWS,season,-0.17533588039124515
2023-08-04 23:05:00,2023-08-04 23:55:00,1,1941.82,1942.68,0.91,71.89000000001158,698.9778275784054,TIME,fri_close,0.1028501866061661
2023-08-07 01:05:00,2023-08-07 23:45:00,1,1942.62,1936.14,0.31,-203.0499999999935,693.8317428695934,TIME,strong_close,-0.2926502024254561
2023-08-07 01:07:00,2023-08-07 23:47:00,1,1942.81,1936.34,0.15,-98.1000000000004,335.7250368723839,TIME,season,-0.2922034082232904
2023-08-08 01:15:00,2023-08-08 09:10:00,1,1936.9,1933.95,0.52,-157.04000000000235,695.8847012996814,TIME,drift,-0.22566956811480954
2023-08-08 01:07:00,2023-08-08 23:47:00,1,1936.6299999999999,1924.8,0.15,-178.49999999999892,328.15896281007076,TIME,season,-0.5439436987229562
2023-08-09 01:15:00,2023-08-09 09:10:00,1,1924.93,1931.43,0.51,327.93,695.921463251606,TIME,drift,0.47121696529919926
2023-08-09 01:07:00,2023-08-09 23:47:00,1,1925.28,1914.72,0.16,-170.07999999999913,342.7022107833081,TIME,season,-0.496290933201891
2023-08-10 01:15:00,2023-08-10 09:10:00,1,1915.93,1916.1,0.56,5.599999999991342,690.7185834132057,TIME,drift,0.008107498675247423
2023-08-10 01:07:00,2023-08-10 15:20:00,1,1916.18,1922.11,0.16,93.75999999999738,339.25205287021464,NEWS,season,0.27637268280839705
2023-08-11 01:15:00,2023-08-11 09:10:00,1,1913.58,1916.17,0.45,113.40000000000654,696.2177333731012,TIME,drift,0.1628800798431197
2023-08-11 01:05:00,2023-08-11 15:20:00,1,1912.71,1918.77,0.22,131.7799999999988,691.5046905416164,NEWS,friday,0.19056992931860378
2023-08-11 01:07:00,2023-08-11 15:20:00,1,1912.92,1918.77,0.16,92.47999999999854,335.6483348080564,NEWS,season,0.2755264674644791
2023-08-11 23:05:00,2023-08-11 23:55:00,1,1913.83,1913.92,1.32,2.6400000000192083,699.5562127909149,TIME,fri_close,0.003773821105078597
2023-08-14 01:07:00,2023-08-14 23:47:00,1,1913.78,1907.48,0.17,-108.28999999999924,343.49018746687705,TIME,season,-0.3152637366400509
2023-08-15 01:15:00,2023-08-15 09:10:00,1,1907.7,1905.71,0.54,-111.24000000000049,690.6336437699964,TIME,drift,-0.1610694772886666
2023-08-15 01:07:00,2023-08-15 15:20:00,1,1907.8,1903.51,0.17,-74.11999999999938,335.45731693352866,NEWS,season,-0.22095210406361881
2023-08-16 01:15:00,2023-08-16 09:10:00,1,1902.25,1904.97,0.5,132.50000000000136,697.5777939582916,TIME,drift,0.18994297288070436
2023-08-16 01:07:00,2023-08-16 23:47:00,1,1902.51,1893.05,0.17,-162.01000000000062,330.23250858113363,TIME,season,-0.49059373559583086
2023-08-17 01:15:00,2023-08-17 09:10:00,1,1895.03,1893.85,0.55,-68.75000000000351,697.5333544124961,TIME,drift,-0.09856159503355769
2023-08-17 01:07:00,2023-08-17 23:47:00,1,1894.69,1888.83,0.18,-106.74000000000228,344.5723823864928,TIME,season,-0.3097752619078925
2023-08-18 01:15:00,2023-08-18 09:10:00,1,1889.71,1892.53,0.51,140.24999999999676,689.2396238508538,TIME,drift,0.2034851090197127
2023-08-17 14:30:00,2023-08-18 15:32:00,1,1898.43,1890.64,0.36,-311.57279999999867,689.1447647729856,TIME,lw,-0.45211516640140964
2023-08-18 01:05:00,2023-08-18 23:01:00,1,1889.92,1889.44,0.24,-13.200000000000434,686.831567289201,TIME,friday,-0.019218685670052162
2023-08-18 01:07:00,2023-08-18 23:48:00,1,1889.88,1889.21,0.18,-13.320000000001308,343.8357836446005,TIME,season,-0.03873942339221237
2023-08-18 23:05:00,2023-08-18 23:55:00,1,1890.01,1889.59,1.1500000000000001,-56.35000000000838,692.2326602809533,TIME,fri_close,-0.08140326689748771
2023-08-21 01:07:00,2023-08-21 23:47:00,1,1890.64,1894.65,0.18,70.91999999999983,332.2875133842718,TIME,season,0.21342962688454936
2023-08-22 01:15:00,2023-08-22 09:10:00,1,1895.1200000000001,1896.52,0.52,69.1599999999929,691.460020193116,TIME,drift,0.10002024409260481
2023-08-21 15:15:00,2023-08-22 16:17:00,1,1894.18,1895.49,0.37,16.472399999997975,683.035444178781,TIME,lw,0.024116464438829928
2023-08-22 01:07:00,2023-08-22 23:47:00,1,1894.89,1897.45,0.19,47.309999999998965,344.77593573775846,TIME,season,0.13721955361752286
2023-08-23 01:15:00,2023-08-23 09:10:00,1,1898.31,1903.15,0.56,267.12000000000813,695.7719188820331,TIME,drift,0.38391891473461126
2023-08-22 10:30:00,2023-08-23 11:32:00,1,1900.76,1903.63,0.38,76.1976000000045,689.5518714755169,TIME,lw,0.1105030718529635
2023-08-23 01:07:00,2023-08-23 23:47:00,1,1897.81,1915.14,0.19,327.94000000000295,341.07622604220455,TIME,season,0.961485952290981
2023-08-24 01:15:00,2023-08-24 09:10:00,1,1917.35,1922.27,0.55,266.75000000000404,699.3787236006085,TIME,drift,0.381409944281256
2023-08-23 10:30:00,2023-08-24 11:32:00,1,1904.25,1921.52,0.38,562.9927999999993,682.1524520844091,TIME,lw,0.825318150333842
2023-08-24 01:07:00,2023-08-24 23:47:00,1,1917.3700000000001,1916.96,0.19,-9.120000000001555,348.29435275347544,TIME,season,-0.02618474841151599
2023-08-25 01:15:00,2023-08-25 09:10:00,1,1917.1,1913.65,0.62,-218.2399999999887,702.7416836792981,TIME,drift,-0.3105550802926105
2023-08-25 01:05:00,2023-08-25 23:00:00,1,1917.09,1914.3,0.26,-74.35999999999905,695.342131000045,TIME,friday,-0.10694016180646795
2023-08-25 01:07:00,2023-08-25 23:47:00,1,1917.1100000000001,1914.7,0.19,-47.12000000000155,339.1997561282271,TIME,season,-0.13891519421431678
2023-08-25 23:05:00,2023-08-25 23:55:00,1,1914.44,1913.89,0.86,-53.319999999996085,695.0872563897661,TIME,fri_close,-0.0767097936407817
2023-08-28 01:07:00,2023-08-28 23:47:00,1,1915.54,1919.93,0.19,82.0800000000019,340.29548783335366,TIME,season,0.2412021403004831
2023-08-29 01:15:00,2023-08-29 09:10:00,1,1920.59,1925.03,0.61,266.57000000000335,698.095957804212,TIME,drift,0.3818529487528784
2023-08-28 18:45:00,2023-08-29 16:50:00,1,1925.18,1920.94,0.39,-199.08720000000034,698.5012645000418,NEWS,lw,-0.28502052912173137
2023-08-29 01:07:00,2023-08-29 16:50:00,1,1920.3600000000001,1920.94,0.19,9.689999999998617,334.0793815595427,NEWS,season,0.029005082429103983
2023-08-30 01:15:00,2023-08-30 09:10:00,1,1937.02,1936.29,0.55,-44.000000000001,703.2358635321905,TIME,drift,-0.06256791253364016
2023-08-30 01:05:00,2023-08-30 15:05:00,1,1937.3,1939.87,0.39,97.49999999999751,703.03246785973,NEWS,strong_close,0.1386849177774402
2023-08-30 01:07:00,2023-08-30 15:05:00,1,1937.26,1939.87,0.19,48.2599999999981,342.5029971624325,NEWS,season,0.1409038764618773
2023-08-31 01:15:00,2023-08-31 09:10:00,1,1944.58,1944.9,0.6900000000000001,17.250000000011298,698.6537493958085,TIME,drift,0.02469034198260439
2023-08-30 17:00:00,2023-08-31 18:02:00,1,1947.54,1943.65,0.39,-247.43159999999503,703.03246785973,TIME,lw,-0.3519490369388785
2023-08-31 01:07:00,2023-08-31 23:47:00,1,1943.91,1939.64,0.19,-82.45999999999965,337.2827830794015,TIME,season,-0.2444832767541156
2023-09-01 01:15:00,2023-09-01 09:10:00,1,1940.34,1939.86,0.6900000000000001,-37.95000000000126,694.4590671637654,TIME,drift,-0.05464684931682517
2023-09-01 01:05:00,2023-09-01 15:20:00,1,1940.26,1946.19,0.27,158.22000000000173,692.4798883131762,NEWS,friday,0.22848316993784842
2023-09-01 01:10:00,2023-09-01 15:20:00,1,1940.26,1946.19,0.2,117.20000000000128,683.46408722289,NEWS,tom,0.1714793830297922
2023-09-01 12:15:00,2023-09-01 15:20:00,1,1943.73,1946.19,0.41000000000000003,97.9900000000015,701.9856894034623,NEWS,lw,0.13958974018868112
2023-09-01 23:05:00,2023-09-01 23:55:00,1,1940.7,1939.86,1.18,-107.38000000001716,702.824863185012,TIME,fri_close,-0.1527834395519249
2023-09-05 01:15:00,2023-09-05 09:10:00,1,1938.8,1936.42,0.87,-213.14999999998972,703.0011241588868,TIME,drift,-0.30320008414640204
2023-09-05 11:30:00,2023-09-06 12:32:00,-1,1933.07,1923.5900000000001,0.42,409.6721999999912,701.2565932535812,TIME,lw,0.5841972880415397
2023-09-06 18:15:00,2023-09-06 23:45:00,-1,1916.6000000000001,1916.72,0.42,-7.979999999995416,692.2968365926115,TIME,tday,-0.011526847413129695
2023-09-06 17:30:00,2023-09-07 18:32:00,-1,1918.92,1918.89,0.42,41.67659999999885,692.2968365926115,TIME,lw,0.06020047730555186
2023-09-08 01:15:00,2023-09-08 09:10:00,1,1920.08,1926.87,0.63,423.3599999999977,698.0258363519349,TIME,drift,0.6065105014057752
2023-09-08 01:05:00,2023-09-08 23:00:00,1,1919.6100000000001,1919.16,0.3,-15.600000000001364,703.9738632515556,TIME,friday,-0.022159913619444863
2023-09-08 23:05:00,2023-09-08 23:55:00,1,1919.17,1919.02,1.45,-31.900000000013186,706.5110416599072,TIME,fri_close,-0.045151452870525514
2023-09-08 10:15:00,2023-09-08 23:57:00,1,1925.63,1919.12,0.45,-296.1000000000098,705.0238632515556,EOD,lw,-0.4199857840760208
2023-09-12 01:15:00,2023-09-12 09:11:00,1,1923.32,1919.61,0.68,-257.0400000000025,699.2869564612712,TIME,drift,-0.36757442366828735
2023-09-11 10:15:00,2023-09-12 11:18:00,1,1930.72,1920.43,0.45,-501.96599999999836,694.5864444478735,TIME,lw,-0.7226832657222543
2023-09-12 15:15:00,2023-09-12 23:45:00,-1,1911.66,1913.21,0.45,-72.89999999999796,690.9374127015969,TIME,tday900,-0.10550883286947166
2023-09-12 13:45:00,2023-09-13 14:47:00,-1,1915.99,1912.8600000000001,0.45,153.18449999999467,690.9374127015969,TIME,lw,0.22170531973516422
2023-09-14 01:15:00,2023-09-14 09:12:00,1,1909.55,1907.7,0.63,-120.95999999999427,696.4167537493196,TIME,drift,-0.17368910117221953
2023-09-15 01:15:00,2023-09-15 09:10:00,1,1911.1200000000001,1916.25,0.54,273.2399999999937,697.2207620840509,TIME,drift,0.391898828691298
2023-09-15 01:05:00,2023-09-15 23:01:00,1,1911.0,1922.48,0.31,353.71000000000055,690.6014816188978,TIME,friday,0.5121767175634185
2023-09-15 23:05:00,2023-09-15 23:55:00,1,1922.89,1923.5,1.18,63.71999999998818,700.9720625382384,TIME,fri_close,0.09090233891669858
2023-09-15 10:15:00,2023-09-15 23:57:00,1,1916.43,1923.67,0.47000000000000003,336.9900000000004,699.1239706685634,EOD,lw,0.48201751640376617
2023-09-19 01:15:00,2023-09-19 09:10:00,1,1934.02,1930.2,0.67,-260.62999999999573,698.7363991560136,TIME,drift,-0.37300189358219243
2023-09-19 01:05:00,2023-09-19 23:45:00,1,1933.94,1931.24,0.46,-127.42000000000209,691.5962231846952,TIME,strong_close,-0.18424045089959054
2023-09-20 01:15:00,2023-09-20 09:10:00,1,1932.24,1931.21,0.78,-85.79999999999788,700.3683155252999,TIME,drift,-0.1225069696872923
2023-09-20 16:45:00,2023-09-20 20:50:00,1,1940.78,1946.54,0.48,273.11999999999955,696.4837938932446,NEWS,lw,0.3921412133271585
2023-09-21 01:15:00,2023-09-21 09:10:00,1,1930.63,1928.45,0.47000000000000003,-105.750000000003,703.5219924750439,TIME,drift,-0.15031513034577135
2023-09-21 12:15:00,2023-09-22 13:17:00,-1,1922.66,1925.5900000000001,0.47000000000000003,-124.82730000000299,698.9941637928162,TIME,lw,-0.17858131936707008
2023-09-22 23:05:00,2023-09-22 23:55:00,1,1925.46,1925.05,1.73,-83.04000000001416,703.1470954936727,TIME,fri_close,-0.11809762215075721
2023-09-25 18:15:00,2023-09-25 23:45:00,-1,1916.82,1915.91,0.47000000000000003,39.47999999999316,690.2728249029889,TIME,tday,0.05719477658061027
2023-09-25 17:30:00,2023-09-26 18:32:00,-1,1916.48,1903.25,0.47000000000000003,634.6927000000009,690.2728249029889,TIME,lw,0.9194809314551833
2023-09-26 18:15:00,2023-09-26 23:45:00,-1,1903.93,1900.7,0.48,151.68000000000086,696.1938035554186,TIME,tday,0.2178703677415405
2023-09-26 10:15:00,2023-09-27 11:17:00,-1,1911.0,1896.52,0.48,708.1968000000007,696.1938035554186,TIME,lw,1.0172408837643823
2023-09-27 15:15:00,2023-09-27 23:45:00,-1,1890.75,1876.15,0.48,697.4399999999956,707.3571033014603,TIME,tday900,0.9859800611951469
2023-09-27 18:15:00,2023-09-27 23:45:00,-1,1883.27,1876.15,0.48,338.39999999999475,707.3571033014603,TIME,tday,0.47840051145393814
2023-09-27 14:15:00,2023-09-28 15:17:00,-1,1893.0800000000002,1877.8600000000001,0.48,776.7504000000013,707.3571033014603,TIME,lw,1.0981022122696733
2023-09-28 18:15:00,2023-09-28 23:45:00,-1,1859.96,1865.13,0.45,-235.80000000000328,716.7724783204676,TIME,tday,-0.3289746846203232
2023-09-29 01:15:00,2023-09-29 09:14:00,1,1865.85,1867.83,0.44,84.0400000000008,703.9528461199774,TIME,drift,0.11938299626631177
2023-09-29 16:15:00,2023-09-29 17:09:00,1,1878.81,1862.4658853679903,0.43,-705.8069291764161,703.656929176415,SL,lw,-1.0030554662518816
2023-09-29 01:05:00,2023-09-29 23:04:00,1,1865.35,1847.85,0.29,-509.5299999999999,710.8239864924199,TIME,friday,-0.7168159905721379
2023-09-29 23:05:00,2023-09-29 23:55:00,1,1848.01,1849.08,0.78,77.99999999999504,705.3065844936646,TIME,fri_close,0.11059020533033982
2023-10-02 01:11:00,2023-10-02 16:50:00,1,1848.6599999999999,1835.06,0.2,-273.39999999999816,702.2671149032158,NEWS,tom,-0.38931055462803105
2023-10-02 18:15:00,2023-10-02 23:45:00,-1,1830.32,1828.04,0.4,88.39999999999891,703.6671149032159,TIME,tday,0.12562758458899656
2023-10-03 01:15:00,2023-10-03 09:10:00,1,1829.24,1821.91,0.41000000000000003,-303.399999999997,706.7212528203552,TIME,drift,-0.4293064610540582
2023-10-04 01:15:00,2023-10-04 09:10:00,1,1823.92,1819.69,0.38,-163.4000000000007,698.7542708161476,TIME,drift,-0.23384472456840782
2023-10-05 01:15:00,2023-10-05 09:10:00,1,1822.38,1824.9,0.4,97.99999999999928,706.2932087397858,TIME,drift,0.13875257299281873
2023-10-05 15:45:00,2023-10-06 15:20:00,-1,1815.0,1821.24,0.4,-238.6360000000004,705.6101499425533,NEWS,lw,-0.33819808292075837
2023-10-06 23:05:00,2023-10-06 23:55:00,1,1829.78,1831.65,0.74,133.20000000000874,709.0083635730387,TIME,fri_close,0.18786802362774543
2023-10-09 01:05:00,2023-10-09 23:45:00,1,1853.9999999999998,1861.24,0.39,279.6300000000092,703.3814921264501,TIME,strong_close,0.3975509778550426
2023-10-10 01:15:00,2023-10-10 09:10:00,1,1860.95,1859.62,0.4,-56.00000000000618,703.3180688522798,TIME,drift,-0.07962258113372607
2023-10-10 01:05:00,2023-10-10 23:45:00,1,1861.35,1859.89,0.37,-56.60999999999292,703.4506002066348,TIME,strong_close,-0.08047473409414115
2023-10-11 01:15:00,2023-10-11 09:10:00,1,1860.59,1859.74,0.5,-45.99999999999545,699.4129784962624,TIME,drift,-0.0657694401080395
2023-10-11 10:45:00,2023-10-11 15:20:00,1,1867.08,1871.23,0.38,155.04000000000346,704.7325801198406,NEWS,lw,0.21999834316392572
2023-10-12 01:15:00,2023-10-12 09:10:00,1,1875.3,1879.2,0.53,202.9900000000048,699.8061341485919,TIME,drift,0.29006604843064054
2023-10-12 01:05:00,2023-10-12 15:20:00,1,1874.6100000000001,1883.34,0.38,329.079999999992,704.9073958255669,NEWS,strong_close,0.46684146307556207
2023-10-12 13:45:00,2023-10-12 15:20:00,1,1882.68,1883.34,0.38,22.419999999994467,704.9073958255669,NEWS,lw,0.031805596214147844
2023-10-13 01:15:00,2023-10-13 09:10:00,1,1869.85,1876.45,0.54,352.6200000000074,711.4546526296236,TIME,drift,0.49563243236470605
2023-10-13 01:05:00,2023-10-13 23:00:00,1,1869.44,1928.34,0.25,1470.7499999999966,691.1674914754963,TIME,friday,2.1279212609670872
2023-10-13 23:05:00,2023-10-13 23:55:00,1,1929.38,1930.05,0.77,46.1999999999881,718.5964591112917,TIME,fri_close,0.06429199506093439
2023-10-13 10:15:00,2023-10-13 23:57:00,1,1878.69,1932.4,0.38,2038.3200000000013,701.2697246951695,EOD,lw,2.9066134302119284
2023-10-16 01:05:00,2023-10-16 23:45:00,1,1927.88,1919.8,0.33,-268.9500000000051,715.8125787485486,TIME,strong_close,-0.3757268424511469
2023-10-17 01:15:00,2023-10-17 09:10:00,1,1919.17,1917.33,0.44,-84.0400000000064,727.2553631276159,TIME,drift,-0.11555775902234137
2023-10-18 01:15:00,2023-10-18 09:10:00,1,1924.1,1937.88,0.42,575.8200000000083,718.5615334587239,TIME,drift,0.8013509952701705
2023-10-17 17:15:00,2023-10-18 18:17:00,1,1930.52,1943.66,0.33,405.08160000000333,722.055965980795,TIME,lw,0.5610113607326355
2023-10-19 01:15:00,2023-10-19 09:10:00,1,1949.99,1946.13,0.32,-125.75999999999681,731.321393636851,TIME,drift,-0.17196269806164716
2023-10-18 10:15:00,2023-10-19 11:18:00,1,1938.73,1952.27,0.33,365.8247999999988,715.8319684107385,TIME,lw,0.511048424970721
2023-10-20 01:15:00,2023-10-20 09:10:00,1,1973.35,1979.99,0.33,216.8100000000033,730.4905930994511,TIME,drift,0.29680053658197647
2023-10-20 01:05:00,2023-10-20 23:01:00,1,1973.34,1980.0,0.2,131.80000000000163,708.8608193943173,TIME,friday,0.18593212714537882
2023-10-20 23:05:00,2023-10-20 23:55:00,1,1980.3600000000001,1980.3,0.52,-6.760000000008986,726.1976494295327,TIME,fri_close,-0.009308760507995765
2023-10-18 16:00:00,2023-10-20 23:57:00,1,1949.04,1980.89,0.41000000000000003,1172.632800000006,726.4482003875764,EOD,trendH4,1.6142001582141439
2023-10-20 12:00:00,2023-10-20 23:57:00,1,1983.94,1980.89,0.37,-115.43999999999832,732.439724534838,EOD,trendH4,-0.15761023894944068
2023-10-20 17:15:00,2023-10-20 23:57:00,1,1990.7,1980.89,0.31,-306.2799999999983,733.2128467074613,EOD,lw,-0.41772317734934417
2023-10-24 01:15:00,2023-10-24 09:10:00,1,1973.8700000000001,1976.82,0.34,97.91999999999382,726.3549274962327,TIME,drift,0.1348101269685428
2023-10-23 10:45:00,2023-10-24 11:47:00,1,1978.85,1971.48,0.31,-255.2787999999966,736.7733576569284,TIME,lw,-0.3464821268942583
2023-10-24 13:30:00,2023-10-25 14:32:00,-1,1964.72,1973.95,0.31,-277.6329000000006,727.9452606814338,TIME,lw,-0.381392551055428
2023-10-26 01:15:00,2023-10-26 09:10:00,1,1981.6,1984.6,0.31,90.83,728.2400594098312,TIME,drift,0.12472535508910208
2023-10-25 17:00:00,2023-10-26 15:20:00,1,1985.33,1986.29,0.31,-46.32639999999886,736.6427420613313,NEWS,lw,-0.06288855825873572
2023-10-26 11:45:00,2023-10-26 15:20:00,1,1992.44,1986.29,0.31,-192.8200000000028,737.921117628379,NEWS,lw,-0.26130164240279674
2023-10-27 01:15:00,2023-10-27 09:10:00,1,1984.67,1989.47,0.36,170.27999999999835,723.7733055711628,TIME,drift,0.23526703553348458
2023-10-27 01:05:00,2023-10-27 23:03:00,1,1984.1200000000001,2006.39,0.2,443.99999999999966,708.887409850387,TIME,friday,0.6263335951949087
2023-10-27 23:05:00,2023-10-27 23:55:00,1,2006.3600000000001,2005.67,0.51,-38.76000000000278,742.987540201197,TIME,fri_close,-0.052167765814089946
2023-10-30 01:05:00,2023-10-30 23:45:00,1,2003.42,1996.29,0.3,-216.00000000000327,728.781166289645,TIME,strong_close,-0.2963852662380092
2023-10-31 01:15:00,2023-10-31 09:10:00,1,1996.22,1992.94,0.41000000000000003,-137.3499999999989,739.7484675826021,TIME,drift,-0.1856712193657394
2023-10-31 17:00:00,2023-10-31 21:34:00,1,2002.65,1978.9746305672254,0.31,-736.1064524160153,734.5564524160164,SL,lw,-1.002110116921444
2023-11-01 01:15:00,2023-11-01 09:10:00,1,1984.59,1980.67,0.38,-151.61999999999412,724.9902854323537,TIME,drift,-0.209133836751446
2023-11-01 01:10:00,2023-11-01 15:05:00,1,1984.45,1984.17,0.15,-5.2499999999995905,721.3067199130102,NEWS,tom,-0.007278457076668775
2023-11-02 01:15:00,2023-11-02 09:10:00,1,1982.84,1984.96,0.34,69.70000000000404,719.8882496057341,TIME,drift,0.09682058296989442
2023-11-03 01:15:00,2023-11-03 09:10:00,1,1986.1200000000001,1986.21,0.47000000000000003,0.9399999999961528,736.009076903214,TIME,drift,0.0012771581621672905
2023-11-03 01:05:00,2023-11-03 15:20:00,1,1986.24,1987.2,0.21,18.690000000000765,727.3868874926717,NEWS,friday,0.025694716692551134
2023-11-03 23:05:00,2023-11-03 23:55:00,1,1992.42,1992.4,0.74,-6.659999999998654,735.6584259158456,TIME,fri_close,-0.009053114550693006
2023-11-06 18:00:00,2023-11-07 19:02:00,-1,1981.03,1963.74,0.32,562.0511999999989,734.5937079295951,TIME,lw,0.7651184511014991
2023-11-07 10:15:00,2023-11-08 11:17:00,-1,1968.42,1967.05,0.32,52.61120000000378,718.6941573631956,TIME,lw,0.07320387881408148
2023-11-08 17:15:00,2023-11-09 18:17:00,-1,1958.26,1962.1100000000001,0.33,-95.2941000000045,739.4109676535954,TIME,lw,-0.12887839668162532
2023-11-10 01:15:00,2023-11-10 09:10:00,1,1958.82,1955.47,0.42,-143.63999999999618,740.2683155721851,TIME,drift,-0.19403775222902883
2023-11-10 01:05:00,2023-11-10 23:00:00,1,1958.38,1936.09,0.22,-491.9200000000042,738.6523139462118,TIME,friday,-0.6659696188751472
2023-11-10 23:05:00,2023-11-10 23:55:00,1,1936.45,1937.77,0.9500000000000001,118.74999999999396,730.3238186346827,TIME,fri_close,0.16259910599929953
2023-11-14 01:15:00,2023-11-14 09:10:00,1,1946.5,1946.16,0.52,-21.319999999995744,736.6162394952365,TIME,drift,-0.028943157721590815
2023-11-14 01:05:00,2023-11-14 15:20:00,1,1946.38,1947.01,0.32,17.919999999996215,717.56547214303,NEWS,strong_close,0.024973330930315833
2023-11-14 18:15:00,2023-11-14 23:45:00,1,1965.83,1962.85,0.32,-97.60000000000058,717.56547214303,TIME,tday,-0.13601546310264256
2023-11-15 01:15:00,2023-11-15 09:10:00,1,1963.09,1968.3,0.49,251.86000000000178,728.1522027620971,TIME,drift,0.3458892234956128
2023-11-16 01:15:00,2023-11-16 09:10:00,1,1961.03,1966.37,0.49,258.229999999996,734.7726828411733,TIME,drift,0.3514420255819641
2023-11-16 18:15:00,2023-11-16 23:45:00,1,1988.02,1980.85,0.32,-231.68000000000237,721.86328975598,TIME,tday,-0.3209471977419989
2023-11-17 01:15:00,2023-11-17 09:10:00,1,1981.3700000000001,1983.66,0.49,108.77999999999821,729.6978836043503,TIME,drift,0.14907539468619296
2023-11-16 11:15:00,2023-11-17 12:17:00,1,1968.26,1992.87,0.32,759.8463999999968,721.86328975598,TIME,lw,1.0526181491468514
2023-11-17 01:05:00,2023-11-17 23:00:00,1,1981.48,1980.77,0.21,-16.380000000000763,730.0131632925755,TIME,friday,-0.0224379515653144
2023-11-17 15:15:00,2023-11-17 23:45:00,1,1991.6100000000001,1980.23,0.32,-366.4000000000035,742.3473404876958,TIME,tday900,-0.4935694923609368
2023-11-17 23:05:00,2023-11-17 23:55:00,1,1980.8600000000001,1980.42,1.1300000000000001,-57.63000000000618,741.9318932966545,TIME,fri_close,-0.07767559329999495
2023-11-20 13:45:00,2023-11-21 14:47:00,-1,1972.94,1987.74,0.32,-464.8287999999986,723.3568161671465,TIME,lw,-0.6425995989959543
2023-11-21 15:15:00,2023-11-21 23:45:00,1,1991.47,1998.59,0.32,225.59999999999653,717.1284721552073,TIME,tday900,0.31458798354776546
2023-11-21 18:15:00,2023-11-21 23:45:00,1,2002.79,1998.59,0.32,-136.64000000000146,717.1284721552073,TIME,tday,-0.19053768648921893
2023-11-22 01:15:00,2023-11-22 09:10:00,1,1998.76,2001.49,0.42,111.72000000000077,723.1748552962532,TIME,drift,0.1544854597498885
2023-11-23 01:15:00,2023-11-23 09:10:00,1,1990.33,1995.02,0.45,207.90000000000245,731.0323593867265,TIME,drift,0.28439233548349724
2023-11-24 01:15:00,2023-11-24 09:10:00,1,1994.14,1993.68,0.6900000000000001,-36.57000000000251,740.5030774953137,TIME,drift,-0.04938534505987106
2023-11-24 01:05:00,2023-11-24 20:45:00,1,1993.39,2002.34,0.22,195.359999999996,717.0838064837446,EOD,friday,0.27243677549762735
2023-11-24 15:30:00,2023-11-24 20:45:00,1,1998.17,2002.34,0.34,139.39999999999475,739.6069521347674,EOD,lw,0.18847848792880734
2023-11-24 15:45:00,2023-11-24 20:45:00,1,2001.08,2002.34,0.62,73.77999999999943,729.7399999999888,EOD,inside,0.10110450297366264
2023-11-27 01:05:00,2023-11-27 23:45:00,1,2001.35,2013.72,0.35000000000000003,430.5000000000042,737.6772336582329,TIME,strong_close,0.5835885674078639
2023-11-28 01:15:00,2023-11-28 09:10:00,1,2014.01,2016.17,0.54,112.86000000000443,743.4258726366261,TIME,drift,0.15181069714420403
2023-11-27 10:15:00,2023-11-28 11:17:00,1,2012.48,2015.26,0.35000000000000003,67.03199999999904,737.6772336582329,TIME,lw,0.09086901010565154
2023-11-28 18:15:00,2023-11-28 23:45:00,1,2034.64,2040.86,0.35000000000000003,215.24999999999304,729.0610026826448,TIME,tday,0.295242783810904
2023-11-27 04:00:00,2023-11-29 15:20:00,1,2012.2,2040.3,0.53,1401.341199999995,735.0958745831379,NEWS,trendH4,1.9063380008691726
2023-11-28 16:00:00,2023-11-29 15:20:00,1,2021.65,2040.3,0.55,978.1859999999924,740.0301364378364,NEWS,trendH4,1.321819141999444
2023-11-28 16:15:00,2023-11-29 15:20:00,1,2023.8,2040.3,0.35000000000000003,547.232,729.0610026826448,NEWS,lw,0.7505983696651051
2023-11-28 20:00:00,2023-11-29 15:20:00,1,2040.91,2040.3,0.49,-72.26520000000625,736.2660972942055,NEWS,trendH4,-0.0981509270433373
2023-11-30 01:15:00,2023-11-30 09:16:00,1,2045.39,2044.69,0.44,-33.880000000002006,748.1211295156438,TIME,drift,-0.045286784002394026
2023-11-30 12:15:00,2023-12-01 13:17:00,-1,2037.7,2042.48,0.35000000000000003,-157.70649999999907,743.1737727212598,TIME,lw,-0.2122067621177337
2023-12-01 18:15:00,2023-12-01 23:45:00,1,2056.18,2071.57,0.36,551.5200000000117,752.1325012929586,TIME,tday,0.7332750533342428
2023-12-01 23:05:00,2023-12-01 23:55:00,1,2071.87,2071.34,0.64,-38.399999999983706,759.1343917725976,TIME,fri_close,-0.050583928769606594
2023-12-01 20:00:00,2023-12-01 23:57:00,1,2067.4900000000002,2071.62,0.41000000000000003,166.45999999998583,746.6823669755017,EOD,trendH4,0.222932812347298
2023-12-04 01:05:00,2023-12-04 01:41:00,1,2074.63,2111.303921080927,0.34,1244.5333167515146,760.4911221656503,SL,strong_close,1.636486318482532
2023-12-04 04:00:00,2023-12-04 09:56:00,1,2087.94,2063.2718570440147,0.31,-766.8824316355452,765.3324316355393,SL,trendH4,-1.0020252637101679
2023-12-04 16:15:00,2023-12-05 16:50:00,-1,2049.2799999999997,2018.8700000000001,0.34,1043.2593999999872,760.4911221656503,NEWS,lw,1.3718232463110125
2023-12-06 10:15:00,2023-12-06 15:05:00,1,2033.1200000000001,2027.24,0.25,-148.75000000000273,745.077579704363,NEWS,lw,-0.19964363987307843
2023-12-07 10:45:00,2023-12-08 11:48:00,1,2034.3700000000001,2028.61,0.26,-172.24480000000568,754.2049198287847,TIME,lw,-0.2283793110751753
2023-12-07 15:45:00,2023-12-08 15:20:00,1,2037.3600000000001,2028.14,0.38,-383.2224000000011,760.380000000002,NEWS,inside,-0.5039880059970016
2023-12-08 01:05:00,2023-12-08 15:20:00,1,2029.08,2028.14,0.18,-18.179999999996888,764.901886977757,NEWS,friday,-0.023767754151880597
2023-12-08 16:00:00,2023-12-08 23:57:00,-1,2018.49,2004.25,0.27,382.5900000000003,765.531886977757,EOD,lw,0.4997701683079815
2023-12-11 17:00:00,2023-12-12 15:20:00,-1,1986.51,1990.39,0.26,-93.75340000000283,757.6946502605341,NEWS,lw,-0.12373506922315687
2023-12-14 01:05:00,2023-12-14 15:20:00,1,2025.55,2032.88,0.25,181.50000000000387,763.1323610333012,NEWS,strong_close,0.23783554369814447
2023-12-15 01:05:00,2023-12-15 23:00:00,1,2036.7,2018.03,0.17,-318.58000000000123,765.1678648072553,TIME,friday,-0.41635308362074386
2023-12-15 23:05:00,2023-12-15 23:55:00,1,2019.07,2018.37,0.64,-49.280000000002914,757.0810474456141,TIME,fri_close,-0.06509210627616854
2023-12-18 20:00:00,2023-12-19 21:03:00,1,2033.72,2038.84,0.25,106.37999999999727,749.5337704827954,TIME,lw,0.1419282281723944
2023-12-19 18:15:00,2023-12-19 23:45:00,1,2043.94,2040.05,0.26,-102.9600000000026,756.6511840662423,TIME,tday,-0.13607326885645735
2023-12-19 16:45:00,2023-12-20 17:48:00,1,2037.42,2032.76,0.26,-143.64480000000214,756.6511840662423,TIME,lw,-0.189842827216704
2023-12-21 18:15:00,2023-12-21 23:45:00,1,2042.51,2045.6,0.27,81.53999999999779,753.7949122633956,TIME,tday,0.10817265899972747
2023-12-21 18:30:00,2023-12-22 19:32:00,1,2044.78,2054.23,0.44,377.748800000002,755.0399999999964,TIME,inside,0.5003030303030354
2023-12-22 01:05:00,2023-12-22 23:00:00,1,2047.5,2053.2,0.19,106.96999999999656,767.6915211470584,TIME,friday,0.13933982212043405
2023-12-22 15:15:00,2023-12-22 23:45:00,1,2062.46,2053.08,0.28,-264.6000000000031,754.8765821795663,TIME,tday900,-0.3505208748640998
2023-12-22 23:05:00,2023-12-22 23:55:00,1,2053.44,2053.02,0.84,-41.160000000006114,767.5596785554828,TIME,fri_close,-0.05362449481122773
2023-12-22 01:30:00,2023-12-22 23:57:00,1,2049.12,2052.73,0.44,155.7600000000056,766.9199999999956,EOD,nr7,0.203098106712573
2023-12-22 11:45:00,2023-12-22 23:57:00,1,2054.02,2052.73,0.28,-38.07999999999899,754.8765821795663,EOD,lw,-0.05044533225557222
2023-12-26 10:30:00,2023-12-27 11:32:00,1,2064.06,2068.48,0.28,99.54560000000205,750.5768263095978,TIME,lw,0.13262546419057908
2023-12-27 01:05:00,2023-12-27 23:45:00,1,2067.94,2077.1,0.29,263.60999999999575,755.6407742824443,TIME,strong_close,0.3488562409172791
2023-12-27 18:15:00,2023-12-27 23:45:00,1,2079.11,2077.1,0.29,-60.320000000006324,755.6407742824443,TIME,tday,-0.07982629055093822
2023-12-28 01:15:00,2023-12-28 09:10:00,1,2079.35,2086.33,0.46,317.8600000000008,758.8872605460465,TIME,drift,0.41885009345299745
2023-12-27 14:30:00,2023-12-28 15:32:00,1,2069.2000000000003,2078.3,0.49,325.63439999999554,763.9099999999991,TIME,inside,0.4262732520846643
2023-12-27 17:30:00,2023-12-28 18:32:00,1,2077.2300000000005,2076.44,0.29,-94.08760000001213,755.6407742824443,TIME,lw,-0.12451366204974529
2023-12-29 01:15:00,2023-12-29 09:10:00,1,2066.17,2073.93,0.43,330.66999999998984,763.2416218463742,TIME,drift,0.4332441923175769
2023-12-29 01:05:00,2023-12-29 23:00:00,1,2067.05,2063.14,0.2,-79.60000000000619,770.2803704454603,TIME,friday,-0.10333899584377669
2023-12-29 23:05:00,2023-12-29 23:55:00,1,2063.67,2062.62,0.9,-100.80000000001637,771.6707120748997,TIME,fri_close,-0.13062566509616674
2024-01-02 01:15:00,2024-01-02 09:10:00,1,2065.78,2075.16,0.47000000000000003,437.5699999999838,763.5891480758285,TIME,drift,0.5730437645723728
2024-01-02 01:07:00,2024-01-02 23:47:00,1,2064.59,2058.5,0.15,-92.40000000000217,375.74088627824955,TIME,season,-0.24591414821855895
2024-01-03 01:15:00,2024-01-03 09:10:00,1,2059.13,2063.1,0.4,155.999999999992,767.9380118803351,TIME,drift,0.20314139629319575
2024-01-02 10:15:00,2024-01-03 11:17:00,1,2074.29,2058.12,0.31,-528.0788000000023,776.531164975049,TIME,lw,-0.6800484305314007
2024-01-03 01:07:00,2024-01-03 16:35:00,1,2059.31,2034.4362784684893,0.15,-374.15582297266025,373.4058229726605,SL,season,-1.0020085385761504
2024-01-02 01:10:00,2024-01-03 16:50:00,1,2064.85,2037.08,0.15,-429.52199999999976,750.431772556499,NEWS,tom,-0.5723664904762032
2024-01-04 01:07:00,2024-01-04 15:05:00,1,2042.84,2045.58,0.15,40.05000000000014,384.65183561747045,NEWS,season,0.10412013226378872
2024-01-05 01:15:00,2024-01-05 09:10:00,1,2044.71,2043.47,0.48,-62.880000000000436,755.1380171468852,TIME,drift,-0.0832695461918048
2024-01-05 01:05:00,2024-01-05 15:20:00,1,2043.33,2040.98,0.2,-48.39999999999818,745.2819804324454,NEWS,friday,-0.06494186263823844
2024-01-05 01:07:00,2024-01-05 15:20:00,1,2043.99,2040.98,0.15,-46.19999999999986,372.9909902162226,NEWS,season,-0.12386358172678047
2024-01-05 18:15:00,2024-01-05 23:45:00,1,2055.86,2044.87,0.3,-331.8000000000071,745.9819804324452,TIME,tday,-0.444782861655268
2024-01-05 23:05:00,2024-01-05 23:55:00,1,2044.41,2045.05,0.63,35.90999999999198,767.9605476470322,TIME,fri_close,0.04676021458396172
2024-01-08 01:07:00,2024-01-08 13:18:00,1,2045.3600000000001,2019.4679387009007,0.14,-363.46885818739156,362.76885818739305,SL,season,-1.0019296033388756
2024-01-09 01:07:00,2024-01-09 23:47:00,1,2028.46,2029.84,0.14,18.339999999998348,365.3467968882934,TIME,season,0.050198879957899
2024-01-10 01:15:00,2024-01-10 09:10:00,1,2031.1200000000001,2026.33,0.45,-218.70000000000863,765.0415854864008,TIME,drift,-0.28586681318893636
2024-01-09 16:15:00,2024-01-10 17:17:00,1,2039.56,2025.92,0.29,-420.6391999999962,756.7897935543219,TIME,lw,-0.5558203923766355
2024-01-10 01:07:00,2024-01-10 23:47:00,1,2030.83,2023.73,0.15,-107.54999999999863,380.5399254755982,TIME,season,-0.28262474657707154
2024-01-11 01:15:00,2024-01-11 09:10:00,1,2026.03,2034.5,0.48,403.2000000000013,761.4145935091533,TIME,drift,0.5295406778871441
2024-01-10 12:15:00,2024-01-11 13:17:00,1,2037.24,2032.23,0.3,-223.93199999999973,761.0798509511964,TIME,lw,-0.294229310787994
2024-01-11 01:07:00,2024-01-11 15:20:00,1,2026.12,2033.78,0.15,113.85000000000123,374.6263593701983,NEWS,season,0.3039028011573978
2024-01-11 10:15:00,2024-01-11 15:20:00,1,2033.1200000000001,2033.78,0.3,17.699999999995633,749.2527187403966,NEWS,lw,0.023623537902874643
2024-01-12 01:15:00,2024-01-12 09:10:00,1,2034.33,2035.16,0.34,25.840000000005258,750.7741965619518,TIME,drift,0.03441780513812985
2024-01-12 01:05:00,2024-01-12 15:20:00,1,2029.49,2045.37,0.2,316.19999999999766,758.3346674017971,NEWS,friday,0.41696629943526214
2024-01-12 01:07:00,2024-01-12 15:20:00,1,2030.04,2045.37,0.15,228.8999999999989,379.51733370089846,NEWS,season,0.6031345071063272
2024-01-12 12:45:00,2024-01-12 15:20:00,1,2042.44,2045.37,0.3,85.7999999999951,759.0346674017969,NEWS,lw,0.11303831522437782
2024-01-12 23:05:00,2024-01-12 23:55:00,1,2047.26,2048.72,0.78,108.41999999998511,760.3571222585441,TIME,fri_close,0.14259089160358923
2024-01-15 01:07:00,2024-01-16 03:17:00,1,2048.09,2051.05,0.14,29.332800000000518,362.5850225407789,TIME,season,0.08089909449224848
2024-01-16 01:15:00,2024-01-16 09:10:00,1,2055.59,2050.18,0.58,-317.84000000001794,766.9145798361291,TIME,drift,-0.41443989768447564
2024-01-16 01:07:00,2024-01-16 19:06:00,1,2055.6,2030.649564831479,0.15,-375.3065275278139,374.5565275278155,SL,season,-1.0020023679868795
2024-01-17 01:07:00,2024-01-17 15:20:00,1,2027.72,2025.74,0.15,-30.75000000000027,381.42391841868596,NEWS,season,-0.08061896099092099
2024-01-17 17:00:00,2024-01-18 18:02:00,-1,2012.06,2013.78,0.3,-22.73100000000082,762.8478368373719,TIME,lw,-0.0297975545086939
2024-01-19 01:15:00,2024-01-19 09:10:00,1,2023.8700000000001,2024.84,0.49,44.099999999990196,757.1971607921267,TIME,drift,0.05824110586185487
2024-01-19 01:05:00,2024-01-19 23:00:00,1,2024.4099999999999,2028.28,0.2,76.00000000000236,756.9448184975303,TIME,friday,0.1004036201091326
2024-01-19 15:15:00,2024-01-19 23:45:00,1,2036.01,2029.54,0.3,-196.2000000000008,757.6448184975301,TIME,tday900,-0.2589603930626504
2024-01-19 01:07:00,2024-01-19 23:47:00,1,2024.1100000000001,2029.62,0.15,81.59999999999646,378.82240924876504,TIME,season,0.2154043636484329
2024-01-19 23:05:00,2024-01-19 23:55:00,1,2028.91,2029.32,1.03,35.01999999998501,759.2306213804875,TIME,fri_close,0.04612564221436319
2024-01-19 02:00:00,2024-01-19 23:57:00,1,2023.95,2029.31,0.42,222.17999999999577,763.1399999999961,EOD,inside,0.29113924050632506
2024-01-19 13:45:00,2024-01-19 23:57:00,1,2032.06,2029.31,0.3,-84.6,757.6448184975301,EOD,lw,-0.11166182086187632
2024-01-22 01:07:00,2024-01-22 23:47:00,1,2028.1,2021.18,0.15,-104.84999999999766,372.1850943024247,TIME,season,-0.2817146672585447
2024-01-23 01:15:00,2024-01-23 09:10:00,1,2021.49,2034.8,0.5,661.9999999999973,752.568714411805,TIME,drift,0.8796538938207195
2024-01-23 01:07:00,2024-01-23 23:47:00,1,2021.91,2028.75,0.15,101.54999999999876,362.4004447093942,TIME,season,0.28021488792992744
2024-01-24 01:15:00,2024-01-24 09:10:00,1,2029.66,2027.39,0.48,-112.31999999999913,754.5915931067033,TIME,drift,-0.14884872959897458
2024-01-23 10:15:00,2024-01-24 11:17:00,1,2031.17,2032.64,0.31,18.761200000000844,748.9609190660814,TIME,lw,0.0250496381351849
2024-01-24 01:07:00,2024-01-24 23:47:00,1,2029.55,2012.38,0.16,-275.83999999999753,379.9204404740667,TIME,season,-0.7260467471973946
2024-01-25 01:15:00,2024-01-25 09:10:00,1,2016.73,2013.98,0.43,-121.25999999999999,756.6818839431907,TIME,drift,-0.16025228378416395
2024-01-25 01:07:00,2024-01-25 23:47:00,1,2016.17,2019.85,0.16,57.75999999999738,381.92612329734754,TIME,season,0.1512334361978913
2024-01-26 01:15:00,2024-01-26 09:10:00,1,2020.6599999999999,2021.86,0.42,47.46000000000191,761.9077229779789,TIME,drift,0.06229100791169383
2024-01-26 01:05:00,2024-01-26 23:00:00,1,2020.4199999999998,2018.58,0.21,-40.10999999999828,732.7536941529637,TIME,friday,-0.054738720964571816
2024-01-26 01:07:00,2024-01-26 23:47:00,1,2020.81,2018.52,0.16,-37.759999999999415,372.5656859189657,TIME,season,-0.10135125543529616
2024-01-26 23:05:00,2024-01-26 23:55:00,1,2019.08,2018.35,1.23,-98.40000000000224,763.8758944642278,TIME,fri_close,-0.12881673674101035
2024-01-29 01:07:00,2024-01-29 23:47:00,1,2025.1100000000001,2031.76,0.17,111.8599999999977,380.86025262540807,TIME,season,0.2937035283385601
2024-01-29 01:30:00,2024-01-30 02:32:00,1,2027.6,2032.52,0.66,267.6432000000048,762.2999999999862,TIME,nr7,0.3510995670995798
2024-01-30 01:15:00,2024-01-30 09:10:00,1,2033.22,2034.75,0.41000000000000003,59.85999999999889,756.3659520147874,TIME,drift,0.07914158462652295
2024-01-29 10:15:00,2024-01-30 11:17:00,1,2032.22,2038.15,0.34,172.21680000000217,761.7205052508161,TIME,lw,0.22608922670828632
2024-01-30 01:07:00,2024-01-30 16:50:00,1,2032.6299999999999,2046.91,0.17,241.57000000000343,376.89737743787884,NEWS,season,0.6409437010206303
2024-01-30 16:15:00,2024-01-30 16:50:00,1,2043.03,2046.91,0.34,129.54000000000372,753.7947548757577,NEWS,lw,0.17185049267337343
2024-01-31 01:15:00,2024-01-31 09:10:00,1,2036.58,2035.41,0.44,-54.559999999993195,769.3892996400747,TIME,drift,-0.07091338549355537
2024-01-31 01:07:00,2024-01-31 15:05:00,1,2036.56,2036.75,0.17,2.040000000000928,373.7397076208875,NEWS,season,0.005458344292574486
2024-01-31 16:45:00,2024-01-31 20:50:00,1,2050.0400000000004,2046.56,0.35000000000000003,-124.25000000001657,769.4641039253567,NEWS,lw,-0.16147601865527658
2024-02-01 01:15:00,2024-02-01 09:10:00,1,2041.08,2042.3,0.34,39.10000000000093,758.3467948978424,TIME,drift,0.05155952430084198
2024-02-01 01:10:00,2024-02-01 16:50:00,1,2040.86,2047.71,0.17,115.26000000000232,753.7823141530763,NEWS,tom,0.1529088675017594
2024-02-01 18:15:00,2024-02-01 23:45:00,1,2060.12,2054.8,0.34,-183.2599999999901,754.9723141530762,TIME,tday,-0.24273737799984116
2024-02-02 01:15:00,2024-02-02 09:10:00,1,2055.87,2054.79,0.32,-36.799999999997674,765.6838467963053,TIME,drift,-0.0480616120530326
2024-02-01 17:45:00,2024-02-02 15:20:00,1,2051.56,2055.8,0.34,114.75680000000807,754.9723141530762,NEWS,lw,0.1520013354777673
2024-02-02 01:05:00,2024-02-02 15:20:00,1,2054.65,2055.8,0.22,23.760000000001998,763.1467285119111,NEWS,friday,0.03113424864748163
2024-02-02 23:05:00,2024-02-02 23:55:00,1,2037.25,2039.6,0.89,202.91999999999192,763.1182280853653,TIME,fri_close,0.2659089935633047
2024-02-05 10:15:00,2024-02-05 16:50:00,-1,2024.8500000000001,2022.3500000000001,0.32,77.76,756.0157555431927,NEWS,lw,0.10285499929049749
2024-02-06 01:15:00,2024-02-06 09:10:00,1,2025.23,2027.6,0.44,101.1999999999952,762.18507238837,TIME,drift,0.13277615065705317
2024-02-06 18:15:00,2024-02-06 23:45:00,1,2036.75,2035.68,0.32,-36.479999999997965,764.5974872901079,TIME,tday,-0.04771137834796012
2024-02-07 01:15:00,2024-02-07 09:10:00,1,2036.1,2033.78,0.51,-121.88999999999677,764.837104638902,TIME,drift,-0.15936726822052386
2024-02-06 17:45:00,2024-02-07 18:47:00,1,2037.45,2038.1,0.32,-6.8736000000043695,764.5974872901079,TIME,lw,-0.008989828130832387
2024-02-07 01:05:00,2024-02-07 23:45:00,1,2035.94,2034.63,0.33,-45.53999999999821,769.9789331416437,TIME,strong_close,-0.05914447530945729
2024-02-08 01:15:00,2024-02-08 09:10:00,1,2036.33,2033.03,0.56,-188.71999999999747,758.8609303732861,TIME,drift,-0.24868851781203902
2024-02-07 16:45:00,2024-02-08 15:31:00,1,2040.53,2023.06,0.44,-876.6736000000012,769.5600000000032,SL,inside,-1.139188107489991
2024-02-07 17:00:00,2024-02-08 18:02:00,1,2042.81,2031.55,0.33,-452.5751999999997,769.9789331416437,TIME,lw,-0.5877760812927916
2024-02-09 01:15:00,2024-02-09 09:10:00,1,2034.84,2033.81,0.48,-52.79999999999869,758.9469824670809,TIME,drift,-0.06957007698793884
2024-02-09 01:05:00,2024-02-09 23:00:00,1,2035.13,2025.09,0.22,-222.42000000000417,737.7103045966213,TIME,friday,-0.3015004651746366
2024-02-09 23:05:00,2024-02-09 23:55:00,1,2025.46,2024.08,1.08,-156.60000000001182,757.1248872221894,TIME,fri_close,-0.20683509767399214
2024-02-12 16:30:00,2024-02-13 15:20:00,-1,2014.75,2028.0500000000002,0.34,-442.8806000000062,747.9671745275036,NEWS,lw,-0.5921123480850308
2024-02-14 01:15:00,2024-02-14 09:10:00,1,1992.32,1990.16,0.44,-98.1199999999936,756.5079091825149,TIME,drift,-0.12970122163828057
2024-02-15 01:15:00,2024-02-15 09:10:00,1,1993.55,1993.19,0.51,-21.929999999994898,753.6955946188701,TIME,drift,-0.02909662754640949
2024-02-15 12:45:00,2024-02-15 15:20:00,1,1997.65,1998.63,0.34,30.94000000000062,755.7078507423197,NEWS,lw,0.04094174748827706
2024-02-16 01:15:00,2024-02-16 09:10:00,1,2004.8700000000001,2003.78,0.5700000000000001,-66.1200000000083,755.0951200639397,TIME,drift,-0.08756512688680787
2024-02-16 01:05:00,2024-02-16 15:20:00,1,2004.8600000000001,2006.02,0.23,25.069999999996657,755.8714728107782,NEWS,friday,0.03316701436921748
2024-02-16 23:05:00,2024-02-16 23:55:00,1,2012.8,2013.58,0.9500000000000001,67.4499999999974,751.2042921542488,TIME,fri_close,0.08978915683051972
2024-02-16 19:45:00,2024-02-16 23:57:00,1,2012.19,2013.15,0.34,30.260000000001238,745.7101471178682,EOD,lw,0.04057876926705986
2024-02-19 01:05:00,2024-02-20 03:32:00,1,2011.79,2018.42,0.34,196.01680000000374,741.2351366094496,TIME,strong_close,0.26444617951682897
2024-02-20 01:15:00,2024-02-20 09:10:00,1,2016.83,2018.9,0.68,136.00000000001114,751.670295213048,TIME,drift,0.18093039044660436
2024-02-21 01:15:00,2024-02-21 09:10:00,1,2024.35,2030.12,0.7000000000000001,398.99999999999875,756.7939966355148,TIME,drift,0.5272240553887007
2024-02-20 11:00:00,2024-02-21 12:02:00,1,2023.0,2028.38,0.36,162.54720000000393,759.994546078198,TIME,lw,0.21387942958116832
2024-02-22 01:15:00,2024-02-22 09:10:00,1,2026.5,2030.24,0.61,223.87000000000054,755.1644767172428,TIME,drift,0.2964519742416651
2024-02-21 15:15:00,2024-02-22 16:17:00,1,2031.16,2024.69,0.36,-321.278400000001,746.6206499297552,TIME,lw,-0.43031009124945585
2024-02-23 01:15:00,2024-02-23 09:10:00,1,2025.25,2019.71,0.62,-347.8199999999977,760.9516730879857,TIME,drift,-0.4570855315798494
2024-02-22 10:15:00,2024-02-23 11:17:00,1,2034.2,2018.23,0.37,-622.887600000001,744.8972472543896,TIME,lw,-0.8362060704290385
2024-02-23 01:05:00,2024-02-23 23:00:00,1,2024.75,2036.57,0.25,293.7499999999984,741.2785386805315,TIME,friday,0.3962747937136701
2024-02-23 18:15:00,2024-02-23 23:45:00,1,2033.54,2035.98,0.38,90.06000000000208,752.0489191962719,TIME,tday,0.11975284812090524
2024-02-23 23:05:00,2024-02-23 23:55:00,1,2036.44,2035.87,1.1300000000000001,-72.32000000001851,755.6160263198145,TIME,fri_close,-0.09570998692583191
2024-02-27 01:15:00,2024-02-27 09:10:00,1,2031.14,2033.96,0.62,170.49999999999605,754.9123936810624,TIME,drift,0.225854021509189
2024-02-28 01:15:00,2024-02-28 09:10:00,1,2030.57,2028.89,0.71,-124.24999999998838,752.1462559609294,TIME,drift,-0.16519393537530633
2024-02-27 10:30:00,2024-02-28 11:32:00,1,2037.6,2025.45,0.38,-494.5623999999949,745.0207517559691,TIME,lw,-0.6638236570381981
2024-02-29 01:15:00,2024-02-29 09:10:00,1,2035.16,2037.14,0.65,124.15000000000119,747.7989384143384,TIME,drift,0.16602056197519297
2024-02-29 13:45:00,2024-02-29 15:53:00,-1,2029.74,2048.2994987979,0.4,-745.1799519160003,743.1799519159977,SL,lw,-1.002691138256416
2024-02-29 18:15:00,2024-02-29 23:45:00,1,2045.9,2043.12,0.4,-114.000000000008,743.1799519159977,TIME,tday,-0.15339488061552758
2024-03-01 01:15:00,2024-03-01 09:10:00,1,2043.8,2047.8,0.5700000000000001,224.01000000000002,747.2111076046618,TIME,drift,0.2997947938944724
2024-03-01 01:05:00,2024-03-01 16:50:00,1,2043.81,2047.64,0.26,97.76000000000403,735.2804207525189,NEWS,friday,0.132956076676096
2024-03-01 01:10:00,2024-03-01 16:50:00,1,2043.74,2047.64,0.2,76.60000000000181,753.6670982077117,NEWS,tom,0.1016363858554573
2024-03-01 12:45:00,2024-03-01 16:50:00,1,2053.57,2047.64,0.39,-234.00000000000247,736.1904207525189,NEWS,lw,-0.31785254657458384
2024-03-01 18:15:00,2024-03-01 23:45:00,1,2073.84,2083.43,0.39,371.2799999999879,736.1904207525189,TIME,tday,0.5043260405649846
2024-03-01 23:05:00,2024-03-01 23:55:00,1,2083.88,2083.44,0.72,-36.72000000000393,752.1342018110901,TIME,fri_close,-0.048821074632139534
2024-03-01 20:00:00,2024-03-01 23:57:00,1,2085.03,2083.24,0.45,-83.70000000001883,741.4339113556073,EOD,trendH4,-0.11288936035712906
2024-03-04 01:05:00,2024-03-04 23:45:00,1,2083.08,2115.24,0.35000000000000003,1123.149999999995,736.7420172937663,TIME,strong_close,1.5244820759994115
2024-03-04 18:15:00,2024-03-04 23:45:00,1,2115.94,2115.24,0.35000000000000003,-26.950000000009553,736.7420172937663,TIME,tday,-0.036579968791522845
2024-03-05 01:15:00,2024-03-05 09:10:00,1,2113.9900000000002,2115.49,0.07,10.009999999996817,146.58625956230583,TIME,drift,0.06828743723924623
2024-03-04 16:00:00,2024-03-05 16:50:00,1,2091.9,2128.65,0.47000000000000003,1686.6044,754.3633147813481,NEWS,trendH4,2.2357985428929052
2024-03-04 17:45:00,2024-03-05 16:50:00,1,2102.55,2128.65,0.35000000000000003,883.2319999999969,736.7420172937663,NEWS,lw,1.1988348421396193
2024-03-04 20:00:00,2024-03-05 16:50:00,1,2116.68,2128.65,0.41000000000000003,455.3132000000105,745.6370342709254,NEWS,trendH4,0.6106365149166848
2024-03-05 01:05:00,2024-03-05 16:50:00,1,2114.28,2128.65,0.33,471.8999999999964,740.5601539163791,NEWS,strong_close,0.6372203493590628
2024-03-05 12:00:00,2024-03-05 16:50:00,1,2124.7,2128.65,0.09,34.920000000002446,160.08893263704124,NEWS,trendH4,0.21812875771477713
2024-03-06 01:15:00,2024-03-06 09:10:00,1,2127.33,2129.42,0.34,68.68000000000495,765.4469811582254,TIME,drift,0.089725352232865
2024-03-06 18:15:00,2024-03-06 23:45:00,1,2145.9800000000005,2147.72,0.33,55.10999999997779,761.6065714937811,TIME,tday,0.07236019496508217
2024-03-07 01:15:00,2024-03-07 09:10:00,1,2148.93,2155.68,0.31,207.07999999999998,776.5717047523124,TIME,drift,0.2666592134799042
2024-03-06 20:00:00,2024-03-07 16:50:00,1,2145.01,2152.78,0.4,212.62399999999926,779.0957401980304,NEWS,trendH4,0.2729112598484424
2024-03-07 01:05:00,2024-03-07 16:50:00,1,2148.1,2152.78,0.33,152.1300000000096,774.5732449585105,NEWS,strong_close,0.1964049248927496
2024-03-07 08:00:00,2024-03-07 16:50:00,1,2154.6200000000003,2152.78,0.38,-72.58000000000553,763.0401522396708,NEWS,trendH4,-0.09511950293437266
2024-03-07 15:30:00,2024-03-07 16:50:00,1,2161.57,2152.78,0.33,-292.3799999999988,774.5732449585105,NEWS,lw,-0.3774723719196626
2024-03-08 01:15:00,2024-03-08 09:10:00,1,2159.56,2159.81,0.37,6.66,764.0786253435126,TIME,drift,0.008716380460199123
2024-03-08 01:05:00,2024-03-08 15:20:00,1,2159.14,2164.93,0.22,125.8399999999992,767.0808703186174,NEWS,friday,0.1640504995877812
2024-03-08 12:00:00,2024-03-08 15:20:00,1,2169.27,2164.93,0.4,-176.40000000000586,775.5061592404603,NEWS,trendH4,-0.22746434428422085
2024-03-08 23:05:00,2024-03-08 23:55:00,1,2178.21,2178.71,0.48,20.64,773.2698353768845,TIME,fri_close,0.026691846824647255
2024-03-08 16:00:00,2024-03-08 23:57:00,1,2171.38,2178.53,0.36,254.88000000000326,767.3677661505938,EOD,trendH4,0.3321484316165344
2024-03-12 01:15:00,2024-03-12 09:10:00,1,2182.63,2176.53,0.36,-222.11999999999674,768.3257195971422,TIME,drift,-0.2890961402625717
2024-03-12 10:15:00,2024-03-12 15:20:00,-1,2176.2799999999997,2170.16,0.32,193.5999999999965,761.9750505075895,NEWS,lw,0.25407656047403376
2024-03-13 01:15:00,2024-03-13 09:10:00,1,2159.86,2159.53,0.31,-12.399999999997744,774.8587550768877,TIME,drift,-0.016002916555762883
2024-03-13 18:15:00,2024-03-13 23:45:00,1,2171.15,2174.47,0.31,100.74999999999098,761.1438065949965,TIME,tday,0.1323665766272206
2024-03-14 01:15:00,2024-03-14 09:10:00,1,2174.53,2168.16,0.41000000000000003,-264.04000000001423,764.1816787569007,TIME,drift,-0.3455199298019416
2024-03-13 18:30:00,2024-03-14 15:20:00,1,2174.05,2167.35,0.31,-283.7864000000085,761.1438065949965,NEWS,lw,-0.3728420274081148
2024-03-14 16:00:00,2024-03-15 17:02:00,-1,2162.71,2161.98,0.31,31.12710000000056,760.2292489810676,TIME,lw,0.04094435993053424
2024-03-15 23:05:00,2024-03-15 23:55:00,1,2157.15,2156.2,0.85,-86.7000000000232,770.9955023932106,TIME,fri_close,-0.11245201785341398
2024-03-19 01:15:00,2024-03-19 09:10:00,1,2161.08,2154.59,0.53,-347.6799999999884,765.6389082838224,TIME,drift,-0.4541044038361533
2024-03-19 01:05:00,2024-03-19 23:45:00,1,2160.4,2157.81,0.33,-87.7800000000048,777.2089596113096,TIME,strong_close,-0.11294259917423559
2024-03-20 01:15:00,2024-03-20 09:10:00,1,2158.45,2157.13,0.52,-72.27999999998487,772.8526382723588,TIME,drift,-0.09352365046143878
2024-03-20 15:45:00,2024-03-20 20:50:00,-1,2149.7599999999998,2158.19,0.33,-280.5000000000096,758.86617678193,NEWS,lw,-0.36963038883812965
2024-03-21 01:15:00,2024-03-21 09:10:00,1,2193.5000000000005,2209.44,0.34,539.5799999999864,766.794554461536,TIME,drift,0.7036826185847057
2024-03-21 01:05:00,2024-03-21 17:01:00,1,2187.98,2186.7052912397235,0.32,-43.030680328849705,773.1137868858931,SL,strong_close,-0.05565892247527694
2024-03-21 10:15:00,2024-03-21 17:06:00,1,2207.7,2183.5601941598156,0.32,-774.7137868858938,773.1137868858931,SL,lw,-1.0020695530556316
2024-03-21 04:00:00,2024-03-21 17:26:00,1,2199.19,2178.033562309582,0.36,-764.1517568550476,762.3517568550403,SL,trendH4,-1.0023611147791314
2024-03-22 01:15:00,2024-03-22 09:10:00,1,2182.68,2173.28,0.27,-255.6899999999902,747.5574513085738,TIME,drift,-0.3420339126476682
2024-03-22 01:05:00,2024-03-22 23:00:00,1,2182.4,2163.96,0.19,-351.690000000001,754.0098616991588,TIME,friday,-0.4664262602712765
2024-03-22 23:05:00,2024-03-22 23:55:00,1,2164.28,2165.55,0.74,88.79999999999865,763.696236747404,TIME,fri_close,0.11627659758832837
2024-03-25 18:15:00,2024-03-25 23:45:00,1,2177.28,2171.74,0.28,-157.08000000001175,746.5553124273035,TIME,tday,-0.2104063789852243
2024-03-26 01:15:00,2024-03-26 09:10:00,1,2172.27,2173.88,0.43,66.22000000000547,749.1452953007274,TIME,drift,0.08839406776681812
2024-03-25 16:45:00,2024-03-26 17:47:00,1,2178.68,2182.91,0.28,94.22560000000053,746.5553124273035,TIME,lw,0.12621382291640423
2024-03-26 15:15:00,2024-03-26 23:45:00,1,2196.59,2175.49,0.29,-613.9300000000105,754.9217162885041,TIME,tday900,-0.8132366399768376
2024-03-27 01:15:00,2024-03-27 09:10:00,1,2178.7400000000002,2178.4,0.34,-13.940000000004948,744.0654888204056,TIME,drift,-0.018734910044147516
2024-03-26 12:15:00,2024-03-27 13:17:00,1,2184.09,2191.43,0.29,187.78079999999102,754.9217162885041,TIME,lw,0.24874208271977688
2024-03-27 18:15:00,2024-03-27 23:45:00,1,2192.89,2194.51,0.28,43.40000000000968,742.0463663276245,TIME,tday,0.058486911289378836
2024-03-28 01:15:00,2024-03-28 09:10:00,1,2193.4900000000002,2196.12,0.36,92.15999999998756,752.1056114277148,TIME,drift,0.12253598244672197
2024-03-27 13:15:00,2024-03-28 14:17:00,1,2191.84,2211.62,0.28,485.11679999999285,742.0463663276245,TIME,lw,0.6537553743451748
2024-03-28 01:05:00,2024-03-28 15:20:00,1,2193.28,2212.18,0.29,546.0699999999895,763.8631635344755,NEWS,strong_close,0.7148793475957997
2024-03-28 08:45:00,2024-03-28 15:20:00,1,2198.1600000000003,2212.18,0.31,432.44999999998527,762.2899999999994,NEWS,inside,0.5673037820251946
2024-03-28 13:30:00,2024-03-28 15:20:00,1,2204.6,2212.18,0.29,217.78999999999786,763.8631635344755,NEWS,lw,0.28511651091048895
2024-03-28 18:15:00,2024-03-28 23:45:00,1,2214.01,2223.42,0.29,270.8599999999958,763.8631635344755,TIME,tday,0.3545923051802865
2024-04-01 01:05:00,2024-04-01 16:50:00,1,2239.6,2242.22,0.27,68.84999999999707,754.7105921197062,NEWS,strong_close,0.09122702227700631
2024-04-01 01:10:00,2024-04-01 16:50:00,1,2242.2200000000003,2242.22,0.13,-0.9100000000059117,725.8483479671245,NEWS,tom,-0.0012537054090631173
2024-04-01 04:00:00,2024-04-01 16:50:00,1,2250.3300000000004,2242.22,0.3,-245.40000000001743,774.8280272355486,NEWS,trendH4,-0.3167154405546762
2024-04-01 08:00:00,2024-04-01 16:50:00,1,2260.53,2242.22,0.29,-533.0200000000115,757.0079050113118,NEWS,trendH4,-0.7041141796161913
2024-04-01 10:15:00,2024-04-01 16:50:00,1,2259.94,2242.22,0.27,-480.33000000000686,754.7105921197062,NEWS,lw,-0.6364426377678567
2024-04-03 01:05:00,2024-04-03 15:05:00,1,2281.69,2273.53,0.26,-213.9799999999962,754.7666367675721,NEWS,strong_close,-0.2835048471623033
2024-04-03 04:00:00,2024-04-03 15:05:00,1,2283.5000000000005,2273.53,0.27,-271.08000000000686,767.9531587706795,NEWS,trendH4,-0.3529902792950876
2024-04-04 01:05:00,2024-04-04 23:45:00,1,2300.1,2291.1,0.25,-226.75,737.8094971139042,TIME,strong_close,-0.30732865446565805
2024-04-04 04:00:00,2024-04-05 04:15:00,1,2302.52,2274.4847486718577,0.27,-780.3013858598421,757.4917858598367,SL,trendH4,-1.0301120096954108
2024-04-03 20:00:00,2024-04-05 15:20:00,1,2294.07,2293.61,0.26,-96.43920000000097,756.1138886777785,NEWS,trendH4,-0.12754586503978238
2024-04-05 01:05:00,2024-04-05 15:20:00,1,2291.94,2293.61,0.17,27.200000000001236,745.4456379807411,NEWS,friday,0.03648824087787332
2024-04-05 18:15:00,2024-04-05 23:45:00,1,2324.26,2327.62,0.26,85.5399999999915,760.668885784285,TIME,tday,0.11245365966532965
2024-04-05 23:05:00,2024-04-05 23:55:00,1,2323.77,2328.41,0.47000000000000003,214.78999999999402,751.8692167136634,TIME,fri_close,0.2856746828109511
2024-04-05 17:15:00,2024-04-05 23:57:00,1,2304.09,2329.27,0.26,652.8599999999957,760.668885784285,EOD,lw,0.858270940485316
2024-04-05 20:00:00,2024-04-05 23:57:00,1,2327.51,2329.27,0.24,40.55999999999432,751.7840263255914,EOD,trendH4,0.05395166507891207
2024-04-08 01:05:00,2024-04-08 23:45:00,1,2328.03,2338.47,0.24,248.8799999999904,759.5904735293872,TIME,strong_close,0.3276502387445512
2024-04-09 12:30:00,2024-04-10 13:32:00,1,2364.96,2348.6,0.23,-396.1704000000029,760.1086654324008,TIME,lw,-0.5212023201638343
2024-04-08 08:00:00,2024-04-10 15:20:00,1,2342.3900000000003,2347.94,0.21,81.69839999999428,740.3501696245412,NEWS,trendH4,0.11035102489599825
2024-04-09 12:00:00,2024-04-10 15:20:00,1,2357.9,2347.94,0.23,-248.97040000000084,754.4778273923365,NEWS,trendH4,-0.32999034691384455
2024-04-11 20:00:00,2024-04-12 19:19:00,1,2350.05,2381.578625402148,0.22,674.6041588472563,732.5468274351529,SL,lw,0.9209024373352762
2024-04-12 10:15:00,2024-04-12 19:19:00,1,2398.3,2379.5651521591376,0.22,-413.70665249897684,762.0777683326419,SL,lw,-0.5428667121521339
2024-04-12 12:00:00,2024-04-12 19:46:00,1,2396.94,2363.307095772899,0.11,-370.73194649810966,370.1819464981083,SL,trendH4,-1.0014857558700643
2024-04-12 01:05:00,2024-04-12 20:25:00,1,2374.18,2353.6377282387066,0.14,-288.5718046581056,726.9478697720672,SL,friday,-0.3969635467101466
2024-04-12 08:00:00,2024-04-12 20:36:00,1,2384.4500000000003,2350.8632587083152,0.22,-740.4483084170706,739.34830841707,SL,trendH4,-1.0014877967359601
2024-04-12 04:00:00,2024-04-12 21:25:00,1,2379.01,2345.4181670613843,0.22,-740.5603246495493,739.460324649548,SL,trendH4,-1.001487571358913
2024-04-12 23:05:00,2024-04-12 23:55:00,1,2342.88,2344.78,0.22,40.260000000002,744.5467870092311,TIME,fri_close,0.054073163302097285
2024-04-16 01:05:00,2024-04-16 23:45:00,1,2382.95,2384.1,0.18,19.440000000001636,735.8540378636123,TIME,strong_close,0.026418282702424693
2024-04-17 19:45:00,2024-04-18 20:47:00,-1,2365.8399999999997,2385.35,0.18,-333.85860000000395,728.7430351590688,TIME,lw,-0.45812938703027173
2024-04-19 01:05:00,2024-04-19 23:00:00,1,2379.79,2387.6,0.12,92.87999999999933,720.317208887156,TIME,friday,0.1289431917689333
2024-04-19 23:05:00,2024-04-19 23:55:00,1,2387.33,2390.65,0.45,146.25000000000736,747.4188230848856,TIME,fri_close,0.1956734236319835
2024-04-19 04:30:00,2024-04-19 23:57:00,1,2396.29,2390.62,0.21,-120.54000000000151,730.8000000000004,EOD,inside,-0.16494252873563417
2024-04-19 10:15:00,2024-04-19 23:57:00,1,2392.15,2390.62,0.18,-28.800000000003603,720.737208887156,EOD,lw,-0.03995908584277456
2024-04-22 10:15:00,2024-04-23 11:17:00,-1,2357.7999999999997,2307.33,0.18,913.3937999999964,727.3702653952166,TIME,lw,1.255748060451308
2024-04-23 12:15:00,2024-04-24 13:17:00,-1,2297.24,2318.2599999999998,0.17,-352.68029999999976,718.0836057632652,TIME,lw,-0.49114099969616903
2024-04-25 11:00:00,2024-04-25 15:20:00,1,2325.92,2325.55,0.18,-7.919999999998035,739.9539041812283,NEWS,lw,-0.010703369433210373
2024-04-26 01:05:00,2024-04-26 23:00:00,1,2332.68,2339.99,0.12,86.87999999999934,738.0571967397124,TIME,friday,0.11771445408808738
2024-04-26 23:05:00,2024-04-26 23:55:00,1,2339.39,2337.47,0.59,-117.41000000000429,749.5607369828167,TIME,fri_close,-0.15663840727919004
2024-04-26 11:45:00,2024-04-26 23:57:00,1,2348.7400000000002,2337.77,0.18,-198.72000000000457,738.4771967397122,EOD,lw,-0.2690942941465619
2024-04-30 10:15:00,2024-05-01 11:18:00,-1,2321.0299999999997,2284.6,0.19,697.3778999999969,741.8686050825438,TIME,lw,0.9400288612056893
2024-05-01 18:15:00,2024-05-01 20:50:00,1,2304.91,2298.98,0.19,-113.99999999999689,758.4722761480766,NEWS,tday,-0.1503021317785657
2024-05-02 12:45:00,2024-05-03 13:47:00,-1,2301.1,2300.83,0.18,9.793799999999672,727.3089196189849,TIME,lw,0.013465804881274312
2024-05-03 23:05:00,2024-05-03 23:55:00,1,2301.75,2301.86,0.46,1.840000000005857,755.2480135653478,TIME,fri_close,0.002436285785539045
2024-05-06 18:15:00,2024-05-06 23:45:00,1,2323.27,2325.59,0.18,40.50000000000295,731.9693235490229,TIME,tday,0.05533018761446839
2024-05-06 10:45:00,2024-05-07 11:47:00,1,2323.42,2315.79,0.18,-152.90640000000192,731.9693235490229,TIME,lw,-0.20889727899882565
2024-05-08 11:00:00,2024-05-09 12:02:00,-1,2305.3999999999996,2311.7999999999997,0.19,-103.31630000000173,744.210481268683,TIME,lw,-0.13882671986005174
2024-05-09 18:15:00,2024-05-09 23:45:00,1,2336.39,2344.31,0.2,157.00000000000148,752.8523501122467,TIME,tday,0.20854022701342903
2024-05-09 15:30:00,2024-05-10 16:33:00,1,2318.33,2366.87,0.2,953.5039999999993,752.8523501122467,TIME,lw,1.2665219147656728
2024-05-09 15:45:00,2024-05-10 16:48:00,1,2327.75,2366.27,0.31,1167.3111999999994,740.590000000005,TIME,nr7,1.5761908748430191
2024-05-10 01:05:00,2024-05-10 23:01:00,1,2346.21,2363.84,0.13,228.28000000000142,737.7648955480516,TIME,friday,0.309421065406511
2024-05-10 15:15:00,2024-05-10 23:45:00,1,2372.96,2361.52,0.12,-138.12000000000066,454.2891664911087,TIME,tday900,-0.304035425424797
2024-05-10 23:05:00,2024-05-10 23:55:00,1,2364.23,2360.87,0.62,-212.66000000000787,763.4817643105722,TIME,fri_close,-0.27853972411776057
2024-05-10 10:15:00,2024-05-10 23:57:00,1,2369.44,2360.46,0.2,-181.0000000000004,757.1486108185145,EOD,lw,-0.23905478714981804
2024-05-13 10:15:00,2024-05-14 11:17:00,-1,2349.49,2338.49,0.2,225.48200000000003,750.5951386171924,TIME,lw,0.3004042904080106
2024-05-14 16:15:00,2024-05-15 15:20:00,1,2349.94,2363.13,0.2,246.5040000000011,743.26691443025,NEWS,lw,0.3316493647358948
2024-05-15 01:05:00,2024-05-15 15:20:00,1,2357.46,2363.13,0.21,117.60000000000151,762.0502415694932,NEWS,strong_close,0.1543205337193995
2024-05-15 06:45:00,2024-05-15 15:20:00,1,2360.79,2363.13,0.29,65.83000000000422,749.0699999999931,NEWS,inside,0.08788230739450896
2024-05-15 11:30:00,2024-05-15 15:20:00,1,2369.03,2363.13,0.21,-125.3700000000019,762.0502415694932,NEWS,lw,-0.1645167118401459
2024-05-15 18:15:00,2024-05-15 23:45:00,1,2380.96,2386.9,0.21,123.27000000000115,762.0502415694932,TIME,tday,0.16176098802372713
2024-05-16 01:05:00,2024-05-16 23:45:00,1,2387.92,2376.34,0.21,-244.64999999999844,765.323081457386,TIME,strong_close,-0.3196689162100239
2024-05-17 01:05:00,2024-05-17 23:00:00,1,2378.35,2416.42,0.14,532.0000000000024,749.842147067573,TIME,friday,0.709482658557549
2024-05-17 15:15:00,2024-05-17 23:45:00,1,2388.44,2417.69,0.21,612.78,750.3321470675729,TIME,tday900,0.8166783235862273
2024-05-17 18:15:00,2024-05-17 23:45:00,1,2408.27,2417.69,0.21,196.35000000000153,750.3321470675729,TIME,tday,0.26168410985371093
2024-05-17 23:05:00,2024-05-17 23:55:00,1,2416.89,2414.43,0.49,-123.97000000000179,762.6817456201733,TIME,fri_close,-0.1625448631908658
2024-05-17 14:30:00,2024-05-17 23:57:00,1,2388.98,2413.82,0.21,520.170000000003,750.3321470675729,EOD,lw,0.6932529840723429
2024-05-20 08:00:00,2024-05-20 15:42:00,1,2437.52,2412.6654364892897,0.31,-772.6614688320177,771.1114688320173,SL,trendH4,-1.0020100855228469
2024-05-20 01:05:00,2024-05-20 23:45:00,1,2425.5,2424.81,0.21,-15.960000000001147,769.9369937056034,TIME,strong_close,-0.020728968903270653
2024-05-20 10:15:00,2024-05-21 11:18:00,1,2441.77,2416.72,0.21,-544.2108000000038,769.9369937056034,TIME,lw,-0.7068251096505835
2024-05-22 14:45:00,2024-05-23 15:47:00,-1,2407.8999999999996,2363.6099999999997,0.21,950.2982999999991,765.14031600126,TIME,lw,1.2419921942767347
2024-05-23 10:45:00,2024-05-24 11:47:00,-1,2358.91,2340.8999999999996,0.2,365.6820000000044,750.3689869398895,TIME,lw,0.48733623905661017
2024-05-24 23:05:00,2024-05-24 23:55:00,1,2334.89,2333.82,0.8,-91.19999999997671,775.1124764820294,TIME,fri_close,-0.11766034319806377
2024-05-27 18:15:00,2024-05-28 04:30:00,1,2354.67,2351.27,0.2,-85.29600000000183,754.0130550655168,TIME,tday,-0.11312270978198168
2024-05-27 15:30:00,2024-05-28 20:15:00,1,2349.23,2353.93,0.2,76.70399999999636,754.0130550655168,TIME,lw,0.10172768161597875
2024-05-28 01:05:00,2024-05-28 23:45:00,1,2352.69,2359.11,0.21,133.35000000000153,774.5527286888782,TIME,strong_close,0.1721638760807535
2024-05-29 01:05:00,2024-05-29 23:45:00,1,2362.36,2337.39,0.21,-525.8400000000053,754.9575337825298,TIME,strong_close,-0.6965159978805864
2024-05-31 01:05:00,2024-05-31 23:00:00,1,2343.72,2327.69,0.14,-225.39999999999645,733.8822102512634,TIME,friday,-0.3071337564141594
2024-05-31 23:05:00,2024-05-31 23:55:00,1,2328.47,2327.54,0.52,-51.99999999999149,775.0854668931603,TIME,fri_close,-0.06708937558644652
2024-06-03 01:10:00,2024-06-03 16:50:00,1,2327.3,2332.01,0.11,51.0400000000004,775.1564358226578,NEWS,tom,0.06584477357248886
2024-06-03 18:15:00,2024-06-03 23:45:00,1,2339.23,2349.81,0.21,220.70999999999844,740.6570523761734,TIME,tday,0.29799216694409025
2024-06-03 19:30:00,2024-06-04 16:50:00,1,2343.89,2326.22,0.21,-389.2308000000016,740.6570523761734,NEWS,lw,-0.5255209529852888
2024-06-04 01:05:00,2024-06-04 16:50:00,1,2351.53,2326.22,0.21,-532.9800000000084,747.9179772064467,NEWS,strong_close,-0.7126182499192565
2024-06-05 16:00:00,2024-06-05 16:50:00,1,2342.36,2339.98,0.21,-51.45000000000229,750.4302645488431,NEWS,lw,-0.06856066770032777
2024-06-05 18:15:00,2024-06-05 23:45:00,1,2352.97,2354.05,0.21,21.210000000008023,750.4302645488431,TIME,tday,0.028263785460144554
2024-06-06 01:05:00,2024-06-06 23:45:00,1,2355.91,2373.23,0.21,362.2500000000034,744.1981027953547,TIME,strong_close,0.48676555159079427
2024-06-06 18:15:00,2024-06-06 23:45:00,1,2370.53,2373.23,0.21,55.229999999996174,744.1981027953547,TIME,tday,0.07421411018456163
2024-06-07 06:45:00,2024-06-07 11:07:00,1,2379.7400000000002,2353.6099999999997,0.29,-759.8000000000162,758.350000000011,SL,nr7,-1.0019120458891082
2024-06-07 01:05:00,2024-06-07 15:20:00,1,2376.4900000000002,2335.74,0.14,-571.4800000000064,728.1860954528295,NEWS,friday,-0.7847993851690152
2024-06-07 23:05:00,2024-06-07 23:55:00,1,2288.4900000000002,2293.08,0.39,176.27999999998795,759.3186361928991,TIME,fri_close,0.23215550310186955
2024-06-11 01:05:00,2024-06-11 23:45:00,1,2310.94,2315.42,0.19,83.79000000000035,731.1769636780939,TIME,strong_close,0.11459606109375393
2024-06-12 01:05:00,2024-06-12 15:20:00,1,2316.82,2314.35,0.2,-50.80000000000509,746.5699644973851,NEWS,strong_close,-0.06804452685717846
2024-06-13 14:30:00,2024-06-13 15:20:00,-1,2311.25,2308.3199999999997,0.2,57.20000000000583,737.5292527475717,NEWS,lw,0.07755624578539018
2024-06-14 01:05:00,2024-06-14 23:00:00,1,2303.91,2332.44,0.14,398.4400000000028,765.4310214288826,TIME,friday,0.5205433133036698
2024-06-14 23:05:00,2024-06-14 23:55:00,1,2332.26,2332.52,0.68,12.919999999983922,763.4754985722665,TIME,fri_close,0.016922612479568635
2024-06-14 11:15:00,2024-06-14 23:57:00,1,2320.05,2332.58,0.21,261.6599999999946,765.9210214288826,EOD,lw,0.34162791290392897
2024-06-17 01:05:00,2024-06-17 23:45:00,1,2331.33,2319.4,0.21,-251.99999999999653,763.9523770411048,TIME,strong_close,-0.3298634935544386
2024-06-18 13:45:00,2024-06-18 15:20:00,-1,2307.23,2314.77,0.21,-159.80999999999923,743.5243501095969,NEWS,lw,-0.2149357986412186
2024-06-19 01:05:00,2024-06-20 03:08:00,1,2329.01,2329.04,0.22,-53.3368000000056,765.0766807188595,TIME,strong_close,-0.06971431928874214
2024-06-20 18:15:00,2024-06-20 23:45:00,1,2357.91,2359.07,0.23,25.070000000007116,761.2848296588929,TIME,tday,0.03293116981096309
2024-06-20 04:50:00,2024-06-21 05:52:00,1,2337.75,2358.93,0.56,1137.6511999999907,756.5600000000031,TIME,nr7,1.5037157660991674
2024-06-20 10:15:00,2024-06-21 11:17:00,1,2342.44,2365.37,0.23,507.49959999999635,761.2848296588929,TIME,lw,0.6666356404703223
2024-06-21 01:05:00,2024-06-21 23:00:00,1,2359.72,2322.1,0.15,-565.3499999999983,751.7326480597087,TIME,friday,-0.7520625869572365
2024-06-21 23:05:00,2024-06-21 23:55:00,1,2322.56,2321.28,0.56,-75.59999999998574,770.3936785768908,TIME,fri_close,-0.09813164632871571
2024-06-25 13:15:00,2024-06-25 18:31:00,1,2335.83,2317.71,0.42,-763.9799999999955,761.8799999999877,SL,inside,-1.0027563395810466
2024-06-25 01:05:00,2024-06-25 23:45:00,1,2334.12,2319.36,0.23,-341.0899999999946,770.6843260789307,TIME,strong_close,-0.44258068895131697
2024-06-26 13:30:00,2024-06-27 14:32:00,-1,2308.2599999999998,2314.43,0.23,-119.77710000000172,751.1868742161503,TIME,lw,-0.1594504697981936
2024-06-28 01:05:00,2024-06-28 23:00:00,1,2327.25,2325.02,0.15,-34.50000000000027,733.9737830982496,TIME,friday,-0.047004403691871526
2024-06-28 23:05:00,2024-06-28 23:55:00,1,2324.51,2326.28,0.75,127.49999999999864,759.4457205029479,TIME,fri_close,0.16788559940210201
2024-07-01 01:07:00,2024-07-01 16:50:00,1,2324.83,2332.79,0.12,94.68000000000043,381.554635439133,NEWS,season,0.24814270672149685
2024-07-01 01:10:00,2024-07-01 16:50:00,1,2325.29,2332.79,0.12,89.15999999999998,762.269270878266,NEWS,tom,0.11696654109809812
2024-07-01 14:30:00,2024-07-01 16:50:00,1,2335.9900000000002,2332.79,0.24,-78.48000000000654,763.109270878266,NEWS,lw,-0.10284241457279578
2024-07-01 15:15:00,2024-07-01 16:50:00,1,2336.22,2332.79,0.24,-83.99999999999606,763.109270878266,NEWS,tday900,-0.1100759789005316
2024-07-02 01:07:00,2024-07-02 16:50:00,1,2331.69,2334.55,0.12,33.480000000001525,371.5035900506235,NEWS,season,0.09012025966004615
2024-07-03 01:07:00,2024-07-03 15:05:00,1,2330.27,2346.26,0.12,191.04000000000283,360.190476475579,NEWS,season,0.5303860387129237
2024-07-03 09:45:00,2024-07-03 15:05:00,1,2337.2400000000002,2346.26,0.42,375.89999999999924,756.8400000000114,NEWS,inside,0.49667036625970296
2024-07-03 10:15:00,2024-07-03 15:05:00,1,2342.93,2346.26,0.25,81.50000000000955,750.3968259907896,NEWS,lw,0.10860920139474295
2024-07-03 18:15:00,2024-07-03 23:45:00,1,2363.22,2355.86,0.25,-185.74999999999181,750.3968259907896,TIME,tday,-0.24753569520331598
2024-07-04 01:07:00,2024-07-05 04:32:00,1,2357.33,2357.9,0.12,-3.5375999999980356,367.17115672732353,TIME,season,-0.00963474372968028
2024-07-05 01:15:00,2024-07-05 09:10:00,1,2356.67,2366.12,0.51,478.37999999999073,765.6717189096761,TIME,drift,0.6247847323931573
2024-07-05 01:05:00,2024-07-05 15:20:00,1,2357.06,2366.96,0.17,167.11000000000155,745.8970146137366,NEWS,friday,0.22403897150136687
2024-07-05 01:07:00,2024-07-05 15:20:00,1,2357.2,2366.96,0.13,125.97000000000284,380.5645564697481,NEWS,season,0.33100822937518215
2024-07-05 07:15:00,2024-07-05 15:20:00,1,2362.67,2366.96,0.63,265.8599999999977,761.0400000000137,NEWS,inside,0.34933774834436154
2024-07-05 10:15:00,2024-07-05 15:20:00,1,2364.54,2366.96,0.26,61.1000000000019,761.1291129394962,NEWS,lw,0.08027547358428119
2024-07-05 18:15:00,2024-07-05 23:45:00,1,2383.3,2391.21,0.26,203.83999999999622,761.1291129394962,TIME,tday,0.2678126437875461
2024-07-05 23:05:00,2024-07-05 23:55:00,1,2388.42,2390.96,0.58,143.25999999999786,767.407732658251,TIME,fri_close,0.1866804228095988
2024-07-08 01:05:00,2024-07-08 18:45:00,1,2389.7,2359.3511031093035,0.25,-760.4724222674081,759.2224222674076,SL,strong_close,-1.001646421342862
2024-07-08 01:07:00,2024-07-08 18:45:00,1,2389.82,2359.471103109304,0.12,-365.02676268835586,364.42676268835567,SL,season,-1.001646421342862
2024-07-09 01:07:00,2024-07-09 16:50:00,1,2359.1,2366.7,0.12,90.3599999999989,372.75913678204455,NEWS,season,0.24240854504616252
2024-07-10 01:07:00,2024-07-10 16:50:00,1,2363.52,2382.17,0.12,222.96000000000106,365.1534841547559,NEWS,season,0.6105925581296336
2024-07-10 10:15:00,2024-07-10 16:50:00,1,2372.58,2382.17,0.25,238.00000000000364,760.7364253224082,NEWS,lw,0.31285474453144096
2024-07-10 15:15:00,2024-07-10 16:50:00,1,2378.12,2382.17,0.25,99.50000000000455,760.7364253224082,NEWS,tday900,0.13079431546587952
2024-07-11 01:07:00,2024-07-11 15:20:00,1,2372.23,2381.58,0.12,111.35999999999889,359.32537814370187,NEWS,season,0.3099140967311907
2024-07-11 10:30:00,2024-07-11 15:20:00,1,2381.82,2381.58,0.25,-7.750000000005912,748.5945377993789,NEWS,lw,-0.010352733834778378
2024-07-11 18:15:00,2024-07-11 23:45:00,1,2418.81,2414.15,0.25,-118.24999999999636,748.5945377993789,TIME,tday,-0.15796268076923506
2024-07-11 16:00:00,2024-07-12 15:20:00,1,2406.46,2403.12,0.36,-151.37280000000524,769.465004759925,NEWS,trendH4,-0.19672473610055072
2024-07-11 20:00:00,2024-07-12 15:20:00,1,2411.85,2403.12,0.33,-316.6284000000006,764.9012749784357,NEWS,trendH4,-0.41394675412055904
2024-07-12 01:05:00,2024-07-12 15:20:00,1,2413.36,2403.12,0.16,-164.9600000000038,759.3985594097325,NEWS,friday,-0.21722453638603736
2024-07-12 01:07:00,2024-07-12 15:20:00,1,2412.4,2403.12,0.12,-112.20000000000239,379.9792797048662,NEWS,season,-0.2952792586141783
2024-07-12 23:05:00,2024-07-12 23:56:00,1,2411.51,2411.32,0.86,-22.360000000004693,772.1528914788795,TIME,fri_close,-0.028957995556008743
2024-07-15 18:15:00,2024-07-15 23:45:00,1,2433.54,2421.25,0.24,-296.63999999999913,751.7729480233234,TIME,tday,-0.39458722315024836
2024-07-15 01:07:00,2024-07-15 23:47:00,1,2411.48,2421.39,0.12,118.07999999999825,375.8864740116617,TIME,season,0.3141374009545629
2024-07-15 14:30:00,2024-07-16 15:20:00,1,2418.67,2441.22,0.28,607.1855999999924,757.96,NEWS,inside,0.8010786848910132
2024-07-15 17:30:00,2024-07-16 15:20:00,1,2423.65,2441.22,0.24,400.924799999993,751.7729480233234,NEWS,lw,0.5333057022790804
2024-07-15 20:00:00,2024-07-16 15:20:00,1,2430.45,2441.22,0.31,307.0611999999994,756.1960110213718,NEWS,trendH4,0.4060603276460833
2024-07-16 01:07:00,2024-07-16 15:20:00,1,2421.85,2441.22,0.12,231.5999999999987,381.9945830108284,NEWS,season,0.6062913200877341
2024-07-16 12:15:00,2024-07-16 15:20:00,1,2438.5,2441.22,0.24,63.5999999999952,763.9891660216568,NEWS,lw,0.08324725379442399
2024-07-16 18:15:00,2024-07-16 23:45:00,1,2456.5,2468.82,0.24,294.0000000000039,763.9891660216568,TIME,tday,0.38482221093652247
2024-07-17 01:05:00,2024-07-17 23:45:00,1,2467.93,2458.03,0.23,-229.30999999999167,761.5094066680816,TIME,strong_close,-0.3011256302181712
2024-07-17 01:07:00,2024-07-17 23:47:00,1,2467.36,2458.21,0.11,-101.420000000001,364.20015101516947,TIME,season,-0.27847325081360746
2024-07-18 10:15:00,2024-07-18 22:33:00,1,2473.53,2440.501545693525,0.23,-761.2644490489341,760.1144490489331,SL,lw,-1.0015129300613084
2024-07-18 01:07:00,2024-07-18 23:47:00,1,2458.73,2444.67,0.11,-155.4299999999994,363.5329973712289,TIME,season,-0.4275540353253793
2024-07-16 20:00:00,2024-07-19 03:03:00,1,2459.37,2433.701049309578,0.3,-891.3885207126526,770.6685207126444,SL,trendH4,-1.1566432217685203
2024-07-19 01:07:00,2024-07-19 13:08:00,1,2444.1,2410.9578638582725,0.11,-365.33349755900144,364.78349755899796,SL,season,-1.0015077436443367
2024-07-19 01:05:00,2024-07-19 16:19:00,1,2445.0,2395.311795787409,0.15,-746.3730631888618,745.6230631888595,SL,friday,-1.0010058701735898
2024-07-19 23:05:00,2024-07-19 23:55:00,1,2398.97,2400.34,0.62,80.60000000002142,754.2201937164588,TIME,fri_close,0.10686534339906863
2024-07-22 01:07:00,2024-07-22 23:47:00,1,2402.92,2396.72,0.11,-68.970000000003,379.5611048762122,TIME,season,-0.18170987257110147
2024-07-23 15:15:00,2024-07-23 23:45:00,1,2408.12,2407.28,0.22,-20.019999999993196,749.6063376272506,TIME,tday900,-0.02670735157251078
2024-07-23 01:07:00,2024-07-23 23:47:00,1,2397.29,2408.02,0.11,117.26000000000019,374.8031688136253,TIME,season,0.31285754699237595
2024-07-23 13:15:00,2024-07-24 14:17:00,1,2407.9900000000002,2413.15,0.22,94.49439999999679,749.6063376272506,TIME,lw,0.12605869942228942
2024-07-24 01:05:00,2024-07-24 23:45:00,1,2408.91,2397.54,0.22,-251.6799999999976,733.4630277967327,TIME,strong_close,-0.3431393137238631
2024-07-24 18:15:00,2024-07-24 23:45:00,1,2426.68,2397.54,0.22,-642.6199999999972,733.4630277967327,TIME,tday,-0.8761450484155675
2024-07-24 01:07:00,2024-07-24 23:47:00,1,2408.95,2398.32,0.11,-117.6999999999962,366.73151389836636,TIME,season,-0.3209432392347248
2024-07-24 04:15:00,2024-07-25 01:00:00,1,2412.23,2396.2749999999996,0.32,-589.1008000000122,762.24,SL,inside,-0.7728547439126945
2024-07-24 16:00:00,2024-07-25 04:26:00,1,2421.62,2388.3007714637847,0.22,-787.0198277967339,733.4630277967327,SL,lw,-1.0730190861301923
2024-07-25 01:07:00,2024-07-25 15:12:00,1,2396.55,2363.1150020735145,0.11,-368.5549771913429,368.00497719134006,SL,season,-1.0014945450037132
2024-07-26 01:05:00,2024-07-26 23:00:00,1,2364.56,2386.34,0.14,303.94000000000284,724.1674595664664,TIME,friday,0.41970955196186394
2024-07-26 15:15:00,2024-07-26 23:45:00,1,2374.96,2387.92,0.21,270.69000000000074,724.6574595664663,TIME,tday900,0.37354200446917885
2024-07-26 18:15:00,2024-07-26 23:45:00,1,2382.73,2387.92,0.21,107.52000000000115,724.6574595664663,TIME,tday,0.1483735502623903
2024-07-26 01:07:00,2024-07-26 23:47:00,1,2365.05,2387.79,0.1,226.69999999999783,345.07498074593633,TIME,season,0.6569586688375625
2024-07-26 23:05:00,2024-07-26 23:55:00,1,2387.31,2388.13,0.61,45.75000000000999,742.8236163147328,TIME,fri_close,0.06158931810351303
2024-07-26 17:15:00,2024-07-26 23:57:00,1,2389.22,2387.32,0.21,-41.36999999999236,724.6574595664663,EOD,lw,-0.057089041800166364
2024-07-29 01:05:00,2024-07-29 23:45:00,1,2388.35,2381.45,0.21,-146.37000000000188,725.441212454576,TIME,strong_close,-0.2017668661320602
2024-07-29 01:07:00,2024-07-29 23:47:00,1,2388.96,2381.62,0.1,-74.10000000000147,345.44819640694095,TIME,season,-0.21450394232978143
2024-07-29 01:30:00,2024-07-30 02:32:00,1,2397.36,2382.15,0.18,-289.3464000000006,745.3800000000026,TIME,inside,-0.38818642839893686
2024-07-30 01:07:00,2024-07-30 16:50:00,1,2383.01,2392.89,0.1,98.09999999999654,344.7947538064452,NEWS,season,0.28451708999918884
2024-07-30 20:00:00,2024-07-31 15:05:00,1,2400.1,2419.26,0.21,384.19920000000644,724.0689829935349,NEWS,lw,0.5306113216058544
2024-07-31 01:05:00,2024-07-31 15:05:00,1,2411.13,2419.26,0.21,169.2600000000023,726.7697699225682,NEWS,strong_close,0.23289356135167213
2024-07-31 01:07:00,2024-07-31 15:05:00,1,2410.32,2419.26,0.1,88.70000000000054,346.0808428202706,NEWS,season,0.25629849741802935
2024-07-31 16:45:00,2024-07-31 20:50:00,1,2424.87,2426.57,0.21,34.23000000000573,726.7697699225682,NEWS,lw,0.04709882196070521
2024-08-01 01:05:00,2024-08-01 16:50:00,1,2447.82,2450.38,0.21,52.289999999998855,745.5226434995277,NEWS,strong_close,0.07013871470696917
2024-08-01 01:07:00,2024-08-01 16:50:00,1,2447.52,2450.38,0.1,27.900000000001274,355.01078261882276,NEWS,season,0.078589162262031
2024-08-01 01:10:00,2024-08-01 16:50:00,1,2447.56,2450.38,0.1,27.50000000000164,709.3215652376455,NEWS,tom,0.03876944019147121
2024-08-02 01:05:00,2024-08-02 15:20:00,1,2447.37,2457.17,0.14,136.22000000000259,739.9760261067049,NEWS,friday,0.1840870449772647
2024-08-02 01:07:00,2024-08-02 15:20:00,1,2446.71,2457.17,0.1,103.90000000000036,352.60286957462137,NEWS,season,0.29466578115301467
2024-08-02 09:00:00,2024-08-02 15:20:00,1,2466.97,2457.17,0.2,-197.39999999999455,732.1999999999994,NEWS,nr7,-0.2695984703632815
2024-08-02 10:15:00,2024-08-02 15:20:00,1,2464.08,2457.17,0.21,-146.57999999999694,740.4660261067048,NEWS,lw,-0.19795641505755462
2024-08-02 23:05:00,2024-08-02 23:55:00,1,2437.43,2441.34,0.29,111.36000000000897,744.4413102648568,TIME,fri_close,0.14958868948364698
2024-08-05 01:07:00,2024-08-05 14:10:00,1,2438.56,2402.541386023535,0.1,-360.88613976465075,375.2240931764339,SL,season,-0.9617882921898587
2024-08-06 01:07:00,2024-08-06 23:47:00,1,2411.5,2387.56,0.09,-216.09000000000046,374.36227786887684,TIME,season,-0.5772216186687688
2024-08-07 01:07:00,2024-08-07 23:47:00,1,2390.61,2383.35,0.09,-65.97000000000196,371.29211516395713,TIME,season,-0.17767681376931632
2024-08-08 15:15:00,2024-08-08 23:45:00,1,2413.39,2425.75,0.18,221.22000000000227,725.6839281616346,TIME,tday900,0.3048434606515483
2024-08-08 01:07:00,2024-08-08 23:47:00,1,2382.47,2425.54,0.09,387.0000000000015,362.8419640808173,TIME,season,1.0665800494724567
2024-08-08 10:15:00,2024-08-09 11:17:00,1,2396.32,2424.69,0.18,495.093599999998,725.6839281616346,TIME,lw,0.6822441296918508
2024-08-08 14:15:00,2024-08-09 15:17:00,1,2410.41,2426.84,0.24,373.564800000007,749.7599999999908,TIME,nr7,0.49824583866838934
2024-08-09 01:05:00,2024-08-09 23:00:00,1,2426.91,2429.06,0.12,24.960000000001088,735.2465047215176,TIME,friday,0.03394779824142782
2024-08-09 01:07:00,2024-08-09 23:47:00,1,2426.05,2430.54,0.09,39.77999999999803,367.8332523607588,TIME,season,0.10814682942526117
2024-08-09 23:05:00,2024-08-09 23:55:00,1,2430.23,2430.85,0.71,39.04999999999225,762.1408892438525,TIME,fri_close,0.05123724569972249
2024-08-12 15:15:00,2024-08-12 23:45:00,1,2443.44,2471.7,0.19,535.6099999999955,748.4706613738683,TIME,tday900,0.7156058716006947
2024-08-12 18:15:00,2024-08-12 23:45:00,1,2459.19,2471.7,0.19,236.3599999999955,748.4706613738683,TIME,tday,0.3157906010185366
2024-08-12 01:07:00,2024-08-12 23:47:00,1,2428.72,2471.92,0.09,388.17000000000246,354.53873433499024,TIME,season,1.0948592139814977
2024-08-12 10:15:00,2024-08-13 11:17:00,1,2438.01,2461.91,0.19,437.6687999999931,748.4706613738683,TIME,lw,0.5847507759310465
2024-08-13 01:05:00,2024-08-13 15:20:00,1,2470.5,2465.87,0.19,-89.30000000000207,761.9970427043063,NEWS,strong_close,-0.11719205586819452
2024-08-13 01:07:00,2024-08-13 15:20:00,1,2470.75,2465.87,0.09,-44.550000000000985,360.94596759677665,NEWS,season,-0.12342567586118346
2024-08-14 01:07:00,2024-08-14 15:20:00,1,2466.3,2473.45,0.09,63.71999999999672,347.06982705414964,NEWS,season,0.1835941791334548
2024-08-14 11:45:00,2024-08-14 15:20:00,1,2477.91,2473.45,0.19,-86.07000000000069,732.7029682254271,NEWS,lw,-0.11746915698793779
2024-08-15 01:07:00,2024-08-15 15:20:00,1,2448.63,2465.49,0.09,151.10999999999706,349.22769655028173,NEWS,season,0.4326976396565393
2024-08-16 01:05:00,2024-08-16 23:00:00,1,2456.1,2507.84,0.13,671.7100000000031,755.0446513928289,TIME,friday,0.8896295056999628
2024-08-16 15:15:00,2024-08-16 23:45:00,1,2472.86,2507.57,0.19,658.1600000000007,736.1278654596795,TIME,tday900,0.8940838010377568
2024-08-16 18:15:00,2024-08-16 23:45:00,1,2490.04,2507.57,0.19,331.7400000000038,736.1278654596795,TIME,tday,0.45065540317896646
2024-08-16 01:07:00,2024-08-16 23:47:00,1,2455.7400000000002,2507.97,0.09,469.439999999996,348.6921467966902,TIME,season,1.3462878482138845
2024-08-16 23:05:00,2024-08-16 23:55:00,1,2509.38,2507.0,0.47000000000000003,-115.15000000000514,770.5875854738214,TIME,fri_close,-0.1494314237221994
2024-08-16 15:00:00,2024-08-16 23:57:00,1,2472.4,2507.12,0.19,658.3499999999962,736.1278654596795,EOD,lw,0.8943419083706138
2024-08-16 16:00:00,2024-08-16 23:57:00,1,2491.85,2507.12,0.25,379.99999999999955,742.8674977579881,EOD,trendH4,0.5115313311550969
2024-08-19 01:05:00,2024-08-19 23:45:00,1,2506.13,2503.44,0.19,-52.44000000000103,763.6865893554167,TIME,strong_close,-0.06866691222673241
2024-08-19 01:07:00,2024-08-19 23:47:00,1,2503.6,2503.83,0.09,1.4400000000001638,361.7462791683553,TIME,season,0.00398069056386892
2024-08-20 15:15:00,2024-08-20 23:45:00,1,2526.15,2516.41,0.2,-196.20000000000476,780.6177189188279,TIME,tday900,-0.251339413960198
2024-08-20 01:07:00,2024-08-20 23:47:00,1,2504.21,2515.92,0.1,116.40000000000036,390.30885945941395,TIME,season,0.29822535968365366
2024-08-20 10:45:00,2024-08-21 11:47:00,1,2513.35,2508.81,0.2,-108.0959999999993,780.6177189188279,TIME,lw,-0.13847495051702713
2024-08-20 16:00:00,2024-08-21 16:44:00,1,2526.9,2498.6349482455303,0.27,-786.5059973706852,763.696397370681,SL,trendH4,-1.029867366244669
2024-08-21 01:07:00,2024-08-21 23:47:00,1,2513.66,2511.01,0.1,-27.199999999996365,386.9867980694558,TIME,season,-0.07028663545032497
2024-08-20 12:00:00,2024-08-22 16:21:00,1,2520.09,2491.3304718374,0.27,-864.235660390199,777.0472603901911,SL,trendH4,-1.112204758248844
2024-08-22 01:07:00,2024-08-22 17:17:00,1,2512.53,2474.721940179265,0.1,-378.78059820735257,378.2805982073519,SL,season,-1.0013217701419797
2024-08-23 01:05:00,2024-08-23 23:00:00,1,2485.5,2510.73,0.13,327.0800000000002,745.7330831825976,TIME,friday,0.4386019708339968
2024-08-23 15:15:00,2024-08-23 23:45:00,1,2500.86,2510.85,0.2,198.39999999999563,765.3211109565104,TIME,tday900,0.25923758950283254
2024-08-23 18:15:00,2024-08-23 23:45:00,1,2516.18,2510.85,0.2,-107.99999999999855,765.3211109565104,TIME,tday,-0.1411172362213012
2024-08-23 01:07:00,2024-08-23 23:47:00,1,2485.14,2510.49,0.1,252.79999999999913,382.6605554782552,TIME,season,0.6606377280878759
2024-08-23 23:05:00,2024-08-23 23:55:00,1,2510.33,2511.81,0.52,73.32000000000095,775.4766509558937,TIME,fri_close,0.09454830124107905
2024-08-23 17:15:00,2024-08-23 23:57:00,1,2517.28,2511.79,0.2,-111.20000000000475,765.3211109565104,EOD,lw,-0.14529848766490347
2024-08-26 01:05:00,2024-08-26 23:45:00,1,2512.18,2517.81,0.2,111.20000000000218,761.0124601739025,TIME,strong_close,0.14612112917913506
2024-08-26 15:15:00,2024-08-26 23:45:00,1,2526.7,2517.81,0.2,-179.1999999999975,761.0124601739025,TIME,tday900,-0.235475776518886
2024-08-26 01:07:00,2024-08-26 23:47:00,1,2513.19,2517.71,0.1,44.499999999999815,380.50623008695123,TIME,season,0.11694946490056396
2024-08-26 11:45:00,2024-08-27 12:47:00,1,2525.26,2509.29,0.2,-336.6960000000051,761.0124601739025,TIME,lw,-0.44243165206922513
2024-08-27 01:07:00,2024-08-27 23:47:00,1,2517.97,2524.73,0.1,66.9000000000022,366.284356509312,TIME,season,0.1826449828148787
2024-08-28 01:05:00,2024-08-28 23:45:00,1,2525.37,2504.35,0.21,-442.8899999999996,748.0194951931584,TIME,strong_close,-0.5920834989543069
2024-08-28 01:07:00,2024-08-28 23:47:00,1,2525.43,2504.53,0.1,-209.69999999999638,356.19975961578973,TIME,season,-0.5887146028009299
2024-08-29 01:07:00,2024-08-29 15:20:00,1,2506.54,2516.57,0.1,99.60000000000201,356.0426339289476,NEWS,season,0.27974177951924245
2024-08-29 10:30:00,2024-08-29 15:20:00,1,2518.35,2516.57,0.21,-38.84999999999465,747.6895312507899,NEWS,lw,-0.05196006948900772
2024-08-29 18:15:00,2024-08-29 23:45:00,1,2523.7200000000003,2521.77,0.21,-42.42000000000573,747.6895312507899,TIME,tday,-0.056734778577202286
2024-08-30 01:05:00,2024-08-30 23:00:00,1,2520.92,2502.25,0.14,-262.3600000000011,731.4431361614476,TIME,friday,-0.3586881700426426
2024-08-30 01:07:00,2024-08-30 23:47:00,1,2520.88,2503.14,0.11,-195.9100000000026,383.39354751313914,TIME,season,-0.5109892987786621
2024-08-30 23:05:00,2024-08-30 23:55:00,1,2503.12,2503.4,0.5,10.500000000010004,761.4995868863019,TIME,fri_close,0.013788582660882965
2024-09-02 01:10:00,2024-09-03 16:50:00,1,2504.55,2477.29,0.11,-309.37280000000237,762.7423025244017,NEWS,tom,-0.4056059287338464
2024-09-04 11:45:00,2024-09-04 16:50:00,-1,2477.46,2485.14,0.23,-178.24999999999625,768.8351623173357,NEWS,lw,-0.23184423493683004
2024-09-05 01:05:00,2024-09-05 15:05:00,1,2495.52,2515.63,0.23,460.9200000000029,760.6247935803829,NEWS,strong_close,0.6059755136699904
2024-09-05 10:30:00,2024-09-05 15:05:00,1,2506.52,2515.63,0.23,207.92000000000291,760.6247935803829,NEWS,lw,0.273354223731375
2024-09-06 01:05:00,2024-09-06 15:20:00,1,2516.47,2514.3,0.15,-33.59999999999427,738.1634382678941,NEWS,friday,-0.04551837473668015
2024-09-06 19:15:00,2024-09-06 23:57:00,-1,2497.0099999999998,2497.85,0.23,-20.930000000003346,755.1037368960696,EOD,lw,-0.027718045848956107
2024-09-10 01:05:00,2024-09-10 23:45:00,1,2506.86,2516.5,0.23,220.10999999999706,753.8497527318142,TIME,strong_close,0.29198125913334655
2024-09-10 02:45:00,2024-09-11 03:47:00,1,2507.8,2518.56,0.34,336.436799999992,750.3800000000001,TIME,inside,0.44835523334842603
2024-09-11 01:15:00,2024-09-11 09:10:00,1,2516.81,2523.03,0.39,239.85000000000994,770.2971078275001,TIME,drift,0.3113733617363157
2024-09-10 16:30:00,2024-09-11 15:20:00,1,2515.1000000000004,2518.26,0.23,52.78959999999665,753.8497527318142,NEWS,lw,0.07002668609851864
2024-09-11 01:05:00,2024-09-11 15:20:00,1,2516.83,2518.26,0.24,32.640000000006985,761.8439840134348,NEWS,strong_close,0.04284341766152398
2024-09-11 10:15:00,2024-09-11 15:20:00,1,2525.54,2518.26,0.24,-176.3999999999939,761.8439840134348,NEWS,lw,-0.2315434704500904
2024-09-12 01:15:00,2024-09-12 09:10:00,1,2513.3,2521.38,0.34,272.33999999999753,763.0007158943577,TIME,drift,0.3569328236878152
2024-09-12 18:15:00,2024-09-12 23:45:00,1,2550.6000000000004,2559.73,0.24,217.43999999999167,755.4951280124749,TIME,tday,0.28781125375622707
2024-09-13 01:05:00,2024-09-13 23:00:00,1,2558.54,2582.6,0.15,359.84999999999917,736.039062332288,TIME,friday,0.48890068260744474
2024-09-13 23:05:00,2024-09-13 23:55:00,1,2582.32,2579.26,0.63,-197.18999999999656,772.842216888898,TIME,fri_close,-0.25514910507062033
2024-09-12 20:00:00,2024-09-13 23:57:00,1,2550.91,2578.08,0.32,841.7664000000024,775.4036832206062,EOD,trendH4,1.085584732463175
2024-09-13 04:00:00,2024-09-13 23:57:00,1,2561.81,2578.08,0.33,534.5999999999995,773.1861061099281,EOD,trendH4,0.6914247369106145
2024-09-13 08:00:00,2024-09-13 23:57:00,1,2569.03,2578.08,0.33,296.339999999991,768.2363008044325,EOD,trendH4,0.385740689016763
2024-09-13 16:00:00,2024-09-13 23:57:00,1,2575.9800000000005,2578.08,0.33,66.98999999998199,758.613036476001,EOD,trendH4,0.08830589085467323
2024-09-13 16:45:00,2024-09-13 23:57:00,1,2582.9700000000003,2578.08,0.18,-89.2800000000059,589.2512498658305,EOD,lw,-0.15151431587176864
2024-09-17 01:15:00,2024-09-17 09:10:00,1,2582.84,2581.26,0.38,-62.699999999997246,768.761587604507,TIME,drift,-0.08155974623468512
2024-09-17 12:45:00,2024-09-17 15:20:00,-1,2574.27,2580.08,0.25,-146.99999999999864,780.2301674271919,NEWS,lw,-0.1884059424217484
2024-09-18 01:15:00,2024-09-18 09:10:00,1,2570.39,2568.5,0.31,-60.759999999996054,779.4160362496483,TIME,drift,-0.07795579918057334
2024-09-18 14:45:00,2024-09-18 20:50:00,1,2580.13,2569.9,0.25,-257.50000000000045,771.3030126109636,NEWS,lw,-0.33385063430302003
2024-09-19 15:15:00,2024-09-19 23:45:00,1,2590.51,2586.81,0.24,-90.48000000000654,779.1043998132018,TIME,tday900,-0.11613334493002483
2024-09-19 10:45:00,2024-09-20 11:47:00,1,2580.84,2611.77,0.24,721.5647999999961,779.1043998132018,TIME,lw,0.9261464832864487
2024-09-20 01:05:00,2024-09-20 23:00:00,1,2586.63,2621.06,0.15,515.3999999999976,748.1864194802429,TIME,friday,0.6888657513431485
2024-09-20 15:15:00,2024-09-20 23:45:00,1,2615.9900000000002,2621.09,0.23,115.68999999999792,765.3494510242482,TIME,tday900,0.15115970860784295
2024-09-20 23:05:00,2024-09-20 23:55:00,1,2621.29,2621.93,0.63,35.90999999999198,788.4800932544892,TIME,fri_close,0.04554331847716249
2024-09-20 09:15:00,2024-09-20 23:57:00,1,2597.48,2622.08,0.16,392.47999999999854,739.0399999999983,EOD,inside,0.5310673305910363
2024-09-20 10:15:00,2024-09-20 23:57:00,1,2608.1800000000003,2622.08,0.23,318.0899999999916,765.3494510242482,EOD,lw,0.41561406959173963
2024-09-20 12:00:00,2024-09-20 23:57:00,1,2610.0,2622.08,0.29,348.2899999999979,774.1862879568945,EOD,trendH4,0.4498788023217872
2024-09-20 16:00:00,2024-09-20 23:57:00,1,2615.79,2622.08,0.29,180.37999999999894,784.4144735590503,EOD,trendH4,0.2299549614141841
2024-09-23 01:05:00,2024-09-23 23:45:00,1,2621.2400000000002,2627.32,0.23,138.22999999999834,778.0716330939446,TIME,strong_close,0.17765716435431134
2024-09-24 01:15:00,2024-09-24 09:10:00,1,2627.79,2627.81,0.38,-1.9000000000006914,778.1259042973538,TIME,drift,-0.00244176423057961
2024-09-24 18:15:00,2024-09-24 23:45:00,1,2646.46,2659.35,0.24,307.67999999999694,790.027917780468,TIME,tday,0.38945459150912526
2024-09-24 17:30:00,2024-09-25 18:32:00,1,2638.86,2655.32,0.24,374.28480000000087,790.027917780468,TIME,lw,0.47376148560867276
2024-09-26 01:15:00,2024-09-26 09:10:00,1,2658.2,2660.33,0.31,63.86000000000338,750.456905125534,TIME,drift,0.08509482631693699
2024-09-23 08:00:00,2024-09-26 15:20:00,1,2629.59,2677.91,0.29,1284.0039999999915,772.0697242418061,NEWS,trendH4,1.6630674143593949
2024-09-24 08:00:00,2024-09-26 15:20:00,1,2638.38,2677.91,0.32,1160.9855999999918,796.546823086772,NEWS,trendH4,1.4575233575107984
2024-09-24 20:00:00,2024-09-26 15:20:00,1,2653.7400000000002,2677.91,0.3,627.6239999999885,796.6185116662701,NEWS,trendH4,0.7878601749879006
2024-09-26 11:15:00,2024-09-26 15:20:00,1,2666.36,2677.91,0.24,275.51999999999344,783.5722352290768,NEWS,lw,0.3516204219760867
2024-09-26 13:45:00,2024-09-26 15:20:00,1,2674.3300000000004,2677.91,0.02,7.019999999998945,49.03999999999964,NEWS,nr7,0.14314845024467776
2024-09-27 01:15:00,2024-09-27 09:10:00,1,2672.64,2665.87,0.27,-184.6799999999995,808.3580045541272,TIME,drift,-0.22846313014722355
2024-09-26 16:00:00,2024-09-27 17:57:00,1,2677.4300000000003,2652.8170798164365,0.33,-840.7647660576054,812.8863660576037,SL,trendH4,-1.0342955684386839
2024-09-27 01:05:00,2024-09-27 23:00:00,1,2672.31,2652.08,0.16,-324.8000000000003,779.8085041412857,TIME,friday,-0.4165125133607841
2024-09-27 23:05:00,2024-09-27 23:55:00,1,2651.97,2658.59,0.54,353.7000000000187,810.5158039516637,TIME,fri_close,0.4363887764748781
2024-09-30 13:30:00,2024-10-01 14:32:00,-1,2644.87,2648.49,0.25,-83.64749999999728,810.6064400176119,TIME,lw,-0.10319126011160222
2024-10-01 15:15:00,2024-10-01 16:50:00,1,2654.4800000000005,2667.21,0.24,303.8399999999895,793.5177408156993,NEWS,tday900,0.3829025923070808
2024-10-02 01:15:00,2024-10-02 09:10:00,1,2662.53,2648.05,0.26,-378.3000000000005,790.7785195825242,TIME,drift,-0.47838932220834285
2024-10-03 01:15:00,2024-10-03 09:10:00,1,2659.72,2652.94,0.31,-212.34999999999206,800.3674174122012,TIME,drift,-0.26531564801397783
2024-10-03 10:30:00,2024-10-03 16:50:00,-1,2648.8399999999997,2647.01,0.24,42.23999999998733,788.2086642747612,NEWS,lw,0.05358987018856585
2024-10-04 01:15:00,2024-10-04 09:10:00,1,2655.97,2666.24,0.31,316.1999999999994,807.1721724554122,TIME,drift,0.39173798452208924
2024-10-04 01:05:00,2024-10-04 15:20:00,1,2656.17,2658.05,0.16,28.96000000000174,772.9366168265642,NEWS,friday,0.03746749651854047
2024-10-04 18:15:00,2024-10-04 23:45:00,1,2666.7700000000004,2651.86,0.25,-374.50000000000773,805.7256425276711,TIME,tday,-0.4647984130493231
2024-10-04 23:05:00,2024-10-04 23:55:00,1,2651.03,2652.65,0.46,71.29999999999498,798.6898545481571,TIME,fri_close,0.08927119781724477
2024-10-08 01:15:00,2024-10-08 09:10:00,1,2643.09,2646.4,0.29,93.9599999999984,809.33525674336,TIME,drift,0.1160952759899265
2024-10-08 11:15:00,2024-10-09 12:17:00,-1,2632.3999999999996,2616.75,0.25,398.1024999999909,797.3565489141654,TIME,lw,0.49927789586995197
2024-10-10 01:15:00,2024-10-10 09:10:00,1,2608.2400000000002,2613.66,0.32,171.19999999998777,812.2708393323587,TIME,drift,0.21076713789295282
2024-10-10 10:45:00,2024-10-10 15:20:00,1,2615.9,2614.05,0.25,-47.999999999997726,801.9770753392547,NEWS,lw,-0.059852084898676966
2024-10-10 18:15:00,2024-10-10 23:45:00,1,2624.8900000000003,2629.39,0.25,110.74999999998863,801.9770753392547,TIME,tday,0.13809621671933558
2024-10-11 01:15:00,2024-10-11 09:10:00,1,2629.09,2645.07,0.29,461.39000000000055,802.298110738392,TIME,drift,0.5750854873325852
2024-10-10 16:00:00,2024-10-11 15:20:00,1,2625.2300000000005,2646.71,0.4,824.6079999999827,798.399999999995,NEWS,inside,1.03282565130259
2024-10-11 01:05:00,2024-10-11 15:20:00,1,2628.75,2646.71,0.17,304.1300000000007,811.2668584998945,NEWS,friday,0.3748828105247199
2024-10-11 10:15:00,2024-10-11 15:20:00,1,2641.51,2646.71,0.25,128.24999999999545,795.9429985293083,NEWS,lw,0.16112962892690488
2024-10-11 18:15:00,2024-10-11 23:45:00,1,2657.23,2656.71,0.25,-14.749999999999545,795.9429985293083,TIME,tday,-0.01853147779081371
2024-10-11 23:05:00,2024-10-11 23:55:00,1,2655.9900000000002,2656.83,0.8300000000000001,63.90999999997433,816.5762938489236,TIME,fri_close,0.07826580379738338
2024-10-14 01:05:00,2024-10-14 23:45:00,1,2649.92,2648.27,0.25,-43.000000000002274,798.5899272057864,TIME,strong_close,-0.053844906547289476
2024-10-15 01:15:00,2024-10-15 09:10:00,1,2649.2,2643.91,0.34,-182.23999999999876,814.2848231288584,TIME,drift,-0.22380375370346275
2024-10-15 18:15:00,2024-10-15 23:45:00,1,2662.4,2662.24,0.26,-5.98000000000804,815.3725582730166,TIME,tday,-0.007334070713237957
2024-10-16 01:15:00,2024-10-16 09:10:00,1,2661.91,2670.65,0.32,277.44000000000756,800.3903314413498,TIME,drift,0.34663087383925695
2024-10-15 17:30:00,2024-10-16 18:32:00,1,2659.5000000000005,2673.41,0.26,339.1751999999844,815.3725582730166,TIME,lw,0.41597573594869025
2024-10-16 01:05:00,2024-10-16 23:45:00,1,2662.44,2673.44,0.26,284.18000000000006,814.461661253515,TIME,strong_close,0.3489175900098559
2024-10-16 15:15:00,2024-10-16 23:45:00,1,2679.97,2673.44,0.26,-171.59999999999337,814.461661253515,TIME,tday900,-0.21069131693183527
2024-10-17 01:15:00,2024-10-17 09:10:00,1,2674.51,2681.0,0.36,231.1199999999921,807.5463114572154,TIME,drift,0.2862003042066239
2024-10-16 10:15:00,2024-10-17 11:17:00,1,2676.09,2681.9,0.26,87.24559999999857,814.461661253515,TIME,lw,0.10712057319643668
2024-10-17 13:30:00,2024-10-17 15:20:00,1,2687.05,2679.29,0.26,-203.58000000000567,805.7786854496923,NEWS,lw,-0.25265001876587356
2024-10-17 18:15:00,2024-10-17 23:45:00,1,2691.9100000000003,2691.39,0.26,-15.34000000001135,805.7786854496923,TIME,tday,-0.019037485449804794
2024-10-18 01:15:00,2024-10-18 09:10:00,1,2693.44,2711.69,0.34,618.12,824.1306489897032,TIME,drift,0.750026710883462
2024-10-18 01:05:00,2024-10-18 23:00:00,1,2693.3,2719.66,0.18,473.2199999999941,821.9623038264884,TIME,friday,0.5757198326456199
2024-10-18 15:15:00,2024-10-18 23:45:00,1,2712.2,2721.31,0.27,244.08000000000345,822.5923038264884,TIME,tday900,0.29672050037984293
2024-10-18 18:15:00,2024-10-18 23:45:00,1,2718.4900000000002,2721.31,0.27,74.24999999999214,822.5923038264884,TIME,tday,0.09026342655359183
2024-10-18 23:05:00,2024-10-18 23:55:00,1,2720.38,2722.08,0.74,120.61999999998653,828.4228096775727,TIME,fri_close,0.14560197835080446
2024-10-17 20:00:00,2024-10-18 23:57:00,1,2692.45,2721.77,0.34,967.4768000000057,819.2446821288991,EOD,trendH4,1.1809375405231912
2024-10-18 08:00:00,2024-10-18 23:57:00,1,2710.41,2721.77,0.35000000000000003,395.15000000000447,820.8717864532142,EOD,trendH4,0.4813784643608605
2024-10-18 10:15:00,2024-10-18 23:57:00,1,2709.35,2721.77,0.27,333.450000000002,822.5923038264884,EOD,lw,0.4053648428861759
2024-10-21 16:00:00,2024-10-21 21:56:00,1,2738.82,2715.9764284004173,0.36,-824.8885775849844,823.0885775849748,SL,trendH4,-1.0021868849222655
2024-10-21 01:05:00,2024-10-21 23:45:00,1,2723.1200000000003,2718.96,0.27,-114.21000000000835,823.4671392674534,TIME,strong_close,-0.13869405900229148
2024-10-21 15:15:00,2024-10-21 23:45:00,1,2734.76,2718.96,0.27,-428.49000000000495,823.4671392674534,TIME,tday900,-0.5203486327106928
2024-10-22 01:15:00,2024-10-22 09:10:00,1,2719.69,2731.48,0.32,375.0399999999988,813.8630871647293,TIME,drift,0.4608146086420174
2024-10-21 12:15:00,2024-10-22 13:17:00,1,2734.2200000000003,2734.87,0.27,-5.799600000009825,823.4671392674534,TIME,lw,-0.007042903989063948
2024-10-22 15:15:00,2024-10-22 23:45:00,1,2735.52,2747.97,0.27,334.2599999999951,815.6394864626352,TIME,tday900,0.4098134108853099
2024-10-22 18:15:00,2024-10-22 23:45:00,1,2744.03,2747.97,0.27,104.4899999999892,815.6394864626352,TIME,tday,0.12810806947706047
2024-10-23 01:15:00,2024-10-23 09:10:00,1,2747.6,2751.88,0.24,101.0400000000048,565.7000439952596,TIME,drift,0.17861055708323662
2024-10-22 10:15:00,2024-10-23 11:17:00,1,2734.5,2755.51,0.27,543.9204000000059,815.6394864626352,TIME,lw,0.6668637419197864
2024-10-23 12:00:00,2024-10-23 16:17:00,1,2757.2200000000003,2735.383591276183,0.38,-832.4435315050607,830.5435315050613,SL,trendH4,-1.0022876585367613
2024-10-22 20:00:00,2024-10-23 17:36:00,1,2745.53,2722.455121002672,0.36,-861.8284439038131,831.4156439038088,SL,trendH4,-1.0365795378316491
2024-10-23 01:05:00,2024-10-23 17:40:00,1,2747.3,2717.12604940737,0.27,-816.5866660010172,815.236666001018,SL,strong_close,-1.001655960847077
2024-10-24 01:15:00,2024-10-24 09:10:00,1,2716.83,2729.37,0.3,374.0999999999989,810.2685815271012,TIME,drift,0.46169876079230193
2024-10-24 15:15:00,2024-10-24 23:45:00,1,2737.5800000000004,2735.96,0.26,-43.940000000008986,821.4539500220743,TIME,tday900,-0.053490521287076674
2024-10-25 01:15:00,2024-10-25 09:10:00,1,2735.21,2727.47,0.35000000000000003,-273.3500000000083,823.2817495347851,TIME,drift,-0.3320248507324148
2024-10-24 10:15:00,2024-10-25 11:17:00,1,2736.65,2723.94,0.26,-352.94480000000095,821.4539500220743,TIME,lw,-0.4296586558388532
2024-10-25 01:05:00,2024-10-25 23:00:00,1,2736.06,2742.5,0.17,108.29000000000093,799.8627044843893,TIME,friday,0.13538573481783636
2024-10-25 23:05:00,2024-10-25 23:55:00,1,2743.76,2746.25,0.71,171.8199999999845,827.4841645796139,TIME,fri_close,0.20764143575759433
2024-10-21 08:00:00,2024-10-25 23:57:00,1,2730.63,2746.94,0.36,412.96319999999804,827.9480084044062,EOD,trendH4,0.49877914531837203
2024-10-28 01:05:00,2024-10-28 23:45:00,1,2733.9600000000005,2741.89,0.26,204.35999999998393,814.8891711925027,TIME,strong_close,0.2507825692430359
2024-10-29 01:15:00,2024-10-29 09:10:00,1,2740.27,2750.94,0.38,402.8000000000027,824.6288730662463,TIME,drift,0.4884621593496446
2024-10-29 01:05:00,2024-10-29 16:50:00,1,2741.51,2762.86,0.27,574.5599999999976,828.8509865070565,NEWS,strong_close,0.6932005986037467
2024-10-29 04:15:00,2024-10-29 16:50:00,1,2748.67,2762.86,0.34,480.0800000000019,811.2399999999989,NEWS,inside,0.591785414920372
2024-10-29 10:15:00,2024-10-29 16:50:00,1,2754.39,2762.86,0.27,226.80000000000692,828.8509865070565,NEWS,lw,0.2736318152383306
2024-10-29 18:15:00,2024-10-29 23:45:00,1,2767.18,2773.68,0.27,173.61,828.8509865070565,TIME,tday,0.20945863952171573
2024-10-30 01:15:00,2024-10-30 09:10:00,1,2773.48,2784.51,0.33,361.6800000000066,824.9027938664779,TIME,drift,0.43845166083720355
2024-10-29 20:00:00,2024-10-30 15:05:00,1,2769.5800000000004,2777.77,0.35000000000000003,256.3819999999861,827.0555088907623,NEWS,trendH4,0.3099937032568017
2024-10-30 01:05:00,2024-10-30 15:05:00,1,2773.67,2777.77,0.27,108.80999999999756,837.0894874708376,NEWS,strong_close,0.1299861025954985
2024-10-30 04:00:00,2024-10-30 15:05:00,1,2778.3700000000003,2777.77,0.37,-24.79000000001346,842.2529058752777,NEWS,trendH4,-0.02943296464409516
2024-10-30 08:00:00,2024-10-30 15:05:00,1,2780.37,2777.77,0.37,-98.78999999999664,822.6177605815136,NEWS,trendH4,-0.12009222841257569
2024-10-31 01:15:00,2024-10-31 09:10:00,1,2787.76,2784.19,0.34,-123.76000000000556,833.6603029452666,TIME,drift,-0.1484537521611257
2024-10-31 01:05:00,2024-10-31 16:50:00,1,2786.54,2756.406922388569,0.28,-845.6861731200671,844.2861731200662,SL,strong_close,-1.001658205528615
2024-11-01 01:15:00,2024-11-01 09:10:00,1,2747.4600000000005,2756.81,0.29,269.1199999999842,837.5432527185685,TIME,drift,0.32132071881237395
2024-11-01 01:05:00,2024-11-01 15:20:00,1,2745.59,2751.16,0.17,93.49999999999505,820.1043020135252,NEWS,friday,0.11400988846227642
2024-11-01 01:10:00,2024-11-01 15:20:00,1,2747.1,2751.16,0.13,51.869999999999294,835.8814451902609,NEWS,tom,0.06205425458175207
2024-11-01 23:05:00,2024-11-01 23:55:00,1,2734.47,2735.11,0.58,33.06000000001899,838.4600020402274,TIME,fri_close,0.03942943004982227
2024-11-04 15:15:00,2024-11-04 23:45:00,1,2744.28,2736.12,0.26,-213.98000000000803,831.0077705338139,TIME,tday900,-0.25749458379017787
2024-11-05 01:15:00,2024-11-05 09:10:00,1,2737.58,2740.67,0.36,108.72000000000523,825.3163430809384,TIME,drift,0.13173130631843444
2024-11-04 16:00:00,2024-11-05 16:50:00,1,2747.01,2743.71,0.26,-108.28480000000472,831.0077705338139,NEWS,lw,-0.13030540006917854
2024-11-05 11:15:00,2024-11-05 16:50:00,1,2744.8300000000004,2743.71,0.27,-32.13000000000933,836.6024930147487,NEWS,lw,-0.03840533618807051
2024-11-06 01:15:00,2024-11-06 08:28:00,1,2743.53,2719.897992679196,0.35000000000000003,-829.5702562281543,827.820256228143,SL,drift,-1.0021139854779406
2024-11-06 10:15:00,2024-11-07 11:17:00,-1,2726.1299999999997,2660.29,0.27,1803.6620999999916,825.6573149422663,TIME,lw,2.184516587400563
2024-11-07 15:15:00,2024-11-07 20:50:00,1,2677.9500000000003,2695.3,0.23,397.4399999999979,812.9821618194118,NEWS,tday900,0.4888668148764148
2024-11-07 17:30:00,2024-11-07 20:50:00,1,2699.09,2695.3,0.23,-88.77999999999916,812.9821618194118,NEWS,lw,-0.10920288804530981
2024-11-07 18:15:00,2024-11-07 20:50:00,1,2697.21,2695.3,0.23,-45.53999999999665,812.9821618194118,NEWS,tday,-0.05601598920458538
2024-11-08 01:05:00,2024-11-08 23:00:00,1,2704.43,2685.08,0.15,-291.29999999999865,845.8473053794349,TIME,friday,-0.34438839982983177
2024-11-08 23:05:00,2024-11-08 23:55:00,1,2685.44,2684.5,0.68,-68.68000000000372,837.0886219846412,TIME,fri_close,-0.08204627108318747
2024-11-11 10:15:00,2024-11-12 11:17:00,-1,2670.95,2595.75,0.22,1660.4301999999961,815.7994582175186,TIME,lw,2.035341140858262
2024-11-13 16:15:00,2024-11-13 22:04:00,1,2615.84,2576.1975351487104,0.21,-833.9617618770855,832.9117618770819,SL,lw,-1.001260637738669
2024-11-14 11:30:00,2024-11-14 15:20:00,-1,2552.14,2556.4900000000002,0.21,-92.82000000000764,842.6880646001476,NEWS,lw,-0.11014751946682713
2024-11-15 01:05:00,2024-11-15 15:20:00,1,2566.69,2572.2,0.14,76.1599999999967,849.1160599858516,NEWS,friday,0.089693274675862
2024-11-15 23:05:00,2024-11-15 23:55:00,1,2562.26,2561.63,0.63,-44.10000000000687,838.9472244745314,TIME,fri_close,-0.052565881039333066
2024-11-18 10:15:00,2024-11-19 11:17:00,1,2586.18,2627.36,0.21,846.6192000000061,821.3949128440049,TIME,lw,1.0307090861674129
2024-11-19 01:05:00,2024-11-19 23:45:00,1,2610.77,2632.28,0.21,450.2400000000045,842.7638476408624,TIME,strong_close,0.5342421857087906
2024-11-19 12:15:00,2024-11-20 13:17:00,1,2634.44,2622.2,0.21,-275.200800000005,842.7638476408624,TIME,lw,-0.32654556880954366
2024-11-20 16:45:00,2024-11-21 17:47:00,1,2645.82,2668.09,0.21,416.1275999999995,826.1414299522294,TIME,lw,0.5037001957692179
2024-11-21 01:05:00,2024-11-21 23:45:00,1,2650.04,2670.11,0.21,420.0000000000034,822.0613278127842,TIME,strong_close,0.5109107870546296
2024-11-21 18:15:00,2024-11-21 23:45:00,1,2668.77,2670.11,0.21,26.670000000003057,822.0613278127842,TIME,tday,0.032442834977972436
2024-11-21 10:30:00,2024-11-22 11:32:00,1,2666.9900000000002,2696.41,0.21,599.659199999992,822.0613278127842,TIME,lw,0.7294579853251023
2024-11-22 01:05:00,2024-11-22 23:00:00,1,2669.85,2705.81,0.15,538.3500000000006,857.1028516504741,TIME,friday,0.6281043155594812
2024-11-22 18:15:00,2024-11-22 23:45:00,1,2706.55,2711.92,0.22,116.59999999999759,838.5694549471302,TIME,tday,0.13904632384606586
2024-11-22 23:05:00,2024-11-22 23:55:00,1,2706.7400000000002,2714.46,0.66,504.8999999999868,854.0378914965377,TIME,fri_close,0.5911915677596533
2024-11-22 10:15:00,2024-11-22 23:57:00,1,2697.38,2715.31,0.22,392.9199999999964,838.5694549471302,EOD,lw,0.4685598762058046
2024-11-25 01:05:00,2024-11-25 05:28:00,1,2711.36,2672.5965489795044,0.22,-854.3359224509059,853.2359224509069,SL,strong_close,-1.0012892096676371
2024-11-25 10:15:00,2024-11-26 11:17:00,-1,2669.93,2623.23,0.22,1033.430199999996,853.2359224509069,TIME,lw,1.2111892769721695
2024-11-27 10:30:00,2024-11-27 15:20:00,1,2647.76,2648.81,0.2,19.599999999994548,861.8033900473247,NEWS,lw,0.02274300638213809
2024-11-28 12:45:00,2024-11-29 16:15:00,1,2648.95,2659.4,0.2,191.70400000000546,844.8317193296585,TIME,lw,0.22691382865230866
2024-11-29 01:05:00,2024-11-29 21:45:00,1,2639.13,2650.3,0.14,155.40000000000103,866.4659263464175,EOD,friday,0.1793492337953418
2024-11-29 10:15:00,2024-11-29 21:45:00,1,2656.89,2650.3,0.21,-139.8599999999935,866.9559263464175,EOD,lw,-0.1613230796972583
2024-12-02 01:10:00,2024-12-02 16:50:00,1,2648.75,2644.57,0.1,-42.499999999998366,812.1528600342467,NEWS,tom,-0.0523300502792125
2024-12-03 16:00:00,2024-12-03 16:50:00,1,2653.07,2649.7,0.21,-72.24000000000726,839.0615385333908,NEWS,lw,-0.08609618804155499
2024-12-05 17:15:00,2024-12-06 15:20:00,-1,2636.29,2634.33,0.23,51.384300000000835,866.1175267928306,NEWS,lw,0.05932716797716023
2024-12-06 23:05:00,2024-12-06 23:55:00,1,2632.63,2633.1,0.68,27.199999999986392,860.599090459218,TIME,fri_close,0.03160588978251464
2024-12-09 12:15:00,2024-12-10 13:17:00,1,2656.69,2671.67,0.23,324.6496000000004,848.4184797346346,TIME,lw,0.38265267406898446
2024-12-10 18:15:00,2024-12-10 23:45:00,1,2689.6200000000003,2693.0,0.23,76.12999999999207,868.3335883250179,TIME,tday,0.08767367866863691
2024-12-10 16:15:00,2024-12-11 15:20:00,1,2682.5000000000005,2696.25,0.23,296.3595999999896,868.3335883250179,NEWS,lw,0.3412969439218122
2024-12-11 01:05:00,2024-12-11 15:20:00,1,2695.26,2696.25,0.23,21.15999999999498,868.196189158945,NEWS,strong_close,0.024372371434264743
2024-12-11 18:15:00,2024-12-11 23:45:00,1,2716.22,2718.08,0.23,41.170000000002936,868.196189158945,TIME,tday,0.04742015746450799
2024-12-11 17:15:00,2024-12-12 15:20:00,1,2712.68,2705.42,0.23,-223.4311999999946,868.196189158945,NEWS,lw,-0.2573510489794259
2024-12-12 01:05:00,2024-12-12 15:20:00,1,2717.85,2705.42,0.22,-274.9999999999964,844.3750624206778,NEWS,strong_close,-0.3256846539399433
2024-12-12 16:00:00,2024-12-13 17:02:00,-1,2697.5499999999997,2659.02,0.22,853.6901999999944,844.3750624206778,TIME,lw,1.0110319903960827
2024-12-13 16:45:00,2024-12-13 23:57:00,-1,2657.66,2649.1,0.22,186.7799999999988,864.3154151049152,EOD,lw,0.2161016646652385
2024-12-16 15:15:00,2024-12-16 23:45:00,1,2663.14,2652.67,0.22,-231.8799999999956,875.9014568831351,TIME,tday900,-0.26473297672677987
2024-12-17 11:00:00,2024-12-17 15:20:00,-1,2644.1099999999997,2645.14,0.22,-24.2000000000044,846.2113528200538,NEWS,lw,-0.02859805640677869
2024-12-18 18:45:00,2024-12-18 20:50:00,-1,2634.58,2636.25,0.23,-40.02000000000167,863.6236834194679,NEWS,lw,-0.04633962774335322
2024-12-19 10:15:00,2024-12-19 15:20:00,1,2615.66,2602.32,0.22,-295.0199999999932,873.7851970744338,NEWS,lw,-0.3376344678163068
2024-12-20 01:05:00,2024-12-20 23:00:00,1,2594.4,2622.71,0.14,395.3599999999993,839.2064246796112,TIME,friday,0.4711117412511924
2024-12-20 23:05:00,2024-12-20 23:55:00,1,2623.26,2622.59,0.76,-56.24000000000553,876.5177313593667,TIME,fri_close,-0.06416299178886489
2024-12-20 16:15:00,2024-12-20 23:57:00,1,2614.2900000000004,2623.23,0.21,186.26999999999157,839.6964246796113,EOD,lw,0.2218301692436805
2024-12-26 10:15:00,2024-12-27 11:17:00,1,2628.39,2625.88,0.23,-77.62039999999456,853.3725056484358,TIME,lw,-0.09095723085314852
2024-12-27 01:05:00,2024-12-27 23:00:00,1,2633.47,2615.39,0.16,-290.39999999999884,867.6588253487953,TIME,friday,-0.33469376616236135
2024-12-27 23:05:00,2024-12-27 23:55:00,1,2615.89,2621.09,0.78,400.14000000002136,872.3223799876615,TIME,fri_close,0.4587065621378201
2024-12-30 18:15:00,2024-12-30 23:45:00,-1,2600.2799999999997,2607.47,0.24,-174.24000000000132,851.8203378238812,TIME,tday,-0.2045501759738759
2024-12-30 16:00:00,2024-12-31 17:02:00,-1,2606.5499999999997,2613.0099999999998,0.24,-148.46160000000089,851.8203378238812,TIME,lw,-0.17428745641278193
2024-12-31 17:15:00,2025-01-02 18:17:00,1,2618.11,2654.29,0.24,847.5647999999961,845.7131708364614,TIME,lw,1.002189429262055
2025-01-02 01:05:00,2025-01-02 23:45:00,1,2625.45,2657.85,0.25,808.2500000000023,862.5261325055056,TIME,strong_close,0.9370730573138236
2025-01-02 01:07:00,2025-01-02 23:47:00,1,2625.5099999999998,2658.25,0.12,392.04000000000286,414.01254360264267,TIME,season,0.946927831192167
2025-01-02 10:15:00,2025-01-03 11:17:00,1,2635.29,2654.39,0.25,455.8799999999977,862.5261325055056,TIME,lw,0.5285405077243707
2025-01-02 01:10:00,2025-01-03 16:50:00,1,2625.49,2648.85,0.12,269.94240000000156,827.1850872052854,NEWS,tom,0.32633857183284665
2025-01-03 01:05:00,2025-01-03 16:50:00,1,2658.04,2648.85,0.17,-157.42000000000093,887.0665369302152,NEWS,friday,-0.1774613216104048
2025-01-03 01:07:00,2025-01-03 16:50:00,1,2658.11,2648.85,0.12,-111.96000000000262,417.72307620245414,NEWS,season,-0.2680244553828287
2025-01-03 17:30:00,2025-01-03 23:57:00,-1,2642.47,2640.06,0.25,58.49999999999636,870.2564087551128,EOD,lw,0.06722156758797057
2025-01-06 01:07:00,2025-01-06 23:47:00,1,2640.68,2636.25,0.12,-53.99999999999803,412.4685707594218,TIME,season,-0.13091906590743443
2025-01-07 01:07:00,2025-01-07 16:50:00,1,2636.18,2660.06,0.12,285.72000000000133,412.93795856232026,NEWS,season,0.6919199218080134
2025-01-07 15:00:00,2025-01-07 16:50:00,1,2651.8500000000004,2660.06,0.25,203.49999999998954,860.2874136715005,NEWS,lw,0.23654885189067257
2025-01-08 01:07:00,2025-01-08 15:05:00,1,2649.05,2656.02,0.13,89.6999999999974,444.56235117281,NEWS,season,0.20177147201817203
2025-01-09 01:15:00,2025-01-09 09:10:00,1,2662.43,2665.37,0.34,97.58000000000186,880.7657090416876,TIME,drift,0.11078996264077226
2025-01-08 16:15:00,2025-01-09 17:17:00,1,2662.48,2673.59,0.26,225.0456000000033,889.12470234562,TIME,lw,0.2531091526377632
2025-01-09 01:07:00,2025-01-09 23:47:00,1,2662.8,2670.15,0.13,94.63999999999882,435.7993260890379,TIME,season,0.21716417243991556
2025-01-10 01:15:00,2025-01-10 09:10:00,1,2670.77,2677.62,0.43,291.5399999999961,894.0299097001741,TIME,drift,0.3260964726535472
2025-01-09 14:15:00,2025-01-10 15:17:00,1,2671.81,2679.48,0.26,176.9352000000019,871.5986521780758,TIME,lw,0.20300077284177856
2025-01-10 01:05:00,2025-01-10 15:20:00,1,2670.64,2679.12,0.18,151.38000000000034,883.6765574574308,NEWS,friday,0.17130702260062244
2025-01-10 01:07:00,2025-01-10 15:20:00,1,2670.4,2679.12,0.13,112.4499999999974,425.7772313683926,NEWS,season,0.2641052449859701
2025-01-10 09:00:00,2025-01-10 15:20:00,1,2678.4700000000003,2679.12,0.39,22.61999999998581,889.5900000000092,NEWS,nr7,0.02542744410344718
2025-01-10 11:00:00,2025-01-10 15:20:00,1,2680.26,2679.12,0.27,-32.67000000000884,884.3065574574309,NEWS,lw,-0.03694420189978238
2025-01-10 18:15:00,2025-01-10 23:45:00,1,2691.55,2689.64,0.27,-53.46000000000836,884.3065574574309,TIME,tday,-0.06045414856327336
2025-01-10 23:05:00,2025-01-10 23:55:00,1,2692.62,2689.08,0.6,-216.59999999999778,898.7801015872762,TIME,fri_close,-0.2409933192974286
2025-01-13 01:07:00,2025-01-13 23:47:00,1,2688.8,2662.9,0.13,-337.6100000000012,426.85242912779336,TIME,season,-0.790929082188556
2025-01-14 01:15:00,2025-01-14 09:10:00,1,2665.6,2669.34,0.35000000000000003,128.45000000000832,888.3012283642012,TIME,drift,0.144601848898203
2025-01-14 01:07:00,2025-01-14 15:20:00,1,2665.11,2668.63,0.13,44.849999999999774,430.4879699043794,NEWS,season,0.10418409603864638
2025-01-15 01:15:00,2025-01-15 09:10:00,1,2676.71,2681.44,0.4,186.40000000000074,877.5334186202947,TIME,drift,0.21241356288523902
2025-01-15 01:05:00,2025-01-15 15:20:00,1,2677.04,2685.41,0.27,224.0999999999971,865.5967991013031,NEWS,strong_close,0.2588965211431773
2025-01-15 01:07:00,2025-01-15 15:20:00,1,2677.21,2685.41,0.13,105.68999999999764,416.76882919692366,NEWS,season,0.25359382131253155
2025-01-15 08:00:00,2025-01-15 15:20:00,1,2679.53,2685.41,0.46,267.2599999999841,896.0799999999933,NEWS,inside,0.2982546201231877
2025-01-15 11:30:00,2025-01-15 15:20:00,1,2685.79,2685.41,0.28,-12.600000000003057,897.6559398087587,NEWS,lw,-0.014036558375236092
2025-01-16 01:15:00,2025-01-16 09:10:00,1,2695.93,2696.36,0.39,14.04000000001135,883.519410648414,TIME,drift,0.01589099212852314
2025-01-16 01:05:00,2025-01-16 15:20:00,1,2697.41,2707.8,0.28,288.96000000000925,889.7776583938479,NEWS,strong_close,0.3247552883285647
2025-01-16 01:07:00,2025-01-16 15:20:00,1,2695.8,2707.8,0.14,167.02000000000004,444.88882919692395,NEWS,season,0.37541963079066415
2025-01-16 12:15:00,2025-01-16 15:20:00,1,2708.3900000000003,2707.8,0.28,-18.480000000004075,889.7776583938479,NEWS,lw,-0.020769233555900497
2025-01-16 18:15:00,2025-01-16 23:45:00,1,2718.8300000000004,2713.78,0.28,-143.3600000000051,889.7776583938479,TIME,tday,-0.16111890273665286
2025-01-17 01:15:00,2025-01-17 09:10:00,1,2714.43,2714.23,0.39,-10.529999999992906,885.3126357945832,TIME,drift,-0.011894103364448256
2025-01-17 01:05:00,2025-01-17 23:00:00,1,2714.36,2701.09,0.18,-240.11999999999966,863.4106073883682,TIME,friday,-0.27810638176696845
2025-01-17 01:07:00,2025-01-17 23:47:00,1,2714.39,2702.13,0.14,-172.6199999999967,448.0210556828576,TIME,season,-0.3852943914363478
2025-01-17 23:05:00,2025-01-17 23:55:00,1,2700.77,2702.6,0.8200000000000001,144.31999999999402,896.5471391016478,TIME,fri_close,0.16097313092159837
2025-01-20 01:07:00,2025-01-21 03:17:00,1,2702.77,2710.48,0.14,95.83280000000052,434.21955170551036,TIME,season,0.2207012549840104
2025-01-21 01:15:00,2025-01-21 09:10:00,1,2707.11,2724.13,0.38,644.0999999999993,900.5827996627843,TIME,drift,0.7152035329135502
2025-01-21 15:15:00,2025-01-21 23:45:00,1,2728.18,2744.07,0.29,458.78000000000947,885.8751581274354,TIME,tday900,0.5178833561263638
2025-01-21 18:15:00,2025-01-21 23:45:00,1,2740.54,2744.07,0.29,100.3400000000058,885.8751581274354,TIME,tday,0.11326652415912045
2025-01-21 01:07:00,2025-01-21 23:47:00,1,2708.53,2744.03,0.14,496.02000000000004,427.6638694408309,TIME,season,1.1598361129934698
2025-01-22 01:15:00,2025-01-22 09:10:00,1,2743.3300000000004,2749.87,0.01,6.469999999999509,24.769587207769302,TIME,drift,0.2612074212512556
2025-01-21 10:15:00,2025-01-22 11:17:00,1,2726.84,2757.32,0.29,858.8408000000005,885.8751581274354,TIME,lw,0.9694828804268762
2025-01-22 01:05:00,2025-01-22 23:45:00,1,2743.84,2756.01,0.28,338.8000000000021,880.7529003901147,TIME,strong_close,0.38467088765752155
2025-01-22 15:15:00,2025-01-22 23:45:00,1,2759.91,2756.01,0.29,-115.12999999998944,912.208361118333,TIME,tday900,-0.12621020033059596
2025-01-22 01:07:00,2025-01-22 23:47:00,1,2744.77,2755.83,0.14,153.85999999999925,440.3764501950574,TIME,season,0.349382897136869
2025-01-23 01:15:00,2025-01-23 09:10:00,1,2755.33,2753.72,0.41000000000000003,-68.88000000000523,904.2810356679493,TIME,drift,-0.07617101020937242
2025-01-23 01:07:00,2025-01-23 23:47:00,1,2755.87,2753.66,0.14,-31.920000000000513,430.44098946683886,TIME,season,-0.07415650642272215
2025-01-24 01:15:00,2025-01-24 09:10:00,1,2754.45,2773.23,0.31,580.0100000000062,705.4394803312819,TIME,drift,0.8221966818863432
2025-01-24 01:05:00,2025-01-24 23:00:00,1,2754.15,2771.02,0.2,335.99999999999784,905.2040096534043,TIME,friday,0.37118704338113756
2025-01-24 15:15:00,2025-01-24 23:45:00,1,2782.21,2771.42,0.13,-141.17999999999952,392.5584041831419,TIME,tday900,-0.35964075280409546
2025-01-24 01:07:00,2025-01-24 23:47:00,1,2754.34,2771.21,0.15,251.99999999999835,452.95200482670214,TIME,season,0.5563503358295382
2025-01-24 23:05:00,2025-01-24 23:55:00,1,2771.97,2771.64,0.87,-34.79999999999367,908.681136748024,TIME,fri_close,-0.03829726247486049
2025-01-21 08:00:00,2025-01-24 23:57:00,1,2726.38,2771.54,0.39,1603.5239999999942,889.6287495293541,EOD,trendH4,1.8024642311169874
2025-01-21 20:00:00,2025-01-24 23:57:00,1,2740.3700000000003,2771.54,0.37,1003.6619999999859,896.6826741404086,EOD,trendH4,1.119305668487608
2025-01-24 10:15:00,2025-01-24 23:57:00,1,2771.73,2771.54,0.3,-7.800000000001637,905.9040096534043,EOD,lw,-0.008610183768792336
2025-01-27 01:07:00,2025-01-27 18:12:00,1,2769.01,2738.67868541549,0.15,-456.0197187676565,455.26971876765197,SL,season,-1.0016473751033446
2025-01-28 01:15:00,2025-01-28 09:10:00,1,2740.86,2740.84,0.33,-2.9699999999994,925.2367938584488,TIME,drift,-0.0032099890749197526
2025-01-28 18:15:00,2025-01-28 23:45:00,1,2757.5200000000004,2763.62,0.29,174.86999999998415,904.6282570257378,TIME,tday,0.19330592278305195
2025-01-28 01:07:00,2025-01-28 23:47:00,1,2741.88,2763.59,0.14,302.96000000000055,436.7170895986321,TIME,season,0.6937214210656103
2025-01-29 01:15:00,2025-01-29 09:10:00,1,2764.2400000000002,2759.59,0.5,-236.00000000000455,921.7826355670522,TIME,drift,-0.25602565170347846
2025-01-29 01:05:00,2025-01-29 20:50:00,1,2763.4,2753.1,0.29,-300.73000000000525,902.6933815238995,NEWS,strong_close,-0.3331474520089225
2025-01-29 01:07:00,2025-01-29 20:50:00,1,2764.13,2753.1,0.14,-155.40000000000282,435.78301177015845,NEWS,season,-0.35659949057849966
2025-01-29 03:15:00,2025-01-29 20:50:00,1,2765.4,2753.1,0.3,-371.1000000000055,913.5000000000033,NEWS,inside,-0.4062397372742246
2025-01-30 01:15:00,2025-01-30 09:10:00,1,2760.15,2765.82,0.42,235.20000000000303,920.0727840534128,TIME,drift,0.2556319500766246
2025-01-30 01:07:00,2025-01-30 15:20:00,1,2758.84,2780.72,0.15,327.1499999999948,456.4453433427596,NEWS,season,0.7167342262802476
2025-01-30 09:15:00,2025-01-30 15:20:00,1,2766.66,2780.72,0.42,587.5799999999977,908.8799999999877,NEWS,nr7,0.6464879852125754
2025-01-30 10:15:00,2025-01-30 15:20:00,1,2771.18,2780.72,0.3,284.0999999999989,912.8906866855192,NEWS,lw,0.3112092215898224
2025-01-30 18:15:00,2025-01-30 23:45:00,1,2794.0800000000004,2792.89,0.3,-37.80000000001528,912.8906866855192,TIME,tday,-0.041406929166138993
2025-01-31 01:15:00,2025-01-31 09:10:00,1,2795.65,2794.11,0.38,-61.179999999998614,913.4871946880692,TIME,drift,-0.06697411891021626
2025-01-31 01:05:00,2025-01-31 23:00:00,1,2794.6600000000003,2800.74,0.2,120.19999999998944,933.3842090651251,TIME,friday,0.12877869459606717
2025-01-31 15:15:00,2025-01-31 23:45:00,1,2804.9600000000005,2799.57,0.3,-163.80000000000982,934.0842090651252,TIME,tday900,-0.17535892204402906
2025-01-31 01:07:00,2025-01-31 23:47:00,1,2795.2200000000003,2800.23,0.15,74.09999999999646,467.0421045325626,TIME,season,0.158658072325533
2025-01-31 23:05:00,2025-01-31 23:55:00,1,2801.84,2800.09,0.54,-98.28,924.2338870883415,TIME,fri_close,-0.1063367199287793
2025-01-30 20:00:00,2025-01-31 23:57:00,1,2795.82,2798.77,0.41000000000000003,85.49319999999253,915.6247438652423,EOD,trendH4,0.09337143908877919
2025-01-31 16:00:00,2025-01-31 23:57:00,1,2806.6400000000003,2798.77,0.42,-333.4800000000145,913.599657257463,EOD,trendH4,-0.3650176500734347
2025-01-31 17:00:00,2025-01-31 23:57:00,1,2812.61,2798.77,0.3,-417.3000000000044,934.0842090651252,EOD,lw,-0.44674772996929
2025-02-03 01:10:00,2025-02-03 16:50:00,1,2802.3,2826.12,0.15,356.2499999999956,922.2853369890449,NEWS,tom,0.38626874537877126
2025-02-03 16:15:00,2025-02-03 16:50:00,1,2814.5800000000004,2826.12,0.3,344.09999999998524,923.335336989045,NEWS,lw,0.3726706714399991
2025-02-03 18:15:00,2025-02-03 23:45:00,1,2819.78,2813.22,0.3,-198.90000000001197,923.335336989045,TIME,tday,-0.21541469499977758
2025-02-04 01:15:00,2025-02-04 09:10:00,1,2813.35,2812.93,0.28,-13.72000000000204,906.9040691767094,TIME,drift,-0.015128391707909198
2025-02-04 16:00:00,2025-02-04 16:50:00,1,2831.82,2840.82,0.34,303.62,913.3536033685114,NEWS,trendH4,0.33242327930850485
2025-02-04 18:15:00,2025-02-04 23:45:00,1,2837.8300000000004,2842.14,0.28,118.71999999998576,917.2439587238393,TIME,tday,0.12943121496832838
2025-02-05 01:15:00,2025-02-05 09:10:00,1,2841.46,2855.14,0.33,449.1299999999946,911.245387413108,TIME,drift,0.4928749228295232
2025-02-04 20:00:00,2025-02-05 15:05:00,1,2844.19,2869.84,0.34,842.6968000000032,923.4969232000846,NEWS,trendH4,0.9125063428256001
2025-02-05 01:05:00,2025-02-05 15:05:00,1,2841.52,2869.84,0.28,791.0000000000047,928.2665331007076,NEWS,strong_close,0.8521259485223616
2025-02-05 08:00:00,2025-02-05 15:05:00,1,2859.42,2869.84,0.35000000000000003,362.2500000000026,916.7368587059868,NEWS,trendH4,0.3951515601885299
2025-02-05 10:15:00,2025-02-05 15:05:00,1,2865.2200000000003,2869.84,0.28,127.39999999999698,928.2665331007076,NEWS,lw,0.13724506427527897
2025-02-05 12:00:00,2025-02-05 15:05:00,1,2870.48,2869.84,0.35000000000000003,-24.849999999995546,931.7125157706865,NEWS,trendH4,-0.026671317149196308
2025-02-06 01:15:00,2025-02-06 09:10:00,1,2866.73,2860.04,0.29,-196.04000000000158,920.7955537876635,TIME,drift,-0.21290285253181038
2025-02-06 17:00:00,2025-02-07 15:20:00,-1,2841.77,2860.72,0.28,-522.9251999999949,947.2017807363718,NEWS,lw,-0.5520737087228271
2025-02-07 23:05:00,2025-02-07 23:55:00,1,2861.29,2861.88,0.6,31.200000000008732,943.4413575820394,TIME,fri_close,0.03307041794306294
2025-02-07 16:30:00,2025-02-07 23:57:00,1,2873.63,2861.36,0.27,-333.17999999999955,923.6936353022106,EOD,lw,-0.3607040118783442
2025-02-10 15:15:00,2025-02-10 23:45:00,1,2905.17,2907.85,0.27,70.46999999999558,923.8848042091952,TIME,tday900,0.07627574312180056
2025-02-10 18:15:00,2025-02-10 23:45:00,1,2908.41,2907.85,0.27,-17.009999999998527,923.8848042091952,TIME,tday,-0.01841138627077901
2025-02-11 01:15:00,2025-02-11 09:10:00,1,2911.38,2915.66,0.32,134.71999999999184,924.2844809648425,TIME,drift,0.14575599047098603
2025-02-10 10:15:00,2025-02-11 11:17:00,1,2894.3700000000003,2909.72,0.27,391.1003999999853,923.8848042091952,TIME,lw,0.4233216069992082
2025-02-11 04:00:00,2025-02-11 11:59:00,1,2934.06,2903.5910267056797,0.3,-916.1691988296066,914.6691988295966,SL,trendH4,-1.0016399371509714
2025-02-11 01:05:00,2025-02-11 14:56:00,1,2912.0600000000004,2888.962133116192,0.26,-602.3645389790175,931.1963593193337,SL,strong_close,-0.6468716645534581
2025-02-10 12:00:00,2025-02-11 16:50:00,1,2903.25,2900.75,0.31,-104.3088,932.3752775824834,NEWS,trendH4,-0.11187426619725258
2025-02-13 01:05:00,2025-02-13 15:20:00,1,2904.93,2915.75,0.24,258.0000000000039,915.273837009266,NEWS,strong_close,0.2818828525056944
2025-02-13 18:15:00,2025-02-13 23:45:00,1,2920.16,2929.21,0.24,215.52000000000436,915.273837009266,TIME,tday,0.2354705130698743
2025-02-14 01:05:00,2025-02-14 15:20:00,1,2928.37,2928.92,0.16,7.68000000000291,899.1885629371753,NEWS,friday,0.008541033901628371
2025-02-14 01:30:00,2025-02-14 15:20:00,1,2931.08,2928.92,0.3,-66.89999999999563,914.9999999999951,NEWS,nr7,-0.07311475409835627
2025-02-14 17:15:00,2025-02-14 23:57:00,-1,2914.3799999999997,2882.88,0.25,785.7499999999886,937.238086392891,EOD,lw,0.838367551860885
2025-02-17 18:15:00,2025-02-18 03:30:00,1,2901.0,2895.11,0.24,-162.11519999999695,943.5322370130915,TIME,tday,-0.17181734088196035
2025-02-18 15:15:00,2025-02-18 23:45:00,1,2914.78,2935.37,0.24,492.4799999999926,923.4342200835849,TIME,tday900,0.5333135693795445
2025-02-18 18:15:00,2025-02-18 23:45:00,1,2928.42,2935.37,0.24,165.1199999999956,923.4342200835849,TIME,tday,0.17881078739430917
2025-02-18 05:15:00,2025-02-19 06:17:00,1,2909.05,2928.16,0.31,565.60119999999,931.5500000000005,TIME,inside,0.6071613976705379
2025-02-18 10:15:00,2025-02-19 11:17:00,1,2911.69,2942.81,0.24,726.1247999999974,923.4342200835849,TIME,lw,0.786330833542504
2025-02-19 01:05:00,2025-02-19 23:45:00,1,2935.52,2932.85,0.24,-65.76000000000175,934.5832043633285,TIME,strong_close,-0.07036291653111808
2025-02-20 12:00:00,2025-02-21 10:17:00,1,2951.68,2923.051586470033,0.33,-973.2760464889117,945.3976464889006,SL,trendH4,-1.0294885438984838
2025-02-19 12:00:00,2025-02-21 10:22:00,1,2945.7,2917.0428529531014,0.33,-1052.9094525476487,946.3458525476362,SL,trendH4,-1.1126053437156564
2025-02-20 10:15:00,2025-02-21 11:17:00,1,2954.47,2924.77,0.24,-733.5551999999955,916.7015469088052,TIME,lw,-0.80021158737389
2025-02-21 01:05:00,2025-02-21 23:00:00,1,2939.82,2934.69,0.16,-83.20000000000175,903.4971507010334,TIME,friday,-0.09208662134180053
2025-02-21 23:05:00,2025-02-21 23:55:00,1,2934.6,2935.88,0.67,81.07000000001342,937.3814263029996,TIME,fri_close,0.08648560524582906
2025-02-25 01:15:00,2025-02-25 09:10:00,1,2950.3,2937.95,0.31,-385.0200000000113,910.3846653274104,TIME,drift,-0.4229201288902893
2025-02-24 15:15:00,2025-02-25 16:17:00,1,2950.69,2940.06,0.25,-287.37000000000273,933.5493273149884,TIME,lw,-0.30782519101215244
2025-02-25 01:05:00,2025-02-25 17:24:00,1,2953.09,2915.9445964140145,0.25,-930.3850896496401,929.1350896496317,SL,strong_close,-1.0013453372000833
2025-02-27 10:15:00,2025-02-27 15:20:00,-1,2885.2599999999998,2889.25,0.23,-93.38000000000545,901.7212435649221,NEWS,lw,-0.10355750257233712
2025-02-28 01:05:00,2025-02-28 23:00:00,1,2876.85,2854.65,0.15,-334.0499999999973,903.9404929898748,TIME,friday,-0.3695486623185704
2025-02-28 23:05:00,2025-02-28 23:55:00,1,2854.52,2859.13,0.5,227.00000000000637,922.4528704569934,TIME,fri_close,0.24608303282480767
2025-03-03 01:10:00,2025-03-03 16:50:00,1,2874.03,2878.22,0.11,45.319999999995595,902.974384111442,NEWS,tom,0.050189685108943644
2025-03-03 15:15:00,2025-03-03 16:50:00,1,2875.03,2878.22,0.22,68.63999999999119,903.744384111442,NEWS,tday900,0.0759506794252202
2025-03-03 18:15:00,2025-03-03 23:45:00,1,2887.63,2894.08,0.22,140.359999999996,903.744384111442,TIME,tday,0.15530940215799782
2025-03-04 01:05:00,2025-03-04 23:45:00,1,2892.97,2916.24,0.22,510.3999999999996,901.5926423891957,TIME,strong_close,0.5661093225510954
2025-03-04 15:15:00,2025-03-04 23:45:00,1,2926.7200000000003,2916.24,0.22,-232.1000000000104,901.5926423891957,TIME,tday900,-0.25743333417734177
2025-03-04 10:30:00,2025-03-05 11:32:00,1,2914.13,2914.86,0.22,-2.9655999999996006,901.5926423891957,TIME,lw,-0.0032892903741326483
2025-03-06 10:45:00,2025-03-07 11:47:00,-1,2904.43,2922.14,0.22,-383.5898000000008,900.4791661417046,TIME,lw,-0.4259840920513167
2025-03-07 23:05:00,2025-03-07 23:55:00,1,2909.56,2912.2,0.54,138.77999999999312,926.8942183378339,TIME,fri_close,0.14972582335108564
2025-03-07 17:00:00,2025-03-07 23:57:00,1,2926.9600000000005,2912.06,0.22,-329.340000000012,891.7563685601548,EOD,lw,-0.36931611773266065
2025-03-10 14:45:00,2025-03-11 15:47:00,-1,2897.39,2915.5299999999997,0.23,-410.91569999999706,920.8656954528772,TIME,lw,-0.4462276117234563
2025-03-11 18:15:00,2025-03-11 23:45:00,1,2919.67,2916.64,0.23,-71.3000000000046,917.6331457776718,TIME,tday,-0.07769989600754841
2025-03-12 01:05:00,2025-03-12 15:20:00,1,2915.52,2912.94,0.23,-60.949999999998326,920.956492507838,NEWS,strong_close,-0.06618119367835348
2025-03-12 18:15:00,2025-03-12 23:45:00,1,2928.1600000000003,2933.45,0.23,120.0599999999887,920.956492507838,TIME,tday,0.1303644645286725
2025-03-12 19:15:00,2025-03-13 15:20:00,1,2933.9,2947.76,0.23,262.3288000000029,920.956492507838,NEWS,lw,0.2848438575916444
2025-03-13 12:45:00,2025-03-13 15:20:00,1,2948.1200000000003,2947.76,0.23,-9.890000000002928,911.8853144715636,NEWS,lw,-0.010845662105803481
2025-03-13 18:15:00,2025-03-13 23:45:00,1,2972.8500000000004,2986.53,0.23,313.0299999999962,911.8853144715636,TIME,tday,0.34327781688358117
2025-03-14 01:05:00,2025-03-14 23:00:00,1,2984.48,2983.93,0.15,-9.30000000000273,918.1876692016536,TIME,friday,-0.010128648327513371
2025-03-14 23:05:00,2025-03-14 23:55:00,1,2982.86,2988.12,0.7000000000000001,363.29999999998347,929.9650291061911,TIME,fri_close,0.39065985131630027
2025-03-13 20:00:00,2025-03-14 23:57:00,1,2980.3,2986.39,0.29,151.53079999999102,913.152015453469,EOD,trendH4,0.165942578492521
2025-03-17 13:00:00,2025-03-17 15:20:00,1,2995.8700000000003,2988.78,0.23,-164.68000000000336,915.6493272739505,NEWS,lw,-0.17985051164760288
2025-03-18 01:05:00,2025-03-18 23:45:00,1,3001.25,3033.91,0.24,782.1599999999966,921.1558699051942,TIME,strong_close,0.8491071115689648
2025-03-18 15:15:00,2025-03-18 23:45:00,1,3030.3100000000004,3033.91,0.24,84.7199999999869,921.1558699051942,TIME,tday900,0.09197140545682711
2025-03-18 02:45:00,2025-03-19 03:47:00,1,3002.51,3032.18,0.46,1325.0391999999824,930.1200000000042,TIME,inside,1.4245895153313297
2025-03-18 10:15:00,2025-03-19 11:17:00,1,3018.46,3032.36,0.24,312.8448000000022,921.1558699051942,TIME,lw,0.3396220012495826
2025-03-18 08:00:00,2025-03-19 20:50:00,1,3014.63,3030.02,0.34,493.8567999999957,930.2861484411786,NEWS,trendH4,0.5308654770658685
2025-03-18 12:00:00,2025-03-19 20:50:00,1,3026.8100000000004,3030.02,0.33,77.3915999999862,927.5570515773798,NEWS,trendH4,0.08343594592739716
2025-03-20 01:15:00,2025-03-20 09:10:00,1,3049.7,3048.78,0.3,-29.699999999988542,917.3927985679925,TIME,drift,-0.03237435485252213
2025-03-20 01:05:00,2025-03-20 23:45:00,1,3048.66,3045.19,0.25,-88.499999999995,944.1393601933353,TIME,strong_close,-0.09373616198129107
2025-03-20 04:00:00,2025-03-21 08:42:00,1,3053.4,3025.391662634429,0.33,-952.8135330638479,924.9351330638482,SL,trendH4,-1.0301409244858637
2025-03-21 01:15:00,2025-03-21 09:10:00,1,3044.58,3031.72,0.35000000000000003,-452.55000000000445,942.4776954445201,TIME,drift,-0.4801705145781291
2025-03-21 01:05:00,2025-03-21 23:00:00,1,3045.18,3019.91,0.16,-405.4399999999997,895.6556582294874,TIME,friday,-0.4526739671376215
2025-03-21 23:05:00,2025-03-21 23:55:00,1,3021.56,3023.06,0.64,91.52,932.6005817461694,TIME,fri_close,0.09813418712289572
2025-03-25 01:15:00,2025-03-25 09:10:00,1,3011.28,3016.14,0.31,148.48999999998986,910.3636607094362,TIME,drift,0.16311064073479523
2025-03-26 01:15:00,2025-03-26 09:10:00,1,3022.19,3024.47,0.39,86.18999999999006,937.7718353714789,TIME,drift,0.09190935017348616
2025-03-25 14:15:00,2025-03-26 15:17:00,1,3024.46,3027.59,0.24,54.36480000000262,902.2692155142004,TIME,lw,0.06025341335514843
2025-03-27 01:15:00,2025-03-27 09:10:00,1,3018.7900000000004,3029.3,0.41000000000000003,428.0399999999903,934.6187057146388,TIME,drift,0.45798355776829597
2025-03-27 06:45:00,2025-03-27 15:20:00,1,3032.8,3052.94,0.46,923.2199999999941,934.2600000000109,NEWS,inside,0.9881831610044135
2025-03-27 10:15:00,2025-03-27 15:20:00,1,3031.77,3052.94,0.26,548.600000000002,928.5514058183251,NEWS,lw,0.5908127396743588
2025-03-27 18:15:00,2025-03-27 23:45:00,1,3056.15,3056.35,0.26,3.3799999999952703,928.5514058183251,TIME,tday,0.0036400784908795685
2025-03-28 01:15:00,2025-03-28 09:10:00,1,3055.4500000000003,3081.28,0.33,850.0799999999977,933.3608114937658,TIME,drift,0.9107731860302939
2025-03-28 01:05:00,2025-03-28 23:00:00,1,3056.29,3080.74,0.17,414.4599999999969,921.8050302988321,TIME,friday,0.4496178545105538
2025-03-28 23:05:00,2025-03-28 23:55:00,1,3081.94,3084.28,0.61,138.47000000000887,952.774667382107,TIME,fri_close,0.14533341905539554
2025-03-28 04:00:00,2025-03-28 23:57:00,1,3062.09,3084.56,0.35000000000000003,783.999999999993,938.0807164665075,EOD,trendH4,0.8357489779270868
2025-03-28 08:00:00,2025-03-28 23:57:00,1,3074.01,3084.56,0.35000000000000003,366.7999999999905,946.704180643182,EOD,trendH4,0.38744943510314916
2025-03-28 10:15:00,2025-03-28 23:57:00,1,3083.55,3084.56,0.26,24.439999999993855,940.4863054027307,EOD,lw,0.02598655595471778
2025-03-31 01:05:00,2025-03-31 23:45:00,1,3092.73,3124.5,0.26,824.1999999999995,933.9258550168217,TIME,strong_close,0.8825111710663093
2025-03-31 15:15:00,2025-03-31 23:45:00,1,3122.9,3124.5,0.26,39.779999999997635,933.9258550168217,TIME,tday900,0.04259438775177835
2025-03-31 18:15:00,2025-03-31 23:45:00,1,3125.2400000000002,3124.5,0.26,-21.06000000000615,933.9258550168217,TIME,tday,-0.02254996998624352
2025-04-01 01:15:00,2025-04-01 09:10:00,1,3124.65,3129.03,0.15,64.65000000000164,544.2791326592398,TIME,drift,0.11878096388545077
2025-03-31 10:15:00,2025-04-01 11:17:00,1,3122.03,3134.41,0.26,299.395199999991,933.9258550168217,TIME,lw,0.32057705479692317
2025-03-31 08:00:00,2025-04-01 16:50:00,1,3113.58,3134.29,0.3,595.356000000001,937.5693887275669,NEWS,trendH4,0.634999400746216
2025-03-31 12:00:00,2025-04-01 16:50:00,1,3122.46,3134.29,0.3,328.9559999999978,952.1759192911873,NEWS,trendH4,0.3454781761808019
2025-04-01 01:05:00,2025-04-01 16:50:00,1,3125.0,3134.29,0.26,239.71999999999906,962.432579658477,NEWS,strong_close,0.24907718739640405
2025-04-01 01:10:00,2025-04-01 16:50:00,1,3125.16,3134.29,0.13,117.78000000000144,961.522579658477,NEWS,tom,0.12249322323957873
2025-04-02 01:15:00,2025-04-02 09:10:00,1,3112.5400000000004,3116.07,0.26,89.95999999999339,971.2518180098015,TIME,drift,0.09262273524937231
2025-04-02 11:45:00,2025-04-02 15:05:00,1,3133.34,3119.36,0.25,-351.25000000000045,945.5112318379255,NEWS,lw,-0.3714921496143685
2025-04-03 01:15:00,2025-04-03 09:10:00,1,3144.71,3130.75,0.21,-294.6300000000008,972.4639518951979,TIME,drift,-0.30297267001600175
2025-04-03 04:00:00,2025-04-03 13:17:00,1,3151.5200000000004,3111.695805297523,0.24,-957.4606728594623,956.2606728594559,SL,trendH4,-1.0012548879547856
2025-04-03 02:00:00,2025-04-03 13:26:00,1,3146.03,3106.6449999999995,0.23,-907.4650000000155,936.1000000000025,SL,inside,-0.9694103194103334
2025-04-04 01:05:00,2025-04-04 15:20:00,1,3114.69,3100.89,0.14,-194.18000000000256,907.7734922026119,NEWS,friday,-0.21390798659349072
2025-04-04 17:00:00,2025-04-04 23:57:00,-1,3061.89,3038.44,0.22,514.359999999996,951.5141346884506,EOD,lw,0.5405700044260617
2025-04-08 15:15:00,2025-04-08 23:45:00,1,3017.75,2980.71,0.18,-667.9799999999993,942.9115022546999,TIME,tday900,-0.7084227930221644
2025-04-09 15:15:00,2025-04-09 23:45:00,1,3062.94,3082.64,0.18,353.3399999999967,937.3263949507926,TIME,tday900,0.376965806045125
2025-04-09 18:15:00,2025-04-09 23:45:00,1,3075.19,3082.64,0.18,132.8399999999967,937.3263949507926,TIME,tday,0.14172224394360566
2025-04-09 10:15:00,2025-04-10 11:17:00,1,3045.4,3111.42,0.18,1144.1807999999996,937.3263949507926,TIME,lw,1.2206855649894148
2025-04-10 01:05:00,2025-04-10 15:20:00,1,3080.55,3127.03,0.16,742.5600000000003,921.9062307530352,NEWS,strong_close,0.8054615265952367
2025-04-10 18:15:00,2025-04-10 23:45:00,1,3159.59,3172.67,0.16,208.15999999999883,921.9062307530352,TIME,tday,0.22579302867924944
2025-04-10 17:15:00,2025-04-11 15:20:00,1,3142.9900000000002,3218.17,0.16,1189.0431999999976,921.9062307530352,NEWS,lw,1.2897658789319153
2025-04-11 01:05:00,2025-04-11 15:20:00,1,3179.66,3218.17,0.1,384.40000000000225,914.7022990930444,NEWS,friday,0.42024601925801075
2025-04-11 04:00:00,2025-04-11 15:20:00,1,3205.82,3218.17,0.13,159.63999999999882,922.6823270594618,NEWS,trendH4,0.1730172945966818
2025-04-11 11:15:00,2025-04-11 15:20:00,1,3218.34,3218.17,0.15,-3.600000000001091,915.0522990930442,NEWS,lw,-0.003934201360478781
2025-04-11 18:15:00,2025-04-11 23:45:00,1,3236.9,3236.0,0.16,-15.520000000001456,976.0557856992473,TIME,tday,-0.01590073049859841
2025-04-11 23:05:00,2025-04-11 23:55:00,1,3232.6,3238.06,0.37,199.43000000000134,969.6704420703721,TIME,fri_close,0.20566781387518882
2025-04-11 16:00:00,2025-04-11 23:57:00,1,3233.86,3238.09,0.14,58.240000000000265,968.0238415212681,EOD,trendH4,0.060163807441431384
2025-04-14 01:05:00,2025-04-14 23:45:00,1,3222.23,3211.45,0.15,-162.750000000003,924.4771348721125,TIME,strong_close,-0.17604545733033952
2025-04-16 01:05:00,2025-04-16 15:20:00,1,3231.07,3306.22,0.16,1201.2799999999943,932.4649566987051,NEWS,strong_close,1.288284338591126
2025-04-16 01:30:00,2025-04-16 15:20:00,1,3234.88,3306.22,0.39,2779.529999999988,975.3900000000021,NEWS,inside,2.8496601359456033
2025-04-16 04:00:00,2025-04-16 15:20:00,1,3264.6600000000003,3306.22,0.18,746.8199999999908,976.3732477060681,NEWS,trendH4,0.7648919117300692
2025-04-16 08:00:00,2025-04-16 15:20:00,1,3283.97,3306.22,0.17,377.06,930.3302750251664,NEWS,trendH4,0.4052969253202043
2025-04-16 10:15:00,2025-04-16 15:20:00,1,3297.31,3306.22,0.16,141.43999999999767,932.4649566987051,NEWS,lw,0.15168398445851652
2025-04-16 12:00:00,2025-04-16 15:20:00,1,3307.2000000000003,3306.22,0.17,-17.85000000000804,941.6392612739081,NEWS,trendH4,-0.018956303899074316
2025-04-16 18:15:00,2025-04-16 23:45:00,1,3309.4800000000005,3339.14,0.17,503.0299999999898,990.7440164923742,TIME,tday,0.5077295362135166
2025-04-17 04:00:00,2025-04-17 17:32:00,1,3345.5000000000005,3292.037714272619,0.18,-963.5811430928695,962.6811430928625,SL,trendH4,-1.0009348889883887
2025-04-17 01:05:00,2025-04-17 17:35:00,1,3348.9600000000005,3286.785158763022,0.16,-995.9174597916546,995.1174597916548,SL,strong_close,-1.000803925197099
2025-04-21 15:15:00,2025-04-21 23:45:00,1,3402.87,3424.18,0.15,318.59999999999917,945.3567172293423,TIME,tday900,0.33701564096752196
2025-04-21 10:15:00,2025-04-22 11:17:00,1,3394.02,3468.91,0.15,1110.377999999998,945.3567172293423,TIME,lw,1.1745598034721765
2025-04-16 20:00:00,2025-04-23 01:00:00,1,3327.56,3333.492125005935,0.18,19.67985010683317,1000.4272499643903,SL,trendH4,0.01967144548245129
2025-04-21 04:00:00,2025-04-23 01:00:00,1,3369.03,3329.2771677602323,0.17,-704.0113480760551,968.7327160253501,SL,trendH4,-0.7267343576095683
2025-04-21 08:00:00,2025-04-23 01:00:00,1,3376.73,3332.4233093722205,0.17,-781.4269406722518,950.904580224083,SL,trendH4,-0.8217721913676204
2025-04-21 12:00:00,2025-04-23 01:00:00,1,3393.03,3337.8737146345366,0.18,-1022.6859365783455,993.1731365783425,SL,trendH4,-1.029715664784974
2025-04-23 16:30:00,2025-04-24 04:39:00,-1,3299.8999999999996,3366.2530536794693,0.14,-915.4705515125754,989.9685010083759,SL,lw,-0.9247471516316758
2025-04-24 14:30:00,2025-04-25 15:32:00,1,3341.77,3295.75,0.13,-609.5023999999997,971.1895748490584,TIME,lw,-0.6275833429273869
2025-04-25 01:05:00,2025-04-25 23:00:00,1,3345.4000000000005,3304.76,0.08,-325.6800000000026,900.2424927277643,TIME,friday,-0.36176919289066384
2025-04-25 23:05:00,2025-04-25 23:55:00,1,3305.88,3316.19,0.36,368.63999999999805,985.312045050948,TIME,fri_close,0.3741352821693524
2025-04-28 10:30:00,2025-04-29 11:32:00,-1,3279.95,3320.0699999999997,0.12,-478.15079999999864,926.7137432472094,TIME,lw,-0.5159638599127233
2025-04-29 13:00:00,2025-04-29 16:50:00,-1,3309.0,3301.42,0.12,90.11999999999911,933.4884758724088,NEWS,lw,0.09654109539571532
2025-04-30 11:15:00,2025-04-30 15:05:00,-1,3284.97,3267.98,0.13,219.9599999999972,984.4520977526017,NEWS,lw,0.22343392888505414
2025-05-01 01:10:00,2025-05-01 16:50:00,1,3285.26,3223.62,0.06,-370.260000000002,895.8617980736586,NEWS,tom,-0.41330035592114717
2025-05-02 01:05:00,2025-05-02 15:20:00,1,3239.37,3261.92,0.08,179.84000000000145,907.6073839255404,NEWS,friday,0.19814735224185376
2025-05-02 18:15:00,2025-05-02 23:45:00,1,3263.4700000000003,3239.39,0.13,-313.950000000005,983.5446659193354,TIME,tday,-0.31920258517852945
2025-05-02 23:05:00,2025-05-02 23:55:00,1,3233.87,3240.85,0.34,234.94000000000065,961.1800712011762,TIME,fri_close,0.24442870492143964
2025-05-05 06:00:00,2025-05-05 16:50:00,1,3270.3,3317.87,0.2,949.9999999999943,946.2000000000048,NEWS,inside,1.004016064257017
2025-05-05 10:15:00,2025-05-05 16:50:00,1,3262.11,3317.87,0.13,723.9699999999971,956.4329040679542,NEWS,lw,0.7569480273219032
2025-05-05 15:15:00,2025-05-05 16:50:00,1,3316.4100000000003,3317.87,0.13,18.06999999999456,956.4329040679542,NEWS,tday900,0.01889311829730891
2025-05-05 18:15:00,2025-05-05 23:45:00,1,3312.09,3332.49,0.13,264.28999999999525,956.4329040679542,TIME,tday,0.2763288453125171
2025-05-06 01:05:00,2025-05-06 23:45:00,1,3333.61,3427.84,0.13,1224.0800000000002,980.9455537773862,TIME,strong_close,1.247857228453059
2025-05-06 15:15:00,2025-05-06 23:45:00,1,3377.8300000000004,3427.84,0.13,649.219999999997,980.9455537773862,TIME,tday900,0.6618308197636519
2025-05-06 18:15:00,2025-05-06 23:45:00,1,3395.34,3427.84,0.13,421.59000000000003,980.9455537773862,TIME,tday,0.42977920474439996
2025-05-06 11:15:00,2025-05-07 12:17:00,1,3378.18,3382.37,0.13,43.22760000000071,980.9455537773862,TIME,lw,0.044067277570647614
2025-05-07 01:05:00,2025-05-07 20:50:00,1,3416.9900000000002,3386.71,0.12,-364.2000000000024,936.4333318091881,NEWS,strong_close,-0.3889225080191971
2025-05-08 13:00:00,2025-05-09 14:02:00,-1,3331.97,3324.91,0.12,88.00919999999934,936.5909509656743,TIME,lw,0.0939675958957934
2025-05-09 15:15:00,2025-05-09 23:45:00,1,3334.81,3328.93,0.12,-71.40000000000131,977.7430258966979,TIME,tday900,-0.07302532271658974
2025-05-09 18:15:00,2025-05-09 23:45:00,1,3340.88,3328.93,0.12,-144.24000000000325,977.7430258966979,TIME,tday,-0.14752342505099364
2025-05-09 23:05:00,2025-05-09 23:55:00,1,3328.35,3324.92,0.48,-167.99999999999213,1000.2499214405954,TIME,fri_close,-0.1679580236887523
2025-05-12 10:15:00,2025-05-13 11:17:00,-1,3246.3399999999997,3259.0699999999997,0.12,-149.47080000000022,970.4156669040767,TIME,lw,-0.15402760394095644
2025-05-14 10:15:00,2025-05-15 11:17:00,-1,3226.83,3148.43,0.12,952.347600000001,974.1690189121889,TIME,lw,0.9775999662393751
2025-05-15 10:45:00,2025-05-15 15:20:00,-1,3132.2,3179.49,0.12,-568.3199999999996,981.0255175613183,NEWS,lw,-0.5793121481821977
2025-05-15 18:15:00,2025-05-15 23:45:00,1,3209.57,3236.85,0.12,326.51999999999697,981.0255175613183,TIME,tday,0.33283537905484506
2025-05-16 01:05:00,2025-05-16 23:00:00,1,3241.95,3192.57,0.07,-346.14999999999765,886.8007330185713,TIME,friday,-0.3903357170463103
2025-05-16 23:05:00,2025-05-16 23:55:00,1,3197.9900000000002,3201.29,0.44,142.11999999998798,991.68138615687,TIME,fri_close,0.1433121585056217
2025-05-20 10:15:00,2025-05-20 22:47:00,-1,3210.4399999999996,3293.2410320117287,0.12,-994.4523841407497,993.8523841407498,SL,lw,-1.000603711385689
2025-05-21 01:05:00,2025-05-21 23:45:00,1,3292.67,3315.64,0.12,274.7999999999976,1001.017213844982,TIME,strong_close,0.2745207536886107
2025-05-22 04:15:00,2025-05-22 14:00:00,1,3327.47,3285.5799999999995,0.23,-965.0800000000075,963.9300000000034,SL,nr7,-1.0011930326891
2025-05-23 01:05:00,2025-05-23 23:00:00,1,3297.62,3360.71,0.08,504.16000000000116,951.1570874479694,TIME,friday,0.5300491439880901
2025-05-23 15:15:00,2025-05-23 23:45:00,1,3350.05,3358.0,0.12,94.5599999999978,951.4370874479694,TIME,tday900,0.09938649780158895
2025-05-23 18:15:00,2025-05-23 23:45:00,1,3357.28,3358.0,0.12,7.799999999997599,951.4370874479694,TIME,tday,0.008198124818656654
2025-05-23 23:05:00,2025-05-23 23:55:00,1,3361.2400000000002,3359.86,0.48,-69.60000000000524,993.6487235225899,TIME,fri_close,-0.07004487436290953
2025-05-23 10:15:00,2025-05-23 23:57:00,1,3330.26,3358.22,0.12,334.679999999995,951.4370874479694,EOD,lw,0.35176261721907853
2025-05-26 01:05:00,2025-05-27 03:30:00,1,3352.03,3344.31,0.12,-103.01760000000306,951.1230097731145,TIME,strong_close,-0.10831154218903544
2025-05-27 10:15:00,2025-05-28 11:17:00,-1,3308.87,3323.85,0.13,-191.17670000000024,989.0430276884304,TIME,lw,-0.1932946238414058
2025-05-29 18:15:00,2025-05-29 23:45:00,1,3316.5,3316.68,0.13,1.4299999999978716,953.9459269354326,TIME,tday,0.0014990367479127153
2025-05-30 01:05:00,2025-05-30 23:00:00,1,3317.92,3294.89,0.08,-184.8000000000016,890.8879373732278,TIME,friday,-0.2074334966807185
2025-05-30 23:05:00,2025-05-30 23:55:00,1,3294.7400000000002,3290.98,0.53,-202.99000000001158,999.0201669017002,TIME,fri_close,-0.2031890913969758
2025-06-02 01:10:00,2025-06-02 16:50:00,1,3308.45,3365.78,0.06,343.5600000000022,871.0473704179972,NEWS,tom,0.39442171765599277
2025-06-02 09:00:00,2025-06-02 16:50:00,1,3323.92,3365.78,0.19,794.0100000000024,992.3699999999973,NEWS,inside,0.8001148765077588
2025-06-02 10:15:00,2025-06-02 16:50:00,1,3351.57,3365.78,0.13,183.82000000000048,944.0896512861636,NEWS,lw,0.19470608511551482
2025-06-02 15:15:00,2025-06-02 16:50:00,1,3358.05,3365.78,0.13,99.58000000000024,944.0896512861636,NEWS,tday900,0.10547727100317138
2025-06-02 18:15:00,2025-06-02 23:45:00,1,3374.98,3380.71,0.13,73.58000000000024,944.0896512861636,TIME,tday,0.07793751356109013
2025-06-03 01:05:00,2025-06-03 16:50:00,1,3385.04,3344.08,0.13,-533.3900000000004,963.9961047657233,NEWS,strong_close,-0.5533113643956356
2025-06-04 17:45:00,2025-06-05 18:47:00,1,3382.89,3345.6,0.13,-516.6771999999995,949.9992401396,TIME,lw,-0.5438711718591218
2025-06-05 12:30:00,2025-06-05 18:47:00,1,3388.05,3343.8199999999997,0.22,-974.6000000000104,973.5000000000064,SL,inside,-1.001129943502829
2025-06-05 15:15:00,2025-06-05 23:45:00,1,3396.22,3354.04,0.14,-591.4999999999977,991.0292401396001,TIME,tday900,-0.5968542360230227
2025-06-05 13:15:00,2025-06-06 14:17:00,1,3391.52,3361.88,0.14,-427.0671999999983,991.0292401396001,TIME,lw,-0.4309329964268663
2025-06-06 01:05:00,2025-06-06 15:20:00,1,3356.15,3358.17,0.09,17.549999999999837,948.6785287984683,NEWS,friday,0.01849941731286727
2025-06-06 17:30:00,2025-06-06 23:57:00,-1,3323.95,3312.55,0.14,158.61999999999495,984.1414372724857,EOD,lw,0.16117602002371206
2025-06-10 16:30:00,2025-06-11 15:20:00,1,3346.06,3337.91,0.14,-126.2072000000013,956.9259331584188,NEWS,lw,-0.13188815939332238
2025-06-11 11:00:00,2025-06-11 15:20:00,1,3345.91,3337.91,0.14,-112.98000000000002,935.9640807899606,NEWS,lw,-0.12070976046927363
2025-06-12 01:05:00,2025-06-12 15:20:00,1,3357.94,3379.64,0.15,324.44999999999726,979.6494681328686,NEWS,strong_close,0.33118989041904173
2025-06-12 13:30:00,2025-06-12 15:20:00,1,3379.7400000000002,3379.64,0.15,-2.550000000005457,979.6494681328686,NEWS,lw,-0.0026029718618288513
2025-06-13 01:05:00,2025-06-13 23:00:00,1,3384.16,3432.31,0.1,480.8000000000009,974.2530775519499,TIME,friday,0.4935062675995122
2025-06-13 23:05:00,2025-06-13 23:55:00,1,3429.82,3432.66,0.47000000000000003,130.18999999998547,991.6972404855392,TIME,fri_close,0.1312799861540846
2025-06-13 10:15:00,2025-06-13 23:57:00,1,3413.27,3434.15,0.15,312.1500000000016,974.6030775519498,EOD,lw,0.32028423384838217
2025-06-16 01:05:00,2025-06-16 23:45:00,1,3441.27,3383.78,0.15,-863.3999999999966,976.8814291553822,TIME,strong_close,-0.8838329547798832
2025-06-19 10:30:00,2025-06-20 15:15:00,-1,3352.96,3348.24,0.16,79.90560000000407,985.3645869210399,TIME,lw,0.08109242108008408
2025-06-20 10:15:00,2025-06-20 23:57:00,-1,3353.06,3368.7400000000002,0.16,-252.00000000000466,961.3928307123947,EOD,lw,-0.26211969961672377
2025-06-23 01:05:00,2025-06-23 23:45:00,1,3383.86,3370.8,0.17,-223.20999999999907,990.0577481582108,TIME,strong_close,-0.22545149554683372
2025-06-23 01:30:00,2025-06-24 02:32:00,1,3375.91,3351.21,0.28,-715.8143999999951,991.4799999999915,TIME,nr7,-0.7219655464558047
2025-06-24 10:15:00,2025-06-24 16:50:00,-1,3321.71,3298.0499999999997,0.17,401.0300000000053,980.3450518611958,NEWS,lw,0.4090702546400836
2025-06-26 01:05:00,2025-06-26 15:20:00,1,3334.23,3334.97,0.17,11.389999999996292,959.7196620639904,NEWS,strong_close,0.011868049025379716
2025-06-26 02:45:00,2025-06-26 15:20:00,1,3338.02,3334.97,0.38,-118.56000000000691,984.1999999999972,NEWS,inside,-0.12046332046332782
2025-06-26 10:15:00,2025-06-26 15:20:00,1,3343.44,3334.97,0.17,-145.18000000000436,959.7196620639904,NEWS,lw,-0.1512733413086251
2025-06-27 01:05:00,2025-06-27 23:00:00,1,3325.46,3270.6,0.11,-604.2300000000014,912.2220693812015,TIME,friday,-0.6623716091520082
2025-06-27 23:05:00,2025-06-27 23:55:00,1,3271.85,3274.46,0.49,124.46000000000623,975.1423468406081,TIME,fri_close,0.12763264809824718
2025-07-01 01:05:00,2025-07-01 16:50:00,1,3304.27,3348.96,0.17,758.5400000000009,966.6537199542953,NEWS,strong_close,0.7847070614240906
2025-07-01 01:07:00,2025-07-01 16:50:00,1,3304.09,3348.96,0.08,358.3999999999991,454.895868213786,NEWS,season,0.7878726210622845
2025-07-01 01:10:00,2025-07-01 16:50:00,1,3302.78,3348.96,0.08,368.8799999999987,909.2317364275721,NEWS,tom,0.4057051521863404
2025-07-01 10:15:00,2025-07-01 16:50:00,1,3336.47,3348.96,0.17,211.14000000000405,966.6537199542953,NEWS,lw,0.21842361503557556
2025-07-01 15:15:00,2025-07-01 16:50:00,1,3350.73,3348.96,0.17,-31.279999999999696,966.6537199542953,NEWS,tday900,-0.03235905407934359
2025-07-02 01:07:00,2025-07-02 15:05:00,1,3340.03,3342.02,0.08,15.359999999998255,454.2547347699439,NEWS,season,0.03381362663787596
2025-07-03 01:05:00,2025-07-03 15:20:00,1,3359.67,3350.3,0.18,-169.91999999999803,990.9307851443474,NEWS,strong_close,-0.1714751449317886
2025-07-03 01:07:00,2025-07-03 15:20:00,1,3359.36,3350.3,0.09,-82.1699999999995,495.4653925721737,NEWS,season,-0.1658440755537329
2025-07-04 01:05:00,2025-07-04 19:45:00,1,3324.95,3334.97,0.12,119.39999999999976,989.3900147768942,EOD,friday,0.12068041744581813
2025-07-04 01:07:00,2025-07-04 19:45:00,1,3325.82,3334.97,0.09,81.71999999999673,494.9050073884471,EOD,season,0.1651225968216065
2025-07-07 01:07:00,2025-07-07 23:47:00,1,3339.75,3336.81,0.09,-27.090000000000487,473.3953640035581,TIME,season,-0.057224895002978685
2025-07-08 01:07:00,2025-07-08 18:08:00,1,3343.8,3291.670478317093,0.09,-469.7956951461641,469.34569514616106,SL,season,-1.0009587815647545
2025-07-08 01:05:00,2025-07-08 18:11:00,1,3340.9,3288.770478317093,0.19,-991.7909119752355,990.840911975229,SL,strong_close,-1.0009587815647547
2025-07-09 01:07:00,2025-07-09 23:47:00,1,3302.8,3312.99,0.09,91.0799999999964,473.63385977857814,TIME,season,0.19230044077206795
2025-07-10 01:05:00,2025-07-10 23:45:00,1,3315.94,3324.05,0.19,152.7600000000024,974.9141536929271,TIME,strong_close,0.1566907193021611
2025-07-10 01:07:00,2025-07-10 23:47:00,1,3316.36,3323.63,0.09,64.79999999999984,461.8014412229655,TIME,season,0.14032004713626114
2025-07-10 12:00:00,2025-07-11 13:02:00,1,3328.86,3340.85,0.19,211.37879999999583,974.9141536929271,TIME,lw,0.21681785950004243
2025-07-11 01:05:00,2025-07-11 23:00:00,1,3325.9,3356.38,0.13,395.3300000000002,956.8369472223952,TIME,friday,0.41316339335307317
2025-07-11 15:15:00,2025-07-11 23:45:00,1,3345.09,3357.91,0.2,254.99999999999417,981.837894587072,TIME,tday900,0.2597170076708422
2025-07-11 18:15:00,2025-07-11 23:45:00,1,3365.41,3357.91,0.2,-151.4,981.837894587072,TIME,tday,-0.154200607691633
2025-07-11 01:07:00,2025-07-11 23:47:00,1,3325.66,3357.29,0.1,315.6000000000011,490.918947293536,TIME,season,0.6428759813405488
2025-07-11 23:05:00,2025-07-11 23:55:00,1,3356.17,3357.54,0.68,88.39999999999257,984.1171224522427,TIME,fri_close,0.08982670658113913
2025-07-11 03:45:00,2025-07-11 23:57:00,1,3336.07,3355.65,0.38,741.3799999999973,979.6400000000014,EOD,nr7,0.7567882079131071
2025-07-11 10:15:00,2025-07-11 23:57:00,1,3333.87,3355.65,0.2,434.200000000004,981.837894587072,EOD,lw,0.4422318616889542
2025-07-14 01:07:00,2025-07-14 23:47:00,1,3360.68,3342.02,0.1,-187.29999999999853,489.4104510582833,TIME,season,-0.38270535415618495
2025-07-15 01:07:00,2025-07-15 15:20:00,1,3342.69,3350.81,0.1,80.49999999999892,478.73827598269156,NEWS,season,0.16815033190057554
2025-07-15 10:15:00,2025-07-15 15:20:00,1,3360.7,3350.81,0.2,-199.19999999999746,957.4765519653831,NEWS,lw,-0.20804687027698554
2025-07-16 01:07:00,2025-07-16 15:20:00,1,3327.63,3335.04,0.1,73.39999999999854,477.49982769821366,NEWS,season,0.1537173329544913
2025-07-16 18:15:00,2025-07-16 23:45:00,1,3348.86,3347.29,0.2,-32.80000000000327,954.9996553964273,TIME,tday,-0.03434556213152533
2025-07-17 01:07:00,2025-07-17 15:20:00,1,3350.22,3324.59,0.1,-256.99999999999653,484.72841143405543,NEWS,season,-0.5301938032467898
2025-07-18 01:05:00,2025-07-18 23:00:00,1,3341.79,3348.23,0.13,82.81000000000071,936.3903735609503,TIME,friday,0.0884353388695004
2025-07-18 01:07:00,2025-07-18 23:47:00,1,3340.41,3351.63,0.1,111.50000000000254,480.4335249030514,TIME,season,0.23208205551954886
2025-07-18 23:05:00,2025-07-18 23:55:00,1,3348.28,3350.7,0.98,230.29999999996255,990.6821336072429,TIME,fri_close,0.23246608794831183
2025-07-18 15:15:00,2025-07-18 23:57:00,1,3359.6000000000004,3350.33,0.2,-186.80000000000874,960.8670498061028,EOD,lw,-0.19440774874911554
2025-07-21 15:15:00,2025-07-21 23:45:00,1,3376.1400000000003,3397.96,0.21,456.74999999999386,981.0353735609501,TIME,tday900,0.46557954209346025
2025-07-21 18:15:00,2025-07-21 23:45:00,1,3396.8500000000004,3397.96,0.21,21.839999999993122,981.0353735609501,TIME,tday,0.022262194196646098
2025-07-21 01:07:00,2025-07-21 23:47:00,1,3350.1800000000003,3397.89,0.1,476.3999999999958,467.15970169569056,TIME,season,1.01977974185437
2025-07-21 10:15:00,2025-07-22 11:17:00,1,3368.3700000000003,3387.27,0.21,378.7391999999923,981.0353735609501,TIME,lw,0.3860606968994904
2025-07-22 01:05:00,2025-07-22 23:45:00,1,3399.23,3428.68,0.21,616.9799999999962,998.3664183065963,TIME,strong_close,0.6179895363933634
2025-07-22 18:15:00,2025-07-22 23:45:00,1,3428.2700000000004,3428.68,0.21,7.139999999987395,998.3664183065963,TIME,tday,0.007151682858181549
2025-07-22 01:07:00,2025-07-22 23:47:00,1,3399.1000000000004,3428.31,0.1,291.3999999999959,475.4125801459983,TIME,season,0.6129412896699273
2025-07-22 17:30:00,2025-07-23 18:32:00,1,3421.9300000000003,3412.55,0.21,-215.1408000000023,998.3664183065963,TIME,lw,-0.21549282513420137
2025-07-23 01:05:00,2025-07-23 19:21:00,1,3431.1000000000004,3383.3881175578717,0.21,-1003.4195312847012,1002.3695312846963,SL,strong_close,-1.001047517873632
2025-07-23 01:07:00,2025-07-23 19:21:00,1,3430.4300000000003,3382.7181175578717,0.1,-477.81882442128625,477.31882442128403,SL,season,-1.0010475178736318
2025-07-24 01:07:00,2025-07-24 23:47:00,1,3391.1200000000003,3368.12,0.1,-230.70000000000454,484.3460512483352,TIME,season,-0.47631233785308474
2025-07-25 01:05:00,2025-07-25 23:00:00,1,3369.6000000000004,3337.67,0.13,-416.00000000000387,935.1269570818071,TIME,friday,-0.4448593817658614
2025-07-25 01:07:00,2025-07-25 23:47:00,1,3368.78,3338.26,0.1,-305.8999999999998,479.78561901631133,TIME,season,-0.6375764255443431
2025-07-25 23:05:00,2025-07-25 23:55:00,1,3337.51,3336.57,0.85,-85.85000000000464,987.4195316071299,TIME,fri_close,-0.08694379364794888
2025-07-28 01:07:00,2025-07-28 23:47:00,1,3333.4100000000003,3316.71,0.1,-167.70000000000275,480.2080748008605,TIME,season,-0.34922361534538326
2025-07-29 01:07:00,2025-07-29 16:50:00,1,3312.88,3316.03,0.1,30.80000000000091,477.07892660079926,NEWS,season,0.06455954828994812
2025-07-30 01:07:00,2025-07-30 15:05:00,1,3326.8300000000004,3330.32,0.1,34.19999999999782,461.709003272171,NEWS,season,0.07407262963819096
2025-07-30 16:00:00,2025-07-30 20:50:00,-1,3313.29,3300.16,0.21,274.26000000000226,969.588906871559,NEWS,lw,0.2828621470979075
2025-07-31 01:07:00,2025-07-31 23:47:00,1,3277.6800000000003,3290.98,0.1,132.29999999999728,475.87978875273024,TIME,season,0.27801138675536624
2025-07-31 10:45:00,2025-08-01 11:47:00,1,3304.3500000000004,3290.34,0.2,-297.4960000000044,951.7595775054605,TIME,lw,-0.3125747373929606
2025-08-01 01:05:00,2025-08-01 15:20:00,1,3291.8,3302.6,0.14,150.21999999999622,988.9905880678241,NEWS,friday,0.15189224428665066
2025-08-01 01:07:00,2025-08-01 15:20:00,1,3290.82,3302.6,0.1,117.09999999999746,471.1812324132495,NEWS,season,0.24852432980033234
2025-08-01 01:10:00,2025-08-01 15:20:00,1,3291.3,3302.6,0.1,112.29999999999728,941.662464826499,NEWS,tom,0.11925716930926893
2025-08-01 23:05:00,2025-08-01 23:55:00,1,3359.91,3363.22,0.5,161.99999999999727,986.5265837598714,TIME,fri_close,0.1642125034102775
2025-08-04 01:05:00,2025-08-04 23:45:00,1,3364.4900000000002,3373.55,0.2,179.7999999999989,992.1222887674636,TIME,strong_close,0.18122765916625921
2025-08-04 01:07:00,2025-08-04 23:47:00,1,3363.56,3373.91,0.1,102.7999999999991,496.0611443837318,TIME,season,0.20723251793427586
2025-08-05 01:07:00,2025-08-05 16:50:00,1,3376.39,3377.37,0.1,9.100000000000183,489.4853483563224,NEWS,season,0.018590954827468725
2025-08-06 01:07:00,2025-08-06 23:47:00,1,3380.57,3367.84,0.1,-128.0000000000002,483.5292520451565,TIME,season,-0.2647202820896684
2025-08-07 01:07:00,2025-08-07 23:47:00,1,3374.76,3398.44,0.1,236.0999999999984,468.4057340419312,TIME,season,0.504050191620547
2025-08-07 09:45:00,2025-08-08 10:47:00,1,3385.65,3399.05,0.36,451.2672000000033,982.0800000000013,TIME,inside,0.4595014662756626
2025-08-07 10:15:00,2025-08-08 11:17:00,1,3388.15,3401.0,0.21,251.689199999998,983.6520414880555,TIME,lw,0.25587218791234956
2025-08-08 01:05:00,2025-08-08 23:00:00,1,3403.6,3398.51,0.14,-72.23999999999569,967.9661813817664,TIME,friday,-0.07463070651587587
2025-08-08 01:07:00,2025-08-08 23:47:00,1,3402.8100000000004,3397.65,0.1,-52.3000000000031,461.1696101817935,TIME,season,-0.11340729927842903
2025-08-08 23:05:00,2025-08-08 23:55:00,1,3397.9,3397.14,0.35000000000000003,-29.05000000000764,1000.1183289341166,TIME,fri_close,-0.029046562951173877
2025-08-11 01:07:00,2025-08-11 14:25:00,1,3397.16,3352.072107625976,0.11,-496.7368161142617,496.1868161142601,SL,season,-1.0011084534738524
2025-08-12 01:07:00,2025-08-12 15:20:00,1,3343.66,3343.74,0.1,0.09999999999927245,464.53757204450517,NEWS,season,0.00021526784057348953
2025-08-13 01:07:00,2025-08-13 23:47:00,1,3349.8,3356.11,0.11,68.6399999999994,496.63337715974427,TIME,season,0.13821060596561768
2025-08-13 11:45:00,2025-08-14 12:47:00,1,3360.22,3354.62,0.22,-177.196799999998,993.2667543194885,TIME,lw,-0.17839799754638913
2025-08-14 01:07:00,2025-08-14 15:20:00,1,3357.3100000000004,3353.62,0.11,-41.360000000005606,483.28527879119116,NEWS,season,-0.08558092252148997
2025-08-15 01:05:00,2025-08-15 15:20:00,1,3336.7700000000004,3337.63,0.15,11.849999999995086,989.7889223793732,NEWS,friday,0.01197224956964424
2025-08-15 01:07:00,2025-08-15 15:20:00,1,3336.46,3337.63,0.11,12.1000000000008,484.15347316324915,NEWS,season,0.024992075180096593
2025-08-15 23:05:00,2025-08-15 23:55:00,1,3339.4,3336.05,0.96,-328.3199999999913,993.5651523650674,TIME,fri_close,-0.3304463720556859
2025-08-18 01:07:00,2025-08-18 23:47:00,1,3333.76,3332.86,0.11,-10.670000000001,462.59822508016015,TIME,season,-0.023065371680040657
2025-08-19 01:15:00,2025-08-19 09:10:00,1,3333.2200000000003,3337.74,0.44,195.79999999997918,995.2547807202606,TIME,drift,0.1967335438050142
2025-08-18 10:15:00,2025-08-19 11:17:00,1,3353.9300000000003,3337.44,0.23,-399.16040000000544,967.2508342585168,TIME,lw,-0.4126751674564304
2025-08-19 01:07:00,2025-08-19 23:47:00,1,3333.86,3315.33,0.12,-223.20000000000238,498.5374228084739,TIME,season,-0.44770961975657037
2025-08-20 01:15:00,2025-08-20 09:10:00,1,3316.8700000000003,3324.38,0.42,312.47999999999007,993.3128239900128,TIME,drift,0.3145836764140396
2025-08-20 01:07:00,2025-08-20 23:47:00,1,3317.61,3348.53,0.12,370.2000000000009,488.97617832215434,TIME,season,0.7570920965317464
2025-08-21 01:15:00,2025-08-21 09:10:00,1,3351.0600000000004,3338.5,0.45,-568.350000000018,997.367424007275,TIME,drift,-0.5698501738872437
2025-08-20 14:15:00,2025-08-21 15:17:00,1,3329.2000000000003,3341.5,0.24,236.29439999999346,977.9523566443087,TIME,lw,0.24162158656767382
2025-08-21 01:05:00,2025-08-21 23:45:00,1,3351.34,3338.35,0.24,-313.4400000000057,974.6129025982866,TIME,strong_close,-0.32160460749532943
2025-08-21 01:07:00,2025-08-21 23:47:00,1,3352.2000000000003,3338.01,0.12,-171.12000000000066,487.3064512991433,TIME,season,-0.35115480113961195
2025-08-22 01:15:00,2025-08-22 09:10:00,1,3339.38,3329.95,0.41000000000000003,-389.500000000012,982.4744775429134,TIME,drift,-0.39644795758371143
2025-08-22 01:05:00,2025-08-22 23:00:00,1,3340.26,3373.16,0.16,525.2799999999942,950.6891238412669,TIME,friday,0.5525255173611288
2025-08-22 18:15:00,2025-08-22 23:45:00,1,3376.7200000000003,3371.72,0.25,-126.75000000001137,990.8845040013196,TIME,tday,-0.1279160179497999
2025-08-22 01:07:00,2025-08-22 23:47:00,1,3338.8900000000003,3371.94,0.12,395.75999999999675,475.62456192063337,TIME,season,0.8320848662690312
2025-08-22 23:05:00,2025-08-22 23:55:00,1,3372.7200000000003,3371.92,0.72,-62.640000000013096,989.3616715000143,TIME,fri_close,-0.06331355034710599
2025-08-25 01:05:00,2025-08-25 23:45:00,1,3368.88,3364.74,0.24,-101.04000000000786,981.7370435668911,TIME,strong_close,-0.1029196164717436
2025-08-25 01:07:00,2025-08-25 23:47:00,1,3368.4300000000003,3364.32,0.12,-50.160000000001524,490.86852178344554,TIME,season,-0.10218622253013487
2025-08-26 01:15:00,2025-08-26 09:10:00,1,3365.4100000000003,3375.82,0.48,496.319999999993,990.2451770310761,TIME,drift,0.5012092070855069
2025-08-26 15:15:00,2025-08-26 23:45:00,1,3378.1800000000003,3391.08,0.25,320.7499999999909,979.0968427358321,TIME,tday900,0.3275978289376751
2025-08-26 18:15:00,2025-08-26 23:45:00,1,3381.66,3391.08,0.25,233.75000000000182,979.0968427358321,TIME,tday,0.2387404287269971
2025-08-26 01:07:00,2025-08-26 23:47:00,1,3366.5000000000005,3391.07,0.12,293.99999999999653,469.96648451319936,TIME,season,0.6255765244717985
2025-08-27 01:15:00,2025-08-27 09:10:00,1,3389.69,3378.48,0.34,-383.5200000000013,976.3891202562727,TIME,drift,-0.3927942170221426
2025-08-26 10:45:00,2025-08-27 11:47:00,1,3377.82,3383.47,0.25,119.6299999999909,979.0968427358321,TIME,lw,0.12218403203682682
2025-08-27 01:05:00,2025-08-27 23:45:00,1,3390.8,3396.39,0.25,137.99999999999227,984.6613539689869,TIME,strong_close,0.1401497067430746
2025-08-27 01:07:00,2025-08-27 23:47:00,1,3390.81,3396.28,0.12,64.80000000000305,472.63744990511367,TIME,season,0.1371029739878045
2025-08-28 01:15:00,2025-08-28 09:10:00,1,3397.18,3391.44,0.41000000000000003,-238.20999999999108,989.1078972419638,TIME,drift,-0.2408331797412777
2025-08-28 01:05:00,2025-08-28 15:20:00,1,3398.29,3408.08,0.26,252.71999999999906,997.4601075471932,NEWS,strong_close,0.2533635160823131
2025-08-28 01:07:00,2025-08-28 15:20:00,1,3397.93,3408.08,0.13,131.04000000000119,498.7300537735966,NEWS,season,0.26274735001129107
2025-08-28 18:15:00,2025-08-28 23:45:00,1,3411.84,3416.67,0.26,123.75999999999812,997.4601075471932,TIME,tday,0.12407513750532886
2025-08-29 01:15:00,2025-08-29 09:10:00,1,3417.37,3411.51,0.38,-225.33999999998755,992.9865235989115,TIME,drift,-0.22693157927590082
2025-08-28 17:15:00,2025-08-29 18:17:00,1,3411.79,3444.84,0.26,836.8152000000048,997.4601075471932,TIME,lw,0.8389460326967635
2025-08-29 01:05:00,2025-08-29 23:00:00,1,3417.1800000000003,3452.57,0.17,600.4399999999978,978.1861693733363,TIME,friday,0.6138299832890326
2025-08-29 18:15:00,2025-08-29 23:45:00,1,3442.49,3449.35,0.26,176.54000000000332,997.9729570081075,TIME,tday,0.17689858102895378
2025-08-29 01:07:00,2025-08-29 23:47:00,1,3417.2,3448.18,0.13,401.83000000000027,498.98647850405376,TIME,season,0.8052923622393022
2025-08-29 23:05:00,2025-08-29 23:55:00,1,3447.58,3448.08,0.67,28.81,997.5168928073052,TIME,fri_close,0.02888171639772456
2025-08-29 17:15:00,2025-08-29 23:57:00,1,3435.45,3448.85,0.26,346.5800000000024,997.9729570081075,EOD,lw,0.34728395951633667
2025-08-29 20:00:00,2025-08-29 23:57:00,1,3449.39,3448.85,0.36,-21.95999999999869,980.2902560742583,EOD,trendH4,-0.022401528388072838
2025-09-01 01:05:00,2025-09-02 03:30:00,1,3446.13,3483.14,0.25,903.6299999999941,979.582997328667,TIME,strong_close,0.9224639489090791
2025-09-01 18:15:00,2025-09-02 03:30:00,1,3478.61,3483.14,0.25,91.62999999999363,979.582997328667,TIME,tday,0.09353980239537597
2025-09-01 10:15:00,2025-09-02 14:00:00,1,3475.94,3485.62,0.25,220.3799999999959,979.582997328667,TIME,lw,0.22497328005995862
2025-09-01 01:10:00,2025-09-02 16:50:00,1,3443.62,3487.7,0.12,518.5823999999991,939.5596774355204,NEWS,tom,0.5519419494623726
2025-09-01 08:00:00,2025-09-02 16:50:00,1,3475.32,3487.7,0.33,380.00159999998857,1002.8487730265288,NEWS,trendH4,0.3789221368374115
2025-09-02 08:00:00,2025-09-02 16:50:00,1,3496.93,3487.7,0.33,-306.9000000000006,1004.2055851942537,NEWS,trendH4,-0.3056147112950321
2025-09-02 18:15:00,2025-09-02 23:45:00,1,3511.91,3534.92,0.25,573.5000000000055,1004.023497519476,TIME,tday,0.5712017710909009
2025-09-03 01:15:00,2025-09-03 09:10:00,1,3533.55,3531.22,0.24,-57.60000000000916,1004.360200710019,TIME,drift,-0.05734994273895921
2025-09-02 17:30:00,2025-09-03 16:50:00,1,3502.53,3552.85,0.25,1236.3799999999928,1004.023497519476,NEWS,lw,1.2314253631061156
2025-09-02 20:00:00,2025-09-03 16:50:00,1,3527.96,3552.85,0.28,672.7055999999965,994.6939077565419,NEWS,trendH4,0.6762940787656314
2025-09-03 01:05:00,2025-09-03 16:50:00,1,3533.16,3552.85,0.24,470.8800000000013,1014.8780892173613,NEWS,strong_close,0.4639769101361993
2025-09-03 15:15:00,2025-09-03 16:50:00,1,3546.01,3552.85,0.24,162.47999999999257,1014.8780892173613,NEWS,tday900,0.16009804697359414
2025-09-03 16:00:00,2025-09-03 16:50:00,1,3550.8,3552.85,0.28,55.43999999999237,993.7151340818949,NEWS,trendH4,0.05579063667095503
2025-09-03 16:30:00,2025-09-03 16:50:00,1,3560.6,3552.85,0.02,-15.64,84.57317410144678,NEWS,lw,-0.184928615558872
2025-09-03 18:15:00,2025-09-03 23:45:00,1,3563.62,3562.22,0.24,-35.28000000000218,1014.8780892173613,TIME,tday,-0.0347627960193809
2025-09-03 20:00:00,2025-09-04 05:45:00,1,3572.69,3536.67716509365,0.28,-1077.0825773778067,1008.9193773777996,SL,trendH4,-1.0675606014993633
2025-09-04 01:15:00,2025-09-04 06:12:00,1,3560.38,3521.098513835727,0.26,-1023.1386402711046,1021.8386402711004,SL,drift,-1.001272216521054
2025-09-04 10:15:00,2025-09-04 15:05:00,-1,3537.0699999999997,3547.0,0.23,-230.00000000000674,988.877823440449,NEWS,lw,-0.23258687225870175
2025-09-05 01:15:00,2025-09-05 09:10:00,1,3540.8,3554.46,0.25,339.74999999999636,1018.3086797453914,TIME,drift,0.33364146526271815
2025-09-05 01:05:00,2025-09-05 15:20:00,1,3545.63,3551.89,0.15,92.84999999999646,982.5818737774266,NEWS,friday,0.09449594224962136
2025-09-05 18:15:00,2025-09-05 23:45:00,1,3584.5,3589.79,0.23,120.05999999999916,1004.9536931947026,TIME,tday,0.11946819123409938
2025-09-05 23:05:00,2025-09-05 23:55:00,1,3589.83,3587.34,0.52,-133.11999999998864,1014.2436029041302,TIME,fri_close,-0.1312505197161905
2025-09-05 16:00:00,2025-09-05 23:57:00,1,3580.58,3586.66,0.25,150.24999999999818,991.2799622283937,EOD,trendH4,0.15157171104542125
2025-09-05 20:00:00,2025-09-05 23:57:00,1,3595.39,3586.66,0.25,-220.00000000000045,1008.8034641169745,EOD,trendH4,-0.21808013931888187
2025-09-08 15:15:00,2025-09-08 23:45:00,1,3618.03,3637.1,0.22,417.99999999999363,987.0886219058538,TIME,tday900,0.4234675496440496
2025-09-08 18:15:00,2025-09-08 23:45:00,1,3645.7400000000002,3637.1,0.22,-191.6200000000072,987.0886219058538,TIME,tday,-0.19412643986315087
2025-09-08 10:30:00,2025-09-09 11:32:00,1,3609.18,3645.4,0.22,777.8144000000057,987.0886219058538,TIME,lw,0.7879884163776653
2025-09-09 01:05:00,2025-09-09 23:45:00,1,3636.38,3628.56,0.17,-134.13000000000278,791.2888488350443,TIME,strong_close,-0.169508265151812
2025-09-09 15:15:00,2025-09-09 23:45:00,1,3654.68,3628.56,0.22,-576.1799999999976,1024.0208631982925,TIME,tday900,-0.5626643174050502
2025-09-08 12:00:00,2025-09-10 15:20:00,1,3611.43,3649.9,0.25,920.2600000000064,1019.8009374824244,NEWS,trendH4,0.9023917964537725
2025-09-08 16:00:00,2025-09-10 15:20:00,1,3624.46,3649.9,0.25,594.5100000000014,1012.0983906083037,NEWS,trendH4,0.5874033646498358
2025-09-08 20:00:00,2025-09-10 15:20:00,1,3640.87,3649.9,0.25,184.260000000005,1026.8309710778883,NEWS,trendH4,0.17944530812757137
2025-09-09 16:45:00,2025-09-10 15:20:00,1,3663.86,3649.9,0.16,-237.1968000000006,744.7424459623945,NEWS,lw,-0.3184950734122354
2025-09-10 10:15:00,2025-09-10 15:20:00,1,3647.3,3649.9,0.22,55.659999999998,1025.8650872555575,NEWS,lw,0.05425664708885088
2025-09-11 01:15:00,2025-09-11 09:10:00,1,3640.2,3632.18,0.28,-226.51999999999953,1006.5525883829367,TIME,drift,-0.22504537032080174
2025-09-11 12:15:00,2025-09-11 15:20:00,-1,3618.6899999999996,3619.41,0.22,-17.3800000000056,1013.2618667373033,NEWS,lw,-0.017152525492713042
2025-09-12 01:15:00,2025-09-12 09:10:00,1,3637.07,3652.4,0.28,427.27999999999804,1030.16176035506,TIME,drift,0.41476981231833904
2025-09-12 01:05:00,2025-09-12 23:00:00,1,3636.19,3644.15,0.15,118.35000000000055,1019.6019351320166,TIME,friday,0.11607471104365524
2025-09-12 23:05:00,2025-09-12 23:55:00,1,3644.57,3643.39,0.9500000000000001,-118.75000000002767,1033.0154945912084,TIME,fri_close,-0.1149547132853222
2025-09-12 05:30:00,2025-09-12 23:57:00,1,3650.08,3642.77,0.28,-206.6399999999985,1028.1600000000026,EOD,nr7,-0.20098039215686078
2025-09-12 10:15:00,2025-09-12 23:57:00,1,3652.63,3642.77,0.22,-218.4600000000028,997.4574476846386,EOD,lw,-0.21901686182914967
2025-09-15 18:15:00,2025-09-15 23:45:00,1,3665.03,3681.25,0.23,371.4499999999954,1011.3209638237241,TIME,tday,0.36729190166845993
2025-09-16 01:15:00,2025-09-16 09:10:00,1,3678.02,3682.29,0.31,130.19999999999945,1017.1356176064609,TIME,drift,0.12800652906678078
2025-09-15 16:30:00,2025-09-16 15:20:00,1,3653.98,3695.44,0.23,933.6896000000008,1011.3209638237241,NEWS,lw,0.9232376598521154
2025-09-15 20:00:00,2025-09-16 15:20:00,1,3679.4,3695.44,0.28,424.905599999999,1026.8437180469066,NEWS,trendH4,0.41379773039677803
2025-09-16 01:05:00,2025-09-16 15:20:00,1,3680.03,3695.44,0.23,352.81999999999664,1036.0616092648866,NEWS,strong_close,0.3405395942142204
2025-09-16 04:00:00,2025-09-16 15:20:00,1,3686.59,3695.44,0.29,254.61999999999736,1010.0873539493797,NEWS,trendH4,0.2520772079805264
2025-09-16 12:00:00,2025-09-16 15:20:00,1,3694.4900000000002,3695.44,0.3,26.399999999994538,1035.8652020061884,NEWS,trendH4,0.02548594155770938
2025-09-17 01:15:00,2025-09-17 09:10:00,1,3691.63,3676.68,0.33,-495.660000000009,1026.8103022290848,TIME,drift,-0.4827181797104969
2025-09-17 10:15:00,2025-09-17 20:50:00,-1,3671.1299999999997,3686.08,0.23,-345.4600000000063,1008.6486371745382,NEWS,lw,-0.3424978602734456
2025-09-18 01:15:00,2025-09-18 09:10:00,1,3663.56,3641.28,0.22,-491.6999999999944,1044.2900114526915,TIME,drift,-0.47084621571358337
2025-09-18 16:45:00,2025-09-19 17:47:00,-1,3629.89,3665.6499999999996,0.23,-816.1756999999947,1037.3094488049285,TIME,lw,-0.7868198838256999
2025-09-19 18:15:00,2025-09-19 23:45:00,1,3672.39,3684.69,0.23,281.29000000000417,1037.259488176005,TIME,tday,0.2711857574758324
2025-09-19 23:05:00,2025-09-19 23:55:00,1,3683.13,3685.13,0.78,150.54,1038.957096512031,TIME,fri_close,0.14489529982074362
2025-09-22 01:05:00,2025-09-22 23:45:00,1,3688.2,3747.82,0.22,1310.1000000000076,1004.9868745911094,TIME,strong_close,1.3035991146979278
2025-09-22 15:15:00,2025-09-22 23:45:00,1,3721.12,3747.82,0.22,585.860000000006,1004.9868745911094,TIME,tday900,0.582952887059714
2025-09-22 18:15:00,2025-09-22 23:45:00,1,3725.39,3747.82,0.22,491.92000000000644,1004.9868745911094,TIME,tday,0.4894790294650861
2025-09-23 01:15:00,2025-09-23 09:10:00,1,3745.1,3755.34,0.14,142.38000000000335,468.89995438338445,TIME,drift,0.30364686255352
2025-09-22 10:15:00,2025-09-23 11:17:00,1,3711.64,3755.91,0.22,954.9143999999997,1004.9868745911094,TIME,lw,0.9501759914909512
2025-09-23 01:05:00,2025-09-23 23:45:00,1,3747.08,3763.88,0.22,368.060000000004,1035.517812120316,TIME,strong_close,0.355435701532133
2025-09-23 15:15:00,2025-09-23 23:45:00,1,3779.59,3763.88,0.22,-347.1600000000008,1035.517812120316,TIME,tday900,-0.33525256247322244
2025-09-24 01:15:00,2025-09-24 09:10:00,1,3764.33,3775.63,0.22,247.06000000000404,1043.0891843352122,TIME,drift,0.23685414795807877
2025-09-23 16:00:00,2025-09-24 18:34:00,1,3784.54,3745.910143178632,0.13,-513.4305386777822,502.44813867777833,SL,trendH4,-1.0218577782552936
2025-09-23 12:00:00,2025-09-24 19:43:00,1,3774.5,3735.6090980827707,0.27,-1073.40395176519,1050.5943517651824,SL,trendH4,-1.0217111389964009
2025-09-22 12:00:00,2025-09-25 15:20:00,1,3720.54,3753.43,0.27,778.8419999999967,1032.5945428068767,NEWS,trendH4,0.7542573272592449
2025-09-22 20:00:00,2025-09-25 15:20:00,1,3737.35,3753.43,0.26,312.9359999999981,1004.292996183828,NEWS,trendH4,0.31159830964580143
2025-09-26 01:15:00,2025-09-26 09:10:00,1,3746.71,3748.08,0.21,27.29999999999771,1041.414510828109,TIME,drift,0.02621434569630624
2025-09-26 01:05:00,2025-09-26 23:00:00,1,3747.5,3766.79,0.14,269.07999999999953,1006.6392671248849,TIME,friday,0.26730528878386894
2025-09-26 18:15:00,2025-09-26 23:45:00,1,3774.86,3762.64,0.22,-270.3800000000056,1055.087803654641,TIME,tday,-0.25626303238787923
2025-09-26 23:05:00,2025-09-26 23:55:00,1,3768.61,3761.35,0.5,-366.5000000000109,1041.0745118346579,TIME,fri_close,-0.35204012376994775
2025-09-26 16:15:00,2025-09-26 23:57:00,1,3764.66,3760.72,0.22,-88.2200000000012,1055.087803654641,EOD,lw,-0.08361389421280621
2025-09-29 15:15:00,2025-09-29 23:45:00,1,3824.72,3830.7,0.21,124.11000000000038,1009.14146233025,TIME,tday900,0.12298573057677453
2025-09-29 18:15:00,2025-09-29 23:45:00,1,3824.27,3830.7,0.21,133.55999999999656,1009.14146233025,TIME,tday,0.13235012630596674
2025-09-29 10:15:00,2025-09-30 11:17:00,1,3817.48,3838.06,0.21,414.0191999999984,1009.14146233025,TIME,lw,0.41026874373387623
2025-09-30 01:05:00,2025-09-30 12:46:00,1,3832.39,3796.4250050495243,0.21,-756.7348939599867,1053.6399293066602,SL,strong_close,-0.718210152170249
2025-09-30 04:00:00,2025-09-30 12:46:00,1,3839.27,3796.053179711685,0.19,-822.4495854779835,821.4995854779759,SL,trendH4,-1.001156421764297
2025-09-29 08:00:00,2025-09-30 16:50:00,1,3805.28,3829.12,0.23,528.4295999999929,1034.7819991163328,NEWS,trendH4,0.5106675613329696
2025-09-29 12:00:00,2025-09-30 16:50:00,1,3819.01,3829.12,0.23,212.63959999999247,1025.5123991605158,NEWS,trendH4,0.207349613884785
2025-10-01 01:05:00,2025-10-01 15:05:00,1,3860.36,3883.2,0.2,455.39999999999384,1044.0332708154137,NEWS,strong_close,0.4361929956928634
2025-10-01 01:10:00,2025-10-01 15:05:00,1,3860.38,3883.2,0.1,227.49999999999713,1043.3332708154137,NEWS,tom,0.2180511312767734
2025-10-01 12:00:00,2025-10-01 15:05:00,1,3893.2,3883.2,0.21,-211.47,1049.4104646616056,NEWS,trendH4,-0.20151314201749543
2025-10-02 14:30:00,2025-10-02 17:46:00,1,3883.7400000000002,3832.2927409978556,0.2,-1030.3451800428925,1029.3451800428847,SL,lw,-1.0009714914096806
2025-10-02 15:15:00,2025-10-02 17:46:00,1,3886.66,3835.2127409978552,0.2,-1030.3451800428925,1029.3451800428847,SL,tday900,-1.0009714914096806
2025-10-03 01:05:00,2025-10-03 23:00:00,1,3857.37,3885.69,0.13,367.2500000000021,1039.4164397888258,TIME,friday,0.3533232551859723
2025-10-03 18:15:00,2025-10-03 23:45:00,1,3880.58,3884.78,0.19,78.47000000000519,1013.2080695378304,TIME,tday,0.0774470736655294
2025-10-03 23:05:00,2025-10-03 23:55:00,1,3887.03,3886.7,0.49,-19.600000000018717,1041.0583800195704,TIME,fri_close,-0.018826994120781454
2025-10-03 18:30:00,2025-10-03 23:57:00,1,3887.98,3886.67,0.19,-26.21999999999896,1013.2080695378304,EOD,lw,-0.0258781989487698
2025-10-06 01:05:00,2025-10-06 23:45:00,1,3888.7,3958.69,0.19,1328.4800000000046,1013.633207427985,TIME,strong_close,1.3106121526650836
2025-10-06 01:30:00,2025-10-07 02:32:00,1,3894.01,3969.66,0.18,1346.1335999999935,1004.9399999999957,TIME,inside,1.3395163890381507
2025-10-06 10:15:00,2025-10-07 11:17:00,1,3935.01,3947.89,0.19,228.28879999999342,1013.633207427985,TIME,lw,0.22521835149744
2025-10-07 18:15:00,2025-10-07 23:45:00,1,3986.79,3984.01,0.01,-2.849999999999745,55.68417931039026,TIME,tday,-0.05118150317190642
2025-10-06 04:00:00,2025-10-09 20:06:00,1,3900.71,3962.385245807345,0.21,1210.2561619542485,1032.3046795536463,DAILY_GUARD,trendH4,1.1723827140622338
2025-10-06 08:00:00,2025-10-09 20:06:00,1,3938.89,3962.385245807345,0.2,389.02491614690655,1015.0799481675851,DAILY_GUARD,trendH4,0.38324559247689943
2025-10-06 12:00:00,2025-10-09 20:06:00,1,3942.68,3962.385245807345,0.2,313.2249161469073,1018.2959507592055,DAILY_GUARD,trendH4,0.3075971341272425
2025-10-07 16:00:00,2025-10-09 20:06:00,1,3979.72,3962.385245807345,0.2,-411.679083853092,1026.3746017040544,DAILY_GUARD,trendH4,-0.40110022517080546
2025-10-10 01:05:00,2025-10-10 23:00:00,1,3977.7,4011.21,0.11,367.8400000000024,1002.9705109662184,TIME,friday,0.36675056342946843
2025-10-10 18:15:00,2025-10-10 23:45:00,1,4009.45,4012.94,0.17,58.14000000000403,1033.7602234197402,TIME,tday,0.05624128176229634
2025-10-10 23:05:00,2025-10-10 23:55:00,1,4012.89,4018.84,0.24,141.12000000000654,1048.0399999595847,TIME,fri_close,0.13465134919034435
2025-10-13 01:05:00,2025-10-13 23:45:00,1,4013.9300000000003,4110.18,0.17,1635.06,1051.9630646040446,TIME,strong_close,1.5542941145138314
2025-10-13 15:15:00,2025-10-13 23:45:00,1,4074.96,4110.18,0.17,597.5500000000043,1051.9630646040446,TIME,tday900,0.5680332514572839
2025-10-13 01:30:00,2025-10-14 02:32:00,1,4040.52,4115.25,0.11,812.5172000000002,1020.6379744686316,TIME,inside,0.7960875651555255
2025-10-14 08:00:00,2025-10-14 09:22:00,1,4168.370000000001,4102.370802953298,0.11,-726.7611675137291,726.2111675137244,SL,trendH4,-1.0007573554698803
2025-10-13 10:15:00,2025-10-14 11:17:00,1,4071.96,4140.3,0.17,1147.0784000000024,1051.9630646040446,TIME,lw,1.0904169914290278
2025-10-15 10:15:00,2025-10-16 11:17:00,1,4199.68,4232.68,0.01,30.5456,67.79525747841646,TIME,lw,0.4505565895921939
2025-10-13 12:00:00,2025-10-17 17:15:00,1,4078.05,4218.056323711427,0.15,2027.5128556713955,1010.0702051055747,DAILY_GUARD,trendH4,2.007298943601129
2025-10-13 16:00:00,2025-10-17 17:15:00,1,4079.86,4218.056323711427,0.16,2133.720379382823,1048.5218078403157,DAILY_GUARD,trendH4,2.0349794953504463
2025-10-14 04:00:00,2025-10-17 17:15:00,1,4124.660000000001,4218.056323711427,0.16,1429.6371793828127,1033.1738449970915,DAILY_GUARD,trendH4,1.3837334213457924
2025-10-15 08:00:00,2025-10-17 17:15:00,1,4179.870000000001,4218.056323711427,0.15,524.0568556713864,1064.6141841667284,DAILY_GUARD,trendH4,0.492250491741818
2025-10-20 15:15:00,2025-10-20 23:45:00,1,4281.0,4357.21,0.13,989.8200000000005,1060.6479259624828,TIME,tday900,0.9332220200230821
2025-10-20 18:15:00,2025-10-20 23:45:00,1,4346.4,4357.21,0.13,139.62000000000523,1060.6479259624828,TIME,tday,0.13163651819081
2025-10-21 01:05:00,2025-10-21 11:03:00,1,4367.09,4279.739433859822,0.12,-1049.046793682133,1048.4467936821284,SL,strong_close,-1.0005722751060142
2025-10-20 18:00:00,2025-10-21 11:13:00,1,4332.58,4259.132547004328,0.13,-966.0592889437294,1060.6479259624828,SL,lw,-0.9108199481624224
2025-10-21 11:15:00,2025-10-22 06:41:00,-1,4244.53,4135.420849210266,0.12,1312.599009476803,1048.4467936821284,SL,lw,1.2519462288276701
2025-10-23 18:15:00,2025-10-23 23:45:00,1,4144.620000000001,4115.1,0.1,-295.90000000000435,1060.677330494386,TIME,tday,-0.2789726823539107
2025-10-24 01:05:00,2025-10-24 15:20:00,1,4126.64,4062.67,0.07,-448.28000000000185,1100.477897232027,NEWS,friday,-0.4073502985635027
2025-10-24 23:05:00,2025-10-24 23:55:00,1,4101.660000000001,4112.95,0.28,314.15999999997354,1100.7700823508374,TIME,fri_close,0.2854001984947157
2025-10-27 12:00:00,2025-10-28 13:02:00,-1,4043.35,3905.12,0.1,1385.0410000000002,1045.0426982324047,TIME,lw,1.3253439331643309
2025-10-28 11:15:00,2025-10-29 12:17:00,-1,3921.74,4015.1,0.1,-930.8590000000013,1071.253934072947,TIME,lw,-0.8689433666402895
2025-10-29 15:15:00,2025-10-29 20:50:00,1,4028.61,3994.84,0.1,-338.3999999999998,1089.8715102105937,NEWS,tday900,-0.31049531695218957
2025-10-29 18:15:00,2025-10-29 20:50:00,1,4009.78,3994.84,0.1,-150.10000000000053,1089.8715102105937,NEWS,tday,-0.1377226568396095
2025-10-30 18:15:00,2025-10-30 23:45:00,1,4000.53,4020.14,0.1,195.39999999999677,1093.3164023384081,TIME,tday,0.17872227982866729
2025-10-30 11:45:00,2025-10-31 12:47:00,1,3974.18,4004.14,0.1,290.95200000000045,1093.3164023384081,TIME,lw,0.2661187551725248
2025-10-31 01:05:00,2025-10-31 23:00:00,1,4021.22,4001.14,0.06,-120.89999999999957,985.2587076685268,TIME,friday,-0.12270888758353839
2025-10-31 23:05:00,2025-10-31 23:55:00,1,3998.95,4003.4,0.29,127.02000000000791,1105.3804096618774,TIME,fri_close,0.1149106668525651
2025-11-03 01:10:00,2025-11-03 16:50:00,1,3992.82,4020.54,0.05,138.249999999999,1069.2177142611788,NEWS,tom,0.1293001398648999
2025-11-04 16:30:00,2025-11-05 15:05:00,-1,3951.33,3967.7599999999998,0.1,-161.55899999999838,1041.6985918139517,NEWS,lw,-0.1550918867219252
2025-11-05 18:15:00,2025-11-05 23:45:00,1,3976.91,3982.11,0.1,51.30000000000273,1022.3272638272409,TIME,tday,0.05017962624605472
2025-11-06 01:05:00,2025-11-06 23:45:00,1,3968.9900000000002,3978.87,0.11,107.9099999999962,1091.9585623378246,TIME,strong_close,0.09882243129168446
2025-11-06 15:15:00,2025-11-06 23:45:00,1,4012.03,3978.87,0.11,-365.5300000000034,1091.9585623378246,TIME,tday900,-0.3347471347423874
2025-11-06 09:00:00,2025-11-07 10:02:00,1,3991.77,4009.37,0.18,301.2335999999984,1114.2000000000069,TIME,inside,0.2703586429725332
2025-11-06 10:15:00,2025-11-07 11:17:00,1,4009.38,4013.14,0.11,31.847199999997393,1091.9585623378246,TIME,lw,0.029165209283962434
2025-11-07 01:05:00,2025-11-07 23:00:00,1,3979.21,4004.05,0.07,173.39000000000104,1008.899862072163,TIME,friday,0.17186046556085174
2025-11-07 23:05:00,2025-11-07 23:55:00,1,4004.93,4001.5,0.37,-129.49999999999395,1107.484705504808,TIME,fri_close,-0.11693163739084407
2025-11-07 10:15:00,2025-11-07 23:57:00,1,4009.91,4000.91,0.11,-99.77,1057.1993793136944,EOD,lw,-0.0943719812480102
2025-11-07 18:45:00,2025-11-07 23:57:00,1,4021.0,4000.91,0.19,-383.04000000000275,1068.940000000001,EOD,nr7,-0.3583362957696432
2025-11-10 15:15:00,2025-11-10 23:45:00,1,4103.160000000001,4113.86,0.12,127.5599999999869,1116.3406699541317,TIME,tday900,0.11426619439138422
2025-11-10 18:15:00,2025-11-10 23:45:00,1,4091.56,4113.86,0.12,266.75999999999675,1116.3406699541317,TIME,tday,0.238959313388589
2025-11-10 03:30:00,2025-11-11 04:32:00,1,4048.22,4131.22,0.15,1232.0280000000068,1102.1999999999978,TIME,nr7,1.1177898747958712
2025-11-10 10:15:00,2025-11-11 11:17:00,1,4079.52,4142.5,0.12,745.3824000000002,1116.3406699541317,TIME,lw,0.6677015538909162
2025-11-11 01:05:00,2025-11-11 23:45:00,1,4116.81,4128.51,0.11,127.929999999998,1043.529975020481,TIME,strong_close,0.12259350767330585
2025-11-12 18:15:00,2025-11-12 23:45:00,1,4184.02,4197.41,0.12,159.839999999993,1101.550883786981,TIME,tday,0.14510450888159154
2025-11-12 17:15:00,2025-11-13 18:17:00,1,4162.200000000001,4209.26,0.12,535.2671999999939,1101.550883786981,TIME,lw,0.4859214475502199
2025-11-13 15:00:00,2025-11-13 20:38:00,1,4242.830000000001,4149.5480863736275,0.12,-1120.2229635164801,1119.622963516483,SL,lw,-1.0005358946891485
2025-11-13 01:05:00,2025-11-13 23:45:00,1,4202.9800000000005,4173.07,0.12,-359.76000000000914,1119.622963516483,TIME,strong_close,-0.3213224556149547
2025-11-13 15:15:00,2025-11-13 23:45:00,1,4230.76,4173.07,0.12,-693.1200000000061,1119.622963516483,TIME,tday900,-0.6190655449072541
2025-11-14 01:05:00,2025-11-14 16:33:00,1,4177.1900000000005,4036.602334591837,0.08,-1125.261323265308,1124.8613232653058,SL,friday,-1.0003555993896571
2025-11-14 23:05:00,2025-11-14 23:55:00,1,4084.07,4085.04,0.24,21.599999999995198,1116.6277961182268,TIME,fri_close,0.019343956934516633
2025-11-19 01:05:00,2025-11-19 23:45:00,1,4067.62,4080.17,0.11,137.280000000002,1087.1125376382608,TIME,strong_close,0.12627947452270322
2025-11-19 12:00:00,2025-11-20 13:02:00,1,4113.56,4060.27,0.11,-613.1884000000045,1087.1125376382608,TIME,lw,-0.5640523669537922
2025-11-21 01:05:00,2025-11-21 23:00:00,1,4073.79,4067.25,0.07,-46.26999999999975,1001.880448997725,TIME,friday,-0.04618315493259497
2025-11-21 23:05:00,2025-11-21 23:55:00,1,4060.12,4065.82,0.28,157.64000000000763,1100.3340049958117,TIME,fri_close,0.14326558961577096
2025-11-25 01:05:00,2025-11-25 14:20:00,1,4135.72,4137.83,0.11,22.4399999999964,1041.30645271466,NEWS,strong_close,0.021549852055075504
2025-11-26 04:30:00,2025-11-27 05:32:00,1,4162.67,4148.54,0.2,-331.68800000000215,1067.4000000000037,TIME,nr7,-0.3107438635937802
2025-11-26 10:15:00,2025-11-27 11:17:00,1,4165.8,4155.61,0.12,-151.7328000000061,1097.9956274252402,TIME,lw,-0.13819071425249116
2025-11-28 01:05:00,2025-11-28 21:45:00,1,4159.660000000001,4219.15,0.08,475.35999999999103,1003.5994950758446,EOD,friday,0.4736550808687552
2025-11-28 02:30:00,2025-11-28 21:45:00,1,4170.900000000001,4219.15,0.39,1879.0199999999647,1096.2899999999986,EOD,inside,1.7139807897545059
2025-11-28 13:15:00,2025-11-28 21:45:00,1,4172.320000000001,4219.15,0.13,607.8799999999873,1087.5361196654983,EOD,lw,0.5589515502133
2025-11-28 18:15:00,2025-11-28 21:45:00,1,4199.830000000001,4219.15,0.13,250.24999999998442,1087.5361196654983,EOD,tday,0.23010729986325026
2025-12-01 01:05:00,2025-12-01 16:50:00,1,4226.110000000001,4233.73,0.13,98.14999999998676,1076.6192539751055,NEWS,strong_close,0.0911650053048896
2025-12-01 01:10:00,2025-12-01 16:50:00,1,4209.52,4233.73,0.06,144.83999999999477,993.3823882847128,NEWS,tom,0.14580488008257528
2025-12-01 12:15:00,2025-12-01 16:50:00,1,4258.9400000000005,4233.73,0.13,-328.6400000000123,1076.6192539751055,NEWS,lw,-0.3052518323321862
2025-12-01 15:15:00,2025-12-01 16:50:00,1,4254.4800000000005,4233.73,0.13,-270.66000000001185,1076.6192539751055,NEWS,tday900,-0.2513980676090252
2025-12-02 11:30:00,2025-12-03 12:32:00,-1,4194.5599999999995,4202.56,0.13,-100.43670000001183,1054.503592976884,TIME,lw,-0.09524547917041902
2025-12-03 16:00:00,2025-12-03 16:50:00,1,4237.410000000001,4218.47,0.14,-266.1400000000072,1126.9435929768842,NEWS,lw,-0.23616088831649823
2025-12-05 01:05:00,2025-12-05 23:00:00,1,4209.26,4202.14,0.09,-64.70999999999901,1021.5963656620846,TIME,friday,-0.06334204209708716
2025-12-05 23:05:00,2025-12-05 23:55:00,1,4200.76,4196.28,0.38,-172.90000000001797,1120.169826465227,TIME,fri_close,-0.1543515955483427
2025-12-05 15:00:00,2025-12-05 23:57:00,1,4228.990000000001,4199.11,0.14,-419.30000000001434,1059.7599347606804,EOD,lw,-0.3956556444971686
2025-12-09 11:30:00,2025-12-09 16:50:00,1,4207.42,4205.57,0.15,-28.800000000005454,1091.8405373973494,NEWS,lw,-0.02637747822466531
2025-12-09 18:15:00,2025-12-09 23:45:00,1,4218.71,4208.75,0.15,-150.45000000000056,1091.8405373973494,TIME,tday,-0.1377948471840333
2025-12-11 01:05:00,2025-12-11 23:45:00,1,4228.81,4282.28,0.16,854.3999999999896,1123.515378613073,TIME,strong_close,0.760470231439739
2025-12-11 18:15:00,2025-12-11 23:45:00,1,4256.150000000001,4282.28,0.16,416.9599999999872,1123.515378613073,TIME,tday,0.3711208657550418
2025-12-12 12:00:00,2025-12-12 18:39:00,1,4318.540000000001,4266.071325557459,0.21,-1103.312163293375,1102.2621632933738,SL,trendH4,-1.0009525864490023
2025-12-12 15:15:00,2025-12-12 18:39:00,1,4337.280000000001,4266.263125348349,0.12,-853.0424958198236,852.4424958198189,SL,tday900,-1.0007038597945868
2025-12-11 17:45:00,2025-12-12 18:47:00,1,4254.9400000000005,4271.82,0.16,256.2431999999872,1123.515378613073,TIME,lw,0.22807271255717695
2025-12-12 01:05:00,2025-12-12 23:00:00,1,4283.17,4299.35,0.1,161.10000000000292,1065.2031197747738,TIME,friday,0.1512387609548739
2025-12-12 23:05:00,2025-12-12 23:55:00,1,4300.09,4300.48,0.25,7.999999999985448,1085.9215555845994,TIME,fri_close,0.007367014641935803
2025-12-11 20:00:00,2025-12-12 23:57:00,1,4278.93,4300.02,0.21,424.729200000003,1110.6689438919252,EOD,trendH4,0.38240845963667436
2025-12-12 11:15:00,2025-12-12 23:57:00,1,4317.14,4300.02,0.15,-257.8499999999984,1065.5531197747737,EOD,lw,-0.24198699737700569
2025-12-15 10:15:00,2025-12-16 11:17:00,1,4343.1,4284.53,0.15,-891.5220000000093,1092.4064683622894,TIME,lw,-0.8161083129950324
2025-12-17 15:45:00,2025-12-18 15:20:00,1,4338.52,4322.64,0.15,-275.0160000000016,1074.5088936389138,NEWS,lw,-0.255945764272492
2025-12-18 18:15:00,2025-12-18 23:45:00,1,4362.490000000001,4330.89,0.16,-506.7200000000059,1118.5040470328292,TIME,tday,-0.45303367595694816
2025-12-19 01:05:00,2025-12-19 23:00:00,1,4336.030000000001,4339.54,0.1,34.39999999999309,1043.8477195151866,TIME,friday,0.03295499847043793
2025-12-19 23:05:00,2025-12-19 23:55:00,1,4337.86,4338.53,0.49,29.400000000003566,1110.857979736178,TIME,fri_close,0.02646602944418321
2025-12-22 15:15:00,2025-12-22 23:45:00,1,4425.76,4445.08,0.16,307.99999999999534,1088.31012218647,TIME,tday900,0.2830075671640431
2025-12-22 02:15:00,2025-12-23 03:17:00,1,4359.91,4483.83,0.22,2707.2144000000017,1110.7800000000016,TIME,inside,2.4372192513368964
2025-12-22 10:15:00,2025-12-23 11:17:00,1,4412.51,4479.24,0.16,1053.8431999999932,1088.31012218647,TIME,lw,0.9683298707934178
2025-12-22 04:00:00,2025-12-23 15:20:00,1,4383.19,4495.52,0.2,2229.3040000000165,1096.482287554634,NEWS,trendH4,2.03314182573053
2025-12-22 08:00:00,2025-12-23 15:20:00,1,4400.3,4495.52,0.2,1887.104000000005,1103.4881731769026,NEWS,trendH4,1.710126167068108
2025-12-22 12:00:00,2025-12-23 15:20:00,1,4411.34,4495.52,0.2,1666.3040000000058,1091.1237645180572,NEWS,trendH4,1.5271448154518037
2025-12-23 04:00:00,2025-12-23 15:20:00,1,4486.96,4495.52,0.01,8.4900000000004,55.62859809867426,NEWS,trendH4,0.15261934131327198
2025-12-23 14:00:00,2025-12-23 15:20:00,1,4493.79,4495.52,0.15,24.900000000007093,1066.5342581534,NEWS,lw,0.023346648089034677
2025-12-24 04:00:00,2025-12-24 16:57:00,1,4518.94,4461.080771664733,0.2,-1158.5845667053277,1157.5845667053281,SL,trendH4,-1.000863867771532
2025-12-24 17:45:00,2025-12-26 03:04:00,-1,4453.17,4524.124977885687,0.16,-1119.8828461709948,1135.5996461709865,SL,lw,-0.9861599111509187
2025-12-26 18:15:00,2025-12-26 23:45:00,1,4539.3,4532.33,0.16,-112.6400000000041,1143.056814301631,TIME,tday,-0.09854278334259642
2025-12-26 23:05:00,2025-12-26 23:55:00,1,4529.139999999999,4532.04,0.3,84.90000000001638,1118.7011670128597,TIME,fri_close,0.07589158079339023
2025-12-26 17:30:00,2025-12-26 23:57:00,1,4533.61,4531.07,0.16,-41.759999999999415,1143.056814301631,EOD,lw,-0.03653361711990962
2025-12-29 10:15:00,2025-12-30 11:17:00,-1,4483.74,4373.599999999999,0.16,1766.6256000000053,1141.8898989943712,TIME,lw,1.5471067758422423
2025-12-30 15:15:00,2025-12-30 23:45:00,1,4399.62,4348.81,0.13,-661.4399999999933,1090.5751470091457,TIME,tday900,-0.6065056606268384
2025-12-31 11:00:00,2026-01-02 10:45:00,-1,4307.24,4390.9053676435105,0.13,-1075.13987936564,1087.9097793656351,SL,lw,-0.9882619862030826
2026-01-02 15:15:00,2026-01-02 18:23:00,1,4400.01,4315.256444331026,0.13,-1102.7062236966688,1102.0562236966616,SL,tday900,-1.000589806568876
2026-01-02 23:05:00,2026-01-02 23:55:00,1,4330.9,4333.0,0.34,69.02000000001237,1125.817483393043,TIME,fri_close,0.06130656258063836
2026-01-05 01:07:00,2026-01-05 16:50:00,1,4354.849999999999,4436.95,0.06,492.1800000000021,511.97838158428334,NEWS,season,0.9613296531720413
2026-01-05 10:15:00,2026-01-05 16:50:00,1,4424.58,4436.95,0.13,159.89999999999858,1109.286493432614,NEWS,lw,0.14414671137408205
2026-01-05 18:15:00,2026-01-05 23:45:00,1,4446.62,4445.96,0.13,-9.489999999998108,1109.286493432614,TIME,tday,-0.008555048723826005
2026-01-06 01:05:00,2026-01-06 23:45:00,1,4454.62,4496.26,0.13,540.4100000000043,1144.2567439017125,TIME,strong_close,0.47228037141149115
2026-01-06 18:15:00,2026-01-06 23:45:00,1,4479.08,4496.26,0.13,222.4300000000038,1144.2567439017125,TIME,tday,0.19438819232260493
2026-01-06 01:07:00,2026-01-06 23:47:00,1,4454.28,4496.39,0.06,252.2400000000035,528.1184971854057,TIME,season,0.4776200821298824
2026-01-07 01:05:00,2026-01-07 15:05:00,1,4498.7699999999995,4445.66,0.13,-691.3399999999957,1127.1898336230183,NEWS,strong_close,-0.6133305849449403
2026-01-07 01:07:00,2026-01-07 15:05:00,1,4499.219999999999,4445.66,0.06,-321.77999999999696,520.2414616721624,NEWS,season,-0.61852048271149
2026-01-08 01:07:00,2026-01-08 23:47:00,1,4462.0599999999995,4474.29,0.06,72.96000000000284,516.1156429812936,TIME,season,0.14136366721720783
2026-01-09 01:05:00,2026-01-09 15:20:00,1,4477.57,4463.71,0.09,-125.36999999999705,1147.37839694306,NEWS,friday,-0.10926648116612457
2026-01-09 01:07:00,2026-01-09 15:20:00,1,4476.44,4463.71,0.06,-76.79999999999738,510.0859541969155,NEWS,season,-0.15056285978490053
2026-01-09 23:05:00,2026-01-09 23:55:00,1,4506.98,4509.97,0.36,105.12000000002487,1148.7597777117699,TIME,fri_close,0.09150738216950355
2026-01-09 17:45:00,2026-01-09 23:57:00,1,4514.62,4509.38,0.13,-69.02999999999716,1105.1862340933171,EOD,lw,-0.06246006136389187
2026-01-12 01:05:00,2026-01-12 23:45:00,1,4521.67,4590.39,0.13,892.4500000000035,1085.9143602295094,TIME,strong_close,0.821841972705272
2026-01-12 15:15:00,2026-01-12 23:45:00,1,4606.8099999999995,4590.39,0.13,-214.36999999998915,1085.9143602295094,TIME,tday900,-0.19740967414288707
2026-01-12 01:07:00,2026-01-12 23:47:00,1,4528.07,4590.86,0.06,376.31999999999977,501.1912431828505,TIME,season,0.7508511074737718
2026-01-12 01:30:00,2026-01-13 02:32:00,1,4538.08,4590.39,0.13,668.7876000000052,1105.1300000000067,TIME,nr7,0.605166451005765
2026-01-12 10:15:00,2026-01-13 11:17:00,1,4583.639999999999,4594.46,0.13,129.41760000000804,1085.9143602295094,TIME,lw,0.11917845894648217
2026-01-12 04:00:00,2026-01-13 15:20:00,1,4570.48,4601.52,0.16,482.803200000014,1146.7506320131695,NEWS,trendH4,0.4210184729982947
2026-01-13 01:07:00,2026-01-13 15:20:00,1,4593.09,4601.52,0.06,50.160000000001745,517.1675829555038,NEWS,season,0.09698983782654727
2026-01-14 01:07:00,2026-01-14 15:20:00,1,4591.94,4628.56,0.06,219.30000000000481,508.1141841729679,NEWS,season,0.4315959027141674
2026-01-14 10:15:00,2026-01-14 15:20:00,1,4627.57,4628.56,0.13,11.960000000008986,1100.9140657080973,NEWS,lw,0.01086369987680776
2026-01-15 01:07:00,2026-01-15 23:47:00,1,4616.7,4615.13,0.07,-11.479999999997965,578.6970328540485,TIME,season,-0.019837668673330318
2026-01-16 01:07:00,2026-01-16 17:34:00,1,4617.91,4537.487638498952,0.07,-563.4465305073347,563.0965305073311,SL,season,-1.0006215630554292
2026-01-16 01:05:00,2026-01-16 23:00:00,1,4618.95,4581.94,0.09,-333.72000000000196,1085.6568802641382,TIME,friday,-0.30738993697420175
2026-01-16 23:05:00,2026-01-16 23:55:00,1,4582.85,4595.59,0.29,367.42999999999364,1125.8834867718263,TIME,fri_close,0.32634815619643043
2026-01-19 01:07:00,2026-01-20 03:17:00,1,4653.92,4671.53,0.07,117.21639999999772,564.9953497568074,TIME,season,0.20746436240661364
2026-01-19 10:15:00,2026-01-20 13:45:00,1,4669.69,4732.24,0.14,863.5928000000026,1129.9906995136148,TIME,lw,0.7642477060844142
2026-01-20 15:15:00,2026-01-20 23:45:00,1,4723.94,4759.24,0.14,493.2200000000026,1144.2370781197847,TIME,tday900,0.4310470351218332
2026-01-20 01:07:00,2026-01-20 23:47:00,1,4668.76,4759.7,0.07,636.0899999999973,572.1185390598923,TIME,season,1.111815046310548
2026-01-20 10:15:00,2026-01-21 11:17:00,1,4724.72,4860.88,0.14,1894.1327999999983,1144.2370781197847,TIME,lw,1.6553674375877117
2026-01-21 15:15:00,2026-01-21 21:36:00,1,4869.44,4785.940295838994,0.14,-1169.9758582540821,1169.2758582540855,SL,tday900,-1.0005986611243662
2026-01-19 04:00:00,2026-01-22 15:20:00,1,4657.62,4831.37,0.15,2545.5899999999997,1106.2399140670927,NEWS,trendH4,2.3011192849127404
2026-01-20 08:00:00,2026-01-22 15:20:00,1,4714.85,4831.37,0.17,1925.603599999992,1104.9423258927136,NEWS,trendH4,1.7427186513506425
2026-01-20 12:00:00,2026-01-22 15:20:00,1,4732.71,4831.37,0.17,1621.9835999999978,1103.8487095980774,NEWS,trendH4,1.469389406262547
2026-01-22 18:15:00,2026-01-22 23:45:00,1,4873.92,4939.11,0.13,846.559999999995,1131.1728573721448,TIME,tday,0.7483913660787964
2026-01-22 19:30:00,2026-01-23 20:32:00,1,4890.19,4979.28,0.13,1146.9276000000018,1131.1728573721448,TIME,lw,1.0139277940813194
2026-01-23 01:05:00,2026-01-23 23:00:00,1,4952.52,4981.49,0.08,231.19999999999476,1113.691020604696,TIME,friday,0.20759797441346084
2026-01-23 18:15:00,2026-01-23 23:45:00,1,4971.33,4982.38,0.12,131.76000000000218,1113.971020604696,TIME,tday,0.1182795580521287
2026-01-23 01:07:00,2026-01-23 23:47:00,1,4952.28,4982.46,0.06,180.66000000000173,556.985510302348,TIME,season,0.3243531414343871
2026-01-23 23:05:00,2026-01-23 23:55:00,1,4984.19,4986.18,0.28,53.76000000001935,1181.7211682082934,TIME,fri_close,0.04549296521575339
2026-01-22 20:00:00,2026-01-23 23:57:00,1,4904.78,4988.0,0.13,1070.6176000000032,1122.0983506272069,EOD,trendH4,0.954120999644614
2026-01-23 04:00:00,2026-01-23 23:57:00,1,4953.81,4988.0,0.14,477.6799999999944,1194.2755315519057,EOD,trendH4,0.3999747021353367
2026-01-26 18:15:00,2026-01-26 21:48:00,1,5101.77,5009.1627186436845,0.13,-1204.8046576321078,1204.1546576321048,SL,tday,-1.0005397977708954
2026-01-26 10:15:00,2026-01-26 23:36:00,1,5096.4,5003.792718643684,0.13,-1204.8046576321078,1204.1546576321048,SL,lw,-1.0005397977708954
2026-01-26 01:05:00,2026-01-26 23:45:00,1,5014.38,5005.28,0.13,-119.21000000000473,1204.1546576321048,TIME,strong_close,-0.09899891118174452
2026-01-26 01:07:00,2026-01-26 23:47:00,1,5015.26,5011.73,0.06,-21.60000000000393,555.7636881378944,TIME,season,-0.038865439504289105
2026-01-27 15:15:00,2026-01-27 23:45:00,1,5090.46,5185.33,0.12,1137.5999999999988,1137.7068493989473,TIME,tday900,0.9999060835407602
2026-01-27 18:15:00,2026-01-27 23:45:00,1,5095.33,5185.33,0.12,1079.16,1137.7068493989473,TIME,tday,0.9485396001352391
2026-01-27 01:07:00,2026-01-27 23:47:00,1,5035.31,5181.66,0.06,877.6799999999968,568.8534246994736,TIME,season,1.5428930580204854
2026-01-27 10:15:00,2026-01-28 11:17:00,1,5086.85,5280.61,0.12,2314.7423999999914,1137.7068493989473,TIME,lw,2.0345683962638303
2026-01-26 04:00:00,2026-01-28 20:50:00,1,5071.03,5278.71,0.13,2678.265200000004,1182.248861164524,NEWS,trendH4,2.2653988411220736
2026-01-28 01:05:00,2026-01-28 20:50:00,1,5182.41,5278.71,0.12,1154.7600000000023,1212.3135030133087,NEWS,strong_close,0.9525258913059598
2026-01-28 01:07:00,2026-01-28 20:50:00,1,5179.54,5278.71,0.06,594.6000000000005,606.1567515066544,NEWS,season,0.9809343845829835
2026-01-28 04:00:00,2026-01-28 20:50:00,1,5204.91,5278.71,0.07,516.1100000000013,723.1902315803453,NEWS,trendH4,0.7136573165157061
2026-01-28 12:00:00,2026-01-28 20:50:00,1,5278.37,5278.71,0.11,2.970000000001601,1158.6113927162683,NEWS,trendH4,0.002563413426341927
2026-01-28 15:15:00,2026-01-28 20:50:00,1,5275.67,5278.71,0.12,35.63999999999956,1212.3135030133087,NEWS,tday900,0.029398336248349373
2026-01-29 01:05:00,2026-01-29 17:08:00,1,5441.11,5429.599682685955,0.11,-127.38349045449606,1236.4389936363282,SL,strong_close,-0.10302448492008912
2026-01-29 01:07:00,2026-01-29 17:08:00,1,5435.75,5429.599682685955,0.05,-31.10158657022712,562.0177243801492,SL,season,-0.055339156081828454
2026-01-29 10:15:00,2026-01-29 17:08:00,1,5538.0,5425.61645512397,0.11,-1236.988993636331,1236.4389936363282,SL,lw,-1.0004448258287175
2026-01-29 04:00:00,2026-01-29 17:09:00,1,5545.98,5417.022581045353,0.09,-1161.2467705918189,1160.796770591813,SL,trendH4,-1.00038766475873
2026-01-30 01:07:00,2026-01-30 03:59:00,1,5440.51,5300.739565472258,0.04,-559.36173811097,559.1617381109679,SL,season,-1.0003576782643924
2026-01-30 01:05:00,2026-01-30 04:14:00,1,5419.81,5210.179348208388,0.05,-1048.5032589580637,1048.2532589580649,SL,friday,-1.0002384919845109
2026-01-30 10:15:00,2026-01-30 15:20:00,-1,5145.59,5074.929999999999,0.08,564.7200000000062,1118.3234762219358,NEWS,lw,0.5049701736637202
2026-01-30 23:05:00,2026-01-30 23:55:00,1,4859.42,4883.16,0.05,118.34999999999893,1219.343994032807,TIME,fri_close,0.09706038704350618
2026-02-02 01:10:00,2026-02-02 08:24:00,1,4816.34,4448.107764448479,0.03,-1104.9067066545622,1104.7567066545623,SL,tom,-1.0001357765009222
2026-02-03 15:15:00,2026-02-03 23:45:00,1,4928.99,4940.36,0.06,67.79999999999934,1233.3019418935223,TIME,tday900,0.054974372209212724
2026-02-03 18:15:00,2026-02-03 23:45:00,1,4944.41,4940.36,0.06,-24.720000000001093,1233.3019418935223,TIME,tday,-0.020043753407253864
2026-02-03 10:15:00,2026-02-04 11:17:00,1,4928.73,5065.43,0.06,815.0112000000042,1233.3019418935223,TIME,lw,0.6608367118507048
2026-02-04 01:05:00,2026-02-04 15:05:00,1,4957.98,5040.07,0.05,410.10000000000076,1074.276502655702,NEWS,strong_close,0.38174529461102336
2026-02-04 10:15:00,2026-02-04 15:05:00,1,5077.74,5040.07,0.05,-188.70000000000036,1074.276502655702,NEWS,lw,-0.17565310190953454
2026-02-05 11:15:00,2026-02-05 16:50:00,-1,4862.94,4850.36,0.05,62.54999999999964,1082.3638953231518,NEWS,lw,0.05779017599374436
2026-02-06 01:05:00,2026-02-06 23:00:00,1,4777.35,4953.32,0.03,527.699999999998,989.2637553772053,TIME,friday,0.5334270027903595
2026-02-06 15:15:00,2026-02-06 23:45:00,1,4909.91,4960.54,0.05,252.80000000000058,1099.2986170857837,TIME,tday900,0.22996481217284506
2026-02-06 18:15:00,2026-02-06 23:45:00,1,4941.0,4960.54,0.05,97.34999999999982,1099.2986170857837,TIME,tday,0.088556465447098
2026-02-06 23:05:00,2026-02-06 23:55:00,1,4951.92,4964.33,0.2,246.79999999999708,1207.6252907250275,TIME,fri_close,0.20436802863893702
2026-02-06 14:15:00,2026-02-06 23:57:00,1,4896.09,4966.25,0.05,350.44999999999925,1099.2986170857837,EOD,lw,0.31879417890021045
2026-02-09 01:05:00,2026-02-09 23:45:00,1,4988.01,5061.7,0.05,368.09999999999803,1133.7165730082277,TIME,strong_close,0.3246843247808168
2026-02-09 18:15:00,2026-02-09 23:45:00,1,5063.88,5061.7,0.05,-11.250000000001455,1133.7165730082277,TIME,tday,-0.009923115060539748
2026-02-10 18:30:00,2026-02-11 15:20:00,-1,5010.12,5072.8099999999995,0.05,-312.079499999998,1096.0796749362114,NEWS,lw,-0.2847233710616522
2026-02-12 17:00:00,2026-02-13 15:20:00,-1,5044.42,4962.21,0.06,494.90460000000013,1213.0234595768559,NEWS,lw,0.40799260401166504
2026-02-13 18:15:00,2026-02-13 23:45:00,1,4997.82,5038.85,0.06,245.76000000000394,1221.2774981785087,TIME,tday,0.2012319070535125
2026-02-13 23:05:00,2026-02-13 23:55:00,1,5034.2,5042.99,0.23,200.55999999999915,1243.8659931272523,TIME,fri_close,0.1612392340558836
2026-02-13 18:30:00,2026-02-13 23:57:00,1,5028.11,5043.21,0.06,90.18000000000218,1221.2774981785087,EOD,lw,0.07384071198765424
2026-02-16 01:05:00,2026-02-17 03:15:00,1,5015.38,4950.28,0.06,-395.7888000000022,1202.1819625943297,TIME,strong_close,-0.3292253688001466
2026-02-17 10:15:00,2026-02-18 11:17:00,-1,4927.65,4917.0199999999995,0.06,65.42460000000065,1153.7818224090204,TIME,lw,0.05670448149668227
2026-02-18 15:15:00,2026-02-18 23:45:00,1,4957.89,4980.09,0.06,132.77999999999892,1139.2459779512333,TIME,tday900,0.11655077355531618
2026-02-18 18:15:00,2026-02-18 23:45:00,1,4999.83,4980.09,0.06,-118.85999999999868,1139.2459779512333,TIME,tday,-0.10433216557301431
2026-02-18 15:00:00,2026-02-19 16:02:00,1,4943.31,4990.1,0.06,266.01359999999977,1139.2459779512333,TIME,lw,0.23349970519833319
2026-02-20 01:05:00,2026-02-20 15:20:00,1,5002.09,5029.45,0.04,109.15999999999869,1071.1254605803997,NEWS,friday,0.1019114977818278
2026-02-20 08:45:00,2026-02-20 15:20:00,1,5027.14,5029.45,0.18,40.319999999990834,1200.0599999999902,NEWS,nr7,0.033598320083988435
2026-02-20 10:45:00,2026-02-20 15:20:00,1,5022.82,5029.45,0.07,45.92000000000076,1249.8097040104665,NEWS,lw,0.03674159342230248
2026-02-20 18:15:00,2026-02-20 23:45:00,1,5054.69,5099.62,0.07,314.020000000002,1249.8097040104665,TIME,tday,0.2512542501409257
2026-02-20 23:05:00,2026-02-20 23:55:00,1,5095.44,5103.91,0.28,235.20000000000712,1224.994445705319,TIME,fri_close,0.19200087055462953
2026-02-23 01:05:00,2026-02-23 23:45:00,1,5117.85,5228.81,0.07,776.2300000000004,1223.6775822954332,TIME,strong_close,0.6343419306120741
2026-02-23 18:15:00,2026-02-23 23:45:00,1,5202.7,5228.81,0.07,182.2800000000041,1223.6775822954332,TIME,tday,0.14896080686390814
2026-02-23 13:00:00,2026-02-24 14:02:00,1,5163.11,5170.51,0.07,45.74640000000382,1223.6775822954332,TIME,lw,0.03738435733552503
2026-02-24 01:05:00,2026-02-24 23:45:00,1,5243.35,5150.82,0.07,-648.2000000000046,1205.5520407029023,TIME,strong_close,-0.5376789869826514
2026-02-25 18:45:00,2026-02-26 19:47:00,1,5207.79,5174.12,0.07,-252.87080000000054,1197.5511806526952,TIME,lw,-0.2111565702454401
2026-02-27 01:05:00,2026-02-27 15:20:00,1,5182.33,5218.31,0.05,179.55000000000237,1194.1799901437982,NEWS,friday,0.1503542191980471
2026-02-27 18:15:00,2026-02-27 23:45:00,1,5254.04,5274.59,0.07,143.36000000000126,1114.7313241342117,TIME,tday,0.128604980317877
2026-02-27 23:05:00,2026-02-27 23:55:00,1,5259.97,5280.2,0.31,624.9599999999865,1261.0238689409289,TIME,fri_close,0.4955972804264675
2026-03-02 01:05:00,2026-03-02 16:50:00,1,5358.35,5341.23,0.08,-137.5200000000064,1248.2601807138574,NEWS,strong_close,-0.11016933979369686
2026-03-02 01:10:00,2026-03-02 16:50:00,1,5351.58,5341.23,0.04,-41.680000000001456,1247.9801807138572,NEWS,tom,-0.0333979662851377
2026-03-02 10:15:00,2026-03-02 16:50:00,1,5409.95,5341.23,0.08,-550.320000000002,1248.2601807138574,NEWS,lw,-0.4408696267834835
2026-03-03 11:30:00,2026-03-04 12:32:00,-1,5242.33,5186.87,0.08,445.8728000000003,1249.6644535200103,TIME,lw,0.3567940167811301
2026-03-05 16:45:00,2026-03-06 15:20:00,-1,5097.3099999999995,5077.12,0.07,143.2486999999972,1181.943627878937,NEWS,lw,0.1211975737430599
2026-03-06 23:05:00,2026-03-06 23:55:00,1,5161.29,5171.45,0.23,232.06999999999664,1249.7373391496346,TIME,fri_close,0.18569501984945513
2026-03-06 17:15:00,2026-03-06 23:57:00,1,5149.53,5174.55,0.07,174.65000000000308,1169.5090830304412,EOD,lw,0.1493361638093897
2026-03-09 01:05:00,2026-03-09 23:45:00,1,5166.05,5139.42,0.07,-186.9000000000008,1142.002719956838,TIME,strong_close,-0.1636598553872662
2026-03-10 18:15:00,2026-03-10 23:45:00,1,5223.71,5197.92,0.07,-181.01999999999978,1152.1860971027786,TIME,tday,-0.15711003669909082
2026-03-10 16:30:00,2026-03-11 15:20:00,1,5221.900000000001,5194.21,0.07,-199.8836000000036,1152.1860971027786,NEWS,lw,-0.17348204469974035
2026-03-12 17:45:00,2026-03-13 15:20:00,-1,5148.7,5107.04,0.08,335.4727999999988,1242.041809973001,NEWS,lw,0.2700978318976969
2026-03-13 23:05:00,2026-03-13 23:55:00,1,5020.530000000001,5021.58,0.23,22.539999999983266,1238.4130380917186,TIME,fri_close,0.018200712772465114
2026-03-17 07:45:00,2026-03-18 08:47:00,1,5039.99,4999.75,0.17,-698.7815999999964,1228.5900000000124,TIME,nr7,-0.5687671232876625
2026-03-18 14:00:00,2026-03-18 15:20:00,-1,4967.8099999999995,4905.45,0.09,560.6099999999971,1262.78051805156,NEWS,lw,0.44394888263322657
2026-03-19 10:45:00,2026-03-20 06:10:00,-1,4739.66,4720.58960398417,0.08,154.75596812663863,1161.9978879155738,SL,lw,0.1331809375353035
2026-03-20 23:05:00,2026-03-20 23:55:00,1,4503.25,4497.54,0.12,-69.36000000000044,1226.3015853168665,TIME,fri_close,-0.05656031177850787
2026-03-23 10:15:00,2026-03-23 12:21:00,-1,4130.46,4298.349619297023,0.07,-1175.7173350791631,1175.367335079161,SL,lw,-1.0002977792470118
2026-03-25 01:05:00,2026-03-25 23:45:00,1,4479.67,4504.62,0.06,149.27999999999892,1119.1960916692922,TIME,strong_close,0.13338145219694816
2026-03-25 10:15:00,2026-03-26 11:17:00,1,4557.03,4435.49,0.06,-743.9663999999997,1119.1960916692922,TIME,lw,-0.6647328430984478
2026-03-26 15:15:00,2026-03-26 23:45:00,-1,4441.99,4406.219999999999,0.06,214.20000000000263,1102.1035136929142,TIME,tday900,0.19435560937671276
2026-03-27 01:05:00,2026-03-27 23:00:00,1,4387.3099999999995,4514.39,0.04,508.0400000000034,1106.0289770005631,TIME,friday,0.45933697087914965
2026-03-27 23:05:00,2026-03-27 23:55:00,1,4513.78,4495.59,0.18,-328.6799999999928,1258.736739466058,TIME,fri_close,-0.26111893749873
2026-03-27 10:15:00,2026-03-27 23:57:00,1,4455.3099999999995,4495.49,0.06,240.66000000000176,1106.168977000563,EOD,lw,0.2175616971762889
2026-03-30 14:45:00,2026-03-31 15:47:00,1,4566.44,4576.62,0.06,55.891200000001746,1104.3126215005227,TIME,lw,0.05061175514235965
2026-03-31 14:45:00,2026-03-31 16:50:00,1,4592.28,4589.67,0.06,-16.079999999998034,1094.416005679057,NEWS,lw,-0.01469276757335142
2026-04-01 01:05:00,2026-04-01 15:05:00,1,4674.8,4748.01,0.06,438.84000000000015,1103.9505767019814,NEWS,strong_close,0.3975177958700119
2026-04-01 01:10:00,2026-04-01 15:05:00,1,4669.969999999999,4748.01,0.03,233.91000000000258,1103.7405767019814,NEWS,tom,0.2119247991216691
2026-04-01 14:45:00,2026-04-01 15:05:00,1,4760.84,4748.01,0.06,-77.39999999999957,1103.9505767019814,NEWS,lw,-0.07011183438232325
2026-04-02 15:15:00,2026-04-02 23:45:00,-1,4612.47,4669.24,0.07,-397.8799999999967,1261.5564580938133,TIME,tday900,-0.31538818373708416
2026-04-02 10:15:00,2026-04-06 11:17:00,-1,4621.099999999999,4690.679999999999,0.07,-485.1412999999995,1261.5564580938133,TIME,lw,-0.38455773967741275
2026-04-08 01:05:00,2026-04-08 23:45:00,1,4744.969999999999,4722.33,0.07,-158.96999999999593,1221.042718087503,TIME,strong_close,-0.13019200527970695
2026-04-08 10:15:00,2026-04-09 11:17:00,1,4812.73,4723.52,0.07,-641.650799999994,1221.042718087503,TIME,lw,-0.5254941456962291
2026-04-09 18:45:00,2026-04-10 15:20:00,1,4790.54,4768.24,0.07,-162.1536000000013,1212.8153810812528,NEWS,lw,-0.13370015134161445
2026-04-10 01:05:00,2026-04-10 15:20:00,1,4772.6,4768.24,0.04,-17.72000000000233,1009.0777522891601,NEWS,friday,-0.017560589320102765
2026-04-10 23:05:00,2026-04-10 23:55:00,1,4753.25,4749.29,0.35000000000000003,-141.05000000000126,1242.747595205247,TIME,fri_close,-0.11349850970880859
2026-04-13 01:30:00,2026-04-14 02:32:00,-1,4647.2699999999995,4756.6,0.08,-872.4472000000067,1183.3600000000029,TIME,inside,-0.7372627095727459
2026-04-14 16:45:00,2026-04-15 17:47:00,1,4793.43,4818.38,0.07,168.59639999999874,1103.465357957548,TIME,lw,0.15278812224070284
2026-04-15 01:05:00,2026-04-15 23:45:00,1,4849.49,4790.77,0.08,-470.3199999999948,1231.2016043631118,TIME,strong_close,-0.3820008017641324
2026-04-17 01:05:00,2026-04-17 23:00:00,1,4795.75,4854.47,0.05,293.25000000000125,1072.3760417922474,TIME,friday,0.27345817938071104
2026-04-17 23:05:00,2026-04-17 23:55:00,1,4850.38,4834.56,0.32,-508.4799999999907,1241.6196906621753,TIME,fri_close,-0.4095295877023425
2026-04-17 15:45:00,2026-04-17 23:57:00,1,4823.65,4832.51,0.08,70.32000000000465,1144.054444578397,EOD,lw,0.061465606233380564
2026-04-20 16:30:00,2026-04-21 15:20:00,1,4824.64,4783.71,0.08,-334.35840000000235,1131.9305556799404,NEWS,lw,-0.295387732332357
2026-04-21 01:05:00,2026-04-21 15:20:00,1,4825.49,4783.71,0.09,-376.6499999999977,1243.9524554870804,NEWS,strong_close,-0.30278488405130977
2026-04-23 03:15:00,2026-04-24 04:17:00,-1,4699.5,4709.94,0.17,-172.82029999999318,1232.1599999999976,TIME,inside,-0.14025800220750026
2026-04-23 10:15:00,2026-04-24 11:17:00,-1,4712.21,4690.0,0.09,202.35690000000034,1207.3822702924315,TIME,lw,0.1675996947934219
2026-04-24 23:05:00,2026-04-24 23:55:00,1,4711.61,4708.2,0.41000000000000003,-142.67999999999404,1238.7423271232578,TIME,fri_close,-0.11518133906939391
2026-04-28 15:15:00,2026-04-28 23:45:00,-1,4581.53,4593.65,0.1,-121.89999999999891,1228.8496265923518,TIME,tday900,-0.09919846770677092
2026-04-28 18:15:00,2026-04-28 23:45:00,-1,4572.65,4593.65,0.1,-210.7,1228.8496265923518,TIME,tday,-0.17146117428889923
2026-04-28 08:15:00,2026-04-29 09:17:00,-1,4652.349999999999,4587.41,0.16,1043.4255999999937,1242.2399999999955,TIME,inside,0.8399549201442535
2026-04-28 10:15:00,2026-04-29 11:17:00,-1,4634.139999999999,4566.87,0.1,675.4409999999953,1228.8496265923518,TIME,lw,0.5496530945556126
2026-04-29 16:30:00,2026-04-29 20:50:00,-1,4537.8,4543.54,0.1,-58.09999999999782,1245.6746532643267,NEWS,lw,-0.04664139215464092
2026-04-30 10:15:00,2026-04-30 15:20:00,1,4591.88,4631.36,0.1,394.09999999999565,1228.2836066025895,NEWS,lw,0.3208542374753899
2026-05-01 01:05:00,2026-05-01 16:50:00,1,4629.0599999999995,4601.29,0.06,-167.03999999999715,1095.4491569464494,NEWS,friday,-0.15248539737400413
2026-05-01 01:10:00,2026-05-01 16:50:00,1,4631.47,4601.29,0.05,-151.25000000000145,1217.0490632738326,NEWS,tom,-0.12427600871992998
2026-05-01 23:05:00,2026-05-01 23:55:00,1,4609.46,4616.35,0.33,225.0600000000108,1250.2104929497345,TIME,fri_close,0.18001768603701798
2026-05-04 18:15:00,2026-05-04 23:45:00,-1,4548.5199999999995,4518.94,0.1,295.09999999999934,1201.9848444685592,TIME,tday,0.2455105830643594
2026-05-04 10:15:00,2026-05-05 11:17:00,-1,4591.92,4550.61,0.1,415.841000000004,1201.9848444685592,TIME,lw,0.3459619328094459
2026-05-05 16:15:00,2026-05-05 16:50:00,1,4579.05,4575.77,0.1,-33.499999999997456,1214.107355577948,NEWS,lw,-0.02759228814988156
2026-05-06 10:15:00,2026-05-06 15:05:00,1,4658.82,4685.49,0.1,266.00000000000074,1179.5496873223804,NEWS,lw,0.22550978806482513
2026-05-07 01:05:00,2026-05-07 23:45:00,1,4690.91,4703.87,0.1,128.9000000000004,1221.538995370782,TIME,strong_close,0.10552262391007379
2026-05-08 01:05:00,2026-05-08 15:20:00,1,4694.26,4707.94,0.07,95.26999999999569,1250.4330204865128,NEWS,friday,0.07618960667155804
2026-05-08 10:15:00,2026-05-08 15:20:00,1,4715.5599999999995,4707.94,0.1,-76.89999999999891,1191.1219242728691,NEWS,lw,-0.06456098106576554
2026-05-08 23:05:00,2026-05-08 23:55:00,1,4723.32,4715.39,0.46,-367.9999999999716,1247.6755207853003,TIME,fri_close,-0.2949484812913124
2026-05-11 07:30:00,2026-05-12 01:46:00,-1,4671.71,4749.37,0.16,-1238.1743999999976,1242.8799999999949,SL,nr7,-0.996213954685893
2026-05-12 12:45:00,2026-05-12 15:20:00,-1,4695.17,4704.959999999999,0.1,-98.59999999999056,1147.021965316913,NEWS,lw,-0.08596173655030935
2026-05-15 01:05:00,2026-05-15 23:00:00,1,4653.15,4545.82,0.07,-751.7999999999995,1147.4264506892562,TIME,friday,-0.6552053942528474
2026-05-15 23:05:00,2026-05-15 23:55:00,1,4540.25,4538.42,0.31,-58.89999999999775,1240.1879127595414,TIME,fri_close,-0.04749280281964642
2026-05-19 01:05:00,2026-05-19 23:45:00,1,4570.67,4483.38,0.11,-960.9599999999995,1230.3250397625497,TIME,strong_close,-0.7810618892918434
2026-05-20 18:45:00,2026-05-21 19:47:00,1,4537.17,4520.16,0.11,-214.1084000000024,1240.171822636654,TIME,lw,-0.17264414179706125
2026-05-21 01:05:00,2026-05-21 23:45:00,1,4544.79,4540.76,0.11,-45.0999999999972,1229.585978162607,TIME,strong_close,-0.03667901293685128
2026-05-22 01:05:00,2026-05-22 23:00:00,1,4545.14,4508.29,0.07,-258.44000000000256,1151.257798825947,TIME,friday,-0.2244849070847205
2026-05-22 23:05:00,2026-05-22 23:55:00,1,4506.509999999999,4507.02,0.43,18.920000000048496,1223.7679951913608,TIME,fri_close,0.015460446812134496
2026-05-25 10:15:00,2026-05-26 13:45:00,1,4561.04,4533.22,0.11,-315.53279999999677,1162.6608179055133,TIME,lw,-0.2713885211754331
2026-05-26 01:05:00,2026-05-26 23:45:00,1,4571.3,4508.77,0.12,-751.199999999997,1239.4917376185717,TIME,strong_close,-0.6060548668466909
2026-05-27 15:15:00,2026-05-27 23:45:00,-1,4430.34,4453.86,0.12,-283.0799999999943,1234.6908992172457,TIME,tday900,-0.22927195800945638
2026-05-27 18:15:00,2026-05-27 23:45:00,-1,4432.05,4453.86,0.12,-262.55999999999386,1234.6908992172457,TIME,tday,-0.21265241378749
2026-05-27 10:15:00,2026-05-28 11:17:00,-1,4480.28,4393.889999999999,0.12,1048.227600000004,1234.6908992172457,TIME,lw,0.8489797735324255
2026-05-28 10:15:00,2026-05-28 15:20:00,-1,4388.76,4388.5,0.11,2.090000000002401,1159.0321344527752,NEWS,lw,0.0018032286921787313
2026-05-29 01:05:00,2026-05-29 23:00:00,1,4497.58,4545.51,0.07,335.020000000002,1139.698937355869,TIME,friday,0.29395482352318153
2026-05-29 23:05:00,2026-05-29 23:55:00,1,4544.759999999999,4539.91,0.34,-167.27999999998147,1240.5602202293337,TIME,fri_close,-0.1348423053328742
2026-05-29 18:00:00,2026-05-29 23:57:00,1,4564.44,4541.17,0.11,-256.7399999999948,1194.2269819918629,EOD,lw,-0.21498425665427154
2026-06-01 01:10:00,2026-06-01 16:50:00,1,4526.05,4464.51,0.05,-308.04999999999984,1083.6279718113126,NEWS,tom,-0.28427653033456324
2026-06-01 18:15:00,2026-06-01 23:45:00,-1,4464.23,4482.8,0.11,-205.0400000000068,1192.3757689924437,TIME,tday,-0.17195921397603156
2026-06-02 10:15:00,2026-06-02 16:50:00,1,4540.25,4509.77,0.11,-336.0499999999952,1184.5124997786984,NEWS,lw,-0.28370321128969017
2026-06-03 08:45:00,2026-06-03 15:05:00,-1,4461.95,4463.929999999999,0.15,-30.74999999999345,1192.7999999999972,NEWS,inside,-0.025779678068405032
2026-06-03 10:30:00,2026-06-03 15:05:00,-1,4456.13,4463.929999999999,0.11,-86.56999999999199,1161.61446408022,NEWS,lw,-0.07452558716935326
2026-06-04 10:30:00,2026-06-05 11:32:00,1,4465.41,4466.2,0.11,-0.8228000000004005,1133.9562880744902,TIME,lw,-0.0007256011617498525
2026-06-05 01:05:00,2026-06-05 15:20:00,1,4474.1,4472.91,0.08,-10.080000000004075,1226.9515645429897,NEWS,friday,-0.008215483227945217
2026-06-05 18:15:00,2026-06-05 23:45:00,-1,4352.889999999999,4324.349999999999,0.12,341.6399999999996,1227.2315645429896,TIME,tday,0.2783826702886536
2026-06-05 16:00:00,2026-06-05 23:57:00,-1,4406.21,4328.2,0.12,935.2800000000025,1227.2315645429896,EOD,lw,0.7621055610220493
2026-06-09 18:15:00,2026-06-09 23:45:00,-1,4294.75,4261.61,0.11,363.7700000000036,1160.5606796281536,TIME,tday,0.3134433264760929
2026-06-09 17:45:00,2026-06-10 15:20:00,-1,4284.98,4136.66,0.11,1634.5350999999969,1160.5606796281536,NEWS,lw,1.4084012397556893
2026-06-10 10:15:00,2026-06-10 15:20:00,-1,4200.22,4136.66,0.11,698.3900000000044,1177.2842025118573,NEWS,lw,0.5932212447172206
2026-06-10 18:15:00,2026-06-10 23:45:00,-1,4123.23,4073.0400000000004,0.11,551.3199999999906,1177.2842025118573,TIME,tday,0.4682981380568027
2026-06-12 01:05:00,2026-06-12 23:00:00,1,4208.82,4210.7,0.07,12.670000000000766,1250.5153420024535,TIME,friday,0.010131822916872224
2026-06-12 23:05:00,2026-06-12 23:55:00,1,4211.15,4216.96,0.28,160.7200000000112,1222.8167666324607,TIME,fri_close,0.1314342462302191
2026-06-15 10:15:00,2026-06-16 11:17:00,1,4313.87,4340.77,0.1,260.3520000000055,1160.543159594007,TIME,lw,0.2243363358335458
2026-06-16 16:00:00,2026-06-17 15:20:00,1,4354.91,4323.61,0.1,-321.64800000000184,1185.254362480149,NEWS,lw,-0.2713746603108486
2026-06-17 17:30:00,2026-06-17 20:50:00,1,4360.55,4376.22,0.11,171.6000000000008,1249.1840988190095,NEWS,lw,0.13736966405690967
2026-06-19 01:05:00,2026-06-19 20:00:00,1,4205.3099999999995,4155.52,0.07,-349.01999999999344,1237.8855488656461,EOD,friday,-0.28194852126662506
2026-06-22 10:15:00,2026-06-23 11:17:00,1,4199.69,4095.18,0.1,-1053.7479999999978,1160.3382404934289,TIME,lw,-0.9081386471860963
2026-06-23 15:15:00,2026-06-23 23:45:00,-1,4113.92,4110.88,0.1,29.69999999999964,1137.7497947438985,TIME,tday900,0.026104157642748645
2026-06-24 15:15:00,2026-06-24 23:45:00,-1,4038.0699999999997,3999.0800000000004,0.11,428.1199999999926,1246.7672903455532,TIME,tday900,0.34338404874363937
2026-06-24 18:15:00,2026-06-24 23:45:00,-1,4001.79,3999.0800000000004,0.11,29.039999999995395,1246.7672903455532,TIME,tday,0.023292237633172657
2026-06-24 12:30:00,2026-06-25 13:32:00,-1,4069.2799999999997,3985.52,0.11,931.9452999999975,1246.7672903455532,TIME,lw,0.7474893728898679
2026-06-26 01:05:00,2026-06-26 23:00:00,1,4029.8,4071.62,0.07,292.249999999998,1195.207282800642,TIME,friday,0.24451825570807262
2026-06-26 23:05:00,2026-06-26 23:55:00,1,4071.6200000000003,4081.24,0.4,381.99999999997743,1230.4359975309453,TIME,fri_close,0.31045905741259017
2026-06-26 17:00:00,2026-06-26 23:57:00,1,4073.75,4087.94,0.11,155.3200000000006,1252.3785819816248,EOD,lw,0.12402000659755731
2026-06-29 01:05:00,2026-06-29 23:45:00,1,4076.1500000000005,4015.69,0.11,-665.8300000000054,1251.7008261257943,TIME,strong_close,-0.5319402097551147
2026-06-30 03:45:00,2026-06-30 16:50:00,-1,3991.7999999999997,4024.16,0.13,-421.5900000000017,1254.7599999999977,NEWS,inside,-0.3359925404061354
2026-06-30 17:30:00,2026-07-01 15:05:00,1,4054.32,4024.25,0.11,-340.28280000000177,1231.373624259666,NEWS,lw,-0.2763440707970245
2026-07-01 01:07:00,2026-07-01 15:05:00,1,4015.82,4024.25,0.05,41.79999999999918,562.8677634862228,NEWS,season,0.07426255812040711
2026-07-01 01:10:00,2026-07-01 15:05:00,1,4017.4200000000005,4024.25,0.05,33.79999999999736,1125.3855269724456,NEWS,tom,0.03003415202159867
2026-07-02 01:07:00,2026-07-02 15:20:00,1,4039.9600000000005,4061.87,0.05,109.199999999997,578.1807803800641,NEWS,season,0.18886826353552422
2026-07-03 01:05:00,2026-07-03 20:00:00,1,4125.92,4174.83,0.07,341.879999999999,1212.1525217411252,EOD,friday,0.2820437146877569
2026-07-03 01:07:00,2026-07-03 20:00:00,1,4125.19,4174.83,0.05,247.85000000000167,577.3321532100596,EOD,season,0.42930226321523207
2026-07-03 10:15:00,2026-07-03 20:00:00,1,4174.3099999999995,4174.83,0.1,4.500000000004365,1154.6643064201191,EOD,lw,0.0038972366037329136
2026-07-06 01:07:00,2026-07-06 16:50:00,1,4184.69,4146.61,0.05,-190.74999999999963,562.6227136950554,NEWS,season,-0.339037147553533
2026-07-06 18:15:00,2026-07-06 23:45:00,-1,4139.62,4163.28,0.11,-261.0299999999984,1237.7699701291217,TIME,tday,-0.21088732664338936
2026-07-07 01:07:00,2026-07-07 23:47:00,1,4166.13,4105.75,0.05,-302.25000000000057,549.05680557398,TIME,season,-0.5504894883946126
2026-07-08 01:07:00,2026-07-08 23:47:00,1,4103.19,4074.86,0.05,-141.99999999999736,541.3491766044102,TIME,season,-0.2623075939464549
2026-07-09 01:07:00,2026-07-09 23:47:00,1,4078.0000000000005,4123.18,0.05,225.5499999999992,542.7778068469523,TIME,season,0.4155475724223886
2026-07-09 16:30:00,2026-07-10 17:32:00,1,4126.3,4105.72,0.11,-235.89279999999917,1194.111175063295,TIME,lw,-0.19754676526454537
2026-07-10 01:05:00,2026-07-10 23:00:00,1,4125.3099999999995,4108.43,0.07,-118.64999999999439,1121.0817233515568,TIME,friday,-0.10583528170032193
2026-07-10 01:07:00,2026-07-10 23:47:00,1,4126.62,4112.33,0.05,-71.79999999999981,533.9651063578842,TIME,season,-0.1344657153530865
2026-07-10 23:05:00,2026-07-10 23:55:00,1,4113.83,4119.24,0.5,266.9999999999927,1244.4693402302316,TIME,fri_close,0.21454927925391612
2026-07-13 01:07:00,2026-07-13 23:47:00,1,4089.0900000000006,3999.54,0.06,-537.7200000000038,621.2354042273566,TIME,season,-0.8655656074025229
2026-07-14 01:07:00,2026-07-14 15:20:00,1,4003.3300000000004,4027.11,0.05,118.54999999999875,528.3750151759308,NEWS,season,0.22436715702866014
2026-07-15 01:07:00,2026-07-15 15:20:00,1,4052.7300000000005,4039.23,0.05,-67.85000000000227,533.4089426633643,NEWS,season,-0.1272007170731342
2026-07-16 01:07:00,2026-07-16 15:20:00,1,4063.4300000000003,4028.85,0.06,-207.90000000000228,621.751393253463,NEWS,season,-0.3343780203082711
2026-07-16 18:15:00,2026-07-16 23:45:00,-1,3992.77,3974.8300000000004,0.12,214.4399999999952,1243.502786506926,TIME,tday,0.1724483469814893
2026-07-17 01:05:00,2026-07-17 23:00:00,1,3978.9200000000005,4015.33,0.08,290.7199999999952,1237.7068731850031,TIME,friday,0.23488598657603202
2026-07-17 01:07:00,2026-07-17 23:47:00,1,3977.53,4016.19,0.06,231.5399999999991,618.9934365925016,TIME,season,0.37405889353949245
2026-07-17 23:05:00,2026-07-17 23:55:00,1,4014.1600000000003,4016.49,0.42,94.91999999997785,1241.1307901925761,TIME,fri_close,0.07647864411231783
2026-07-17 18:45:00,2026-07-17 23:57:00,1,4015.65,4018.34,0.12,31.440000000000655,1237.986873185003,EOD,lw,0.025396068957592496
2026-07-20 01:05:00,2026-07-20 23:45:00,1,3996.8600000000006,4008.76,0.12,141.9599999999956,1204.5535251003598,TIME,strong_close,0.11785279528210912
2026-07-20 01:07:00,2026-07-20 23:47:00,1,3999.9700000000003,4008.08,0.06,48.239999999998034,602.2767625501799,TIME,season,0.08009606712325851
2026-07-20 14:45:00,2026-07-21 15:47:00,1,4032.77,4054.23,0.12,247.14240000000046,1204.5535251003598,TIME,lw,0.2051734479623139
2026-07-21 01:07:00,2026-07-21 23:47:00,1,4006.9300000000003,4079.43,0.06,434.5799999999972,584.1484223680242,TIME,season,0.7439547610833123
2026-07-21 10:15:00,2026-07-22 11:17:00,1,4072.3900000000003,4114.29,0.12,492.42239999999566,1168.2968447360483,TIME,lw,0.42148740041427396
2026-07-22 01:05:00,2026-07-22 23:45:00,1,4078.8800000000006,4130.87,0.13,674.9599999999914,1256.5195640499533,TIME,strong_close,0.5371663277764597
2026-07-22 01:07:00,2026-07-22 23:47:00,1,4078.7900000000004,4129.22,0.06,302.159999999999,579.9321064845938,TIME,season,0.5210265074503615
2026-07-22 10:15:00,2026-07-23 11:17:00,1,4116.71,4092.06,0.13,-352.3572000000012,1256.5195640499533,TIME,lw,-0.28042317054284494
2026-07-23 01:07:00,2026-07-23 23:47:00,1,4123.14,4049.21,0.06,-444.00000000000176,576.7798131642654,TIME,season,-0.7697911575028575
2026-07-24 01:05:00,2026-07-24 23:00:00,1,4049.2400000000002,4053.67,0.08,34.87999999999869,1157.4025101622076,TIME,friday,0.030136447513933875
2026-07-24 01:07:00,2026-07-24 23:47:00,1,4049.4500000000003,4056.01,0.06,38.93999999999967,578.8412550811037,TIME,season,0.0672723301219151
2026-07-24 23:05:00,2026-07-24 23:55:00,1,4054.3500000000004,4053.26,0.52,-60.32000000000757,1261.8226669336034,TIME,fri_close,-0.04780386466395724
2026-07-27 01:07:00,2026-07-27 23:47:00,1,4090.3800000000006,4076.27,0.06,-85.0800000000035,563.2740225753105,TIME,season,-0.1510454886788751
2026-07-28 01:07:00,2026-07-28 23:47:00,1,4080.07,4030.39,0.06,-298.50000000000176,550.1387352485028,TIME,season,-0.5425904065183967
2026-07-29 01:07:00,2026-07-29 20:50:00,1,4026.82,4047.43,0.06,123.23999999999803,541.1088255878954,NEWS,season,0.22775455540962983
2026-07-30 01:07:00,2026-07-30 15:20:00,1,4067.9900000000002,4074.99,0.06,41.57999999999726,554.0967666173314,NEWS,season,0.07504104428155438
2026-07-31 01:05:00,2026-07-31 23:00:00,1,4103.41,4051.05,0.09,-471.86999999999705,1245.8150302540678,TIME,friday,-0.3787640930160919
2026-07-31 01:07:00,2026-07-31 23:47:00,1,4104.54,4051.48,0.06,-318.7799999999997,553.8355690018079,TIME,season,-0.5755860003259543
2026-07-31 23:05:00,2026-07-31 23:55:00,1,4048.9100000000003,4046.7,0.5,-114.00000000002456,1238.2803585203278,TIME,fri_close,-0.09206315776198522
2026-08-03 01:07:00,2026-08-03 16:50:00,1,4076.7400000000002,4029.76,0.06,-282.3000000000001,553.1815997873932,NEWS,season,-0.5103206616208814
2026-08-03 01:10:00,2026-08-03 16:50:00,1,4075.4200000000005,4029.76,0.06,-274.38000000000187,1105.9431995747864,NEWS,tom,-0.24809592400902292
2026-08-03 18:15:00,2026-08-03 23:45:00,-1,4033.2999999999997,4056.48,0.13,-302.2500000000038,1198.5601328726852,TIME,tday,-0.2521775851792909
2026-08-04 01:07:00,2026-08-04 16:50:00,1,4049.5900000000006,4092.63,0.06,257.81999999999704,541.2343426597222,NEWS,season,0.47635558145298673
2026-08-05 01:07:00,2026-08-05 15:05:00,1,4077.55,4194.8,0.07,820.2600000000001,618.2222045480327,NEWS,season,1.3268044951566766
2026-08-05 10:15:00,2026-08-05 15:05:00,1,4166.52,4194.8,0.14,394.9399999999964,1236.4444090960653,NEWS,lw,0.31941589698215994
2026-08-06 01:05:00,2026-08-06 23:45:00,1,4249.64,4235.31,0.13,-187.19999999999905,1253.9121690675258,TIME,strong_close,-0.14929275320711713
2026-08-06 01:07:00,2026-08-06 23:47:00,1,4246.5,4238.65,0.06,-47.52000000000218,578.7286934157811,TIME,season,-0.0821110142639186
2026-08-05 20:00:00,2026-08-07 15:20:00,1,4242.530000000001,4314.3,0.17,1164.8535999999922,1208.4179784193639,NEWS,trendH4,0.9639492467032352
2026-08-06 04:00:00,2026-08-07 15:20:00,1,4295.01,4314.3,0.17,313.2283999999994,1233.4257005234756,NEWS,trendH4,0.2539499540726797
2026-08-07 01:05:00,2026-08-07 15:20:00,1,4236.84,4314.3,0.08,619.1200000000003,1143.7418592007364,NEWS,friday,0.5413109566809512
2026-08-07 01:07:00,2026-08-07 15:20:00,1,4237.7300000000005,4314.3,0.06,458.9999999999982,572.0109296003682,NEWS,season,0.8024322198190786
2026-08-07 10:15:00,2026-08-07 15:20:00,1,4291.47,4314.3,0.13,295.87999999999903,1239.357014134131,NEWS,lw,0.2387366970337548
2026-08-07 12:00:00,2026-08-07 15:20:00,1,4306.33,4314.3,0.17,134.30000000000433,1254.1089502009395,NEWS,trendH4,0.1070879846431892
2026-08-07 23:05:00,2026-08-07 23:55:00,1,4343.84,4341.36,0.32,-81.60000000001513,1254.1921729891528,TIME,fri_close,-0.06506179974440078
2026-08-07 16:00:00,2026-08-07 23:57:00,1,4361.6900000000005,4341.35,0.16,-326.56000000000233,1233.6009437090759,EOD,trendH4,-0.2647209388622323
2026-08-10 01:07:00,2026-08-10 23:47:00,1,4336.52,4390.1,0.06,321.05999999999955,592.1215774860565,TIME,season,0.5422197268390544
2026-08-11 01:05:00,2026-08-11 23:45:00,1,4390.1,4367.53,0.13,-294.32000000000806,1267.3143642278994,TIME,strong_close,-0.23223914153243266
2026-08-11 01:07:00,2026-08-11 23:47:00,1,4390.84,4367.4,0.06,-141.06000000000304,584.9143219513381,TIME,season,-0.2411635255047465
2026-08-11 04:00:00,2026-08-12 15:20:00,1,4409.64,4408.33,0.17,-36.9716000000068,1237.2920524276042,NEWS,trendH4,-0.029881061571087775
2026-08-12 01:07:00,2026-08-12 15:20:00,1,4373.97,4408.33,0.06,205.73999999999805,576.7990132405284,NEWS,season,0.35669270452479657
2026-08-12 10:45:00,2026-08-12 15:20:00,1,4408.09,4408.33,0.13,2.2099999999971622,1249.7311953544786,NEWS,lw,0.0017683802790649788
2026-08-12 16:00:00,2026-08-13 11:10:00,1,4437.6,4364.950817326714,0.17,-1276.7609054458674,1235.3761054458578,SL,trendH4,-1.0334997575374614
2026-08-13 01:07:00,2026-08-13 15:20:00,1,4403.900000000001,4386.44,0.06,-105.18000000000568,569.3962265804907,NEWS,season,-0.18472198284780392
2026-08-14 01:05:00,2026-08-14 15:20:00,1,4353.320000000001,4372.23,0.08,150.71999999999156,1148.112992220911,NEWS,friday,0.13127627770193473
2026-08-14 01:07:00,2026-08-14 15:20:00,1,4356.660000000001,4372.23,0.06,92.9999999999928,574.1964961104555,NEWS,season,0.16196546065669967
2026-08-14 23:05:00,2026-08-14 23:55:00,1,4374.360000000001,4375.99,0.51,79.55999999995919,1254.5907005556592,TIME,fri_close,0.06341510419670894
2026-08-17 01:07:00,2026-08-17 23:47:00,1,4373.910000000001,4416.6,0.06,255.7199999999976,570.0781749597089,TIME,season,0.4485700579891012
2026-08-18 03:30:00,2026-08-18 17:59:00,1,4431.62,4367.4,0.19,-1221.5100000000048,1220.5600000000013,SL,nr7,-1.000778331257786
2026-08-17 17:30:00,2026-08-18 18:32:00,1,4418.43,4357.82,0.13,-799.1724000000075,1235.1693790793695,TIME,lw,-0.6470144204802655
2026-08-18 01:07:00,2026-08-18 23:47:00,1,4416.110000000001,4331.95,0.06,-505.3800000000046,555.7797338911582,TIME,season,-0.9093170714623003
2026-08-19 15:15:00,2026-08-19 23:45:00,1,4368.4800000000005,4519.44,0.13,1961.5699999999886,1217.5701789000689,TIME,tday900,1.6110529265524849
2026-08-19 18:15:00,2026-08-19 23:45:00,1,4485.650000000001,4519.44,0.13,438.3599999999877,1217.5701789000689,TIME,tday,0.3600285286191834
2026-08-19 01:07:00,2026-08-19 23:47:00,1,4342.96,4521.32,0.06,1069.739999999998,561.9554671846471,TIME,season,1.903602798562156
2026-08-19 15:45:00,2026-08-20 16:47:00,1,4417.75,4484.11,0.13,830.7727999999959,1217.5701789000689,TIME,lw,0.6823202591496624
2026-08-20 01:05:00,2026-08-20 23:45:00,1,4521.6,4518.17,0.12,-42.00000000000349,1214.7687247714875,TIME,strong_close,-0.034574482486700656
2026-08-20 01:07:00,2026-08-20 23:47:00,1,4523.410000000001,4518.82,0.06,-27.960000000006332,607.3843623857438,TIME,season,-0.04603345382515662
2026-08-21 01:05:00,2026-08-21 23:00:00,1,4520.04,4616.97,0.08,774.8800000000024,1205.136673002096,TIME,friday,0.6429810139871619
2026-08-21 15:15:00,2026-08-21 23:45:00,1,4593.070000000001,4607.91,0.12,177.23999999999083,1205.4166730020959,TIME,tday900,0.1470362937311741
2026-08-21 01:07:00,2026-08-21 23:47:00,1,4520.63,4607.8,0.06,522.6000000000005,602.7083365010479,TIME,season,0.867086065266482
2026-08-21 23:05:00,2026-08-21 23:55:00,1,4617.58,4604.92,0.38,-483.7399999999945,1270.3820025108796,TIME,fri_close,-0.38078310228253703
2026-08-19 20:00:00,2026-08-21 23:57:00,1,4493.530000000001,4603.34,0.16,1704.972799999992,1222.3253170902033,EOD,trendH4,1.3948600885227114
2026-08-21 10:15:00,2026-08-21 23:57:00,1,4561.77,4603.34,0.12,497.99999999999653,1205.4166730020959,EOD,lw,0.41313515164820575
2026-08-21 12:00:00,2026-08-21 23:57:00,1,4584.27,4603.34,0.16,303.99999999999534,1226.0087890272325,EOD,trendH4,0.2479590707022597
2026-08-24 15:15:00,2026-08-24 23:45:00,1,4657.58,4647.79,0.12,-118.31999999999957,1225.0783392162314,TIME,tday900,-0.09658157867332565
2026-08-24 18:15:00,2026-08-24 23:45:00,1,4673.17,4647.79,0.12,-305.4000000000013,1225.0783392162314,TIME,tday,-0.24929018024707475
2026-08-24 01:07:00,2026-08-24 23:47:00,1,4611.200000000001,4649.34,0.06,228.41999999999652,612.5391696081157,TIME,season,0.3729067647153615
2026-08-25 04:00:00,2026-08-25 16:47:00,1,4684.650000000001,4606.519295552306,0.16,-1251.2112711631098,1250.4112711630999,SL,trendH4,-1.0006397894984311
2026-08-24 16:15:00,2026-08-25 17:17:00,1,4677.39,4621.86,0.12,-676.7376000000078,1225.0783392162314,TIME,lw,-0.5524035307268303
2026-08-25 01:07:00,2026-08-25 23:47:00,1,4658.080000000001,4661.74,0.06,21.539999999993665,605.7635146361075,TIME,season,0.035558430772994164
2026-08-24 16:00:00,2026-08-26 15:20:00,1,4662.99,4628.97,0.16,-570.8735999999924,1251.8227976825751,NEWS,trendH4,-0.4560338740090184
2026-08-26 01:07:00,2026-08-26 15:20:00,1,4661.160000000001,4628.97,0.06,-193.56000000000304,601.6961207335282,NEWS,season,-0.32169062310728197
2026-08-27 01:07:00,2026-08-27 23:47:00,1,4604.910000000001,4603.05,0.06,-11.580000000003492,597.6106835382764,TIME,season,-0.019377163626730587
2026-08-28 01:07:00,2026-08-28 19:13:00,1,4602.52,4504.488346595267,0.06,-588.6099204284,588.3099204283999,SL,season,-1.000509935307196
2026-08-28 01:05:00,2026-08-28 21:17:00,1,4602.22,4455.1975198929,0.08,-1176.7398408567992,1176.3398408567996,SL,friday,-1.0003400377901919
2026-08-28 23:05:00,2026-08-28 23:55:00,1,4460.74,4454.44,0.2,-127.40000000000364,1219.3750898326632,TIME,fri_close,-0.10447974627518998
2026-08-31 01:07:00,2026-08-31 23:47:00,1,4453.96,4447.19,0.06,-41.040000000002614,626.0234975406569,TIME,season,-0.06555664469661107
2026-09-01 01:10:00,2026-09-01 16:50:00,1,4455.910000000001,4361.15,0.06,-568.9800000000067,1227.0722097183634,NEWS,tom,-0.46368909302460576
2026-09-02 17:15:00,2026-09-03 16:50:00,1,4388.06,4458.2,0.12,812.2271999999929,1258.6227661670514,NEWS,lw,0.6453301353141022
2026-09-03 01:05:00,2026-09-03 16:50:00,1,4391.570000000001,4458.2,0.12,798.7199999999904,1267.4897114408334,NEWS,strong_close,0.6301589612842192
2026-09-03 11:30:00,2026-09-03 16:50:00,1,4438.570000000001,4458.2,0.12,234.7199999999904,1267.4897114408334,NEWS,lw,0.1851849351370038
2026-09-03 15:15:00,2026-09-03 16:50:00,1,4444.1,4458.2,0.12,168.35999999999345,1267.4897114408334,NEWS,tday900,0.13282948057117425
2026-09-03 18:15:00,2026-09-03 23:45:00,1,4503.89,4472.42,0.12,-378.48000000000303,1267.4897114408334,TIME,tday,-0.29860597414219764
2026-09-04 01:05:00,2026-09-04 15:20:00,1,4476.7300000000005,4467.85,0.07,-62.65000000000077,1126.8953905456774,NEWS,friday,-0.05559522252519262
2026-09-04 23:05:00,2026-09-04 23:55:00,1,4432.95,4431.21,0.33,-59.7299999999928,1251.667383846679,TIME,fri_close,-0.04772034549340732
2026-09-08 05:00:00,2026-09-08 19:09:00,1,4437.33,4381.349999999999,0.22,-1233.1000000000104,1232.0000000000064,SL,inside,-1.0008928571428604
2026-09-09 15:15:00,2026-09-09 23:45:00,1,4399.41,4400.15,0.12,8.03999999999738,1250.4314360803216,TIME,tday900,0.006429780768468244
2026-09-09 10:15:00,2026-09-10 11:17:00,1,4406.780000000001,4405.8,0.12,-41.21280000000567,1250.4314360803216,TIME,lw,-0.03295886428542921
2026-09-11 01:05:00,2026-09-11 15:20:00,1,4322.580000000001,4331.26,0.08,68.87999999999505,1255.6664933549719,NEWS,friday,0.05485533010915738
2026-09-11 23:05:00,2026-09-11 23:55:00,1,4349.05,4348.49,0.34,-21.420000000013605,1258.1259456411447,TIME,fri_close,-0.017025322523730253
2026-09-11 16:00:00,2026-09-11 23:57:00,1,4388.900000000001,4348.18,0.12,-489.48000000000303,1255.9464933549716,EOD,lw,-0.3897299786175365
2026-09-14 12:30:00,2026-09-15 13:32:00,-1,4287.91,4274.4800000000005,0.12,164.44919999999257,1260.624600972474,TIME,lw,0.13045057178253763
2026-09-16 10:15:00,2026-09-16 15:20:00,1,4335.6900000000005,4342.35,0.12,79.07999999999825,1216.0454977772858,NEWS,lw,0.06503046156130045
2026-09-17 10:15:00,2026-09-18 11:17:00,1,4323.14,4391.31,0.12,807.6624000000007,1242.1479622217655,TIME,lw,0.6502143259611174
2026-09-18 01:05:00,2026-09-18 23:00:00,1,4343.2300000000005,4376.58,0.08,266.23999999999563,1259.2402506344968,TIME,friday,0.21142907389264642
2026-09-18 23:05:00,2026-09-18 23:55:00,1,4377.74,4378.31,0.41000000000000003,20.50000000002536,1249.2241526781772,TIME,fri_close,0.01641018543875891
2026-09-18 10:30:00,2026-09-18 23:57:00,1,4395.91,4378.29,0.12,-212.2799999999987,1259.5202506344965,EOD,lw,-0.1685403628032661
2026-09-21 10:45:00,2026-09-22 11:47:00,-1,4347.07,4316.86,0.12,365.8092000000005,1225.4916613034618,TIME,lw,0.2984999503064078
2026-09-22 10:30:00,2026-09-23 11:32:00,-1,4315.25,4317.63,0.12,-25.27080000000131,1189.9936854960717,TIME,lw,-0.02123607907168574
2026-09-23 10:30:00,2026-09-24 11:32:00,-1,4323.74,4272.5,0.12,626.4275999999974,1177.405565103495,TIME,lw,0.5320406311693743
2026-09-24 13:30:00,2026-09-25 14:32:00,-1,4245.61,4306.14,0.13,-783.3267000000085,1272.1825029910158,TIME,lw,-0.6157345334952625
2026-09-25 23:05:00,2026-09-25 23:55:00,1,4291.55,4285.14,0.38,-246.2399999999945,1248.5181979990077,TIME,fri_close,-0.19722579966767148
